<?xml version="1.0" encoding="UTF-8"?><TrainingCenterDatabase xmlns="http://www.garmin.com/xmlschemas/TrainingCenterDatabase/v2"><Activities><Activity Sport="Other"><Id>2025-07-20T10:10:29.201Z</Id><Lap StartTime="2025-07-20T10:10:29.201Z"><TotalTimeSeconds>2569.0</TotalTimeSeconds><DistanceMeters>2000.0</DistanceMeters><MaximumSpeed>1.092657380633884</MaximumSpeed><Calories>329</Calories><AverageHeartRateBpm><Value>120</Value></AverageHeartRateBpm><MaximumHeartRateBpm><Value>145</Value></MaximumHeartRateBpm><Intensity>Active</Intensity><Cadence>55</Cadence><TriggerMethod>Manual</TriggerMethod><Track><Trackpoint><Time>2025-07-20T10:10:30.201Z</Time><HeartRateBpm><Value>79</Value></HeartRateBpm><SensorState>Present</SensorState></Trackpoint><Trackpoint><Time>2025-07-20T10:10:31.201Z</Time><HeartRateBpm><Value>79</Value></HeartRateBpm><SensorState>Present</SensorState></Trackpoint><Trackpoint><Time>2025-07-20T10:10:32.201Z</Time><HeartRateBpm><Value>80</Value></HeartRateBpm><SensorState>Present</SensorState></Trackpoint><Trackpoint><Time>2025-07-20T10:10:33.201Z</Time><HeartRateBpm><Value>80</Value></HeartRateBpm><SensorState>Present</SensorState></Trackpoint><Trackpoint><Time>2025-07-20T10:10:34.201Z</Time><HeartRateBpm><Value>80</Value></HeartRateBpm><SensorState>Present</SensorState></Trackpoint><Trackpoint><Time>2025-07-20T10:10:35.201Z</Time><HeartRateBpm><Value>79</Value></HeartRateBpm><SensorState>Present</SensorState></Trackpoint><Trackpoint><Time>2025-07-20T10:10:36.201Z</Time><HeartRateBpm><Value>78</Value></HeartRateBpm><SensorState>Present</SensorState></Trackpoint><Trackpoint><Time>2025-07-20T10:10:37.201Z</Time><HeartRateBpm><Value>78</Value></HeartRateBpm><SensorState>Present</SensorState></Trackpoint><Trackpoint><Time>2025-07-20T10:10:38.201Z</Time><HeartRateBpm><Value>79</Value></HeartRateBpm><SensorState>Present</SensorState></Trackpoint><Trackpoint><Time>2025-07-20T10:10:39.201Z</Time><HeartRateBpm><Value>79</Value></HeartRateBpm><SensorState>Present</SensorState></Trackpoint><Trackpoint><Time>2025-07-20T10:10:40.201Z</Time><HeartRateBpm><Value>80</Value></HeartRateBpm><SensorState>Present</SensorState></Trackpoint><Trackpoint><Time>2025-07-20T10:10:41.201Z</Time><HeartRateBpm><Value>80</Value></HeartRateBpm><SensorState>Present</SensorState></Trackpoint><Trackpoint><Time>2025-07-20T10:10:42.201Z</Time><HeartRateBpm><Value>80</Value></HeartRateBpm><SensorState>Present</SensorState></Trackpoint><Trackpoint><Time>2025-07-20T10:10:43.201Z</Time><HeartRateBpm><Value>81</Value></HeartRateBpm><SensorState>Present</SensorState></Trackpoint><Trackpoint><Time>2025-07-20T10:10:44.201Z</Time><HeartRateBpm><Value>81</Value></HeartRateBpm><SensorState>Present</SensorState></Trackpoint><Trackpoint><Time>2025-07-20T10:10:45.201Z</Time><DistanceMeters>1.092657380633884</DistanceMeters><HeartRateBpm><Value>81</Value></HeartRateBpm><SensorState>Present</SensorState></Trackpoint><Trackpoint><Time>2025-07-20T10:10:46.201Z</Time><DistanceMeters>2.185314761267768</DistanceMeters><HeartRateBpm><Value>82</Value></HeartRateBpm><SensorState>Present</SensorState></Trackpoint><Trackpoint><Time>2025-07-20T10:10:47.201Z</Time><DistanceMeters>3.277972141901652</DistanceMeters><HeartRateBpm><Value>82</Value></HeartRateBpm><SensorState>Present</SensorState></Trackpoint><Trackpoint><Time>2025-07-20T10:10:48.201Z</Time><DistanceMeters>4.370629522535536</DistanceMeters><HeartRateBpm><Value>83</Value></HeartRateBpm><SensorState>Present</SensorState></Trackpoint><Trackpoint><Time>2025-07-20T10:10:49.201Z</Time><DistanceMeters>5.46328690316942</DistanceMeters><HeartRateBpm><Value>83</Value></HeartRateBpm><SensorState>Present</SensorState></Trackpoint><Trackpoint><Time>2025-07-20T10:10:50.201Z</Time><DistanceMeters>6.555944283803305</DistanceMeters><HeartRateBpm><Value>83</Value></HeartRateBpm><SensorState>Present</SensorState></Trackpoint><Trackpoint><Time>2025-07-20T10:10:51.201Z</Time><DistanceMeters>7.648601664437189</DistanceMeters><HeartRateBpm><Value>84</Value></HeartRateBpm><SensorState>Present</SensorState></Trackpoint><Trackpoint><Time>2025-07-20T10:10:52.201Z</Time><DistanceMeters>8.741259045071073</DistanceMeters><HeartRateBpm><Value>84</Value></HeartRateBpm><SensorState>Present</SensorState></Trackpoint><Trackpoint><Time>2025-07-20T10:10:53.201Z</Time><DistanceMeters>9.833916425704958</DistanceMeters><HeartRateBpm><Value>85</Value></HeartRateBpm><SensorState>Present</SensorState></Trackpoint><Trackpoint><Time>2025-07-20T10:10:54.201Z</Time><DistanceMeters>10.926573806338842</DistanceMeters><HeartRateBpm><Value>86</Value></HeartRateBpm><SensorState>Present</SensorState></Trackpoint><Trackpoint><Time>2025-07-20T10:10:55.201Z</Time><DistanceMeters>25.0</DistanceMeters><HeartRateBpm><Value>87</Value></HeartRateBpm><SensorState>Present</SensorState></Trackpoint><Trackpoint><Time>2025-07-20T10:10:56.201Z</Time><DistanceMeters>25.0</DistanceMeters><HeartRateBpm><Value>88</Value></HeartRateBpm><SensorState>Present</SensorState></Trackpoint><Trackpoint><Time>2025-07-20T10:10:57.201Z</Time><DistanceMeters>25.0</DistanceMeters><HeartRateBpm><Value>90</Value></HeartRateBpm><SensorState>Present</SensorState></Trackpoint><Trackpoint><Time>2025-07-20T10:10:58.201Z</Time><DistanceMeters>25.0</DistanceMeters><HeartRateBpm><Value>91</Value></HeartRateBpm><SensorState>Present</SensorState></Trackpoint><Trackpoint><Time>2025-07-20T10:10:59.201Z</Time><DistanceMeters>25.0</DistanceMeters><HeartRateBpm><Value>91</Value></HeartRateBpm><SensorState>Present</SensorState></Trackpoint><Trackpoint><Time>2025-07-20T10:11:00.201Z</Time><DistanceMeters>25.0</DistanceMeters><HeartRateBpm><Value>91</Value></HeartRateBpm><SensorState>Present</SensorState></Trackpoint><Trackpoint><Time>2025-07-20T10:11:01.201Z</Time><DistanceMeters>25.0</DistanceMeters><HeartRateBpm><Value>93</Value></HeartRateBpm><SensorState>Present</SensorState></Trackpoint><Trackpoint><Time>2025-07-20T10:11:02.201Z</Time><DistanceMeters>25.0</DistanceMeters><HeartRateBpm><Value>94</Value></HeartRateBpm><SensorState>Present</SensorState></Trackpoint><Trackpoint><Time>2025-07-20T10:11:03.201Z</Time><DistanceMeters>25.0</DistanceMeters><HeartRateBpm><Value>95</Value></HeartRateBpm><SensorState>Present</SensorState></Trackpoint><Trackpoint><Time>2025-07-20T10:11:04.201Z</Time><DistanceMeters>25.0</DistanceMeters><HeartRateBpm><Value>95</Value></HeartRateBpm><SensorState>Present</SensorState></Trackpoint><Trackpoint><Time>2025-07-20T10:11:05.201Z</Time><DistanceMeters>25.0</DistanceMeters><HeartRateBpm><Value>95</Value></HeartRateBpm><SensorState>Present</SensorState></Trackpoint><Trackpoint><Time>2025-07-20T10:11:06.201Z</Time><DistanceMeters>25.0</DistanceMeters><HeartRateBpm><Value>96</Value></HeartRateBpm><SensorState>Present</SensorState></Trackpoint><Trackpoint><Time>2025-07-20T10:11:07.201Z</Time><DistanceMeters>25.0</DistanceMeters><HeartRateBpm><Value>97</Value></HeartRateBpm><SensorState>Present</SensorState></Trackpoint><Trackpoint><Time>2025-07-20T10:11:08.201Z</Time><DistanceMeters>25.0</DistanceMeters><HeartRateBpm><Value>98</Value></HeartRateBpm><SensorState>Present</SensorState></Trackpoint><Trackpoint><Time>2025-07-20T10:11:09.201Z</Time><DistanceMeters>25.0</DistanceMeters><HeartRateBpm><Value>99</Value></HeartRateBpm><SensorState>Present</SensorState></Trackpoint><Trackpoint><Time>2025-07-20T10:11:10.201Z</Time><DistanceMeters>25.0</DistanceMeters><HeartRateBpm><Value>100</Value></HeartRateBpm><SensorState>Present</SensorState></Trackpoint><Trackpoint><Time>2025-07-20T10:11:11.201Z</Time><DistanceMeters>25.0</DistanceMeters><HeartRateBpm><Value>101</Value></HeartRateBpm><SensorState>Present</SensorState></Trackpoint><Trackpoint><Time>2025-07-20T10:11:12.201Z</Time><DistanceMeters>25.0</DistanceMeters><HeartRateBpm><Value>102</Value></HeartRateBpm><SensorState>Present</SensorState></Trackpoint><Trackpoint><Time>2025-07-20T10:11:13.201Z</Time><DistanceMeters>25.0</DistanceMeters><HeartRateBpm><Value>103</Value></HeartRateBpm><SensorState>Present</SensorState></Trackpoint><Trackpoint><Time>2025-07-20T10:11:14.201Z</Time><DistanceMeters>25.0</DistanceMeters><HeartRateBpm><Value>103</Value></HeartRateBpm><SensorState>Present</SensorState></Trackpoint><Trackpoint><Time>2025-07-20T10:11:15.201Z</Time><DistanceMeters>26.092657380633884</DistanceMeters><HeartRateBpm><Value>104</Value></HeartRateBpm><SensorState>Present</SensorState></Trackpoint><Trackpoint><Time>2025-07-20T10:11:16.201Z</Time><DistanceMeters>27.18531476126777</DistanceMeters><HeartRateBpm><Value>104</Value></HeartRateBpm><SensorState>Present</SensorState></Trackpoint><Trackpoint><Time>2025-07-20T10:11:17.201Z</Time><DistanceMeters>28.277972141901653</DistanceMeters><HeartRateBpm><Value>105</Value></HeartRateBpm><SensorState>Present</SensorState></Trackpoint><Trackpoint><Time>2025-07-20T10:11:18.201Z</Time><DistanceMeters>29.370629522535538</DistanceMeters><HeartRateBpm><Value>106</Value></HeartRateBpm><SensorState>Present</SensorState></Trackpoint><Trackpoint><Time>2025-07-20T10:11:19.201Z</Time><DistanceMeters>30.463286903169422</DistanceMeters><HeartRateBpm><Value>107</Value></HeartRateBpm><SensorState>Present</SensorState></Trackpoint><Trackpoint><Time>2025-07-20T10:11:20.201Z</Time><DistanceMeters>31.555944283803306</DistanceMeters><HeartRateBpm><Value>107</Value></HeartRateBpm><SensorState>Present</SensorState></Trackpoint><Trackpoint><Time>2025-07-20T10:11:21.201Z</Time><DistanceMeters>32.64860166443719</DistanceMeters><HeartRateBpm><Value>108</Value></HeartRateBpm><SensorState>Present</SensorState></Trackpoint><Trackpoint><Time>2025-07-20T10:11:22.201Z</Time><DistanceMeters>33.74125904507107</DistanceMeters><HeartRateBpm><Value>109</Value></HeartRateBpm><SensorState>Present</SensorState></Trackpoint><Trackpoint><Time>2025-07-20T10:11:23.201Z</Time><DistanceMeters>34.83391642570495</DistanceMeters><HeartRateBpm><Value>110</Value></HeartRateBpm><SensorState>Present</SensorState></Trackpoint><Trackpoint><Time>2025-07-20T10:11:24.201Z</Time><DistanceMeters>35.92657380633883</DistanceMeters><HeartRateBpm><Value>111</Value></HeartRateBpm><SensorState>Present</SensorState></Trackpoint><Trackpoint><Time>2025-07-20T10:11:25.201Z</Time><DistanceMeters>50.0</DistanceMeters><HeartRateBpm><Value>111</Value></HeartRateBpm><SensorState>Present</SensorState></Trackpoint><Trackpoint><Time>2025-07-20T10:11:26.201Z</Time><DistanceMeters>50.0</DistanceMeters><HeartRateBpm><Value>112</Value></HeartRateBpm><SensorState>Present</SensorState></Trackpoint><Trackpoint><Time>2025-07-20T10:11:27.201Z</Time><DistanceMeters>50.0</DistanceMeters><HeartRateBpm><Value>112</Value></HeartRateBpm><SensorState>Present</SensorState></Trackpoint><Trackpoint><Time>2025-07-20T10:11:28.201Z</Time><DistanceMeters>50.0</DistanceMeters><HeartRateBpm><Value>112</Value></HeartRateBpm><SensorState>Present</SensorState></Trackpoint><Trackpoint><Time>2025-07-20T10:11:29.201Z</Time><DistanceMeters>50.0</DistanceMeters><HeartRateBpm><Value>112</Value></HeartRateBpm><SensorState>Present</SensorState></Trackpoint><Trackpoint><Time>2025-07-20T10:11:30.201Z</Time><DistanceMeters>50.0</DistanceMeters><HeartRateBpm><Value>113</Value></HeartRateBpm><SensorState>Present</SensorState></Trackpoint><Trackpoint><Time>2025-07-20T10:11:31.201Z</Time><DistanceMeters>50.0</DistanceMeters><HeartRateBpm><Value>113</Value></HeartRateBpm><SensorState>Present</SensorState></Trackpoint><Trackpoint><Time>2025-07-20T10:11:32.201Z</Time><DistanceMeters>50.0</DistanceMeters><HeartRateBpm><Value>114</Value></HeartRateBpm><SensorState>Present</SensorState></Trackpoint><Trackpoint><Time>2025-07-20T10:11:33.201Z</Time><DistanceMeters>50.0</DistanceMeters><HeartRateBpm><Value>115</Value></HeartRateBpm><SensorState>Present</SensorState></Trackpoint><Trackpoint><Time>2025-07-20T10:11:34.201Z</Time><DistanceMeters>50.0</DistanceMeters><HeartRateBpm><Value>116</Value></HeartRateBpm><SensorState>Present</SensorState></Trackpoint><Trackpoint><Time>2025-07-20T10:11:35.201Z</Time><DistanceMeters>50.0</DistanceMeters><HeartRateBpm><Value>116</Value></HeartRateBpm><SensorState>Present</SensorState></Trackpoint><Trackpoint><Time>2025-07-20T10:11:36.201Z</Time><DistanceMeters>50.0</DistanceMeters><HeartRateBpm><Value>117</Value></HeartRateBpm><SensorState>Present</SensorState></Trackpoint><Trackpoint><Time>2025-07-20T10:11:37.201Z</Time><DistanceMeters>50.0</DistanceMeters><HeartRateBpm><Value>116</Value></HeartRateBpm><SensorState>Present</SensorState></Trackpoint><Trackpoint><Time>2025-07-20T10:11:38.201Z</Time><DistanceMeters>50.0</DistanceMeters><HeartRateBpm><Value>116</Value></HeartRateBpm><SensorState>Present</SensorState></Trackpoint><Trackpoint><Time>2025-07-20T10:11:39.201Z</Time><DistanceMeters>50.0</DistanceMeters><HeartRateBpm><Value>116</Value></HeartRateBpm><SensorState>Present</SensorState></Trackpoint><Trackpoint><Time>2025-07-20T10:11:40.201Z</Time><DistanceMeters>50.0</DistanceMeters><HeartRateBpm><Value>116</Value></HeartRateBpm><SensorState>Present</SensorState></Trackpoint><Trackpoint><Time>2025-07-20T10:11:41.201Z</Time><DistanceMeters>50.0</DistanceMeters><HeartRateBpm><Value>116</Value></HeartRateBpm><SensorState>Present</SensorState></Trackpoint><Trackpoint><Time>2025-07-20T10:11:42.201Z</Time><DistanceMeters>50.0</DistanceMeters><HeartRateBpm><Value>116</Value></HeartRateBpm><SensorState>Present</SensorState></Trackpoint><Trackpoint><Time>2025-07-20T10:11:43.201Z</Time><DistanceMeters>50.0</DistanceMeters><HeartRateBpm><Value>116</Value></HeartRateBpm><SensorState>Present</SensorState></Trackpoint><Trackpoint><Time>2025-07-20T10:11:44.201Z</Time><DistanceMeters>50.0</DistanceMeters><HeartRateBpm><Value>115</Value></HeartRateBpm><SensorState>Present</SensorState></Trackpoint><Trackpoint><Time>2025-07-20T10:11:45.201Z</Time><DistanceMeters>50.0</DistanceMeters><HeartRateBpm><Value>115</Value></HeartRateBpm><SensorState>Present</SensorState></Trackpoint><Trackpoint><Time>2025-07-20T10:11:46.201Z</Time><DistanceMeters>51.09265738063388</DistanceMeters><HeartRateBpm><Value>115</Value></HeartRateBpm><SensorState>Present</SensorState></Trackpoint><Trackpoint><Time>2025-07-20T10:11:47.201Z</Time><DistanceMeters>52.18531476126776</DistanceMeters><HeartRateBpm><Value>115</Value></HeartRateBpm><SensorState>Present</SensorState></Trackpoint><Trackpoint><Time>2025-07-20T10:11:48.201Z</Time><DistanceMeters>53.27797214190164</DistanceMeters><HeartRateBpm><Value>115</Value></HeartRateBpm><SensorState>Present</SensorState></Trackpoint><Trackpoint><Time>2025-07-20T10:11:49.201Z</Time><DistanceMeters>54.37062952253552</DistanceMeters><HeartRateBpm><Value>115</Value></HeartRateBpm><SensorState>Present</SensorState></Trackpoint><Trackpoint><Time>2025-07-20T10:11:50.201Z</Time><DistanceMeters>55.463286903169404</DistanceMeters><HeartRateBpm><Value>116</Value></HeartRateBpm><SensorState>Present</SensorState></Trackpoint><Trackpoint><Time>2025-07-20T10:11:51.201Z</Time><DistanceMeters>56.555944283803285</DistanceMeters><HeartRateBpm><Value>116</Value></HeartRateBpm><SensorState>Present</SensorState></Trackpoint><Trackpoint><Time>2025-07-20T10:11:52.201Z</Time><DistanceMeters>57.648601664437166</DistanceMeters><HeartRateBpm><Value>116</Value></HeartRateBpm><SensorState>Present</SensorState></Trackpoint><Trackpoint><Time>2025-07-20T10:11:53.201Z</Time><DistanceMeters>58.74125904507105</DistanceMeters><HeartRateBpm><Value>116</Value></HeartRateBpm><SensorState>Present</SensorState></Trackpoint><Trackpoint><Time>2025-07-20T10:11:54.201Z</Time><DistanceMeters>59.83391642570493</DistanceMeters><HeartRateBpm><Value>116</Value></HeartRateBpm><SensorState>Present</SensorState></Trackpoint><Trackpoint><Time>2025-07-20T10:11:55.201Z</Time><DistanceMeters>60.92657380633881</DistanceMeters><HeartRateBpm><Value>116</Value></HeartRateBpm><SensorState>Present</SensorState></Trackpoint><Trackpoint><Time>2025-07-20T10:11:56.201Z</Time><DistanceMeters>75.0</DistanceMeters><HeartRateBpm><Value>116</Value></HeartRateBpm><SensorState>Present</SensorState></Trackpoint><Trackpoint><Time>2025-07-20T10:11:57.201Z</Time><DistanceMeters>75.0</DistanceMeters><HeartRateBpm><Value>116</Value></HeartRateBpm><SensorState>Present</SensorState></Trackpoint><Trackpoint><Time>2025-07-20T10:11:58.201Z</Time><DistanceMeters>75.0</DistanceMeters><HeartRateBpm><Value>116</Value></HeartRateBpm><SensorState>Present</SensorState></Trackpoint><Trackpoint><Time>2025-07-20T10:11:59.201Z</Time><DistanceMeters>75.0</DistanceMeters><HeartRateBpm><Value>116</Value></HeartRateBpm><SensorState>Present</SensorState></Trackpoint><Trackpoint><Time>2025-07-20T10:12:00.201Z</Time><DistanceMeters>75.0</DistanceMeters><HeartRateBpm><Value>116</Value></HeartRateBpm><SensorState>Present</SensorState></Trackpoint><Trackpoint><Time>2025-07-20T10:12:01.201Z</Time><DistanceMeters>75.0</DistanceMeters><HeartRateBpm><Value>116</Value></HeartRateBpm><SensorState>Present</SensorState></Trackpoint><Trackpoint><Time>2025-07-20T10:12:02.201Z</Time><DistanceMeters>75.0</DistanceMeters><HeartRateBpm><Value>116</Value></HeartRateBpm><SensorState>Present</SensorState></Trackpoint><Trackpoint><Time>2025-07-20T10:12:03.201Z</Time><DistanceMeters>75.0</DistanceMeters><HeartRateBpm><Value>115</Value></HeartRateBpm><SensorState>Present</SensorState></Trackpoint><Trackpoint><Time>2025-07-20T10:12:04.201Z</Time><DistanceMeters>75.0</DistanceMeters><HeartRateBpm><Value>115</Value></HeartRateBpm><SensorState>Present</SensorState></Trackpoint><Trackpoint><Time>2025-07-20T10:12:05.201Z</Time><DistanceMeters>75.0</DistanceMeters><HeartRateBpm><Value>115</Value></HeartRateBpm><SensorState>Present</SensorState></Trackpoint><Trackpoint><Time>2025-07-20T10:12:06.201Z</Time><DistanceMeters>75.0</DistanceMeters><HeartRateBpm><Value>115</Value></HeartRateBpm><SensorState>Present</SensorState></Trackpoint><Trackpoint><Time>2025-07-20T10:12:07.201Z</Time><DistanceMeters>75.0</DistanceMeters><HeartRateBpm><Value>115</Value></HeartRateBpm><SensorState>Present</SensorState></Trackpoint><Trackpoint><Time>2025-07-20T10:12:08.201Z</Time><DistanceMeters>75.0</DistanceMeters><HeartRateBpm><Value>114</Value></HeartRateBpm><SensorState>Present</SensorState></Trackpoint><Trackpoint><Time>2025-07-20T10:12:09.201Z</Time><DistanceMeters>75.0</DistanceMeters><HeartRateBpm><Value>114</Value></HeartRateBpm><SensorState>Present</SensorState></Trackpoint><Trackpoint><Time>2025-07-20T10:12:10.201Z</Time><DistanceMeters>75.0</DistanceMeters><HeartRateBpm><Value>114</Value></HeartRateBpm><SensorState>Present</SensorState></Trackpoint><Trackpoint><Time>2025-07-20T10:12:11.201Z</Time><DistanceMeters>75.0</DistanceMeters><HeartRateBpm><Value>114</Value></HeartRateBpm><SensorState>Present</SensorState></Trackpoint><Trackpoint><Time>2025-07-20T10:12:12.201Z</Time><DistanceMeters>75.0</DistanceMeters><HeartRateBpm><Value>114</Value></HeartRateBpm><SensorState>Present</SensorState></Trackpoint><Trackpoint><Time>2025-07-20T10:12:13.201Z</Time><DistanceMeters>76.09265738063388</DistanceMeters><HeartRateBpm><Value>113</Value></HeartRateBpm><SensorState>Present</SensorState></Trackpoint><Trackpoint><Time>2025-07-20T10:12:14.201Z</Time><DistanceMeters>77.18531476126776</DistanceMeters><HeartRateBpm><Value>113</Value></HeartRateBpm><SensorState>Present</SensorState></Trackpoint><Trackpoint><Time>2025-07-20T10:12:15.201Z</Time><DistanceMeters>78.27797214190164</DistanceMeters><HeartRateBpm><Value>113</Value></HeartRateBpm><SensorState>Present</SensorState></Trackpoint><Trackpoint><Time>2025-07-20T10:12:16.201Z</Time><DistanceMeters>79.37062952253552</DistanceMeters><HeartRateBpm><Value>113</Value></HeartRateBpm><SensorState>Present</SensorState></Trackpoint><Trackpoint><Time>2025-07-20T10:12:17.201Z</Time><DistanceMeters>80.4632869031694</DistanceMeters><HeartRateBpm><Value>113</Value></HeartRateBpm><SensorState>Present</SensorState></Trackpoint><Trackpoint><Time>2025-07-20T10:12:18.201Z</Time><DistanceMeters>81.55594428380329</DistanceMeters><HeartRateBpm><Value>113</Value></HeartRateBpm><SensorState>Present</SensorState></Trackpoint><Trackpoint><Time>2025-07-20T10:12:19.201Z</Time><DistanceMeters>82.64860166443717</DistanceMeters><HeartRateBpm><Value>113</Value></HeartRateBpm><SensorState>Present</SensorState></Trackpoint><Trackpoint><Time>2025-07-20T10:12:20.201Z</Time><DistanceMeters>83.74125904507105</DistanceMeters><HeartRateBpm><Value>112</Value></HeartRateBpm><SensorState>Present</SensorState></Trackpoint><Trackpoint><Time>2025-07-20T10:12:21.201Z</Time><DistanceMeters>84.83391642570493</DistanceMeters><HeartRateBpm><Value>111</Value></HeartRateBpm><SensorState>Present</SensorState></Trackpoint><Trackpoint><Time>2025-07-20T10:12:22.201Z</Time><DistanceMeters>85.92657380633881</DistanceMeters><HeartRateBpm><Value>111</Value></HeartRateBpm><SensorState>Present</SensorState></Trackpoint><Trackpoint><Time>2025-07-20T10:12:23.201Z</Time><DistanceMeters>100.0</DistanceMeters><HeartRateBpm><Value>111</Value></HeartRateBpm><SensorState>Present</SensorState></Trackpoint><Trackpoint><Time>2025-07-20T10:12:24.201Z</Time><DistanceMeters>100.0</DistanceMeters><HeartRateBpm><Value>111</Value></HeartRateBpm><SensorState>Present</SensorState></Trackpoint><Trackpoint><Time>2025-07-20T10:12:25.201Z</Time><DistanceMeters>100.0</DistanceMeters><HeartRateBpm><Value>111</Value></HeartRateBpm><SensorState>Present</SensorState></Trackpoint><Trackpoint><Time>2025-07-20T10:12:26.201Z</Time><DistanceMeters>100.0</DistanceMeters><HeartRateBpm><Value>111</Value></HeartRateBpm><SensorState>Present</SensorState></Trackpoint><Trackpoint><Time>2025-07-20T10:12:27.201Z</Time><DistanceMeters>100.0</DistanceMeters><HeartRateBpm><Value>111</Value></HeartRateBpm><SensorState>Present</SensorState></Trackpoint><Trackpoint><Time>2025-07-20T10:12:28.201Z</Time><DistanceMeters>100.0</DistanceMeters><HeartRateBpm><Value>112</Value></HeartRateBpm><SensorState>Present</SensorState></Trackpoint><Trackpoint><Time>2025-07-20T10:12:29.201Z</Time><DistanceMeters>100.0</DistanceMeters><HeartRateBpm><Value>113</Value></HeartRateBpm><SensorState>Present</SensorState></Trackpoint><Trackpoint><Time>2025-07-20T10:12:30.201Z</Time><DistanceMeters>100.0</DistanceMeters><HeartRateBpm><Value>115</Value></HeartRateBpm><SensorState>Present</SensorState></Trackpoint><Trackpoint><Time>2025-07-20T10:12:31.201Z</Time><DistanceMeters>100.0</DistanceMeters><HeartRateBpm><Value>117</Value></HeartRateBpm><SensorState>Present</SensorState></Trackpoint><Trackpoint><Time>2025-07-20T10:12:32.201Z</Time><DistanceMeters>100.0</DistanceMeters><HeartRateBpm><Value>118</Value></HeartRateBpm><SensorState>Present</SensorState></Trackpoint><Trackpoint><Time>2025-07-20T10:12:33.201Z</Time><DistanceMeters>100.0</DistanceMeters><HeartRateBpm><Value>119</Value></HeartRateBpm><SensorState>Present</SensorState></Trackpoint><Trackpoint><Time>2025-07-20T10:12:34.201Z</Time><DistanceMeters>100.0</DistanceMeters><HeartRateBpm><Value>120</Value></HeartRateBpm><SensorState>Present</SensorState></Trackpoint><Trackpoint><Time>2025-07-20T10:12:35.201Z</Time><DistanceMeters>100.0</DistanceMeters><HeartRateBpm><Value>121</Value></HeartRateBpm><SensorState>Present</SensorState></Trackpoint><Trackpoint><Time>2025-07-20T10:12:36.201Z</Time><DistanceMeters>100.0</DistanceMeters><HeartRateBpm><Value>120</Value></HeartRateBpm><SensorState>Present</SensorState></Trackpoint><Trackpoint><Time>2025-07-20T10:12:37.201Z</Time><DistanceMeters>100.0</DistanceMeters><HeartRateBpm><Value>120</Value></HeartRateBpm><SensorState>Present</SensorState></Trackpoint><Trackpoint><Time>2025-07-20T10:12:38.201Z</Time><DistanceMeters>100.0</DistanceMeters><HeartRateBpm><Value>121</Value></HeartRateBpm><SensorState>Present</SensorState></Trackpoint><Trackpoint><Time>2025-07-20T10:12:39.201Z</Time><DistanceMeters>100.0</DistanceMeters><HeartRateBpm><Value>120</Value></HeartRateBpm><SensorState>Present</SensorState></Trackpoint><Trackpoint><Time>2025-07-20T10:12:40.201Z</Time><DistanceMeters>100.0</DistanceMeters><HeartRateBpm><Value>119</Value></HeartRateBpm><SensorState>Present</SensorState></Trackpoint><Trackpoint><Time>2025-07-20T10:12:41.201Z</Time><DistanceMeters>100.0</DistanceMeters><HeartRateBpm><Value>118</Value></HeartRateBpm><SensorState>Present</SensorState></Trackpoint><Trackpoint><Time>2025-07-20T10:12:42.201Z</Time><DistanceMeters>100.0</DistanceMeters><HeartRateBpm><Value>117</Value></HeartRateBpm><SensorState>Present</SensorState></Trackpoint><Trackpoint><Time>2025-07-20T10:12:43.201Z</Time><DistanceMeters>101.09265738063388</DistanceMeters><HeartRateBpm><Value>116</Value></HeartRateBpm><SensorState>Present</SensorState></Trackpoint><Trackpoint><Time>2025-07-20T10:12:44.201Z</Time><DistanceMeters>102.18531476126776</DistanceMeters><HeartRateBpm><Value>115</Value></HeartRateBpm><SensorState>Present</SensorState></Trackpoint><Trackpoint><Time>2025-07-20T10:12:45.201Z</Time><DistanceMeters>103.27797214190164</DistanceMeters><HeartRateBpm><Value>115</Value></HeartRateBpm><SensorState>Present</SensorState></Trackpoint><Trackpoint><Time>2025-07-20T10:12:46.201Z</Time><DistanceMeters>104.37062952253552</DistanceMeters><HeartRateBpm><Value>115</Value></HeartRateBpm><SensorState>Present</SensorState></Trackpoint><Trackpoint><Time>2025-07-20T10:12:47.201Z</Time><DistanceMeters>105.4632869031694</DistanceMeters><HeartRateBpm><Value>114</Value></HeartRateBpm><SensorState>Present</SensorState></Trackpoint><Trackpoint><Time>2025-07-20T10:12:48.201Z</Time><DistanceMeters>106.55594428380329</DistanceMeters><HeartRateBpm><Value>113</Value></HeartRateBpm><SensorState>Present</SensorState></Trackpoint><Trackpoint><Time>2025-07-20T10:12:49.201Z</Time><DistanceMeters>107.64860166443717</DistanceMeters><HeartRateBpm><Value>112</Value></HeartRateBpm><SensorState>Present</SensorState></Trackpoint><Trackpoint><Time>2025-07-20T10:12:50.201Z</Time><DistanceMeters>108.74125904507105</DistanceMeters><HeartRateBpm><Value>112</Value></HeartRateBpm><SensorState>Present</SensorState></Trackpoint><Trackpoint><Time>2025-07-20T10:12:51.201Z</Time><DistanceMeters>109.83391642570493</DistanceMeters><HeartRateBpm><Value>111</Value></HeartRateBpm><SensorState>Present</SensorState></Trackpoint><Trackpoint><Time>2025-07-20T10:12:52.201Z</Time><DistanceMeters>110.92657380633881</DistanceMeters><HeartRateBpm><Value>111</Value></HeartRateBpm><SensorState>Present</SensorState></Trackpoint><Trackpoint><Time>2025-07-20T10:12:53.201Z</Time><DistanceMeters>125.0</DistanceMeters><HeartRateBpm><Value>110</Value></HeartRateBpm><SensorState>Present</SensorState></Trackpoint><Trackpoint><Time>2025-07-20T10:12:54.201Z</Time><DistanceMeters>125.0</DistanceMeters><HeartRateBpm><Value>109</Value></HeartRateBpm><SensorState>Present</SensorState></Trackpoint><Trackpoint><Time>2025-07-20T10:12:55.201Z</Time><DistanceMeters>125.0</DistanceMeters><HeartRateBpm><Value>109</Value></HeartRateBpm><SensorState>Present</SensorState></Trackpoint><Trackpoint><Time>2025-07-20T10:12:56.201Z</Time><DistanceMeters>125.0</DistanceMeters><HeartRateBpm><Value>109</Value></HeartRateBpm><SensorState>Present</SensorState></Trackpoint><Trackpoint><Time>2025-07-20T10:12:57.201Z</Time><DistanceMeters>125.0</DistanceMeters><HeartRateBpm><Value>109</Value></HeartRateBpm><SensorState>Present</SensorState></Trackpoint><Trackpoint><Time>2025-07-20T10:12:58.201Z</Time><DistanceMeters>125.0</DistanceMeters><HeartRateBpm><Value>108</Value></HeartRateBpm><SensorState>Present</SensorState></Trackpoint><Trackpoint><Time>2025-07-20T10:12:59.201Z</Time><DistanceMeters>125.0</DistanceMeters><HeartRateBpm><Value>108</Value></HeartRateBpm><SensorState>Present</SensorState></Trackpoint><Trackpoint><Time>2025-07-20T10:13:00.201Z</Time><DistanceMeters>125.0</DistanceMeters><HeartRateBpm><Value>107</Value></HeartRateBpm><SensorState>Present</SensorState></Trackpoint><Trackpoint><Time>2025-07-20T10:13:01.201Z</Time><DistanceMeters>125.0</DistanceMeters><HeartRateBpm><Value>107</Value></HeartRateBpm><SensorState>Present</SensorState></Trackpoint><Trackpoint><Time>2025-07-20T10:13:02.201Z</Time><DistanceMeters>125.0</DistanceMeters><HeartRateBpm><Value>107</Value></HeartRateBpm><SensorState>Present</SensorState></Trackpoint><Trackpoint><Time>2025-07-20T10:13:03.201Z</Time><DistanceMeters>125.0</DistanceMeters><HeartRateBpm><Value>107</Value></HeartRateBpm><SensorState>Present</SensorState></Trackpoint><Trackpoint><Time>2025-07-20T10:13:04.201Z</Time><DistanceMeters>125.0</DistanceMeters><HeartRateBpm><Value>107</Value></HeartRateBpm><SensorState>Present</SensorState></Trackpoint><Trackpoint><Time>2025-07-20T10:13:05.201Z</Time><DistanceMeters>125.0</DistanceMeters><HeartRateBpm><Value>107</Value></HeartRateBpm><SensorState>Present</SensorState></Trackpoint><Trackpoint><Time>2025-07-20T10:13:06.201Z</Time><DistanceMeters>125.0</DistanceMeters><HeartRateBpm><Value>107</Value></HeartRateBpm><SensorState>Present</SensorState></Trackpoint><Trackpoint><Time>2025-07-20T10:13:07.201Z</Time><DistanceMeters>125.0</DistanceMeters><HeartRateBpm><Value>107</Value></HeartRateBpm><SensorState>Present</SensorState></Trackpoint><Trackpoint><Time>2025-07-20T10:13:08.201Z</Time><DistanceMeters>125.0</DistanceMeters><HeartRateBpm><Value>106</Value></HeartRateBpm><SensorState>Present</SensorState></Trackpoint><Trackpoint><Time>2025-07-20T10:13:09.201Z</Time><DistanceMeters>125.0</DistanceMeters><HeartRateBpm><Value>107</Value></HeartRateBpm><SensorState>Present</SensorState></Trackpoint><Trackpoint><Time>2025-07-20T10:13:10.201Z</Time><DistanceMeters>125.0</DistanceMeters><HeartRateBpm><Value>107</Value></HeartRateBpm><SensorState>Present</SensorState></Trackpoint><Trackpoint><Time>2025-07-20T10:13:11.201Z</Time><DistanceMeters>125.0</DistanceMeters><HeartRateBpm><Value>106</Value></HeartRateBpm><SensorState>Present</SensorState></Trackpoint><Trackpoint><Time>2025-07-20T10:13:12.201Z</Time><DistanceMeters>125.0</DistanceMeters><HeartRateBpm><Value>105</Value></HeartRateBpm><SensorState>Present</SensorState></Trackpoint><Trackpoint><Time>2025-07-20T10:13:13.201Z</Time><DistanceMeters>125.0</DistanceMeters><HeartRateBpm><Value>105</Value></HeartRateBpm><SensorState>Present</SensorState></Trackpoint><Trackpoint><Time>2025-07-20T10:13:14.201Z</Time><DistanceMeters>126.09265738063388</DistanceMeters><HeartRateBpm><Value>104</Value></HeartRateBpm><SensorState>Present</SensorState></Trackpoint><Trackpoint><Time>2025-07-20T10:13:15.201Z</Time><DistanceMeters>127.18531476126776</DistanceMeters><HeartRateBpm><Value>104</Value></HeartRateBpm><SensorState>Present</SensorState></Trackpoint><Trackpoint><Time>2025-07-20T10:13:16.201Z</Time><DistanceMeters>128.27797214190164</DistanceMeters><HeartRateBpm><Value>104</Value></HeartRateBpm><SensorState>Present</SensorState></Trackpoint><Trackpoint><Time>2025-07-20T10:13:17.201Z</Time><DistanceMeters>129.37062952253552</DistanceMeters><HeartRateBpm><Value>104</Value></HeartRateBpm><SensorState>Present</SensorState></Trackpoint><Trackpoint><Time>2025-07-20T10:13:18.201Z</Time><DistanceMeters>130.4632869031694</DistanceMeters><HeartRateBpm><Value>104</Value></HeartRateBpm><SensorState>Present</SensorState></Trackpoint><Trackpoint><Time>2025-07-20T10:13:19.201Z</Time><DistanceMeters>131.55594428380329</DistanceMeters><HeartRateBpm><Value>104</Value></HeartRateBpm><SensorState>Present</SensorState></Trackpoint><Trackpoint><Time>2025-07-20T10:13:20.201Z</Time><DistanceMeters>132.64860166443717</DistanceMeters><HeartRateBpm><Value>104</Value></HeartRateBpm><SensorState>Present</SensorState></Trackpoint><Trackpoint><Time>2025-07-20T10:13:21.201Z</Time><DistanceMeters>133.74125904507105</DistanceMeters><HeartRateBpm><Value>104</Value></HeartRateBpm><SensorState>Present</SensorState></Trackpoint><Trackpoint><Time>2025-07-20T10:13:22.201Z</Time><DistanceMeters>134.83391642570493</DistanceMeters><HeartRateBpm><Value>104</Value></HeartRateBpm><SensorState>Present</SensorState></Trackpoint><Trackpoint><Time>2025-07-20T10:13:23.201Z</Time><DistanceMeters>135.9265738063388</DistanceMeters><HeartRateBpm><Value>104</Value></HeartRateBpm><SensorState>Present</SensorState></Trackpoint><Trackpoint><Time>2025-07-20T10:13:24.201Z</Time><DistanceMeters>150.0</DistanceMeters><HeartRateBpm><Value>105</Value></HeartRateBpm><SensorState>Present</SensorState></Trackpoint><Trackpoint><Time>2025-07-20T10:13:25.201Z</Time><DistanceMeters>150.0</DistanceMeters><HeartRateBpm><Value>105</Value></HeartRateBpm><SensorState>Present</SensorState></Trackpoint><Trackpoint><Time>2025-07-20T10:13:26.201Z</Time><DistanceMeters>150.0</DistanceMeters><HeartRateBpm><Value>106</Value></HeartRateBpm><SensorState>Present</SensorState></Trackpoint><Trackpoint><Time>2025-07-20T10:13:27.201Z</Time><DistanceMeters>150.0</DistanceMeters><HeartRateBpm><Value>106</Value></HeartRateBpm><SensorState>Present</SensorState></Trackpoint><Trackpoint><Time>2025-07-20T10:13:28.201Z</Time><DistanceMeters>150.0</DistanceMeters><HeartRateBpm><Value>106</Value></HeartRateBpm><SensorState>Present</SensorState></Trackpoint><Trackpoint><Time>2025-07-20T10:13:29.201Z</Time><DistanceMeters>150.0</DistanceMeters><HeartRateBpm><Value>107</Value></HeartRateBpm><SensorState>Present</SensorState></Trackpoint><Trackpoint><Time>2025-07-20T10:13:30.201Z</Time><DistanceMeters>150.0</DistanceMeters><HeartRateBpm><Value>107</Value></HeartRateBpm><SensorState>Present</SensorState></Trackpoint><Trackpoint><Time>2025-07-20T10:13:31.201Z</Time><DistanceMeters>150.0</DistanceMeters><HeartRateBpm><Value>107</Value></HeartRateBpm><SensorState>Present</SensorState></Trackpoint><Trackpoint><Time>2025-07-20T10:13:32.201Z</Time><DistanceMeters>150.0</DistanceMeters><HeartRateBpm><Value>107</Value></HeartRateBpm><SensorState>Present</SensorState></Trackpoint><Trackpoint><Time>2025-07-20T10:13:33.201Z</Time><DistanceMeters>150.0</DistanceMeters><HeartRateBpm><Value>107</Value></HeartRateBpm><SensorState>Present</SensorState></Trackpoint><Trackpoint><Time>2025-07-20T10:13:34.201Z</Time><DistanceMeters>150.0</DistanceMeters><HeartRateBpm><Value>107</Value></HeartRateBpm><SensorState>Present</SensorState></Trackpoint><Trackpoint><Time>2025-07-20T10:13:35.201Z</Time><DistanceMeters>150.0</DistanceMeters><HeartRateBpm><Value>107</Value></HeartRateBpm><SensorState>Present</SensorState></Trackpoint><Trackpoint><Time>2025-07-20T10:13:36.201Z</Time><DistanceMeters>150.0</DistanceMeters><HeartRateBpm><Value>108</Value></HeartRateBpm><SensorState>Present</SensorState></Trackpoint><Trackpoint><Time>2025-07-20T10:13:37.201Z</Time><DistanceMeters>150.0</DistanceMeters><HeartRateBpm><Value>108</Value></HeartRateBpm><SensorState>Present</SensorState></Trackpoint><Trackpoint><Time>2025-07-20T10:13:38.201Z</Time><DistanceMeters>150.0</DistanceMeters><HeartRateBpm><Value>108</Value></HeartRateBpm><SensorState>Present</SensorState></Trackpoint><Trackpoint><Time>2025-07-20T10:13:39.201Z</Time><DistanceMeters>150.0</DistanceMeters><HeartRateBpm><Value>108</Value></HeartRateBpm><SensorState>Present</SensorState></Trackpoint><Trackpoint><Time>2025-07-20T10:13:40.201Z</Time><DistanceMeters>150.0</DistanceMeters><HeartRateBpm><Value>108</Value></HeartRateBpm><SensorState>Present</SensorState></Trackpoint><Trackpoint><Time>2025-07-20T10:13:41.201Z</Time><DistanceMeters>150.0</DistanceMeters><HeartRateBpm><Value>108</Value></HeartRateBpm><SensorState>Present</SensorState></Trackpoint><Trackpoint><Time>2025-07-20T10:13:42.201Z</Time><DistanceMeters>150.0</DistanceMeters><HeartRateBpm><Value>108</Value></HeartRateBpm><SensorState>Present</SensorState></Trackpoint><Trackpoint><Time>2025-07-20T10:13:43.201Z</Time><DistanceMeters>150.0</DistanceMeters><HeartRateBpm><Value>108</Value></HeartRateBpm><SensorState>Present</SensorState></Trackpoint><Trackpoint><Time>2025-07-20T10:13:44.201Z</Time><DistanceMeters>151.09265738063388</DistanceMeters><HeartRateBpm><Value>109</Value></HeartRateBpm><SensorState>Present</SensorState></Trackpoint><Trackpoint><Time>2025-07-20T10:13:45.201Z</Time><DistanceMeters>152.18531476126776</DistanceMeters><HeartRateBpm><Value>109</Value></HeartRateBpm><SensorState>Present</SensorState></Trackpoint><Trackpoint><Time>2025-07-20T10:13:46.201Z</Time><DistanceMeters>153.27797214190164</DistanceMeters><HeartRateBpm><Value>110</Value></HeartRateBpm><SensorState>Present</SensorState></Trackpoint><Trackpoint><Time>2025-07-20T10:13:47.201Z</Time><DistanceMeters>154.37062952253552</DistanceMeters><HeartRateBpm><Value>110</Value></HeartRateBpm><SensorState>Present</SensorState></Trackpoint><Trackpoint><Time>2025-07-20T10:13:48.201Z</Time><DistanceMeters>155.4632869031694</DistanceMeters><HeartRateBpm><Value>110</Value></HeartRateBpm><SensorState>Present</SensorState></Trackpoint><Trackpoint><Time>2025-07-20T10:13:49.201Z</Time><DistanceMeters>156.55594428380329</DistanceMeters><HeartRateBpm><Value>111</Value></HeartRateBpm><SensorState>Present</SensorState></Trackpoint><Trackpoint><Time>2025-07-20T10:13:50.201Z</Time><DistanceMeters>157.64860166443717</DistanceMeters><HeartRateBpm><Value>111</Value></HeartRateBpm><SensorState>Present</SensorState></Trackpoint><Trackpoint><Time>2025-07-20T10:13:51.201Z</Time><DistanceMeters>158.74125904507105</DistanceMeters><HeartRateBpm><Value>112</Value></HeartRateBpm><SensorState>Present</SensorState></Trackpoint><Trackpoint><Time>2025-07-20T10:13:52.201Z</Time><DistanceMeters>159.83391642570493</DistanceMeters><HeartRateBpm><Value>112</Value></HeartRateBpm><SensorState>Present</SensorState></Trackpoint><Trackpoint><Time>2025-07-20T10:13:53.201Z</Time><DistanceMeters>160.9265738063388</DistanceMeters><HeartRateBpm><Value>113</Value></HeartRateBpm><SensorState>Present</SensorState></Trackpoint><Trackpoint><Time>2025-07-20T10:13:54.201Z</Time><DistanceMeters>175.0</DistanceMeters><HeartRateBpm><Value>113</Value></HeartRateBpm><SensorState>Present</SensorState></Trackpoint><Trackpoint><Time>2025-07-20T10:13:55.201Z</Time><DistanceMeters>175.0</DistanceMeters><HeartRateBpm><Value>113</Value></HeartRateBpm><SensorState>Present</SensorState></Trackpoint><Trackpoint><Time>2025-07-20T10:13:56.201Z</Time><DistanceMeters>175.0</DistanceMeters><HeartRateBpm><Value>113</Value></HeartRateBpm><SensorState>Present</SensorState></Trackpoint><Trackpoint><Time>2025-07-20T10:13:57.201Z</Time><DistanceMeters>175.0</DistanceMeters><HeartRateBpm><Value>113</Value></HeartRateBpm><SensorState>Present</SensorState></Trackpoint><Trackpoint><Time>2025-07-20T10:13:58.201Z</Time><DistanceMeters>175.0</DistanceMeters><HeartRateBpm><Value>114</Value></HeartRateBpm><SensorState>Present</SensorState></Trackpoint><Trackpoint><Time>2025-07-20T10:13:59.201Z</Time><DistanceMeters>175.0</DistanceMeters><HeartRateBpm><Value>114</Value></HeartRateBpm><SensorState>Present</SensorState></Trackpoint><Trackpoint><Time>2025-07-20T10:14:00.201Z</Time><DistanceMeters>175.0</DistanceMeters><HeartRateBpm><Value>113</Value></HeartRateBpm><SensorState>Present</SensorState></Trackpoint><Trackpoint><Time>2025-07-20T10:14:01.201Z</Time><DistanceMeters>175.0</DistanceMeters><HeartRateBpm><Value>113</Value></HeartRateBpm><SensorState>Present</SensorState></Trackpoint><Trackpoint><Time>2025-07-20T10:14:02.201Z</Time><DistanceMeters>175.0</DistanceMeters><HeartRateBpm><Value>113</Value></HeartRateBpm><SensorState>Present</SensorState></Trackpoint><Trackpoint><Time>2025-07-20T10:14:03.201Z</Time><DistanceMeters>175.0</DistanceMeters><HeartRateBpm><Value>112</Value></HeartRateBpm><SensorState>Present</SensorState></Trackpoint><Trackpoint><Time>2025-07-20T10:14:04.201Z</Time><DistanceMeters>175.0</DistanceMeters><HeartRateBpm><Value>112</Value></HeartRateBpm><SensorState>Present</SensorState></Trackpoint><Trackpoint><Time>2025-07-20T10:14:05.201Z</Time><DistanceMeters>175.0</DistanceMeters><HeartRateBpm><Value>111</Value></HeartRateBpm><SensorState>Present</SensorState></Trackpoint><Trackpoint><Time>2025-07-20T10:14:06.201Z</Time><DistanceMeters>175.0</DistanceMeters><HeartRateBpm><Value>111</Value></HeartRateBpm><SensorState>Present</SensorState></Trackpoint><Trackpoint><Time>2025-07-20T10:14:07.201Z</Time><DistanceMeters>175.0</DistanceMeters><HeartRateBpm><Value>111</Value></HeartRateBpm><SensorState>Present</SensorState></Trackpoint><Trackpoint><Time>2025-07-20T10:14:08.201Z</Time><DistanceMeters>175.0</DistanceMeters><HeartRateBpm><Value>111</Value></HeartRateBpm><SensorState>Present</SensorState></Trackpoint><Trackpoint><Time>2025-07-20T10:14:09.201Z</Time><DistanceMeters>175.0</DistanceMeters><HeartRateBpm><Value>111</Value></HeartRateBpm><SensorState>Present</SensorState></Trackpoint><Trackpoint><Time>2025-07-20T10:14:10.201Z</Time><DistanceMeters>175.0</DistanceMeters><HeartRateBpm><Value>111</Value></HeartRateBpm><SensorState>Present</SensorState></Trackpoint><Trackpoint><Time>2025-07-20T10:14:11.201Z</Time><DistanceMeters>176.09265738063388</DistanceMeters><HeartRateBpm><Value>111</Value></HeartRateBpm><SensorState>Present</SensorState></Trackpoint><Trackpoint><Time>2025-07-20T10:14:12.201Z</Time><DistanceMeters>177.18531476126776</DistanceMeters><HeartRateBpm><Value>112</Value></HeartRateBpm><SensorState>Present</SensorState></Trackpoint><Trackpoint><Time>2025-07-20T10:14:13.201Z</Time><DistanceMeters>178.27797214190164</DistanceMeters><HeartRateBpm><Value>112</Value></HeartRateBpm><SensorState>Present</SensorState></Trackpoint><Trackpoint><Time>2025-07-20T10:14:14.201Z</Time><DistanceMeters>179.37062952253552</DistanceMeters><HeartRateBpm><Value>113</Value></HeartRateBpm><SensorState>Present</SensorState></Trackpoint><Trackpoint><Time>2025-07-20T10:14:15.201Z</Time><DistanceMeters>180.4632869031694</DistanceMeters><HeartRateBpm><Value>113</Value></HeartRateBpm><SensorState>Present</SensorState></Trackpoint><Trackpoint><Time>2025-07-20T10:14:16.201Z</Time><DistanceMeters>181.55594428380329</DistanceMeters><HeartRateBpm><Value>114</Value></HeartRateBpm><SensorState>Present</SensorState></Trackpoint><Trackpoint><Time>2025-07-20T10:14:17.201Z</Time><DistanceMeters>182.64860166443717</DistanceMeters><HeartRateBpm><Value>114</Value></HeartRateBpm><SensorState>Present</SensorState></Trackpoint><Trackpoint><Time>2025-07-20T10:14:18.201Z</Time><DistanceMeters>183.74125904507105</DistanceMeters><HeartRateBpm><Value>114</Value></HeartRateBpm><SensorState>Present</SensorState></Trackpoint><Trackpoint><Time>2025-07-20T10:14:19.201Z</Time><DistanceMeters>184.83391642570493</DistanceMeters><HeartRateBpm><Value>114</Value></HeartRateBpm><SensorState>Present</SensorState></Trackpoint><Trackpoint><Time>2025-07-20T10:14:20.201Z</Time><DistanceMeters>185.9265738063388</DistanceMeters><HeartRateBpm><Value>114</Value></HeartRateBpm><SensorState>Present</SensorState></Trackpoint><Trackpoint><Time>2025-07-20T10:14:21.201Z</Time><DistanceMeters>200.0</DistanceMeters><HeartRateBpm><Value>114</Value></HeartRateBpm><SensorState>Present</SensorState></Trackpoint><Trackpoint><Time>2025-07-20T10:14:22.201Z</Time><DistanceMeters>200.0</DistanceMeters><HeartRateBpm><Value>114</Value></HeartRateBpm><SensorState>Present</SensorState></Trackpoint><Trackpoint><Time>2025-07-20T10:14:23.201Z</Time><DistanceMeters>200.0</DistanceMeters><HeartRateBpm><Value>114</Value></HeartRateBpm><SensorState>Present</SensorState></Trackpoint><Trackpoint><Time>2025-07-20T10:14:24.201Z</Time><DistanceMeters>200.0</DistanceMeters><HeartRateBpm><Value>114</Value></HeartRateBpm><SensorState>Present</SensorState></Trackpoint><Trackpoint><Time>2025-07-20T10:14:25.201Z</Time><DistanceMeters>200.0</DistanceMeters><HeartRateBpm><Value>114</Value></HeartRateBpm><SensorState>Present</SensorState></Trackpoint><Trackpoint><Time>2025-07-20T10:14:26.201Z</Time><DistanceMeters>200.0</DistanceMeters><HeartRateBpm><Value>114</Value></HeartRateBpm><SensorState>Present</SensorState></Trackpoint><Trackpoint><Time>2025-07-20T10:14:27.201Z</Time><DistanceMeters>200.0</DistanceMeters><HeartRateBpm><Value>114</Value></HeartRateBpm><SensorState>Present</SensorState></Trackpoint><Trackpoint><Time>2025-07-20T10:14:28.201Z</Time><DistanceMeters>200.0</DistanceMeters><HeartRateBpm><Value>114</Value></HeartRateBpm><SensorState>Present</SensorState></Trackpoint><Trackpoint><Time>2025-07-20T10:14:29.201Z</Time><DistanceMeters>200.0</DistanceMeters><HeartRateBpm><Value>114</Value></HeartRateBpm><SensorState>Present</SensorState></Trackpoint><Trackpoint><Time>2025-07-20T10:14:30.201Z</Time><DistanceMeters>200.0</DistanceMeters><HeartRateBpm><Value>114</Value></HeartRateBpm><SensorState>Present</SensorState></Trackpoint><Trackpoint><Time>2025-07-20T10:14:31.201Z</Time><DistanceMeters>200.0</DistanceMeters><HeartRateBpm><Value>114</Value></HeartRateBpm><SensorState>Present</SensorState></Trackpoint><Trackpoint><Time>2025-07-20T10:14:32.201Z</Time><DistanceMeters>200.0</DistanceMeters><HeartRateBpm><Value>114</Value></HeartRateBpm><SensorState>Present</SensorState></Trackpoint><Trackpoint><Time>2025-07-20T10:14:33.201Z</Time><DistanceMeters>200.0</DistanceMeters><HeartRateBpm><Value>115</Value></HeartRateBpm><SensorState>Present</SensorState></Trackpoint><Trackpoint><Time>2025-07-20T10:14:34.201Z</Time><DistanceMeters>200.0</DistanceMeters><HeartRateBpm><Value>115</Value></HeartRateBpm><SensorState>Present</SensorState></Trackpoint><Trackpoint><Time>2025-07-20T10:14:35.201Z</Time><DistanceMeters>200.0</DistanceMeters><HeartRateBpm><Value>115</Value></HeartRateBpm><SensorState>Present</SensorState></Trackpoint><Trackpoint><Time>2025-07-20T10:14:36.201Z</Time><DistanceMeters>200.0</DistanceMeters><HeartRateBpm><Value>115</Value></HeartRateBpm><SensorState>Present</SensorState></Trackpoint><Trackpoint><Time>2025-07-20T10:14:37.201Z</Time><DistanceMeters>200.0</DistanceMeters><HeartRateBpm><Value>116</Value></HeartRateBpm><SensorState>Present</SensorState></Trackpoint><Trackpoint><Time>2025-07-20T10:14:38.201Z</Time><DistanceMeters>200.0</DistanceMeters><HeartRateBpm><Value>116</Value></HeartRateBpm><SensorState>Present</SensorState></Trackpoint><Trackpoint><Time>2025-07-20T10:14:39.201Z</Time><DistanceMeters>200.0</DistanceMeters><HeartRateBpm><Value>116</Value></HeartRateBpm><SensorState>Present</SensorState></Trackpoint><Trackpoint><Time>2025-07-20T10:14:40.201Z</Time><DistanceMeters>200.0</DistanceMeters><HeartRateBpm><Value>116</Value></HeartRateBpm><SensorState>Present</SensorState></Trackpoint><Trackpoint><Time>2025-07-20T10:14:41.201Z</Time><DistanceMeters>200.0</DistanceMeters><HeartRateBpm><Value>116</Value></HeartRateBpm><SensorState>Present</SensorState></Trackpoint><Trackpoint><Time>2025-07-20T10:14:42.201Z</Time><DistanceMeters>200.0</DistanceMeters><HeartRateBpm><Value>117</Value></HeartRateBpm><SensorState>Present</SensorState></Trackpoint><Trackpoint><Time>2025-07-20T10:14:43.201Z</Time><DistanceMeters>200.0</DistanceMeters><HeartRateBpm><Value>117</Value></HeartRateBpm><SensorState>Present</SensorState></Trackpoint><Trackpoint><Time>2025-07-20T10:14:44.201Z</Time><DistanceMeters>200.0</DistanceMeters><HeartRateBpm><Value>117</Value></HeartRateBpm><SensorState>Present</SensorState></Trackpoint><Trackpoint><Time>2025-07-20T10:14:45.201Z</Time><DistanceMeters>201.09265738063388</DistanceMeters><HeartRateBpm><Value>118</Value></HeartRateBpm><SensorState>Present</SensorState></Trackpoint><Trackpoint><Time>2025-07-20T10:14:46.201Z</Time><DistanceMeters>202.18531476126776</DistanceMeters><HeartRateBpm><Value>117</Value></HeartRateBpm><SensorState>Present</SensorState></Trackpoint><Trackpoint><Time>2025-07-20T10:14:47.201Z</Time><DistanceMeters>203.27797214190164</DistanceMeters><HeartRateBpm><Value>118</Value></HeartRateBpm><SensorState>Present</SensorState></Trackpoint><Trackpoint><Time>2025-07-20T10:14:48.201Z</Time><DistanceMeters>204.37062952253552</DistanceMeters><HeartRateBpm><Value>118</Value></HeartRateBpm><SensorState>Present</SensorState></Trackpoint><Trackpoint><Time>2025-07-20T10:14:49.201Z</Time><DistanceMeters>205.4632869031694</DistanceMeters><HeartRateBpm><Value>118</Value></HeartRateBpm><SensorState>Present</SensorState></Trackpoint><Trackpoint><Time>2025-07-20T10:14:50.201Z</Time><DistanceMeters>206.55594428380329</DistanceMeters><HeartRateBpm><Value>119</Value></HeartRateBpm><SensorState>Present</SensorState></Trackpoint><Trackpoint><Time>2025-07-20T10:14:51.201Z</Time><DistanceMeters>207.64860166443717</DistanceMeters><HeartRateBpm><Value>119</Value></HeartRateBpm><SensorState>Present</SensorState></Trackpoint><Trackpoint><Time>2025-07-20T10:14:52.201Z</Time><DistanceMeters>208.74125904507105</DistanceMeters><HeartRateBpm><Value>120</Value></HeartRateBpm><SensorState>Present</SensorState></Trackpoint><Trackpoint><Time>2025-07-20T10:14:53.201Z</Time><DistanceMeters>209.83391642570493</DistanceMeters><HeartRateBpm><Value>120</Value></HeartRateBpm><SensorState>Present</SensorState></Trackpoint><Trackpoint><Time>2025-07-20T10:14:54.201Z</Time><DistanceMeters>210.9265738063388</DistanceMeters><HeartRateBpm><Value>120</Value></HeartRateBpm><SensorState>Present</SensorState></Trackpoint><Trackpoint><Time>2025-07-20T10:14:55.201Z</Time><DistanceMeters>225.0</DistanceMeters><HeartRateBpm><Value>120</Value></HeartRateBpm><SensorState>Present</SensorState></Trackpoint><Trackpoint><Time>2025-07-20T10:14:56.201Z</Time><DistanceMeters>225.0</DistanceMeters><HeartRateBpm><Value>121</Value></HeartRateBpm><SensorState>Present</SensorState></Trackpoint><Trackpoint><Time>2025-07-20T10:14:57.201Z</Time><DistanceMeters>225.0</DistanceMeters><HeartRateBpm><Value>120</Value></HeartRateBpm><SensorState>Present</SensorState></Trackpoint><Trackpoint><Time>2025-07-20T10:14:58.201Z</Time><DistanceMeters>225.0</DistanceMeters><HeartRateBpm><Value>119</Value></HeartRateBpm><SensorState>Present</SensorState></Trackpoint><Trackpoint><Time>2025-07-20T10:14:59.201Z</Time><DistanceMeters>225.0</DistanceMeters><HeartRateBpm><Value>117</Value></HeartRateBpm><SensorState>Present</SensorState></Trackpoint><Trackpoint><Time>2025-07-20T10:15:00.201Z</Time><DistanceMeters>225.0</DistanceMeters><HeartRateBpm><Value>115</Value></HeartRateBpm><SensorState>Present</SensorState></Trackpoint><Trackpoint><Time>2025-07-20T10:15:01.201Z</Time><DistanceMeters>225.0</DistanceMeters><HeartRateBpm><Value>116</Value></HeartRateBpm><SensorState>Present</SensorState></Trackpoint><Trackpoint><Time>2025-07-20T10:15:02.201Z</Time><DistanceMeters>225.0</DistanceMeters><HeartRateBpm><Value>116</Value></HeartRateBpm><SensorState>Present</SensorState></Trackpoint><Trackpoint><Time>2025-07-20T10:15:03.201Z</Time><DistanceMeters>225.0</DistanceMeters><HeartRateBpm><Value>116</Value></HeartRateBpm><SensorState>Present</SensorState></Trackpoint><Trackpoint><Time>2025-07-20T10:15:04.201Z</Time><DistanceMeters>225.0</DistanceMeters><HeartRateBpm><Value>117</Value></HeartRateBpm><SensorState>Present</SensorState></Trackpoint><Trackpoint><Time>2025-07-20T10:15:05.201Z</Time><DistanceMeters>225.0</DistanceMeters><HeartRateBpm><Value>117</Value></HeartRateBpm><SensorState>Present</SensorState></Trackpoint><Trackpoint><Time>2025-07-20T10:15:06.201Z</Time><DistanceMeters>225.0</DistanceMeters><HeartRateBpm><Value>117</Value></HeartRateBpm><SensorState>Present</SensorState></Trackpoint><Trackpoint><Time>2025-07-20T10:15:07.201Z</Time><DistanceMeters>225.0</DistanceMeters><HeartRateBpm><Value>118</Value></HeartRateBpm><SensorState>Present</SensorState></Trackpoint><Trackpoint><Time>2025-07-20T10:15:08.201Z</Time><DistanceMeters>225.0</DistanceMeters><HeartRateBpm><Value>118</Value></HeartRateBpm><SensorState>Present</SensorState></Trackpoint><Trackpoint><Time>2025-07-20T10:15:09.201Z</Time><DistanceMeters>225.0</DistanceMeters><HeartRateBpm><Value>119</Value></HeartRateBpm><SensorState>Present</SensorState></Trackpoint><Trackpoint><Time>2025-07-20T10:15:10.201Z</Time><DistanceMeters>225.0</DistanceMeters><HeartRateBpm><Value>119</Value></HeartRateBpm><SensorState>Present</SensorState></Trackpoint><Trackpoint><Time>2025-07-20T10:15:11.201Z</Time><DistanceMeters>225.0</DistanceMeters><HeartRateBpm><Value>120</Value></HeartRateBpm><SensorState>Present</SensorState></Trackpoint><Trackpoint><Time>2025-07-20T10:15:12.201Z</Time><DistanceMeters>225.0</DistanceMeters><HeartRateBpm><Value>121</Value></HeartRateBpm><SensorState>Present</SensorState></Trackpoint><Trackpoint><Time>2025-07-20T10:15:13.201Z</Time><DistanceMeters>226.09265738063388</DistanceMeters><HeartRateBpm><Value>122</Value></HeartRateBpm><SensorState>Present</SensorState></Trackpoint><Trackpoint><Time>2025-07-20T10:15:14.201Z</Time><DistanceMeters>227.18531476126776</DistanceMeters><HeartRateBpm><Value>122</Value></HeartRateBpm><SensorState>Present</SensorState></Trackpoint><Trackpoint><Time>2025-07-20T10:15:15.201Z</Time><DistanceMeters>228.27797214190164</DistanceMeters><HeartRateBpm><Value>122</Value></HeartRateBpm><SensorState>Present</SensorState></Trackpoint><Trackpoint><Time>2025-07-20T10:15:16.201Z</Time><DistanceMeters>229.37062952253552</DistanceMeters><HeartRateBpm><Value>123</Value></HeartRateBpm><SensorState>Present</SensorState></Trackpoint><Trackpoint><Time>2025-07-20T10:15:17.201Z</Time><DistanceMeters>230.4632869031694</DistanceMeters><HeartRateBpm><Value>122</Value></HeartRateBpm><SensorState>Present</SensorState></Trackpoint><Trackpoint><Time>2025-07-20T10:15:18.201Z</Time><DistanceMeters>231.55594428380329</DistanceMeters><HeartRateBpm><Value>121</Value></HeartRateBpm><SensorState>Present</SensorState></Trackpoint><Trackpoint><Time>2025-07-20T10:15:19.201Z</Time><DistanceMeters>232.64860166443717</DistanceMeters><HeartRateBpm><Value>121</Value></HeartRateBpm><SensorState>Present</SensorState></Trackpoint><Trackpoint><Time>2025-07-20T10:15:20.201Z</Time><DistanceMeters>233.74125904507105</DistanceMeters><HeartRateBpm><Value>120</Value></HeartRateBpm><SensorState>Present</SensorState></Trackpoint><Trackpoint><Time>2025-07-20T10:15:21.201Z</Time><DistanceMeters>234.83391642570493</DistanceMeters><HeartRateBpm><Value>120</Value></HeartRateBpm><SensorState>Present</SensorState></Trackpoint><Trackpoint><Time>2025-07-20T10:15:22.201Z</Time><DistanceMeters>235.9265738063388</DistanceMeters><HeartRateBpm><Value>120</Value></HeartRateBpm><SensorState>Present</SensorState></Trackpoint><Trackpoint><Time>2025-07-20T10:15:23.201Z</Time><DistanceMeters>250.0</DistanceMeters><HeartRateBpm><Value>120</Value></HeartRateBpm><SensorState>Present</SensorState></Trackpoint><Trackpoint><Time>2025-07-20T10:15:24.201Z</Time><DistanceMeters>250.0</DistanceMeters><HeartRateBpm><Value>120</Value></HeartRateBpm><SensorState>Present</SensorState></Trackpoint><Trackpoint><Time>2025-07-20T10:15:25.201Z</Time><DistanceMeters>250.0</DistanceMeters><HeartRateBpm><Value>120</Value></HeartRateBpm><SensorState>Present</SensorState></Trackpoint><Trackpoint><Time>2025-07-20T10:15:26.201Z</Time><DistanceMeters>250.0</DistanceMeters><HeartRateBpm><Value>121</Value></HeartRateBpm><SensorState>Present</SensorState></Trackpoint><Trackpoint><Time>2025-07-20T10:15:27.201Z</Time><DistanceMeters>250.0</DistanceMeters><HeartRateBpm><Value>122</Value></HeartRateBpm><SensorState>Present</SensorState></Trackpoint><Trackpoint><Time>2025-07-20T10:15:28.201Z</Time><DistanceMeters>250.0</DistanceMeters><HeartRateBpm><Value>122</Value></HeartRateBpm><SensorState>Present</SensorState></Trackpoint><Trackpoint><Time>2025-07-20T10:15:29.201Z</Time><DistanceMeters>250.0</DistanceMeters><HeartRateBpm><Value>122</Value></HeartRateBpm><SensorState>Present</SensorState></Trackpoint><Trackpoint><Time>2025-07-20T10:15:30.201Z</Time><DistanceMeters>250.0</DistanceMeters><HeartRateBpm><Value>123</Value></HeartRateBpm><SensorState>Present</SensorState></Trackpoint><Trackpoint><Time>2025-07-20T10:15:31.201Z</Time><DistanceMeters>250.0</DistanceMeters><HeartRateBpm><Value>124</Value></HeartRateBpm><SensorState>Present</SensorState></Trackpoint><Trackpoint><Time>2025-07-20T10:15:32.201Z</Time><DistanceMeters>250.0</DistanceMeters><HeartRateBpm><Value>124</Value></HeartRateBpm><SensorState>Present</SensorState></Trackpoint><Trackpoint><Time>2025-07-20T10:15:33.201Z</Time><DistanceMeters>250.0</DistanceMeters><HeartRateBpm><Value>125</Value></HeartRateBpm><SensorState>Present</SensorState></Trackpoint><Trackpoint><Time>2025-07-20T10:15:34.201Z</Time><DistanceMeters>250.0</DistanceMeters><HeartRateBpm><Value>126</Value></HeartRateBpm><SensorState>Present</SensorState></Trackpoint><Trackpoint><Time>2025-07-20T10:15:35.201Z</Time><DistanceMeters>250.0</DistanceMeters><HeartRateBpm><Value>126</Value></HeartRateBpm><SensorState>Present</SensorState></Trackpoint><Trackpoint><Time>2025-07-20T10:15:36.201Z</Time><DistanceMeters>250.0</DistanceMeters><HeartRateBpm><Value>126</Value></HeartRateBpm><SensorState>Present</SensorState></Trackpoint><Trackpoint><Time>2025-07-20T10:15:37.201Z</Time><DistanceMeters>250.0</DistanceMeters><HeartRateBpm><Value>127</Value></HeartRateBpm><SensorState>Present</SensorState></Trackpoint><Trackpoint><Time>2025-07-20T10:15:38.201Z</Time><DistanceMeters>250.0</DistanceMeters><HeartRateBpm><Value>127</Value></HeartRateBpm><SensorState>Present</SensorState></Trackpoint><Trackpoint><Time>2025-07-20T10:15:39.201Z</Time><DistanceMeters>250.0</DistanceMeters><HeartRateBpm><Value>127</Value></HeartRateBpm><SensorState>Present</SensorState></Trackpoint><Trackpoint><Time>2025-07-20T10:15:40.201Z</Time><DistanceMeters>250.0</DistanceMeters><HeartRateBpm><Value>127</Value></HeartRateBpm><SensorState>Present</SensorState></Trackpoint><Trackpoint><Time>2025-07-20T10:15:41.201Z</Time><DistanceMeters>250.0</DistanceMeters><HeartRateBpm><Value>127</Value></HeartRateBpm><SensorState>Present</SensorState></Trackpoint><Trackpoint><Time>2025-07-20T10:15:42.201Z</Time><DistanceMeters>251.09265738063388</DistanceMeters><HeartRateBpm><Value>128</Value></HeartRateBpm><SensorState>Present</SensorState></Trackpoint><Trackpoint><Time>2025-07-20T10:15:43.201Z</Time><DistanceMeters>252.18531476126776</DistanceMeters><HeartRateBpm><Value>128</Value></HeartRateBpm><SensorState>Present</SensorState></Trackpoint><Trackpoint><Time>2025-07-20T10:15:44.201Z</Time><DistanceMeters>253.27797214190164</DistanceMeters><HeartRateBpm><Value>128</Value></HeartRateBpm><SensorState>Present</SensorState></Trackpoint><Trackpoint><Time>2025-07-20T10:15:45.201Z</Time><DistanceMeters>254.37062952253552</DistanceMeters><HeartRateBpm><Value>128</Value></HeartRateBpm><SensorState>Present</SensorState></Trackpoint><Trackpoint><Time>2025-07-20T10:15:46.201Z</Time><DistanceMeters>255.4632869031694</DistanceMeters><HeartRateBpm><Value>128</Value></HeartRateBpm><SensorState>Present</SensorState></Trackpoint><Trackpoint><Time>2025-07-20T10:15:47.201Z</Time><DistanceMeters>256.5559442838033</DistanceMeters><HeartRateBpm><Value>128</Value></HeartRateBpm><SensorState>Present</SensorState></Trackpoint><Trackpoint><Time>2025-07-20T10:15:48.201Z</Time><DistanceMeters>257.6486016644372</DistanceMeters><HeartRateBpm><Value>128</Value></HeartRateBpm><SensorState>Present</SensorState></Trackpoint><Trackpoint><Time>2025-07-20T10:15:49.201Z</Time><DistanceMeters>258.7412590450711</DistanceMeters><HeartRateBpm><Value>129</Value></HeartRateBpm><SensorState>Present</SensorState></Trackpoint><Trackpoint><Time>2025-07-20T10:15:50.201Z</Time><DistanceMeters>259.833916425705</DistanceMeters><HeartRateBpm><Value>129</Value></HeartRateBpm><SensorState>Present</SensorState></Trackpoint><Trackpoint><Time>2025-07-20T10:15:51.201Z</Time><DistanceMeters>260.9265738063389</DistanceMeters><HeartRateBpm><Value>129</Value></HeartRateBpm><SensorState>Present</SensorState></Trackpoint><Trackpoint><Time>2025-07-20T10:15:52.201Z</Time><DistanceMeters>275.0</DistanceMeters><HeartRateBpm><Value>128</Value></HeartRateBpm><SensorState>Present</SensorState></Trackpoint><Trackpoint><Time>2025-07-20T10:15:53.201Z</Time><DistanceMeters>275.0</DistanceMeters><HeartRateBpm><Value>127</Value></HeartRateBpm><SensorState>Present</SensorState></Trackpoint><Trackpoint><Time>2025-07-20T10:15:54.201Z</Time><DistanceMeters>275.0</DistanceMeters><HeartRateBpm><Value>125</Value></HeartRateBpm><SensorState>Present</SensorState></Trackpoint><Trackpoint><Time>2025-07-20T10:15:55.201Z</Time><DistanceMeters>275.0</DistanceMeters><HeartRateBpm><Value>124</Value></HeartRateBpm><SensorState>Present</SensorState></Trackpoint><Trackpoint><Time>2025-07-20T10:15:56.201Z</Time><DistanceMeters>275.0</DistanceMeters><HeartRateBpm><Value>123</Value></HeartRateBpm><SensorState>Present</SensorState></Trackpoint><Trackpoint><Time>2025-07-20T10:15:57.201Z</Time><DistanceMeters>275.0</DistanceMeters><HeartRateBpm><Value>122</Value></HeartRateBpm><SensorState>Present</SensorState></Trackpoint><Trackpoint><Time>2025-07-20T10:15:58.201Z</Time><DistanceMeters>275.0</DistanceMeters><HeartRateBpm><Value>120</Value></HeartRateBpm><SensorState>Present</SensorState></Trackpoint><Trackpoint><Time>2025-07-20T10:15:59.201Z</Time><DistanceMeters>275.0</DistanceMeters><HeartRateBpm><Value>119</Value></HeartRateBpm><SensorState>Present</SensorState></Trackpoint><Trackpoint><Time>2025-07-20T10:16:00.201Z</Time><DistanceMeters>275.0</DistanceMeters><HeartRateBpm><Value>117</Value></HeartRateBpm><SensorState>Present</SensorState></Trackpoint><Trackpoint><Time>2025-07-20T10:16:01.201Z</Time><DistanceMeters>275.0</DistanceMeters><HeartRateBpm><Value>116</Value></HeartRateBpm><SensorState>Present</SensorState></Trackpoint><Trackpoint><Time>2025-07-20T10:16:02.201Z</Time><DistanceMeters>275.0</DistanceMeters><HeartRateBpm><Value>116</Value></HeartRateBpm><SensorState>Present</SensorState></Trackpoint><Trackpoint><Time>2025-07-20T10:16:03.201Z</Time><DistanceMeters>275.0</DistanceMeters><HeartRateBpm><Value>117</Value></HeartRateBpm><SensorState>Present</SensorState></Trackpoint><Trackpoint><Time>2025-07-20T10:16:04.201Z</Time><DistanceMeters>275.0</DistanceMeters><HeartRateBpm><Value>117</Value></HeartRateBpm><SensorState>Present</SensorState></Trackpoint><Trackpoint><Time>2025-07-20T10:16:05.201Z</Time><DistanceMeters>275.0</DistanceMeters><HeartRateBpm><Value>117</Value></HeartRateBpm><SensorState>Present</SensorState></Trackpoint><Trackpoint><Time>2025-07-20T10:16:06.201Z</Time><DistanceMeters>275.0</DistanceMeters><HeartRateBpm><Value>117</Value></HeartRateBpm><SensorState>Present</SensorState></Trackpoint><Trackpoint><Time>2025-07-20T10:16:07.201Z</Time><DistanceMeters>275.0</DistanceMeters><HeartRateBpm><Value>117</Value></HeartRateBpm><SensorState>Present</SensorState></Trackpoint><Trackpoint><Time>2025-07-20T10:16:08.201Z</Time><DistanceMeters>275.0</DistanceMeters><HeartRateBpm><Value>117</Value></HeartRateBpm><SensorState>Present</SensorState></Trackpoint><Trackpoint><Time>2025-07-20T10:16:09.201Z</Time><DistanceMeters>275.0</DistanceMeters><HeartRateBpm><Value>116</Value></HeartRateBpm><SensorState>Present</SensorState></Trackpoint><Trackpoint><Time>2025-07-20T10:16:10.201Z</Time><DistanceMeters>275.0</DistanceMeters><HeartRateBpm><Value>116</Value></HeartRateBpm><SensorState>Present</SensorState></Trackpoint><Trackpoint><Time>2025-07-20T10:16:11.201Z</Time><DistanceMeters>275.0</DistanceMeters><HeartRateBpm><Value>116</Value></HeartRateBpm><SensorState>Present</SensorState></Trackpoint><Trackpoint><Time>2025-07-20T10:16:12.201Z</Time><DistanceMeters>275.0</DistanceMeters><HeartRateBpm><Value>116</Value></HeartRateBpm><SensorState>Present</SensorState></Trackpoint><Trackpoint><Time>2025-07-20T10:16:13.201Z</Time><DistanceMeters>275.0</DistanceMeters><HeartRateBpm><Value>116</Value></HeartRateBpm><SensorState>Present</SensorState></Trackpoint><Trackpoint><Time>2025-07-20T10:16:14.201Z</Time><DistanceMeters>275.0</DistanceMeters><HeartRateBpm><Value>116</Value></HeartRateBpm><SensorState>Present</SensorState></Trackpoint><Trackpoint><Time>2025-07-20T10:16:15.201Z</Time><DistanceMeters>275.0</DistanceMeters><HeartRateBpm><Value>116</Value></HeartRateBpm><SensorState>Present</SensorState></Trackpoint><Trackpoint><Time>2025-07-20T10:16:16.201Z</Time><DistanceMeters>276.0926573806339</DistanceMeters><HeartRateBpm><Value>115</Value></HeartRateBpm><SensorState>Present</SensorState></Trackpoint><Trackpoint><Time>2025-07-20T10:16:17.201Z</Time><DistanceMeters>277.1853147612678</DistanceMeters><HeartRateBpm><Value>116</Value></HeartRateBpm><SensorState>Present</SensorState></Trackpoint><Trackpoint><Time>2025-07-20T10:16:18.201Z</Time><DistanceMeters>278.2779721419017</DistanceMeters><HeartRateBpm><Value>116</Value></HeartRateBpm><SensorState>Present</SensorState></Trackpoint><Trackpoint><Time>2025-07-20T10:16:19.201Z</Time><DistanceMeters>279.37062952253564</DistanceMeters><HeartRateBpm><Value>116</Value></HeartRateBpm><SensorState>Present</SensorState></Trackpoint><Trackpoint><Time>2025-07-20T10:16:20.201Z</Time><DistanceMeters>280.46328690316955</DistanceMeters><HeartRateBpm><Value>116</Value></HeartRateBpm><SensorState>Present</SensorState></Trackpoint><Trackpoint><Time>2025-07-20T10:16:21.201Z</Time><DistanceMeters>281.55594428380346</DistanceMeters><HeartRateBpm><Value>116</Value></HeartRateBpm><SensorState>Present</SensorState></Trackpoint><Trackpoint><Time>2025-07-20T10:16:22.201Z</Time><DistanceMeters>282.64860166443736</DistanceMeters><HeartRateBpm><Value>116</Value></HeartRateBpm><SensorState>Present</SensorState></Trackpoint><Trackpoint><Time>2025-07-20T10:16:23.201Z</Time><DistanceMeters>283.7412590450713</DistanceMeters><HeartRateBpm><Value>117</Value></HeartRateBpm><SensorState>Present</SensorState></Trackpoint><Trackpoint><Time>2025-07-20T10:16:24.201Z</Time><DistanceMeters>284.8339164257052</DistanceMeters><HeartRateBpm><Value>116</Value></HeartRateBpm><SensorState>Present</SensorState></Trackpoint><Trackpoint><Time>2025-07-20T10:16:25.201Z</Time><DistanceMeters>285.9265738063391</DistanceMeters><HeartRateBpm><Value>115</Value></HeartRateBpm><SensorState>Present</SensorState></Trackpoint><Trackpoint><Time>2025-07-20T10:16:26.201Z</Time><DistanceMeters>300.0</DistanceMeters><HeartRateBpm><Value>115</Value></HeartRateBpm><SensorState>Present</SensorState></Trackpoint><Trackpoint><Time>2025-07-20T10:16:27.201Z</Time><DistanceMeters>300.0</DistanceMeters><HeartRateBpm><Value>116</Value></HeartRateBpm><SensorState>Present</SensorState></Trackpoint><Trackpoint><Time>2025-07-20T10:16:28.201Z</Time><DistanceMeters>300.0</DistanceMeters><HeartRateBpm><Value>116</Value></HeartRateBpm><SensorState>Present</SensorState></Trackpoint><Trackpoint><Time>2025-07-20T10:16:29.201Z</Time><DistanceMeters>300.0</DistanceMeters><HeartRateBpm><Value>115</Value></HeartRateBpm><SensorState>Present</SensorState></Trackpoint><Trackpoint><Time>2025-07-20T10:16:30.201Z</Time><DistanceMeters>300.0</DistanceMeters><HeartRateBpm><Value>114</Value></HeartRateBpm><SensorState>Present</SensorState></Trackpoint><Trackpoint><Time>2025-07-20T10:16:31.201Z</Time><DistanceMeters>300.0</DistanceMeters><HeartRateBpm><Value>113</Value></HeartRateBpm><SensorState>Present</SensorState></Trackpoint><Trackpoint><Time>2025-07-20T10:16:32.201Z</Time><DistanceMeters>300.0</DistanceMeters><HeartRateBpm><Value>113</Value></HeartRateBpm><SensorState>Present</SensorState></Trackpoint><Trackpoint><Time>2025-07-20T10:16:33.201Z</Time><DistanceMeters>300.0</DistanceMeters><HeartRateBpm><Value>113</Value></HeartRateBpm><SensorState>Present</SensorState></Trackpoint><Trackpoint><Time>2025-07-20T10:16:34.201Z</Time><DistanceMeters>300.0</DistanceMeters><HeartRateBpm><Value>114</Value></HeartRateBpm><SensorState>Present</SensorState></Trackpoint><Trackpoint><Time>2025-07-20T10:16:35.201Z</Time><DistanceMeters>300.0</DistanceMeters><HeartRateBpm><Value>114</Value></HeartRateBpm><SensorState>Present</SensorState></Trackpoint><Trackpoint><Time>2025-07-20T10:16:36.201Z</Time><DistanceMeters>300.0</DistanceMeters><HeartRateBpm><Value>114</Value></HeartRateBpm><SensorState>Present</SensorState></Trackpoint><Trackpoint><Time>2025-07-20T10:16:37.201Z</Time><DistanceMeters>300.0</DistanceMeters><HeartRateBpm><Value>114</Value></HeartRateBpm><SensorState>Present</SensorState></Trackpoint><Trackpoint><Time>2025-07-20T10:16:38.201Z</Time><DistanceMeters>300.0</DistanceMeters><HeartRateBpm><Value>114</Value></HeartRateBpm><SensorState>Present</SensorState></Trackpoint><Trackpoint><Time>2025-07-20T10:16:39.201Z</Time><DistanceMeters>300.0</DistanceMeters><HeartRateBpm><Value>114</Value></HeartRateBpm><SensorState>Present</SensorState></Trackpoint><Trackpoint><Time>2025-07-20T10:16:40.201Z</Time><DistanceMeters>300.0</DistanceMeters><HeartRateBpm><Value>115</Value></HeartRateBpm><SensorState>Present</SensorState></Trackpoint><Trackpoint><Time>2025-07-20T10:16:41.201Z</Time><DistanceMeters>300.0</DistanceMeters><HeartRateBpm><Value>115</Value></HeartRateBpm><SensorState>Present</SensorState></Trackpoint><Trackpoint><Time>2025-07-20T10:16:42.201Z</Time><DistanceMeters>300.0</DistanceMeters><HeartRateBpm><Value>115</Value></HeartRateBpm><SensorState>Present</SensorState></Trackpoint><Trackpoint><Time>2025-07-20T10:16:43.201Z</Time><DistanceMeters>300.0</DistanceMeters><HeartRateBpm><Value>115</Value></HeartRateBpm><SensorState>Present</SensorState></Trackpoint><Trackpoint><Time>2025-07-20T10:16:44.201Z</Time><DistanceMeters>300.0</DistanceMeters><HeartRateBpm><Value>115</Value></HeartRateBpm><SensorState>Present</SensorState></Trackpoint><Trackpoint><Time>2025-07-20T10:16:45.201Z</Time><DistanceMeters>301.0926573806339</DistanceMeters><HeartRateBpm><Value>115</Value></HeartRateBpm><SensorState>Present</SensorState></Trackpoint><Trackpoint><Time>2025-07-20T10:16:46.201Z</Time><DistanceMeters>302.1853147612678</DistanceMeters><HeartRateBpm><Value>115</Value></HeartRateBpm><SensorState>Present</SensorState></Trackpoint><Trackpoint><Time>2025-07-20T10:16:47.201Z</Time><DistanceMeters>303.2779721419017</DistanceMeters><HeartRateBpm><Value>115</Value></HeartRateBpm><SensorState>Present</SensorState></Trackpoint><Trackpoint><Time>2025-07-20T10:16:48.201Z</Time><DistanceMeters>304.37062952253564</DistanceMeters><HeartRateBpm><Value>116</Value></HeartRateBpm><SensorState>Present</SensorState></Trackpoint><Trackpoint><Time>2025-07-20T10:16:49.201Z</Time><DistanceMeters>305.46328690316955</DistanceMeters><HeartRateBpm><Value>116</Value></HeartRateBpm><SensorState>Present</SensorState></Trackpoint><Trackpoint><Time>2025-07-20T10:16:50.201Z</Time><DistanceMeters>306.55594428380346</DistanceMeters><HeartRateBpm><Value>116</Value></HeartRateBpm><SensorState>Present</SensorState></Trackpoint><Trackpoint><Time>2025-07-20T10:16:51.201Z</Time><DistanceMeters>307.64860166443736</DistanceMeters><HeartRateBpm><Value>116</Value></HeartRateBpm><SensorState>Present</SensorState></Trackpoint><Trackpoint><Time>2025-07-20T10:16:52.201Z</Time><DistanceMeters>308.7412590450713</DistanceMeters><HeartRateBpm><Value>116</Value></HeartRateBpm><SensorState>Present</SensorState></Trackpoint><Trackpoint><Time>2025-07-20T10:16:53.201Z</Time><DistanceMeters>309.8339164257052</DistanceMeters><HeartRateBpm><Value>116</Value></HeartRateBpm><SensorState>Present</SensorState></Trackpoint><Trackpoint><Time>2025-07-20T10:16:54.201Z</Time><DistanceMeters>310.9265738063391</DistanceMeters><HeartRateBpm><Value>116</Value></HeartRateBpm><SensorState>Present</SensorState></Trackpoint><Trackpoint><Time>2025-07-20T10:16:55.201Z</Time><DistanceMeters>325.0</DistanceMeters><HeartRateBpm><Value>117</Value></HeartRateBpm><SensorState>Present</SensorState></Trackpoint><Trackpoint><Time>2025-07-20T10:16:56.201Z</Time><DistanceMeters>325.0</DistanceMeters><HeartRateBpm><Value>116</Value></HeartRateBpm><SensorState>Present</SensorState></Trackpoint><Trackpoint><Time>2025-07-20T10:16:57.201Z</Time><DistanceMeters>325.0</DistanceMeters><HeartRateBpm><Value>116</Value></HeartRateBpm><SensorState>Present</SensorState></Trackpoint><Trackpoint><Time>2025-07-20T10:16:58.201Z</Time><DistanceMeters>325.0</DistanceMeters><HeartRateBpm><Value>116</Value></HeartRateBpm><SensorState>Present</SensorState></Trackpoint><Trackpoint><Time>2025-07-20T10:16:59.201Z</Time><DistanceMeters>325.0</DistanceMeters><HeartRateBpm><Value>115</Value></HeartRateBpm><SensorState>Present</SensorState></Trackpoint><Trackpoint><Time>2025-07-20T10:17:00.201Z</Time><DistanceMeters>325.0</DistanceMeters><HeartRateBpm><Value>115</Value></HeartRateBpm><SensorState>Present</SensorState></Trackpoint><Trackpoint><Time>2025-07-20T10:17:01.201Z</Time><DistanceMeters>325.0</DistanceMeters><HeartRateBpm><Value>115</Value></HeartRateBpm><SensorState>Present</SensorState></Trackpoint><Trackpoint><Time>2025-07-20T10:17:02.201Z</Time><DistanceMeters>325.0</DistanceMeters><HeartRateBpm><Value>116</Value></HeartRateBpm><SensorState>Present</SensorState></Trackpoint><Trackpoint><Time>2025-07-20T10:17:03.201Z</Time><DistanceMeters>325.0</DistanceMeters><HeartRateBpm><Value>115</Value></HeartRateBpm><SensorState>Present</SensorState></Trackpoint><Trackpoint><Time>2025-07-20T10:17:04.201Z</Time><DistanceMeters>325.0</DistanceMeters><HeartRateBpm><Value>114</Value></HeartRateBpm><SensorState>Present</SensorState></Trackpoint><Trackpoint><Time>2025-07-20T10:17:05.201Z</Time><DistanceMeters>325.0</DistanceMeters><HeartRateBpm><Value>114</Value></HeartRateBpm><SensorState>Present</SensorState></Trackpoint><Trackpoint><Time>2025-07-20T10:17:06.201Z</Time><DistanceMeters>325.0</DistanceMeters><HeartRateBpm><Value>114</Value></HeartRateBpm><SensorState>Present</SensorState></Trackpoint><Trackpoint><Time>2025-07-20T10:17:07.201Z</Time><DistanceMeters>325.0</DistanceMeters><HeartRateBpm><Value>114</Value></HeartRateBpm><SensorState>Present</SensorState></Trackpoint><Trackpoint><Time>2025-07-20T10:17:08.201Z</Time><DistanceMeters>325.0</DistanceMeters><HeartRateBpm><Value>114</Value></HeartRateBpm><SensorState>Present</SensorState></Trackpoint><Trackpoint><Time>2025-07-20T10:17:09.201Z</Time><DistanceMeters>325.0</DistanceMeters><HeartRateBpm><Value>115</Value></HeartRateBpm><SensorState>Present</SensorState></Trackpoint><Trackpoint><Time>2025-07-20T10:17:10.201Z</Time><DistanceMeters>325.0</DistanceMeters><HeartRateBpm><Value>115</Value></HeartRateBpm><SensorState>Present</SensorState></Trackpoint><Trackpoint><Time>2025-07-20T10:17:11.201Z</Time><DistanceMeters>325.0</DistanceMeters><HeartRateBpm><Value>115</Value></HeartRateBpm><SensorState>Present</SensorState></Trackpoint><Trackpoint><Time>2025-07-20T10:17:12.201Z</Time><DistanceMeters>325.0</DistanceMeters><HeartRateBpm><Value>116</Value></HeartRateBpm><SensorState>Present</SensorState></Trackpoint><Trackpoint><Time>2025-07-20T10:17:13.201Z</Time><DistanceMeters>325.0</DistanceMeters><HeartRateBpm><Value>117</Value></HeartRateBpm><SensorState>Present</SensorState></Trackpoint><Trackpoint><Time>2025-07-20T10:17:14.201Z</Time><DistanceMeters>325.0</DistanceMeters><HeartRateBpm><Value>118</Value></HeartRateBpm><SensorState>Present</SensorState></Trackpoint><Trackpoint><Time>2025-07-20T10:17:15.201Z</Time><DistanceMeters>326.0926573806339</DistanceMeters><HeartRateBpm><Value>118</Value></HeartRateBpm><SensorState>Present</SensorState></Trackpoint><Trackpoint><Time>2025-07-20T10:17:16.201Z</Time><DistanceMeters>327.1853147612678</DistanceMeters><HeartRateBpm><Value>119</Value></HeartRateBpm><SensorState>Present</SensorState></Trackpoint><Trackpoint><Time>2025-07-20T10:17:17.201Z</Time><DistanceMeters>328.2779721419017</DistanceMeters><HeartRateBpm><Value>120</Value></HeartRateBpm><SensorState>Present</SensorState></Trackpoint><Trackpoint><Time>2025-07-20T10:17:18.201Z</Time><DistanceMeters>329.37062952253564</DistanceMeters><HeartRateBpm><Value>120</Value></HeartRateBpm><SensorState>Present</SensorState></Trackpoint><Trackpoint><Time>2025-07-20T10:17:19.201Z</Time><DistanceMeters>330.46328690316955</DistanceMeters><HeartRateBpm><Value>121</Value></HeartRateBpm><SensorState>Present</SensorState></Trackpoint><Trackpoint><Time>2025-07-20T10:17:20.201Z</Time><DistanceMeters>331.55594428380346</DistanceMeters><HeartRateBpm><Value>121</Value></HeartRateBpm><SensorState>Present</SensorState></Trackpoint><Trackpoint><Time>2025-07-20T10:17:21.201Z</Time><DistanceMeters>332.64860166443736</DistanceMeters><HeartRateBpm><Value>121</Value></HeartRateBpm><SensorState>Present</SensorState></Trackpoint><Trackpoint><Time>2025-07-20T10:17:22.201Z</Time><DistanceMeters>333.7412590450713</DistanceMeters><HeartRateBpm><Value>122</Value></HeartRateBpm><SensorState>Present</SensorState></Trackpoint><Trackpoint><Time>2025-07-20T10:17:23.201Z</Time><DistanceMeters>334.8339164257052</DistanceMeters><HeartRateBpm><Value>122</Value></HeartRateBpm><SensorState>Present</SensorState></Trackpoint><Trackpoint><Time>2025-07-20T10:17:24.201Z</Time><DistanceMeters>335.9265738063391</DistanceMeters><HeartRateBpm><Value>122</Value></HeartRateBpm><SensorState>Present</SensorState></Trackpoint><Trackpoint><Time>2025-07-20T10:17:25.201Z</Time><DistanceMeters>350.0</DistanceMeters><HeartRateBpm><Value>122</Value></HeartRateBpm><SensorState>Present</SensorState></Trackpoint><Trackpoint><Time>2025-07-20T10:17:26.201Z</Time><DistanceMeters>350.0</DistanceMeters><HeartRateBpm><Value>122</Value></HeartRateBpm><SensorState>Present</SensorState></Trackpoint><Trackpoint><Time>2025-07-20T10:17:27.201Z</Time><DistanceMeters>350.0</DistanceMeters><HeartRateBpm><Value>123</Value></HeartRateBpm><SensorState>Present</SensorState></Trackpoint><Trackpoint><Time>2025-07-20T10:17:28.201Z</Time><DistanceMeters>350.0</DistanceMeters><HeartRateBpm><Value>123</Value></HeartRateBpm><SensorState>Present</SensorState></Trackpoint><Trackpoint><Time>2025-07-20T10:17:29.201Z</Time><DistanceMeters>350.0</DistanceMeters><HeartRateBpm><Value>123</Value></HeartRateBpm><SensorState>Present</SensorState></Trackpoint><Trackpoint><Time>2025-07-20T10:17:30.201Z</Time><DistanceMeters>350.0</DistanceMeters><HeartRateBpm><Value>124</Value></HeartRateBpm><SensorState>Present</SensorState></Trackpoint><Trackpoint><Time>2025-07-20T10:17:31.201Z</Time><DistanceMeters>350.0</DistanceMeters><HeartRateBpm><Value>124</Value></HeartRateBpm><SensorState>Present</SensorState></Trackpoint><Trackpoint><Time>2025-07-20T10:17:32.201Z</Time><DistanceMeters>350.0</DistanceMeters><HeartRateBpm><Value>125</Value></HeartRateBpm><SensorState>Present</SensorState></Trackpoint><Trackpoint><Time>2025-07-20T10:17:33.201Z</Time><DistanceMeters>350.0</DistanceMeters><HeartRateBpm><Value>125</Value></HeartRateBpm><SensorState>Present</SensorState></Trackpoint><Trackpoint><Time>2025-07-20T10:17:34.201Z</Time><DistanceMeters>350.0</DistanceMeters><HeartRateBpm><Value>126</Value></HeartRateBpm><SensorState>Present</SensorState></Trackpoint><Trackpoint><Time>2025-07-20T10:17:35.201Z</Time><DistanceMeters>350.0</DistanceMeters><HeartRateBpm><Value>126</Value></HeartRateBpm><SensorState>Present</SensorState></Trackpoint><Trackpoint><Time>2025-07-20T10:17:36.201Z</Time><DistanceMeters>350.0</DistanceMeters><HeartRateBpm><Value>127</Value></HeartRateBpm><SensorState>Present</SensorState></Trackpoint><Trackpoint><Time>2025-07-20T10:17:37.201Z</Time><DistanceMeters>350.0</DistanceMeters><HeartRateBpm><Value>127</Value></HeartRateBpm><SensorState>Present</SensorState></Trackpoint><Trackpoint><Time>2025-07-20T10:17:38.201Z</Time><DistanceMeters>350.0</DistanceMeters><HeartRateBpm><Value>128</Value></HeartRateBpm><SensorState>Present</SensorState></Trackpoint><Trackpoint><Time>2025-07-20T10:17:39.201Z</Time><DistanceMeters>350.0</DistanceMeters><HeartRateBpm><Value>128</Value></HeartRateBpm><SensorState>Present</SensorState></Trackpoint><Trackpoint><Time>2025-07-20T10:17:40.201Z</Time><DistanceMeters>350.0</DistanceMeters><HeartRateBpm><Value>129</Value></HeartRateBpm><SensorState>Present</SensorState></Trackpoint><Trackpoint><Time>2025-07-20T10:17:41.201Z</Time><DistanceMeters>350.0</DistanceMeters><HeartRateBpm><Value>129</Value></HeartRateBpm><SensorState>Present</SensorState></Trackpoint><Trackpoint><Time>2025-07-20T10:17:42.201Z</Time><DistanceMeters>350.0</DistanceMeters><HeartRateBpm><Value>129</Value></HeartRateBpm><SensorState>Present</SensorState></Trackpoint><Trackpoint><Time>2025-07-20T10:17:43.201Z</Time><DistanceMeters>350.0</DistanceMeters><HeartRateBpm><Value>129</Value></HeartRateBpm><SensorState>Present</SensorState></Trackpoint><Trackpoint><Time>2025-07-20T10:17:44.201Z</Time><DistanceMeters>350.0</DistanceMeters><HeartRateBpm><Value>129</Value></HeartRateBpm><SensorState>Present</SensorState></Trackpoint><Trackpoint><Time>2025-07-20T10:17:45.201Z</Time><DistanceMeters>350.0</DistanceMeters><HeartRateBpm><Value>129</Value></HeartRateBpm><SensorState>Present</SensorState></Trackpoint><Trackpoint><Time>2025-07-20T10:17:46.201Z</Time><DistanceMeters>351.0926573806339</DistanceMeters><HeartRateBpm><Value>129</Value></HeartRateBpm><SensorState>Present</SensorState></Trackpoint><Trackpoint><Time>2025-07-20T10:17:47.201Z</Time><DistanceMeters>352.1853147612678</DistanceMeters><HeartRateBpm><Value>129</Value></HeartRateBpm><SensorState>Present</SensorState></Trackpoint><Trackpoint><Time>2025-07-20T10:17:48.201Z</Time><DistanceMeters>353.2779721419017</DistanceMeters><HeartRateBpm><Value>129</Value></HeartRateBpm><SensorState>Present</SensorState></Trackpoint><Trackpoint><Time>2025-07-20T10:17:49.201Z</Time><DistanceMeters>354.37062952253564</DistanceMeters><HeartRateBpm><Value>129</Value></HeartRateBpm><SensorState>Present</SensorState></Trackpoint><Trackpoint><Time>2025-07-20T10:17:50.201Z</Time><DistanceMeters>355.46328690316955</DistanceMeters><HeartRateBpm><Value>128</Value></HeartRateBpm><SensorState>Present</SensorState></Trackpoint><Trackpoint><Time>2025-07-20T10:17:51.201Z</Time><DistanceMeters>356.55594428380346</DistanceMeters><HeartRateBpm><Value>128</Value></HeartRateBpm><SensorState>Present</SensorState></Trackpoint><Trackpoint><Time>2025-07-20T10:17:52.201Z</Time><DistanceMeters>357.64860166443736</DistanceMeters><HeartRateBpm><Value>127</Value></HeartRateBpm><SensorState>Present</SensorState></Trackpoint><Trackpoint><Time>2025-07-20T10:17:53.201Z</Time><DistanceMeters>358.7412590450713</DistanceMeters><HeartRateBpm><Value>127</Value></HeartRateBpm><SensorState>Present</SensorState></Trackpoint><Trackpoint><Time>2025-07-20T10:17:54.201Z</Time><DistanceMeters>359.8339164257052</DistanceMeters><HeartRateBpm><Value>125</Value></HeartRateBpm><SensorState>Present</SensorState></Trackpoint><Trackpoint><Time>2025-07-20T10:17:55.201Z</Time><DistanceMeters>360.9265738063391</DistanceMeters><HeartRateBpm><Value>125</Value></HeartRateBpm><SensorState>Present</SensorState></Trackpoint><Trackpoint><Time>2025-07-20T10:17:56.201Z</Time><DistanceMeters>375.0</DistanceMeters><HeartRateBpm><Value>124</Value></HeartRateBpm><SensorState>Present</SensorState></Trackpoint><Trackpoint><Time>2025-07-20T10:17:57.201Z</Time><DistanceMeters>375.0</DistanceMeters><HeartRateBpm><Value>124</Value></HeartRateBpm><SensorState>Present</SensorState></Trackpoint><Trackpoint><Time>2025-07-20T10:17:58.201Z</Time><DistanceMeters>375.0</DistanceMeters><HeartRateBpm><Value>123</Value></HeartRateBpm><SensorState>Present</SensorState></Trackpoint><Trackpoint><Time>2025-07-20T10:17:59.201Z</Time><DistanceMeters>375.0</DistanceMeters><HeartRateBpm><Value>123</Value></HeartRateBpm><SensorState>Present</SensorState></Trackpoint><Trackpoint><Time>2025-07-20T10:18:00.201Z</Time><DistanceMeters>375.0</DistanceMeters><HeartRateBpm><Value>122</Value></HeartRateBpm><SensorState>Present</SensorState></Trackpoint><Trackpoint><Time>2025-07-20T10:18:01.201Z</Time><DistanceMeters>375.0</DistanceMeters><HeartRateBpm><Value>121</Value></HeartRateBpm><SensorState>Present</SensorState></Trackpoint><Trackpoint><Time>2025-07-20T10:18:02.201Z</Time><DistanceMeters>375.0</DistanceMeters><HeartRateBpm><Value>121</Value></HeartRateBpm><SensorState>Present</SensorState></Trackpoint><Trackpoint><Time>2025-07-20T10:18:03.201Z</Time><DistanceMeters>375.0</DistanceMeters><HeartRateBpm><Value>121</Value></HeartRateBpm><SensorState>Present</SensorState></Trackpoint><Trackpoint><Time>2025-07-20T10:18:04.201Z</Time><DistanceMeters>375.0</DistanceMeters><HeartRateBpm><Value>122</Value></HeartRateBpm><SensorState>Present</SensorState></Trackpoint><Trackpoint><Time>2025-07-20T10:18:05.201Z</Time><DistanceMeters>375.0</DistanceMeters><HeartRateBpm><Value>121</Value></HeartRateBpm><SensorState>Present</SensorState></Trackpoint><Trackpoint><Time>2025-07-20T10:18:06.201Z</Time><DistanceMeters>375.0</DistanceMeters><HeartRateBpm><Value>121</Value></HeartRateBpm><SensorState>Present</SensorState></Trackpoint><Trackpoint><Time>2025-07-20T10:18:07.201Z</Time><DistanceMeters>375.0</DistanceMeters><HeartRateBpm><Value>121</Value></HeartRateBpm><SensorState>Present</SensorState></Trackpoint><Trackpoint><Time>2025-07-20T10:18:08.201Z</Time><DistanceMeters>375.0</DistanceMeters><HeartRateBpm><Value>121</Value></HeartRateBpm><SensorState>Present</SensorState></Trackpoint><Trackpoint><Time>2025-07-20T10:18:09.201Z</Time><DistanceMeters>375.0</DistanceMeters><HeartRateBpm><Value>121</Value></HeartRateBpm><SensorState>Present</SensorState></Trackpoint><Trackpoint><Time>2025-07-20T10:18:10.201Z</Time><DistanceMeters>375.0</DistanceMeters><HeartRateBpm><Value>122</Value></HeartRateBpm><SensorState>Present</SensorState></Trackpoint><Trackpoint><Time>2025-07-20T10:18:11.201Z</Time><DistanceMeters>375.0</DistanceMeters><HeartRateBpm><Value>123</Value></HeartRateBpm><SensorState>Present</SensorState></Trackpoint><Trackpoint><Time>2025-07-20T10:18:12.201Z</Time><DistanceMeters>375.0</DistanceMeters><HeartRateBpm><Value>123</Value></HeartRateBpm><SensorState>Present</SensorState></Trackpoint><Trackpoint><Time>2025-07-20T10:18:13.201Z</Time><DistanceMeters>375.0</DistanceMeters><HeartRateBpm><Value>123</Value></HeartRateBpm><SensorState>Present</SensorState></Trackpoint><Trackpoint><Time>2025-07-20T10:18:14.201Z</Time><DistanceMeters>375.0</DistanceMeters><HeartRateBpm><Value>123</Value></HeartRateBpm><SensorState>Present</SensorState></Trackpoint><Trackpoint><Time>2025-07-20T10:18:15.201Z</Time><DistanceMeters>375.0</DistanceMeters><HeartRateBpm><Value>123</Value></HeartRateBpm><SensorState>Present</SensorState></Trackpoint><Trackpoint><Time>2025-07-20T10:18:16.201Z</Time><DistanceMeters>376.0926573806339</DistanceMeters><HeartRateBpm><Value>124</Value></HeartRateBpm><SensorState>Present</SensorState></Trackpoint><Trackpoint><Time>2025-07-20T10:18:17.201Z</Time><DistanceMeters>377.1853147612678</DistanceMeters><HeartRateBpm><Value>124</Value></HeartRateBpm><SensorState>Present</SensorState></Trackpoint><Trackpoint><Time>2025-07-20T10:18:18.201Z</Time><DistanceMeters>378.2779721419017</DistanceMeters><HeartRateBpm><Value>124</Value></HeartRateBpm><SensorState>Present</SensorState></Trackpoint><Trackpoint><Time>2025-07-20T10:18:19.201Z</Time><DistanceMeters>379.37062952253564</DistanceMeters><HeartRateBpm><Value>124</Value></HeartRateBpm><SensorState>Present</SensorState></Trackpoint><Trackpoint><Time>2025-07-20T10:18:20.201Z</Time><DistanceMeters>380.46328690316955</DistanceMeters><HeartRateBpm><Value>125</Value></HeartRateBpm><SensorState>Present</SensorState></Trackpoint><Trackpoint><Time>2025-07-20T10:18:21.201Z</Time><DistanceMeters>381.55594428380346</DistanceMeters><HeartRateBpm><Value>126</Value></HeartRateBpm><SensorState>Present</SensorState></Trackpoint><Trackpoint><Time>2025-07-20T10:18:22.201Z</Time><DistanceMeters>382.64860166443736</DistanceMeters><HeartRateBpm><Value>125</Value></HeartRateBpm><SensorState>Present</SensorState></Trackpoint><Trackpoint><Time>2025-07-20T10:18:23.201Z</Time><DistanceMeters>383.7412590450713</DistanceMeters><HeartRateBpm><Value>125</Value></HeartRateBpm><SensorState>Present</SensorState></Trackpoint><Trackpoint><Time>2025-07-20T10:18:24.201Z</Time><DistanceMeters>384.8339164257052</DistanceMeters><HeartRateBpm><Value>125</Value></HeartRateBpm><SensorState>Present</SensorState></Trackpoint><Trackpoint><Time>2025-07-20T10:18:25.201Z</Time><DistanceMeters>385.9265738063391</DistanceMeters><HeartRateBpm><Value>125</Value></HeartRateBpm><SensorState>Present</SensorState></Trackpoint><Trackpoint><Time>2025-07-20T10:18:26.201Z</Time><DistanceMeters>400.0</DistanceMeters><HeartRateBpm><Value>124</Value></HeartRateBpm><SensorState>Present</SensorState></Trackpoint><Trackpoint><Time>2025-07-20T10:18:27.201Z</Time><DistanceMeters>400.0</DistanceMeters><HeartRateBpm><Value>124</Value></HeartRateBpm><SensorState>Present</SensorState></Trackpoint><Trackpoint><Time>2025-07-20T10:18:28.201Z</Time><DistanceMeters>400.0</DistanceMeters><HeartRateBpm><Value>123</Value></HeartRateBpm><SensorState>Present</SensorState></Trackpoint><Trackpoint><Time>2025-07-20T10:18:29.201Z</Time><DistanceMeters>400.0</DistanceMeters><HeartRateBpm><Value>122</Value></HeartRateBpm><SensorState>Present</SensorState></Trackpoint><Trackpoint><Time>2025-07-20T10:18:30.201Z</Time><DistanceMeters>400.0</DistanceMeters><HeartRateBpm><Value>122</Value></HeartRateBpm><SensorState>Present</SensorState></Trackpoint><Trackpoint><Time>2025-07-20T10:18:31.201Z</Time><DistanceMeters>400.0</DistanceMeters><HeartRateBpm><Value>122</Value></HeartRateBpm><SensorState>Present</SensorState></Trackpoint><Trackpoint><Time>2025-07-20T10:18:32.201Z</Time><DistanceMeters>400.0</DistanceMeters><HeartRateBpm><Value>121</Value></HeartRateBpm><SensorState>Present</SensorState></Trackpoint><Trackpoint><Time>2025-07-20T10:18:33.201Z</Time><DistanceMeters>400.0</DistanceMeters><HeartRateBpm><Value>121</Value></HeartRateBpm><SensorState>Present</SensorState></Trackpoint><Trackpoint><Time>2025-07-20T10:18:34.201Z</Time><DistanceMeters>400.0</DistanceMeters><HeartRateBpm><Value>121</Value></HeartRateBpm><SensorState>Present</SensorState></Trackpoint><Trackpoint><Time>2025-07-20T10:18:35.201Z</Time><DistanceMeters>400.0</DistanceMeters><HeartRateBpm><Value>120</Value></HeartRateBpm><SensorState>Present</SensorState></Trackpoint><Trackpoint><Time>2025-07-20T10:18:36.201Z</Time><DistanceMeters>400.0</DistanceMeters><HeartRateBpm><Value>120</Value></HeartRateBpm><SensorState>Present</SensorState></Trackpoint><Trackpoint><Time>2025-07-20T10:18:37.201Z</Time><DistanceMeters>400.0</DistanceMeters><HeartRateBpm><Value>121</Value></HeartRateBpm><SensorState>Present</SensorState></Trackpoint><Trackpoint><Time>2025-07-20T10:18:38.201Z</Time><DistanceMeters>400.0</DistanceMeters><HeartRateBpm><Value>121</Value></HeartRateBpm><SensorState>Present</SensorState></Trackpoint><Trackpoint><Time>2025-07-20T10:18:39.201Z</Time><DistanceMeters>400.0</DistanceMeters><HeartRateBpm><Value>121</Value></HeartRateBpm><SensorState>Present</SensorState></Trackpoint><Trackpoint><Time>2025-07-20T10:18:40.201Z</Time><DistanceMeters>400.0</DistanceMeters><HeartRateBpm><Value>121</Value></HeartRateBpm><SensorState>Present</SensorState></Trackpoint><Trackpoint><Time>2025-07-20T10:18:41.201Z</Time><DistanceMeters>400.0</DistanceMeters><HeartRateBpm><Value>121</Value></HeartRateBpm><SensorState>Present</SensorState></Trackpoint><Trackpoint><Time>2025-07-20T10:18:42.201Z</Time><DistanceMeters>400.0</DistanceMeters><HeartRateBpm><Value>120</Value></HeartRateBpm><SensorState>Present</SensorState></Trackpoint><Trackpoint><Time>2025-07-20T10:18:43.201Z</Time><DistanceMeters>400.0</DistanceMeters><HeartRateBpm><Value>120</Value></HeartRateBpm><SensorState>Present</SensorState></Trackpoint><Trackpoint><Time>2025-07-20T10:18:44.201Z</Time><DistanceMeters>400.0</DistanceMeters><HeartRateBpm><Value>121</Value></HeartRateBpm><SensorState>Present</SensorState></Trackpoint><Trackpoint><Time>2025-07-20T10:18:45.201Z</Time><DistanceMeters>400.0</DistanceMeters><HeartRateBpm><Value>121</Value></HeartRateBpm><SensorState>Present</SensorState></Trackpoint><Trackpoint><Time>2025-07-20T10:18:46.201Z</Time><DistanceMeters>400.0</DistanceMeters><HeartRateBpm><Value>121</Value></HeartRateBpm><SensorState>Present</SensorState></Trackpoint><Trackpoint><Time>2025-07-20T10:18:47.201Z</Time><DistanceMeters>401.0926573806339</DistanceMeters><HeartRateBpm><Value>121</Value></HeartRateBpm><SensorState>Present</SensorState></Trackpoint><Trackpoint><Time>2025-07-20T10:18:48.201Z</Time><DistanceMeters>402.1853147612678</DistanceMeters><HeartRateBpm><Value>121</Value></HeartRateBpm><SensorState>Present</SensorState></Trackpoint><Trackpoint><Time>2025-07-20T10:18:49.201Z</Time><DistanceMeters>403.2779721419017</DistanceMeters><HeartRateBpm><Value>121</Value></HeartRateBpm><SensorState>Present</SensorState></Trackpoint><Trackpoint><Time>2025-07-20T10:18:50.201Z</Time><DistanceMeters>404.37062952253564</DistanceMeters><HeartRateBpm><Value>121</Value></HeartRateBpm><SensorState>Present</SensorState></Trackpoint><Trackpoint><Time>2025-07-20T10:18:51.201Z</Time><DistanceMeters>405.46328690316955</DistanceMeters><HeartRateBpm><Value>121</Value></HeartRateBpm><SensorState>Present</SensorState></Trackpoint><Trackpoint><Time>2025-07-20T10:18:52.201Z</Time><DistanceMeters>406.55594428380346</DistanceMeters><HeartRateBpm><Value>122</Value></HeartRateBpm><SensorState>Present</SensorState></Trackpoint><Trackpoint><Time>2025-07-20T10:18:53.201Z</Time><DistanceMeters>407.64860166443736</DistanceMeters><HeartRateBpm><Value>122</Value></HeartRateBpm><SensorState>Present</SensorState></Trackpoint><Trackpoint><Time>2025-07-20T10:18:54.201Z</Time><DistanceMeters>408.7412590450713</DistanceMeters><HeartRateBpm><Value>122</Value></HeartRateBpm><SensorState>Present</SensorState></Trackpoint><Trackpoint><Time>2025-07-20T10:18:55.201Z</Time><DistanceMeters>409.8339164257052</DistanceMeters><HeartRateBpm><Value>123</Value></HeartRateBpm><SensorState>Present</SensorState></Trackpoint><Trackpoint><Time>2025-07-20T10:18:56.201Z</Time><DistanceMeters>410.9265738063391</DistanceMeters><HeartRateBpm><Value>123</Value></HeartRateBpm><SensorState>Present</SensorState></Trackpoint><Trackpoint><Time>2025-07-20T10:18:57.201Z</Time><DistanceMeters>425.0</DistanceMeters><HeartRateBpm><Value>124</Value></HeartRateBpm><SensorState>Present</SensorState></Trackpoint><Trackpoint><Time>2025-07-20T10:18:58.201Z</Time><DistanceMeters>425.0</DistanceMeters><HeartRateBpm><Value>125</Value></HeartRateBpm><SensorState>Present</SensorState></Trackpoint><Trackpoint><Time>2025-07-20T10:18:59.201Z</Time><DistanceMeters>425.0</DistanceMeters><HeartRateBpm><Value>126</Value></HeartRateBpm><SensorState>Present</SensorState></Trackpoint><Trackpoint><Time>2025-07-20T10:19:00.201Z</Time><DistanceMeters>425.0</DistanceMeters><HeartRateBpm><Value>126</Value></HeartRateBpm><SensorState>Present</SensorState></Trackpoint><Trackpoint><Time>2025-07-20T10:19:01.201Z</Time><DistanceMeters>425.0</DistanceMeters><HeartRateBpm><Value>127</Value></HeartRateBpm><SensorState>Present</SensorState></Trackpoint><Trackpoint><Time>2025-07-20T10:19:02.201Z</Time><DistanceMeters>425.0</DistanceMeters><HeartRateBpm><Value>127</Value></HeartRateBpm><SensorState>Present</SensorState></Trackpoint><Trackpoint><Time>2025-07-20T10:19:03.201Z</Time><DistanceMeters>425.0</DistanceMeters><HeartRateBpm><Value>126</Value></HeartRateBpm><SensorState>Present</SensorState></Trackpoint><Trackpoint><Time>2025-07-20T10:19:04.201Z</Time><DistanceMeters>425.0</DistanceMeters><HeartRateBpm><Value>125</Value></HeartRateBpm><SensorState>Present</SensorState></Trackpoint><Trackpoint><Time>2025-07-20T10:19:05.201Z</Time><DistanceMeters>425.0</DistanceMeters><HeartRateBpm><Value>123</Value></HeartRateBpm><SensorState>Present</SensorState></Trackpoint><Trackpoint><Time>2025-07-20T10:19:06.201Z</Time><DistanceMeters>425.0</DistanceMeters><HeartRateBpm><Value>121</Value></HeartRateBpm><SensorState>Present</SensorState></Trackpoint><Trackpoint><Time>2025-07-20T10:19:07.201Z</Time><DistanceMeters>425.0</DistanceMeters><HeartRateBpm><Value>119</Value></HeartRateBpm><SensorState>Present</SensorState></Trackpoint><Trackpoint><Time>2025-07-20T10:19:08.201Z</Time><DistanceMeters>425.0</DistanceMeters><HeartRateBpm><Value>117</Value></HeartRateBpm><SensorState>Present</SensorState></Trackpoint><Trackpoint><Time>2025-07-20T10:19:09.201Z</Time><DistanceMeters>425.0</DistanceMeters><HeartRateBpm><Value>115</Value></HeartRateBpm><SensorState>Present</SensorState></Trackpoint><Trackpoint><Time>2025-07-20T10:19:10.201Z</Time><DistanceMeters>425.0</DistanceMeters><HeartRateBpm><Value>113</Value></HeartRateBpm><SensorState>Present</SensorState></Trackpoint><Trackpoint><Time>2025-07-20T10:19:11.201Z</Time><DistanceMeters>425.0</DistanceMeters><HeartRateBpm><Value>112</Value></HeartRateBpm><SensorState>Present</SensorState></Trackpoint><Trackpoint><Time>2025-07-20T10:19:12.201Z</Time><DistanceMeters>425.0</DistanceMeters><HeartRateBpm><Value>110</Value></HeartRateBpm><SensorState>Present</SensorState></Trackpoint><Trackpoint><Time>2025-07-20T10:19:13.201Z</Time><DistanceMeters>425.0</DistanceMeters><HeartRateBpm><Value>110</Value></HeartRateBpm><SensorState>Present</SensorState></Trackpoint><Trackpoint><Time>2025-07-20T10:19:14.201Z</Time><DistanceMeters>425.0</DistanceMeters><HeartRateBpm><Value>110</Value></HeartRateBpm><SensorState>Present</SensorState></Trackpoint><Trackpoint><Time>2025-07-20T10:19:15.201Z</Time><DistanceMeters>425.0</DistanceMeters><HeartRateBpm><Value>111</Value></HeartRateBpm><SensorState>Present</SensorState></Trackpoint><Trackpoint><Time>2025-07-20T10:19:16.201Z</Time><DistanceMeters>425.0</DistanceMeters><HeartRateBpm><Value>111</Value></HeartRateBpm><SensorState>Present</SensorState></Trackpoint><Trackpoint><Time>2025-07-20T10:19:17.201Z</Time><DistanceMeters>426.0926573806339</DistanceMeters><HeartRateBpm><Value>112</Value></HeartRateBpm><SensorState>Present</SensorState></Trackpoint><Trackpoint><Time>2025-07-20T10:19:18.201Z</Time><DistanceMeters>427.1853147612678</DistanceMeters><HeartRateBpm><Value>111</Value></HeartRateBpm><SensorState>Present</SensorState></Trackpoint><Trackpoint><Time>2025-07-20T10:19:19.201Z</Time><DistanceMeters>428.2779721419017</DistanceMeters><HeartRateBpm><Value>110</Value></HeartRateBpm><SensorState>Present</SensorState></Trackpoint><Trackpoint><Time>2025-07-20T10:19:20.201Z</Time><DistanceMeters>429.37062952253564</DistanceMeters><HeartRateBpm><Value>109</Value></HeartRateBpm><SensorState>Present</SensorState></Trackpoint><Trackpoint><Time>2025-07-20T10:19:21.201Z</Time><DistanceMeters>430.46328690316955</DistanceMeters><HeartRateBpm><Value>109</Value></HeartRateBpm><SensorState>Present</SensorState></Trackpoint><Trackpoint><Time>2025-07-20T10:19:22.201Z</Time><DistanceMeters>431.55594428380346</DistanceMeters><HeartRateBpm><Value>108</Value></HeartRateBpm><SensorState>Present</SensorState></Trackpoint><Trackpoint><Time>2025-07-20T10:19:23.201Z</Time><DistanceMeters>432.64860166443736</DistanceMeters><HeartRateBpm><Value>109</Value></HeartRateBpm><SensorState>Present</SensorState></Trackpoint><Trackpoint><Time>2025-07-20T10:19:24.201Z</Time><DistanceMeters>433.7412590450713</DistanceMeters><HeartRateBpm><Value>110</Value></HeartRateBpm><SensorState>Present</SensorState></Trackpoint><Trackpoint><Time>2025-07-20T10:19:25.201Z</Time><DistanceMeters>434.8339164257052</DistanceMeters><HeartRateBpm><Value>111</Value></HeartRateBpm><SensorState>Present</SensorState></Trackpoint><Trackpoint><Time>2025-07-20T10:19:26.201Z</Time><DistanceMeters>435.9265738063391</DistanceMeters><HeartRateBpm><Value>112</Value></HeartRateBpm><SensorState>Present</SensorState></Trackpoint><Trackpoint><Time>2025-07-20T10:19:27.201Z</Time><DistanceMeters>450.0</DistanceMeters><HeartRateBpm><Value>113</Value></HeartRateBpm><SensorState>Present</SensorState></Trackpoint><Trackpoint><Time>2025-07-20T10:19:28.201Z</Time><DistanceMeters>450.0</DistanceMeters><HeartRateBpm><Value>113</Value></HeartRateBpm><SensorState>Present</SensorState></Trackpoint><Trackpoint><Time>2025-07-20T10:19:29.201Z</Time><DistanceMeters>450.0</DistanceMeters><HeartRateBpm><Value>114</Value></HeartRateBpm><SensorState>Present</SensorState></Trackpoint><Trackpoint><Time>2025-07-20T10:19:30.201Z</Time><DistanceMeters>450.0</DistanceMeters><HeartRateBpm><Value>115</Value></HeartRateBpm><SensorState>Present</SensorState></Trackpoint><Trackpoint><Time>2025-07-20T10:19:31.201Z</Time><DistanceMeters>450.0</DistanceMeters><HeartRateBpm><Value>115</Value></HeartRateBpm><SensorState>Present</SensorState></Trackpoint><Trackpoint><Time>2025-07-20T10:19:32.201Z</Time><DistanceMeters>450.0</DistanceMeters><HeartRateBpm><Value>115</Value></HeartRateBpm><SensorState>Present</SensorState></Trackpoint><Trackpoint><Time>2025-07-20T10:19:33.201Z</Time><DistanceMeters>450.0</DistanceMeters><HeartRateBpm><Value>115</Value></HeartRateBpm><SensorState>Present</SensorState></Trackpoint><Trackpoint><Time>2025-07-20T10:19:34.201Z</Time><DistanceMeters>450.0</DistanceMeters><HeartRateBpm><Value>115</Value></HeartRateBpm><SensorState>Present</SensorState></Trackpoint><Trackpoint><Time>2025-07-20T10:19:35.201Z</Time><DistanceMeters>450.0</DistanceMeters><HeartRateBpm><Value>115</Value></HeartRateBpm><SensorState>Present</SensorState></Trackpoint><Trackpoint><Time>2025-07-20T10:19:36.201Z</Time><DistanceMeters>450.0</DistanceMeters><HeartRateBpm><Value>115</Value></HeartRateBpm><SensorState>Present</SensorState></Trackpoint><Trackpoint><Time>2025-07-20T10:19:37.201Z</Time><DistanceMeters>450.0</DistanceMeters><HeartRateBpm><Value>116</Value></HeartRateBpm><SensorState>Present</SensorState></Trackpoint><Trackpoint><Time>2025-07-20T10:19:38.201Z</Time><DistanceMeters>450.0</DistanceMeters><HeartRateBpm><Value>115</Value></HeartRateBpm><SensorState>Present</SensorState></Trackpoint><Trackpoint><Time>2025-07-20T10:19:39.201Z</Time><DistanceMeters>450.0</DistanceMeters><HeartRateBpm><Value>115</Value></HeartRateBpm><SensorState>Present</SensorState></Trackpoint><Trackpoint><Time>2025-07-20T10:19:40.201Z</Time><DistanceMeters>450.0</DistanceMeters><HeartRateBpm><Value>115</Value></HeartRateBpm><SensorState>Present</SensorState></Trackpoint><Trackpoint><Time>2025-07-20T10:19:41.201Z</Time><DistanceMeters>450.0</DistanceMeters><HeartRateBpm><Value>115</Value></HeartRateBpm><SensorState>Present</SensorState></Trackpoint><Trackpoint><Time>2025-07-20T10:19:42.201Z</Time><DistanceMeters>450.0</DistanceMeters><HeartRateBpm><Value>115</Value></HeartRateBpm><SensorState>Present</SensorState></Trackpoint><Trackpoint><Time>2025-07-20T10:19:43.201Z</Time><DistanceMeters>450.0</DistanceMeters><HeartRateBpm><Value>115</Value></HeartRateBpm><SensorState>Present</SensorState></Trackpoint><Trackpoint><Time>2025-07-20T10:19:44.201Z</Time><DistanceMeters>450.0</DistanceMeters><HeartRateBpm><Value>116</Value></HeartRateBpm><SensorState>Present</SensorState></Trackpoint><Trackpoint><Time>2025-07-20T10:19:45.201Z</Time><DistanceMeters>450.0</DistanceMeters><HeartRateBpm><Value>116</Value></HeartRateBpm><SensorState>Present</SensorState></Trackpoint><Trackpoint><Time>2025-07-20T10:19:46.201Z</Time><DistanceMeters>450.0</DistanceMeters><HeartRateBpm><Value>116</Value></HeartRateBpm><SensorState>Present</SensorState></Trackpoint><Trackpoint><Time>2025-07-20T10:19:47.201Z</Time><DistanceMeters>450.0</DistanceMeters><HeartRateBpm><Value>116</Value></HeartRateBpm><SensorState>Present</SensorState></Trackpoint><Trackpoint><Time>2025-07-20T10:19:48.201Z</Time><DistanceMeters>451.0926573806339</DistanceMeters><HeartRateBpm><Value>116</Value></HeartRateBpm><SensorState>Present</SensorState></Trackpoint><Trackpoint><Time>2025-07-20T10:19:49.201Z</Time><DistanceMeters>452.1853147612678</DistanceMeters><HeartRateBpm><Value>115</Value></HeartRateBpm><SensorState>Present</SensorState></Trackpoint><Trackpoint><Time>2025-07-20T10:19:50.201Z</Time><DistanceMeters>453.2779721419017</DistanceMeters><HeartRateBpm><Value>115</Value></HeartRateBpm><SensorState>Present</SensorState></Trackpoint><Trackpoint><Time>2025-07-20T10:19:51.201Z</Time><DistanceMeters>454.37062952253564</DistanceMeters><HeartRateBpm><Value>115</Value></HeartRateBpm><SensorState>Present</SensorState></Trackpoint><Trackpoint><Time>2025-07-20T10:19:52.201Z</Time><DistanceMeters>455.46328690316955</DistanceMeters><HeartRateBpm><Value>115</Value></HeartRateBpm><SensorState>Present</SensorState></Trackpoint><Trackpoint><Time>2025-07-20T10:19:53.201Z</Time><DistanceMeters>456.55594428380346</DistanceMeters><HeartRateBpm><Value>115</Value></HeartRateBpm><SensorState>Present</SensorState></Trackpoint><Trackpoint><Time>2025-07-20T10:19:54.201Z</Time><DistanceMeters>457.64860166443736</DistanceMeters><HeartRateBpm><Value>115</Value></HeartRateBpm><SensorState>Present</SensorState></Trackpoint><Trackpoint><Time>2025-07-20T10:19:55.201Z</Time><DistanceMeters>458.7412590450713</DistanceMeters><HeartRateBpm><Value>115</Value></HeartRateBpm><SensorState>Present</SensorState></Trackpoint><Trackpoint><Time>2025-07-20T10:19:56.201Z</Time><DistanceMeters>459.8339164257052</DistanceMeters><HeartRateBpm><Value>115</Value></HeartRateBpm><SensorState>Present</SensorState></Trackpoint><Trackpoint><Time>2025-07-20T10:19:57.201Z</Time><DistanceMeters>460.9265738063391</DistanceMeters><HeartRateBpm><Value>116</Value></HeartRateBpm><SensorState>Present</SensorState></Trackpoint><Trackpoint><Time>2025-07-20T10:19:58.201Z</Time><DistanceMeters>475.0</DistanceMeters><HeartRateBpm><Value>117</Value></HeartRateBpm><SensorState>Present</SensorState></Trackpoint><Trackpoint><Time>2025-07-20T10:19:59.201Z</Time><DistanceMeters>475.0</DistanceMeters><HeartRateBpm><Value>119</Value></HeartRateBpm><SensorState>Present</SensorState></Trackpoint><Trackpoint><Time>2025-07-20T10:20:00.201Z</Time><DistanceMeters>475.0</DistanceMeters><HeartRateBpm><Value>120</Value></HeartRateBpm><SensorState>Present</SensorState></Trackpoint><Trackpoint><Time>2025-07-20T10:20:01.201Z</Time><DistanceMeters>475.0</DistanceMeters><HeartRateBpm><Value>121</Value></HeartRateBpm><SensorState>Present</SensorState></Trackpoint><Trackpoint><Time>2025-07-20T10:20:02.201Z</Time><DistanceMeters>475.0</DistanceMeters><HeartRateBpm><Value>121</Value></HeartRateBpm><SensorState>Present</SensorState></Trackpoint><Trackpoint><Time>2025-07-20T10:20:03.201Z</Time><DistanceMeters>475.0</DistanceMeters><HeartRateBpm><Value>122</Value></HeartRateBpm><SensorState>Present</SensorState></Trackpoint><Trackpoint><Time>2025-07-20T10:20:04.201Z</Time><DistanceMeters>475.0</DistanceMeters><HeartRateBpm><Value>122</Value></HeartRateBpm><SensorState>Present</SensorState></Trackpoint><Trackpoint><Time>2025-07-20T10:20:05.201Z</Time><DistanceMeters>475.0</DistanceMeters><HeartRateBpm><Value>123</Value></HeartRateBpm><SensorState>Present</SensorState></Trackpoint><Trackpoint><Time>2025-07-20T10:20:06.201Z</Time><DistanceMeters>475.0</DistanceMeters><HeartRateBpm><Value>123</Value></HeartRateBpm><SensorState>Present</SensorState></Trackpoint><Trackpoint><Time>2025-07-20T10:20:07.201Z</Time><DistanceMeters>475.0</DistanceMeters><HeartRateBpm><Value>123</Value></HeartRateBpm><SensorState>Present</SensorState></Trackpoint><Trackpoint><Time>2025-07-20T10:20:08.201Z</Time><DistanceMeters>475.0</DistanceMeters><HeartRateBpm><Value>123</Value></HeartRateBpm><SensorState>Present</SensorState></Trackpoint><Trackpoint><Time>2025-07-20T10:20:09.201Z</Time><DistanceMeters>475.0</DistanceMeters><HeartRateBpm><Value>124</Value></HeartRateBpm><SensorState>Present</SensorState></Trackpoint><Trackpoint><Time>2025-07-20T10:20:10.201Z</Time><DistanceMeters>475.0</DistanceMeters><HeartRateBpm><Value>125</Value></HeartRateBpm><SensorState>Present</SensorState></Trackpoint><Trackpoint><Time>2025-07-20T10:20:11.201Z</Time><DistanceMeters>475.0</DistanceMeters><HeartRateBpm><Value>125</Value></HeartRateBpm><SensorState>Present</SensorState></Trackpoint><Trackpoint><Time>2025-07-20T10:20:12.201Z</Time><DistanceMeters>475.0</DistanceMeters><HeartRateBpm><Value>126</Value></HeartRateBpm><SensorState>Present</SensorState></Trackpoint><Trackpoint><Time>2025-07-20T10:20:13.201Z</Time><DistanceMeters>475.0</DistanceMeters><HeartRateBpm><Value>127</Value></HeartRateBpm><SensorState>Present</SensorState></Trackpoint><Trackpoint><Time>2025-07-20T10:20:14.201Z</Time><DistanceMeters>475.0</DistanceMeters><HeartRateBpm><Value>128</Value></HeartRateBpm><SensorState>Present</SensorState></Trackpoint><Trackpoint><Time>2025-07-20T10:20:15.201Z</Time><DistanceMeters>475.0</DistanceMeters><HeartRateBpm><Value>130</Value></HeartRateBpm><SensorState>Present</SensorState></Trackpoint><Trackpoint><Time>2025-07-20T10:20:16.201Z</Time><DistanceMeters>475.0</DistanceMeters><HeartRateBpm><Value>132</Value></HeartRateBpm><SensorState>Present</SensorState></Trackpoint><Trackpoint><Time>2025-07-20T10:20:17.201Z</Time><DistanceMeters>475.0</DistanceMeters><HeartRateBpm><Value>133</Value></HeartRateBpm><SensorState>Present</SensorState></Trackpoint><Trackpoint><Time>2025-07-20T10:20:18.201Z</Time><DistanceMeters>476.0926573806339</DistanceMeters><HeartRateBpm><Value>134</Value></HeartRateBpm><SensorState>Present</SensorState></Trackpoint><Trackpoint><Time>2025-07-20T10:20:19.201Z</Time><DistanceMeters>477.1853147612678</DistanceMeters><HeartRateBpm><Value>135</Value></HeartRateBpm><SensorState>Present</SensorState></Trackpoint><Trackpoint><Time>2025-07-20T10:20:20.201Z</Time><DistanceMeters>478.2779721419017</DistanceMeters><HeartRateBpm><Value>135</Value></HeartRateBpm><SensorState>Present</SensorState></Trackpoint><Trackpoint><Time>2025-07-20T10:20:21.201Z</Time><DistanceMeters>479.37062952253564</DistanceMeters><HeartRateBpm><Value>135</Value></HeartRateBpm><SensorState>Present</SensorState></Trackpoint><Trackpoint><Time>2025-07-20T10:20:22.201Z</Time><DistanceMeters>480.46328690316955</DistanceMeters><HeartRateBpm><Value>136</Value></HeartRateBpm><SensorState>Present</SensorState></Trackpoint><Trackpoint><Time>2025-07-20T10:20:23.201Z</Time><DistanceMeters>481.55594428380346</DistanceMeters><HeartRateBpm><Value>135</Value></HeartRateBpm><SensorState>Present</SensorState></Trackpoint><Trackpoint><Time>2025-07-20T10:20:24.201Z</Time><DistanceMeters>482.64860166443736</DistanceMeters><HeartRateBpm><Value>134</Value></HeartRateBpm><SensorState>Present</SensorState></Trackpoint><Trackpoint><Time>2025-07-20T10:20:25.201Z</Time><DistanceMeters>483.7412590450713</DistanceMeters><HeartRateBpm><Value>134</Value></HeartRateBpm><SensorState>Present</SensorState></Trackpoint><Trackpoint><Time>2025-07-20T10:20:26.201Z</Time><DistanceMeters>484.8339164257052</DistanceMeters><HeartRateBpm><Value>133</Value></HeartRateBpm><SensorState>Present</SensorState></Trackpoint><Trackpoint><Time>2025-07-20T10:20:27.201Z</Time><DistanceMeters>485.9265738063391</DistanceMeters><HeartRateBpm><Value>132</Value></HeartRateBpm><SensorState>Present</SensorState></Trackpoint><Trackpoint><Time>2025-07-20T10:20:28.201Z</Time><DistanceMeters>500.0</DistanceMeters><HeartRateBpm><Value>131</Value></HeartRateBpm><SensorState>Present</SensorState></Trackpoint><Trackpoint><Time>2025-07-20T10:20:29.201Z</Time><DistanceMeters>500.0</DistanceMeters><HeartRateBpm><Value>129</Value></HeartRateBpm><SensorState>Present</SensorState></Trackpoint><Trackpoint><Time>2025-07-20T10:20:30.201Z</Time><DistanceMeters>500.0</DistanceMeters><HeartRateBpm><Value>128</Value></HeartRateBpm><SensorState>Present</SensorState></Trackpoint><Trackpoint><Time>2025-07-20T10:20:31.201Z</Time><DistanceMeters>500.0</DistanceMeters><HeartRateBpm><Value>128</Value></HeartRateBpm><SensorState>Present</SensorState></Trackpoint><Trackpoint><Time>2025-07-20T10:20:32.201Z</Time><DistanceMeters>500.0</DistanceMeters><HeartRateBpm><Value>129</Value></HeartRateBpm><SensorState>Present</SensorState></Trackpoint><Trackpoint><Time>2025-07-20T10:20:33.201Z</Time><DistanceMeters>500.0</DistanceMeters><HeartRateBpm><Value>129</Value></HeartRateBpm><SensorState>Present</SensorState></Trackpoint><Trackpoint><Time>2025-07-20T10:20:34.201Z</Time><DistanceMeters>500.0</DistanceMeters><HeartRateBpm><Value>129</Value></HeartRateBpm><SensorState>Present</SensorState></Trackpoint><Trackpoint><Time>2025-07-20T10:20:35.201Z</Time><DistanceMeters>500.0</DistanceMeters><HeartRateBpm><Value>129</Value></HeartRateBpm><SensorState>Present</SensorState></Trackpoint><Trackpoint><Time>2025-07-20T10:20:36.201Z</Time><DistanceMeters>500.0</DistanceMeters><HeartRateBpm><Value>129</Value></HeartRateBpm><SensorState>Present</SensorState></Trackpoint><Trackpoint><Time>2025-07-20T10:20:37.201Z</Time><DistanceMeters>500.0</DistanceMeters><HeartRateBpm><Value>129</Value></HeartRateBpm><SensorState>Present</SensorState></Trackpoint><Trackpoint><Time>2025-07-20T10:20:38.201Z</Time><DistanceMeters>500.0</DistanceMeters><HeartRateBpm><Value>129</Value></HeartRateBpm><SensorState>Present</SensorState></Trackpoint><Trackpoint><Time>2025-07-20T10:20:39.201Z</Time><DistanceMeters>500.0</DistanceMeters><HeartRateBpm><Value>129</Value></HeartRateBpm><SensorState>Present</SensorState></Trackpoint><Trackpoint><Time>2025-07-20T10:20:40.201Z</Time><DistanceMeters>500.0</DistanceMeters><HeartRateBpm><Value>128</Value></HeartRateBpm><SensorState>Present</SensorState></Trackpoint><Trackpoint><Time>2025-07-20T10:20:41.201Z</Time><DistanceMeters>500.0</DistanceMeters><HeartRateBpm><Value>128</Value></HeartRateBpm><SensorState>Present</SensorState></Trackpoint><Trackpoint><Time>2025-07-20T10:20:42.201Z</Time><DistanceMeters>500.0</DistanceMeters><HeartRateBpm><Value>128</Value></HeartRateBpm><SensorState>Present</SensorState></Trackpoint><Trackpoint><Time>2025-07-20T10:20:43.201Z</Time><DistanceMeters>500.0</DistanceMeters><HeartRateBpm><Value>127</Value></HeartRateBpm><SensorState>Present</SensorState></Trackpoint><Trackpoint><Time>2025-07-20T10:20:44.201Z</Time><DistanceMeters>500.0</DistanceMeters><HeartRateBpm><Value>127</Value></HeartRateBpm><SensorState>Present</SensorState></Trackpoint><Trackpoint><Time>2025-07-20T10:20:45.201Z</Time><DistanceMeters>500.0</DistanceMeters><HeartRateBpm><Value>127</Value></HeartRateBpm><SensorState>Present</SensorState></Trackpoint><Trackpoint><Time>2025-07-20T10:20:46.201Z</Time><DistanceMeters>500.0</DistanceMeters><HeartRateBpm><Value>126</Value></HeartRateBpm><SensorState>Present</SensorState></Trackpoint><Trackpoint><Time>2025-07-20T10:20:47.201Z</Time><DistanceMeters>500.0</DistanceMeters><HeartRateBpm><Value>126</Value></HeartRateBpm><SensorState>Present</SensorState></Trackpoint><Trackpoint><Time>2025-07-20T10:20:48.201Z</Time><DistanceMeters>500.0</DistanceMeters><HeartRateBpm><Value>127</Value></HeartRateBpm><SensorState>Present</SensorState></Trackpoint><Trackpoint><Time>2025-07-20T10:20:49.201Z</Time><DistanceMeters>500.0</DistanceMeters><HeartRateBpm><Value>127</Value></HeartRateBpm><SensorState>Present</SensorState></Trackpoint><Trackpoint><Time>2025-07-20T10:20:50.201Z</Time><DistanceMeters>501.0926573806339</DistanceMeters><HeartRateBpm><Value>128</Value></HeartRateBpm><SensorState>Present</SensorState></Trackpoint><Trackpoint><Time>2025-07-20T10:20:51.201Z</Time><DistanceMeters>502.1853147612678</DistanceMeters><HeartRateBpm><Value>128</Value></HeartRateBpm><SensorState>Present</SensorState></Trackpoint><Trackpoint><Time>2025-07-20T10:20:52.201Z</Time><DistanceMeters>503.2779721419017</DistanceMeters><HeartRateBpm><Value>128</Value></HeartRateBpm><SensorState>Present</SensorState></Trackpoint><Trackpoint><Time>2025-07-20T10:20:53.201Z</Time><DistanceMeters>504.37062952253564</DistanceMeters><HeartRateBpm><Value>129</Value></HeartRateBpm><SensorState>Present</SensorState></Trackpoint><Trackpoint><Time>2025-07-20T10:20:54.201Z</Time><DistanceMeters>505.46328690316955</DistanceMeters><HeartRateBpm><Value>129</Value></HeartRateBpm><SensorState>Present</SensorState></Trackpoint><Trackpoint><Time>2025-07-20T10:20:55.201Z</Time><DistanceMeters>506.55594428380346</DistanceMeters><HeartRateBpm><Value>129</Value></HeartRateBpm><SensorState>Present</SensorState></Trackpoint><Trackpoint><Time>2025-07-20T10:20:56.201Z</Time><DistanceMeters>507.64860166443736</DistanceMeters><HeartRateBpm><Value>130</Value></HeartRateBpm><SensorState>Present</SensorState></Trackpoint><Trackpoint><Time>2025-07-20T10:20:57.201Z</Time><DistanceMeters>508.7412590450713</DistanceMeters><HeartRateBpm><Value>130</Value></HeartRateBpm><SensorState>Present</SensorState></Trackpoint><Trackpoint><Time>2025-07-20T10:20:58.201Z</Time><DistanceMeters>509.8339164257052</DistanceMeters><HeartRateBpm><Value>130</Value></HeartRateBpm><SensorState>Present</SensorState></Trackpoint><Trackpoint><Time>2025-07-20T10:20:59.201Z</Time><DistanceMeters>510.9265738063391</DistanceMeters><HeartRateBpm><Value>131</Value></HeartRateBpm><SensorState>Present</SensorState></Trackpoint><Trackpoint><Time>2025-07-20T10:21:00.201Z</Time><DistanceMeters>525.0</DistanceMeters><HeartRateBpm><Value>131</Value></HeartRateBpm><SensorState>Present</SensorState></Trackpoint><Trackpoint><Time>2025-07-20T10:21:01.201Z</Time><DistanceMeters>525.0</DistanceMeters><HeartRateBpm><Value>131</Value></HeartRateBpm><SensorState>Present</SensorState></Trackpoint><Trackpoint><Time>2025-07-20T10:21:02.201Z</Time><DistanceMeters>525.0</DistanceMeters><HeartRateBpm><Value>132</Value></HeartRateBpm><SensorState>Present</SensorState></Trackpoint><Trackpoint><Time>2025-07-20T10:21:03.201Z</Time><DistanceMeters>525.0</DistanceMeters><HeartRateBpm><Value>132</Value></HeartRateBpm><SensorState>Present</SensorState></Trackpoint><Trackpoint><Time>2025-07-20T10:21:04.201Z</Time><DistanceMeters>525.0</DistanceMeters><HeartRateBpm><Value>133</Value></HeartRateBpm><SensorState>Present</SensorState></Trackpoint><Trackpoint><Time>2025-07-20T10:21:05.201Z</Time><DistanceMeters>525.0</DistanceMeters><HeartRateBpm><Value>133</Value></HeartRateBpm><SensorState>Present</SensorState></Trackpoint><Trackpoint><Time>2025-07-20T10:21:06.201Z</Time><DistanceMeters>525.0</DistanceMeters><HeartRateBpm><Value>133</Value></HeartRateBpm><SensorState>Present</SensorState></Trackpoint><Trackpoint><Time>2025-07-20T10:21:07.201Z</Time><DistanceMeters>525.0</DistanceMeters><HeartRateBpm><Value>134</Value></HeartRateBpm><SensorState>Present</SensorState></Trackpoint><Trackpoint><Time>2025-07-20T10:21:08.201Z</Time><DistanceMeters>525.0</DistanceMeters><HeartRateBpm><Value>134</Value></HeartRateBpm><SensorState>Present</SensorState></Trackpoint><Trackpoint><Time>2025-07-20T10:21:09.201Z</Time><DistanceMeters>525.0</DistanceMeters><HeartRateBpm><Value>134</Value></HeartRateBpm><SensorState>Present</SensorState></Trackpoint><Trackpoint><Time>2025-07-20T10:21:10.201Z</Time><DistanceMeters>525.0</DistanceMeters><HeartRateBpm><Value>134</Value></HeartRateBpm><SensorState>Present</SensorState></Trackpoint><Trackpoint><Time>2025-07-20T10:21:11.201Z</Time><DistanceMeters>525.0</DistanceMeters><HeartRateBpm><Value>135</Value></HeartRateBpm><SensorState>Present</SensorState></Trackpoint><Trackpoint><Time>2025-07-20T10:21:12.201Z</Time><DistanceMeters>525.0</DistanceMeters><HeartRateBpm><Value>134</Value></HeartRateBpm><SensorState>Present</SensorState></Trackpoint><Trackpoint><Time>2025-07-20T10:21:13.201Z</Time><DistanceMeters>525.0</DistanceMeters><HeartRateBpm><Value>134</Value></HeartRateBpm><SensorState>Present</SensorState></Trackpoint><Trackpoint><Time>2025-07-20T10:21:14.201Z</Time><DistanceMeters>525.0</DistanceMeters><HeartRateBpm><Value>134</Value></HeartRateBpm><SensorState>Present</SensorState></Trackpoint><Trackpoint><Time>2025-07-20T10:21:15.201Z</Time><DistanceMeters>525.0</DistanceMeters><HeartRateBpm><Value>133</Value></HeartRateBpm><SensorState>Present</SensorState></Trackpoint><Trackpoint><Time>2025-07-20T10:21:16.201Z</Time><DistanceMeters>525.0</DistanceMeters><HeartRateBpm><Value>133</Value></HeartRateBpm><SensorState>Present</SensorState></Trackpoint><Trackpoint><Time>2025-07-20T10:21:17.201Z</Time><DistanceMeters>525.0</DistanceMeters><HeartRateBpm><Value>133</Value></HeartRateBpm><SensorState>Present</SensorState></Trackpoint><Trackpoint><Time>2025-07-20T10:21:18.201Z</Time><DistanceMeters>525.0</DistanceMeters><HeartRateBpm><Value>134</Value></HeartRateBpm><SensorState>Present</SensorState></Trackpoint><Trackpoint><Time>2025-07-20T10:21:19.201Z</Time><DistanceMeters>526.0926573806339</DistanceMeters><HeartRateBpm><Value>134</Value></HeartRateBpm><SensorState>Present</SensorState></Trackpoint><Trackpoint><Time>2025-07-20T10:21:20.201Z</Time><DistanceMeters>527.1853147612678</DistanceMeters><HeartRateBpm><Value>134</Value></HeartRateBpm><SensorState>Present</SensorState></Trackpoint><Trackpoint><Time>2025-07-20T10:21:21.201Z</Time><DistanceMeters>528.2779721419017</DistanceMeters><HeartRateBpm><Value>134</Value></HeartRateBpm><SensorState>Present</SensorState></Trackpoint><Trackpoint><Time>2025-07-20T10:21:22.201Z</Time><DistanceMeters>529.3706295225356</DistanceMeters><HeartRateBpm><Value>135</Value></HeartRateBpm><SensorState>Present</SensorState></Trackpoint><Trackpoint><Time>2025-07-20T10:21:23.201Z</Time><DistanceMeters>530.4632869031695</DistanceMeters><HeartRateBpm><Value>134</Value></HeartRateBpm><SensorState>Present</SensorState></Trackpoint><Trackpoint><Time>2025-07-20T10:21:24.201Z</Time><DistanceMeters>531.5559442838035</DistanceMeters><HeartRateBpm><Value>133</Value></HeartRateBpm><SensorState>Present</SensorState></Trackpoint><Trackpoint><Time>2025-07-20T10:21:25.201Z</Time><DistanceMeters>532.6486016644374</DistanceMeters><HeartRateBpm><Value>132</Value></HeartRateBpm><SensorState>Present</SensorState></Trackpoint><Trackpoint><Time>2025-07-20T10:21:26.201Z</Time><DistanceMeters>533.7412590450713</DistanceMeters><HeartRateBpm><Value>132</Value></HeartRateBpm><SensorState>Present</SensorState></Trackpoint><Trackpoint><Time>2025-07-20T10:21:27.201Z</Time><DistanceMeters>534.8339164257052</DistanceMeters><HeartRateBpm><Value>131</Value></HeartRateBpm><SensorState>Present</SensorState></Trackpoint><Trackpoint><Time>2025-07-20T10:21:28.201Z</Time><DistanceMeters>535.9265738063391</DistanceMeters><HeartRateBpm><Value>131</Value></HeartRateBpm><SensorState>Present</SensorState></Trackpoint><Trackpoint><Time>2025-07-20T10:21:29.201Z</Time><DistanceMeters>550.0</DistanceMeters><HeartRateBpm><Value>130</Value></HeartRateBpm><SensorState>Present</SensorState></Trackpoint><Trackpoint><Time>2025-07-20T10:21:30.201Z</Time><DistanceMeters>550.0</DistanceMeters><HeartRateBpm><Value>129</Value></HeartRateBpm><SensorState>Present</SensorState></Trackpoint><Trackpoint><Time>2025-07-20T10:21:31.201Z</Time><DistanceMeters>550.0</DistanceMeters><HeartRateBpm><Value>127</Value></HeartRateBpm><SensorState>Present</SensorState></Trackpoint><Trackpoint><Time>2025-07-20T10:21:32.201Z</Time><DistanceMeters>550.0</DistanceMeters><HeartRateBpm><Value>126</Value></HeartRateBpm><SensorState>Present</SensorState></Trackpoint><Trackpoint><Time>2025-07-20T10:21:33.201Z</Time><DistanceMeters>550.0</DistanceMeters><HeartRateBpm><Value>126</Value></HeartRateBpm><SensorState>Present</SensorState></Trackpoint><Trackpoint><Time>2025-07-20T10:21:34.201Z</Time><DistanceMeters>550.0</DistanceMeters><HeartRateBpm><Value>126</Value></HeartRateBpm><SensorState>Present</SensorState></Trackpoint><Trackpoint><Time>2025-07-20T10:21:35.201Z</Time><DistanceMeters>550.0</DistanceMeters><HeartRateBpm><Value>125</Value></HeartRateBpm><SensorState>Present</SensorState></Trackpoint><Trackpoint><Time>2025-07-20T10:21:36.201Z</Time><DistanceMeters>550.0</DistanceMeters><HeartRateBpm><Value>123</Value></HeartRateBpm><SensorState>Present</SensorState></Trackpoint><Trackpoint><Time>2025-07-20T10:21:37.201Z</Time><DistanceMeters>550.0</DistanceMeters><HeartRateBpm><Value>121</Value></HeartRateBpm><SensorState>Present</SensorState></Trackpoint><Trackpoint><Time>2025-07-20T10:21:38.201Z</Time><DistanceMeters>550.0</DistanceMeters><HeartRateBpm><Value>120</Value></HeartRateBpm><SensorState>Present</SensorState></Trackpoint><Trackpoint><Time>2025-07-20T10:21:39.201Z</Time><DistanceMeters>550.0</DistanceMeters><HeartRateBpm><Value>119</Value></HeartRateBpm><SensorState>Present</SensorState></Trackpoint><Trackpoint><Time>2025-07-20T10:21:40.201Z</Time><DistanceMeters>550.0</DistanceMeters><HeartRateBpm><Value>117</Value></HeartRateBpm><SensorState>Present</SensorState></Trackpoint><Trackpoint><Time>2025-07-20T10:21:41.201Z</Time><DistanceMeters>550.0</DistanceMeters><HeartRateBpm><Value>117</Value></HeartRateBpm><SensorState>Present</SensorState></Trackpoint><Trackpoint><Time>2025-07-20T10:21:42.201Z</Time><DistanceMeters>550.0</DistanceMeters><HeartRateBpm><Value>117</Value></HeartRateBpm><SensorState>Present</SensorState></Trackpoint><Trackpoint><Time>2025-07-20T10:21:43.201Z</Time><DistanceMeters>550.0</DistanceMeters><HeartRateBpm><Value>117</Value></HeartRateBpm><SensorState>Present</SensorState></Trackpoint><Trackpoint><Time>2025-07-20T10:21:44.201Z</Time><DistanceMeters>550.0</DistanceMeters><HeartRateBpm><Value>117</Value></HeartRateBpm><SensorState>Present</SensorState></Trackpoint><Trackpoint><Time>2025-07-20T10:21:45.201Z</Time><DistanceMeters>550.0</DistanceMeters><HeartRateBpm><Value>118</Value></HeartRateBpm><SensorState>Present</SensorState></Trackpoint><Trackpoint><Time>2025-07-20T10:21:46.201Z</Time><DistanceMeters>550.0</DistanceMeters><HeartRateBpm><Value>119</Value></HeartRateBpm><SensorState>Present</SensorState></Trackpoint><Trackpoint><Time>2025-07-20T10:21:47.201Z</Time><DistanceMeters>550.0</DistanceMeters><HeartRateBpm><Value>120</Value></HeartRateBpm><SensorState>Present</SensorState></Trackpoint><Trackpoint><Time>2025-07-20T10:21:48.201Z</Time><DistanceMeters>550.0</DistanceMeters><HeartRateBpm><Value>120</Value></HeartRateBpm><SensorState>Present</SensorState></Trackpoint><Trackpoint><Time>2025-07-20T10:21:49.201Z</Time><DistanceMeters>550.0</DistanceMeters><HeartRateBpm><Value>120</Value></HeartRateBpm><SensorState>Present</SensorState></Trackpoint><Trackpoint><Time>2025-07-20T10:21:50.201Z</Time><DistanceMeters>551.0926573806339</DistanceMeters><HeartRateBpm><Value>121</Value></HeartRateBpm><SensorState>Present</SensorState></Trackpoint><Trackpoint><Time>2025-07-20T10:21:51.201Z</Time><DistanceMeters>552.1853147612678</DistanceMeters><HeartRateBpm><Value>121</Value></HeartRateBpm><SensorState>Present</SensorState></Trackpoint><Trackpoint><Time>2025-07-20T10:21:52.201Z</Time><DistanceMeters>553.2779721419017</DistanceMeters><HeartRateBpm><Value>121</Value></HeartRateBpm><SensorState>Present</SensorState></Trackpoint><Trackpoint><Time>2025-07-20T10:21:53.201Z</Time><DistanceMeters>554.3706295225356</DistanceMeters><HeartRateBpm><Value>122</Value></HeartRateBpm><SensorState>Present</SensorState></Trackpoint><Trackpoint><Time>2025-07-20T10:21:54.201Z</Time><DistanceMeters>555.4632869031695</DistanceMeters><HeartRateBpm><Value>121</Value></HeartRateBpm><SensorState>Present</SensorState></Trackpoint><Trackpoint><Time>2025-07-20T10:21:55.201Z</Time><DistanceMeters>556.5559442838035</DistanceMeters><HeartRateBpm><Value>121</Value></HeartRateBpm><SensorState>Present</SensorState></Trackpoint><Trackpoint><Time>2025-07-20T10:21:56.201Z</Time><DistanceMeters>557.6486016644374</DistanceMeters><HeartRateBpm><Value>121</Value></HeartRateBpm><SensorState>Present</SensorState></Trackpoint><Trackpoint><Time>2025-07-20T10:21:57.201Z</Time><DistanceMeters>558.7412590450713</DistanceMeters><HeartRateBpm><Value>120</Value></HeartRateBpm><SensorState>Present</SensorState></Trackpoint><Trackpoint><Time>2025-07-20T10:21:58.201Z</Time><DistanceMeters>559.8339164257052</DistanceMeters><HeartRateBpm><Value>120</Value></HeartRateBpm><SensorState>Present</SensorState></Trackpoint><Trackpoint><Time>2025-07-20T10:21:59.201Z</Time><DistanceMeters>560.9265738063391</DistanceMeters><HeartRateBpm><Value>119</Value></HeartRateBpm><SensorState>Present</SensorState></Trackpoint><Trackpoint><Time>2025-07-20T10:22:00.201Z</Time><DistanceMeters>575.0</DistanceMeters><HeartRateBpm><Value>118</Value></HeartRateBpm><SensorState>Present</SensorState></Trackpoint><Trackpoint><Time>2025-07-20T10:22:01.201Z</Time><DistanceMeters>575.0</DistanceMeters><HeartRateBpm><Value>117</Value></HeartRateBpm><SensorState>Present</SensorState></Trackpoint><Trackpoint><Time>2025-07-20T10:22:02.201Z</Time><DistanceMeters>575.0</DistanceMeters><HeartRateBpm><Value>117</Value></HeartRateBpm><SensorState>Present</SensorState></Trackpoint><Trackpoint><Time>2025-07-20T10:22:03.201Z</Time><DistanceMeters>575.0</DistanceMeters><HeartRateBpm><Value>116</Value></HeartRateBpm><SensorState>Present</SensorState></Trackpoint><Trackpoint><Time>2025-07-20T10:22:04.201Z</Time><DistanceMeters>575.0</DistanceMeters><HeartRateBpm><Value>116</Value></HeartRateBpm><SensorState>Present</SensorState></Trackpoint><Trackpoint><Time>2025-07-20T10:22:05.201Z</Time><DistanceMeters>575.0</DistanceMeters><HeartRateBpm><Value>115</Value></HeartRateBpm><SensorState>Present</SensorState></Trackpoint><Trackpoint><Time>2025-07-20T10:22:06.201Z</Time><DistanceMeters>575.0</DistanceMeters><HeartRateBpm><Value>115</Value></HeartRateBpm><SensorState>Present</SensorState></Trackpoint><Trackpoint><Time>2025-07-20T10:22:07.201Z</Time><DistanceMeters>575.0</DistanceMeters><HeartRateBpm><Value>115</Value></HeartRateBpm><SensorState>Present</SensorState></Trackpoint><Trackpoint><Time>2025-07-20T10:22:08.201Z</Time><DistanceMeters>575.0</DistanceMeters><HeartRateBpm><Value>115</Value></HeartRateBpm><SensorState>Present</SensorState></Trackpoint><Trackpoint><Time>2025-07-20T10:22:09.201Z</Time><DistanceMeters>575.0</DistanceMeters><HeartRateBpm><Value>115</Value></HeartRateBpm><SensorState>Present</SensorState></Trackpoint><Trackpoint><Time>2025-07-20T10:22:10.201Z</Time><DistanceMeters>575.0</DistanceMeters><HeartRateBpm><Value>115</Value></HeartRateBpm><SensorState>Present</SensorState></Trackpoint><Trackpoint><Time>2025-07-20T10:22:11.201Z</Time><DistanceMeters>575.0</DistanceMeters><HeartRateBpm><Value>116</Value></HeartRateBpm><SensorState>Present</SensorState></Trackpoint><Trackpoint><Time>2025-07-20T10:22:12.201Z</Time><DistanceMeters>575.0</DistanceMeters><HeartRateBpm><Value>116</Value></HeartRateBpm><SensorState>Present</SensorState></Trackpoint><Trackpoint><Time>2025-07-20T10:22:13.201Z</Time><DistanceMeters>575.0</DistanceMeters><HeartRateBpm><Value>116</Value></HeartRateBpm><SensorState>Present</SensorState></Trackpoint><Trackpoint><Time>2025-07-20T10:22:14.201Z</Time><DistanceMeters>575.0</DistanceMeters><HeartRateBpm><Value>116</Value></HeartRateBpm><SensorState>Present</SensorState></Trackpoint><Trackpoint><Time>2025-07-20T10:22:15.201Z</Time><DistanceMeters>575.0</DistanceMeters><HeartRateBpm><Value>117</Value></HeartRateBpm><SensorState>Present</SensorState></Trackpoint><Trackpoint><Time>2025-07-20T10:22:16.201Z</Time><DistanceMeters>575.0</DistanceMeters><HeartRateBpm><Value>118</Value></HeartRateBpm><SensorState>Present</SensorState></Trackpoint><Trackpoint><Time>2025-07-20T10:22:17.201Z</Time><DistanceMeters>575.0</DistanceMeters><HeartRateBpm><Value>118</Value></HeartRateBpm><SensorState>Present</SensorState></Trackpoint><Trackpoint><Time>2025-07-20T10:22:18.201Z</Time><DistanceMeters>575.0</DistanceMeters><HeartRateBpm><Value>119</Value></HeartRateBpm><SensorState>Present</SensorState></Trackpoint><Trackpoint><Time>2025-07-20T10:22:19.201Z</Time><DistanceMeters>575.0</DistanceMeters><HeartRateBpm><Value>120</Value></HeartRateBpm><SensorState>Present</SensorState></Trackpoint><Trackpoint><Time>2025-07-20T10:22:20.201Z</Time><DistanceMeters>575.0</DistanceMeters><HeartRateBpm><Value>119</Value></HeartRateBpm><SensorState>Present</SensorState></Trackpoint><Trackpoint><Time>2025-07-20T10:22:21.201Z</Time><DistanceMeters>575.0</DistanceMeters><HeartRateBpm><Value>119</Value></HeartRateBpm><SensorState>Present</SensorState></Trackpoint><Trackpoint><Time>2025-07-20T10:22:22.201Z</Time><DistanceMeters>576.0926573806339</DistanceMeters><HeartRateBpm><Value>118</Value></HeartRateBpm><SensorState>Present</SensorState></Trackpoint><Trackpoint><Time>2025-07-20T10:22:23.201Z</Time><DistanceMeters>577.1853147612678</DistanceMeters><HeartRateBpm><Value>118</Value></HeartRateBpm><SensorState>Present</SensorState></Trackpoint><Trackpoint><Time>2025-07-20T10:22:24.201Z</Time><DistanceMeters>578.2779721419017</DistanceMeters><HeartRateBpm><Value>117</Value></HeartRateBpm><SensorState>Present</SensorState></Trackpoint><Trackpoint><Time>2025-07-20T10:22:25.201Z</Time><DistanceMeters>579.3706295225356</DistanceMeters><HeartRateBpm><Value>116</Value></HeartRateBpm><SensorState>Present</SensorState></Trackpoint><Trackpoint><Time>2025-07-20T10:22:26.201Z</Time><DistanceMeters>580.4632869031695</DistanceMeters><HeartRateBpm><Value>116</Value></HeartRateBpm><SensorState>Present</SensorState></Trackpoint><Trackpoint><Time>2025-07-20T10:22:27.201Z</Time><DistanceMeters>581.5559442838035</DistanceMeters><HeartRateBpm><Value>115</Value></HeartRateBpm><SensorState>Present</SensorState></Trackpoint><Trackpoint><Time>2025-07-20T10:22:28.201Z</Time><DistanceMeters>582.6486016644374</DistanceMeters><HeartRateBpm><Value>114</Value></HeartRateBpm><SensorState>Present</SensorState></Trackpoint><Trackpoint><Time>2025-07-20T10:22:29.201Z</Time><DistanceMeters>583.7412590450713</DistanceMeters><HeartRateBpm><Value>114</Value></HeartRateBpm><SensorState>Present</SensorState></Trackpoint><Trackpoint><Time>2025-07-20T10:22:30.201Z</Time><DistanceMeters>584.8339164257052</DistanceMeters><HeartRateBpm><Value>113</Value></HeartRateBpm><SensorState>Present</SensorState></Trackpoint><Trackpoint><Time>2025-07-20T10:22:31.201Z</Time><DistanceMeters>585.9265738063391</DistanceMeters><HeartRateBpm><Value>113</Value></HeartRateBpm><SensorState>Present</SensorState></Trackpoint><Trackpoint><Time>2025-07-20T10:22:32.201Z</Time><DistanceMeters>600.0</DistanceMeters><HeartRateBpm><Value>113</Value></HeartRateBpm><SensorState>Present</SensorState></Trackpoint><Trackpoint><Time>2025-07-20T10:22:33.201Z</Time><DistanceMeters>600.0</DistanceMeters><HeartRateBpm><Value>112</Value></HeartRateBpm><SensorState>Present</SensorState></Trackpoint><Trackpoint><Time>2025-07-20T10:22:34.201Z</Time><DistanceMeters>600.0</DistanceMeters><HeartRateBpm><Value>113</Value></HeartRateBpm><SensorState>Present</SensorState></Trackpoint><Trackpoint><Time>2025-07-20T10:22:35.201Z</Time><DistanceMeters>600.0</DistanceMeters><HeartRateBpm><Value>114</Value></HeartRateBpm><SensorState>Present</SensorState></Trackpoint><Trackpoint><Time>2025-07-20T10:22:36.201Z</Time><DistanceMeters>600.0</DistanceMeters><HeartRateBpm><Value>114</Value></HeartRateBpm><SensorState>Present</SensorState></Trackpoint><Trackpoint><Time>2025-07-20T10:22:37.201Z</Time><DistanceMeters>600.0</DistanceMeters><HeartRateBpm><Value>115</Value></HeartRateBpm><SensorState>Present</SensorState></Trackpoint><Trackpoint><Time>2025-07-20T10:22:38.201Z</Time><DistanceMeters>600.0</DistanceMeters><HeartRateBpm><Value>115</Value></HeartRateBpm><SensorState>Present</SensorState></Trackpoint><Trackpoint><Time>2025-07-20T10:22:39.201Z</Time><DistanceMeters>600.0</DistanceMeters><HeartRateBpm><Value>114</Value></HeartRateBpm><SensorState>Present</SensorState></Trackpoint><Trackpoint><Time>2025-07-20T10:22:40.201Z</Time><DistanceMeters>600.0</DistanceMeters><HeartRateBpm><Value>113</Value></HeartRateBpm><SensorState>Present</SensorState></Trackpoint><Trackpoint><Time>2025-07-20T10:22:41.201Z</Time><DistanceMeters>600.0</DistanceMeters><HeartRateBpm><Value>114</Value></HeartRateBpm><SensorState>Present</SensorState></Trackpoint><Trackpoint><Time>2025-07-20T10:22:42.201Z</Time><DistanceMeters>600.0</DistanceMeters><HeartRateBpm><Value>114</Value></HeartRateBpm><SensorState>Present</SensorState></Trackpoint><Trackpoint><Time>2025-07-20T10:22:43.201Z</Time><DistanceMeters>600.0</DistanceMeters><HeartRateBpm><Value>115</Value></HeartRateBpm><SensorState>Present</SensorState></Trackpoint><Trackpoint><Time>2025-07-20T10:22:44.201Z</Time><DistanceMeters>600.0</DistanceMeters><HeartRateBpm><Value>116</Value></HeartRateBpm><SensorState>Present</SensorState></Trackpoint><Trackpoint><Time>2025-07-20T10:22:45.201Z</Time><DistanceMeters>600.0</DistanceMeters><HeartRateBpm><Value>117</Value></HeartRateBpm><SensorState>Present</SensorState></Trackpoint><Trackpoint><Time>2025-07-20T10:22:46.201Z</Time><DistanceMeters>600.0</DistanceMeters><HeartRateBpm><Value>118</Value></HeartRateBpm><SensorState>Present</SensorState></Trackpoint><Trackpoint><Time>2025-07-20T10:22:47.201Z</Time><DistanceMeters>600.0</DistanceMeters><HeartRateBpm><Value>118</Value></HeartRateBpm><SensorState>Present</SensorState></Trackpoint><Trackpoint><Time>2025-07-20T10:22:48.201Z</Time><DistanceMeters>600.0</DistanceMeters><HeartRateBpm><Value>119</Value></HeartRateBpm><SensorState>Present</SensorState></Trackpoint><Trackpoint><Time>2025-07-20T10:22:49.201Z</Time><DistanceMeters>600.0</DistanceMeters><HeartRateBpm><Value>119</Value></HeartRateBpm><SensorState>Present</SensorState></Trackpoint><Trackpoint><Time>2025-07-20T10:22:50.201Z</Time><DistanceMeters>600.0</DistanceMeters><HeartRateBpm><Value>120</Value></HeartRateBpm><SensorState>Present</SensorState></Trackpoint><Trackpoint><Time>2025-07-20T10:22:51.201Z</Time><DistanceMeters>600.0</DistanceMeters><HeartRateBpm><Value>120</Value></HeartRateBpm><SensorState>Present</SensorState></Trackpoint><Trackpoint><Time>2025-07-20T10:22:52.201Z</Time><DistanceMeters>601.0926573806339</DistanceMeters><HeartRateBpm><Value>120</Value></HeartRateBpm><SensorState>Present</SensorState></Trackpoint><Trackpoint><Time>2025-07-20T10:22:53.201Z</Time><DistanceMeters>602.1853147612678</DistanceMeters><HeartRateBpm><Value>121</Value></HeartRateBpm><SensorState>Present</SensorState></Trackpoint><Trackpoint><Time>2025-07-20T10:22:54.201Z</Time><DistanceMeters>603.2779721419017</DistanceMeters><HeartRateBpm><Value>122</Value></HeartRateBpm><SensorState>Present</SensorState></Trackpoint><Trackpoint><Time>2025-07-20T10:22:55.201Z</Time><DistanceMeters>604.3706295225356</DistanceMeters><HeartRateBpm><Value>123</Value></HeartRateBpm><SensorState>Present</SensorState></Trackpoint><Trackpoint><Time>2025-07-20T10:22:56.201Z</Time><DistanceMeters>605.4632869031695</DistanceMeters><HeartRateBpm><Value>124</Value></HeartRateBpm><SensorState>Present</SensorState></Trackpoint><Trackpoint><Time>2025-07-20T10:22:57.201Z</Time><DistanceMeters>606.5559442838035</DistanceMeters><HeartRateBpm><Value>125</Value></HeartRateBpm><SensorState>Present</SensorState></Trackpoint><Trackpoint><Time>2025-07-20T10:22:58.201Z</Time><DistanceMeters>607.6486016644374</DistanceMeters><HeartRateBpm><Value>127</Value></HeartRateBpm><SensorState>Present</SensorState></Trackpoint><Trackpoint><Time>2025-07-20T10:22:59.201Z</Time><DistanceMeters>608.7412590450713</DistanceMeters><HeartRateBpm><Value>129</Value></HeartRateBpm><SensorState>Present</SensorState></Trackpoint><Trackpoint><Time>2025-07-20T10:23:00.201Z</Time><DistanceMeters>609.8339164257052</DistanceMeters><HeartRateBpm><Value>129</Value></HeartRateBpm><SensorState>Present</SensorState></Trackpoint><Trackpoint><Time>2025-07-20T10:23:01.201Z</Time><DistanceMeters>610.9265738063391</DistanceMeters><HeartRateBpm><Value>130</Value></HeartRateBpm><SensorState>Present</SensorState></Trackpoint><Trackpoint><Time>2025-07-20T10:23:02.201Z</Time><DistanceMeters>625.0</DistanceMeters><HeartRateBpm><Value>131</Value></HeartRateBpm><SensorState>Present</SensorState></Trackpoint><Trackpoint><Time>2025-07-20T10:23:03.201Z</Time><DistanceMeters>625.0</DistanceMeters><HeartRateBpm><Value>132</Value></HeartRateBpm><SensorState>Present</SensorState></Trackpoint><Trackpoint><Time>2025-07-20T10:23:04.201Z</Time><DistanceMeters>625.0</DistanceMeters><HeartRateBpm><Value>132</Value></HeartRateBpm><SensorState>Present</SensorState></Trackpoint><Trackpoint><Time>2025-07-20T10:23:05.201Z</Time><DistanceMeters>625.0</DistanceMeters><HeartRateBpm><Value>133</Value></HeartRateBpm><SensorState>Present</SensorState></Trackpoint><Trackpoint><Time>2025-07-20T10:23:06.201Z</Time><DistanceMeters>625.0</DistanceMeters><HeartRateBpm><Value>133</Value></HeartRateBpm><SensorState>Present</SensorState></Trackpoint><Trackpoint><Time>2025-07-20T10:23:07.201Z</Time><DistanceMeters>625.0</DistanceMeters><HeartRateBpm><Value>134</Value></HeartRateBpm><SensorState>Present</SensorState></Trackpoint><Trackpoint><Time>2025-07-20T10:23:08.201Z</Time><DistanceMeters>625.0</DistanceMeters><HeartRateBpm><Value>134</Value></HeartRateBpm><SensorState>Present</SensorState></Trackpoint><Trackpoint><Time>2025-07-20T10:23:09.201Z</Time><DistanceMeters>625.0</DistanceMeters><HeartRateBpm><Value>134</Value></HeartRateBpm><SensorState>Present</SensorState></Trackpoint><Trackpoint><Time>2025-07-20T10:23:10.201Z</Time><DistanceMeters>625.0</DistanceMeters><HeartRateBpm><Value>135</Value></HeartRateBpm><SensorState>Present</SensorState></Trackpoint><Trackpoint><Time>2025-07-20T10:23:11.201Z</Time><DistanceMeters>625.0</DistanceMeters><HeartRateBpm><Value>137</Value></HeartRateBpm><SensorState>Present</SensorState></Trackpoint><Trackpoint><Time>2025-07-20T10:23:12.201Z</Time><DistanceMeters>625.0</DistanceMeters><HeartRateBpm><Value>136</Value></HeartRateBpm><SensorState>Present</SensorState></Trackpoint><Trackpoint><Time>2025-07-20T10:23:13.201Z</Time><DistanceMeters>625.0</DistanceMeters><HeartRateBpm><Value>137</Value></HeartRateBpm><SensorState>Present</SensorState></Trackpoint><Trackpoint><Time>2025-07-20T10:23:14.201Z</Time><DistanceMeters>625.0</DistanceMeters><HeartRateBpm><Value>137</Value></HeartRateBpm><SensorState>Present</SensorState></Trackpoint><Trackpoint><Time>2025-07-20T10:23:15.201Z</Time><DistanceMeters>625.0</DistanceMeters><HeartRateBpm><Value>137</Value></HeartRateBpm><SensorState>Present</SensorState></Trackpoint><Trackpoint><Time>2025-07-20T10:23:16.201Z</Time><DistanceMeters>625.0</DistanceMeters><HeartRateBpm><Value>137</Value></HeartRateBpm><SensorState>Present</SensorState></Trackpoint><Trackpoint><Time>2025-07-20T10:23:17.201Z</Time><DistanceMeters>625.0</DistanceMeters><HeartRateBpm><Value>138</Value></HeartRateBpm><SensorState>Present</SensorState></Trackpoint><Trackpoint><Time>2025-07-20T10:23:18.201Z</Time><DistanceMeters>625.0</DistanceMeters><HeartRateBpm><Value>138</Value></HeartRateBpm><SensorState>Present</SensorState></Trackpoint><Trackpoint><Time>2025-07-20T10:23:19.201Z</Time><DistanceMeters>625.0</DistanceMeters><HeartRateBpm><Value>137</Value></HeartRateBpm><SensorState>Present</SensorState></Trackpoint><Trackpoint><Time>2025-07-20T10:23:20.201Z</Time><DistanceMeters>625.0</DistanceMeters><HeartRateBpm><Value>138</Value></HeartRateBpm><SensorState>Present</SensorState></Trackpoint><Trackpoint><Time>2025-07-20T10:23:21.201Z</Time><DistanceMeters>625.0</DistanceMeters><HeartRateBpm><Value>139</Value></HeartRateBpm><SensorState>Present</SensorState></Trackpoint><Trackpoint><Time>2025-07-20T10:23:22.201Z</Time><DistanceMeters>625.0</DistanceMeters><HeartRateBpm><Value>138</Value></HeartRateBpm><SensorState>Present</SensorState></Trackpoint><Trackpoint><Time>2025-07-20T10:23:23.201Z</Time><DistanceMeters>625.0</DistanceMeters><HeartRateBpm><Value>138</Value></HeartRateBpm><SensorState>Present</SensorState></Trackpoint><Trackpoint><Time>2025-07-20T10:23:24.201Z</Time><DistanceMeters>626.0926573806339</DistanceMeters><HeartRateBpm><Value>137</Value></HeartRateBpm><SensorState>Present</SensorState></Trackpoint><Trackpoint><Time>2025-07-20T10:23:25.201Z</Time><DistanceMeters>627.1853147612678</DistanceMeters><HeartRateBpm><Value>137</Value></HeartRateBpm><SensorState>Present</SensorState></Trackpoint><Trackpoint><Time>2025-07-20T10:23:26.201Z</Time><DistanceMeters>628.2779721419017</DistanceMeters><HeartRateBpm><Value>137</Value></HeartRateBpm><SensorState>Present</SensorState></Trackpoint><Trackpoint><Time>2025-07-20T10:23:27.201Z</Time><DistanceMeters>629.3706295225356</DistanceMeters><HeartRateBpm><Value>137</Value></HeartRateBpm><SensorState>Present</SensorState></Trackpoint><Trackpoint><Time>2025-07-20T10:23:28.201Z</Time><DistanceMeters>630.4632869031695</DistanceMeters><HeartRateBpm><Value>137</Value></HeartRateBpm><SensorState>Present</SensorState></Trackpoint><Trackpoint><Time>2025-07-20T10:23:29.201Z</Time><DistanceMeters>631.5559442838035</DistanceMeters><HeartRateBpm><Value>137</Value></HeartRateBpm><SensorState>Present</SensorState></Trackpoint><Trackpoint><Time>2025-07-20T10:23:30.201Z</Time><DistanceMeters>632.6486016644374</DistanceMeters><HeartRateBpm><Value>137</Value></HeartRateBpm><SensorState>Present</SensorState></Trackpoint><Trackpoint><Time>2025-07-20T10:23:31.201Z</Time><DistanceMeters>633.7412590450713</DistanceMeters><HeartRateBpm><Value>137</Value></HeartRateBpm><SensorState>Present</SensorState></Trackpoint><Trackpoint><Time>2025-07-20T10:23:32.201Z</Time><DistanceMeters>634.8339164257052</DistanceMeters><HeartRateBpm><Value>137</Value></HeartRateBpm><SensorState>Present</SensorState></Trackpoint><Trackpoint><Time>2025-07-20T10:23:33.201Z</Time><DistanceMeters>635.9265738063391</DistanceMeters><HeartRateBpm><Value>138</Value></HeartRateBpm><SensorState>Present</SensorState></Trackpoint><Trackpoint><Time>2025-07-20T10:23:34.201Z</Time><DistanceMeters>650.0</DistanceMeters><HeartRateBpm><Value>138</Value></HeartRateBpm><SensorState>Present</SensorState></Trackpoint><Trackpoint><Time>2025-07-20T10:23:35.201Z</Time><DistanceMeters>650.0</DistanceMeters><HeartRateBpm><Value>138</Value></HeartRateBpm><SensorState>Present</SensorState></Trackpoint><Trackpoint><Time>2025-07-20T10:23:36.201Z</Time><DistanceMeters>650.0</DistanceMeters><HeartRateBpm><Value>138</Value></HeartRateBpm><SensorState>Present</SensorState></Trackpoint><Trackpoint><Time>2025-07-20T10:23:37.201Z</Time><DistanceMeters>650.0</DistanceMeters><HeartRateBpm><Value>137</Value></HeartRateBpm><SensorState>Present</SensorState></Trackpoint><Trackpoint><Time>2025-07-20T10:23:38.201Z</Time><DistanceMeters>650.0</DistanceMeters><HeartRateBpm><Value>137</Value></HeartRateBpm><SensorState>Present</SensorState></Trackpoint><Trackpoint><Time>2025-07-20T10:23:39.201Z</Time><DistanceMeters>650.0</DistanceMeters><HeartRateBpm><Value>138</Value></HeartRateBpm><SensorState>Present</SensorState></Trackpoint><Trackpoint><Time>2025-07-20T10:23:40.201Z</Time><DistanceMeters>650.0</DistanceMeters><HeartRateBpm><Value>136</Value></HeartRateBpm><SensorState>Present</SensorState></Trackpoint><Trackpoint><Time>2025-07-20T10:23:41.201Z</Time><DistanceMeters>650.0</DistanceMeters><HeartRateBpm><Value>136</Value></HeartRateBpm><SensorState>Present</SensorState></Trackpoint><Trackpoint><Time>2025-07-20T10:23:42.201Z</Time><DistanceMeters>650.0</DistanceMeters><HeartRateBpm><Value>136</Value></HeartRateBpm><SensorState>Present</SensorState></Trackpoint><Trackpoint><Time>2025-07-20T10:23:43.201Z</Time><DistanceMeters>650.0</DistanceMeters><HeartRateBpm><Value>136</Value></HeartRateBpm><SensorState>Present</SensorState></Trackpoint><Trackpoint><Time>2025-07-20T10:23:44.201Z</Time><DistanceMeters>650.0</DistanceMeters><HeartRateBpm><Value>136</Value></HeartRateBpm><SensorState>Present</SensorState></Trackpoint><Trackpoint><Time>2025-07-20T10:23:45.201Z</Time><DistanceMeters>650.0</DistanceMeters><HeartRateBpm><Value>135</Value></HeartRateBpm><SensorState>Present</SensorState></Trackpoint><Trackpoint><Time>2025-07-20T10:23:46.201Z</Time><DistanceMeters>650.0</DistanceMeters><HeartRateBpm><Value>135</Value></HeartRateBpm><SensorState>Present</SensorState></Trackpoint><Trackpoint><Time>2025-07-20T10:23:47.201Z</Time><DistanceMeters>650.0</DistanceMeters><HeartRateBpm><Value>135</Value></HeartRateBpm><SensorState>Present</SensorState></Trackpoint><Trackpoint><Time>2025-07-20T10:23:48.201Z</Time><DistanceMeters>650.0</DistanceMeters><HeartRateBpm><Value>135</Value></HeartRateBpm><SensorState>Present</SensorState></Trackpoint><Trackpoint><Time>2025-07-20T10:23:49.201Z</Time><DistanceMeters>650.0</DistanceMeters><HeartRateBpm><Value>135</Value></HeartRateBpm><SensorState>Present</SensorState></Trackpoint><Trackpoint><Time>2025-07-20T10:23:50.201Z</Time><DistanceMeters>650.0</DistanceMeters><HeartRateBpm><Value>135</Value></HeartRateBpm><SensorState>Present</SensorState></Trackpoint><Trackpoint><Time>2025-07-20T10:23:51.201Z</Time><DistanceMeters>650.0</DistanceMeters><HeartRateBpm><Value>135</Value></HeartRateBpm><SensorState>Present</SensorState></Trackpoint><Trackpoint><Time>2025-07-20T10:23:52.201Z</Time><DistanceMeters>650.0</DistanceMeters><HeartRateBpm><Value>136</Value></HeartRateBpm><SensorState>Present</SensorState></Trackpoint><Trackpoint><Time>2025-07-20T10:23:53.201Z</Time><DistanceMeters>651.0926573806339</DistanceMeters><HeartRateBpm><Value>136</Value></HeartRateBpm><SensorState>Present</SensorState></Trackpoint><Trackpoint><Time>2025-07-20T10:23:54.201Z</Time><DistanceMeters>652.1853147612678</DistanceMeters><HeartRateBpm><Value>136</Value></HeartRateBpm><SensorState>Present</SensorState></Trackpoint><Trackpoint><Time>2025-07-20T10:23:55.201Z</Time><DistanceMeters>653.2779721419017</DistanceMeters><HeartRateBpm><Value>137</Value></HeartRateBpm><SensorState>Present</SensorState></Trackpoint><Trackpoint><Time>2025-07-20T10:23:56.201Z</Time><DistanceMeters>654.3706295225356</DistanceMeters><HeartRateBpm><Value>137</Value></HeartRateBpm><SensorState>Present</SensorState></Trackpoint><Trackpoint><Time>2025-07-20T10:23:57.201Z</Time><DistanceMeters>655.4632869031695</DistanceMeters><HeartRateBpm><Value>137</Value></HeartRateBpm><SensorState>Present</SensorState></Trackpoint><Trackpoint><Time>2025-07-20T10:23:58.201Z</Time><DistanceMeters>656.5559442838035</DistanceMeters><HeartRateBpm><Value>137</Value></HeartRateBpm><SensorState>Present</SensorState></Trackpoint><Trackpoint><Time>2025-07-20T10:23:59.201Z</Time><DistanceMeters>657.6486016644374</DistanceMeters><HeartRateBpm><Value>138</Value></HeartRateBpm><SensorState>Present</SensorState></Trackpoint><Trackpoint><Time>2025-07-20T10:24:00.201Z</Time><DistanceMeters>658.7412590450713</DistanceMeters><HeartRateBpm><Value>138</Value></HeartRateBpm><SensorState>Present</SensorState></Trackpoint><Trackpoint><Time>2025-07-20T10:24:01.201Z</Time><DistanceMeters>659.8339164257052</DistanceMeters><HeartRateBpm><Value>138</Value></HeartRateBpm><SensorState>Present</SensorState></Trackpoint><Trackpoint><Time>2025-07-20T10:24:02.201Z</Time><DistanceMeters>660.9265738063391</DistanceMeters><HeartRateBpm><Value>138</Value></HeartRateBpm><SensorState>Present</SensorState></Trackpoint><Trackpoint><Time>2025-07-20T10:24:03.201Z</Time><DistanceMeters>675.0</DistanceMeters><HeartRateBpm><Value>139</Value></HeartRateBpm><SensorState>Present</SensorState></Trackpoint><Trackpoint><Time>2025-07-20T10:24:04.201Z</Time><DistanceMeters>675.0</DistanceMeters><HeartRateBpm><Value>139</Value></HeartRateBpm><SensorState>Present</SensorState></Trackpoint><Trackpoint><Time>2025-07-20T10:24:05.201Z</Time><DistanceMeters>675.0</DistanceMeters><HeartRateBpm><Value>139</Value></HeartRateBpm><SensorState>Present</SensorState></Trackpoint><Trackpoint><Time>2025-07-20T10:24:06.201Z</Time><DistanceMeters>675.0</DistanceMeters><HeartRateBpm><Value>139</Value></HeartRateBpm><SensorState>Present</SensorState></Trackpoint><Trackpoint><Time>2025-07-20T10:24:07.201Z</Time><DistanceMeters>675.0</DistanceMeters><HeartRateBpm><Value>139</Value></HeartRateBpm><SensorState>Present</SensorState></Trackpoint><Trackpoint><Time>2025-07-20T10:24:08.201Z</Time><DistanceMeters>675.0</DistanceMeters><HeartRateBpm><Value>139</Value></HeartRateBpm><SensorState>Present</SensorState></Trackpoint><Trackpoint><Time>2025-07-20T10:24:09.201Z</Time><DistanceMeters>675.0</DistanceMeters><HeartRateBpm><Value>139</Value></HeartRateBpm><SensorState>Present</SensorState></Trackpoint><Trackpoint><Time>2025-07-20T10:24:10.201Z</Time><DistanceMeters>675.0</DistanceMeters><HeartRateBpm><Value>140</Value></HeartRateBpm><SensorState>Present</SensorState></Trackpoint><Trackpoint><Time>2025-07-20T10:24:11.201Z</Time><DistanceMeters>675.0</DistanceMeters><HeartRateBpm><Value>140</Value></HeartRateBpm><SensorState>Present</SensorState></Trackpoint><Trackpoint><Time>2025-07-20T10:24:12.201Z</Time><DistanceMeters>675.0</DistanceMeters><HeartRateBpm><Value>140</Value></HeartRateBpm><SensorState>Present</SensorState></Trackpoint><Trackpoint><Time>2025-07-20T10:24:13.201Z</Time><DistanceMeters>675.0</DistanceMeters><HeartRateBpm><Value>140</Value></HeartRateBpm><SensorState>Present</SensorState></Trackpoint><Trackpoint><Time>2025-07-20T10:24:14.201Z</Time><DistanceMeters>675.0</DistanceMeters><HeartRateBpm><Value>140</Value></HeartRateBpm><SensorState>Present</SensorState></Trackpoint><Trackpoint><Time>2025-07-20T10:24:15.201Z</Time><DistanceMeters>675.0</DistanceMeters><HeartRateBpm><Value>140</Value></HeartRateBpm><SensorState>Present</SensorState></Trackpoint><Trackpoint><Time>2025-07-20T10:24:16.201Z</Time><DistanceMeters>675.0</DistanceMeters><HeartRateBpm><Value>140</Value></HeartRateBpm><SensorState>Present</SensorState></Trackpoint><Trackpoint><Time>2025-07-20T10:24:17.201Z</Time><DistanceMeters>675.0</DistanceMeters><HeartRateBpm><Value>140</Value></HeartRateBpm><SensorState>Present</SensorState></Trackpoint><Trackpoint><Time>2025-07-20T10:24:18.201Z</Time><DistanceMeters>675.0</DistanceMeters><HeartRateBpm><Value>140</Value></HeartRateBpm><SensorState>Present</SensorState></Trackpoint><Trackpoint><Time>2025-07-20T10:24:19.201Z</Time><DistanceMeters>675.0</DistanceMeters><HeartRateBpm><Value>140</Value></HeartRateBpm><SensorState>Present</SensorState></Trackpoint><Trackpoint><Time>2025-07-20T10:24:20.201Z</Time><DistanceMeters>675.0</DistanceMeters><HeartRateBpm><Value>139</Value></HeartRateBpm><SensorState>Present</SensorState></Trackpoint><Trackpoint><Time>2025-07-20T10:24:21.201Z</Time><DistanceMeters>675.0</DistanceMeters><HeartRateBpm><Value>139</Value></HeartRateBpm><SensorState>Present</SensorState></Trackpoint><Trackpoint><Time>2025-07-20T10:24:22.201Z</Time><DistanceMeters>675.0</DistanceMeters><HeartRateBpm><Value>139</Value></HeartRateBpm><SensorState>Present</SensorState></Trackpoint><Trackpoint><Time>2025-07-20T10:24:23.201Z</Time><DistanceMeters>676.0926573806339</DistanceMeters><HeartRateBpm><Value>139</Value></HeartRateBpm><SensorState>Present</SensorState></Trackpoint><Trackpoint><Time>2025-07-20T10:24:24.201Z</Time><DistanceMeters>677.1853147612678</DistanceMeters><HeartRateBpm><Value>138</Value></HeartRateBpm><SensorState>Present</SensorState></Trackpoint><Trackpoint><Time>2025-07-20T10:24:25.201Z</Time><DistanceMeters>678.2779721419017</DistanceMeters><HeartRateBpm><Value>138</Value></HeartRateBpm><SensorState>Present</SensorState></Trackpoint><Trackpoint><Time>2025-07-20T10:24:26.201Z</Time><DistanceMeters>679.3706295225356</DistanceMeters><HeartRateBpm><Value>138</Value></HeartRateBpm><SensorState>Present</SensorState></Trackpoint><Trackpoint><Time>2025-07-20T10:24:27.201Z</Time><DistanceMeters>680.4632869031695</DistanceMeters><HeartRateBpm><Value>138</Value></HeartRateBpm><SensorState>Present</SensorState></Trackpoint><Trackpoint><Time>2025-07-20T10:24:28.201Z</Time><DistanceMeters>681.5559442838035</DistanceMeters><HeartRateBpm><Value>138</Value></HeartRateBpm><SensorState>Present</SensorState></Trackpoint><Trackpoint><Time>2025-07-20T10:24:29.201Z</Time><DistanceMeters>682.6486016644374</DistanceMeters><HeartRateBpm><Value>138</Value></HeartRateBpm><SensorState>Present</SensorState></Trackpoint><Trackpoint><Time>2025-07-20T10:24:30.201Z</Time><DistanceMeters>683.7412590450713</DistanceMeters><HeartRateBpm><Value>139</Value></HeartRateBpm><SensorState>Present</SensorState></Trackpoint><Trackpoint><Time>2025-07-20T10:24:31.201Z</Time><DistanceMeters>684.8339164257052</DistanceMeters><HeartRateBpm><Value>140</Value></HeartRateBpm><SensorState>Present</SensorState></Trackpoint><Trackpoint><Time>2025-07-20T10:24:32.201Z</Time><DistanceMeters>685.9265738063391</DistanceMeters><HeartRateBpm><Value>140</Value></HeartRateBpm><SensorState>Present</SensorState></Trackpoint><Trackpoint><Time>2025-07-20T10:24:33.201Z</Time><DistanceMeters>700.0</DistanceMeters><HeartRateBpm><Value>140</Value></HeartRateBpm><SensorState>Present</SensorState></Trackpoint><Trackpoint><Time>2025-07-20T10:24:34.201Z</Time><DistanceMeters>700.0</DistanceMeters><HeartRateBpm><Value>140</Value></HeartRateBpm><SensorState>Present</SensorState></Trackpoint><Trackpoint><Time>2025-07-20T10:24:35.201Z</Time><DistanceMeters>700.0</DistanceMeters><HeartRateBpm><Value>141</Value></HeartRateBpm><SensorState>Present</SensorState></Trackpoint><Trackpoint><Time>2025-07-20T10:24:36.201Z</Time><DistanceMeters>700.0</DistanceMeters><HeartRateBpm><Value>143</Value></HeartRateBpm><SensorState>Present</SensorState></Trackpoint><Trackpoint><Time>2025-07-20T10:24:37.201Z</Time><DistanceMeters>700.0</DistanceMeters><HeartRateBpm><Value>144</Value></HeartRateBpm><SensorState>Present</SensorState></Trackpoint><Trackpoint><Time>2025-07-20T10:24:38.201Z</Time><DistanceMeters>700.0</DistanceMeters><HeartRateBpm><Value>144</Value></HeartRateBpm><SensorState>Present</SensorState></Trackpoint><Trackpoint><Time>2025-07-20T10:24:39.201Z</Time><DistanceMeters>700.0</DistanceMeters><HeartRateBpm><Value>144</Value></HeartRateBpm><SensorState>Present</SensorState></Trackpoint><Trackpoint><Time>2025-07-20T10:24:40.201Z</Time><DistanceMeters>700.0</DistanceMeters><HeartRateBpm><Value>145</Value></HeartRateBpm><SensorState>Present</SensorState></Trackpoint><Trackpoint><Time>2025-07-20T10:24:41.201Z</Time><DistanceMeters>700.0</DistanceMeters><HeartRateBpm><Value>144</Value></HeartRateBpm><SensorState>Present</SensorState></Trackpoint><Trackpoint><Time>2025-07-20T10:24:42.201Z</Time><DistanceMeters>700.0</DistanceMeters><HeartRateBpm><Value>143</Value></HeartRateBpm><SensorState>Present</SensorState></Trackpoint><Trackpoint><Time>2025-07-20T10:24:43.201Z</Time><DistanceMeters>700.0</DistanceMeters><HeartRateBpm><Value>142</Value></HeartRateBpm><SensorState>Present</SensorState></Trackpoint><Trackpoint><Time>2025-07-20T10:24:44.201Z</Time><DistanceMeters>700.0</DistanceMeters><HeartRateBpm><Value>141</Value></HeartRateBpm><SensorState>Present</SensorState></Trackpoint><Trackpoint><Time>2025-07-20T10:24:45.201Z</Time><DistanceMeters>700.0</DistanceMeters><HeartRateBpm><Value>141</Value></HeartRateBpm><SensorState>Present</SensorState></Trackpoint><Trackpoint><Time>2025-07-20T10:24:46.201Z</Time><DistanceMeters>700.0</DistanceMeters><HeartRateBpm><Value>140</Value></HeartRateBpm><SensorState>Present</SensorState></Trackpoint><Trackpoint><Time>2025-07-20T10:24:47.201Z</Time><DistanceMeters>700.0</DistanceMeters><HeartRateBpm><Value>140</Value></HeartRateBpm><SensorState>Present</SensorState></Trackpoint><Trackpoint><Time>2025-07-20T10:24:48.201Z</Time><DistanceMeters>700.0</DistanceMeters><HeartRateBpm><Value>139</Value></HeartRateBpm><SensorState>Present</SensorState></Trackpoint><Trackpoint><Time>2025-07-20T10:24:49.201Z</Time><DistanceMeters>700.0</DistanceMeters><HeartRateBpm><Value>140</Value></HeartRateBpm><SensorState>Present</SensorState></Trackpoint><Trackpoint><Time>2025-07-20T10:24:50.201Z</Time><DistanceMeters>700.0</DistanceMeters><HeartRateBpm><Value>140</Value></HeartRateBpm><SensorState>Present</SensorState></Trackpoint><Trackpoint><Time>2025-07-20T10:24:51.201Z</Time><DistanceMeters>700.0</DistanceMeters><HeartRateBpm><Value>141</Value></HeartRateBpm><SensorState>Present</SensorState></Trackpoint><Trackpoint><Time>2025-07-20T10:24:52.201Z</Time><DistanceMeters>700.0</DistanceMeters><HeartRateBpm><Value>140</Value></HeartRateBpm><SensorState>Present</SensorState></Trackpoint><Trackpoint><Time>2025-07-20T10:24:53.201Z</Time><DistanceMeters>700.0</DistanceMeters><HeartRateBpm><Value>140</Value></HeartRateBpm><SensorState>Present</SensorState></Trackpoint><Trackpoint><Time>2025-07-20T10:24:54.201Z</Time><DistanceMeters>700.0</DistanceMeters><HeartRateBpm><Value>139</Value></HeartRateBpm><SensorState>Present</SensorState></Trackpoint><Trackpoint><Time>2025-07-20T10:24:55.201Z</Time><DistanceMeters>700.0</DistanceMeters><HeartRateBpm><Value>139</Value></HeartRateBpm><SensorState>Present</SensorState></Trackpoint><Trackpoint><Time>2025-07-20T10:24:56.201Z</Time><DistanceMeters>701.0926573806339</DistanceMeters><HeartRateBpm><Value>140</Value></HeartRateBpm><SensorState>Present</SensorState></Trackpoint><Trackpoint><Time>2025-07-20T10:24:57.201Z</Time><DistanceMeters>702.1853147612678</DistanceMeters><HeartRateBpm><Value>141</Value></HeartRateBpm><SensorState>Present</SensorState></Trackpoint><Trackpoint><Time>2025-07-20T10:24:58.201Z</Time><DistanceMeters>703.2779721419017</DistanceMeters><HeartRateBpm><Value>141</Value></HeartRateBpm><SensorState>Present</SensorState></Trackpoint><Trackpoint><Time>2025-07-20T10:24:59.201Z</Time><DistanceMeters>704.3706295225356</DistanceMeters><HeartRateBpm><Value>141</Value></HeartRateBpm><SensorState>Present</SensorState></Trackpoint><Trackpoint><Time>2025-07-20T10:25:00.201Z</Time><DistanceMeters>705.4632869031695</DistanceMeters><HeartRateBpm><Value>141</Value></HeartRateBpm><SensorState>Present</SensorState></Trackpoint><Trackpoint><Time>2025-07-20T10:25:01.201Z</Time><DistanceMeters>706.5559442838035</DistanceMeters><HeartRateBpm><Value>140</Value></HeartRateBpm><SensorState>Present</SensorState></Trackpoint><Trackpoint><Time>2025-07-20T10:25:02.201Z</Time><DistanceMeters>707.6486016644374</DistanceMeters><HeartRateBpm><Value>140</Value></HeartRateBpm><SensorState>Present</SensorState></Trackpoint><Trackpoint><Time>2025-07-20T10:25:03.201Z</Time><DistanceMeters>708.7412590450713</DistanceMeters><HeartRateBpm><Value>140</Value></HeartRateBpm><SensorState>Present</SensorState></Trackpoint><Trackpoint><Time>2025-07-20T10:25:04.201Z</Time><DistanceMeters>709.8339164257052</DistanceMeters><HeartRateBpm><Value>140</Value></HeartRateBpm><SensorState>Present</SensorState></Trackpoint><Trackpoint><Time>2025-07-20T10:25:05.201Z</Time><DistanceMeters>710.9265738063391</DistanceMeters><HeartRateBpm><Value>140</Value></HeartRateBpm><SensorState>Present</SensorState></Trackpoint><Trackpoint><Time>2025-07-20T10:25:06.201Z</Time><DistanceMeters>725.0</DistanceMeters><HeartRateBpm><Value>139</Value></HeartRateBpm><SensorState>Present</SensorState></Trackpoint><Trackpoint><Time>2025-07-20T10:25:07.201Z</Time><DistanceMeters>725.0</DistanceMeters><HeartRateBpm><Value>139</Value></HeartRateBpm><SensorState>Present</SensorState></Trackpoint><Trackpoint><Time>2025-07-20T10:25:08.201Z</Time><DistanceMeters>725.0</DistanceMeters><HeartRateBpm><Value>139</Value></HeartRateBpm><SensorState>Present</SensorState></Trackpoint><Trackpoint><Time>2025-07-20T10:25:09.201Z</Time><DistanceMeters>725.0</DistanceMeters><HeartRateBpm><Value>138</Value></HeartRateBpm><SensorState>Present</SensorState></Trackpoint><Trackpoint><Time>2025-07-20T10:25:10.201Z</Time><DistanceMeters>725.0</DistanceMeters><HeartRateBpm><Value>137</Value></HeartRateBpm><SensorState>Present</SensorState></Trackpoint><Trackpoint><Time>2025-07-20T10:25:11.201Z</Time><DistanceMeters>725.0</DistanceMeters><HeartRateBpm><Value>137</Value></HeartRateBpm><SensorState>Present</SensorState></Trackpoint><Trackpoint><Time>2025-07-20T10:25:12.201Z</Time><DistanceMeters>725.0</DistanceMeters><HeartRateBpm><Value>136</Value></HeartRateBpm><SensorState>Present</SensorState></Trackpoint><Trackpoint><Time>2025-07-20T10:25:13.201Z</Time><DistanceMeters>725.0</DistanceMeters><HeartRateBpm><Value>135</Value></HeartRateBpm><SensorState>Present</SensorState></Trackpoint><Trackpoint><Time>2025-07-20T10:25:14.201Z</Time><DistanceMeters>725.0</DistanceMeters><HeartRateBpm><Value>136</Value></HeartRateBpm><SensorState>Present</SensorState></Trackpoint><Trackpoint><Time>2025-07-20T10:25:15.201Z</Time><DistanceMeters>725.0</DistanceMeters><HeartRateBpm><Value>137</Value></HeartRateBpm><SensorState>Present</SensorState></Trackpoint><Trackpoint><Time>2025-07-20T10:25:16.201Z</Time><DistanceMeters>725.0</DistanceMeters><HeartRateBpm><Value>137</Value></HeartRateBpm><SensorState>Present</SensorState></Trackpoint><Trackpoint><Time>2025-07-20T10:25:17.201Z</Time><DistanceMeters>725.0</DistanceMeters><HeartRateBpm><Value>138</Value></HeartRateBpm><SensorState>Present</SensorState></Trackpoint><Trackpoint><Time>2025-07-20T10:25:18.201Z</Time><DistanceMeters>725.0</DistanceMeters><HeartRateBpm><Value>138</Value></HeartRateBpm><SensorState>Present</SensorState></Trackpoint><Trackpoint><Time>2025-07-20T10:25:19.201Z</Time><DistanceMeters>725.0</DistanceMeters><HeartRateBpm><Value>138</Value></HeartRateBpm><SensorState>Present</SensorState></Trackpoint><Trackpoint><Time>2025-07-20T10:25:20.201Z</Time><DistanceMeters>725.0</DistanceMeters><HeartRateBpm><Value>138</Value></HeartRateBpm><SensorState>Present</SensorState></Trackpoint><Trackpoint><Time>2025-07-20T10:25:21.201Z</Time><DistanceMeters>725.0</DistanceMeters><HeartRateBpm><Value>138</Value></HeartRateBpm><SensorState>Present</SensorState></Trackpoint><Trackpoint><Time>2025-07-20T10:25:22.201Z</Time><DistanceMeters>725.0</DistanceMeters><HeartRateBpm><Value>137</Value></HeartRateBpm><SensorState>Present</SensorState></Trackpoint><Trackpoint><Time>2025-07-20T10:25:23.201Z</Time><DistanceMeters>725.0</DistanceMeters><HeartRateBpm><Value>136</Value></HeartRateBpm><SensorState>Present</SensorState></Trackpoint><Trackpoint><Time>2025-07-20T10:25:24.201Z</Time><DistanceMeters>725.0</DistanceMeters><HeartRateBpm><Value>135</Value></HeartRateBpm><SensorState>Present</SensorState></Trackpoint><Trackpoint><Time>2025-07-20T10:25:25.201Z</Time><DistanceMeters>725.0</DistanceMeters><HeartRateBpm><Value>134</Value></HeartRateBpm><SensorState>Present</SensorState></Trackpoint><Trackpoint><Time>2025-07-20T10:25:26.201Z</Time><DistanceMeters>726.0926573806339</DistanceMeters><HeartRateBpm><Value>135</Value></HeartRateBpm><SensorState>Present</SensorState></Trackpoint><Trackpoint><Time>2025-07-20T10:25:27.201Z</Time><DistanceMeters>727.1853147612678</DistanceMeters><HeartRateBpm><Value>133</Value></HeartRateBpm><SensorState>Present</SensorState></Trackpoint><Trackpoint><Time>2025-07-20T10:25:28.201Z</Time><DistanceMeters>728.2779721419017</DistanceMeters><HeartRateBpm><Value>134</Value></HeartRateBpm><SensorState>Present</SensorState></Trackpoint><Trackpoint><Time>2025-07-20T10:25:29.201Z</Time><DistanceMeters>729.3706295225356</DistanceMeters><HeartRateBpm><Value>134</Value></HeartRateBpm><SensorState>Present</SensorState></Trackpoint><Trackpoint><Time>2025-07-20T10:25:30.201Z</Time><DistanceMeters>730.4632869031695</DistanceMeters><HeartRateBpm><Value>135</Value></HeartRateBpm><SensorState>Present</SensorState></Trackpoint><Trackpoint><Time>2025-07-20T10:25:31.201Z</Time><DistanceMeters>731.5559442838035</DistanceMeters><HeartRateBpm><Value>135</Value></HeartRateBpm><SensorState>Present</SensorState></Trackpoint><Trackpoint><Time>2025-07-20T10:25:32.201Z</Time><DistanceMeters>732.6486016644374</DistanceMeters><HeartRateBpm><Value>136</Value></HeartRateBpm><SensorState>Present</SensorState></Trackpoint><Trackpoint><Time>2025-07-20T10:25:33.201Z</Time><DistanceMeters>733.7412590450713</DistanceMeters><HeartRateBpm><Value>136</Value></HeartRateBpm><SensorState>Present</SensorState></Trackpoint><Trackpoint><Time>2025-07-20T10:25:34.201Z</Time><DistanceMeters>734.8339164257052</DistanceMeters><HeartRateBpm><Value>137</Value></HeartRateBpm><SensorState>Present</SensorState></Trackpoint><Trackpoint><Time>2025-07-20T10:25:35.201Z</Time><DistanceMeters>735.9265738063391</DistanceMeters><HeartRateBpm><Value>137</Value></HeartRateBpm><SensorState>Present</SensorState></Trackpoint><Trackpoint><Time>2025-07-20T10:25:36.201Z</Time><DistanceMeters>750.0</DistanceMeters><HeartRateBpm><Value>137</Value></HeartRateBpm><SensorState>Present</SensorState></Trackpoint><Trackpoint><Time>2025-07-20T10:25:37.201Z</Time><DistanceMeters>750.0</DistanceMeters><HeartRateBpm><Value>137</Value></HeartRateBpm><SensorState>Present</SensorState></Trackpoint><Trackpoint><Time>2025-07-20T10:25:38.201Z</Time><DistanceMeters>750.0</DistanceMeters><HeartRateBpm><Value>137</Value></HeartRateBpm><SensorState>Present</SensorState></Trackpoint><Trackpoint><Time>2025-07-20T10:25:39.201Z</Time><DistanceMeters>750.0</DistanceMeters><HeartRateBpm><Value>137</Value></HeartRateBpm><SensorState>Present</SensorState></Trackpoint><Trackpoint><Time>2025-07-20T10:25:40.201Z</Time><DistanceMeters>750.0</DistanceMeters><HeartRateBpm><Value>137</Value></HeartRateBpm><SensorState>Present</SensorState></Trackpoint><Trackpoint><Time>2025-07-20T10:25:41.201Z</Time><DistanceMeters>750.0</DistanceMeters><HeartRateBpm><Value>138</Value></HeartRateBpm><SensorState>Present</SensorState></Trackpoint><Trackpoint><Time>2025-07-20T10:25:42.201Z</Time><DistanceMeters>750.0</DistanceMeters><HeartRateBpm><Value>138</Value></HeartRateBpm><SensorState>Present</SensorState></Trackpoint><Trackpoint><Time>2025-07-20T10:25:43.201Z</Time><DistanceMeters>750.0</DistanceMeters><HeartRateBpm><Value>138</Value></HeartRateBpm><SensorState>Present</SensorState></Trackpoint><Trackpoint><Time>2025-07-20T10:25:44.201Z</Time><DistanceMeters>750.0</DistanceMeters><HeartRateBpm><Value>138</Value></HeartRateBpm><SensorState>Present</SensorState></Trackpoint><Trackpoint><Time>2025-07-20T10:25:45.201Z</Time><DistanceMeters>750.0</DistanceMeters><HeartRateBpm><Value>139</Value></HeartRateBpm><SensorState>Present</SensorState></Trackpoint><Trackpoint><Time>2025-07-20T10:25:46.201Z</Time><DistanceMeters>750.0</DistanceMeters><HeartRateBpm><Value>139</Value></HeartRateBpm><SensorState>Present</SensorState></Trackpoint><Trackpoint><Time>2025-07-20T10:25:47.201Z</Time><DistanceMeters>750.0</DistanceMeters><HeartRateBpm><Value>139</Value></HeartRateBpm><SensorState>Present</SensorState></Trackpoint><Trackpoint><Time>2025-07-20T10:25:48.201Z</Time><DistanceMeters>750.0</DistanceMeters><HeartRateBpm><Value>140</Value></HeartRateBpm><SensorState>Present</SensorState></Trackpoint><Trackpoint><Time>2025-07-20T10:25:49.201Z</Time><DistanceMeters>750.0</DistanceMeters><HeartRateBpm><Value>140</Value></HeartRateBpm><SensorState>Present</SensorState></Trackpoint><Trackpoint><Time>2025-07-20T10:25:50.201Z</Time><DistanceMeters>750.0</DistanceMeters><HeartRateBpm><Value>139</Value></HeartRateBpm><SensorState>Present</SensorState></Trackpoint><Trackpoint><Time>2025-07-20T10:25:51.201Z</Time><DistanceMeters>750.0</DistanceMeters><HeartRateBpm><Value>139</Value></HeartRateBpm><SensorState>Present</SensorState></Trackpoint><Trackpoint><Time>2025-07-20T10:25:52.201Z</Time><DistanceMeters>750.0</DistanceMeters><HeartRateBpm><Value>138</Value></HeartRateBpm><SensorState>Present</SensorState></Trackpoint><Trackpoint><Time>2025-07-20T10:25:53.201Z</Time><DistanceMeters>750.0</DistanceMeters><HeartRateBpm><Value>138</Value></HeartRateBpm><SensorState>Present</SensorState></Trackpoint><Trackpoint><Time>2025-07-20T10:25:54.201Z</Time><DistanceMeters>750.0</DistanceMeters><HeartRateBpm><Value>137</Value></HeartRateBpm><SensorState>Present</SensorState></Trackpoint><Trackpoint><Time>2025-07-20T10:25:55.201Z</Time><DistanceMeters>750.0</DistanceMeters><HeartRateBpm><Value>137</Value></HeartRateBpm><SensorState>Present</SensorState></Trackpoint><Trackpoint><Time>2025-07-20T10:25:56.201Z</Time><DistanceMeters>750.0</DistanceMeters><HeartRateBpm><Value>137</Value></HeartRateBpm><SensorState>Present</SensorState></Trackpoint><Trackpoint><Time>2025-07-20T10:25:57.201Z</Time><DistanceMeters>750.0</DistanceMeters><HeartRateBpm><Value>136</Value></HeartRateBpm><SensorState>Present</SensorState></Trackpoint><Trackpoint><Time>2025-07-20T10:25:58.201Z</Time><DistanceMeters>750.0</DistanceMeters><HeartRateBpm><Value>134</Value></HeartRateBpm><SensorState>Present</SensorState></Trackpoint><Trackpoint><Time>2025-07-20T10:25:59.201Z</Time><DistanceMeters>750.0</DistanceMeters><HeartRateBpm><Value>132</Value></HeartRateBpm><SensorState>Present</SensorState></Trackpoint><Trackpoint><Time>2025-07-20T10:26:00.201Z</Time><DistanceMeters>750.0</DistanceMeters><HeartRateBpm><Value>131</Value></HeartRateBpm><SensorState>Present</SensorState></Trackpoint><Trackpoint><Time>2025-07-20T10:26:01.201Z</Time><DistanceMeters>750.0</DistanceMeters><HeartRateBpm><Value>129</Value></HeartRateBpm><SensorState>Present</SensorState></Trackpoint><Trackpoint><Time>2025-07-20T10:26:02.201Z</Time><DistanceMeters>751.0926573806339</DistanceMeters><HeartRateBpm><Value>127</Value></HeartRateBpm><SensorState>Present</SensorState></Trackpoint><Trackpoint><Time>2025-07-20T10:26:03.201Z</Time><DistanceMeters>752.1853147612678</DistanceMeters><HeartRateBpm><Value>126</Value></HeartRateBpm><SensorState>Present</SensorState></Trackpoint><Trackpoint><Time>2025-07-20T10:26:04.201Z</Time><DistanceMeters>753.2779721419017</DistanceMeters><HeartRateBpm><Value>126</Value></HeartRateBpm><SensorState>Present</SensorState></Trackpoint><Trackpoint><Time>2025-07-20T10:26:05.201Z</Time><DistanceMeters>754.3706295225356</DistanceMeters><HeartRateBpm><Value>125</Value></HeartRateBpm><SensorState>Present</SensorState></Trackpoint><Trackpoint><Time>2025-07-20T10:26:06.201Z</Time><DistanceMeters>755.4632869031695</DistanceMeters><HeartRateBpm><Value>124</Value></HeartRateBpm><SensorState>Present</SensorState></Trackpoint><Trackpoint><Time>2025-07-20T10:26:07.201Z</Time><DistanceMeters>756.5559442838035</DistanceMeters><HeartRateBpm><Value>123</Value></HeartRateBpm><SensorState>Present</SensorState></Trackpoint><Trackpoint><Time>2025-07-20T10:26:08.201Z</Time><DistanceMeters>757.6486016644374</DistanceMeters><HeartRateBpm><Value>122</Value></HeartRateBpm><SensorState>Present</SensorState></Trackpoint><Trackpoint><Time>2025-07-20T10:26:09.201Z</Time><DistanceMeters>758.7412590450713</DistanceMeters><HeartRateBpm><Value>122</Value></HeartRateBpm><SensorState>Present</SensorState></Trackpoint><Trackpoint><Time>2025-07-20T10:26:10.201Z</Time><DistanceMeters>759.8339164257052</DistanceMeters><HeartRateBpm><Value>123</Value></HeartRateBpm><SensorState>Present</SensorState></Trackpoint><Trackpoint><Time>2025-07-20T10:26:11.201Z</Time><DistanceMeters>760.9265738063391</DistanceMeters><HeartRateBpm><Value>124</Value></HeartRateBpm><SensorState>Present</SensorState></Trackpoint><Trackpoint><Time>2025-07-20T10:26:12.201Z</Time><DistanceMeters>775.0</DistanceMeters><HeartRateBpm><Value>125</Value></HeartRateBpm><SensorState>Present</SensorState></Trackpoint><Trackpoint><Time>2025-07-20T10:26:13.201Z</Time><DistanceMeters>775.0</DistanceMeters><HeartRateBpm><Value>126</Value></HeartRateBpm><SensorState>Present</SensorState></Trackpoint><Trackpoint><Time>2025-07-20T10:26:14.201Z</Time><DistanceMeters>775.0</DistanceMeters><HeartRateBpm><Value>128</Value></HeartRateBpm><SensorState>Present</SensorState></Trackpoint><Trackpoint><Time>2025-07-20T10:26:15.201Z</Time><DistanceMeters>775.0</DistanceMeters><HeartRateBpm><Value>129</Value></HeartRateBpm><SensorState>Present</SensorState></Trackpoint><Trackpoint><Time>2025-07-20T10:26:16.201Z</Time><DistanceMeters>775.0</DistanceMeters><HeartRateBpm><Value>130</Value></HeartRateBpm><SensorState>Present</SensorState></Trackpoint><Trackpoint><Time>2025-07-20T10:26:17.201Z</Time><DistanceMeters>775.0</DistanceMeters><HeartRateBpm><Value>131</Value></HeartRateBpm><SensorState>Present</SensorState></Trackpoint><Trackpoint><Time>2025-07-20T10:26:18.201Z</Time><DistanceMeters>775.0</DistanceMeters><HeartRateBpm><Value>132</Value></HeartRateBpm><SensorState>Present</SensorState></Trackpoint><Trackpoint><Time>2025-07-20T10:26:19.201Z</Time><DistanceMeters>775.0</DistanceMeters><HeartRateBpm><Value>132</Value></HeartRateBpm><SensorState>Present</SensorState></Trackpoint><Trackpoint><Time>2025-07-20T10:26:20.201Z</Time><DistanceMeters>775.0</DistanceMeters><HeartRateBpm><Value>132</Value></HeartRateBpm><SensorState>Present</SensorState></Trackpoint><Trackpoint><Time>2025-07-20T10:26:21.201Z</Time><DistanceMeters>775.0</DistanceMeters><HeartRateBpm><Value>132</Value></HeartRateBpm><SensorState>Present</SensorState></Trackpoint><Trackpoint><Time>2025-07-20T10:26:22.201Z</Time><DistanceMeters>775.0</DistanceMeters><HeartRateBpm><Value>132</Value></HeartRateBpm><SensorState>Present</SensorState></Trackpoint><Trackpoint><Time>2025-07-20T10:26:23.201Z</Time><DistanceMeters>775.0</DistanceMeters><HeartRateBpm><Value>133</Value></HeartRateBpm><SensorState>Present</SensorState></Trackpoint><Trackpoint><Time>2025-07-20T10:26:24.201Z</Time><DistanceMeters>775.0</DistanceMeters><HeartRateBpm><Value>133</Value></HeartRateBpm><SensorState>Present</SensorState></Trackpoint><Trackpoint><Time>2025-07-20T10:26:25.201Z</Time><DistanceMeters>775.0</DistanceMeters><HeartRateBpm><Value>133</Value></HeartRateBpm><SensorState>Present</SensorState></Trackpoint><Trackpoint><Time>2025-07-20T10:26:26.201Z</Time><DistanceMeters>775.0</DistanceMeters><HeartRateBpm><Value>133</Value></HeartRateBpm><SensorState>Present</SensorState></Trackpoint><Trackpoint><Time>2025-07-20T10:26:27.201Z</Time><DistanceMeters>775.0</DistanceMeters><HeartRateBpm><Value>133</Value></HeartRateBpm><SensorState>Present</SensorState></Trackpoint><Trackpoint><Time>2025-07-20T10:26:28.201Z</Time><DistanceMeters>775.0</DistanceMeters><HeartRateBpm><Value>133</Value></HeartRateBpm><SensorState>Present</SensorState></Trackpoint><Trackpoint><Time>2025-07-20T10:26:29.201Z</Time><DistanceMeters>775.0</DistanceMeters><HeartRateBpm><Value>133</Value></HeartRateBpm><SensorState>Present</SensorState></Trackpoint><Trackpoint><Time>2025-07-20T10:26:30.201Z</Time><DistanceMeters>775.0</DistanceMeters><HeartRateBpm><Value>133</Value></HeartRateBpm><SensorState>Present</SensorState></Trackpoint><Trackpoint><Time>2025-07-20T10:26:31.201Z</Time><DistanceMeters>775.0</DistanceMeters><HeartRateBpm><Value>134</Value></HeartRateBpm><SensorState>Present</SensorState></Trackpoint><Trackpoint><Time>2025-07-20T10:26:32.201Z</Time><DistanceMeters>775.0</DistanceMeters><HeartRateBpm><Value>134</Value></HeartRateBpm><SensorState>Present</SensorState></Trackpoint><Trackpoint><Time>2025-07-20T10:26:33.201Z</Time><DistanceMeters>775.0</DistanceMeters><HeartRateBpm><Value>134</Value></HeartRateBpm><SensorState>Present</SensorState></Trackpoint><Trackpoint><Time>2025-07-20T10:26:34.201Z</Time><DistanceMeters>776.0926573806339</DistanceMeters><HeartRateBpm><Value>134</Value></HeartRateBpm><SensorState>Present</SensorState></Trackpoint><Trackpoint><Time>2025-07-20T10:26:35.201Z</Time><DistanceMeters>777.1853147612678</DistanceMeters><HeartRateBpm><Value>134</Value></HeartRateBpm><SensorState>Present</SensorState></Trackpoint><Trackpoint><Time>2025-07-20T10:26:36.201Z</Time><DistanceMeters>778.2779721419017</DistanceMeters><HeartRateBpm><Value>134</Value></HeartRateBpm><SensorState>Present</SensorState></Trackpoint><Trackpoint><Time>2025-07-20T10:26:37.201Z</Time><DistanceMeters>779.3706295225356</DistanceMeters><HeartRateBpm><Value>134</Value></HeartRateBpm><SensorState>Present</SensorState></Trackpoint><Trackpoint><Time>2025-07-20T10:26:38.201Z</Time><DistanceMeters>780.4632869031695</DistanceMeters><HeartRateBpm><Value>135</Value></HeartRateBpm><SensorState>Present</SensorState></Trackpoint><Trackpoint><Time>2025-07-20T10:26:39.201Z</Time><DistanceMeters>781.5559442838035</DistanceMeters><HeartRateBpm><Value>135</Value></HeartRateBpm><SensorState>Present</SensorState></Trackpoint><Trackpoint><Time>2025-07-20T10:26:40.201Z</Time><DistanceMeters>782.6486016644374</DistanceMeters><HeartRateBpm><Value>136</Value></HeartRateBpm><SensorState>Present</SensorState></Trackpoint><Trackpoint><Time>2025-07-20T10:26:41.201Z</Time><DistanceMeters>783.7412590450713</DistanceMeters><HeartRateBpm><Value>136</Value></HeartRateBpm><SensorState>Present</SensorState></Trackpoint><Trackpoint><Time>2025-07-20T10:26:42.201Z</Time><DistanceMeters>784.8339164257052</DistanceMeters><HeartRateBpm><Value>137</Value></HeartRateBpm><SensorState>Present</SensorState></Trackpoint><Trackpoint><Time>2025-07-20T10:26:43.201Z</Time><DistanceMeters>785.9265738063391</DistanceMeters><HeartRateBpm><Value>137</Value></HeartRateBpm><SensorState>Present</SensorState></Trackpoint><Trackpoint><Time>2025-07-20T10:26:44.201Z</Time><DistanceMeters>800.0</DistanceMeters><HeartRateBpm><Value>137</Value></HeartRateBpm><SensorState>Present</SensorState></Trackpoint><Trackpoint><Time>2025-07-20T10:26:45.201Z</Time><DistanceMeters>800.0</DistanceMeters><HeartRateBpm><Value>137</Value></HeartRateBpm><SensorState>Present</SensorState></Trackpoint><Trackpoint><Time>2025-07-20T10:26:46.201Z</Time><DistanceMeters>800.0</DistanceMeters><HeartRateBpm><Value>137</Value></HeartRateBpm><SensorState>Present</SensorState></Trackpoint><Trackpoint><Time>2025-07-20T10:26:47.201Z</Time><DistanceMeters>800.0</DistanceMeters><HeartRateBpm><Value>137</Value></HeartRateBpm><SensorState>Present</SensorState></Trackpoint><Trackpoint><Time>2025-07-20T10:26:48.201Z</Time><DistanceMeters>800.0</DistanceMeters><HeartRateBpm><Value>137</Value></HeartRateBpm><SensorState>Present</SensorState></Trackpoint><Trackpoint><Time>2025-07-20T10:26:49.201Z</Time><DistanceMeters>800.0</DistanceMeters><HeartRateBpm><Value>137</Value></HeartRateBpm><SensorState>Present</SensorState></Trackpoint><Trackpoint><Time>2025-07-20T10:26:50.201Z</Time><DistanceMeters>800.0</DistanceMeters><HeartRateBpm><Value>137</Value></HeartRateBpm><SensorState>Present</SensorState></Trackpoint><Trackpoint><Time>2025-07-20T10:26:51.201Z</Time><DistanceMeters>800.0</DistanceMeters><HeartRateBpm><Value>137</Value></HeartRateBpm><SensorState>Present</SensorState></Trackpoint><Trackpoint><Time>2025-07-20T10:26:52.201Z</Time><DistanceMeters>800.0</DistanceMeters><HeartRateBpm><Value>137</Value></HeartRateBpm><SensorState>Present</SensorState></Trackpoint><Trackpoint><Time>2025-07-20T10:26:53.201Z</Time><DistanceMeters>800.0</DistanceMeters><HeartRateBpm><Value>136</Value></HeartRateBpm><SensorState>Present</SensorState></Trackpoint><Trackpoint><Time>2025-07-20T10:26:54.201Z</Time><DistanceMeters>800.0</DistanceMeters><HeartRateBpm><Value>136</Value></HeartRateBpm><SensorState>Present</SensorState></Trackpoint><Trackpoint><Time>2025-07-20T10:26:55.201Z</Time><DistanceMeters>800.0</DistanceMeters><HeartRateBpm><Value>135</Value></HeartRateBpm><SensorState>Present</SensorState></Trackpoint><Trackpoint><Time>2025-07-20T10:26:56.201Z</Time><DistanceMeters>800.0</DistanceMeters><HeartRateBpm><Value>135</Value></HeartRateBpm><SensorState>Present</SensorState></Trackpoint><Trackpoint><Time>2025-07-20T10:26:57.201Z</Time><DistanceMeters>800.0</DistanceMeters><HeartRateBpm><Value>134</Value></HeartRateBpm><SensorState>Present</SensorState></Trackpoint><Trackpoint><Time>2025-07-20T10:26:58.201Z</Time><DistanceMeters>800.0</DistanceMeters><HeartRateBpm><Value>133</Value></HeartRateBpm><SensorState>Present</SensorState></Trackpoint><Trackpoint><Time>2025-07-20T10:26:59.201Z</Time><DistanceMeters>800.0</DistanceMeters><HeartRateBpm><Value>132</Value></HeartRateBpm><SensorState>Present</SensorState></Trackpoint><Trackpoint><Time>2025-07-20T10:27:00.201Z</Time><DistanceMeters>800.0</DistanceMeters><HeartRateBpm><Value>133</Value></HeartRateBpm><SensorState>Present</SensorState></Trackpoint><Trackpoint><Time>2025-07-20T10:27:01.201Z</Time><DistanceMeters>800.0</DistanceMeters><HeartRateBpm><Value>132</Value></HeartRateBpm><SensorState>Present</SensorState></Trackpoint><Trackpoint><Time>2025-07-20T10:27:02.201Z</Time><DistanceMeters>800.0</DistanceMeters><HeartRateBpm><Value>132</Value></HeartRateBpm><SensorState>Present</SensorState></Trackpoint><Trackpoint><Time>2025-07-20T10:27:03.201Z</Time><DistanceMeters>800.0</DistanceMeters><HeartRateBpm><Value>131</Value></HeartRateBpm><SensorState>Present</SensorState></Trackpoint><Trackpoint><Time>2025-07-20T10:27:04.201Z</Time><DistanceMeters>800.0</DistanceMeters><HeartRateBpm><Value>131</Value></HeartRateBpm><SensorState>Present</SensorState></Trackpoint><Trackpoint><Time>2025-07-20T10:27:05.201Z</Time><DistanceMeters>800.0</DistanceMeters><HeartRateBpm><Value>130</Value></HeartRateBpm><SensorState>Present</SensorState></Trackpoint><Trackpoint><Time>2025-07-20T10:27:06.201Z</Time><DistanceMeters>800.0</DistanceMeters><HeartRateBpm><Value>128</Value></HeartRateBpm><SensorState>Present</SensorState></Trackpoint><Trackpoint><Time>2025-07-20T10:27:07.201Z</Time><DistanceMeters>801.0926573806339</DistanceMeters><HeartRateBpm><Value>128</Value></HeartRateBpm><SensorState>Present</SensorState></Trackpoint><Trackpoint><Time>2025-07-20T10:27:08.201Z</Time><DistanceMeters>802.1853147612678</DistanceMeters><HeartRateBpm><Value>128</Value></HeartRateBpm><SensorState>Present</SensorState></Trackpoint><Trackpoint><Time>2025-07-20T10:27:09.201Z</Time><DistanceMeters>803.2779721419017</DistanceMeters><HeartRateBpm><Value>127</Value></HeartRateBpm><SensorState>Present</SensorState></Trackpoint><Trackpoint><Time>2025-07-20T10:27:10.201Z</Time><DistanceMeters>804.3706295225356</DistanceMeters><HeartRateBpm><Value>126</Value></HeartRateBpm><SensorState>Present</SensorState></Trackpoint><Trackpoint><Time>2025-07-20T10:27:11.201Z</Time><DistanceMeters>805.4632869031695</DistanceMeters><HeartRateBpm><Value>125</Value></HeartRateBpm><SensorState>Present</SensorState></Trackpoint><Trackpoint><Time>2025-07-20T10:27:12.201Z</Time><DistanceMeters>806.5559442838035</DistanceMeters><HeartRateBpm><Value>123</Value></HeartRateBpm><SensorState>Present</SensorState></Trackpoint><Trackpoint><Time>2025-07-20T10:27:13.201Z</Time><DistanceMeters>807.6486016644374</DistanceMeters><HeartRateBpm><Value>121</Value></HeartRateBpm><SensorState>Present</SensorState></Trackpoint><Trackpoint><Time>2025-07-20T10:27:14.201Z</Time><DistanceMeters>808.7412590450713</DistanceMeters><HeartRateBpm><Value>120</Value></HeartRateBpm><SensorState>Present</SensorState></Trackpoint><Trackpoint><Time>2025-07-20T10:27:15.201Z</Time><DistanceMeters>809.8339164257052</DistanceMeters><HeartRateBpm><Value>119</Value></HeartRateBpm><SensorState>Present</SensorState></Trackpoint><Trackpoint><Time>2025-07-20T10:27:16.201Z</Time><DistanceMeters>810.9265738063391</DistanceMeters><HeartRateBpm><Value>119</Value></HeartRateBpm><SensorState>Present</SensorState></Trackpoint><Trackpoint><Time>2025-07-20T10:27:17.201Z</Time><DistanceMeters>825.0</DistanceMeters><HeartRateBpm><Value>119</Value></HeartRateBpm><SensorState>Present</SensorState></Trackpoint><Trackpoint><Time>2025-07-20T10:27:18.201Z</Time><DistanceMeters>825.0</DistanceMeters><HeartRateBpm><Value>120</Value></HeartRateBpm><SensorState>Present</SensorState></Trackpoint><Trackpoint><Time>2025-07-20T10:27:19.201Z</Time><DistanceMeters>825.0</DistanceMeters><HeartRateBpm><Value>120</Value></HeartRateBpm><SensorState>Present</SensorState></Trackpoint><Trackpoint><Time>2025-07-20T10:27:20.201Z</Time><DistanceMeters>825.0</DistanceMeters><HeartRateBpm><Value>121</Value></HeartRateBpm><SensorState>Present</SensorState></Trackpoint><Trackpoint><Time>2025-07-20T10:27:21.201Z</Time><DistanceMeters>825.0</DistanceMeters><HeartRateBpm><Value>121</Value></HeartRateBpm><SensorState>Present</SensorState></Trackpoint><Trackpoint><Time>2025-07-20T10:27:22.201Z</Time><DistanceMeters>825.0</DistanceMeters><HeartRateBpm><Value>121</Value></HeartRateBpm><SensorState>Present</SensorState></Trackpoint><Trackpoint><Time>2025-07-20T10:27:23.201Z</Time><DistanceMeters>825.0</DistanceMeters><HeartRateBpm><Value>122</Value></HeartRateBpm><SensorState>Present</SensorState></Trackpoint><Trackpoint><Time>2025-07-20T10:27:24.201Z</Time><DistanceMeters>825.0</DistanceMeters><HeartRateBpm><Value>122</Value></HeartRateBpm><SensorState>Present</SensorState></Trackpoint><Trackpoint><Time>2025-07-20T10:27:25.201Z</Time><DistanceMeters>825.0</DistanceMeters><HeartRateBpm><Value>123</Value></HeartRateBpm><SensorState>Present</SensorState></Trackpoint><Trackpoint><Time>2025-07-20T10:27:26.201Z</Time><DistanceMeters>825.0</DistanceMeters><HeartRateBpm><Value>123</Value></HeartRateBpm><SensorState>Present</SensorState></Trackpoint><Trackpoint><Time>2025-07-20T10:27:27.201Z</Time><DistanceMeters>825.0</DistanceMeters><HeartRateBpm><Value>124</Value></HeartRateBpm><SensorState>Present</SensorState></Trackpoint><Trackpoint><Time>2025-07-20T10:27:28.201Z</Time><DistanceMeters>825.0</DistanceMeters><HeartRateBpm><Value>123</Value></HeartRateBpm><SensorState>Present</SensorState></Trackpoint><Trackpoint><Time>2025-07-20T10:27:29.201Z</Time><DistanceMeters>825.0</DistanceMeters><HeartRateBpm><Value>121</Value></HeartRateBpm><SensorState>Present</SensorState></Trackpoint><Trackpoint><Time>2025-07-20T10:27:30.201Z</Time><DistanceMeters>825.0</DistanceMeters><HeartRateBpm><Value>119</Value></HeartRateBpm><SensorState>Present</SensorState></Trackpoint><Trackpoint><Time>2025-07-20T10:27:31.201Z</Time><DistanceMeters>825.0</DistanceMeters><HeartRateBpm><Value>118</Value></HeartRateBpm><SensorState>Present</SensorState></Trackpoint><Trackpoint><Time>2025-07-20T10:27:32.201Z</Time><DistanceMeters>825.0</DistanceMeters><HeartRateBpm><Value>116</Value></HeartRateBpm><SensorState>Present</SensorState></Trackpoint><Trackpoint><Time>2025-07-20T10:27:33.201Z</Time><DistanceMeters>825.0</DistanceMeters><HeartRateBpm><Value>115</Value></HeartRateBpm><SensorState>Present</SensorState></Trackpoint><Trackpoint><Time>2025-07-20T10:27:34.201Z</Time><DistanceMeters>825.0</DistanceMeters><HeartRateBpm><Value>114</Value></HeartRateBpm><SensorState>Present</SensorState></Trackpoint><Trackpoint><Time>2025-07-20T10:27:35.201Z</Time><DistanceMeters>825.0</DistanceMeters><HeartRateBpm><Value>112</Value></HeartRateBpm><SensorState>Present</SensorState></Trackpoint><Trackpoint><Time>2025-07-20T10:27:36.201Z</Time><DistanceMeters>825.0</DistanceMeters><HeartRateBpm><Value>111</Value></HeartRateBpm><SensorState>Present</SensorState></Trackpoint><Trackpoint><Time>2025-07-20T10:27:37.201Z</Time><DistanceMeters>825.0</DistanceMeters><HeartRateBpm><Value>110</Value></HeartRateBpm><SensorState>Present</SensorState></Trackpoint><Trackpoint><Time>2025-07-20T10:27:38.201Z</Time><DistanceMeters>825.0</DistanceMeters><HeartRateBpm><Value>109</Value></HeartRateBpm><SensorState>Present</SensorState></Trackpoint><Trackpoint><Time>2025-07-20T10:27:39.201Z</Time><DistanceMeters>825.0</DistanceMeters><HeartRateBpm><Value>109</Value></HeartRateBpm><SensorState>Present</SensorState></Trackpoint><Trackpoint><Time>2025-07-20T10:27:40.201Z</Time><DistanceMeters>825.0</DistanceMeters><HeartRateBpm><Value>109</Value></HeartRateBpm><SensorState>Present</SensorState></Trackpoint><Trackpoint><Time>2025-07-20T10:27:41.201Z</Time><DistanceMeters>826.0926573806339</DistanceMeters><HeartRateBpm><Value>110</Value></HeartRateBpm><SensorState>Present</SensorState></Trackpoint><Trackpoint><Time>2025-07-20T10:27:42.201Z</Time><DistanceMeters>827.1853147612678</DistanceMeters><HeartRateBpm><Value>111</Value></HeartRateBpm><SensorState>Present</SensorState></Trackpoint><Trackpoint><Time>2025-07-20T10:27:43.201Z</Time><DistanceMeters>828.2779721419017</DistanceMeters><HeartRateBpm><Value>111</Value></HeartRateBpm><SensorState>Present</SensorState></Trackpoint><Trackpoint><Time>2025-07-20T10:27:44.201Z</Time><DistanceMeters>829.3706295225356</DistanceMeters><HeartRateBpm><Value>111</Value></HeartRateBpm><SensorState>Present</SensorState></Trackpoint><Trackpoint><Time>2025-07-20T10:27:45.201Z</Time><DistanceMeters>830.4632869031695</DistanceMeters><HeartRateBpm><Value>112</Value></HeartRateBpm><SensorState>Present</SensorState></Trackpoint><Trackpoint><Time>2025-07-20T10:27:46.201Z</Time><DistanceMeters>831.5559442838035</DistanceMeters><HeartRateBpm><Value>112</Value></HeartRateBpm><SensorState>Present</SensorState></Trackpoint><Trackpoint><Time>2025-07-20T10:27:47.201Z</Time><DistanceMeters>832.6486016644374</DistanceMeters><HeartRateBpm><Value>112</Value></HeartRateBpm><SensorState>Present</SensorState></Trackpoint><Trackpoint><Time>2025-07-20T10:27:48.201Z</Time><DistanceMeters>833.7412590450713</DistanceMeters><HeartRateBpm><Value>113</Value></HeartRateBpm><SensorState>Present</SensorState></Trackpoint><Trackpoint><Time>2025-07-20T10:27:49.201Z</Time><DistanceMeters>834.8339164257052</DistanceMeters><HeartRateBpm><Value>113</Value></HeartRateBpm><SensorState>Present</SensorState></Trackpoint><Trackpoint><Time>2025-07-20T10:27:50.201Z</Time><DistanceMeters>835.9265738063391</DistanceMeters><HeartRateBpm><Value>113</Value></HeartRateBpm><SensorState>Present</SensorState></Trackpoint><Trackpoint><Time>2025-07-20T10:27:51.201Z</Time><DistanceMeters>850.0</DistanceMeters><HeartRateBpm><Value>113</Value></HeartRateBpm><SensorState>Present</SensorState></Trackpoint><Trackpoint><Time>2025-07-20T10:27:52.201Z</Time><DistanceMeters>850.0</DistanceMeters><HeartRateBpm><Value>113</Value></HeartRateBpm><SensorState>Present</SensorState></Trackpoint><Trackpoint><Time>2025-07-20T10:27:53.201Z</Time><DistanceMeters>850.0</DistanceMeters><HeartRateBpm><Value>113</Value></HeartRateBpm><SensorState>Present</SensorState></Trackpoint><Trackpoint><Time>2025-07-20T10:27:54.201Z</Time><DistanceMeters>850.0</DistanceMeters><HeartRateBpm><Value>114</Value></HeartRateBpm><SensorState>Present</SensorState></Trackpoint><Trackpoint><Time>2025-07-20T10:27:55.201Z</Time><DistanceMeters>850.0</DistanceMeters><HeartRateBpm><Value>114</Value></HeartRateBpm><SensorState>Present</SensorState></Trackpoint><Trackpoint><Time>2025-07-20T10:27:56.201Z</Time><DistanceMeters>850.0</DistanceMeters><HeartRateBpm><Value>114</Value></HeartRateBpm><SensorState>Present</SensorState></Trackpoint><Trackpoint><Time>2025-07-20T10:27:57.201Z</Time><DistanceMeters>850.0</DistanceMeters><HeartRateBpm><Value>114</Value></HeartRateBpm><SensorState>Present</SensorState></Trackpoint><Trackpoint><Time>2025-07-20T10:27:58.201Z</Time><DistanceMeters>850.0</DistanceMeters><HeartRateBpm><Value>115</Value></HeartRateBpm><SensorState>Present</SensorState></Trackpoint><Trackpoint><Time>2025-07-20T10:27:59.201Z</Time><DistanceMeters>850.0</DistanceMeters><HeartRateBpm><Value>115</Value></HeartRateBpm><SensorState>Present</SensorState></Trackpoint><Trackpoint><Time>2025-07-20T10:28:00.201Z</Time><DistanceMeters>850.0</DistanceMeters><HeartRateBpm><Value>115</Value></HeartRateBpm><SensorState>Present</SensorState></Trackpoint><Trackpoint><Time>2025-07-20T10:28:01.201Z</Time><DistanceMeters>850.0</DistanceMeters><HeartRateBpm><Value>116</Value></HeartRateBpm><SensorState>Present</SensorState></Trackpoint><Trackpoint><Time>2025-07-20T10:28:02.201Z</Time><DistanceMeters>850.0</DistanceMeters><HeartRateBpm><Value>116</Value></HeartRateBpm><SensorState>Present</SensorState></Trackpoint><Trackpoint><Time>2025-07-20T10:28:03.201Z</Time><DistanceMeters>850.0</DistanceMeters><HeartRateBpm><Value>117</Value></HeartRateBpm><SensorState>Present</SensorState></Trackpoint><Trackpoint><Time>2025-07-20T10:28:04.201Z</Time><DistanceMeters>850.0</DistanceMeters><HeartRateBpm><Value>117</Value></HeartRateBpm><SensorState>Present</SensorState></Trackpoint><Trackpoint><Time>2025-07-20T10:28:05.201Z</Time><DistanceMeters>850.0</DistanceMeters><HeartRateBpm><Value>117</Value></HeartRateBpm><SensorState>Present</SensorState></Trackpoint><Trackpoint><Time>2025-07-20T10:28:06.201Z</Time><DistanceMeters>850.0</DistanceMeters><HeartRateBpm><Value>117</Value></HeartRateBpm><SensorState>Present</SensorState></Trackpoint><Trackpoint><Time>2025-07-20T10:28:07.201Z</Time><DistanceMeters>850.0</DistanceMeters><HeartRateBpm><Value>117</Value></HeartRateBpm><SensorState>Present</SensorState></Trackpoint><Trackpoint><Time>2025-07-20T10:28:08.201Z</Time><DistanceMeters>850.0</DistanceMeters><HeartRateBpm><Value>117</Value></HeartRateBpm><SensorState>Present</SensorState></Trackpoint><Trackpoint><Time>2025-07-20T10:28:09.201Z</Time><DistanceMeters>850.0</DistanceMeters><HeartRateBpm><Value>117</Value></HeartRateBpm><SensorState>Present</SensorState></Trackpoint><Trackpoint><Time>2025-07-20T10:28:10.201Z</Time><DistanceMeters>850.0</DistanceMeters><HeartRateBpm><Value>117</Value></HeartRateBpm><SensorState>Present</SensorState></Trackpoint><Trackpoint><Time>2025-07-20T10:28:11.201Z</Time><DistanceMeters>850.0</DistanceMeters><HeartRateBpm><Value>118</Value></HeartRateBpm><SensorState>Present</SensorState></Trackpoint><Trackpoint><Time>2025-07-20T10:28:12.201Z</Time><DistanceMeters>850.0</DistanceMeters><HeartRateBpm><Value>118</Value></HeartRateBpm><SensorState>Present</SensorState></Trackpoint><Trackpoint><Time>2025-07-20T10:28:13.201Z</Time><DistanceMeters>850.0</DistanceMeters><HeartRateBpm><Value>119</Value></HeartRateBpm><SensorState>Present</SensorState></Trackpoint><Trackpoint><Time>2025-07-20T10:28:14.201Z</Time><DistanceMeters>850.0</DistanceMeters><HeartRateBpm><Value>120</Value></HeartRateBpm><SensorState>Present</SensorState></Trackpoint><Trackpoint><Time>2025-07-20T10:28:15.201Z</Time><DistanceMeters>851.0926573806339</DistanceMeters><HeartRateBpm><Value>122</Value></HeartRateBpm><SensorState>Present</SensorState></Trackpoint><Trackpoint><Time>2025-07-20T10:28:16.201Z</Time><DistanceMeters>852.1853147612678</DistanceMeters><HeartRateBpm><Value>123</Value></HeartRateBpm><SensorState>Present</SensorState></Trackpoint><Trackpoint><Time>2025-07-20T10:28:17.201Z</Time><DistanceMeters>853.2779721419017</DistanceMeters><HeartRateBpm><Value>124</Value></HeartRateBpm><SensorState>Present</SensorState></Trackpoint><Trackpoint><Time>2025-07-20T10:28:18.201Z</Time><DistanceMeters>854.3706295225356</DistanceMeters><HeartRateBpm><Value>126</Value></HeartRateBpm><SensorState>Present</SensorState></Trackpoint><Trackpoint><Time>2025-07-20T10:28:19.201Z</Time><DistanceMeters>855.4632869031695</DistanceMeters><HeartRateBpm><Value>127</Value></HeartRateBpm><SensorState>Present</SensorState></Trackpoint><Trackpoint><Time>2025-07-20T10:28:20.201Z</Time><DistanceMeters>856.5559442838035</DistanceMeters><HeartRateBpm><Value>128</Value></HeartRateBpm><SensorState>Present</SensorState></Trackpoint><Trackpoint><Time>2025-07-20T10:28:21.201Z</Time><DistanceMeters>857.6486016644374</DistanceMeters><HeartRateBpm><Value>129</Value></HeartRateBpm><SensorState>Present</SensorState></Trackpoint><Trackpoint><Time>2025-07-20T10:28:22.201Z</Time><DistanceMeters>858.7412590450713</DistanceMeters><HeartRateBpm><Value>130</Value></HeartRateBpm><SensorState>Present</SensorState></Trackpoint><Trackpoint><Time>2025-07-20T10:28:23.201Z</Time><DistanceMeters>859.8339164257052</DistanceMeters><HeartRateBpm><Value>131</Value></HeartRateBpm><SensorState>Present</SensorState></Trackpoint><Trackpoint><Time>2025-07-20T10:28:24.201Z</Time><DistanceMeters>860.9265738063391</DistanceMeters><HeartRateBpm><Value>132</Value></HeartRateBpm><SensorState>Present</SensorState></Trackpoint><Trackpoint><Time>2025-07-20T10:28:25.201Z</Time><DistanceMeters>875.0</DistanceMeters><HeartRateBpm><Value>132</Value></HeartRateBpm><SensorState>Present</SensorState></Trackpoint><Trackpoint><Time>2025-07-20T10:28:26.201Z</Time><DistanceMeters>875.0</DistanceMeters><HeartRateBpm><Value>132</Value></HeartRateBpm><SensorState>Present</SensorState></Trackpoint><Trackpoint><Time>2025-07-20T10:28:27.201Z</Time><DistanceMeters>875.0</DistanceMeters><HeartRateBpm><Value>132</Value></HeartRateBpm><SensorState>Present</SensorState></Trackpoint><Trackpoint><Time>2025-07-20T10:28:28.201Z</Time><DistanceMeters>875.0</DistanceMeters><HeartRateBpm><Value>133</Value></HeartRateBpm><SensorState>Present</SensorState></Trackpoint><Trackpoint><Time>2025-07-20T10:28:29.201Z</Time><DistanceMeters>875.0</DistanceMeters><HeartRateBpm><Value>133</Value></HeartRateBpm><SensorState>Present</SensorState></Trackpoint><Trackpoint><Time>2025-07-20T10:28:30.201Z</Time><DistanceMeters>875.0</DistanceMeters><HeartRateBpm><Value>133</Value></HeartRateBpm><SensorState>Present</SensorState></Trackpoint><Trackpoint><Time>2025-07-20T10:28:31.201Z</Time><DistanceMeters>875.0</DistanceMeters><HeartRateBpm><Value>132</Value></HeartRateBpm><SensorState>Present</SensorState></Trackpoint><Trackpoint><Time>2025-07-20T10:28:32.201Z</Time><DistanceMeters>875.0</DistanceMeters><HeartRateBpm><Value>131</Value></HeartRateBpm><SensorState>Present</SensorState></Trackpoint><Trackpoint><Time>2025-07-20T10:28:33.201Z</Time><DistanceMeters>875.0</DistanceMeters><HeartRateBpm><Value>131</Value></HeartRateBpm><SensorState>Present</SensorState></Trackpoint><Trackpoint><Time>2025-07-20T10:28:34.201Z</Time><DistanceMeters>875.0</DistanceMeters><HeartRateBpm><Value>130</Value></HeartRateBpm><SensorState>Present</SensorState></Trackpoint><Trackpoint><Time>2025-07-20T10:28:35.201Z</Time><DistanceMeters>875.0</DistanceMeters><HeartRateBpm><Value>128</Value></HeartRateBpm><SensorState>Present</SensorState></Trackpoint><Trackpoint><Time>2025-07-20T10:28:36.201Z</Time><DistanceMeters>875.0</DistanceMeters><HeartRateBpm><Value>126</Value></HeartRateBpm><SensorState>Present</SensorState></Trackpoint><Trackpoint><Time>2025-07-20T10:28:37.201Z</Time><DistanceMeters>875.0</DistanceMeters><HeartRateBpm><Value>124</Value></HeartRateBpm><SensorState>Present</SensorState></Trackpoint><Trackpoint><Time>2025-07-20T10:28:38.201Z</Time><DistanceMeters>875.0</DistanceMeters><HeartRateBpm><Value>122</Value></HeartRateBpm><SensorState>Present</SensorState></Trackpoint><Trackpoint><Time>2025-07-20T10:28:39.201Z</Time><DistanceMeters>875.0</DistanceMeters><HeartRateBpm><Value>120</Value></HeartRateBpm><SensorState>Present</SensorState></Trackpoint><Trackpoint><Time>2025-07-20T10:28:40.201Z</Time><DistanceMeters>875.0</DistanceMeters><HeartRateBpm><Value>117</Value></HeartRateBpm><SensorState>Present</SensorState></Trackpoint><Trackpoint><Time>2025-07-20T10:28:41.201Z</Time><DistanceMeters>875.0</DistanceMeters><HeartRateBpm><Value>115</Value></HeartRateBpm><SensorState>Present</SensorState></Trackpoint><Trackpoint><Time>2025-07-20T10:28:42.201Z</Time><DistanceMeters>875.0</DistanceMeters><HeartRateBpm><Value>113</Value></HeartRateBpm><SensorState>Present</SensorState></Trackpoint><Trackpoint><Time>2025-07-20T10:28:43.201Z</Time><DistanceMeters>875.0</DistanceMeters><HeartRateBpm><Value>111</Value></HeartRateBpm><SensorState>Present</SensorState></Trackpoint><Trackpoint><Time>2025-07-20T10:28:44.201Z</Time><DistanceMeters>875.0</DistanceMeters><HeartRateBpm><Value>110</Value></HeartRateBpm><SensorState>Present</SensorState></Trackpoint><Trackpoint><Time>2025-07-20T10:28:45.201Z</Time><DistanceMeters>875.0</DistanceMeters><HeartRateBpm><Value>108</Value></HeartRateBpm><SensorState>Present</SensorState></Trackpoint><Trackpoint><Time>2025-07-20T10:28:46.201Z</Time><DistanceMeters>875.0</DistanceMeters><HeartRateBpm><Value>106</Value></HeartRateBpm><SensorState>Present</SensorState></Trackpoint><Trackpoint><Time>2025-07-20T10:28:47.201Z</Time><DistanceMeters>876.0926573806339</DistanceMeters><HeartRateBpm><Value>104</Value></HeartRateBpm><SensorState>Present</SensorState></Trackpoint><Trackpoint><Time>2025-07-20T10:28:48.201Z</Time><DistanceMeters>877.1853147612678</DistanceMeters><HeartRateBpm><Value>103</Value></HeartRateBpm><SensorState>Present</SensorState></Trackpoint><Trackpoint><Time>2025-07-20T10:28:49.201Z</Time><DistanceMeters>878.2779721419017</DistanceMeters><HeartRateBpm><Value>103</Value></HeartRateBpm><SensorState>Present</SensorState></Trackpoint><Trackpoint><Time>2025-07-20T10:28:50.201Z</Time><DistanceMeters>879.3706295225356</DistanceMeters><HeartRateBpm><Value>102</Value></HeartRateBpm><SensorState>Present</SensorState></Trackpoint><Trackpoint><Time>2025-07-20T10:28:51.201Z</Time><DistanceMeters>880.4632869031695</DistanceMeters><HeartRateBpm><Value>101</Value></HeartRateBpm><SensorState>Present</SensorState></Trackpoint><Trackpoint><Time>2025-07-20T10:28:52.201Z</Time><DistanceMeters>881.5559442838035</DistanceMeters><HeartRateBpm><Value>100</Value></HeartRateBpm><SensorState>Present</SensorState></Trackpoint><Trackpoint><Time>2025-07-20T10:28:53.201Z</Time><DistanceMeters>882.6486016644374</DistanceMeters><HeartRateBpm><Value>99</Value></HeartRateBpm><SensorState>Present</SensorState></Trackpoint><Trackpoint><Time>2025-07-20T10:28:54.201Z</Time><DistanceMeters>883.7412590450713</DistanceMeters><HeartRateBpm><Value>99</Value></HeartRateBpm><SensorState>Present</SensorState></Trackpoint><Trackpoint><Time>2025-07-20T10:28:55.201Z</Time><DistanceMeters>884.8339164257052</DistanceMeters><HeartRateBpm><Value>100</Value></HeartRateBpm><SensorState>Present</SensorState></Trackpoint><Trackpoint><Time>2025-07-20T10:28:56.201Z</Time><DistanceMeters>885.9265738063391</DistanceMeters><HeartRateBpm><Value>100</Value></HeartRateBpm><SensorState>Present</SensorState></Trackpoint><Trackpoint><Time>2025-07-20T10:28:57.201Z</Time><DistanceMeters>900.0</DistanceMeters><HeartRateBpm><Value>100</Value></HeartRateBpm><SensorState>Present</SensorState></Trackpoint><Trackpoint><Time>2025-07-20T10:28:58.201Z</Time><DistanceMeters>900.0</DistanceMeters><HeartRateBpm><Value>100</Value></HeartRateBpm><SensorState>Present</SensorState></Trackpoint><Trackpoint><Time>2025-07-20T10:28:59.201Z</Time><DistanceMeters>900.0</DistanceMeters><HeartRateBpm><Value>100</Value></HeartRateBpm><SensorState>Present</SensorState></Trackpoint><Trackpoint><Time>2025-07-20T10:29:00.201Z</Time><DistanceMeters>900.0</DistanceMeters><HeartRateBpm><Value>100</Value></HeartRateBpm><SensorState>Present</SensorState></Trackpoint><Trackpoint><Time>2025-07-20T10:29:01.201Z</Time><DistanceMeters>900.0</DistanceMeters><HeartRateBpm><Value>100</Value></HeartRateBpm><SensorState>Present</SensorState></Trackpoint><Trackpoint><Time>2025-07-20T10:29:02.201Z</Time><DistanceMeters>900.0</DistanceMeters><HeartRateBpm><Value>100</Value></HeartRateBpm><SensorState>Present</SensorState></Trackpoint><Trackpoint><Time>2025-07-20T10:29:03.201Z</Time><DistanceMeters>900.0</DistanceMeters><HeartRateBpm><Value>101</Value></HeartRateBpm><SensorState>Present</SensorState></Trackpoint><Trackpoint><Time>2025-07-20T10:29:04.201Z</Time><DistanceMeters>900.0</DistanceMeters><HeartRateBpm><Value>101</Value></HeartRateBpm><SensorState>Present</SensorState></Trackpoint><Trackpoint><Time>2025-07-20T10:29:05.201Z</Time><DistanceMeters>900.0</DistanceMeters><HeartRateBpm><Value>101</Value></HeartRateBpm><SensorState>Present</SensorState></Trackpoint><Trackpoint><Time>2025-07-20T10:29:06.201Z</Time><DistanceMeters>900.0</DistanceMeters><HeartRateBpm><Value>102</Value></HeartRateBpm><SensorState>Present</SensorState></Trackpoint><Trackpoint><Time>2025-07-20T10:29:07.201Z</Time><DistanceMeters>900.0</DistanceMeters><HeartRateBpm><Value>103</Value></HeartRateBpm><SensorState>Present</SensorState></Trackpoint><Trackpoint><Time>2025-07-20T10:29:08.201Z</Time><DistanceMeters>900.0</DistanceMeters><HeartRateBpm><Value>103</Value></HeartRateBpm><SensorState>Present</SensorState></Trackpoint><Trackpoint><Time>2025-07-20T10:29:09.201Z</Time><DistanceMeters>900.0</DistanceMeters><HeartRateBpm><Value>103</Value></HeartRateBpm><SensorState>Present</SensorState></Trackpoint><Trackpoint><Time>2025-07-20T10:29:10.201Z</Time><DistanceMeters>900.0</DistanceMeters><HeartRateBpm><Value>103</Value></HeartRateBpm><SensorState>Present</SensorState></Trackpoint><Trackpoint><Time>2025-07-20T10:29:11.201Z</Time><DistanceMeters>900.0</DistanceMeters><HeartRateBpm><Value>104</Value></HeartRateBpm><SensorState>Present</SensorState></Trackpoint><Trackpoint><Time>2025-07-20T10:29:12.201Z</Time><DistanceMeters>900.0</DistanceMeters><HeartRateBpm><Value>104</Value></HeartRateBpm><SensorState>Present</SensorState></Trackpoint><Trackpoint><Time>2025-07-20T10:29:13.201Z</Time><DistanceMeters>900.0</DistanceMeters><HeartRateBpm><Value>104</Value></HeartRateBpm><SensorState>Present</SensorState></Trackpoint><Trackpoint><Time>2025-07-20T10:29:14.201Z</Time><DistanceMeters>900.0</DistanceMeters><HeartRateBpm><Value>104</Value></HeartRateBpm><SensorState>Present</SensorState></Trackpoint><Trackpoint><Time>2025-07-20T10:29:15.201Z</Time><DistanceMeters>900.0</DistanceMeters><HeartRateBpm><Value>104</Value></HeartRateBpm><SensorState>Present</SensorState></Trackpoint><Trackpoint><Time>2025-07-20T10:29:16.201Z</Time><DistanceMeters>900.0</DistanceMeters><HeartRateBpm><Value>104</Value></HeartRateBpm><SensorState>Present</SensorState></Trackpoint><Trackpoint><Time>2025-07-20T10:29:17.201Z</Time><DistanceMeters>900.0</DistanceMeters><HeartRateBpm><Value>104</Value></HeartRateBpm><SensorState>Present</SensorState></Trackpoint><Trackpoint><Time>2025-07-20T10:29:18.201Z</Time><DistanceMeters>900.0</DistanceMeters><HeartRateBpm><Value>105</Value></HeartRateBpm><SensorState>Present</SensorState></Trackpoint><Trackpoint><Time>2025-07-20T10:29:19.201Z</Time><DistanceMeters>901.0926573806339</DistanceMeters><HeartRateBpm><Value>106</Value></HeartRateBpm><SensorState>Present</SensorState></Trackpoint><Trackpoint><Time>2025-07-20T10:29:20.201Z</Time><DistanceMeters>902.1853147612678</DistanceMeters><HeartRateBpm><Value>106</Value></HeartRateBpm><SensorState>Present</SensorState></Trackpoint><Trackpoint><Time>2025-07-20T10:29:21.201Z</Time><DistanceMeters>903.2779721419017</DistanceMeters><HeartRateBpm><Value>107</Value></HeartRateBpm><SensorState>Present</SensorState></Trackpoint><Trackpoint><Time>2025-07-20T10:29:22.201Z</Time><DistanceMeters>904.3706295225356</DistanceMeters><HeartRateBpm><Value>107</Value></HeartRateBpm><SensorState>Present</SensorState></Trackpoint><Trackpoint><Time>2025-07-20T10:29:23.201Z</Time><DistanceMeters>905.4632869031695</DistanceMeters><HeartRateBpm><Value>108</Value></HeartRateBpm><SensorState>Present</SensorState></Trackpoint><Trackpoint><Time>2025-07-20T10:29:24.201Z</Time><DistanceMeters>906.5559442838035</DistanceMeters><HeartRateBpm><Value>109</Value></HeartRateBpm><SensorState>Present</SensorState></Trackpoint><Trackpoint><Time>2025-07-20T10:29:25.201Z</Time><DistanceMeters>907.6486016644374</DistanceMeters><HeartRateBpm><Value>109</Value></HeartRateBpm><SensorState>Present</SensorState></Trackpoint><Trackpoint><Time>2025-07-20T10:29:26.201Z</Time><DistanceMeters>908.7412590450713</DistanceMeters><HeartRateBpm><Value>109</Value></HeartRateBpm><SensorState>Present</SensorState></Trackpoint><Trackpoint><Time>2025-07-20T10:29:27.201Z</Time><DistanceMeters>909.8339164257052</DistanceMeters><HeartRateBpm><Value>110</Value></HeartRateBpm><SensorState>Present</SensorState></Trackpoint><Trackpoint><Time>2025-07-20T10:29:28.201Z</Time><DistanceMeters>910.9265738063391</DistanceMeters><HeartRateBpm><Value>110</Value></HeartRateBpm><SensorState>Present</SensorState></Trackpoint><Trackpoint><Time>2025-07-20T10:29:29.201Z</Time><DistanceMeters>925.0</DistanceMeters><HeartRateBpm><Value>111</Value></HeartRateBpm><SensorState>Present</SensorState></Trackpoint><Trackpoint><Time>2025-07-20T10:29:30.201Z</Time><DistanceMeters>925.0</DistanceMeters><HeartRateBpm><Value>111</Value></HeartRateBpm><SensorState>Present</SensorState></Trackpoint><Trackpoint><Time>2025-07-20T10:29:31.201Z</Time><DistanceMeters>925.0</DistanceMeters><HeartRateBpm><Value>112</Value></HeartRateBpm><SensorState>Present</SensorState></Trackpoint><Trackpoint><Time>2025-07-20T10:29:32.201Z</Time><DistanceMeters>925.0</DistanceMeters><HeartRateBpm><Value>113</Value></HeartRateBpm><SensorState>Present</SensorState></Trackpoint><Trackpoint><Time>2025-07-20T10:29:33.201Z</Time><DistanceMeters>925.0</DistanceMeters><HeartRateBpm><Value>113</Value></HeartRateBpm><SensorState>Present</SensorState></Trackpoint><Trackpoint><Time>2025-07-20T10:29:34.201Z</Time><DistanceMeters>925.0</DistanceMeters><HeartRateBpm><Value>113</Value></HeartRateBpm><SensorState>Present</SensorState></Trackpoint><Trackpoint><Time>2025-07-20T10:29:35.201Z</Time><DistanceMeters>925.0</DistanceMeters><HeartRateBpm><Value>114</Value></HeartRateBpm><SensorState>Present</SensorState></Trackpoint><Trackpoint><Time>2025-07-20T10:29:36.201Z</Time><DistanceMeters>925.0</DistanceMeters><HeartRateBpm><Value>114</Value></HeartRateBpm><SensorState>Present</SensorState></Trackpoint><Trackpoint><Time>2025-07-20T10:29:37.201Z</Time><DistanceMeters>925.0</DistanceMeters><HeartRateBpm><Value>114</Value></HeartRateBpm><SensorState>Present</SensorState></Trackpoint><Trackpoint><Time>2025-07-20T10:29:38.201Z</Time><DistanceMeters>925.0</DistanceMeters><HeartRateBpm><Value>114</Value></HeartRateBpm><SensorState>Present</SensorState></Trackpoint><Trackpoint><Time>2025-07-20T10:29:39.201Z</Time><DistanceMeters>925.0</DistanceMeters><HeartRateBpm><Value>114</Value></HeartRateBpm><SensorState>Present</SensorState></Trackpoint><Trackpoint><Time>2025-07-20T10:29:40.201Z</Time><DistanceMeters>925.0</DistanceMeters><HeartRateBpm><Value>114</Value></HeartRateBpm><SensorState>Present</SensorState></Trackpoint><Trackpoint><Time>2025-07-20T10:29:41.201Z</Time><DistanceMeters>925.0</DistanceMeters><HeartRateBpm><Value>115</Value></HeartRateBpm><SensorState>Present</SensorState></Trackpoint><Trackpoint><Time>2025-07-20T10:29:42.201Z</Time><DistanceMeters>925.0</DistanceMeters><HeartRateBpm><Value>115</Value></HeartRateBpm><SensorState>Present</SensorState></Trackpoint><Trackpoint><Time>2025-07-20T10:29:43.201Z</Time><DistanceMeters>925.0</DistanceMeters><HeartRateBpm><Value>116</Value></HeartRateBpm><SensorState>Present</SensorState></Trackpoint><Trackpoint><Time>2025-07-20T10:29:44.201Z</Time><DistanceMeters>925.0</DistanceMeters><HeartRateBpm><Value>116</Value></HeartRateBpm><SensorState>Present</SensorState></Trackpoint><Trackpoint><Time>2025-07-20T10:29:45.201Z</Time><DistanceMeters>925.0</DistanceMeters><HeartRateBpm><Value>116</Value></HeartRateBpm><SensorState>Present</SensorState></Trackpoint><Trackpoint><Time>2025-07-20T10:29:46.201Z</Time><DistanceMeters>925.0</DistanceMeters><HeartRateBpm><Value>117</Value></HeartRateBpm><SensorState>Present</SensorState></Trackpoint><Trackpoint><Time>2025-07-20T10:29:47.201Z</Time><DistanceMeters>925.0</DistanceMeters><HeartRateBpm><Value>117</Value></HeartRateBpm><SensorState>Present</SensorState></Trackpoint><Trackpoint><Time>2025-07-20T10:29:48.201Z</Time><DistanceMeters>925.0</DistanceMeters><HeartRateBpm><Value>116</Value></HeartRateBpm><SensorState>Present</SensorState></Trackpoint><Trackpoint><Time>2025-07-20T10:29:49.201Z</Time><DistanceMeters>925.0</DistanceMeters><HeartRateBpm><Value>116</Value></HeartRateBpm><SensorState>Present</SensorState></Trackpoint><Trackpoint><Time>2025-07-20T10:29:50.201Z</Time><DistanceMeters>925.0</DistanceMeters><HeartRateBpm><Value>115</Value></HeartRateBpm><SensorState>Present</SensorState></Trackpoint><Trackpoint><Time>2025-07-20T10:29:51.201Z</Time><DistanceMeters>925.0</DistanceMeters><HeartRateBpm><Value>115</Value></HeartRateBpm><SensorState>Present</SensorState></Trackpoint><Trackpoint><Time>2025-07-20T10:29:52.201Z</Time><DistanceMeters>925.0</DistanceMeters><HeartRateBpm><Value>114</Value></HeartRateBpm><SensorState>Present</SensorState></Trackpoint><Trackpoint><Time>2025-07-20T10:29:53.201Z</Time><DistanceMeters>926.0926573806339</DistanceMeters><HeartRateBpm><Value>114</Value></HeartRateBpm><SensorState>Present</SensorState></Trackpoint><Trackpoint><Time>2025-07-20T10:29:54.201Z</Time><DistanceMeters>927.1853147612678</DistanceMeters><HeartRateBpm><Value>114</Value></HeartRateBpm><SensorState>Present</SensorState></Trackpoint><Trackpoint><Time>2025-07-20T10:29:55.201Z</Time><DistanceMeters>928.2779721419017</DistanceMeters><HeartRateBpm><Value>114</Value></HeartRateBpm><SensorState>Present</SensorState></Trackpoint><Trackpoint><Time>2025-07-20T10:29:56.201Z</Time><DistanceMeters>929.3706295225356</DistanceMeters><HeartRateBpm><Value>114</Value></HeartRateBpm><SensorState>Present</SensorState></Trackpoint><Trackpoint><Time>2025-07-20T10:29:57.201Z</Time><DistanceMeters>930.4632869031695</DistanceMeters><HeartRateBpm><Value>115</Value></HeartRateBpm><SensorState>Present</SensorState></Trackpoint><Trackpoint><Time>2025-07-20T10:29:58.201Z</Time><DistanceMeters>931.5559442838035</DistanceMeters><HeartRateBpm><Value>115</Value></HeartRateBpm><SensorState>Present</SensorState></Trackpoint><Trackpoint><Time>2025-07-20T10:29:59.201Z</Time><DistanceMeters>932.6486016644374</DistanceMeters><HeartRateBpm><Value>116</Value></HeartRateBpm><SensorState>Present</SensorState></Trackpoint><Trackpoint><Time>2025-07-20T10:30:00.201Z</Time><DistanceMeters>933.7412590450713</DistanceMeters><HeartRateBpm><Value>116</Value></HeartRateBpm><SensorState>Present</SensorState></Trackpoint><Trackpoint><Time>2025-07-20T10:30:01.201Z</Time><DistanceMeters>934.8339164257052</DistanceMeters><HeartRateBpm><Value>116</Value></HeartRateBpm><SensorState>Present</SensorState></Trackpoint><Trackpoint><Time>2025-07-20T10:30:02.201Z</Time><DistanceMeters>935.9265738063391</DistanceMeters><HeartRateBpm><Value>117</Value></HeartRateBpm><SensorState>Present</SensorState></Trackpoint><Trackpoint><Time>2025-07-20T10:30:03.201Z</Time><DistanceMeters>950.0</DistanceMeters><HeartRateBpm><Value>118</Value></HeartRateBpm><SensorState>Present</SensorState></Trackpoint><Trackpoint><Time>2025-07-20T10:30:04.201Z</Time><DistanceMeters>950.0</DistanceMeters><HeartRateBpm><Value>119</Value></HeartRateBpm><SensorState>Present</SensorState></Trackpoint><Trackpoint><Time>2025-07-20T10:30:05.201Z</Time><DistanceMeters>950.0</DistanceMeters><HeartRateBpm><Value>120</Value></HeartRateBpm><SensorState>Present</SensorState></Trackpoint><Trackpoint><Time>2025-07-20T10:30:06.201Z</Time><DistanceMeters>950.0</DistanceMeters><HeartRateBpm><Value>121</Value></HeartRateBpm><SensorState>Present</SensorState></Trackpoint><Trackpoint><Time>2025-07-20T10:30:07.201Z</Time><DistanceMeters>950.0</DistanceMeters><HeartRateBpm><Value>120</Value></HeartRateBpm><SensorState>Present</SensorState></Trackpoint><Trackpoint><Time>2025-07-20T10:30:08.201Z</Time><DistanceMeters>950.0</DistanceMeters><HeartRateBpm><Value>118</Value></HeartRateBpm><SensorState>Present</SensorState></Trackpoint><Trackpoint><Time>2025-07-20T10:30:09.201Z</Time><DistanceMeters>950.0</DistanceMeters><HeartRateBpm><Value>116</Value></HeartRateBpm><SensorState>Present</SensorState></Trackpoint><Trackpoint><Time>2025-07-20T10:30:10.201Z</Time><DistanceMeters>950.0</DistanceMeters><HeartRateBpm><Value>114</Value></HeartRateBpm><SensorState>Present</SensorState></Trackpoint><Trackpoint><Time>2025-07-20T10:30:11.201Z</Time><DistanceMeters>950.0</DistanceMeters><HeartRateBpm><Value>113</Value></HeartRateBpm><SensorState>Present</SensorState></Trackpoint><Trackpoint><Time>2025-07-20T10:30:12.201Z</Time><DistanceMeters>950.0</DistanceMeters><HeartRateBpm><Value>111</Value></HeartRateBpm><SensorState>Present</SensorState></Trackpoint><Trackpoint><Time>2025-07-20T10:30:13.201Z</Time><DistanceMeters>950.0</DistanceMeters><HeartRateBpm><Value>111</Value></HeartRateBpm><SensorState>Present</SensorState></Trackpoint><Trackpoint><Time>2025-07-20T10:30:14.201Z</Time><DistanceMeters>950.0</DistanceMeters><HeartRateBpm><Value>110</Value></HeartRateBpm><SensorState>Present</SensorState></Trackpoint><Trackpoint><Time>2025-07-20T10:30:15.201Z</Time><DistanceMeters>950.0</DistanceMeters><HeartRateBpm><Value>109</Value></HeartRateBpm><SensorState>Present</SensorState></Trackpoint><Trackpoint><Time>2025-07-20T10:30:16.201Z</Time><DistanceMeters>950.0</DistanceMeters><HeartRateBpm><Value>108</Value></HeartRateBpm><SensorState>Present</SensorState></Trackpoint><Trackpoint><Time>2025-07-20T10:30:17.201Z</Time><DistanceMeters>950.0</DistanceMeters><HeartRateBpm><Value>108</Value></HeartRateBpm><SensorState>Present</SensorState></Trackpoint><Trackpoint><Time>2025-07-20T10:30:18.201Z</Time><DistanceMeters>950.0</DistanceMeters><HeartRateBpm><Value>109</Value></HeartRateBpm><SensorState>Present</SensorState></Trackpoint><Trackpoint><Time>2025-07-20T10:30:19.201Z</Time><DistanceMeters>950.0</DistanceMeters><HeartRateBpm><Value>109</Value></HeartRateBpm><SensorState>Present</SensorState></Trackpoint><Trackpoint><Time>2025-07-20T10:30:20.201Z</Time><DistanceMeters>950.0</DistanceMeters><HeartRateBpm><Value>109</Value></HeartRateBpm><SensorState>Present</SensorState></Trackpoint><Trackpoint><Time>2025-07-20T10:30:21.201Z</Time><DistanceMeters>950.0</DistanceMeters><HeartRateBpm><Value>109</Value></HeartRateBpm><SensorState>Present</SensorState></Trackpoint><Trackpoint><Time>2025-07-20T10:30:22.201Z</Time><DistanceMeters>950.0</DistanceMeters><HeartRateBpm><Value>109</Value></HeartRateBpm><SensorState>Present</SensorState></Trackpoint><Trackpoint><Time>2025-07-20T10:30:23.201Z</Time><DistanceMeters>950.0</DistanceMeters><HeartRateBpm><Value>110</Value></HeartRateBpm><SensorState>Present</SensorState></Trackpoint><Trackpoint><Time>2025-07-20T10:30:24.201Z</Time><DistanceMeters>950.0</DistanceMeters><HeartRateBpm><Value>110</Value></HeartRateBpm><SensorState>Present</SensorState></Trackpoint><Trackpoint><Time>2025-07-20T10:30:25.201Z</Time><DistanceMeters>951.0926573806339</DistanceMeters><HeartRateBpm><Value>110</Value></HeartRateBpm><SensorState>Present</SensorState></Trackpoint><Trackpoint><Time>2025-07-20T10:30:26.201Z</Time><DistanceMeters>952.1853147612678</DistanceMeters><HeartRateBpm><Value>110</Value></HeartRateBpm><SensorState>Present</SensorState></Trackpoint><Trackpoint><Time>2025-07-20T10:30:27.201Z</Time><DistanceMeters>953.2779721419017</DistanceMeters><HeartRateBpm><Value>111</Value></HeartRateBpm><SensorState>Present</SensorState></Trackpoint><Trackpoint><Time>2025-07-20T10:30:28.201Z</Time><DistanceMeters>954.3706295225356</DistanceMeters><HeartRateBpm><Value>111</Value></HeartRateBpm><SensorState>Present</SensorState></Trackpoint><Trackpoint><Time>2025-07-20T10:30:29.201Z</Time><DistanceMeters>955.4632869031695</DistanceMeters><HeartRateBpm><Value>112</Value></HeartRateBpm><SensorState>Present</SensorState></Trackpoint><Trackpoint><Time>2025-07-20T10:30:30.201Z</Time><DistanceMeters>956.5559442838035</DistanceMeters><HeartRateBpm><Value>112</Value></HeartRateBpm><SensorState>Present</SensorState></Trackpoint><Trackpoint><Time>2025-07-20T10:30:31.201Z</Time><DistanceMeters>957.6486016644374</DistanceMeters><HeartRateBpm><Value>111</Value></HeartRateBpm><SensorState>Present</SensorState></Trackpoint><Trackpoint><Time>2025-07-20T10:30:32.201Z</Time><DistanceMeters>958.7412590450713</DistanceMeters><HeartRateBpm><Value>110</Value></HeartRateBpm><SensorState>Present</SensorState></Trackpoint><Trackpoint><Time>2025-07-20T10:30:33.201Z</Time><DistanceMeters>959.8339164257052</DistanceMeters><HeartRateBpm><Value>109</Value></HeartRateBpm><SensorState>Present</SensorState></Trackpoint><Trackpoint><Time>2025-07-20T10:30:34.201Z</Time><DistanceMeters>960.9265738063391</DistanceMeters><HeartRateBpm><Value>107</Value></HeartRateBpm><SensorState>Present</SensorState></Trackpoint><Trackpoint><Time>2025-07-20T10:30:35.201Z</Time><DistanceMeters>975.0</DistanceMeters><HeartRateBpm><Value>107</Value></HeartRateBpm><SensorState>Present</SensorState></Trackpoint><Trackpoint><Time>2025-07-20T10:30:36.201Z</Time><DistanceMeters>975.0</DistanceMeters><HeartRateBpm><Value>106</Value></HeartRateBpm><SensorState>Present</SensorState></Trackpoint><Trackpoint><Time>2025-07-20T10:30:37.201Z</Time><DistanceMeters>975.0</DistanceMeters><HeartRateBpm><Value>105</Value></HeartRateBpm><SensorState>Present</SensorState></Trackpoint><Trackpoint><Time>2025-07-20T10:30:38.201Z</Time><DistanceMeters>975.0</DistanceMeters><HeartRateBpm><Value>106</Value></HeartRateBpm><SensorState>Present</SensorState></Trackpoint><Trackpoint><Time>2025-07-20T10:30:39.201Z</Time><DistanceMeters>975.0</DistanceMeters><HeartRateBpm><Value>106</Value></HeartRateBpm><SensorState>Present</SensorState></Trackpoint><Trackpoint><Time>2025-07-20T10:30:40.201Z</Time><DistanceMeters>975.0</DistanceMeters><HeartRateBpm><Value>106</Value></HeartRateBpm><SensorState>Present</SensorState></Trackpoint><Trackpoint><Time>2025-07-20T10:30:41.201Z</Time><DistanceMeters>975.0</DistanceMeters><HeartRateBpm><Value>106</Value></HeartRateBpm><SensorState>Present</SensorState></Trackpoint><Trackpoint><Time>2025-07-20T10:30:42.201Z</Time><DistanceMeters>975.0</DistanceMeters><HeartRateBpm><Value>107</Value></HeartRateBpm><SensorState>Present</SensorState></Trackpoint><Trackpoint><Time>2025-07-20T10:30:43.201Z</Time><DistanceMeters>975.0</DistanceMeters><HeartRateBpm><Value>107</Value></HeartRateBpm><SensorState>Present</SensorState></Trackpoint><Trackpoint><Time>2025-07-20T10:30:44.201Z</Time><DistanceMeters>975.0</DistanceMeters><HeartRateBpm><Value>107</Value></HeartRateBpm><SensorState>Present</SensorState></Trackpoint><Trackpoint><Time>2025-07-20T10:30:45.201Z</Time><DistanceMeters>975.0</DistanceMeters><HeartRateBpm><Value>107</Value></HeartRateBpm><SensorState>Present</SensorState></Trackpoint><Trackpoint><Time>2025-07-20T10:30:46.201Z</Time><DistanceMeters>975.0</DistanceMeters><HeartRateBpm><Value>107</Value></HeartRateBpm><SensorState>Present</SensorState></Trackpoint><Trackpoint><Time>2025-07-20T10:30:47.201Z</Time><DistanceMeters>975.0</DistanceMeters><HeartRateBpm><Value>107</Value></HeartRateBpm><SensorState>Present</SensorState></Trackpoint><Trackpoint><Time>2025-07-20T10:30:48.201Z</Time><DistanceMeters>975.0</DistanceMeters><HeartRateBpm><Value>107</Value></HeartRateBpm><SensorState>Present</SensorState></Trackpoint><Trackpoint><Time>2025-07-20T10:30:49.201Z</Time><DistanceMeters>975.0</DistanceMeters><HeartRateBpm><Value>108</Value></HeartRateBpm><SensorState>Present</SensorState></Trackpoint><Trackpoint><Time>2025-07-20T10:30:50.201Z</Time><DistanceMeters>975.0</DistanceMeters><HeartRateBpm><Value>108</Value></HeartRateBpm><SensorState>Present</SensorState></Trackpoint><Trackpoint><Time>2025-07-20T10:30:51.201Z</Time><DistanceMeters>975.0</DistanceMeters><HeartRateBpm><Value>108</Value></HeartRateBpm><SensorState>Present</SensorState></Trackpoint><Trackpoint><Time>2025-07-20T10:30:52.201Z</Time><DistanceMeters>975.0</DistanceMeters><HeartRateBpm><Value>108</Value></HeartRateBpm><SensorState>Present</SensorState></Trackpoint><Trackpoint><Time>2025-07-20T10:30:53.201Z</Time><DistanceMeters>975.0</DistanceMeters><HeartRateBpm><Value>109</Value></HeartRateBpm><SensorState>Present</SensorState></Trackpoint><Trackpoint><Time>2025-07-20T10:30:54.201Z</Time><DistanceMeters>975.0</DistanceMeters><HeartRateBpm><Value>109</Value></HeartRateBpm><SensorState>Present</SensorState></Trackpoint><Trackpoint><Time>2025-07-20T10:30:55.201Z</Time><DistanceMeters>975.0</DistanceMeters><HeartRateBpm><Value>110</Value></HeartRateBpm><SensorState>Present</SensorState></Trackpoint><Trackpoint><Time>2025-07-20T10:30:56.201Z</Time><DistanceMeters>975.0</DistanceMeters><HeartRateBpm><Value>110</Value></HeartRateBpm><SensorState>Present</SensorState></Trackpoint><Trackpoint><Time>2025-07-20T10:30:57.201Z</Time><DistanceMeters>975.0</DistanceMeters><HeartRateBpm><Value>110</Value></HeartRateBpm><SensorState>Present</SensorState></Trackpoint><Trackpoint><Time>2025-07-20T10:30:58.201Z</Time><DistanceMeters>976.0926573806339</DistanceMeters><HeartRateBpm><Value>111</Value></HeartRateBpm><SensorState>Present</SensorState></Trackpoint><Trackpoint><Time>2025-07-20T10:30:59.201Z</Time><DistanceMeters>977.1853147612678</DistanceMeters><HeartRateBpm><Value>112</Value></HeartRateBpm><SensorState>Present</SensorState></Trackpoint><Trackpoint><Time>2025-07-20T10:31:00.201Z</Time><DistanceMeters>978.2779721419017</DistanceMeters><HeartRateBpm><Value>113</Value></HeartRateBpm><SensorState>Present</SensorState></Trackpoint><Trackpoint><Time>2025-07-20T10:31:01.201Z</Time><DistanceMeters>979.3706295225356</DistanceMeters><HeartRateBpm><Value>113</Value></HeartRateBpm><SensorState>Present</SensorState></Trackpoint><Trackpoint><Time>2025-07-20T10:31:02.201Z</Time><DistanceMeters>980.4632869031695</DistanceMeters><HeartRateBpm><Value>114</Value></HeartRateBpm><SensorState>Present</SensorState></Trackpoint><Trackpoint><Time>2025-07-20T10:31:03.201Z</Time><DistanceMeters>981.5559442838035</DistanceMeters><HeartRateBpm><Value>115</Value></HeartRateBpm><SensorState>Present</SensorState></Trackpoint><Trackpoint><Time>2025-07-20T10:31:04.201Z</Time><DistanceMeters>982.6486016644374</DistanceMeters><HeartRateBpm><Value>115</Value></HeartRateBpm><SensorState>Present</SensorState></Trackpoint><Trackpoint><Time>2025-07-20T10:31:05.201Z</Time><DistanceMeters>983.7412590450713</DistanceMeters><HeartRateBpm><Value>115</Value></HeartRateBpm><SensorState>Present</SensorState></Trackpoint><Trackpoint><Time>2025-07-20T10:31:06.201Z</Time><DistanceMeters>984.8339164257052</DistanceMeters><HeartRateBpm><Value>116</Value></HeartRateBpm><SensorState>Present</SensorState></Trackpoint><Trackpoint><Time>2025-07-20T10:31:07.201Z</Time><DistanceMeters>985.9265738063391</DistanceMeters><HeartRateBpm><Value>116</Value></HeartRateBpm><SensorState>Present</SensorState></Trackpoint><Trackpoint><Time>2025-07-20T10:31:08.201Z</Time><DistanceMeters>1000.0</DistanceMeters><HeartRateBpm><Value>116</Value></HeartRateBpm><SensorState>Present</SensorState></Trackpoint><Trackpoint><Time>2025-07-20T10:31:09.201Z</Time><DistanceMeters>1000.0</DistanceMeters><HeartRateBpm><Value>117</Value></HeartRateBpm><SensorState>Present</SensorState></Trackpoint><Trackpoint><Time>2025-07-20T10:31:10.201Z</Time><DistanceMeters>1000.0</DistanceMeters><HeartRateBpm><Value>118</Value></HeartRateBpm><SensorState>Present</SensorState></Trackpoint><Trackpoint><Time>2025-07-20T10:31:11.201Z</Time><DistanceMeters>1000.0</DistanceMeters><HeartRateBpm><Value>118</Value></HeartRateBpm><SensorState>Present</SensorState></Trackpoint><Trackpoint><Time>2025-07-20T10:31:12.201Z</Time><DistanceMeters>1000.0</DistanceMeters><HeartRateBpm><Value>118</Value></HeartRateBpm><SensorState>Present</SensorState></Trackpoint><Trackpoint><Time>2025-07-20T10:31:13.201Z</Time><DistanceMeters>1000.0</DistanceMeters><HeartRateBpm><Value>118</Value></HeartRateBpm><SensorState>Present</SensorState></Trackpoint><Trackpoint><Time>2025-07-20T10:31:14.201Z</Time><DistanceMeters>1000.0</DistanceMeters><HeartRateBpm><Value>119</Value></HeartRateBpm><SensorState>Present</SensorState></Trackpoint><Trackpoint><Time>2025-07-20T10:31:15.201Z</Time><DistanceMeters>1000.0</DistanceMeters><HeartRateBpm><Value>119</Value></HeartRateBpm><SensorState>Present</SensorState></Trackpoint><Trackpoint><Time>2025-07-20T10:31:16.201Z</Time><DistanceMeters>1000.0</DistanceMeters><HeartRateBpm><Value>119</Value></HeartRateBpm><SensorState>Present</SensorState></Trackpoint><Trackpoint><Time>2025-07-20T10:31:17.201Z</Time><DistanceMeters>1000.0</DistanceMeters><HeartRateBpm><Value>120</Value></HeartRateBpm><SensorState>Present</SensorState></Trackpoint><Trackpoint><Time>2025-07-20T10:31:18.201Z</Time><DistanceMeters>1000.0</DistanceMeters><HeartRateBpm><Value>120</Value></HeartRateBpm><SensorState>Present</SensorState></Trackpoint><Trackpoint><Time>2025-07-20T10:31:19.201Z</Time><DistanceMeters>1000.0</DistanceMeters><HeartRateBpm><Value>121</Value></HeartRateBpm><SensorState>Present</SensorState></Trackpoint><Trackpoint><Time>2025-07-20T10:31:20.201Z</Time><DistanceMeters>1000.0</DistanceMeters><HeartRateBpm><Value>121</Value></HeartRateBpm><SensorState>Present</SensorState></Trackpoint><Trackpoint><Time>2025-07-20T10:31:21.201Z</Time><DistanceMeters>1000.0</DistanceMeters><HeartRateBpm><Value>122</Value></HeartRateBpm><SensorState>Present</SensorState></Trackpoint><Trackpoint><Time>2025-07-20T10:31:22.201Z</Time><DistanceMeters>1000.0</DistanceMeters><HeartRateBpm><Value>123</Value></HeartRateBpm><SensorState>Present</SensorState></Trackpoint><Trackpoint><Time>2025-07-20T10:31:23.201Z</Time><DistanceMeters>1000.0</DistanceMeters><HeartRateBpm><Value>123</Value></HeartRateBpm><SensorState>Present</SensorState></Trackpoint><Trackpoint><Time>2025-07-20T10:31:24.201Z</Time><DistanceMeters>1000.0</DistanceMeters><HeartRateBpm><Value>123</Value></HeartRateBpm><SensorState>Present</SensorState></Trackpoint><Trackpoint><Time>2025-07-20T10:31:25.201Z</Time><DistanceMeters>1000.0</DistanceMeters><HeartRateBpm><Value>124</Value></HeartRateBpm><SensorState>Present</SensorState></Trackpoint><Trackpoint><Time>2025-07-20T10:31:26.201Z</Time><DistanceMeters>1000.0</DistanceMeters><HeartRateBpm><Value>124</Value></HeartRateBpm><SensorState>Present</SensorState></Trackpoint><Trackpoint><Time>2025-07-20T10:31:27.201Z</Time><DistanceMeters>1000.0</DistanceMeters><HeartRateBpm><Value>125</Value></HeartRateBpm><SensorState>Present</SensorState></Trackpoint><Trackpoint><Time>2025-07-20T10:31:28.201Z</Time><DistanceMeters>1000.0</DistanceMeters><HeartRateBpm><Value>125</Value></HeartRateBpm><SensorState>Present</SensorState></Trackpoint><Trackpoint><Time>2025-07-20T10:31:29.201Z</Time><DistanceMeters>1000.0</DistanceMeters><HeartRateBpm><Value>125</Value></HeartRateBpm><SensorState>Present</SensorState></Trackpoint><Trackpoint><Time>2025-07-20T10:31:30.201Z</Time><DistanceMeters>1000.0</DistanceMeters><HeartRateBpm><Value>126</Value></HeartRateBpm><SensorState>Present</SensorState></Trackpoint><Trackpoint><Time>2025-07-20T10:31:31.201Z</Time><DistanceMeters>1000.0</DistanceMeters><HeartRateBpm><Value>126</Value></HeartRateBpm><SensorState>Present</SensorState></Trackpoint><Trackpoint><Time>2025-07-20T10:31:32.201Z</Time><DistanceMeters>1001.0926573806339</DistanceMeters><HeartRateBpm><Value>126</Value></HeartRateBpm><SensorState>Present</SensorState></Trackpoint><Trackpoint><Time>2025-07-20T10:31:33.201Z</Time><DistanceMeters>1002.1853147612678</DistanceMeters><HeartRateBpm><Value>125</Value></HeartRateBpm><SensorState>Present</SensorState></Trackpoint><Trackpoint><Time>2025-07-20T10:31:34.201Z</Time><DistanceMeters>1003.2779721419017</DistanceMeters><HeartRateBpm><Value>126</Value></HeartRateBpm><SensorState>Present</SensorState></Trackpoint><Trackpoint><Time>2025-07-20T10:31:35.201Z</Time><DistanceMeters>1004.3706295225356</DistanceMeters><HeartRateBpm><Value>126</Value></HeartRateBpm><SensorState>Present</SensorState></Trackpoint><Trackpoint><Time>2025-07-20T10:31:36.201Z</Time><DistanceMeters>1005.4632869031695</DistanceMeters><HeartRateBpm><Value>127</Value></HeartRateBpm><SensorState>Present</SensorState></Trackpoint><Trackpoint><Time>2025-07-20T10:31:37.201Z</Time><DistanceMeters>1006.5559442838035</DistanceMeters><HeartRateBpm><Value>127</Value></HeartRateBpm><SensorState>Present</SensorState></Trackpoint><Trackpoint><Time>2025-07-20T10:31:38.201Z</Time><DistanceMeters>1007.6486016644374</DistanceMeters><HeartRateBpm><Value>127</Value></HeartRateBpm><SensorState>Present</SensorState></Trackpoint><Trackpoint><Time>2025-07-20T10:31:39.201Z</Time><DistanceMeters>1008.7412590450713</DistanceMeters><HeartRateBpm><Value>127</Value></HeartRateBpm><SensorState>Present</SensorState></Trackpoint><Trackpoint><Time>2025-07-20T10:31:40.201Z</Time><DistanceMeters>1009.8339164257052</DistanceMeters><HeartRateBpm><Value>129</Value></HeartRateBpm><SensorState>Present</SensorState></Trackpoint><Trackpoint><Time>2025-07-20T10:31:41.201Z</Time><DistanceMeters>1010.9265738063391</DistanceMeters><HeartRateBpm><Value>130</Value></HeartRateBpm><SensorState>Present</SensorState></Trackpoint><Trackpoint><Time>2025-07-20T10:31:42.201Z</Time><DistanceMeters>1025.0</DistanceMeters><HeartRateBpm><Value>130</Value></HeartRateBpm><SensorState>Present</SensorState></Trackpoint><Trackpoint><Time>2025-07-20T10:31:43.201Z</Time><DistanceMeters>1025.0</DistanceMeters><HeartRateBpm><Value>130</Value></HeartRateBpm><SensorState>Present</SensorState></Trackpoint><Trackpoint><Time>2025-07-20T10:31:44.201Z</Time><DistanceMeters>1025.0</DistanceMeters><HeartRateBpm><Value>130</Value></HeartRateBpm><SensorState>Present</SensorState></Trackpoint><Trackpoint><Time>2025-07-20T10:31:45.201Z</Time><DistanceMeters>1025.0</DistanceMeters><HeartRateBpm><Value>130</Value></HeartRateBpm><SensorState>Present</SensorState></Trackpoint><Trackpoint><Time>2025-07-20T10:31:46.201Z</Time><DistanceMeters>1025.0</DistanceMeters><HeartRateBpm><Value>130</Value></HeartRateBpm><SensorState>Present</SensorState></Trackpoint><Trackpoint><Time>2025-07-20T10:31:47.201Z</Time><DistanceMeters>1025.0</DistanceMeters><HeartRateBpm><Value>130</Value></HeartRateBpm><SensorState>Present</SensorState></Trackpoint><Trackpoint><Time>2025-07-20T10:31:48.201Z</Time><DistanceMeters>1025.0</DistanceMeters><HeartRateBpm><Value>130</Value></HeartRateBpm><SensorState>Present</SensorState></Trackpoint><Trackpoint><Time>2025-07-20T10:31:49.201Z</Time><DistanceMeters>1025.0</DistanceMeters><HeartRateBpm><Value>131</Value></HeartRateBpm><SensorState>Present</SensorState></Trackpoint><Trackpoint><Time>2025-07-20T10:31:50.201Z</Time><DistanceMeters>1025.0</DistanceMeters><HeartRateBpm><Value>131</Value></HeartRateBpm><SensorState>Present</SensorState></Trackpoint><Trackpoint><Time>2025-07-20T10:31:51.201Z</Time><DistanceMeters>1025.0</DistanceMeters><HeartRateBpm><Value>131</Value></HeartRateBpm><SensorState>Present</SensorState></Trackpoint><Trackpoint><Time>2025-07-20T10:31:52.201Z</Time><DistanceMeters>1025.0</DistanceMeters><HeartRateBpm><Value>131</Value></HeartRateBpm><SensorState>Present</SensorState></Trackpoint><Trackpoint><Time>2025-07-20T10:31:53.201Z</Time><DistanceMeters>1025.0</DistanceMeters><HeartRateBpm><Value>132</Value></HeartRateBpm><SensorState>Present</SensorState></Trackpoint><Trackpoint><Time>2025-07-20T10:31:54.201Z</Time><DistanceMeters>1025.0</DistanceMeters><HeartRateBpm><Value>132</Value></HeartRateBpm><SensorState>Present</SensorState></Trackpoint><Trackpoint><Time>2025-07-20T10:31:55.201Z</Time><DistanceMeters>1025.0</DistanceMeters><HeartRateBpm><Value>133</Value></HeartRateBpm><SensorState>Present</SensorState></Trackpoint><Trackpoint><Time>2025-07-20T10:31:56.201Z</Time><DistanceMeters>1025.0</DistanceMeters><HeartRateBpm><Value>133</Value></HeartRateBpm><SensorState>Present</SensorState></Trackpoint><Trackpoint><Time>2025-07-20T10:31:57.201Z</Time><DistanceMeters>1025.0</DistanceMeters><HeartRateBpm><Value>132</Value></HeartRateBpm><SensorState>Present</SensorState></Trackpoint><Trackpoint><Time>2025-07-20T10:31:58.201Z</Time><DistanceMeters>1025.0</DistanceMeters><HeartRateBpm><Value>132</Value></HeartRateBpm><SensorState>Present</SensorState></Trackpoint><Trackpoint><Time>2025-07-20T10:31:59.201Z</Time><DistanceMeters>1025.0</DistanceMeters><HeartRateBpm><Value>132</Value></HeartRateBpm><SensorState>Present</SensorState></Trackpoint><Trackpoint><Time>2025-07-20T10:32:00.201Z</Time><DistanceMeters>1025.0</DistanceMeters><HeartRateBpm><Value>133</Value></HeartRateBpm><SensorState>Present</SensorState></Trackpoint><Trackpoint><Time>2025-07-20T10:32:01.201Z</Time><DistanceMeters>1025.0</DistanceMeters><HeartRateBpm><Value>133</Value></HeartRateBpm><SensorState>Present</SensorState></Trackpoint><Trackpoint><Time>2025-07-20T10:32:02.201Z</Time><DistanceMeters>1025.0</DistanceMeters><HeartRateBpm><Value>134</Value></HeartRateBpm><SensorState>Present</SensorState></Trackpoint><Trackpoint><Time>2025-07-20T10:32:03.201Z</Time><DistanceMeters>1025.0</DistanceMeters><HeartRateBpm><Value>134</Value></HeartRateBpm><SensorState>Present</SensorState></Trackpoint><Trackpoint><Time>2025-07-20T10:32:04.201Z</Time><DistanceMeters>1025.0</DistanceMeters><HeartRateBpm><Value>135</Value></HeartRateBpm><SensorState>Present</SensorState></Trackpoint><Trackpoint><Time>2025-07-20T10:32:05.201Z</Time><DistanceMeters>1025.0</DistanceMeters><HeartRateBpm><Value>136</Value></HeartRateBpm><SensorState>Present</SensorState></Trackpoint><Trackpoint><Time>2025-07-20T10:32:06.201Z</Time><DistanceMeters>1026.092657380634</DistanceMeters><HeartRateBpm><Value>136</Value></HeartRateBpm><SensorState>Present</SensorState></Trackpoint><Trackpoint><Time>2025-07-20T10:32:07.201Z</Time><DistanceMeters>1027.1853147612678</DistanceMeters><HeartRateBpm><Value>136</Value></HeartRateBpm><SensorState>Present</SensorState></Trackpoint><Trackpoint><Time>2025-07-20T10:32:08.201Z</Time><DistanceMeters>1028.2779721419017</DistanceMeters><HeartRateBpm><Value>136</Value></HeartRateBpm><SensorState>Present</SensorState></Trackpoint><Trackpoint><Time>2025-07-20T10:32:09.201Z</Time><DistanceMeters>1029.3706295225356</DistanceMeters><HeartRateBpm><Value>136</Value></HeartRateBpm><SensorState>Present</SensorState></Trackpoint><Trackpoint><Time>2025-07-20T10:32:10.201Z</Time><DistanceMeters>1030.4632869031695</DistanceMeters><HeartRateBpm><Value>137</Value></HeartRateBpm><SensorState>Present</SensorState></Trackpoint><Trackpoint><Time>2025-07-20T10:32:11.201Z</Time><DistanceMeters>1031.5559442838035</DistanceMeters><HeartRateBpm><Value>137</Value></HeartRateBpm><SensorState>Present</SensorState></Trackpoint><Trackpoint><Time>2025-07-20T10:32:12.201Z</Time><DistanceMeters>1032.6486016644374</DistanceMeters><HeartRateBpm><Value>137</Value></HeartRateBpm><SensorState>Present</SensorState></Trackpoint><Trackpoint><Time>2025-07-20T10:32:13.201Z</Time><DistanceMeters>1033.7412590450713</DistanceMeters><HeartRateBpm><Value>137</Value></HeartRateBpm><SensorState>Present</SensorState></Trackpoint><Trackpoint><Time>2025-07-20T10:32:14.201Z</Time><DistanceMeters>1034.8339164257052</DistanceMeters><HeartRateBpm><Value>137</Value></HeartRateBpm><SensorState>Present</SensorState></Trackpoint><Trackpoint><Time>2025-07-20T10:32:15.201Z</Time><DistanceMeters>1035.926573806339</DistanceMeters><HeartRateBpm><Value>137</Value></HeartRateBpm><SensorState>Present</SensorState></Trackpoint><Trackpoint><Time>2025-07-20T10:32:16.201Z</Time><DistanceMeters>1050.0</DistanceMeters><HeartRateBpm><Value>137</Value></HeartRateBpm><SensorState>Present</SensorState></Trackpoint><Trackpoint><Time>2025-07-20T10:32:17.201Z</Time><DistanceMeters>1050.0</DistanceMeters><HeartRateBpm><Value>137</Value></HeartRateBpm><SensorState>Present</SensorState></Trackpoint><Trackpoint><Time>2025-07-20T10:32:18.201Z</Time><DistanceMeters>1050.0</DistanceMeters><HeartRateBpm><Value>137</Value></HeartRateBpm><SensorState>Present</SensorState></Trackpoint><Trackpoint><Time>2025-07-20T10:32:19.201Z</Time><DistanceMeters>1050.0</DistanceMeters><HeartRateBpm><Value>137</Value></HeartRateBpm><SensorState>Present</SensorState></Trackpoint><Trackpoint><Time>2025-07-20T10:32:20.201Z</Time><DistanceMeters>1050.0</DistanceMeters><HeartRateBpm><Value>136</Value></HeartRateBpm><SensorState>Present</SensorState></Trackpoint><Trackpoint><Time>2025-07-20T10:32:21.201Z</Time><DistanceMeters>1050.0</DistanceMeters><HeartRateBpm><Value>135</Value></HeartRateBpm><SensorState>Present</SensorState></Trackpoint><Trackpoint><Time>2025-07-20T10:32:22.201Z</Time><DistanceMeters>1050.0</DistanceMeters><HeartRateBpm><Value>134</Value></HeartRateBpm><SensorState>Present</SensorState></Trackpoint><Trackpoint><Time>2025-07-20T10:32:23.201Z</Time><DistanceMeters>1050.0</DistanceMeters><HeartRateBpm><Value>134</Value></HeartRateBpm><SensorState>Present</SensorState></Trackpoint><Trackpoint><Time>2025-07-20T10:32:24.201Z</Time><DistanceMeters>1050.0</DistanceMeters><HeartRateBpm><Value>134</Value></HeartRateBpm><SensorState>Present</SensorState></Trackpoint><Trackpoint><Time>2025-07-20T10:32:25.201Z</Time><DistanceMeters>1050.0</DistanceMeters><HeartRateBpm><Value>133</Value></HeartRateBpm><SensorState>Present</SensorState></Trackpoint><Trackpoint><Time>2025-07-20T10:32:26.201Z</Time><DistanceMeters>1050.0</DistanceMeters><HeartRateBpm><Value>131</Value></HeartRateBpm><SensorState>Present</SensorState></Trackpoint><Trackpoint><Time>2025-07-20T10:32:27.201Z</Time><DistanceMeters>1050.0</DistanceMeters><HeartRateBpm><Value>130</Value></HeartRateBpm><SensorState>Present</SensorState></Trackpoint><Trackpoint><Time>2025-07-20T10:32:28.201Z</Time><DistanceMeters>1050.0</DistanceMeters><HeartRateBpm><Value>129</Value></HeartRateBpm><SensorState>Present</SensorState></Trackpoint><Trackpoint><Time>2025-07-20T10:32:29.201Z</Time><DistanceMeters>1050.0</DistanceMeters><HeartRateBpm><Value>129</Value></HeartRateBpm><SensorState>Present</SensorState></Trackpoint><Trackpoint><Time>2025-07-20T10:32:30.201Z</Time><DistanceMeters>1050.0</DistanceMeters><HeartRateBpm><Value>128</Value></HeartRateBpm><SensorState>Present</SensorState></Trackpoint><Trackpoint><Time>2025-07-20T10:32:31.201Z</Time><DistanceMeters>1050.0</DistanceMeters><HeartRateBpm><Value>128</Value></HeartRateBpm><SensorState>Present</SensorState></Trackpoint><Trackpoint><Time>2025-07-20T10:32:32.201Z</Time><DistanceMeters>1050.0</DistanceMeters><HeartRateBpm><Value>127</Value></HeartRateBpm><SensorState>Present</SensorState></Trackpoint><Trackpoint><Time>2025-07-20T10:32:33.201Z</Time><DistanceMeters>1050.0</DistanceMeters><HeartRateBpm><Value>127</Value></HeartRateBpm><SensorState>Present</SensorState></Trackpoint><Trackpoint><Time>2025-07-20T10:32:34.201Z</Time><DistanceMeters>1050.0</DistanceMeters><HeartRateBpm><Value>128</Value></HeartRateBpm><SensorState>Present</SensorState></Trackpoint><Trackpoint><Time>2025-07-20T10:32:35.201Z</Time><DistanceMeters>1050.0</DistanceMeters><HeartRateBpm><Value>128</Value></HeartRateBpm><SensorState>Present</SensorState></Trackpoint><Trackpoint><Time>2025-07-20T10:32:36.201Z</Time><DistanceMeters>1050.0</DistanceMeters><HeartRateBpm><Value>127</Value></HeartRateBpm><SensorState>Present</SensorState></Trackpoint><Trackpoint><Time>2025-07-20T10:32:37.201Z</Time><DistanceMeters>1050.0</DistanceMeters><HeartRateBpm><Value>125</Value></HeartRateBpm><SensorState>Present</SensorState></Trackpoint><Trackpoint><Time>2025-07-20T10:32:38.201Z</Time><DistanceMeters>1051.092657380634</DistanceMeters><HeartRateBpm><Value>124</Value></HeartRateBpm><SensorState>Present</SensorState></Trackpoint><Trackpoint><Time>2025-07-20T10:32:39.201Z</Time><DistanceMeters>1052.1853147612678</DistanceMeters><HeartRateBpm><Value>124</Value></HeartRateBpm><SensorState>Present</SensorState></Trackpoint><Trackpoint><Time>2025-07-20T10:32:40.201Z</Time><DistanceMeters>1053.2779721419017</DistanceMeters><HeartRateBpm><Value>124</Value></HeartRateBpm><SensorState>Present</SensorState></Trackpoint><Trackpoint><Time>2025-07-20T10:32:41.201Z</Time><DistanceMeters>1054.3706295225356</DistanceMeters><HeartRateBpm><Value>124</Value></HeartRateBpm><SensorState>Present</SensorState></Trackpoint><Trackpoint><Time>2025-07-20T10:32:42.201Z</Time><DistanceMeters>1055.4632869031695</DistanceMeters><HeartRateBpm><Value>124</Value></HeartRateBpm><SensorState>Present</SensorState></Trackpoint><Trackpoint><Time>2025-07-20T10:32:43.201Z</Time><DistanceMeters>1056.5559442838035</DistanceMeters><HeartRateBpm><Value>125</Value></HeartRateBpm><SensorState>Present</SensorState></Trackpoint><Trackpoint><Time>2025-07-20T10:32:44.201Z</Time><DistanceMeters>1057.6486016644374</DistanceMeters><HeartRateBpm><Value>125</Value></HeartRateBpm><SensorState>Present</SensorState></Trackpoint><Trackpoint><Time>2025-07-20T10:32:45.201Z</Time><DistanceMeters>1058.7412590450713</DistanceMeters><HeartRateBpm><Value>126</Value></HeartRateBpm><SensorState>Present</SensorState></Trackpoint><Trackpoint><Time>2025-07-20T10:32:46.201Z</Time><DistanceMeters>1059.8339164257052</DistanceMeters><HeartRateBpm><Value>127</Value></HeartRateBpm><SensorState>Present</SensorState></Trackpoint><Trackpoint><Time>2025-07-20T10:32:47.201Z</Time><DistanceMeters>1060.926573806339</DistanceMeters><HeartRateBpm><Value>128</Value></HeartRateBpm><SensorState>Present</SensorState></Trackpoint><Trackpoint><Time>2025-07-20T10:32:48.201Z</Time><DistanceMeters>1075.0</DistanceMeters><HeartRateBpm><Value>128</Value></HeartRateBpm><SensorState>Present</SensorState></Trackpoint><Trackpoint><Time>2025-07-20T10:32:49.201Z</Time><DistanceMeters>1075.0</DistanceMeters><HeartRateBpm><Value>128</Value></HeartRateBpm><SensorState>Present</SensorState></Trackpoint><Trackpoint><Time>2025-07-20T10:32:50.201Z</Time><DistanceMeters>1075.0</DistanceMeters><HeartRateBpm><Value>129</Value></HeartRateBpm><SensorState>Present</SensorState></Trackpoint><Trackpoint><Time>2025-07-20T10:32:51.201Z</Time><DistanceMeters>1075.0</DistanceMeters><HeartRateBpm><Value>129</Value></HeartRateBpm><SensorState>Present</SensorState></Trackpoint><Trackpoint><Time>2025-07-20T10:32:52.201Z</Time><DistanceMeters>1075.0</DistanceMeters><HeartRateBpm><Value>129</Value></HeartRateBpm><SensorState>Present</SensorState></Trackpoint><Trackpoint><Time>2025-07-20T10:32:53.201Z</Time><DistanceMeters>1075.0</DistanceMeters><HeartRateBpm><Value>130</Value></HeartRateBpm><SensorState>Present</SensorState></Trackpoint><Trackpoint><Time>2025-07-20T10:32:54.201Z</Time><DistanceMeters>1075.0</DistanceMeters><HeartRateBpm><Value>129</Value></HeartRateBpm><SensorState>Present</SensorState></Trackpoint><Trackpoint><Time>2025-07-20T10:32:55.201Z</Time><DistanceMeters>1075.0</DistanceMeters><HeartRateBpm><Value>129</Value></HeartRateBpm><SensorState>Present</SensorState></Trackpoint><Trackpoint><Time>2025-07-20T10:32:56.201Z</Time><DistanceMeters>1075.0</DistanceMeters><HeartRateBpm><Value>129</Value></HeartRateBpm><SensorState>Present</SensorState></Trackpoint><Trackpoint><Time>2025-07-20T10:32:57.201Z</Time><DistanceMeters>1075.0</DistanceMeters><HeartRateBpm><Value>129</Value></HeartRateBpm><SensorState>Present</SensorState></Trackpoint><Trackpoint><Time>2025-07-20T10:32:58.201Z</Time><DistanceMeters>1075.0</DistanceMeters><HeartRateBpm><Value>128</Value></HeartRateBpm><SensorState>Present</SensorState></Trackpoint><Trackpoint><Time>2025-07-20T10:32:59.201Z</Time><DistanceMeters>1075.0</DistanceMeters><HeartRateBpm><Value>127</Value></HeartRateBpm><SensorState>Present</SensorState></Trackpoint><Trackpoint><Time>2025-07-20T10:33:00.201Z</Time><DistanceMeters>1075.0</DistanceMeters><HeartRateBpm><Value>126</Value></HeartRateBpm><SensorState>Present</SensorState></Trackpoint><Trackpoint><Time>2025-07-20T10:33:01.201Z</Time><DistanceMeters>1075.0</DistanceMeters><HeartRateBpm><Value>126</Value></HeartRateBpm><SensorState>Present</SensorState></Trackpoint><Trackpoint><Time>2025-07-20T10:33:02.201Z</Time><DistanceMeters>1075.0</DistanceMeters><HeartRateBpm><Value>125</Value></HeartRateBpm><SensorState>Present</SensorState></Trackpoint><Trackpoint><Time>2025-07-20T10:33:03.201Z</Time><DistanceMeters>1075.0</DistanceMeters><HeartRateBpm><Value>125</Value></HeartRateBpm><SensorState>Present</SensorState></Trackpoint><Trackpoint><Time>2025-07-20T10:33:04.201Z</Time><DistanceMeters>1075.0</DistanceMeters><HeartRateBpm><Value>125</Value></HeartRateBpm><SensorState>Present</SensorState></Trackpoint><Trackpoint><Time>2025-07-20T10:33:05.201Z</Time><DistanceMeters>1075.0</DistanceMeters><HeartRateBpm><Value>125</Value></HeartRateBpm><SensorState>Present</SensorState></Trackpoint><Trackpoint><Time>2025-07-20T10:33:06.201Z</Time><DistanceMeters>1075.0</DistanceMeters><HeartRateBpm><Value>125</Value></HeartRateBpm><SensorState>Present</SensorState></Trackpoint><Trackpoint><Time>2025-07-20T10:33:07.201Z</Time><DistanceMeters>1075.0</DistanceMeters><HeartRateBpm><Value>125</Value></HeartRateBpm><SensorState>Present</SensorState></Trackpoint><Trackpoint><Time>2025-07-20T10:33:08.201Z</Time><DistanceMeters>1075.0</DistanceMeters><HeartRateBpm><Value>125</Value></HeartRateBpm><SensorState>Present</SensorState></Trackpoint><Trackpoint><Time>2025-07-20T10:33:09.201Z</Time><DistanceMeters>1075.0</DistanceMeters><HeartRateBpm><Value>126</Value></HeartRateBpm><SensorState>Present</SensorState></Trackpoint><Trackpoint><Time>2025-07-20T10:33:10.201Z</Time><DistanceMeters>1076.092657380634</DistanceMeters><HeartRateBpm><Value>126</Value></HeartRateBpm><SensorState>Present</SensorState></Trackpoint><Trackpoint><Time>2025-07-20T10:33:11.201Z</Time><DistanceMeters>1077.1853147612678</DistanceMeters><HeartRateBpm><Value>126</Value></HeartRateBpm><SensorState>Present</SensorState></Trackpoint><Trackpoint><Time>2025-07-20T10:33:12.201Z</Time><DistanceMeters>1078.2779721419017</DistanceMeters><HeartRateBpm><Value>126</Value></HeartRateBpm><SensorState>Present</SensorState></Trackpoint><Trackpoint><Time>2025-07-20T10:33:13.201Z</Time><DistanceMeters>1079.3706295225356</DistanceMeters><HeartRateBpm><Value>127</Value></HeartRateBpm><SensorState>Present</SensorState></Trackpoint><Trackpoint><Time>2025-07-20T10:33:14.201Z</Time><DistanceMeters>1080.4632869031695</DistanceMeters><HeartRateBpm><Value>127</Value></HeartRateBpm><SensorState>Present</SensorState></Trackpoint><Trackpoint><Time>2025-07-20T10:33:15.201Z</Time><DistanceMeters>1081.5559442838035</DistanceMeters><HeartRateBpm><Value>126</Value></HeartRateBpm><SensorState>Present</SensorState></Trackpoint><Trackpoint><Time>2025-07-20T10:33:16.201Z</Time><DistanceMeters>1082.6486016644374</DistanceMeters><HeartRateBpm><Value>125</Value></HeartRateBpm><SensorState>Present</SensorState></Trackpoint><Trackpoint><Time>2025-07-20T10:33:17.201Z</Time><DistanceMeters>1083.7412590450713</DistanceMeters><HeartRateBpm><Value>126</Value></HeartRateBpm><SensorState>Present</SensorState></Trackpoint><Trackpoint><Time>2025-07-20T10:33:18.201Z</Time><DistanceMeters>1084.8339164257052</DistanceMeters><HeartRateBpm><Value>126</Value></HeartRateBpm><SensorState>Present</SensorState></Trackpoint><Trackpoint><Time>2025-07-20T10:33:19.201Z</Time><DistanceMeters>1085.926573806339</DistanceMeters><HeartRateBpm><Value>127</Value></HeartRateBpm><SensorState>Present</SensorState></Trackpoint><Trackpoint><Time>2025-07-20T10:33:20.201Z</Time><DistanceMeters>1100.0</DistanceMeters><HeartRateBpm><Value>128</Value></HeartRateBpm><SensorState>Present</SensorState></Trackpoint><Trackpoint><Time>2025-07-20T10:33:21.201Z</Time><DistanceMeters>1100.0</DistanceMeters><HeartRateBpm><Value>127</Value></HeartRateBpm><SensorState>Present</SensorState></Trackpoint><Trackpoint><Time>2025-07-20T10:33:22.201Z</Time><DistanceMeters>1100.0</DistanceMeters><HeartRateBpm><Value>126</Value></HeartRateBpm><SensorState>Present</SensorState></Trackpoint><Trackpoint><Time>2025-07-20T10:33:23.201Z</Time><DistanceMeters>1100.0</DistanceMeters><HeartRateBpm><Value>125</Value></HeartRateBpm><SensorState>Present</SensorState></Trackpoint><Trackpoint><Time>2025-07-20T10:33:24.201Z</Time><DistanceMeters>1100.0</DistanceMeters><HeartRateBpm><Value>125</Value></HeartRateBpm><SensorState>Present</SensorState></Trackpoint><Trackpoint><Time>2025-07-20T10:33:25.201Z</Time><DistanceMeters>1100.0</DistanceMeters><HeartRateBpm><Value>124</Value></HeartRateBpm><SensorState>Present</SensorState></Trackpoint><Trackpoint><Time>2025-07-20T10:33:26.201Z</Time><DistanceMeters>1100.0</DistanceMeters><HeartRateBpm><Value>123</Value></HeartRateBpm><SensorState>Present</SensorState></Trackpoint><Trackpoint><Time>2025-07-20T10:33:27.201Z</Time><DistanceMeters>1100.0</DistanceMeters><HeartRateBpm><Value>123</Value></HeartRateBpm><SensorState>Present</SensorState></Trackpoint><Trackpoint><Time>2025-07-20T10:33:28.201Z</Time><DistanceMeters>1100.0</DistanceMeters><HeartRateBpm><Value>123</Value></HeartRateBpm><SensorState>Present</SensorState></Trackpoint><Trackpoint><Time>2025-07-20T10:33:29.201Z</Time><DistanceMeters>1100.0</DistanceMeters><HeartRateBpm><Value>124</Value></HeartRateBpm><SensorState>Present</SensorState></Trackpoint><Trackpoint><Time>2025-07-20T10:33:30.201Z</Time><DistanceMeters>1100.0</DistanceMeters><HeartRateBpm><Value>124</Value></HeartRateBpm><SensorState>Present</SensorState></Trackpoint><Trackpoint><Time>2025-07-20T10:33:31.201Z</Time><DistanceMeters>1100.0</DistanceMeters><HeartRateBpm><Value>124</Value></HeartRateBpm><SensorState>Present</SensorState></Trackpoint><Trackpoint><Time>2025-07-20T10:33:32.201Z</Time><DistanceMeters>1100.0</DistanceMeters><HeartRateBpm><Value>125</Value></HeartRateBpm><SensorState>Present</SensorState></Trackpoint><Trackpoint><Time>2025-07-20T10:33:33.201Z</Time><DistanceMeters>1100.0</DistanceMeters><HeartRateBpm><Value>125</Value></HeartRateBpm><SensorState>Present</SensorState></Trackpoint><Trackpoint><Time>2025-07-20T10:33:34.201Z</Time><DistanceMeters>1100.0</DistanceMeters><HeartRateBpm><Value>126</Value></HeartRateBpm><SensorState>Present</SensorState></Trackpoint><Trackpoint><Time>2025-07-20T10:33:35.201Z</Time><DistanceMeters>1100.0</DistanceMeters><HeartRateBpm><Value>126</Value></HeartRateBpm><SensorState>Present</SensorState></Trackpoint><Trackpoint><Time>2025-07-20T10:33:36.201Z</Time><DistanceMeters>1100.0</DistanceMeters><HeartRateBpm><Value>126</Value></HeartRateBpm><SensorState>Present</SensorState></Trackpoint><Trackpoint><Time>2025-07-20T10:33:37.201Z</Time><DistanceMeters>1100.0</DistanceMeters><HeartRateBpm><Value>126</Value></HeartRateBpm><SensorState>Present</SensorState></Trackpoint><Trackpoint><Time>2025-07-20T10:33:38.201Z</Time><DistanceMeters>1100.0</DistanceMeters><HeartRateBpm><Value>126</Value></HeartRateBpm><SensorState>Present</SensorState></Trackpoint><Trackpoint><Time>2025-07-20T10:33:39.201Z</Time><DistanceMeters>1100.0</DistanceMeters><HeartRateBpm><Value>126</Value></HeartRateBpm><SensorState>Present</SensorState></Trackpoint><Trackpoint><Time>2025-07-20T10:33:40.201Z</Time><DistanceMeters>1100.0</DistanceMeters><HeartRateBpm><Value>126</Value></HeartRateBpm><SensorState>Present</SensorState></Trackpoint><Trackpoint><Time>2025-07-20T10:33:41.201Z</Time><DistanceMeters>1100.0</DistanceMeters><HeartRateBpm><Value>126</Value></HeartRateBpm><SensorState>Present</SensorState></Trackpoint><Trackpoint><Time>2025-07-20T10:33:42.201Z</Time><DistanceMeters>1100.0</DistanceMeters><HeartRateBpm><Value>126</Value></HeartRateBpm><SensorState>Present</SensorState></Trackpoint><Trackpoint><Time>2025-07-20T10:33:43.201Z</Time><DistanceMeters>1100.0</DistanceMeters><HeartRateBpm><Value>126</Value></HeartRateBpm><SensorState>Present</SensorState></Trackpoint><Trackpoint><Time>2025-07-20T10:33:44.201Z</Time><DistanceMeters>1100.0</DistanceMeters><HeartRateBpm><Value>126</Value></HeartRateBpm><SensorState>Present</SensorState></Trackpoint><Trackpoint><Time>2025-07-20T10:33:45.201Z</Time><DistanceMeters>1100.0</DistanceMeters><HeartRateBpm><Value>126</Value></HeartRateBpm><SensorState>Present</SensorState></Trackpoint><Trackpoint><Time>2025-07-20T10:33:46.201Z</Time><DistanceMeters>1101.092657380634</DistanceMeters><HeartRateBpm><Value>126</Value></HeartRateBpm><SensorState>Present</SensorState></Trackpoint><Trackpoint><Time>2025-07-20T10:33:47.201Z</Time><DistanceMeters>1102.1853147612678</DistanceMeters><HeartRateBpm><Value>126</Value></HeartRateBpm><SensorState>Present</SensorState></Trackpoint><Trackpoint><Time>2025-07-20T10:33:48.201Z</Time><DistanceMeters>1103.2779721419017</DistanceMeters><HeartRateBpm><Value>126</Value></HeartRateBpm><SensorState>Present</SensorState></Trackpoint><Trackpoint><Time>2025-07-20T10:33:49.201Z</Time><DistanceMeters>1104.3706295225356</DistanceMeters><HeartRateBpm><Value>125</Value></HeartRateBpm><SensorState>Present</SensorState></Trackpoint><Trackpoint><Time>2025-07-20T10:33:50.201Z</Time><DistanceMeters>1105.4632869031695</DistanceMeters><HeartRateBpm><Value>124</Value></HeartRateBpm><SensorState>Present</SensorState></Trackpoint><Trackpoint><Time>2025-07-20T10:33:51.201Z</Time><DistanceMeters>1106.5559442838035</DistanceMeters><HeartRateBpm><Value>124</Value></HeartRateBpm><SensorState>Present</SensorState></Trackpoint><Trackpoint><Time>2025-07-20T10:33:52.201Z</Time><DistanceMeters>1107.6486016644374</DistanceMeters><HeartRateBpm><Value>124</Value></HeartRateBpm><SensorState>Present</SensorState></Trackpoint><Trackpoint><Time>2025-07-20T10:33:53.201Z</Time><DistanceMeters>1108.7412590450713</DistanceMeters><HeartRateBpm><Value>125</Value></HeartRateBpm><SensorState>Present</SensorState></Trackpoint><Trackpoint><Time>2025-07-20T10:33:54.201Z</Time><DistanceMeters>1109.8339164257052</DistanceMeters><HeartRateBpm><Value>124</Value></HeartRateBpm><SensorState>Present</SensorState></Trackpoint><Trackpoint><Time>2025-07-20T10:33:55.201Z</Time><DistanceMeters>1110.926573806339</DistanceMeters><HeartRateBpm><Value>122</Value></HeartRateBpm><SensorState>Present</SensorState></Trackpoint><Trackpoint><Time>2025-07-20T10:33:56.201Z</Time><DistanceMeters>1125.0</DistanceMeters><HeartRateBpm><Value>121</Value></HeartRateBpm><SensorState>Present</SensorState></Trackpoint><Trackpoint><Time>2025-07-20T10:33:57.201Z</Time><DistanceMeters>1125.0</DistanceMeters><HeartRateBpm><Value>119</Value></HeartRateBpm><SensorState>Present</SensorState></Trackpoint><Trackpoint><Time>2025-07-20T10:33:58.201Z</Time><DistanceMeters>1125.0</DistanceMeters><HeartRateBpm><Value>117</Value></HeartRateBpm><SensorState>Present</SensorState></Trackpoint><Trackpoint><Time>2025-07-20T10:33:59.201Z</Time><DistanceMeters>1125.0</DistanceMeters><HeartRateBpm><Value>116</Value></HeartRateBpm><SensorState>Present</SensorState></Trackpoint><Trackpoint><Time>2025-07-20T10:34:00.201Z</Time><DistanceMeters>1125.0</DistanceMeters><HeartRateBpm><Value>115</Value></HeartRateBpm><SensorState>Present</SensorState></Trackpoint><Trackpoint><Time>2025-07-20T10:34:01.201Z</Time><DistanceMeters>1125.0</DistanceMeters><HeartRateBpm><Value>114</Value></HeartRateBpm><SensorState>Present</SensorState></Trackpoint><Trackpoint><Time>2025-07-20T10:34:02.201Z</Time><DistanceMeters>1125.0</DistanceMeters><HeartRateBpm><Value>115</Value></HeartRateBpm><SensorState>Present</SensorState></Trackpoint><Trackpoint><Time>2025-07-20T10:34:03.201Z</Time><DistanceMeters>1125.0</DistanceMeters><HeartRateBpm><Value>115</Value></HeartRateBpm><SensorState>Present</SensorState></Trackpoint><Trackpoint><Time>2025-07-20T10:34:04.201Z</Time><DistanceMeters>1125.0</DistanceMeters><HeartRateBpm><Value>116</Value></HeartRateBpm><SensorState>Present</SensorState></Trackpoint><Trackpoint><Time>2025-07-20T10:34:05.201Z</Time><DistanceMeters>1125.0</DistanceMeters><HeartRateBpm><Value>116</Value></HeartRateBpm><SensorState>Present</SensorState></Trackpoint><Trackpoint><Time>2025-07-20T10:34:06.201Z</Time><DistanceMeters>1125.0</DistanceMeters><HeartRateBpm><Value>117</Value></HeartRateBpm><SensorState>Present</SensorState></Trackpoint><Trackpoint><Time>2025-07-20T10:34:07.201Z</Time><DistanceMeters>1125.0</DistanceMeters><HeartRateBpm><Value>118</Value></HeartRateBpm><SensorState>Present</SensorState></Trackpoint><Trackpoint><Time>2025-07-20T10:34:08.201Z</Time><DistanceMeters>1125.0</DistanceMeters><HeartRateBpm><Value>119</Value></HeartRateBpm><SensorState>Present</SensorState></Trackpoint><Trackpoint><Time>2025-07-20T10:34:09.201Z</Time><DistanceMeters>1125.0</DistanceMeters><HeartRateBpm><Value>119</Value></HeartRateBpm><SensorState>Present</SensorState></Trackpoint><Trackpoint><Time>2025-07-20T10:34:10.201Z</Time><DistanceMeters>1125.0</DistanceMeters><HeartRateBpm><Value>120</Value></HeartRateBpm><SensorState>Present</SensorState></Trackpoint><Trackpoint><Time>2025-07-20T10:34:11.201Z</Time><DistanceMeters>1125.0</DistanceMeters><HeartRateBpm><Value>120</Value></HeartRateBpm><SensorState>Present</SensorState></Trackpoint><Trackpoint><Time>2025-07-20T10:34:12.201Z</Time><DistanceMeters>1125.0</DistanceMeters><HeartRateBpm><Value>120</Value></HeartRateBpm><SensorState>Present</SensorState></Trackpoint><Trackpoint><Time>2025-07-20T10:34:13.201Z</Time><DistanceMeters>1125.0</DistanceMeters><HeartRateBpm><Value>120</Value></HeartRateBpm><SensorState>Present</SensorState></Trackpoint><Trackpoint><Time>2025-07-20T10:34:14.201Z</Time><DistanceMeters>1125.0</DistanceMeters><HeartRateBpm><Value>120</Value></HeartRateBpm><SensorState>Present</SensorState></Trackpoint><Trackpoint><Time>2025-07-20T10:34:15.201Z</Time><DistanceMeters>1125.0</DistanceMeters><HeartRateBpm><Value>120</Value></HeartRateBpm><SensorState>Present</SensorState></Trackpoint><Trackpoint><Time>2025-07-20T10:34:16.201Z</Time><DistanceMeters>1126.092657380634</DistanceMeters><HeartRateBpm><Value>119</Value></HeartRateBpm><SensorState>Present</SensorState></Trackpoint><Trackpoint><Time>2025-07-20T10:34:17.201Z</Time><DistanceMeters>1127.1853147612678</DistanceMeters><HeartRateBpm><Value>119</Value></HeartRateBpm><SensorState>Present</SensorState></Trackpoint><Trackpoint><Time>2025-07-20T10:34:18.201Z</Time><DistanceMeters>1128.2779721419017</DistanceMeters><HeartRateBpm><Value>120</Value></HeartRateBpm><SensorState>Present</SensorState></Trackpoint><Trackpoint><Time>2025-07-20T10:34:19.201Z</Time><DistanceMeters>1129.3706295225356</DistanceMeters><HeartRateBpm><Value>120</Value></HeartRateBpm><SensorState>Present</SensorState></Trackpoint><Trackpoint><Time>2025-07-20T10:34:20.201Z</Time><DistanceMeters>1130.4632869031695</DistanceMeters><HeartRateBpm><Value>121</Value></HeartRateBpm><SensorState>Present</SensorState></Trackpoint><Trackpoint><Time>2025-07-20T10:34:21.201Z</Time><DistanceMeters>1131.5559442838035</DistanceMeters><HeartRateBpm><Value>122</Value></HeartRateBpm><SensorState>Present</SensorState></Trackpoint><Trackpoint><Time>2025-07-20T10:34:22.201Z</Time><DistanceMeters>1132.6486016644374</DistanceMeters><HeartRateBpm><Value>122</Value></HeartRateBpm><SensorState>Present</SensorState></Trackpoint><Trackpoint><Time>2025-07-20T10:34:23.201Z</Time><DistanceMeters>1133.7412590450713</DistanceMeters><HeartRateBpm><Value>122</Value></HeartRateBpm><SensorState>Present</SensorState></Trackpoint><Trackpoint><Time>2025-07-20T10:34:24.201Z</Time><DistanceMeters>1134.8339164257052</DistanceMeters><HeartRateBpm><Value>123</Value></HeartRateBpm><SensorState>Present</SensorState></Trackpoint><Trackpoint><Time>2025-07-20T10:34:25.201Z</Time><DistanceMeters>1135.926573806339</DistanceMeters><HeartRateBpm><Value>123</Value></HeartRateBpm><SensorState>Present</SensorState></Trackpoint><Trackpoint><Time>2025-07-20T10:34:26.201Z</Time><DistanceMeters>1150.0</DistanceMeters><HeartRateBpm><Value>123</Value></HeartRateBpm><SensorState>Present</SensorState></Trackpoint><Trackpoint><Time>2025-07-20T10:34:27.201Z</Time><DistanceMeters>1150.0</DistanceMeters><HeartRateBpm><Value>123</Value></HeartRateBpm><SensorState>Present</SensorState></Trackpoint><Trackpoint><Time>2025-07-20T10:34:28.201Z</Time><DistanceMeters>1150.0</DistanceMeters><HeartRateBpm><Value>122</Value></HeartRateBpm><SensorState>Present</SensorState></Trackpoint><Trackpoint><Time>2025-07-20T10:34:29.201Z</Time><DistanceMeters>1150.0</DistanceMeters><HeartRateBpm><Value>121</Value></HeartRateBpm><SensorState>Present</SensorState></Trackpoint><Trackpoint><Time>2025-07-20T10:34:30.201Z</Time><DistanceMeters>1150.0</DistanceMeters><HeartRateBpm><Value>121</Value></HeartRateBpm><SensorState>Present</SensorState></Trackpoint><Trackpoint><Time>2025-07-20T10:34:31.201Z</Time><DistanceMeters>1150.0</DistanceMeters><HeartRateBpm><Value>122</Value></HeartRateBpm><SensorState>Present</SensorState></Trackpoint><Trackpoint><Time>2025-07-20T10:34:32.201Z</Time><DistanceMeters>1150.0</DistanceMeters><HeartRateBpm><Value>122</Value></HeartRateBpm><SensorState>Present</SensorState></Trackpoint><Trackpoint><Time>2025-07-20T10:34:33.201Z</Time><DistanceMeters>1150.0</DistanceMeters><HeartRateBpm><Value>122</Value></HeartRateBpm><SensorState>Present</SensorState></Trackpoint><Trackpoint><Time>2025-07-20T10:34:34.201Z</Time><DistanceMeters>1150.0</DistanceMeters><HeartRateBpm><Value>123</Value></HeartRateBpm><SensorState>Present</SensorState></Trackpoint><Trackpoint><Time>2025-07-20T10:34:35.201Z</Time><DistanceMeters>1150.0</DistanceMeters><HeartRateBpm><Value>123</Value></HeartRateBpm><SensorState>Present</SensorState></Trackpoint><Trackpoint><Time>2025-07-20T10:34:36.201Z</Time><DistanceMeters>1150.0</DistanceMeters><HeartRateBpm><Value>123</Value></HeartRateBpm><SensorState>Present</SensorState></Trackpoint><Trackpoint><Time>2025-07-20T10:34:37.201Z</Time><DistanceMeters>1150.0</DistanceMeters><HeartRateBpm><Value>123</Value></HeartRateBpm><SensorState>Present</SensorState></Trackpoint><Trackpoint><Time>2025-07-20T10:34:38.201Z</Time><DistanceMeters>1150.0</DistanceMeters><HeartRateBpm><Value>123</Value></HeartRateBpm><SensorState>Present</SensorState></Trackpoint><Trackpoint><Time>2025-07-20T10:34:39.201Z</Time><DistanceMeters>1150.0</DistanceMeters><HeartRateBpm><Value>124</Value></HeartRateBpm><SensorState>Present</SensorState></Trackpoint><Trackpoint><Time>2025-07-20T10:34:40.201Z</Time><DistanceMeters>1150.0</DistanceMeters><HeartRateBpm><Value>124</Value></HeartRateBpm><SensorState>Present</SensorState></Trackpoint><Trackpoint><Time>2025-07-20T10:34:41.201Z</Time><DistanceMeters>1150.0</DistanceMeters><HeartRateBpm><Value>123</Value></HeartRateBpm><SensorState>Present</SensorState></Trackpoint><Trackpoint><Time>2025-07-20T10:34:42.201Z</Time><DistanceMeters>1150.0</DistanceMeters><HeartRateBpm><Value>122</Value></HeartRateBpm><SensorState>Present</SensorState></Trackpoint><Trackpoint><Time>2025-07-20T10:34:43.201Z</Time><DistanceMeters>1150.0</DistanceMeters><HeartRateBpm><Value>122</Value></HeartRateBpm><SensorState>Present</SensorState></Trackpoint><Trackpoint><Time>2025-07-20T10:34:44.201Z</Time><DistanceMeters>1150.0</DistanceMeters><HeartRateBpm><Value>122</Value></HeartRateBpm><SensorState>Present</SensorState></Trackpoint><Trackpoint><Time>2025-07-20T10:34:45.201Z</Time><DistanceMeters>1150.0</DistanceMeters><HeartRateBpm><Value>123</Value></HeartRateBpm><SensorState>Present</SensorState></Trackpoint><Trackpoint><Time>2025-07-20T10:34:46.201Z</Time><DistanceMeters>1150.0</DistanceMeters><HeartRateBpm><Value>122</Value></HeartRateBpm><SensorState>Present</SensorState></Trackpoint><Trackpoint><Time>2025-07-20T10:34:47.201Z</Time><DistanceMeters>1150.0</DistanceMeters><HeartRateBpm><Value>123</Value></HeartRateBpm><SensorState>Present</SensorState></Trackpoint><Trackpoint><Time>2025-07-20T10:34:48.201Z</Time><DistanceMeters>1150.0</DistanceMeters><HeartRateBpm><Value>123</Value></HeartRateBpm><SensorState>Present</SensorState></Trackpoint><Trackpoint><Time>2025-07-20T10:34:49.201Z</Time><DistanceMeters>1151.092657380634</DistanceMeters><HeartRateBpm><Value>124</Value></HeartRateBpm><SensorState>Present</SensorState></Trackpoint><Trackpoint><Time>2025-07-20T10:34:50.201Z</Time><DistanceMeters>1152.1853147612678</DistanceMeters><HeartRateBpm><Value>125</Value></HeartRateBpm><SensorState>Present</SensorState></Trackpoint><Trackpoint><Time>2025-07-20T10:34:51.201Z</Time><DistanceMeters>1153.2779721419017</DistanceMeters><HeartRateBpm><Value>125</Value></HeartRateBpm><SensorState>Present</SensorState></Trackpoint><Trackpoint><Time>2025-07-20T10:34:52.201Z</Time><DistanceMeters>1154.3706295225356</DistanceMeters><HeartRateBpm><Value>126</Value></HeartRateBpm><SensorState>Present</SensorState></Trackpoint><Trackpoint><Time>2025-07-20T10:34:53.201Z</Time><DistanceMeters>1155.4632869031695</DistanceMeters><HeartRateBpm><Value>126</Value></HeartRateBpm><SensorState>Present</SensorState></Trackpoint><Trackpoint><Time>2025-07-20T10:34:54.201Z</Time><DistanceMeters>1156.5559442838035</DistanceMeters><HeartRateBpm><Value>127</Value></HeartRateBpm><SensorState>Present</SensorState></Trackpoint><Trackpoint><Time>2025-07-20T10:34:55.201Z</Time><DistanceMeters>1157.6486016644374</DistanceMeters><HeartRateBpm><Value>127</Value></HeartRateBpm><SensorState>Present</SensorState></Trackpoint><Trackpoint><Time>2025-07-20T10:34:56.201Z</Time><DistanceMeters>1158.7412590450713</DistanceMeters><HeartRateBpm><Value>128</Value></HeartRateBpm><SensorState>Present</SensorState></Trackpoint><Trackpoint><Time>2025-07-20T10:34:57.201Z</Time><DistanceMeters>1159.8339164257052</DistanceMeters><HeartRateBpm><Value>129</Value></HeartRateBpm><SensorState>Present</SensorState></Trackpoint><Trackpoint><Time>2025-07-20T10:34:58.201Z</Time><DistanceMeters>1160.926573806339</DistanceMeters><HeartRateBpm><Value>127</Value></HeartRateBpm><SensorState>Present</SensorState></Trackpoint><Trackpoint><Time>2025-07-20T10:34:59.201Z</Time><DistanceMeters>1175.0</DistanceMeters><HeartRateBpm><Value>126</Value></HeartRateBpm><SensorState>Present</SensorState></Trackpoint><Trackpoint><Time>2025-07-20T10:35:00.201Z</Time><DistanceMeters>1175.0</DistanceMeters><HeartRateBpm><Value>124</Value></HeartRateBpm><SensorState>Present</SensorState></Trackpoint><Trackpoint><Time>2025-07-20T10:35:01.201Z</Time><DistanceMeters>1175.0</DistanceMeters><HeartRateBpm><Value>122</Value></HeartRateBpm><SensorState>Present</SensorState></Trackpoint><Trackpoint><Time>2025-07-20T10:35:02.201Z</Time><DistanceMeters>1175.0</DistanceMeters><HeartRateBpm><Value>122</Value></HeartRateBpm><SensorState>Present</SensorState></Trackpoint><Trackpoint><Time>2025-07-20T10:35:03.201Z</Time><DistanceMeters>1175.0</DistanceMeters><HeartRateBpm><Value>121</Value></HeartRateBpm><SensorState>Present</SensorState></Trackpoint><Trackpoint><Time>2025-07-20T10:35:04.201Z</Time><DistanceMeters>1175.0</DistanceMeters><HeartRateBpm><Value>120</Value></HeartRateBpm><SensorState>Present</SensorState></Trackpoint><Trackpoint><Time>2025-07-20T10:35:05.201Z</Time><DistanceMeters>1175.0</DistanceMeters><HeartRateBpm><Value>119</Value></HeartRateBpm><SensorState>Present</SensorState></Trackpoint><Trackpoint><Time>2025-07-20T10:35:06.201Z</Time><DistanceMeters>1175.0</DistanceMeters><HeartRateBpm><Value>119</Value></HeartRateBpm><SensorState>Present</SensorState></Trackpoint><Trackpoint><Time>2025-07-20T10:35:07.201Z</Time><DistanceMeters>1175.0</DistanceMeters><HeartRateBpm><Value>119</Value></HeartRateBpm><SensorState>Present</SensorState></Trackpoint><Trackpoint><Time>2025-07-20T10:35:08.201Z</Time><DistanceMeters>1175.0</DistanceMeters><HeartRateBpm><Value>119</Value></HeartRateBpm><SensorState>Present</SensorState></Trackpoint><Trackpoint><Time>2025-07-20T10:35:09.201Z</Time><DistanceMeters>1175.0</DistanceMeters><HeartRateBpm><Value>119</Value></HeartRateBpm><SensorState>Present</SensorState></Trackpoint><Trackpoint><Time>2025-07-20T10:35:10.201Z</Time><DistanceMeters>1175.0</DistanceMeters><HeartRateBpm><Value>119</Value></HeartRateBpm><SensorState>Present</SensorState></Trackpoint><Trackpoint><Time>2025-07-20T10:35:11.201Z</Time><DistanceMeters>1175.0</DistanceMeters><HeartRateBpm><Value>119</Value></HeartRateBpm><SensorState>Present</SensorState></Trackpoint><Trackpoint><Time>2025-07-20T10:35:12.201Z</Time><DistanceMeters>1175.0</DistanceMeters><HeartRateBpm><Value>119</Value></HeartRateBpm><SensorState>Present</SensorState></Trackpoint><Trackpoint><Time>2025-07-20T10:35:13.201Z</Time><DistanceMeters>1175.0</DistanceMeters><HeartRateBpm><Value>119</Value></HeartRateBpm><SensorState>Present</SensorState></Trackpoint><Trackpoint><Time>2025-07-20T10:35:14.201Z</Time><DistanceMeters>1175.0</DistanceMeters><HeartRateBpm><Value>120</Value></HeartRateBpm><SensorState>Present</SensorState></Trackpoint><Trackpoint><Time>2025-07-20T10:35:15.201Z</Time><DistanceMeters>1175.0</DistanceMeters><HeartRateBpm><Value>120</Value></HeartRateBpm><SensorState>Present</SensorState></Trackpoint><Trackpoint><Time>2025-07-20T10:35:16.201Z</Time><DistanceMeters>1175.0</DistanceMeters><HeartRateBpm><Value>120</Value></HeartRateBpm><SensorState>Present</SensorState></Trackpoint><Trackpoint><Time>2025-07-20T10:35:17.201Z</Time><DistanceMeters>1175.0</DistanceMeters><HeartRateBpm><Value>120</Value></HeartRateBpm><SensorState>Present</SensorState></Trackpoint><Trackpoint><Time>2025-07-20T10:35:18.201Z</Time><DistanceMeters>1175.0</DistanceMeters><HeartRateBpm><Value>120</Value></HeartRateBpm><SensorState>Present</SensorState></Trackpoint><Trackpoint><Time>2025-07-20T10:35:19.201Z</Time><DistanceMeters>1175.0</DistanceMeters><HeartRateBpm><Value>121</Value></HeartRateBpm><SensorState>Present</SensorState></Trackpoint><Trackpoint><Time>2025-07-20T10:35:20.201Z</Time><DistanceMeters>1175.0</DistanceMeters><HeartRateBpm><Value>122</Value></HeartRateBpm><SensorState>Present</SensorState></Trackpoint><Trackpoint><Time>2025-07-20T10:35:21.201Z</Time><DistanceMeters>1176.092657380634</DistanceMeters><HeartRateBpm><Value>122</Value></HeartRateBpm><SensorState>Present</SensorState></Trackpoint><Trackpoint><Time>2025-07-20T10:35:22.201Z</Time><DistanceMeters>1177.1853147612678</DistanceMeters><HeartRateBpm><Value>122</Value></HeartRateBpm><SensorState>Present</SensorState></Trackpoint><Trackpoint><Time>2025-07-20T10:35:23.201Z</Time><DistanceMeters>1178.2779721419017</DistanceMeters><HeartRateBpm><Value>122</Value></HeartRateBpm><SensorState>Present</SensorState></Trackpoint><Trackpoint><Time>2025-07-20T10:35:24.201Z</Time><DistanceMeters>1179.3706295225356</DistanceMeters><HeartRateBpm><Value>123</Value></HeartRateBpm><SensorState>Present</SensorState></Trackpoint><Trackpoint><Time>2025-07-20T10:35:25.201Z</Time><DistanceMeters>1180.4632869031695</DistanceMeters><HeartRateBpm><Value>123</Value></HeartRateBpm><SensorState>Present</SensorState></Trackpoint><Trackpoint><Time>2025-07-20T10:35:26.201Z</Time><DistanceMeters>1181.5559442838035</DistanceMeters><HeartRateBpm><Value>123</Value></HeartRateBpm><SensorState>Present</SensorState></Trackpoint><Trackpoint><Time>2025-07-20T10:35:27.201Z</Time><DistanceMeters>1182.6486016644374</DistanceMeters><HeartRateBpm><Value>123</Value></HeartRateBpm><SensorState>Present</SensorState></Trackpoint><Trackpoint><Time>2025-07-20T10:35:28.201Z</Time><DistanceMeters>1183.7412590450713</DistanceMeters><HeartRateBpm><Value>123</Value></HeartRateBpm><SensorState>Present</SensorState></Trackpoint><Trackpoint><Time>2025-07-20T10:35:29.201Z</Time><DistanceMeters>1184.8339164257052</DistanceMeters><HeartRateBpm><Value>123</Value></HeartRateBpm><SensorState>Present</SensorState></Trackpoint><Trackpoint><Time>2025-07-20T10:35:30.201Z</Time><DistanceMeters>1185.926573806339</DistanceMeters><HeartRateBpm><Value>123</Value></HeartRateBpm><SensorState>Present</SensorState></Trackpoint><Trackpoint><Time>2025-07-20T10:35:31.201Z</Time><DistanceMeters>1200.0</DistanceMeters><HeartRateBpm><Value>123</Value></HeartRateBpm><SensorState>Present</SensorState></Trackpoint><Trackpoint><Time>2025-07-20T10:35:32.201Z</Time><DistanceMeters>1200.0</DistanceMeters><HeartRateBpm><Value>123</Value></HeartRateBpm><SensorState>Present</SensorState></Trackpoint><Trackpoint><Time>2025-07-20T10:35:33.201Z</Time><DistanceMeters>1200.0</DistanceMeters><HeartRateBpm><Value>123</Value></HeartRateBpm><SensorState>Present</SensorState></Trackpoint><Trackpoint><Time>2025-07-20T10:35:34.201Z</Time><DistanceMeters>1200.0</DistanceMeters><HeartRateBpm><Value>123</Value></HeartRateBpm><SensorState>Present</SensorState></Trackpoint><Trackpoint><Time>2025-07-20T10:35:35.201Z</Time><DistanceMeters>1200.0</DistanceMeters><HeartRateBpm><Value>122</Value></HeartRateBpm><SensorState>Present</SensorState></Trackpoint><Trackpoint><Time>2025-07-20T10:35:36.201Z</Time><DistanceMeters>1200.0</DistanceMeters><HeartRateBpm><Value>122</Value></HeartRateBpm><SensorState>Present</SensorState></Trackpoint><Trackpoint><Time>2025-07-20T10:35:37.201Z</Time><DistanceMeters>1200.0</DistanceMeters><HeartRateBpm><Value>121</Value></HeartRateBpm><SensorState>Present</SensorState></Trackpoint><Trackpoint><Time>2025-07-20T10:35:38.201Z</Time><DistanceMeters>1200.0</DistanceMeters><HeartRateBpm><Value>121</Value></HeartRateBpm><SensorState>Present</SensorState></Trackpoint><Trackpoint><Time>2025-07-20T10:35:39.201Z</Time><DistanceMeters>1200.0</DistanceMeters><HeartRateBpm><Value>121</Value></HeartRateBpm><SensorState>Present</SensorState></Trackpoint><Trackpoint><Time>2025-07-20T10:35:40.201Z</Time><DistanceMeters>1200.0</DistanceMeters><HeartRateBpm><Value>122</Value></HeartRateBpm><SensorState>Present</SensorState></Trackpoint><Trackpoint><Time>2025-07-20T10:35:41.201Z</Time><DistanceMeters>1200.0</DistanceMeters><HeartRateBpm><Value>121</Value></HeartRateBpm><SensorState>Present</SensorState></Trackpoint><Trackpoint><Time>2025-07-20T10:35:42.201Z</Time><DistanceMeters>1200.0</DistanceMeters><HeartRateBpm><Value>120</Value></HeartRateBpm><SensorState>Present</SensorState></Trackpoint><Trackpoint><Time>2025-07-20T10:35:43.201Z</Time><DistanceMeters>1200.0</DistanceMeters><HeartRateBpm><Value>120</Value></HeartRateBpm><SensorState>Present</SensorState></Trackpoint><Trackpoint><Time>2025-07-20T10:35:44.201Z</Time><DistanceMeters>1200.0</DistanceMeters><HeartRateBpm><Value>120</Value></HeartRateBpm><SensorState>Present</SensorState></Trackpoint><Trackpoint><Time>2025-07-20T10:35:45.201Z</Time><DistanceMeters>1200.0</DistanceMeters><HeartRateBpm><Value>120</Value></HeartRateBpm><SensorState>Present</SensorState></Trackpoint><Trackpoint><Time>2025-07-20T10:35:46.201Z</Time><DistanceMeters>1200.0</DistanceMeters><HeartRateBpm><Value>120</Value></HeartRateBpm><SensorState>Present</SensorState></Trackpoint><Trackpoint><Time>2025-07-20T10:35:47.201Z</Time><DistanceMeters>1200.0</DistanceMeters><HeartRateBpm><Value>120</Value></HeartRateBpm><SensorState>Present</SensorState></Trackpoint><Trackpoint><Time>2025-07-20T10:35:48.201Z</Time><DistanceMeters>1200.0</DistanceMeters><HeartRateBpm><Value>120</Value></HeartRateBpm><SensorState>Present</SensorState></Trackpoint><Trackpoint><Time>2025-07-20T10:35:49.201Z</Time><DistanceMeters>1200.0</DistanceMeters><HeartRateBpm><Value>120</Value></HeartRateBpm><SensorState>Present</SensorState></Trackpoint><Trackpoint><Time>2025-07-20T10:35:50.201Z</Time><DistanceMeters>1200.0</DistanceMeters><HeartRateBpm><Value>120</Value></HeartRateBpm><SensorState>Present</SensorState></Trackpoint><Trackpoint><Time>2025-07-20T10:35:51.201Z</Time><DistanceMeters>1200.0</DistanceMeters><HeartRateBpm><Value>120</Value></HeartRateBpm><SensorState>Present</SensorState></Trackpoint><Trackpoint><Time>2025-07-20T10:35:52.201Z</Time><DistanceMeters>1200.0</DistanceMeters><HeartRateBpm><Value>120</Value></HeartRateBpm><SensorState>Present</SensorState></Trackpoint><Trackpoint><Time>2025-07-20T10:35:53.201Z</Time><DistanceMeters>1200.0</DistanceMeters><HeartRateBpm><Value>120</Value></HeartRateBpm><SensorState>Present</SensorState></Trackpoint><Trackpoint><Time>2025-07-20T10:35:54.201Z</Time><DistanceMeters>1200.0</DistanceMeters><HeartRateBpm><Value>120</Value></HeartRateBpm><SensorState>Present</SensorState></Trackpoint><Trackpoint><Time>2025-07-20T10:35:55.201Z</Time><DistanceMeters>1201.092657380634</DistanceMeters><HeartRateBpm><Value>121</Value></HeartRateBpm><SensorState>Present</SensorState></Trackpoint><Trackpoint><Time>2025-07-20T10:35:56.201Z</Time><DistanceMeters>1202.1853147612678</DistanceMeters><HeartRateBpm><Value>121</Value></HeartRateBpm><SensorState>Present</SensorState></Trackpoint><Trackpoint><Time>2025-07-20T10:35:57.201Z</Time><DistanceMeters>1203.2779721419017</DistanceMeters><HeartRateBpm><Value>122</Value></HeartRateBpm><SensorState>Present</SensorState></Trackpoint><Trackpoint><Time>2025-07-20T10:35:58.201Z</Time><DistanceMeters>1204.3706295225356</DistanceMeters><HeartRateBpm><Value>123</Value></HeartRateBpm><SensorState>Present</SensorState></Trackpoint><Trackpoint><Time>2025-07-20T10:35:59.201Z</Time><DistanceMeters>1205.4632869031695</DistanceMeters><HeartRateBpm><Value>123</Value></HeartRateBpm><SensorState>Present</SensorState></Trackpoint><Trackpoint><Time>2025-07-20T10:36:00.201Z</Time><DistanceMeters>1206.5559442838035</DistanceMeters><HeartRateBpm><Value>124</Value></HeartRateBpm><SensorState>Present</SensorState></Trackpoint><Trackpoint><Time>2025-07-20T10:36:01.201Z</Time><DistanceMeters>1207.6486016644374</DistanceMeters><HeartRateBpm><Value>124</Value></HeartRateBpm><SensorState>Present</SensorState></Trackpoint><Trackpoint><Time>2025-07-20T10:36:02.201Z</Time><DistanceMeters>1208.7412590450713</DistanceMeters><HeartRateBpm><Value>125</Value></HeartRateBpm><SensorState>Present</SensorState></Trackpoint><Trackpoint><Time>2025-07-20T10:36:03.201Z</Time><DistanceMeters>1209.8339164257052</DistanceMeters><HeartRateBpm><Value>126</Value></HeartRateBpm><SensorState>Present</SensorState></Trackpoint><Trackpoint><Time>2025-07-20T10:36:04.201Z</Time><DistanceMeters>1210.926573806339</DistanceMeters><HeartRateBpm><Value>127</Value></HeartRateBpm><SensorState>Present</SensorState></Trackpoint><Trackpoint><Time>2025-07-20T10:36:05.201Z</Time><DistanceMeters>1225.0</DistanceMeters><HeartRateBpm><Value>128</Value></HeartRateBpm><SensorState>Present</SensorState></Trackpoint><Trackpoint><Time>2025-07-20T10:36:06.201Z</Time><DistanceMeters>1225.0</DistanceMeters><HeartRateBpm><Value>129</Value></HeartRateBpm><SensorState>Present</SensorState></Trackpoint><Trackpoint><Time>2025-07-20T10:36:07.201Z</Time><DistanceMeters>1225.0</DistanceMeters><HeartRateBpm><Value>129</Value></HeartRateBpm><SensorState>Present</SensorState></Trackpoint><Trackpoint><Time>2025-07-20T10:36:08.201Z</Time><DistanceMeters>1225.0</DistanceMeters><HeartRateBpm><Value>129</Value></HeartRateBpm><SensorState>Present</SensorState></Trackpoint><Trackpoint><Time>2025-07-20T10:36:09.201Z</Time><DistanceMeters>1225.0</DistanceMeters><HeartRateBpm><Value>128</Value></HeartRateBpm><SensorState>Present</SensorState></Trackpoint><Trackpoint><Time>2025-07-20T10:36:10.201Z</Time><DistanceMeters>1225.0</DistanceMeters><HeartRateBpm><Value>127</Value></HeartRateBpm><SensorState>Present</SensorState></Trackpoint><Trackpoint><Time>2025-07-20T10:36:11.201Z</Time><DistanceMeters>1225.0</DistanceMeters><HeartRateBpm><Value>126</Value></HeartRateBpm><SensorState>Present</SensorState></Trackpoint><Trackpoint><Time>2025-07-20T10:36:12.201Z</Time><DistanceMeters>1225.0</DistanceMeters><HeartRateBpm><Value>125</Value></HeartRateBpm><SensorState>Present</SensorState></Trackpoint><Trackpoint><Time>2025-07-20T10:36:13.201Z</Time><DistanceMeters>1225.0</DistanceMeters><HeartRateBpm><Value>125</Value></HeartRateBpm><SensorState>Present</SensorState></Trackpoint><Trackpoint><Time>2025-07-20T10:36:14.201Z</Time><DistanceMeters>1225.0</DistanceMeters><HeartRateBpm><Value>125</Value></HeartRateBpm><SensorState>Present</SensorState></Trackpoint><Trackpoint><Time>2025-07-20T10:36:15.201Z</Time><DistanceMeters>1225.0</DistanceMeters><HeartRateBpm><Value>125</Value></HeartRateBpm><SensorState>Present</SensorState></Trackpoint><Trackpoint><Time>2025-07-20T10:36:16.201Z</Time><DistanceMeters>1225.0</DistanceMeters><HeartRateBpm><Value>126</Value></HeartRateBpm><SensorState>Present</SensorState></Trackpoint><Trackpoint><Time>2025-07-20T10:36:17.201Z</Time><DistanceMeters>1225.0</DistanceMeters><HeartRateBpm><Value>125</Value></HeartRateBpm><SensorState>Present</SensorState></Trackpoint><Trackpoint><Time>2025-07-20T10:36:18.201Z</Time><DistanceMeters>1225.0</DistanceMeters><HeartRateBpm><Value>126</Value></HeartRateBpm><SensorState>Present</SensorState></Trackpoint><Trackpoint><Time>2025-07-20T10:36:19.201Z</Time><DistanceMeters>1225.0</DistanceMeters><HeartRateBpm><Value>127</Value></HeartRateBpm><SensorState>Present</SensorState></Trackpoint><Trackpoint><Time>2025-07-20T10:36:20.201Z</Time><DistanceMeters>1225.0</DistanceMeters><HeartRateBpm><Value>128</Value></HeartRateBpm><SensorState>Present</SensorState></Trackpoint><Trackpoint><Time>2025-07-20T10:36:21.201Z</Time><DistanceMeters>1225.0</DistanceMeters><HeartRateBpm><Value>129</Value></HeartRateBpm><SensorState>Present</SensorState></Trackpoint><Trackpoint><Time>2025-07-20T10:36:22.201Z</Time><DistanceMeters>1225.0</DistanceMeters><HeartRateBpm><Value>131</Value></HeartRateBpm><SensorState>Present</SensorState></Trackpoint><Trackpoint><Time>2025-07-20T10:36:23.201Z</Time><DistanceMeters>1225.0</DistanceMeters><HeartRateBpm><Value>132</Value></HeartRateBpm><SensorState>Present</SensorState></Trackpoint><Trackpoint><Time>2025-07-20T10:36:24.201Z</Time><DistanceMeters>1225.0</DistanceMeters><HeartRateBpm><Value>133</Value></HeartRateBpm><SensorState>Present</SensorState></Trackpoint><Trackpoint><Time>2025-07-20T10:36:25.201Z</Time><DistanceMeters>1225.0</DistanceMeters><HeartRateBpm><Value>134</Value></HeartRateBpm><SensorState>Present</SensorState></Trackpoint><Trackpoint><Time>2025-07-20T10:36:26.201Z</Time><DistanceMeters>1225.0</DistanceMeters><HeartRateBpm><Value>135</Value></HeartRateBpm><SensorState>Present</SensorState></Trackpoint><Trackpoint><Time>2025-07-20T10:36:27.201Z</Time><DistanceMeters>1226.092657380634</DistanceMeters><HeartRateBpm><Value>136</Value></HeartRateBpm><SensorState>Present</SensorState></Trackpoint><Trackpoint><Time>2025-07-20T10:36:28.201Z</Time><DistanceMeters>1227.1853147612678</DistanceMeters><HeartRateBpm><Value>136</Value></HeartRateBpm><SensorState>Present</SensorState></Trackpoint><Trackpoint><Time>2025-07-20T10:36:29.201Z</Time><DistanceMeters>1228.2779721419017</DistanceMeters><HeartRateBpm><Value>137</Value></HeartRateBpm><SensorState>Present</SensorState></Trackpoint><Trackpoint><Time>2025-07-20T10:36:30.201Z</Time><DistanceMeters>1229.3706295225356</DistanceMeters><HeartRateBpm><Value>138</Value></HeartRateBpm><SensorState>Present</SensorState></Trackpoint><Trackpoint><Time>2025-07-20T10:36:31.201Z</Time><DistanceMeters>1230.4632869031695</DistanceMeters><HeartRateBpm><Value>139</Value></HeartRateBpm><SensorState>Present</SensorState></Trackpoint><Trackpoint><Time>2025-07-20T10:36:32.201Z</Time><DistanceMeters>1231.5559442838035</DistanceMeters><HeartRateBpm><Value>139</Value></HeartRateBpm><SensorState>Present</SensorState></Trackpoint><Trackpoint><Time>2025-07-20T10:36:33.201Z</Time><DistanceMeters>1232.6486016644374</DistanceMeters><HeartRateBpm><Value>139</Value></HeartRateBpm><SensorState>Present</SensorState></Trackpoint><Trackpoint><Time>2025-07-20T10:36:34.201Z</Time><DistanceMeters>1233.7412590450713</DistanceMeters><HeartRateBpm><Value>139</Value></HeartRateBpm><SensorState>Present</SensorState></Trackpoint><Trackpoint><Time>2025-07-20T10:36:35.201Z</Time><DistanceMeters>1234.8339164257052</DistanceMeters><HeartRateBpm><Value>139</Value></HeartRateBpm><SensorState>Present</SensorState></Trackpoint><Trackpoint><Time>2025-07-20T10:36:36.201Z</Time><DistanceMeters>1235.926573806339</DistanceMeters><HeartRateBpm><Value>139</Value></HeartRateBpm><SensorState>Present</SensorState></Trackpoint><Trackpoint><Time>2025-07-20T10:36:37.201Z</Time><DistanceMeters>1250.0</DistanceMeters><HeartRateBpm><Value>139</Value></HeartRateBpm><SensorState>Present</SensorState></Trackpoint><Trackpoint><Time>2025-07-20T10:36:38.201Z</Time><DistanceMeters>1250.0</DistanceMeters><HeartRateBpm><Value>138</Value></HeartRateBpm><SensorState>Present</SensorState></Trackpoint><Trackpoint><Time>2025-07-20T10:36:39.201Z</Time><DistanceMeters>1250.0</DistanceMeters><HeartRateBpm><Value>138</Value></HeartRateBpm><SensorState>Present</SensorState></Trackpoint><Trackpoint><Time>2025-07-20T10:36:40.201Z</Time><DistanceMeters>1250.0</DistanceMeters><HeartRateBpm><Value>138</Value></HeartRateBpm><SensorState>Present</SensorState></Trackpoint><Trackpoint><Time>2025-07-20T10:36:41.201Z</Time><DistanceMeters>1250.0</DistanceMeters><HeartRateBpm><Value>138</Value></HeartRateBpm><SensorState>Present</SensorState></Trackpoint><Trackpoint><Time>2025-07-20T10:36:42.201Z</Time><DistanceMeters>1250.0</DistanceMeters><HeartRateBpm><Value>138</Value></HeartRateBpm><SensorState>Present</SensorState></Trackpoint><Trackpoint><Time>2025-07-20T10:36:43.201Z</Time><DistanceMeters>1250.0</DistanceMeters><HeartRateBpm><Value>138</Value></HeartRateBpm><SensorState>Present</SensorState></Trackpoint><Trackpoint><Time>2025-07-20T10:36:44.201Z</Time><DistanceMeters>1250.0</DistanceMeters><HeartRateBpm><Value>138</Value></HeartRateBpm><SensorState>Present</SensorState></Trackpoint><Trackpoint><Time>2025-07-20T10:36:45.201Z</Time><DistanceMeters>1250.0</DistanceMeters><HeartRateBpm><Value>138</Value></HeartRateBpm><SensorState>Present</SensorState></Trackpoint><Trackpoint><Time>2025-07-20T10:36:46.201Z</Time><DistanceMeters>1250.0</DistanceMeters><HeartRateBpm><Value>137</Value></HeartRateBpm><SensorState>Present</SensorState></Trackpoint><Trackpoint><Time>2025-07-20T10:36:47.201Z</Time><DistanceMeters>1250.0</DistanceMeters><HeartRateBpm><Value>137</Value></HeartRateBpm><SensorState>Present</SensorState></Trackpoint><Trackpoint><Time>2025-07-20T10:36:48.201Z</Time><DistanceMeters>1250.0</DistanceMeters><HeartRateBpm><Value>136</Value></HeartRateBpm><SensorState>Present</SensorState></Trackpoint><Trackpoint><Time>2025-07-20T10:36:49.201Z</Time><DistanceMeters>1250.0</DistanceMeters><HeartRateBpm><Value>135</Value></HeartRateBpm><SensorState>Present</SensorState></Trackpoint><Trackpoint><Time>2025-07-20T10:36:50.201Z</Time><DistanceMeters>1250.0</DistanceMeters><HeartRateBpm><Value>136</Value></HeartRateBpm><SensorState>Present</SensorState></Trackpoint><Trackpoint><Time>2025-07-20T10:36:51.201Z</Time><DistanceMeters>1250.0</DistanceMeters><HeartRateBpm><Value>135</Value></HeartRateBpm><SensorState>Present</SensorState></Trackpoint><Trackpoint><Time>2025-07-20T10:36:52.201Z</Time><DistanceMeters>1250.0</DistanceMeters><HeartRateBpm><Value>135</Value></HeartRateBpm><SensorState>Present</SensorState></Trackpoint><Trackpoint><Time>2025-07-20T10:36:53.201Z</Time><DistanceMeters>1250.0</DistanceMeters><HeartRateBpm><Value>135</Value></HeartRateBpm><SensorState>Present</SensorState></Trackpoint><Trackpoint><Time>2025-07-20T10:36:54.201Z</Time><DistanceMeters>1250.0</DistanceMeters><HeartRateBpm><Value>134</Value></HeartRateBpm><SensorState>Present</SensorState></Trackpoint><Trackpoint><Time>2025-07-20T10:36:55.201Z</Time><DistanceMeters>1250.0</DistanceMeters><HeartRateBpm><Value>134</Value></HeartRateBpm><SensorState>Present</SensorState></Trackpoint><Trackpoint><Time>2025-07-20T10:36:56.201Z</Time><DistanceMeters>1250.0</DistanceMeters><HeartRateBpm><Value>134</Value></HeartRateBpm><SensorState>Present</SensorState></Trackpoint><Trackpoint><Time>2025-07-20T10:36:57.201Z</Time><DistanceMeters>1250.0</DistanceMeters><HeartRateBpm><Value>134</Value></HeartRateBpm><SensorState>Present</SensorState></Trackpoint><Trackpoint><Time>2025-07-20T10:36:58.201Z</Time><DistanceMeters>1250.0</DistanceMeters><HeartRateBpm><Value>134</Value></HeartRateBpm><SensorState>Present</SensorState></Trackpoint><Trackpoint><Time>2025-07-20T10:36:59.201Z</Time><DistanceMeters>1250.0</DistanceMeters><HeartRateBpm><Value>134</Value></HeartRateBpm><SensorState>Present</SensorState></Trackpoint><Trackpoint><Time>2025-07-20T10:37:00.201Z</Time><DistanceMeters>1250.0</DistanceMeters><HeartRateBpm><Value>135</Value></HeartRateBpm><SensorState>Present</SensorState></Trackpoint><Trackpoint><Time>2025-07-20T10:37:01.201Z</Time><DistanceMeters>1251.092657380634</DistanceMeters><HeartRateBpm><Value>135</Value></HeartRateBpm><SensorState>Present</SensorState></Trackpoint><Trackpoint><Time>2025-07-20T10:37:02.201Z</Time><DistanceMeters>1252.1853147612678</DistanceMeters><HeartRateBpm><Value>135</Value></HeartRateBpm><SensorState>Present</SensorState></Trackpoint><Trackpoint><Time>2025-07-20T10:37:03.201Z</Time><DistanceMeters>1253.2779721419017</DistanceMeters><HeartRateBpm><Value>135</Value></HeartRateBpm><SensorState>Present</SensorState></Trackpoint><Trackpoint><Time>2025-07-20T10:37:04.201Z</Time><DistanceMeters>1254.3706295225356</DistanceMeters><HeartRateBpm><Value>135</Value></HeartRateBpm><SensorState>Present</SensorState></Trackpoint><Trackpoint><Time>2025-07-20T10:37:05.201Z</Time><DistanceMeters>1255.4632869031695</DistanceMeters><HeartRateBpm><Value>136</Value></HeartRateBpm><SensorState>Present</SensorState></Trackpoint><Trackpoint><Time>2025-07-20T10:37:06.201Z</Time><DistanceMeters>1256.5559442838035</DistanceMeters><HeartRateBpm><Value>136</Value></HeartRateBpm><SensorState>Present</SensorState></Trackpoint><Trackpoint><Time>2025-07-20T10:37:07.201Z</Time><DistanceMeters>1257.6486016644374</DistanceMeters><HeartRateBpm><Value>136</Value></HeartRateBpm><SensorState>Present</SensorState></Trackpoint><Trackpoint><Time>2025-07-20T10:37:08.201Z</Time><DistanceMeters>1258.7412590450713</DistanceMeters><HeartRateBpm><Value>136</Value></HeartRateBpm><SensorState>Present</SensorState></Trackpoint><Trackpoint><Time>2025-07-20T10:37:09.201Z</Time><DistanceMeters>1259.8339164257052</DistanceMeters><HeartRateBpm><Value>136</Value></HeartRateBpm><SensorState>Present</SensorState></Trackpoint><Trackpoint><Time>2025-07-20T10:37:10.201Z</Time><DistanceMeters>1260.926573806339</DistanceMeters><HeartRateBpm><Value>135</Value></HeartRateBpm><SensorState>Present</SensorState></Trackpoint><Trackpoint><Time>2025-07-20T10:37:11.201Z</Time><DistanceMeters>1275.0</DistanceMeters><HeartRateBpm><Value>135</Value></HeartRateBpm><SensorState>Present</SensorState></Trackpoint><Trackpoint><Time>2025-07-20T10:37:12.201Z</Time><DistanceMeters>1275.0</DistanceMeters><HeartRateBpm><Value>134</Value></HeartRateBpm><SensorState>Present</SensorState></Trackpoint><Trackpoint><Time>2025-07-20T10:37:13.201Z</Time><DistanceMeters>1275.0</DistanceMeters><HeartRateBpm><Value>133</Value></HeartRateBpm><SensorState>Present</SensorState></Trackpoint><Trackpoint><Time>2025-07-20T10:37:14.201Z</Time><DistanceMeters>1275.0</DistanceMeters><HeartRateBpm><Value>132</Value></HeartRateBpm><SensorState>Present</SensorState></Trackpoint><Trackpoint><Time>2025-07-20T10:37:15.201Z</Time><DistanceMeters>1275.0</DistanceMeters><HeartRateBpm><Value>131</Value></HeartRateBpm><SensorState>Present</SensorState></Trackpoint><Trackpoint><Time>2025-07-20T10:37:16.201Z</Time><DistanceMeters>1275.0</DistanceMeters><HeartRateBpm><Value>130</Value></HeartRateBpm><SensorState>Present</SensorState></Trackpoint><Trackpoint><Time>2025-07-20T10:37:17.201Z</Time><DistanceMeters>1275.0</DistanceMeters><HeartRateBpm><Value>129</Value></HeartRateBpm><SensorState>Present</SensorState></Trackpoint><Trackpoint><Time>2025-07-20T10:37:18.201Z</Time><DistanceMeters>1275.0</DistanceMeters><HeartRateBpm><Value>128</Value></HeartRateBpm><SensorState>Present</SensorState></Trackpoint><Trackpoint><Time>2025-07-20T10:37:19.201Z</Time><DistanceMeters>1275.0</DistanceMeters><HeartRateBpm><Value>128</Value></HeartRateBpm><SensorState>Present</SensorState></Trackpoint><Trackpoint><Time>2025-07-20T10:37:20.201Z</Time><DistanceMeters>1275.0</DistanceMeters><HeartRateBpm><Value>127</Value></HeartRateBpm><SensorState>Present</SensorState></Trackpoint><Trackpoint><Time>2025-07-20T10:37:21.201Z</Time><DistanceMeters>1275.0</DistanceMeters><HeartRateBpm><Value>127</Value></HeartRateBpm><SensorState>Present</SensorState></Trackpoint><Trackpoint><Time>2025-07-20T10:37:22.201Z</Time><DistanceMeters>1275.0</DistanceMeters><HeartRateBpm><Value>127</Value></HeartRateBpm><SensorState>Present</SensorState></Trackpoint><Trackpoint><Time>2025-07-20T10:37:23.201Z</Time><DistanceMeters>1275.0</DistanceMeters><HeartRateBpm><Value>126</Value></HeartRateBpm><SensorState>Present</SensorState></Trackpoint><Trackpoint><Time>2025-07-20T10:37:24.201Z</Time><DistanceMeters>1275.0</DistanceMeters><HeartRateBpm><Value>126</Value></HeartRateBpm><SensorState>Present</SensorState></Trackpoint><Trackpoint><Time>2025-07-20T10:37:25.201Z</Time><DistanceMeters>1275.0</DistanceMeters><HeartRateBpm><Value>126</Value></HeartRateBpm><SensorState>Present</SensorState></Trackpoint><Trackpoint><Time>2025-07-20T10:37:26.201Z</Time><DistanceMeters>1275.0</DistanceMeters><HeartRateBpm><Value>126</Value></HeartRateBpm><SensorState>Present</SensorState></Trackpoint><Trackpoint><Time>2025-07-20T10:37:27.201Z</Time><DistanceMeters>1275.0</DistanceMeters><HeartRateBpm><Value>126</Value></HeartRateBpm><SensorState>Present</SensorState></Trackpoint><Trackpoint><Time>2025-07-20T10:37:28.201Z</Time><DistanceMeters>1275.0</DistanceMeters><HeartRateBpm><Value>126</Value></HeartRateBpm><SensorState>Present</SensorState></Trackpoint><Trackpoint><Time>2025-07-20T10:37:29.201Z</Time><DistanceMeters>1275.0</DistanceMeters><HeartRateBpm><Value>126</Value></HeartRateBpm><SensorState>Present</SensorState></Trackpoint><Trackpoint><Time>2025-07-20T10:37:30.201Z</Time><DistanceMeters>1275.0</DistanceMeters><HeartRateBpm><Value>127</Value></HeartRateBpm><SensorState>Present</SensorState></Trackpoint><Trackpoint><Time>2025-07-20T10:37:31.201Z</Time><DistanceMeters>1275.0</DistanceMeters><HeartRateBpm><Value>127</Value></HeartRateBpm><SensorState>Present</SensorState></Trackpoint><Trackpoint><Time>2025-07-20T10:37:32.201Z</Time><DistanceMeters>1275.0</DistanceMeters><HeartRateBpm><Value>127</Value></HeartRateBpm><SensorState>Present</SensorState></Trackpoint><Trackpoint><Time>2025-07-20T10:37:33.201Z</Time><DistanceMeters>1275.0</DistanceMeters><HeartRateBpm><Value>128</Value></HeartRateBpm><SensorState>Present</SensorState></Trackpoint><Trackpoint><Time>2025-07-20T10:37:34.201Z</Time><DistanceMeters>1275.0</DistanceMeters><HeartRateBpm><Value>128</Value></HeartRateBpm><SensorState>Present</SensorState></Trackpoint><Trackpoint><Time>2025-07-20T10:37:35.201Z</Time><DistanceMeters>1276.092657380634</DistanceMeters><HeartRateBpm><Value>129</Value></HeartRateBpm><SensorState>Present</SensorState></Trackpoint><Trackpoint><Time>2025-07-20T10:37:36.201Z</Time><DistanceMeters>1277.1853147612678</DistanceMeters><HeartRateBpm><Value>129</Value></HeartRateBpm><SensorState>Present</SensorState></Trackpoint><Trackpoint><Time>2025-07-20T10:37:37.201Z</Time><DistanceMeters>1278.2779721419017</DistanceMeters><HeartRateBpm><Value>130</Value></HeartRateBpm><SensorState>Present</SensorState></Trackpoint><Trackpoint><Time>2025-07-20T10:37:38.201Z</Time><DistanceMeters>1279.3706295225356</DistanceMeters><HeartRateBpm><Value>130</Value></HeartRateBpm><SensorState>Present</SensorState></Trackpoint><Trackpoint><Time>2025-07-20T10:37:39.201Z</Time><DistanceMeters>1280.4632869031695</DistanceMeters><HeartRateBpm><Value>130</Value></HeartRateBpm><SensorState>Present</SensorState></Trackpoint><Trackpoint><Time>2025-07-20T10:37:40.201Z</Time><DistanceMeters>1281.5559442838035</DistanceMeters><HeartRateBpm><Value>130</Value></HeartRateBpm><SensorState>Present</SensorState></Trackpoint><Trackpoint><Time>2025-07-20T10:37:41.201Z</Time><DistanceMeters>1282.6486016644374</DistanceMeters><HeartRateBpm><Value>132</Value></HeartRateBpm><SensorState>Present</SensorState></Trackpoint><Trackpoint><Time>2025-07-20T10:37:42.201Z</Time><DistanceMeters>1283.7412590450713</DistanceMeters><HeartRateBpm><Value>133</Value></HeartRateBpm><SensorState>Present</SensorState></Trackpoint><Trackpoint><Time>2025-07-20T10:37:43.201Z</Time><DistanceMeters>1284.8339164257052</DistanceMeters><HeartRateBpm><Value>132</Value></HeartRateBpm><SensorState>Present</SensorState></Trackpoint><Trackpoint><Time>2025-07-20T10:37:44.201Z</Time><DistanceMeters>1285.926573806339</DistanceMeters><HeartRateBpm><Value>132</Value></HeartRateBpm><SensorState>Present</SensorState></Trackpoint><Trackpoint><Time>2025-07-20T10:37:45.201Z</Time><DistanceMeters>1300.0</DistanceMeters><HeartRateBpm><Value>131</Value></HeartRateBpm><SensorState>Present</SensorState></Trackpoint><Trackpoint><Time>2025-07-20T10:37:46.201Z</Time><DistanceMeters>1300.0</DistanceMeters><HeartRateBpm><Value>130</Value></HeartRateBpm><SensorState>Present</SensorState></Trackpoint><Trackpoint><Time>2025-07-20T10:37:47.201Z</Time><DistanceMeters>1300.0</DistanceMeters><HeartRateBpm><Value>129</Value></HeartRateBpm><SensorState>Present</SensorState></Trackpoint><Trackpoint><Time>2025-07-20T10:37:48.201Z</Time><DistanceMeters>1300.0</DistanceMeters><HeartRateBpm><Value>128</Value></HeartRateBpm><SensorState>Present</SensorState></Trackpoint><Trackpoint><Time>2025-07-20T10:37:49.201Z</Time><DistanceMeters>1300.0</DistanceMeters><HeartRateBpm><Value>127</Value></HeartRateBpm><SensorState>Present</SensorState></Trackpoint><Trackpoint><Time>2025-07-20T10:37:50.201Z</Time><DistanceMeters>1300.0</DistanceMeters><HeartRateBpm><Value>125</Value></HeartRateBpm><SensorState>Present</SensorState></Trackpoint><Trackpoint><Time>2025-07-20T10:37:51.201Z</Time><DistanceMeters>1300.0</DistanceMeters><HeartRateBpm><Value>124</Value></HeartRateBpm><SensorState>Present</SensorState></Trackpoint><Trackpoint><Time>2025-07-20T10:37:52.201Z</Time><DistanceMeters>1300.0</DistanceMeters><HeartRateBpm><Value>122</Value></HeartRateBpm><SensorState>Present</SensorState></Trackpoint><Trackpoint><Time>2025-07-20T10:37:53.201Z</Time><DistanceMeters>1300.0</DistanceMeters><HeartRateBpm><Value>120</Value></HeartRateBpm><SensorState>Present</SensorState></Trackpoint><Trackpoint><Time>2025-07-20T10:37:54.201Z</Time><DistanceMeters>1300.0</DistanceMeters><HeartRateBpm><Value>118</Value></HeartRateBpm><SensorState>Present</SensorState></Trackpoint><Trackpoint><Time>2025-07-20T10:37:55.201Z</Time><DistanceMeters>1300.0</DistanceMeters><HeartRateBpm><Value>116</Value></HeartRateBpm><SensorState>Present</SensorState></Trackpoint><Trackpoint><Time>2025-07-20T10:37:56.201Z</Time><DistanceMeters>1300.0</DistanceMeters><HeartRateBpm><Value>114</Value></HeartRateBpm><SensorState>Present</SensorState></Trackpoint><Trackpoint><Time>2025-07-20T10:37:57.201Z</Time><DistanceMeters>1300.0</DistanceMeters><HeartRateBpm><Value>112</Value></HeartRateBpm><SensorState>Present</SensorState></Trackpoint><Trackpoint><Time>2025-07-20T10:37:58.201Z</Time><DistanceMeters>1300.0</DistanceMeters><HeartRateBpm><Value>110</Value></HeartRateBpm><SensorState>Present</SensorState></Trackpoint><Trackpoint><Time>2025-07-20T10:37:59.201Z</Time><DistanceMeters>1300.0</DistanceMeters><HeartRateBpm><Value>108</Value></HeartRateBpm><SensorState>Present</SensorState></Trackpoint><Trackpoint><Time>2025-07-20T10:38:00.201Z</Time><DistanceMeters>1300.0</DistanceMeters><HeartRateBpm><Value>108</Value></HeartRateBpm><SensorState>Present</SensorState></Trackpoint><Trackpoint><Time>2025-07-20T10:38:01.201Z</Time><DistanceMeters>1300.0</DistanceMeters><HeartRateBpm><Value>107</Value></HeartRateBpm><SensorState>Present</SensorState></Trackpoint><Trackpoint><Time>2025-07-20T10:38:02.201Z</Time><DistanceMeters>1300.0</DistanceMeters><HeartRateBpm><Value>107</Value></HeartRateBpm><SensorState>Present</SensorState></Trackpoint><Trackpoint><Time>2025-07-20T10:38:03.201Z</Time><DistanceMeters>1300.0</DistanceMeters><HeartRateBpm><Value>106</Value></HeartRateBpm><SensorState>Present</SensorState></Trackpoint><Trackpoint><Time>2025-07-20T10:38:04.201Z</Time><DistanceMeters>1300.0</DistanceMeters><HeartRateBpm><Value>106</Value></HeartRateBpm><SensorState>Present</SensorState></Trackpoint><Trackpoint><Time>2025-07-20T10:38:05.201Z</Time><DistanceMeters>1300.0</DistanceMeters><HeartRateBpm><Value>107</Value></HeartRateBpm><SensorState>Present</SensorState></Trackpoint><Trackpoint><Time>2025-07-20T10:38:06.201Z</Time><DistanceMeters>1300.0</DistanceMeters><HeartRateBpm><Value>107</Value></HeartRateBpm><SensorState>Present</SensorState></Trackpoint><Trackpoint><Time>2025-07-20T10:38:07.201Z</Time><DistanceMeters>1300.0</DistanceMeters><HeartRateBpm><Value>107</Value></HeartRateBpm><SensorState>Present</SensorState></Trackpoint><Trackpoint><Time>2025-07-20T10:38:08.201Z</Time><DistanceMeters>1301.092657380634</DistanceMeters><HeartRateBpm><Value>107</Value></HeartRateBpm><SensorState>Present</SensorState></Trackpoint><Trackpoint><Time>2025-07-20T10:38:09.201Z</Time><DistanceMeters>1302.1853147612678</DistanceMeters><HeartRateBpm><Value>108</Value></HeartRateBpm><SensorState>Present</SensorState></Trackpoint><Trackpoint><Time>2025-07-20T10:38:10.201Z</Time><DistanceMeters>1303.2779721419017</DistanceMeters><HeartRateBpm><Value>108</Value></HeartRateBpm><SensorState>Present</SensorState></Trackpoint><Trackpoint><Time>2025-07-20T10:38:11.201Z</Time><DistanceMeters>1304.3706295225356</DistanceMeters><HeartRateBpm><Value>108</Value></HeartRateBpm><SensorState>Present</SensorState></Trackpoint><Trackpoint><Time>2025-07-20T10:38:12.201Z</Time><DistanceMeters>1305.4632869031695</DistanceMeters><HeartRateBpm><Value>108</Value></HeartRateBpm><SensorState>Present</SensorState></Trackpoint><Trackpoint><Time>2025-07-20T10:38:13.201Z</Time><DistanceMeters>1306.5559442838035</DistanceMeters><HeartRateBpm><Value>109</Value></HeartRateBpm><SensorState>Present</SensorState></Trackpoint><Trackpoint><Time>2025-07-20T10:38:14.201Z</Time><DistanceMeters>1307.6486016644374</DistanceMeters><HeartRateBpm><Value>109</Value></HeartRateBpm><SensorState>Present</SensorState></Trackpoint><Trackpoint><Time>2025-07-20T10:38:15.201Z</Time><DistanceMeters>1308.7412590450713</DistanceMeters><HeartRateBpm><Value>109</Value></HeartRateBpm><SensorState>Present</SensorState></Trackpoint><Trackpoint><Time>2025-07-20T10:38:16.201Z</Time><DistanceMeters>1309.8339164257052</DistanceMeters><HeartRateBpm><Value>110</Value></HeartRateBpm><SensorState>Present</SensorState></Trackpoint><Trackpoint><Time>2025-07-20T10:38:17.201Z</Time><DistanceMeters>1310.926573806339</DistanceMeters><HeartRateBpm><Value>110</Value></HeartRateBpm><SensorState>Present</SensorState></Trackpoint><Trackpoint><Time>2025-07-20T10:38:18.201Z</Time><DistanceMeters>1325.0</DistanceMeters><HeartRateBpm><Value>111</Value></HeartRateBpm><SensorState>Present</SensorState></Trackpoint><Trackpoint><Time>2025-07-20T10:38:19.201Z</Time><DistanceMeters>1325.0</DistanceMeters><HeartRateBpm><Value>111</Value></HeartRateBpm><SensorState>Present</SensorState></Trackpoint><Trackpoint><Time>2025-07-20T10:38:20.201Z</Time><DistanceMeters>1325.0</DistanceMeters><HeartRateBpm><Value>111</Value></HeartRateBpm><SensorState>Present</SensorState></Trackpoint><Trackpoint><Time>2025-07-20T10:38:21.201Z</Time><DistanceMeters>1325.0</DistanceMeters><HeartRateBpm><Value>110</Value></HeartRateBpm><SensorState>Present</SensorState></Trackpoint><Trackpoint><Time>2025-07-20T10:38:22.201Z</Time><DistanceMeters>1325.0</DistanceMeters><HeartRateBpm><Value>110</Value></HeartRateBpm><SensorState>Present</SensorState></Trackpoint><Trackpoint><Time>2025-07-20T10:38:23.201Z</Time><DistanceMeters>1325.0</DistanceMeters><HeartRateBpm><Value>110</Value></HeartRateBpm><SensorState>Present</SensorState></Trackpoint><Trackpoint><Time>2025-07-20T10:38:24.201Z</Time><DistanceMeters>1325.0</DistanceMeters><HeartRateBpm><Value>110</Value></HeartRateBpm><SensorState>Present</SensorState></Trackpoint><Trackpoint><Time>2025-07-20T10:38:25.201Z</Time><DistanceMeters>1325.0</DistanceMeters><HeartRateBpm><Value>110</Value></HeartRateBpm><SensorState>Present</SensorState></Trackpoint><Trackpoint><Time>2025-07-20T10:38:26.201Z</Time><DistanceMeters>1325.0</DistanceMeters><HeartRateBpm><Value>110</Value></HeartRateBpm><SensorState>Present</SensorState></Trackpoint><Trackpoint><Time>2025-07-20T10:38:27.201Z</Time><DistanceMeters>1325.0</DistanceMeters><HeartRateBpm><Value>111</Value></HeartRateBpm><SensorState>Present</SensorState></Trackpoint><Trackpoint><Time>2025-07-20T10:38:28.201Z</Time><DistanceMeters>1325.0</DistanceMeters><HeartRateBpm><Value>111</Value></HeartRateBpm><SensorState>Present</SensorState></Trackpoint><Trackpoint><Time>2025-07-20T10:38:29.201Z</Time><DistanceMeters>1325.0</DistanceMeters><HeartRateBpm><Value>112</Value></HeartRateBpm><SensorState>Present</SensorState></Trackpoint><Trackpoint><Time>2025-07-20T10:38:30.201Z</Time><DistanceMeters>1325.0</DistanceMeters><HeartRateBpm><Value>113</Value></HeartRateBpm><SensorState>Present</SensorState></Trackpoint><Trackpoint><Time>2025-07-20T10:38:31.201Z</Time><DistanceMeters>1325.0</DistanceMeters><HeartRateBpm><Value>114</Value></HeartRateBpm><SensorState>Present</SensorState></Trackpoint><Trackpoint><Time>2025-07-20T10:38:32.201Z</Time><DistanceMeters>1325.0</DistanceMeters><HeartRateBpm><Value>114</Value></HeartRateBpm><SensorState>Present</SensorState></Trackpoint><Trackpoint><Time>2025-07-20T10:38:33.201Z</Time><DistanceMeters>1325.0</DistanceMeters><HeartRateBpm><Value>115</Value></HeartRateBpm><SensorState>Present</SensorState></Trackpoint><Trackpoint><Time>2025-07-20T10:38:34.201Z</Time><DistanceMeters>1325.0</DistanceMeters><HeartRateBpm><Value>116</Value></HeartRateBpm><SensorState>Present</SensorState></Trackpoint><Trackpoint><Time>2025-07-20T10:38:35.201Z</Time><DistanceMeters>1325.0</DistanceMeters><HeartRateBpm><Value>116</Value></HeartRateBpm><SensorState>Present</SensorState></Trackpoint><Trackpoint><Time>2025-07-20T10:38:36.201Z</Time><DistanceMeters>1325.0</DistanceMeters><HeartRateBpm><Value>116</Value></HeartRateBpm><SensorState>Present</SensorState></Trackpoint><Trackpoint><Time>2025-07-20T10:38:37.201Z</Time><DistanceMeters>1325.0</DistanceMeters><HeartRateBpm><Value>117</Value></HeartRateBpm><SensorState>Present</SensorState></Trackpoint><Trackpoint><Time>2025-07-20T10:38:38.201Z</Time><DistanceMeters>1326.092657380634</DistanceMeters><HeartRateBpm><Value>117</Value></HeartRateBpm><SensorState>Present</SensorState></Trackpoint><Trackpoint><Time>2025-07-20T10:38:39.201Z</Time><DistanceMeters>1327.1853147612678</DistanceMeters><HeartRateBpm><Value>118</Value></HeartRateBpm><SensorState>Present</SensorState></Trackpoint><Trackpoint><Time>2025-07-20T10:38:40.201Z</Time><DistanceMeters>1328.2779721419017</DistanceMeters><HeartRateBpm><Value>118</Value></HeartRateBpm><SensorState>Present</SensorState></Trackpoint><Trackpoint><Time>2025-07-20T10:38:41.201Z</Time><DistanceMeters>1329.3706295225356</DistanceMeters><HeartRateBpm><Value>118</Value></HeartRateBpm><SensorState>Present</SensorState></Trackpoint><Trackpoint><Time>2025-07-20T10:38:42.201Z</Time><DistanceMeters>1330.4632869031695</DistanceMeters><HeartRateBpm><Value>118</Value></HeartRateBpm><SensorState>Present</SensorState></Trackpoint><Trackpoint><Time>2025-07-20T10:38:43.201Z</Time><DistanceMeters>1331.5559442838035</DistanceMeters><HeartRateBpm><Value>119</Value></HeartRateBpm><SensorState>Present</SensorState></Trackpoint><Trackpoint><Time>2025-07-20T10:38:44.201Z</Time><DistanceMeters>1332.6486016644374</DistanceMeters><HeartRateBpm><Value>119</Value></HeartRateBpm><SensorState>Present</SensorState></Trackpoint><Trackpoint><Time>2025-07-20T10:38:45.201Z</Time><DistanceMeters>1333.7412590450713</DistanceMeters><HeartRateBpm><Value>119</Value></HeartRateBpm><SensorState>Present</SensorState></Trackpoint><Trackpoint><Time>2025-07-20T10:38:46.201Z</Time><DistanceMeters>1334.8339164257052</DistanceMeters><HeartRateBpm><Value>119</Value></HeartRateBpm><SensorState>Present</SensorState></Trackpoint><Trackpoint><Time>2025-07-20T10:38:47.201Z</Time><DistanceMeters>1335.926573806339</DistanceMeters><HeartRateBpm><Value>120</Value></HeartRateBpm><SensorState>Present</SensorState></Trackpoint><Trackpoint><Time>2025-07-20T10:38:48.201Z</Time><DistanceMeters>1350.0</DistanceMeters><HeartRateBpm><Value>120</Value></HeartRateBpm><SensorState>Present</SensorState></Trackpoint><Trackpoint><Time>2025-07-20T10:38:49.201Z</Time><DistanceMeters>1350.0</DistanceMeters><HeartRateBpm><Value>121</Value></HeartRateBpm><SensorState>Present</SensorState></Trackpoint><Trackpoint><Time>2025-07-20T10:38:50.201Z</Time><DistanceMeters>1350.0</DistanceMeters><HeartRateBpm><Value>121</Value></HeartRateBpm><SensorState>Present</SensorState></Trackpoint><Trackpoint><Time>2025-07-20T10:38:51.201Z</Time><DistanceMeters>1350.0</DistanceMeters><HeartRateBpm><Value>122</Value></HeartRateBpm><SensorState>Present</SensorState></Trackpoint><Trackpoint><Time>2025-07-20T10:38:52.201Z</Time><DistanceMeters>1350.0</DistanceMeters><HeartRateBpm><Value>123</Value></HeartRateBpm><SensorState>Present</SensorState></Trackpoint><Trackpoint><Time>2025-07-20T10:38:53.201Z</Time><DistanceMeters>1350.0</DistanceMeters><HeartRateBpm><Value>123</Value></HeartRateBpm><SensorState>Present</SensorState></Trackpoint><Trackpoint><Time>2025-07-20T10:38:54.201Z</Time><DistanceMeters>1350.0</DistanceMeters><HeartRateBpm><Value>124</Value></HeartRateBpm><SensorState>Present</SensorState></Trackpoint><Trackpoint><Time>2025-07-20T10:38:55.201Z</Time><DistanceMeters>1350.0</DistanceMeters><HeartRateBpm><Value>124</Value></HeartRateBpm><SensorState>Present</SensorState></Trackpoint><Trackpoint><Time>2025-07-20T10:38:56.201Z</Time><DistanceMeters>1350.0</DistanceMeters><HeartRateBpm><Value>125</Value></HeartRateBpm><SensorState>Present</SensorState></Trackpoint><Trackpoint><Time>2025-07-20T10:38:57.201Z</Time><DistanceMeters>1350.0</DistanceMeters><HeartRateBpm><Value>125</Value></HeartRateBpm><SensorState>Present</SensorState></Trackpoint><Trackpoint><Time>2025-07-20T10:38:58.201Z</Time><DistanceMeters>1350.0</DistanceMeters><HeartRateBpm><Value>125</Value></HeartRateBpm><SensorState>Present</SensorState></Trackpoint><Trackpoint><Time>2025-07-20T10:38:59.201Z</Time><DistanceMeters>1350.0</DistanceMeters><HeartRateBpm><Value>126</Value></HeartRateBpm><SensorState>Present</SensorState></Trackpoint><Trackpoint><Time>2025-07-20T10:39:00.201Z</Time><DistanceMeters>1350.0</DistanceMeters><HeartRateBpm><Value>126</Value></HeartRateBpm><SensorState>Present</SensorState></Trackpoint><Trackpoint><Time>2025-07-20T10:39:01.201Z</Time><DistanceMeters>1350.0</DistanceMeters><HeartRateBpm><Value>126</Value></HeartRateBpm><SensorState>Present</SensorState></Trackpoint><Trackpoint><Time>2025-07-20T10:39:02.201Z</Time><DistanceMeters>1350.0</DistanceMeters><HeartRateBpm><Value>126</Value></HeartRateBpm><SensorState>Present</SensorState></Trackpoint><Trackpoint><Time>2025-07-20T10:39:03.201Z</Time><DistanceMeters>1350.0</DistanceMeters><HeartRateBpm><Value>126</Value></HeartRateBpm><SensorState>Present</SensorState></Trackpoint><Trackpoint><Time>2025-07-20T10:39:04.201Z</Time><DistanceMeters>1350.0</DistanceMeters><HeartRateBpm><Value>126</Value></HeartRateBpm><SensorState>Present</SensorState></Trackpoint><Trackpoint><Time>2025-07-20T10:39:05.201Z</Time><DistanceMeters>1350.0</DistanceMeters><HeartRateBpm><Value>126</Value></HeartRateBpm><SensorState>Present</SensorState></Trackpoint><Trackpoint><Time>2025-07-20T10:39:06.201Z</Time><DistanceMeters>1350.0</DistanceMeters><HeartRateBpm><Value>126</Value></HeartRateBpm><SensorState>Present</SensorState></Trackpoint><Trackpoint><Time>2025-07-20T10:39:07.201Z</Time><DistanceMeters>1350.0</DistanceMeters><HeartRateBpm><Value>126</Value></HeartRateBpm><SensorState>Present</SensorState></Trackpoint><Trackpoint><Time>2025-07-20T10:39:08.201Z</Time><DistanceMeters>1350.0</DistanceMeters><HeartRateBpm><Value>127</Value></HeartRateBpm><SensorState>Present</SensorState></Trackpoint><Trackpoint><Time>2025-07-20T10:39:09.201Z</Time><DistanceMeters>1350.0</DistanceMeters><HeartRateBpm><Value>127</Value></HeartRateBpm><SensorState>Present</SensorState></Trackpoint><Trackpoint><Time>2025-07-20T10:39:10.201Z</Time><DistanceMeters>1350.0</DistanceMeters><HeartRateBpm><Value>128</Value></HeartRateBpm><SensorState>Present</SensorState></Trackpoint><Trackpoint><Time>2025-07-20T10:39:11.201Z</Time><DistanceMeters>1350.0</DistanceMeters><HeartRateBpm><Value>128</Value></HeartRateBpm><SensorState>Present</SensorState></Trackpoint><Trackpoint><Time>2025-07-20T10:39:12.201Z</Time><DistanceMeters>1350.0</DistanceMeters><HeartRateBpm><Value>128</Value></HeartRateBpm><SensorState>Present</SensorState></Trackpoint><Trackpoint><Time>2025-07-20T10:39:13.201Z</Time><DistanceMeters>1350.0</DistanceMeters><HeartRateBpm><Value>127</Value></HeartRateBpm><SensorState>Present</SensorState></Trackpoint><Trackpoint><Time>2025-07-20T10:39:14.201Z</Time><DistanceMeters>1351.092657380634</DistanceMeters><HeartRateBpm><Value>127</Value></HeartRateBpm><SensorState>Present</SensorState></Trackpoint><Trackpoint><Time>2025-07-20T10:39:15.201Z</Time><DistanceMeters>1352.1853147612678</DistanceMeters><HeartRateBpm><Value>127</Value></HeartRateBpm><SensorState>Present</SensorState></Trackpoint><Trackpoint><Time>2025-07-20T10:39:16.201Z</Time><DistanceMeters>1353.2779721419017</DistanceMeters><HeartRateBpm><Value>127</Value></HeartRateBpm><SensorState>Present</SensorState></Trackpoint><Trackpoint><Time>2025-07-20T10:39:17.201Z</Time><DistanceMeters>1354.3706295225356</DistanceMeters><HeartRateBpm><Value>127</Value></HeartRateBpm><SensorState>Present</SensorState></Trackpoint><Trackpoint><Time>2025-07-20T10:39:18.201Z</Time><DistanceMeters>1355.4632869031695</DistanceMeters><HeartRateBpm><Value>128</Value></HeartRateBpm><SensorState>Present</SensorState></Trackpoint><Trackpoint><Time>2025-07-20T10:39:19.201Z</Time><DistanceMeters>1356.5559442838035</DistanceMeters><HeartRateBpm><Value>128</Value></HeartRateBpm><SensorState>Present</SensorState></Trackpoint><Trackpoint><Time>2025-07-20T10:39:20.201Z</Time><DistanceMeters>1357.6486016644374</DistanceMeters><HeartRateBpm><Value>128</Value></HeartRateBpm><SensorState>Present</SensorState></Trackpoint><Trackpoint><Time>2025-07-20T10:39:21.201Z</Time><DistanceMeters>1358.7412590450713</DistanceMeters><HeartRateBpm><Value>129</Value></HeartRateBpm><SensorState>Present</SensorState></Trackpoint><Trackpoint><Time>2025-07-20T10:39:22.201Z</Time><DistanceMeters>1359.8339164257052</DistanceMeters><HeartRateBpm><Value>129</Value></HeartRateBpm><SensorState>Present</SensorState></Trackpoint><Trackpoint><Time>2025-07-20T10:39:23.201Z</Time><DistanceMeters>1360.926573806339</DistanceMeters><HeartRateBpm><Value>130</Value></HeartRateBpm><SensorState>Present</SensorState></Trackpoint><Trackpoint><Time>2025-07-20T10:39:24.201Z</Time><DistanceMeters>1375.0</DistanceMeters><HeartRateBpm><Value>131</Value></HeartRateBpm><SensorState>Present</SensorState></Trackpoint><Trackpoint><Time>2025-07-20T10:39:25.201Z</Time><DistanceMeters>1375.0</DistanceMeters><HeartRateBpm><Value>131</Value></HeartRateBpm><SensorState>Present</SensorState></Trackpoint><Trackpoint><Time>2025-07-20T10:39:26.201Z</Time><DistanceMeters>1375.0</DistanceMeters><HeartRateBpm><Value>131</Value></HeartRateBpm><SensorState>Present</SensorState></Trackpoint><Trackpoint><Time>2025-07-20T10:39:27.201Z</Time><DistanceMeters>1375.0</DistanceMeters><HeartRateBpm><Value>131</Value></HeartRateBpm><SensorState>Present</SensorState></Trackpoint><Trackpoint><Time>2025-07-20T10:39:28.201Z</Time><DistanceMeters>1375.0</DistanceMeters><HeartRateBpm><Value>131</Value></HeartRateBpm><SensorState>Present</SensorState></Trackpoint><Trackpoint><Time>2025-07-20T10:39:29.201Z</Time><DistanceMeters>1375.0</DistanceMeters><HeartRateBpm><Value>131</Value></HeartRateBpm><SensorState>Present</SensorState></Trackpoint><Trackpoint><Time>2025-07-20T10:39:30.201Z</Time><DistanceMeters>1375.0</DistanceMeters><HeartRateBpm><Value>131</Value></HeartRateBpm><SensorState>Present</SensorState></Trackpoint><Trackpoint><Time>2025-07-20T10:39:31.201Z</Time><DistanceMeters>1375.0</DistanceMeters><HeartRateBpm><Value>132</Value></HeartRateBpm><SensorState>Present</SensorState></Trackpoint><Trackpoint><Time>2025-07-20T10:39:32.201Z</Time><DistanceMeters>1375.0</DistanceMeters><HeartRateBpm><Value>132</Value></HeartRateBpm><SensorState>Present</SensorState></Trackpoint><Trackpoint><Time>2025-07-20T10:39:33.201Z</Time><DistanceMeters>1375.0</DistanceMeters><HeartRateBpm><Value>132</Value></HeartRateBpm><SensorState>Present</SensorState></Trackpoint><Trackpoint><Time>2025-07-20T10:39:34.201Z</Time><DistanceMeters>1375.0</DistanceMeters><HeartRateBpm><Value>133</Value></HeartRateBpm><SensorState>Present</SensorState></Trackpoint><Trackpoint><Time>2025-07-20T10:39:35.201Z</Time><DistanceMeters>1375.0</DistanceMeters><HeartRateBpm><Value>133</Value></HeartRateBpm><SensorState>Present</SensorState></Trackpoint><Trackpoint><Time>2025-07-20T10:39:36.201Z</Time><DistanceMeters>1375.0</DistanceMeters><HeartRateBpm><Value>133</Value></HeartRateBpm><SensorState>Present</SensorState></Trackpoint><Trackpoint><Time>2025-07-20T10:39:37.201Z</Time><DistanceMeters>1375.0</DistanceMeters><HeartRateBpm><Value>134</Value></HeartRateBpm><SensorState>Present</SensorState></Trackpoint><Trackpoint><Time>2025-07-20T10:39:38.201Z</Time><DistanceMeters>1375.0</DistanceMeters><HeartRateBpm><Value>134</Value></HeartRateBpm><SensorState>Present</SensorState></Trackpoint><Trackpoint><Time>2025-07-20T10:39:39.201Z</Time><DistanceMeters>1375.0</DistanceMeters><HeartRateBpm><Value>134</Value></HeartRateBpm><SensorState>Present</SensorState></Trackpoint><Trackpoint><Time>2025-07-20T10:39:40.201Z</Time><DistanceMeters>1375.0</DistanceMeters><HeartRateBpm><Value>134</Value></HeartRateBpm><SensorState>Present</SensorState></Trackpoint><Trackpoint><Time>2025-07-20T10:39:41.201Z</Time><DistanceMeters>1375.0</DistanceMeters><HeartRateBpm><Value>134</Value></HeartRateBpm><SensorState>Present</SensorState></Trackpoint><Trackpoint><Time>2025-07-20T10:39:42.201Z</Time><DistanceMeters>1375.0</DistanceMeters><HeartRateBpm><Value>134</Value></HeartRateBpm><SensorState>Present</SensorState></Trackpoint><Trackpoint><Time>2025-07-20T10:39:43.201Z</Time><DistanceMeters>1375.0</DistanceMeters><HeartRateBpm><Value>134</Value></HeartRateBpm><SensorState>Present</SensorState></Trackpoint><Trackpoint><Time>2025-07-20T10:39:44.201Z</Time><DistanceMeters>1375.0</DistanceMeters><HeartRateBpm><Value>134</Value></HeartRateBpm><SensorState>Present</SensorState></Trackpoint><Trackpoint><Time>2025-07-20T10:39:45.201Z</Time><DistanceMeters>1375.0</DistanceMeters><HeartRateBpm><Value>134</Value></HeartRateBpm><SensorState>Present</SensorState></Trackpoint><Trackpoint><Time>2025-07-20T10:39:46.201Z</Time><DistanceMeters>1376.092657380634</DistanceMeters><HeartRateBpm><Value>134</Value></HeartRateBpm><SensorState>Present</SensorState></Trackpoint><Trackpoint><Time>2025-07-20T10:39:47.201Z</Time><DistanceMeters>1377.1853147612678</DistanceMeters><HeartRateBpm><Value>134</Value></HeartRateBpm><SensorState>Present</SensorState></Trackpoint><Trackpoint><Time>2025-07-20T10:39:48.201Z</Time><DistanceMeters>1378.2779721419017</DistanceMeters><HeartRateBpm><Value>134</Value></HeartRateBpm><SensorState>Present</SensorState></Trackpoint><Trackpoint><Time>2025-07-20T10:39:49.201Z</Time><DistanceMeters>1379.3706295225356</DistanceMeters><HeartRateBpm><Value>133</Value></HeartRateBpm><SensorState>Present</SensorState></Trackpoint><Trackpoint><Time>2025-07-20T10:39:50.201Z</Time><DistanceMeters>1380.4632869031695</DistanceMeters><HeartRateBpm><Value>132</Value></HeartRateBpm><SensorState>Present</SensorState></Trackpoint><Trackpoint><Time>2025-07-20T10:39:51.201Z</Time><DistanceMeters>1381.5559442838035</DistanceMeters><HeartRateBpm><Value>131</Value></HeartRateBpm><SensorState>Present</SensorState></Trackpoint><Trackpoint><Time>2025-07-20T10:39:52.201Z</Time><DistanceMeters>1382.6486016644374</DistanceMeters><HeartRateBpm><Value>130</Value></HeartRateBpm><SensorState>Present</SensorState></Trackpoint><Trackpoint><Time>2025-07-20T10:39:53.201Z</Time><DistanceMeters>1383.7412590450713</DistanceMeters><HeartRateBpm><Value>128</Value></HeartRateBpm><SensorState>Present</SensorState></Trackpoint><Trackpoint><Time>2025-07-20T10:39:54.201Z</Time><DistanceMeters>1384.8339164257052</DistanceMeters><HeartRateBpm><Value>127</Value></HeartRateBpm><SensorState>Present</SensorState></Trackpoint><Trackpoint><Time>2025-07-20T10:39:55.201Z</Time><DistanceMeters>1385.926573806339</DistanceMeters><HeartRateBpm><Value>125</Value></HeartRateBpm><SensorState>Present</SensorState></Trackpoint><Trackpoint><Time>2025-07-20T10:39:56.201Z</Time><DistanceMeters>1400.0</DistanceMeters><HeartRateBpm><Value>125</Value></HeartRateBpm><SensorState>Present</SensorState></Trackpoint><Trackpoint><Time>2025-07-20T10:39:57.201Z</Time><DistanceMeters>1400.0</DistanceMeters><HeartRateBpm><Value>125</Value></HeartRateBpm><SensorState>Present</SensorState></Trackpoint><Trackpoint><Time>2025-07-20T10:39:58.201Z</Time><DistanceMeters>1400.0</DistanceMeters><HeartRateBpm><Value>124</Value></HeartRateBpm><SensorState>Present</SensorState></Trackpoint><Trackpoint><Time>2025-07-20T10:39:59.201Z</Time><DistanceMeters>1400.0</DistanceMeters><HeartRateBpm><Value>123</Value></HeartRateBpm><SensorState>Present</SensorState></Trackpoint><Trackpoint><Time>2025-07-20T10:40:00.201Z</Time><DistanceMeters>1400.0</DistanceMeters><HeartRateBpm><Value>122</Value></HeartRateBpm><SensorState>Present</SensorState></Trackpoint><Trackpoint><Time>2025-07-20T10:40:01.201Z</Time><DistanceMeters>1400.0</DistanceMeters><HeartRateBpm><Value>121</Value></HeartRateBpm><SensorState>Present</SensorState></Trackpoint><Trackpoint><Time>2025-07-20T10:40:02.201Z</Time><DistanceMeters>1400.0</DistanceMeters><HeartRateBpm><Value>120</Value></HeartRateBpm><SensorState>Present</SensorState></Trackpoint><Trackpoint><Time>2025-07-20T10:40:03.201Z</Time><DistanceMeters>1400.0</DistanceMeters><HeartRateBpm><Value>119</Value></HeartRateBpm><SensorState>Present</SensorState></Trackpoint><Trackpoint><Time>2025-07-20T10:40:04.201Z</Time><DistanceMeters>1400.0</DistanceMeters><HeartRateBpm><Value>118</Value></HeartRateBpm><SensorState>Present</SensorState></Trackpoint><Trackpoint><Time>2025-07-20T10:40:05.201Z</Time><DistanceMeters>1400.0</DistanceMeters><HeartRateBpm><Value>117</Value></HeartRateBpm><SensorState>Present</SensorState></Trackpoint><Trackpoint><Time>2025-07-20T10:40:06.201Z</Time><DistanceMeters>1400.0</DistanceMeters><HeartRateBpm><Value>118</Value></HeartRateBpm><SensorState>Present</SensorState></Trackpoint><Trackpoint><Time>2025-07-20T10:40:07.201Z</Time><DistanceMeters>1400.0</DistanceMeters><HeartRateBpm><Value>118</Value></HeartRateBpm><SensorState>Present</SensorState></Trackpoint><Trackpoint><Time>2025-07-20T10:40:08.201Z</Time><DistanceMeters>1400.0</DistanceMeters><HeartRateBpm><Value>120</Value></HeartRateBpm><SensorState>Present</SensorState></Trackpoint><Trackpoint><Time>2025-07-20T10:40:09.201Z</Time><DistanceMeters>1400.0</DistanceMeters><HeartRateBpm><Value>122</Value></HeartRateBpm><SensorState>Present</SensorState></Trackpoint><Trackpoint><Time>2025-07-20T10:40:10.201Z</Time><DistanceMeters>1400.0</DistanceMeters><HeartRateBpm><Value>123</Value></HeartRateBpm><SensorState>Present</SensorState></Trackpoint><Trackpoint><Time>2025-07-20T10:40:11.201Z</Time><DistanceMeters>1400.0</DistanceMeters><HeartRateBpm><Value>124</Value></HeartRateBpm><SensorState>Present</SensorState></Trackpoint><Trackpoint><Time>2025-07-20T10:40:12.201Z</Time><DistanceMeters>1400.0</DistanceMeters><HeartRateBpm><Value>125</Value></HeartRateBpm><SensorState>Present</SensorState></Trackpoint><Trackpoint><Time>2025-07-20T10:40:13.201Z</Time><DistanceMeters>1400.0</DistanceMeters><HeartRateBpm><Value>125</Value></HeartRateBpm><SensorState>Present</SensorState></Trackpoint><Trackpoint><Time>2025-07-20T10:40:14.201Z</Time><DistanceMeters>1400.0</DistanceMeters><HeartRateBpm><Value>125</Value></HeartRateBpm><SensorState>Present</SensorState></Trackpoint><Trackpoint><Time>2025-07-20T10:40:15.201Z</Time><DistanceMeters>1400.0</DistanceMeters><HeartRateBpm><Value>125</Value></HeartRateBpm><SensorState>Present</SensorState></Trackpoint><Trackpoint><Time>2025-07-20T10:40:16.201Z</Time><DistanceMeters>1400.0</DistanceMeters><HeartRateBpm><Value>125</Value></HeartRateBpm><SensorState>Present</SensorState></Trackpoint><Trackpoint><Time>2025-07-20T10:40:17.201Z</Time><DistanceMeters>1400.0</DistanceMeters><HeartRateBpm><Value>126</Value></HeartRateBpm><SensorState>Present</SensorState></Trackpoint><Trackpoint><Time>2025-07-20T10:40:18.201Z</Time><DistanceMeters>1401.092657380634</DistanceMeters><HeartRateBpm><Value>126</Value></HeartRateBpm><SensorState>Present</SensorState></Trackpoint><Trackpoint><Time>2025-07-20T10:40:19.201Z</Time><DistanceMeters>1402.1853147612678</DistanceMeters><HeartRateBpm><Value>126</Value></HeartRateBpm><SensorState>Present</SensorState></Trackpoint><Trackpoint><Time>2025-07-20T10:40:20.201Z</Time><DistanceMeters>1403.2779721419017</DistanceMeters><HeartRateBpm><Value>125</Value></HeartRateBpm><SensorState>Present</SensorState></Trackpoint><Trackpoint><Time>2025-07-20T10:40:21.201Z</Time><DistanceMeters>1404.3706295225356</DistanceMeters><HeartRateBpm><Value>123</Value></HeartRateBpm><SensorState>Present</SensorState></Trackpoint><Trackpoint><Time>2025-07-20T10:40:22.201Z</Time><DistanceMeters>1405.4632869031695</DistanceMeters><HeartRateBpm><Value>122</Value></HeartRateBpm><SensorState>Present</SensorState></Trackpoint><Trackpoint><Time>2025-07-20T10:40:23.201Z</Time><DistanceMeters>1406.5559442838035</DistanceMeters><HeartRateBpm><Value>121</Value></HeartRateBpm><SensorState>Present</SensorState></Trackpoint><Trackpoint><Time>2025-07-20T10:40:24.201Z</Time><DistanceMeters>1407.6486016644374</DistanceMeters><HeartRateBpm><Value>119</Value></HeartRateBpm><SensorState>Present</SensorState></Trackpoint><Trackpoint><Time>2025-07-20T10:40:25.201Z</Time><DistanceMeters>1408.7412590450713</DistanceMeters><HeartRateBpm><Value>117</Value></HeartRateBpm><SensorState>Present</SensorState></Trackpoint><Trackpoint><Time>2025-07-20T10:40:26.201Z</Time><DistanceMeters>1409.8339164257052</DistanceMeters><HeartRateBpm><Value>116</Value></HeartRateBpm><SensorState>Present</SensorState></Trackpoint><Trackpoint><Time>2025-07-20T10:40:27.201Z</Time><DistanceMeters>1410.926573806339</DistanceMeters><HeartRateBpm><Value>114</Value></HeartRateBpm><SensorState>Present</SensorState></Trackpoint><Trackpoint><Time>2025-07-20T10:40:28.201Z</Time><DistanceMeters>1425.0</DistanceMeters><HeartRateBpm><Value>113</Value></HeartRateBpm><SensorState>Present</SensorState></Trackpoint><Trackpoint><Time>2025-07-20T10:40:29.201Z</Time><DistanceMeters>1425.0</DistanceMeters><HeartRateBpm><Value>112</Value></HeartRateBpm><SensorState>Present</SensorState></Trackpoint><Trackpoint><Time>2025-07-20T10:40:30.201Z</Time><DistanceMeters>1425.0</DistanceMeters><HeartRateBpm><Value>111</Value></HeartRateBpm><SensorState>Present</SensorState></Trackpoint><Trackpoint><Time>2025-07-20T10:40:31.201Z</Time><DistanceMeters>1425.0</DistanceMeters><HeartRateBpm><Value>111</Value></HeartRateBpm><SensorState>Present</SensorState></Trackpoint><Trackpoint><Time>2025-07-20T10:40:32.201Z</Time><DistanceMeters>1425.0</DistanceMeters><HeartRateBpm><Value>111</Value></HeartRateBpm><SensorState>Present</SensorState></Trackpoint><Trackpoint><Time>2025-07-20T10:40:33.201Z</Time><DistanceMeters>1425.0</DistanceMeters><HeartRateBpm><Value>111</Value></HeartRateBpm><SensorState>Present</SensorState></Trackpoint><Trackpoint><Time>2025-07-20T10:40:34.201Z</Time><DistanceMeters>1425.0</DistanceMeters><HeartRateBpm><Value>112</Value></HeartRateBpm><SensorState>Present</SensorState></Trackpoint><Trackpoint><Time>2025-07-20T10:40:35.201Z</Time><DistanceMeters>1425.0</DistanceMeters><HeartRateBpm><Value>113</Value></HeartRateBpm><SensorState>Present</SensorState></Trackpoint><Trackpoint><Time>2025-07-20T10:40:36.201Z</Time><DistanceMeters>1425.0</DistanceMeters><HeartRateBpm><Value>114</Value></HeartRateBpm><SensorState>Present</SensorState></Trackpoint><Trackpoint><Time>2025-07-20T10:40:37.201Z</Time><DistanceMeters>1425.0</DistanceMeters><HeartRateBpm><Value>114</Value></HeartRateBpm><SensorState>Present</SensorState></Trackpoint><Trackpoint><Time>2025-07-20T10:40:38.201Z</Time><DistanceMeters>1425.0</DistanceMeters><HeartRateBpm><Value>114</Value></HeartRateBpm><SensorState>Present</SensorState></Trackpoint><Trackpoint><Time>2025-07-20T10:40:39.201Z</Time><DistanceMeters>1425.0</DistanceMeters><HeartRateBpm><Value>115</Value></HeartRateBpm><SensorState>Present</SensorState></Trackpoint><Trackpoint><Time>2025-07-20T10:40:40.201Z</Time><DistanceMeters>1425.0</DistanceMeters><HeartRateBpm><Value>115</Value></HeartRateBpm><SensorState>Present</SensorState></Trackpoint><Trackpoint><Time>2025-07-20T10:40:41.201Z</Time><DistanceMeters>1425.0</DistanceMeters><HeartRateBpm><Value>116</Value></HeartRateBpm><SensorState>Present</SensorState></Trackpoint><Trackpoint><Time>2025-07-20T10:40:42.201Z</Time><DistanceMeters>1425.0</DistanceMeters><HeartRateBpm><Value>117</Value></HeartRateBpm><SensorState>Present</SensorState></Trackpoint><Trackpoint><Time>2025-07-20T10:40:43.201Z</Time><DistanceMeters>1425.0</DistanceMeters><HeartRateBpm><Value>118</Value></HeartRateBpm><SensorState>Present</SensorState></Trackpoint><Trackpoint><Time>2025-07-20T10:40:44.201Z</Time><DistanceMeters>1425.0</DistanceMeters><HeartRateBpm><Value>119</Value></HeartRateBpm><SensorState>Present</SensorState></Trackpoint><Trackpoint><Time>2025-07-20T10:40:45.201Z</Time><DistanceMeters>1425.0</DistanceMeters><HeartRateBpm><Value>121</Value></HeartRateBpm><SensorState>Present</SensorState></Trackpoint><Trackpoint><Time>2025-07-20T10:40:46.201Z</Time><DistanceMeters>1425.0</DistanceMeters><HeartRateBpm><Value>121</Value></HeartRateBpm><SensorState>Present</SensorState></Trackpoint><Trackpoint><Time>2025-07-20T10:40:47.201Z</Time><DistanceMeters>1425.0</DistanceMeters><HeartRateBpm><Value>122</Value></HeartRateBpm><SensorState>Present</SensorState></Trackpoint><Trackpoint><Time>2025-07-20T10:40:48.201Z</Time><DistanceMeters>1425.0</DistanceMeters><HeartRateBpm><Value>124</Value></HeartRateBpm><SensorState>Present</SensorState></Trackpoint><Trackpoint><Time>2025-07-20T10:40:49.201Z</Time><DistanceMeters>1425.0</DistanceMeters><HeartRateBpm><Value>125</Value></HeartRateBpm><SensorState>Present</SensorState></Trackpoint><Trackpoint><Time>2025-07-20T10:40:50.201Z</Time><DistanceMeters>1425.0</DistanceMeters><HeartRateBpm><Value>125</Value></HeartRateBpm><SensorState>Present</SensorState></Trackpoint><Trackpoint><Time>2025-07-20T10:40:51.201Z</Time><DistanceMeters>1425.0</DistanceMeters><HeartRateBpm><Value>126</Value></HeartRateBpm><SensorState>Present</SensorState></Trackpoint><Trackpoint><Time>2025-07-20T10:40:52.201Z</Time><DistanceMeters>1426.092657380634</DistanceMeters><HeartRateBpm><Value>126</Value></HeartRateBpm><SensorState>Present</SensorState></Trackpoint><Trackpoint><Time>2025-07-20T10:40:53.201Z</Time><DistanceMeters>1427.1853147612678</DistanceMeters><HeartRateBpm><Value>126</Value></HeartRateBpm><SensorState>Present</SensorState></Trackpoint><Trackpoint><Time>2025-07-20T10:40:54.201Z</Time><DistanceMeters>1428.2779721419017</DistanceMeters><HeartRateBpm><Value>126</Value></HeartRateBpm><SensorState>Present</SensorState></Trackpoint><Trackpoint><Time>2025-07-20T10:40:55.201Z</Time><DistanceMeters>1429.3706295225356</DistanceMeters><HeartRateBpm><Value>126</Value></HeartRateBpm><SensorState>Present</SensorState></Trackpoint><Trackpoint><Time>2025-07-20T10:40:56.201Z</Time><DistanceMeters>1430.4632869031695</DistanceMeters><HeartRateBpm><Value>127</Value></HeartRateBpm><SensorState>Present</SensorState></Trackpoint><Trackpoint><Time>2025-07-20T10:40:57.201Z</Time><DistanceMeters>1431.5559442838035</DistanceMeters><HeartRateBpm><Value>127</Value></HeartRateBpm><SensorState>Present</SensorState></Trackpoint><Trackpoint><Time>2025-07-20T10:40:58.201Z</Time><DistanceMeters>1432.6486016644374</DistanceMeters><HeartRateBpm><Value>126</Value></HeartRateBpm><SensorState>Present</SensorState></Trackpoint><Trackpoint><Time>2025-07-20T10:40:59.201Z</Time><DistanceMeters>1433.7412590450713</DistanceMeters><HeartRateBpm><Value>125</Value></HeartRateBpm><SensorState>Present</SensorState></Trackpoint><Trackpoint><Time>2025-07-20T10:41:00.201Z</Time><DistanceMeters>1434.8339164257052</DistanceMeters><HeartRateBpm><Value>125</Value></HeartRateBpm><SensorState>Present</SensorState></Trackpoint><Trackpoint><Time>2025-07-20T10:41:01.201Z</Time><DistanceMeters>1435.926573806339</DistanceMeters><HeartRateBpm><Value>124</Value></HeartRateBpm><SensorState>Present</SensorState></Trackpoint><Trackpoint><Time>2025-07-20T10:41:02.201Z</Time><DistanceMeters>1450.0</DistanceMeters><HeartRateBpm><Value>123</Value></HeartRateBpm><SensorState>Present</SensorState></Trackpoint><Trackpoint><Time>2025-07-20T10:41:03.201Z</Time><DistanceMeters>1450.0</DistanceMeters><HeartRateBpm><Value>122</Value></HeartRateBpm><SensorState>Present</SensorState></Trackpoint><Trackpoint><Time>2025-07-20T10:41:04.201Z</Time><DistanceMeters>1450.0</DistanceMeters><HeartRateBpm><Value>121</Value></HeartRateBpm><SensorState>Present</SensorState></Trackpoint><Trackpoint><Time>2025-07-20T10:41:05.201Z</Time><DistanceMeters>1450.0</DistanceMeters><HeartRateBpm><Value>120</Value></HeartRateBpm><SensorState>Present</SensorState></Trackpoint><Trackpoint><Time>2025-07-20T10:41:06.201Z</Time><DistanceMeters>1450.0</DistanceMeters><HeartRateBpm><Value>121</Value></HeartRateBpm><SensorState>Present</SensorState></Trackpoint><Trackpoint><Time>2025-07-20T10:41:07.201Z</Time><DistanceMeters>1450.0</DistanceMeters><HeartRateBpm><Value>121</Value></HeartRateBpm><SensorState>Present</SensorState></Trackpoint><Trackpoint><Time>2025-07-20T10:41:08.201Z</Time><DistanceMeters>1450.0</DistanceMeters><HeartRateBpm><Value>121</Value></HeartRateBpm><SensorState>Present</SensorState></Trackpoint><Trackpoint><Time>2025-07-20T10:41:09.201Z</Time><DistanceMeters>1450.0</DistanceMeters><HeartRateBpm><Value>121</Value></HeartRateBpm><SensorState>Present</SensorState></Trackpoint><Trackpoint><Time>2025-07-20T10:41:10.201Z</Time><DistanceMeters>1450.0</DistanceMeters><HeartRateBpm><Value>121</Value></HeartRateBpm><SensorState>Present</SensorState></Trackpoint><Trackpoint><Time>2025-07-20T10:41:11.201Z</Time><DistanceMeters>1450.0</DistanceMeters><HeartRateBpm><Value>121</Value></HeartRateBpm><SensorState>Present</SensorState></Trackpoint><Trackpoint><Time>2025-07-20T10:41:12.201Z</Time><DistanceMeters>1450.0</DistanceMeters><HeartRateBpm><Value>121</Value></HeartRateBpm><SensorState>Present</SensorState></Trackpoint><Trackpoint><Time>2025-07-20T10:41:13.201Z</Time><DistanceMeters>1450.0</DistanceMeters><HeartRateBpm><Value>121</Value></HeartRateBpm><SensorState>Present</SensorState></Trackpoint><Trackpoint><Time>2025-07-20T10:41:14.201Z</Time><DistanceMeters>1450.0</DistanceMeters><HeartRateBpm><Value>120</Value></HeartRateBpm><SensorState>Present</SensorState></Trackpoint><Trackpoint><Time>2025-07-20T10:41:15.201Z</Time><DistanceMeters>1450.0</DistanceMeters><HeartRateBpm><Value>121</Value></HeartRateBpm><SensorState>Present</SensorState></Trackpoint><Trackpoint><Time>2025-07-20T10:41:16.201Z</Time><DistanceMeters>1450.0</DistanceMeters><HeartRateBpm><Value>122</Value></HeartRateBpm><SensorState>Present</SensorState></Trackpoint><Trackpoint><Time>2025-07-20T10:41:17.201Z</Time><DistanceMeters>1450.0</DistanceMeters><HeartRateBpm><Value>121</Value></HeartRateBpm><SensorState>Present</SensorState></Trackpoint><Trackpoint><Time>2025-07-20T10:41:18.201Z</Time><DistanceMeters>1450.0</DistanceMeters><HeartRateBpm><Value>119</Value></HeartRateBpm><SensorState>Present</SensorState></Trackpoint><Trackpoint><Time>2025-07-20T10:41:19.201Z</Time><DistanceMeters>1450.0</DistanceMeters><HeartRateBpm><Value>117</Value></HeartRateBpm><SensorState>Present</SensorState></Trackpoint><Trackpoint><Time>2025-07-20T10:41:20.201Z</Time><DistanceMeters>1450.0</DistanceMeters><HeartRateBpm><Value>116</Value></HeartRateBpm><SensorState>Present</SensorState></Trackpoint><Trackpoint><Time>2025-07-20T10:41:21.201Z</Time><DistanceMeters>1450.0</DistanceMeters><HeartRateBpm><Value>115</Value></HeartRateBpm><SensorState>Present</SensorState></Trackpoint><Trackpoint><Time>2025-07-20T10:41:22.201Z</Time><DistanceMeters>1450.0</DistanceMeters><HeartRateBpm><Value>114</Value></HeartRateBpm><SensorState>Present</SensorState></Trackpoint><Trackpoint><Time>2025-07-20T10:41:23.201Z</Time><DistanceMeters>1450.0</DistanceMeters><HeartRateBpm><Value>114</Value></HeartRateBpm><SensorState>Present</SensorState></Trackpoint><Trackpoint><Time>2025-07-20T10:41:24.201Z</Time><DistanceMeters>1450.0</DistanceMeters><HeartRateBpm><Value>114</Value></HeartRateBpm><SensorState>Present</SensorState></Trackpoint><Trackpoint><Time>2025-07-20T10:41:25.201Z</Time><DistanceMeters>1451.092657380634</DistanceMeters><HeartRateBpm><Value>113</Value></HeartRateBpm><SensorState>Present</SensorState></Trackpoint><Trackpoint><Time>2025-07-20T10:41:26.201Z</Time><DistanceMeters>1452.1853147612678</DistanceMeters><HeartRateBpm><Value>113</Value></HeartRateBpm><SensorState>Present</SensorState></Trackpoint><Trackpoint><Time>2025-07-20T10:41:27.201Z</Time><DistanceMeters>1453.2779721419017</DistanceMeters><HeartRateBpm><Value>113</Value></HeartRateBpm><SensorState>Present</SensorState></Trackpoint><Trackpoint><Time>2025-07-20T10:41:28.201Z</Time><DistanceMeters>1454.3706295225356</DistanceMeters><HeartRateBpm><Value>113</Value></HeartRateBpm><SensorState>Present</SensorState></Trackpoint><Trackpoint><Time>2025-07-20T10:41:29.201Z</Time><DistanceMeters>1455.4632869031695</DistanceMeters><HeartRateBpm><Value>113</Value></HeartRateBpm><SensorState>Present</SensorState></Trackpoint><Trackpoint><Time>2025-07-20T10:41:30.201Z</Time><DistanceMeters>1456.5559442838035</DistanceMeters><HeartRateBpm><Value>113</Value></HeartRateBpm><SensorState>Present</SensorState></Trackpoint><Trackpoint><Time>2025-07-20T10:41:31.201Z</Time><DistanceMeters>1457.6486016644374</DistanceMeters><HeartRateBpm><Value>113</Value></HeartRateBpm><SensorState>Present</SensorState></Trackpoint><Trackpoint><Time>2025-07-20T10:41:32.201Z</Time><DistanceMeters>1458.7412590450713</DistanceMeters><HeartRateBpm><Value>114</Value></HeartRateBpm><SensorState>Present</SensorState></Trackpoint><Trackpoint><Time>2025-07-20T10:41:33.201Z</Time><DistanceMeters>1459.8339164257052</DistanceMeters><HeartRateBpm><Value>114</Value></HeartRateBpm><SensorState>Present</SensorState></Trackpoint><Trackpoint><Time>2025-07-20T10:41:34.201Z</Time><DistanceMeters>1460.926573806339</DistanceMeters><HeartRateBpm><Value>114</Value></HeartRateBpm><SensorState>Present</SensorState></Trackpoint><Trackpoint><Time>2025-07-20T10:41:35.201Z</Time><DistanceMeters>1475.0</DistanceMeters><HeartRateBpm><Value>113</Value></HeartRateBpm><SensorState>Present</SensorState></Trackpoint><Trackpoint><Time>2025-07-20T10:41:36.201Z</Time><DistanceMeters>1475.0</DistanceMeters><HeartRateBpm><Value>113</Value></HeartRateBpm><SensorState>Present</SensorState></Trackpoint><Trackpoint><Time>2025-07-20T10:41:37.201Z</Time><DistanceMeters>1475.0</DistanceMeters><HeartRateBpm><Value>114</Value></HeartRateBpm><SensorState>Present</SensorState></Trackpoint><Trackpoint><Time>2025-07-20T10:41:38.201Z</Time><DistanceMeters>1475.0</DistanceMeters><HeartRateBpm><Value>114</Value></HeartRateBpm><SensorState>Present</SensorState></Trackpoint><Trackpoint><Time>2025-07-20T10:41:39.201Z</Time><DistanceMeters>1475.0</DistanceMeters><HeartRateBpm><Value>114</Value></HeartRateBpm><SensorState>Present</SensorState></Trackpoint><Trackpoint><Time>2025-07-20T10:41:40.201Z</Time><DistanceMeters>1475.0</DistanceMeters><HeartRateBpm><Value>114</Value></HeartRateBpm><SensorState>Present</SensorState></Trackpoint><Trackpoint><Time>2025-07-20T10:41:41.201Z</Time><DistanceMeters>1475.0</DistanceMeters><HeartRateBpm><Value>114</Value></HeartRateBpm><SensorState>Present</SensorState></Trackpoint><Trackpoint><Time>2025-07-20T10:41:42.201Z</Time><DistanceMeters>1475.0</DistanceMeters><HeartRateBpm><Value>114</Value></HeartRateBpm><SensorState>Present</SensorState></Trackpoint><Trackpoint><Time>2025-07-20T10:41:43.201Z</Time><DistanceMeters>1475.0</DistanceMeters><HeartRateBpm><Value>114</Value></HeartRateBpm><SensorState>Present</SensorState></Trackpoint><Trackpoint><Time>2025-07-20T10:41:44.201Z</Time><DistanceMeters>1475.0</DistanceMeters><HeartRateBpm><Value>114</Value></HeartRateBpm><SensorState>Present</SensorState></Trackpoint><Trackpoint><Time>2025-07-20T10:41:45.201Z</Time><DistanceMeters>1475.0</DistanceMeters><HeartRateBpm><Value>113</Value></HeartRateBpm><SensorState>Present</SensorState></Trackpoint><Trackpoint><Time>2025-07-20T10:41:46.201Z</Time><DistanceMeters>1475.0</DistanceMeters><HeartRateBpm><Value>113</Value></HeartRateBpm><SensorState>Present</SensorState></Trackpoint><Trackpoint><Time>2025-07-20T10:41:47.201Z</Time><DistanceMeters>1475.0</DistanceMeters><HeartRateBpm><Value>112</Value></HeartRateBpm><SensorState>Present</SensorState></Trackpoint><Trackpoint><Time>2025-07-20T10:41:48.201Z</Time><DistanceMeters>1475.0</DistanceMeters><HeartRateBpm><Value>113</Value></HeartRateBpm><SensorState>Present</SensorState></Trackpoint><Trackpoint><Time>2025-07-20T10:41:49.201Z</Time><DistanceMeters>1475.0</DistanceMeters><HeartRateBpm><Value>113</Value></HeartRateBpm><SensorState>Present</SensorState></Trackpoint><Trackpoint><Time>2025-07-20T10:41:50.201Z</Time><DistanceMeters>1475.0</DistanceMeters><HeartRateBpm><Value>114</Value></HeartRateBpm><SensorState>Present</SensorState></Trackpoint><Trackpoint><Time>2025-07-20T10:41:51.201Z</Time><DistanceMeters>1475.0</DistanceMeters><HeartRateBpm><Value>114</Value></HeartRateBpm><SensorState>Present</SensorState></Trackpoint><Trackpoint><Time>2025-07-20T10:41:52.201Z</Time><DistanceMeters>1475.0</DistanceMeters><HeartRateBpm><Value>115</Value></HeartRateBpm><SensorState>Present</SensorState></Trackpoint><Trackpoint><Time>2025-07-20T10:41:53.201Z</Time><DistanceMeters>1475.0</DistanceMeters><HeartRateBpm><Value>115</Value></HeartRateBpm><SensorState>Present</SensorState></Trackpoint><Trackpoint><Time>2025-07-20T10:41:54.201Z</Time><DistanceMeters>1475.0</DistanceMeters><HeartRateBpm><Value>116</Value></HeartRateBpm><SensorState>Present</SensorState></Trackpoint><Trackpoint><Time>2025-07-20T10:41:55.201Z</Time><DistanceMeters>1475.0</DistanceMeters><HeartRateBpm><Value>116</Value></HeartRateBpm><SensorState>Present</SensorState></Trackpoint><Trackpoint><Time>2025-07-20T10:41:56.201Z</Time><DistanceMeters>1475.0</DistanceMeters><HeartRateBpm><Value>116</Value></HeartRateBpm><SensorState>Present</SensorState></Trackpoint><Trackpoint><Time>2025-07-20T10:41:57.201Z</Time><DistanceMeters>1475.0</DistanceMeters><HeartRateBpm><Value>116</Value></HeartRateBpm><SensorState>Present</SensorState></Trackpoint><Trackpoint><Time>2025-07-20T10:41:58.201Z</Time><DistanceMeters>1475.0</DistanceMeters><HeartRateBpm><Value>116</Value></HeartRateBpm><SensorState>Present</SensorState></Trackpoint><Trackpoint><Time>2025-07-20T10:41:59.201Z</Time><DistanceMeters>1476.092657380634</DistanceMeters><HeartRateBpm><Value>115</Value></HeartRateBpm><SensorState>Present</SensorState></Trackpoint><Trackpoint><Time>2025-07-20T10:42:00.201Z</Time><DistanceMeters>1477.1853147612678</DistanceMeters><HeartRateBpm><Value>114</Value></HeartRateBpm><SensorState>Present</SensorState></Trackpoint><Trackpoint><Time>2025-07-20T10:42:01.201Z</Time><DistanceMeters>1478.2779721419017</DistanceMeters><HeartRateBpm><Value>114</Value></HeartRateBpm><SensorState>Present</SensorState></Trackpoint><Trackpoint><Time>2025-07-20T10:42:02.201Z</Time><DistanceMeters>1479.3706295225356</DistanceMeters><HeartRateBpm><Value>113</Value></HeartRateBpm><SensorState>Present</SensorState></Trackpoint><Trackpoint><Time>2025-07-20T10:42:03.201Z</Time><DistanceMeters>1480.4632869031695</DistanceMeters><HeartRateBpm><Value>113</Value></HeartRateBpm><SensorState>Present</SensorState></Trackpoint><Trackpoint><Time>2025-07-20T10:42:04.201Z</Time><DistanceMeters>1481.5559442838035</DistanceMeters><HeartRateBpm><Value>113</Value></HeartRateBpm><SensorState>Present</SensorState></Trackpoint><Trackpoint><Time>2025-07-20T10:42:05.201Z</Time><DistanceMeters>1482.6486016644374</DistanceMeters><HeartRateBpm><Value>113</Value></HeartRateBpm><SensorState>Present</SensorState></Trackpoint><Trackpoint><Time>2025-07-20T10:42:06.201Z</Time><DistanceMeters>1483.7412590450713</DistanceMeters><HeartRateBpm><Value>112</Value></HeartRateBpm><SensorState>Present</SensorState></Trackpoint><Trackpoint><Time>2025-07-20T10:42:07.201Z</Time><DistanceMeters>1484.8339164257052</DistanceMeters><HeartRateBpm><Value>112</Value></HeartRateBpm><SensorState>Present</SensorState></Trackpoint><Trackpoint><Time>2025-07-20T10:42:08.201Z</Time><DistanceMeters>1485.926573806339</DistanceMeters><HeartRateBpm><Value>112</Value></HeartRateBpm><SensorState>Present</SensorState></Trackpoint><Trackpoint><Time>2025-07-20T10:42:09.201Z</Time><DistanceMeters>1500.0</DistanceMeters><HeartRateBpm><Value>113</Value></HeartRateBpm><SensorState>Present</SensorState></Trackpoint><Trackpoint><Time>2025-07-20T10:42:10.201Z</Time><DistanceMeters>1500.0</DistanceMeters><HeartRateBpm><Value>113</Value></HeartRateBpm><SensorState>Present</SensorState></Trackpoint><Trackpoint><Time>2025-07-20T10:42:11.201Z</Time><DistanceMeters>1500.0</DistanceMeters><HeartRateBpm><Value>113</Value></HeartRateBpm><SensorState>Present</SensorState></Trackpoint><Trackpoint><Time>2025-07-20T10:42:12.201Z</Time><DistanceMeters>1500.0</DistanceMeters><HeartRateBpm><Value>112</Value></HeartRateBpm><SensorState>Present</SensorState></Trackpoint><Trackpoint><Time>2025-07-20T10:42:13.201Z</Time><DistanceMeters>1500.0</DistanceMeters><HeartRateBpm><Value>112</Value></HeartRateBpm><SensorState>Present</SensorState></Trackpoint><Trackpoint><Time>2025-07-20T10:42:14.201Z</Time><DistanceMeters>1500.0</DistanceMeters><HeartRateBpm><Value>112</Value></HeartRateBpm><SensorState>Present</SensorState></Trackpoint><Trackpoint><Time>2025-07-20T10:42:15.201Z</Time><DistanceMeters>1500.0</DistanceMeters><HeartRateBpm><Value>111</Value></HeartRateBpm><SensorState>Present</SensorState></Trackpoint><Trackpoint><Time>2025-07-20T10:42:16.201Z</Time><DistanceMeters>1500.0</DistanceMeters><HeartRateBpm><Value>111</Value></HeartRateBpm><SensorState>Present</SensorState></Trackpoint><Trackpoint><Time>2025-07-20T10:42:17.201Z</Time><DistanceMeters>1500.0</DistanceMeters><HeartRateBpm><Value>111</Value></HeartRateBpm><SensorState>Present</SensorState></Trackpoint><Trackpoint><Time>2025-07-20T10:42:18.201Z</Time><DistanceMeters>1500.0</DistanceMeters><HeartRateBpm><Value>110</Value></HeartRateBpm><SensorState>Present</SensorState></Trackpoint><Trackpoint><Time>2025-07-20T10:42:19.201Z</Time><DistanceMeters>1500.0</DistanceMeters><HeartRateBpm><Value>110</Value></HeartRateBpm><SensorState>Present</SensorState></Trackpoint><Trackpoint><Time>2025-07-20T10:42:20.201Z</Time><DistanceMeters>1500.0</DistanceMeters><HeartRateBpm><Value>109</Value></HeartRateBpm><SensorState>Present</SensorState></Trackpoint><Trackpoint><Time>2025-07-20T10:42:21.201Z</Time><DistanceMeters>1500.0</DistanceMeters><HeartRateBpm><Value>110</Value></HeartRateBpm><SensorState>Present</SensorState></Trackpoint><Trackpoint><Time>2025-07-20T10:42:22.201Z</Time><DistanceMeters>1500.0</DistanceMeters><HeartRateBpm><Value>109</Value></HeartRateBpm><SensorState>Present</SensorState></Trackpoint><Trackpoint><Time>2025-07-20T10:42:23.201Z</Time><DistanceMeters>1500.0</DistanceMeters><HeartRateBpm><Value>110</Value></HeartRateBpm><SensorState>Present</SensorState></Trackpoint><Trackpoint><Time>2025-07-20T10:42:24.201Z</Time><DistanceMeters>1500.0</DistanceMeters><HeartRateBpm><Value>110</Value></HeartRateBpm><SensorState>Present</SensorState></Trackpoint><Trackpoint><Time>2025-07-20T10:42:25.201Z</Time><DistanceMeters>1500.0</DistanceMeters><HeartRateBpm><Value>110</Value></HeartRateBpm><SensorState>Present</SensorState></Trackpoint><Trackpoint><Time>2025-07-20T10:42:26.201Z</Time><DistanceMeters>1500.0</DistanceMeters><HeartRateBpm><Value>110</Value></HeartRateBpm><SensorState>Present</SensorState></Trackpoint><Trackpoint><Time>2025-07-20T10:42:27.201Z</Time><DistanceMeters>1500.0</DistanceMeters><HeartRateBpm><Value>111</Value></HeartRateBpm><SensorState>Present</SensorState></Trackpoint><Trackpoint><Time>2025-07-20T10:42:28.201Z</Time><DistanceMeters>1500.0</DistanceMeters><HeartRateBpm><Value>111</Value></HeartRateBpm><SensorState>Present</SensorState></Trackpoint><Trackpoint><Time>2025-07-20T10:42:29.201Z</Time><DistanceMeters>1500.0</DistanceMeters><HeartRateBpm><Value>112</Value></HeartRateBpm><SensorState>Present</SensorState></Trackpoint><Trackpoint><Time>2025-07-20T10:42:30.201Z</Time><DistanceMeters>1500.0</DistanceMeters><HeartRateBpm><Value>112</Value></HeartRateBpm><SensorState>Present</SensorState></Trackpoint><Trackpoint><Time>2025-07-20T10:42:31.201Z</Time><DistanceMeters>1500.0</DistanceMeters><HeartRateBpm><Value>113</Value></HeartRateBpm><SensorState>Present</SensorState></Trackpoint><Trackpoint><Time>2025-07-20T10:42:32.201Z</Time><DistanceMeters>1500.0</DistanceMeters><HeartRateBpm><Value>113</Value></HeartRateBpm><SensorState>Present</SensorState></Trackpoint><Trackpoint><Time>2025-07-20T10:42:33.201Z</Time><DistanceMeters>1501.092657380634</DistanceMeters><HeartRateBpm><Value>113</Value></HeartRateBpm><SensorState>Present</SensorState></Trackpoint><Trackpoint><Time>2025-07-20T10:42:34.201Z</Time><DistanceMeters>1502.1853147612678</DistanceMeters><HeartRateBpm><Value>113</Value></HeartRateBpm><SensorState>Present</SensorState></Trackpoint><Trackpoint><Time>2025-07-20T10:42:35.201Z</Time><DistanceMeters>1503.2779721419017</DistanceMeters><HeartRateBpm><Value>113</Value></HeartRateBpm><SensorState>Present</SensorState></Trackpoint><Trackpoint><Time>2025-07-20T10:42:36.201Z</Time><DistanceMeters>1504.3706295225356</DistanceMeters><HeartRateBpm><Value>113</Value></HeartRateBpm><SensorState>Present</SensorState></Trackpoint><Trackpoint><Time>2025-07-20T10:42:37.201Z</Time><DistanceMeters>1505.4632869031695</DistanceMeters><HeartRateBpm><Value>113</Value></HeartRateBpm><SensorState>Present</SensorState></Trackpoint><Trackpoint><Time>2025-07-20T10:42:38.201Z</Time><DistanceMeters>1506.5559442838035</DistanceMeters><HeartRateBpm><Value>113</Value></HeartRateBpm><SensorState>Present</SensorState></Trackpoint><Trackpoint><Time>2025-07-20T10:42:39.201Z</Time><DistanceMeters>1507.6486016644374</DistanceMeters><HeartRateBpm><Value>113</Value></HeartRateBpm><SensorState>Present</SensorState></Trackpoint><Trackpoint><Time>2025-07-20T10:42:40.201Z</Time><DistanceMeters>1508.7412590450713</DistanceMeters><HeartRateBpm><Value>114</Value></HeartRateBpm><SensorState>Present</SensorState></Trackpoint><Trackpoint><Time>2025-07-20T10:42:41.201Z</Time><DistanceMeters>1509.8339164257052</DistanceMeters><HeartRateBpm><Value>114</Value></HeartRateBpm><SensorState>Present</SensorState></Trackpoint><Trackpoint><Time>2025-07-20T10:42:42.201Z</Time><DistanceMeters>1510.926573806339</DistanceMeters><HeartRateBpm><Value>115</Value></HeartRateBpm><SensorState>Present</SensorState></Trackpoint><Trackpoint><Time>2025-07-20T10:42:43.201Z</Time><DistanceMeters>1525.0</DistanceMeters><HeartRateBpm><Value>114</Value></HeartRateBpm><SensorState>Present</SensorState></Trackpoint><Trackpoint><Time>2025-07-20T10:42:44.201Z</Time><DistanceMeters>1525.0</DistanceMeters><HeartRateBpm><Value>115</Value></HeartRateBpm><SensorState>Present</SensorState></Trackpoint><Trackpoint><Time>2025-07-20T10:42:45.201Z</Time><DistanceMeters>1525.0</DistanceMeters><HeartRateBpm><Value>115</Value></HeartRateBpm><SensorState>Present</SensorState></Trackpoint><Trackpoint><Time>2025-07-20T10:42:46.201Z</Time><DistanceMeters>1525.0</DistanceMeters><HeartRateBpm><Value>115</Value></HeartRateBpm><SensorState>Present</SensorState></Trackpoint><Trackpoint><Time>2025-07-20T10:42:47.201Z</Time><DistanceMeters>1525.0</DistanceMeters><HeartRateBpm><Value>116</Value></HeartRateBpm><SensorState>Present</SensorState></Trackpoint><Trackpoint><Time>2025-07-20T10:42:48.201Z</Time><DistanceMeters>1525.0</DistanceMeters><HeartRateBpm><Value>117</Value></HeartRateBpm><SensorState>Present</SensorState></Trackpoint><Trackpoint><Time>2025-07-20T10:42:49.201Z</Time><DistanceMeters>1525.0</DistanceMeters><HeartRateBpm><Value>118</Value></HeartRateBpm><SensorState>Present</SensorState></Trackpoint><Trackpoint><Time>2025-07-20T10:42:50.201Z</Time><DistanceMeters>1525.0</DistanceMeters><HeartRateBpm><Value>118</Value></HeartRateBpm><SensorState>Present</SensorState></Trackpoint><Trackpoint><Time>2025-07-20T10:42:51.201Z</Time><DistanceMeters>1525.0</DistanceMeters><HeartRateBpm><Value>118</Value></HeartRateBpm><SensorState>Present</SensorState></Trackpoint><Trackpoint><Time>2025-07-20T10:42:52.201Z</Time><DistanceMeters>1525.0</DistanceMeters><HeartRateBpm><Value>119</Value></HeartRateBpm><SensorState>Present</SensorState></Trackpoint><Trackpoint><Time>2025-07-20T10:42:53.201Z</Time><DistanceMeters>1525.0</DistanceMeters><HeartRateBpm><Value>119</Value></HeartRateBpm><SensorState>Present</SensorState></Trackpoint><Trackpoint><Time>2025-07-20T10:42:54.201Z</Time><DistanceMeters>1525.0</DistanceMeters><HeartRateBpm><Value>118</Value></HeartRateBpm><SensorState>Present</SensorState></Trackpoint><Trackpoint><Time>2025-07-20T10:42:55.201Z</Time><DistanceMeters>1525.0</DistanceMeters><HeartRateBpm><Value>118</Value></HeartRateBpm><SensorState>Present</SensorState></Trackpoint><Trackpoint><Time>2025-07-20T10:42:56.201Z</Time><DistanceMeters>1525.0</DistanceMeters><HeartRateBpm><Value>118</Value></HeartRateBpm><SensorState>Present</SensorState></Trackpoint><Trackpoint><Time>2025-07-20T10:42:57.201Z</Time><DistanceMeters>1525.0</DistanceMeters><HeartRateBpm><Value>119</Value></HeartRateBpm><SensorState>Present</SensorState></Trackpoint><Trackpoint><Time>2025-07-20T10:42:58.201Z</Time><DistanceMeters>1525.0</DistanceMeters><HeartRateBpm><Value>119</Value></HeartRateBpm><SensorState>Present</SensorState></Trackpoint><Trackpoint><Time>2025-07-20T10:42:59.201Z</Time><DistanceMeters>1525.0</DistanceMeters><HeartRateBpm><Value>118</Value></HeartRateBpm><SensorState>Present</SensorState></Trackpoint><Trackpoint><Time>2025-07-20T10:43:00.201Z</Time><DistanceMeters>1525.0</DistanceMeters><HeartRateBpm><Value>117</Value></HeartRateBpm><SensorState>Present</SensorState></Trackpoint><Trackpoint><Time>2025-07-20T10:43:01.201Z</Time><DistanceMeters>1525.0</DistanceMeters><HeartRateBpm><Value>116</Value></HeartRateBpm><SensorState>Present</SensorState></Trackpoint><Trackpoint><Time>2025-07-20T10:43:02.201Z</Time><DistanceMeters>1525.0</DistanceMeters><HeartRateBpm><Value>116</Value></HeartRateBpm><SensorState>Present</SensorState></Trackpoint><Trackpoint><Time>2025-07-20T10:43:03.201Z</Time><DistanceMeters>1525.0</DistanceMeters><HeartRateBpm><Value>116</Value></HeartRateBpm><SensorState>Present</SensorState></Trackpoint><Trackpoint><Time>2025-07-20T10:43:04.201Z</Time><DistanceMeters>1525.0</DistanceMeters><HeartRateBpm><Value>117</Value></HeartRateBpm><SensorState>Present</SensorState></Trackpoint><Trackpoint><Time>2025-07-20T10:43:05.201Z</Time><DistanceMeters>1525.0</DistanceMeters><HeartRateBpm><Value>117</Value></HeartRateBpm><SensorState>Present</SensorState></Trackpoint><Trackpoint><Time>2025-07-20T10:43:06.201Z</Time><DistanceMeters>1525.0</DistanceMeters><HeartRateBpm><Value>117</Value></HeartRateBpm><SensorState>Present</SensorState></Trackpoint><Trackpoint><Time>2025-07-20T10:43:07.201Z</Time><DistanceMeters>1526.092657380634</DistanceMeters><HeartRateBpm><Value>118</Value></HeartRateBpm><SensorState>Present</SensorState></Trackpoint><Trackpoint><Time>2025-07-20T10:43:08.201Z</Time><DistanceMeters>1527.1853147612678</DistanceMeters><HeartRateBpm><Value>118</Value></HeartRateBpm><SensorState>Present</SensorState></Trackpoint><Trackpoint><Time>2025-07-20T10:43:09.201Z</Time><DistanceMeters>1528.2779721419017</DistanceMeters><HeartRateBpm><Value>118</Value></HeartRateBpm><SensorState>Present</SensorState></Trackpoint><Trackpoint><Time>2025-07-20T10:43:10.201Z</Time><DistanceMeters>1529.3706295225356</DistanceMeters><HeartRateBpm><Value>116</Value></HeartRateBpm><SensorState>Present</SensorState></Trackpoint><Trackpoint><Time>2025-07-20T10:43:11.201Z</Time><DistanceMeters>1530.4632869031695</DistanceMeters><HeartRateBpm><Value>115</Value></HeartRateBpm><SensorState>Present</SensorState></Trackpoint><Trackpoint><Time>2025-07-20T10:43:12.201Z</Time><DistanceMeters>1531.5559442838035</DistanceMeters><HeartRateBpm><Value>114</Value></HeartRateBpm><SensorState>Present</SensorState></Trackpoint><Trackpoint><Time>2025-07-20T10:43:13.201Z</Time><DistanceMeters>1532.6486016644374</DistanceMeters><HeartRateBpm><Value>114</Value></HeartRateBpm><SensorState>Present</SensorState></Trackpoint><Trackpoint><Time>2025-07-20T10:43:14.201Z</Time><DistanceMeters>1533.7412590450713</DistanceMeters><HeartRateBpm><Value>114</Value></HeartRateBpm><SensorState>Present</SensorState></Trackpoint><Trackpoint><Time>2025-07-20T10:43:15.201Z</Time><DistanceMeters>1534.8339164257052</DistanceMeters><HeartRateBpm><Value>115</Value></HeartRateBpm><SensorState>Present</SensorState></Trackpoint><Trackpoint><Time>2025-07-20T10:43:16.201Z</Time><DistanceMeters>1535.926573806339</DistanceMeters><HeartRateBpm><Value>115</Value></HeartRateBpm><SensorState>Present</SensorState></Trackpoint><Trackpoint><Time>2025-07-20T10:43:17.201Z</Time><DistanceMeters>1550.0</DistanceMeters><HeartRateBpm><Value>115</Value></HeartRateBpm><SensorState>Present</SensorState></Trackpoint><Trackpoint><Time>2025-07-20T10:43:18.201Z</Time><DistanceMeters>1550.0</DistanceMeters><HeartRateBpm><Value>115</Value></HeartRateBpm><SensorState>Present</SensorState></Trackpoint><Trackpoint><Time>2025-07-20T10:43:19.201Z</Time><DistanceMeters>1550.0</DistanceMeters><HeartRateBpm><Value>116</Value></HeartRateBpm><SensorState>Present</SensorState></Trackpoint><Trackpoint><Time>2025-07-20T10:43:20.201Z</Time><DistanceMeters>1550.0</DistanceMeters><HeartRateBpm><Value>117</Value></HeartRateBpm><SensorState>Present</SensorState></Trackpoint><Trackpoint><Time>2025-07-20T10:43:21.201Z</Time><DistanceMeters>1550.0</DistanceMeters><HeartRateBpm><Value>117</Value></HeartRateBpm><SensorState>Present</SensorState></Trackpoint><Trackpoint><Time>2025-07-20T10:43:22.201Z</Time><DistanceMeters>1550.0</DistanceMeters><HeartRateBpm><Value>118</Value></HeartRateBpm><SensorState>Present</SensorState></Trackpoint><Trackpoint><Time>2025-07-20T10:43:23.201Z</Time><DistanceMeters>1550.0</DistanceMeters><HeartRateBpm><Value>118</Value></HeartRateBpm><SensorState>Present</SensorState></Trackpoint><Trackpoint><Time>2025-07-20T10:43:24.201Z</Time><DistanceMeters>1550.0</DistanceMeters><HeartRateBpm><Value>118</Value></HeartRateBpm><SensorState>Present</SensorState></Trackpoint><Trackpoint><Time>2025-07-20T10:43:25.201Z</Time><DistanceMeters>1550.0</DistanceMeters><HeartRateBpm><Value>118</Value></HeartRateBpm><SensorState>Present</SensorState></Trackpoint><Trackpoint><Time>2025-07-20T10:43:26.201Z</Time><DistanceMeters>1550.0</DistanceMeters><HeartRateBpm><Value>119</Value></HeartRateBpm><SensorState>Present</SensorState></Trackpoint><Trackpoint><Time>2025-07-20T10:43:27.201Z</Time><DistanceMeters>1550.0</DistanceMeters><HeartRateBpm><Value>120</Value></HeartRateBpm><SensorState>Present</SensorState></Trackpoint><Trackpoint><Time>2025-07-20T10:43:28.201Z</Time><DistanceMeters>1550.0</DistanceMeters><HeartRateBpm><Value>121</Value></HeartRateBpm><SensorState>Present</SensorState></Trackpoint><Trackpoint><Time>2025-07-20T10:43:29.201Z</Time><DistanceMeters>1550.0</DistanceMeters><HeartRateBpm><Value>122</Value></HeartRateBpm><SensorState>Present</SensorState></Trackpoint><Trackpoint><Time>2025-07-20T10:43:30.201Z</Time><DistanceMeters>1550.0</DistanceMeters><HeartRateBpm><Value>122</Value></HeartRateBpm><SensorState>Present</SensorState></Trackpoint><Trackpoint><Time>2025-07-20T10:43:31.201Z</Time><DistanceMeters>1550.0</DistanceMeters><HeartRateBpm><Value>122</Value></HeartRateBpm><SensorState>Present</SensorState></Trackpoint><Trackpoint><Time>2025-07-20T10:43:32.201Z</Time><DistanceMeters>1550.0</DistanceMeters><HeartRateBpm><Value>122</Value></HeartRateBpm><SensorState>Present</SensorState></Trackpoint><Trackpoint><Time>2025-07-20T10:43:33.201Z</Time><DistanceMeters>1550.0</DistanceMeters><HeartRateBpm><Value>123</Value></HeartRateBpm><SensorState>Present</SensorState></Trackpoint><Trackpoint><Time>2025-07-20T10:43:34.201Z</Time><DistanceMeters>1550.0</DistanceMeters><HeartRateBpm><Value>124</Value></HeartRateBpm><SensorState>Present</SensorState></Trackpoint><Trackpoint><Time>2025-07-20T10:43:35.201Z</Time><DistanceMeters>1550.0</DistanceMeters><HeartRateBpm><Value>124</Value></HeartRateBpm><SensorState>Present</SensorState></Trackpoint><Trackpoint><Time>2025-07-20T10:43:36.201Z</Time><DistanceMeters>1550.0</DistanceMeters><HeartRateBpm><Value>125</Value></HeartRateBpm><SensorState>Present</SensorState></Trackpoint><Trackpoint><Time>2025-07-20T10:43:37.201Z</Time><DistanceMeters>1550.0</DistanceMeters><HeartRateBpm><Value>125</Value></HeartRateBpm><SensorState>Present</SensorState></Trackpoint><Trackpoint><Time>2025-07-20T10:43:38.201Z</Time><DistanceMeters>1550.0</DistanceMeters><HeartRateBpm><Value>125</Value></HeartRateBpm><SensorState>Present</SensorState></Trackpoint><Trackpoint><Time>2025-07-20T10:43:39.201Z</Time><DistanceMeters>1551.092657380634</DistanceMeters><HeartRateBpm><Value>125</Value></HeartRateBpm><SensorState>Present</SensorState></Trackpoint><Trackpoint><Time>2025-07-20T10:43:40.201Z</Time><DistanceMeters>1552.1853147612678</DistanceMeters><HeartRateBpm><Value>125</Value></HeartRateBpm><SensorState>Present</SensorState></Trackpoint><Trackpoint><Time>2025-07-20T10:43:41.201Z</Time><DistanceMeters>1553.2779721419017</DistanceMeters><HeartRateBpm><Value>125</Value></HeartRateBpm><SensorState>Present</SensorState></Trackpoint><Trackpoint><Time>2025-07-20T10:43:42.201Z</Time><DistanceMeters>1554.3706295225356</DistanceMeters><HeartRateBpm><Value>126</Value></HeartRateBpm><SensorState>Present</SensorState></Trackpoint><Trackpoint><Time>2025-07-20T10:43:43.201Z</Time><DistanceMeters>1555.4632869031695</DistanceMeters><HeartRateBpm><Value>126</Value></HeartRateBpm><SensorState>Present</SensorState></Trackpoint><Trackpoint><Time>2025-07-20T10:43:44.201Z</Time><DistanceMeters>1556.5559442838035</DistanceMeters><HeartRateBpm><Value>127</Value></HeartRateBpm><SensorState>Present</SensorState></Trackpoint><Trackpoint><Time>2025-07-20T10:43:45.201Z</Time><DistanceMeters>1557.6486016644374</DistanceMeters><HeartRateBpm><Value>128</Value></HeartRateBpm><SensorState>Present</SensorState></Trackpoint><Trackpoint><Time>2025-07-20T10:43:46.201Z</Time><DistanceMeters>1558.7412590450713</DistanceMeters><HeartRateBpm><Value>128</Value></HeartRateBpm><SensorState>Present</SensorState></Trackpoint><Trackpoint><Time>2025-07-20T10:43:47.201Z</Time><DistanceMeters>1559.8339164257052</DistanceMeters><HeartRateBpm><Value>127</Value></HeartRateBpm><SensorState>Present</SensorState></Trackpoint><Trackpoint><Time>2025-07-20T10:43:48.201Z</Time><DistanceMeters>1560.926573806339</DistanceMeters><HeartRateBpm><Value>127</Value></HeartRateBpm><SensorState>Present</SensorState></Trackpoint><Trackpoint><Time>2025-07-20T10:43:49.201Z</Time><DistanceMeters>1575.0</DistanceMeters><HeartRateBpm><Value>126</Value></HeartRateBpm><SensorState>Present</SensorState></Trackpoint><Trackpoint><Time>2025-07-20T10:43:50.201Z</Time><DistanceMeters>1575.0</DistanceMeters><HeartRateBpm><Value>126</Value></HeartRateBpm><SensorState>Present</SensorState></Trackpoint><Trackpoint><Time>2025-07-20T10:43:51.201Z</Time><DistanceMeters>1575.0</DistanceMeters><HeartRateBpm><Value>124</Value></HeartRateBpm><SensorState>Present</SensorState></Trackpoint><Trackpoint><Time>2025-07-20T10:43:52.201Z</Time><DistanceMeters>1575.0</DistanceMeters><HeartRateBpm><Value>123</Value></HeartRateBpm><SensorState>Present</SensorState></Trackpoint><Trackpoint><Time>2025-07-20T10:43:53.201Z</Time><DistanceMeters>1575.0</DistanceMeters><HeartRateBpm><Value>121</Value></HeartRateBpm><SensorState>Present</SensorState></Trackpoint><Trackpoint><Time>2025-07-20T10:43:54.201Z</Time><DistanceMeters>1575.0</DistanceMeters><HeartRateBpm><Value>119</Value></HeartRateBpm><SensorState>Present</SensorState></Trackpoint><Trackpoint><Time>2025-07-20T10:43:55.201Z</Time><DistanceMeters>1575.0</DistanceMeters><HeartRateBpm><Value>117</Value></HeartRateBpm><SensorState>Present</SensorState></Trackpoint><Trackpoint><Time>2025-07-20T10:43:56.201Z</Time><DistanceMeters>1575.0</DistanceMeters><HeartRateBpm><Value>115</Value></HeartRateBpm><SensorState>Present</SensorState></Trackpoint><Trackpoint><Time>2025-07-20T10:43:57.201Z</Time><DistanceMeters>1575.0</DistanceMeters><HeartRateBpm><Value>114</Value></HeartRateBpm><SensorState>Present</SensorState></Trackpoint><Trackpoint><Time>2025-07-20T10:43:58.201Z</Time><DistanceMeters>1575.0</DistanceMeters><HeartRateBpm><Value>113</Value></HeartRateBpm><SensorState>Present</SensorState></Trackpoint><Trackpoint><Time>2025-07-20T10:43:59.201Z</Time><DistanceMeters>1575.0</DistanceMeters><HeartRateBpm><Value>112</Value></HeartRateBpm><SensorState>Present</SensorState></Trackpoint><Trackpoint><Time>2025-07-20T10:44:00.201Z</Time><DistanceMeters>1575.0</DistanceMeters><HeartRateBpm><Value>111</Value></HeartRateBpm><SensorState>Present</SensorState></Trackpoint><Trackpoint><Time>2025-07-20T10:44:01.201Z</Time><DistanceMeters>1575.0</DistanceMeters><HeartRateBpm><Value>111</Value></HeartRateBpm><SensorState>Present</SensorState></Trackpoint><Trackpoint><Time>2025-07-20T10:44:02.201Z</Time><DistanceMeters>1575.0</DistanceMeters><HeartRateBpm><Value>111</Value></HeartRateBpm><SensorState>Present</SensorState></Trackpoint><Trackpoint><Time>2025-07-20T10:44:03.201Z</Time><DistanceMeters>1575.0</DistanceMeters><HeartRateBpm><Value>111</Value></HeartRateBpm><SensorState>Present</SensorState></Trackpoint><Trackpoint><Time>2025-07-20T10:44:04.201Z</Time><DistanceMeters>1575.0</DistanceMeters><HeartRateBpm><Value>111</Value></HeartRateBpm><SensorState>Present</SensorState></Trackpoint><Trackpoint><Time>2025-07-20T10:44:05.201Z</Time><DistanceMeters>1575.0</DistanceMeters><HeartRateBpm><Value>112</Value></HeartRateBpm><SensorState>Present</SensorState></Trackpoint><Trackpoint><Time>2025-07-20T10:44:06.201Z</Time><DistanceMeters>1575.0</DistanceMeters><HeartRateBpm><Value>113</Value></HeartRateBpm><SensorState>Present</SensorState></Trackpoint><Trackpoint><Time>2025-07-20T10:44:07.201Z</Time><DistanceMeters>1575.0</DistanceMeters><HeartRateBpm><Value>113</Value></HeartRateBpm><SensorState>Present</SensorState></Trackpoint><Trackpoint><Time>2025-07-20T10:44:08.201Z</Time><DistanceMeters>1575.0</DistanceMeters><HeartRateBpm><Value>113</Value></HeartRateBpm><SensorState>Present</SensorState></Trackpoint><Trackpoint><Time>2025-07-20T10:44:09.201Z</Time><DistanceMeters>1575.0</DistanceMeters><HeartRateBpm><Value>114</Value></HeartRateBpm><SensorState>Present</SensorState></Trackpoint><Trackpoint><Time>2025-07-20T10:44:10.201Z</Time><DistanceMeters>1575.0</DistanceMeters><HeartRateBpm><Value>114</Value></HeartRateBpm><SensorState>Present</SensorState></Trackpoint><Trackpoint><Time>2025-07-20T10:44:11.201Z</Time><DistanceMeters>1575.0</DistanceMeters><HeartRateBpm><Value>114</Value></HeartRateBpm><SensorState>Present</SensorState></Trackpoint><Trackpoint><Time>2025-07-20T10:44:12.201Z</Time><DistanceMeters>1575.0</DistanceMeters><HeartRateBpm><Value>113</Value></HeartRateBpm><SensorState>Present</SensorState></Trackpoint><Trackpoint><Time>2025-07-20T10:44:13.201Z</Time><DistanceMeters>1576.092657380634</DistanceMeters><HeartRateBpm><Value>113</Value></HeartRateBpm><SensorState>Present</SensorState></Trackpoint><Trackpoint><Time>2025-07-20T10:44:14.201Z</Time><DistanceMeters>1577.1853147612678</DistanceMeters><HeartRateBpm><Value>113</Value></HeartRateBpm><SensorState>Present</SensorState></Trackpoint><Trackpoint><Time>2025-07-20T10:44:15.201Z</Time><DistanceMeters>1578.2779721419017</DistanceMeters><HeartRateBpm><Value>114</Value></HeartRateBpm><SensorState>Present</SensorState></Trackpoint><Trackpoint><Time>2025-07-20T10:44:16.201Z</Time><DistanceMeters>1579.3706295225356</DistanceMeters><HeartRateBpm><Value>114</Value></HeartRateBpm><SensorState>Present</SensorState></Trackpoint><Trackpoint><Time>2025-07-20T10:44:17.201Z</Time><DistanceMeters>1580.4632869031695</DistanceMeters><HeartRateBpm><Value>114</Value></HeartRateBpm><SensorState>Present</SensorState></Trackpoint><Trackpoint><Time>2025-07-20T10:44:18.201Z</Time><DistanceMeters>1581.5559442838035</DistanceMeters><HeartRateBpm><Value>114</Value></HeartRateBpm><SensorState>Present</SensorState></Trackpoint><Trackpoint><Time>2025-07-20T10:44:19.201Z</Time><DistanceMeters>1582.6486016644374</DistanceMeters><HeartRateBpm><Value>113</Value></HeartRateBpm><SensorState>Present</SensorState></Trackpoint><Trackpoint><Time>2025-07-20T10:44:20.201Z</Time><DistanceMeters>1583.7412590450713</DistanceMeters><HeartRateBpm><Value>112</Value></HeartRateBpm><SensorState>Present</SensorState></Trackpoint><Trackpoint><Time>2025-07-20T10:44:21.201Z</Time><DistanceMeters>1584.8339164257052</DistanceMeters><HeartRateBpm><Value>113</Value></HeartRateBpm><SensorState>Present</SensorState></Trackpoint><Trackpoint><Time>2025-07-20T10:44:22.201Z</Time><DistanceMeters>1585.926573806339</DistanceMeters><HeartRateBpm><Value>114</Value></HeartRateBpm><SensorState>Present</SensorState></Trackpoint><Trackpoint><Time>2025-07-20T10:44:23.201Z</Time><DistanceMeters>1600.0</DistanceMeters><HeartRateBpm><Value>115</Value></HeartRateBpm><SensorState>Present</SensorState></Trackpoint><Trackpoint><Time>2025-07-20T10:44:24.201Z</Time><DistanceMeters>1600.0</DistanceMeters><HeartRateBpm><Value>116</Value></HeartRateBpm><SensorState>Present</SensorState></Trackpoint><Trackpoint><Time>2025-07-20T10:44:25.201Z</Time><DistanceMeters>1600.0</DistanceMeters><HeartRateBpm><Value>117</Value></HeartRateBpm><SensorState>Present</SensorState></Trackpoint><Trackpoint><Time>2025-07-20T10:44:26.201Z</Time><DistanceMeters>1600.0</DistanceMeters><HeartRateBpm><Value>115</Value></HeartRateBpm><SensorState>Present</SensorState></Trackpoint><Trackpoint><Time>2025-07-20T10:44:27.201Z</Time><DistanceMeters>1600.0</DistanceMeters><HeartRateBpm><Value>114</Value></HeartRateBpm><SensorState>Present</SensorState></Trackpoint><Trackpoint><Time>2025-07-20T10:44:28.201Z</Time><DistanceMeters>1600.0</DistanceMeters><HeartRateBpm><Value>113</Value></HeartRateBpm><SensorState>Present</SensorState></Trackpoint><Trackpoint><Time>2025-07-20T10:44:29.201Z</Time><DistanceMeters>1600.0</DistanceMeters><HeartRateBpm><Value>111</Value></HeartRateBpm><SensorState>Present</SensorState></Trackpoint><Trackpoint><Time>2025-07-20T10:44:30.201Z</Time><DistanceMeters>1600.0</DistanceMeters><HeartRateBpm><Value>110</Value></HeartRateBpm><SensorState>Present</SensorState></Trackpoint><Trackpoint><Time>2025-07-20T10:44:31.201Z</Time><DistanceMeters>1600.0</DistanceMeters><HeartRateBpm><Value>108</Value></HeartRateBpm><SensorState>Present</SensorState></Trackpoint><Trackpoint><Time>2025-07-20T10:44:32.201Z</Time><DistanceMeters>1600.0</DistanceMeters><HeartRateBpm><Value>107</Value></HeartRateBpm><SensorState>Present</SensorState></Trackpoint><Trackpoint><Time>2025-07-20T10:44:33.201Z</Time><DistanceMeters>1600.0</DistanceMeters><HeartRateBpm><Value>106</Value></HeartRateBpm><SensorState>Present</SensorState></Trackpoint><Trackpoint><Time>2025-07-20T10:44:34.201Z</Time><DistanceMeters>1600.0</DistanceMeters><HeartRateBpm><Value>106</Value></HeartRateBpm><SensorState>Present</SensorState></Trackpoint><Trackpoint><Time>2025-07-20T10:44:35.201Z</Time><DistanceMeters>1600.0</DistanceMeters><HeartRateBpm><Value>105</Value></HeartRateBpm><SensorState>Present</SensorState></Trackpoint><Trackpoint><Time>2025-07-20T10:44:36.201Z</Time><DistanceMeters>1600.0</DistanceMeters><HeartRateBpm><Value>104</Value></HeartRateBpm><SensorState>Present</SensorState></Trackpoint><Trackpoint><Time>2025-07-20T10:44:37.201Z</Time><DistanceMeters>1600.0</DistanceMeters><HeartRateBpm><Value>105</Value></HeartRateBpm><SensorState>Present</SensorState></Trackpoint><Trackpoint><Time>2025-07-20T10:44:38.201Z</Time><DistanceMeters>1600.0</DistanceMeters><HeartRateBpm><Value>104</Value></HeartRateBpm><SensorState>Present</SensorState></Trackpoint><Trackpoint><Time>2025-07-20T10:44:39.201Z</Time><DistanceMeters>1600.0</DistanceMeters><HeartRateBpm><Value>104</Value></HeartRateBpm><SensorState>Present</SensorState></Trackpoint><Trackpoint><Time>2025-07-20T10:44:40.201Z</Time><DistanceMeters>1600.0</DistanceMeters><HeartRateBpm><Value>104</Value></HeartRateBpm><SensorState>Present</SensorState></Trackpoint><Trackpoint><Time>2025-07-20T10:44:41.201Z</Time><DistanceMeters>1600.0</DistanceMeters><HeartRateBpm><Value>105</Value></HeartRateBpm><SensorState>Present</SensorState></Trackpoint><Trackpoint><Time>2025-07-20T10:44:42.201Z</Time><DistanceMeters>1600.0</DistanceMeters><HeartRateBpm><Value>106</Value></HeartRateBpm><SensorState>Present</SensorState></Trackpoint><Trackpoint><Time>2025-07-20T10:44:43.201Z</Time><DistanceMeters>1600.0</DistanceMeters><HeartRateBpm><Value>106</Value></HeartRateBpm><SensorState>Present</SensorState></Trackpoint><Trackpoint><Time>2025-07-20T10:44:44.201Z</Time><DistanceMeters>1600.0</DistanceMeters><HeartRateBpm><Value>106</Value></HeartRateBpm><SensorState>Present</SensorState></Trackpoint><Trackpoint><Time>2025-07-20T10:44:45.201Z</Time><DistanceMeters>1600.0</DistanceMeters><HeartRateBpm><Value>106</Value></HeartRateBpm><SensorState>Present</SensorState></Trackpoint><Trackpoint><Time>2025-07-20T10:44:46.201Z</Time><DistanceMeters>1600.0</DistanceMeters><HeartRateBpm><Value>106</Value></HeartRateBpm><SensorState>Present</SensorState></Trackpoint><Trackpoint><Time>2025-07-20T10:44:47.201Z</Time><DistanceMeters>1601.092657380634</DistanceMeters><HeartRateBpm><Value>106</Value></HeartRateBpm><SensorState>Present</SensorState></Trackpoint><Trackpoint><Time>2025-07-20T10:44:48.201Z</Time><DistanceMeters>1602.1853147612678</DistanceMeters><HeartRateBpm><Value>107</Value></HeartRateBpm><SensorState>Present</SensorState></Trackpoint><Trackpoint><Time>2025-07-20T10:44:49.201Z</Time><DistanceMeters>1603.2779721419017</DistanceMeters><HeartRateBpm><Value>107</Value></HeartRateBpm><SensorState>Present</SensorState></Trackpoint><Trackpoint><Time>2025-07-20T10:44:50.201Z</Time><DistanceMeters>1604.3706295225356</DistanceMeters><HeartRateBpm><Value>107</Value></HeartRateBpm><SensorState>Present</SensorState></Trackpoint><Trackpoint><Time>2025-07-20T10:44:51.201Z</Time><DistanceMeters>1605.4632869031695</DistanceMeters><HeartRateBpm><Value>107</Value></HeartRateBpm><SensorState>Present</SensorState></Trackpoint><Trackpoint><Time>2025-07-20T10:44:52.201Z</Time><DistanceMeters>1606.5559442838035</DistanceMeters><HeartRateBpm><Value>108</Value></HeartRateBpm><SensorState>Present</SensorState></Trackpoint><Trackpoint><Time>2025-07-20T10:44:53.201Z</Time><DistanceMeters>1607.6486016644374</DistanceMeters><HeartRateBpm><Value>108</Value></HeartRateBpm><SensorState>Present</SensorState></Trackpoint><Trackpoint><Time>2025-07-20T10:44:54.201Z</Time><DistanceMeters>1608.7412590450713</DistanceMeters><HeartRateBpm><Value>109</Value></HeartRateBpm><SensorState>Present</SensorState></Trackpoint><Trackpoint><Time>2025-07-20T10:44:55.201Z</Time><DistanceMeters>1609.8339164257052</DistanceMeters><HeartRateBpm><Value>109</Value></HeartRateBpm><SensorState>Present</SensorState></Trackpoint><Trackpoint><Time>2025-07-20T10:44:56.201Z</Time><DistanceMeters>1610.926573806339</DistanceMeters><HeartRateBpm><Value>110</Value></HeartRateBpm><SensorState>Present</SensorState></Trackpoint><Trackpoint><Time>2025-07-20T10:44:57.201Z</Time><DistanceMeters>1625.0</DistanceMeters><HeartRateBpm><Value>110</Value></HeartRateBpm><SensorState>Present</SensorState></Trackpoint><Trackpoint><Time>2025-07-20T10:44:58.201Z</Time><DistanceMeters>1625.0</DistanceMeters><HeartRateBpm><Value>111</Value></HeartRateBpm><SensorState>Present</SensorState></Trackpoint><Trackpoint><Time>2025-07-20T10:44:59.201Z</Time><DistanceMeters>1625.0</DistanceMeters><HeartRateBpm><Value>111</Value></HeartRateBpm><SensorState>Present</SensorState></Trackpoint><Trackpoint><Time>2025-07-20T10:45:00.201Z</Time><DistanceMeters>1625.0</DistanceMeters><HeartRateBpm><Value>110</Value></HeartRateBpm><SensorState>Present</SensorState></Trackpoint><Trackpoint><Time>2025-07-20T10:45:01.201Z</Time><DistanceMeters>1625.0</DistanceMeters><HeartRateBpm><Value>109</Value></HeartRateBpm><SensorState>Present</SensorState></Trackpoint><Trackpoint><Time>2025-07-20T10:45:02.201Z</Time><DistanceMeters>1625.0</DistanceMeters><HeartRateBpm><Value>108</Value></HeartRateBpm><SensorState>Present</SensorState></Trackpoint><Trackpoint><Time>2025-07-20T10:45:03.201Z</Time><DistanceMeters>1625.0</DistanceMeters><HeartRateBpm><Value>108</Value></HeartRateBpm><SensorState>Present</SensorState></Trackpoint><Trackpoint><Time>2025-07-20T10:45:04.201Z</Time><DistanceMeters>1625.0</DistanceMeters><HeartRateBpm><Value>109</Value></HeartRateBpm><SensorState>Present</SensorState></Trackpoint><Trackpoint><Time>2025-07-20T10:45:05.201Z</Time><DistanceMeters>1625.0</DistanceMeters><HeartRateBpm><Value>109</Value></HeartRateBpm><SensorState>Present</SensorState></Trackpoint><Trackpoint><Time>2025-07-20T10:45:06.201Z</Time><DistanceMeters>1625.0</DistanceMeters><HeartRateBpm><Value>109</Value></HeartRateBpm><SensorState>Present</SensorState></Trackpoint><Trackpoint><Time>2025-07-20T10:45:07.201Z</Time><DistanceMeters>1625.0</DistanceMeters><HeartRateBpm><Value>109</Value></HeartRateBpm><SensorState>Present</SensorState></Trackpoint><Trackpoint><Time>2025-07-20T10:45:08.201Z</Time><DistanceMeters>1625.0</DistanceMeters><HeartRateBpm><Value>109</Value></HeartRateBpm><SensorState>Present</SensorState></Trackpoint><Trackpoint><Time>2025-07-20T10:45:09.201Z</Time><DistanceMeters>1625.0</DistanceMeters><HeartRateBpm><Value>110</Value></HeartRateBpm><SensorState>Present</SensorState></Trackpoint><Trackpoint><Time>2025-07-20T10:45:10.201Z</Time><DistanceMeters>1625.0</DistanceMeters><HeartRateBpm><Value>110</Value></HeartRateBpm><SensorState>Present</SensorState></Trackpoint><Trackpoint><Time>2025-07-20T10:45:11.201Z</Time><DistanceMeters>1625.0</DistanceMeters><HeartRateBpm><Value>111</Value></HeartRateBpm><SensorState>Present</SensorState></Trackpoint><Trackpoint><Time>2025-07-20T10:45:12.201Z</Time><DistanceMeters>1625.0</DistanceMeters><HeartRateBpm><Value>111</Value></HeartRateBpm><SensorState>Present</SensorState></Trackpoint><Trackpoint><Time>2025-07-20T10:45:13.201Z</Time><DistanceMeters>1625.0</DistanceMeters><HeartRateBpm><Value>112</Value></HeartRateBpm><SensorState>Present</SensorState></Trackpoint><Trackpoint><Time>2025-07-20T10:45:14.201Z</Time><DistanceMeters>1625.0</DistanceMeters><HeartRateBpm><Value>113</Value></HeartRateBpm><SensorState>Present</SensorState></Trackpoint><Trackpoint><Time>2025-07-20T10:45:15.201Z</Time><DistanceMeters>1625.0</DistanceMeters><HeartRateBpm><Value>114</Value></HeartRateBpm><SensorState>Present</SensorState></Trackpoint><Trackpoint><Time>2025-07-20T10:45:16.201Z</Time><DistanceMeters>1625.0</DistanceMeters><HeartRateBpm><Value>115</Value></HeartRateBpm><SensorState>Present</SensorState></Trackpoint><Trackpoint><Time>2025-07-20T10:45:17.201Z</Time><DistanceMeters>1625.0</DistanceMeters><HeartRateBpm><Value>115</Value></HeartRateBpm><SensorState>Present</SensorState></Trackpoint><Trackpoint><Time>2025-07-20T10:45:18.201Z</Time><DistanceMeters>1625.0</DistanceMeters><HeartRateBpm><Value>115</Value></HeartRateBpm><SensorState>Present</SensorState></Trackpoint><Trackpoint><Time>2025-07-20T10:45:19.201Z</Time><DistanceMeters>1626.092657380634</DistanceMeters><HeartRateBpm><Value>116</Value></HeartRateBpm><SensorState>Present</SensorState></Trackpoint><Trackpoint><Time>2025-07-20T10:45:20.201Z</Time><DistanceMeters>1627.1853147612678</DistanceMeters><HeartRateBpm><Value>116</Value></HeartRateBpm><SensorState>Present</SensorState></Trackpoint><Trackpoint><Time>2025-07-20T10:45:21.201Z</Time><DistanceMeters>1628.2779721419017</DistanceMeters><HeartRateBpm><Value>116</Value></HeartRateBpm><SensorState>Present</SensorState></Trackpoint><Trackpoint><Time>2025-07-20T10:45:22.201Z</Time><DistanceMeters>1629.3706295225356</DistanceMeters><HeartRateBpm><Value>116</Value></HeartRateBpm><SensorState>Present</SensorState></Trackpoint><Trackpoint><Time>2025-07-20T10:45:23.201Z</Time><DistanceMeters>1630.4632869031695</DistanceMeters><HeartRateBpm><Value>117</Value></HeartRateBpm><SensorState>Present</SensorState></Trackpoint><Trackpoint><Time>2025-07-20T10:45:24.201Z</Time><DistanceMeters>1631.5559442838035</DistanceMeters><HeartRateBpm><Value>117</Value></HeartRateBpm><SensorState>Present</SensorState></Trackpoint><Trackpoint><Time>2025-07-20T10:45:25.201Z</Time><DistanceMeters>1632.6486016644374</DistanceMeters><HeartRateBpm><Value>117</Value></HeartRateBpm><SensorState>Present</SensorState></Trackpoint><Trackpoint><Time>2025-07-20T10:45:26.201Z</Time><DistanceMeters>1633.7412590450713</DistanceMeters><HeartRateBpm><Value>117</Value></HeartRateBpm><SensorState>Present</SensorState></Trackpoint><Trackpoint><Time>2025-07-20T10:45:27.201Z</Time><DistanceMeters>1634.8339164257052</DistanceMeters><HeartRateBpm><Value>116</Value></HeartRateBpm><SensorState>Present</SensorState></Trackpoint><Trackpoint><Time>2025-07-20T10:45:28.201Z</Time><DistanceMeters>1635.926573806339</DistanceMeters><HeartRateBpm><Value>116</Value></HeartRateBpm><SensorState>Present</SensorState></Trackpoint><Trackpoint><Time>2025-07-20T10:45:29.201Z</Time><DistanceMeters>1650.0</DistanceMeters><HeartRateBpm><Value>115</Value></HeartRateBpm><SensorState>Present</SensorState></Trackpoint><Trackpoint><Time>2025-07-20T10:45:30.201Z</Time><DistanceMeters>1650.0</DistanceMeters><HeartRateBpm><Value>114</Value></HeartRateBpm><SensorState>Present</SensorState></Trackpoint><Trackpoint><Time>2025-07-20T10:45:31.201Z</Time><DistanceMeters>1650.0</DistanceMeters><HeartRateBpm><Value>114</Value></HeartRateBpm><SensorState>Present</SensorState></Trackpoint><Trackpoint><Time>2025-07-20T10:45:32.201Z</Time><DistanceMeters>1650.0</DistanceMeters><HeartRateBpm><Value>113</Value></HeartRateBpm><SensorState>Present</SensorState></Trackpoint><Trackpoint><Time>2025-07-20T10:45:33.201Z</Time><DistanceMeters>1650.0</DistanceMeters><HeartRateBpm><Value>113</Value></HeartRateBpm><SensorState>Present</SensorState></Trackpoint><Trackpoint><Time>2025-07-20T10:45:34.201Z</Time><DistanceMeters>1650.0</DistanceMeters><HeartRateBpm><Value>112</Value></HeartRateBpm><SensorState>Present</SensorState></Trackpoint><Trackpoint><Time>2025-07-20T10:45:35.201Z</Time><DistanceMeters>1650.0</DistanceMeters><HeartRateBpm><Value>112</Value></HeartRateBpm><SensorState>Present</SensorState></Trackpoint><Trackpoint><Time>2025-07-20T10:45:36.201Z</Time><DistanceMeters>1650.0</DistanceMeters><HeartRateBpm><Value>111</Value></HeartRateBpm><SensorState>Present</SensorState></Trackpoint><Trackpoint><Time>2025-07-20T10:45:37.201Z</Time><DistanceMeters>1650.0</DistanceMeters><HeartRateBpm><Value>111</Value></HeartRateBpm><SensorState>Present</SensorState></Trackpoint><Trackpoint><Time>2025-07-20T10:45:38.201Z</Time><DistanceMeters>1650.0</DistanceMeters><HeartRateBpm><Value>110</Value></HeartRateBpm><SensorState>Present</SensorState></Trackpoint><Trackpoint><Time>2025-07-20T10:45:39.201Z</Time><DistanceMeters>1650.0</DistanceMeters><HeartRateBpm><Value>109</Value></HeartRateBpm><SensorState>Present</SensorState></Trackpoint><Trackpoint><Time>2025-07-20T10:45:40.201Z</Time><DistanceMeters>1650.0</DistanceMeters><HeartRateBpm><Value>109</Value></HeartRateBpm><SensorState>Present</SensorState></Trackpoint><Trackpoint><Time>2025-07-20T10:45:41.201Z</Time><DistanceMeters>1650.0</DistanceMeters><HeartRateBpm><Value>108</Value></HeartRateBpm><SensorState>Present</SensorState></Trackpoint><Trackpoint><Time>2025-07-20T10:45:42.201Z</Time><DistanceMeters>1650.0</DistanceMeters><HeartRateBpm><Value>109</Value></HeartRateBpm><SensorState>Present</SensorState></Trackpoint><Trackpoint><Time>2025-07-20T10:45:43.201Z</Time><DistanceMeters>1650.0</DistanceMeters><HeartRateBpm><Value>109</Value></HeartRateBpm><SensorState>Present</SensorState></Trackpoint><Trackpoint><Time>2025-07-20T10:45:44.201Z</Time><DistanceMeters>1650.0</DistanceMeters><HeartRateBpm><Value>109</Value></HeartRateBpm><SensorState>Present</SensorState></Trackpoint><Trackpoint><Time>2025-07-20T10:45:45.201Z</Time><DistanceMeters>1650.0</DistanceMeters><HeartRateBpm><Value>109</Value></HeartRateBpm><SensorState>Present</SensorState></Trackpoint><Trackpoint><Time>2025-07-20T10:45:46.201Z</Time><DistanceMeters>1650.0</DistanceMeters><HeartRateBpm><Value>109</Value></HeartRateBpm><SensorState>Present</SensorState></Trackpoint><Trackpoint><Time>2025-07-20T10:45:47.201Z</Time><DistanceMeters>1650.0</DistanceMeters><HeartRateBpm><Value>110</Value></HeartRateBpm><SensorState>Present</SensorState></Trackpoint><Trackpoint><Time>2025-07-20T10:45:48.201Z</Time><DistanceMeters>1650.0</DistanceMeters><HeartRateBpm><Value>110</Value></HeartRateBpm><SensorState>Present</SensorState></Trackpoint><Trackpoint><Time>2025-07-20T10:45:49.201Z</Time><DistanceMeters>1650.0</DistanceMeters><HeartRateBpm><Value>111</Value></HeartRateBpm><SensorState>Present</SensorState></Trackpoint><Trackpoint><Time>2025-07-20T10:45:50.201Z</Time><DistanceMeters>1650.0</DistanceMeters><HeartRateBpm><Value>111</Value></HeartRateBpm><SensorState>Present</SensorState></Trackpoint><Trackpoint><Time>2025-07-20T10:45:51.201Z</Time><DistanceMeters>1650.0</DistanceMeters><HeartRateBpm><Value>111</Value></HeartRateBpm><SensorState>Present</SensorState></Trackpoint><Trackpoint><Time>2025-07-20T10:45:52.201Z</Time><DistanceMeters>1650.0</DistanceMeters><HeartRateBpm><Value>111</Value></HeartRateBpm><SensorState>Present</SensorState></Trackpoint><Trackpoint><Time>2025-07-20T10:45:53.201Z</Time><DistanceMeters>1651.092657380634</DistanceMeters><HeartRateBpm><Value>111</Value></HeartRateBpm><SensorState>Present</SensorState></Trackpoint><Trackpoint><Time>2025-07-20T10:45:54.201Z</Time><DistanceMeters>1652.1853147612678</DistanceMeters><HeartRateBpm><Value>111</Value></HeartRateBpm><SensorState>Present</SensorState></Trackpoint><Trackpoint><Time>2025-07-20T10:45:55.201Z</Time><DistanceMeters>1653.2779721419017</DistanceMeters><HeartRateBpm><Value>112</Value></HeartRateBpm><SensorState>Present</SensorState></Trackpoint><Trackpoint><Time>2025-07-20T10:45:56.201Z</Time><DistanceMeters>1654.3706295225356</DistanceMeters><HeartRateBpm><Value>112</Value></HeartRateBpm><SensorState>Present</SensorState></Trackpoint><Trackpoint><Time>2025-07-20T10:45:57.201Z</Time><DistanceMeters>1655.4632869031695</DistanceMeters><HeartRateBpm><Value>113</Value></HeartRateBpm><SensorState>Present</SensorState></Trackpoint><Trackpoint><Time>2025-07-20T10:45:58.201Z</Time><DistanceMeters>1656.5559442838035</DistanceMeters><HeartRateBpm><Value>113</Value></HeartRateBpm><SensorState>Present</SensorState></Trackpoint><Trackpoint><Time>2025-07-20T10:45:59.201Z</Time><DistanceMeters>1657.6486016644374</DistanceMeters><HeartRateBpm><Value>114</Value></HeartRateBpm><SensorState>Present</SensorState></Trackpoint><Trackpoint><Time>2025-07-20T10:46:00.201Z</Time><DistanceMeters>1658.7412590450713</DistanceMeters><HeartRateBpm><Value>115</Value></HeartRateBpm><SensorState>Present</SensorState></Trackpoint><Trackpoint><Time>2025-07-20T10:46:01.201Z</Time><DistanceMeters>1659.8339164257052</DistanceMeters><HeartRateBpm><Value>115</Value></HeartRateBpm><SensorState>Present</SensorState></Trackpoint><Trackpoint><Time>2025-07-20T10:46:02.201Z</Time><DistanceMeters>1660.926573806339</DistanceMeters><HeartRateBpm><Value>115</Value></HeartRateBpm><SensorState>Present</SensorState></Trackpoint><Trackpoint><Time>2025-07-20T10:46:03.201Z</Time><DistanceMeters>1675.0</DistanceMeters><HeartRateBpm><Value>116</Value></HeartRateBpm><SensorState>Present</SensorState></Trackpoint><Trackpoint><Time>2025-07-20T10:46:04.201Z</Time><DistanceMeters>1675.0</DistanceMeters><HeartRateBpm><Value>117</Value></HeartRateBpm><SensorState>Present</SensorState></Trackpoint><Trackpoint><Time>2025-07-20T10:46:05.201Z</Time><DistanceMeters>1675.0</DistanceMeters><HeartRateBpm><Value>118</Value></HeartRateBpm><SensorState>Present</SensorState></Trackpoint><Trackpoint><Time>2025-07-20T10:46:06.201Z</Time><DistanceMeters>1675.0</DistanceMeters><HeartRateBpm><Value>119</Value></HeartRateBpm><SensorState>Present</SensorState></Trackpoint><Trackpoint><Time>2025-07-20T10:46:07.201Z</Time><DistanceMeters>1675.0</DistanceMeters><HeartRateBpm><Value>120</Value></HeartRateBpm><SensorState>Present</SensorState></Trackpoint><Trackpoint><Time>2025-07-20T10:46:08.201Z</Time><DistanceMeters>1675.0</DistanceMeters><HeartRateBpm><Value>120</Value></HeartRateBpm><SensorState>Present</SensorState></Trackpoint><Trackpoint><Time>2025-07-20T10:46:09.201Z</Time><DistanceMeters>1675.0</DistanceMeters><HeartRateBpm><Value>120</Value></HeartRateBpm><SensorState>Present</SensorState></Trackpoint><Trackpoint><Time>2025-07-20T10:46:10.201Z</Time><DistanceMeters>1675.0</DistanceMeters><HeartRateBpm><Value>121</Value></HeartRateBpm><SensorState>Present</SensorState></Trackpoint><Trackpoint><Time>2025-07-20T10:46:11.201Z</Time><DistanceMeters>1675.0</DistanceMeters><HeartRateBpm><Value>121</Value></HeartRateBpm><SensorState>Present</SensorState></Trackpoint><Trackpoint><Time>2025-07-20T10:46:12.201Z</Time><DistanceMeters>1675.0</DistanceMeters><HeartRateBpm><Value>121</Value></HeartRateBpm><SensorState>Present</SensorState></Trackpoint><Trackpoint><Time>2025-07-20T10:46:13.201Z</Time><DistanceMeters>1675.0</DistanceMeters><HeartRateBpm><Value>121</Value></HeartRateBpm><SensorState>Present</SensorState></Trackpoint><Trackpoint><Time>2025-07-20T10:46:14.201Z</Time><DistanceMeters>1675.0</DistanceMeters><HeartRateBpm><Value>122</Value></HeartRateBpm><SensorState>Present</SensorState></Trackpoint><Trackpoint><Time>2025-07-20T10:46:15.201Z</Time><DistanceMeters>1675.0</DistanceMeters><HeartRateBpm><Value>122</Value></HeartRateBpm><SensorState>Present</SensorState></Trackpoint><Trackpoint><Time>2025-07-20T10:46:16.201Z</Time><DistanceMeters>1675.0</DistanceMeters><HeartRateBpm><Value>123</Value></HeartRateBpm><SensorState>Present</SensorState></Trackpoint><Trackpoint><Time>2025-07-20T10:46:17.201Z</Time><DistanceMeters>1675.0</DistanceMeters><HeartRateBpm><Value>124</Value></HeartRateBpm><SensorState>Present</SensorState></Trackpoint><Trackpoint><Time>2025-07-20T10:46:18.201Z</Time><DistanceMeters>1675.0</DistanceMeters><HeartRateBpm><Value>125</Value></HeartRateBpm><SensorState>Present</SensorState></Trackpoint><Trackpoint><Time>2025-07-20T10:46:19.201Z</Time><DistanceMeters>1675.0</DistanceMeters><HeartRateBpm><Value>126</Value></HeartRateBpm><SensorState>Present</SensorState></Trackpoint><Trackpoint><Time>2025-07-20T10:46:20.201Z</Time><DistanceMeters>1675.0</DistanceMeters><HeartRateBpm><Value>126</Value></HeartRateBpm><SensorState>Present</SensorState></Trackpoint><Trackpoint><Time>2025-07-20T10:46:21.201Z</Time><DistanceMeters>1675.0</DistanceMeters><HeartRateBpm><Value>127</Value></HeartRateBpm><SensorState>Present</SensorState></Trackpoint><Trackpoint><Time>2025-07-20T10:46:22.201Z</Time><DistanceMeters>1675.0</DistanceMeters><HeartRateBpm><Value>127</Value></HeartRateBpm><SensorState>Present</SensorState></Trackpoint><Trackpoint><Time>2025-07-20T10:46:23.201Z</Time><DistanceMeters>1675.0</DistanceMeters><HeartRateBpm><Value>127</Value></HeartRateBpm><SensorState>Present</SensorState></Trackpoint><Trackpoint><Time>2025-07-20T10:46:24.201Z</Time><DistanceMeters>1675.0</DistanceMeters><HeartRateBpm><Value>127</Value></HeartRateBpm><SensorState>Present</SensorState></Trackpoint><Trackpoint><Time>2025-07-20T10:46:25.201Z</Time><DistanceMeters>1675.0</DistanceMeters><HeartRateBpm><Value>127</Value></HeartRateBpm><SensorState>Present</SensorState></Trackpoint><Trackpoint><Time>2025-07-20T10:46:26.201Z</Time><DistanceMeters>1676.092657380634</DistanceMeters><HeartRateBpm><Value>128</Value></HeartRateBpm><SensorState>Present</SensorState></Trackpoint><Trackpoint><Time>2025-07-20T10:46:27.201Z</Time><DistanceMeters>1677.1853147612678</DistanceMeters><HeartRateBpm><Value>129</Value></HeartRateBpm><SensorState>Present</SensorState></Trackpoint><Trackpoint><Time>2025-07-20T10:46:28.201Z</Time><DistanceMeters>1678.2779721419017</DistanceMeters><HeartRateBpm><Value>130</Value></HeartRateBpm><SensorState>Present</SensorState></Trackpoint><Trackpoint><Time>2025-07-20T10:46:29.201Z</Time><DistanceMeters>1679.3706295225356</DistanceMeters><HeartRateBpm><Value>132</Value></HeartRateBpm><SensorState>Present</SensorState></Trackpoint><Trackpoint><Time>2025-07-20T10:46:30.201Z</Time><DistanceMeters>1680.4632869031695</DistanceMeters><HeartRateBpm><Value>133</Value></HeartRateBpm><SensorState>Present</SensorState></Trackpoint><Trackpoint><Time>2025-07-20T10:46:31.201Z</Time><DistanceMeters>1681.5559442838035</DistanceMeters><HeartRateBpm><Value>134</Value></HeartRateBpm><SensorState>Present</SensorState></Trackpoint><Trackpoint><Time>2025-07-20T10:46:32.201Z</Time><DistanceMeters>1682.6486016644374</DistanceMeters><HeartRateBpm><Value>134</Value></HeartRateBpm><SensorState>Present</SensorState></Trackpoint><Trackpoint><Time>2025-07-20T10:46:33.201Z</Time><DistanceMeters>1683.7412590450713</DistanceMeters><HeartRateBpm><Value>135</Value></HeartRateBpm><SensorState>Present</SensorState></Trackpoint><Trackpoint><Time>2025-07-20T10:46:34.201Z</Time><DistanceMeters>1684.8339164257052</DistanceMeters><HeartRateBpm><Value>134</Value></HeartRateBpm><SensorState>Present</SensorState></Trackpoint><Trackpoint><Time>2025-07-20T10:46:35.201Z</Time><DistanceMeters>1685.926573806339</DistanceMeters><HeartRateBpm><Value>134</Value></HeartRateBpm><SensorState>Present</SensorState></Trackpoint><Trackpoint><Time>2025-07-20T10:46:36.201Z</Time><DistanceMeters>1700.0</DistanceMeters><HeartRateBpm><Value>133</Value></HeartRateBpm><SensorState>Present</SensorState></Trackpoint><Trackpoint><Time>2025-07-20T10:46:37.201Z</Time><DistanceMeters>1700.0</DistanceMeters><HeartRateBpm><Value>133</Value></HeartRateBpm><SensorState>Present</SensorState></Trackpoint><Trackpoint><Time>2025-07-20T10:46:38.201Z</Time><DistanceMeters>1700.0</DistanceMeters><HeartRateBpm><Value>133</Value></HeartRateBpm><SensorState>Present</SensorState></Trackpoint><Trackpoint><Time>2025-07-20T10:46:39.201Z</Time><DistanceMeters>1700.0</DistanceMeters><HeartRateBpm><Value>133</Value></HeartRateBpm><SensorState>Present</SensorState></Trackpoint><Trackpoint><Time>2025-07-20T10:46:40.201Z</Time><DistanceMeters>1700.0</DistanceMeters><HeartRateBpm><Value>133</Value></HeartRateBpm><SensorState>Present</SensorState></Trackpoint><Trackpoint><Time>2025-07-20T10:46:41.201Z</Time><DistanceMeters>1700.0</DistanceMeters><HeartRateBpm><Value>134</Value></HeartRateBpm><SensorState>Present</SensorState></Trackpoint><Trackpoint><Time>2025-07-20T10:46:42.201Z</Time><DistanceMeters>1700.0</DistanceMeters><HeartRateBpm><Value>135</Value></HeartRateBpm><SensorState>Present</SensorState></Trackpoint><Trackpoint><Time>2025-07-20T10:46:43.201Z</Time><DistanceMeters>1700.0</DistanceMeters><HeartRateBpm><Value>135</Value></HeartRateBpm><SensorState>Present</SensorState></Trackpoint><Trackpoint><Time>2025-07-20T10:46:44.201Z</Time><DistanceMeters>1700.0</DistanceMeters><HeartRateBpm><Value>135</Value></HeartRateBpm><SensorState>Present</SensorState></Trackpoint><Trackpoint><Time>2025-07-20T10:46:45.201Z</Time><DistanceMeters>1700.0</DistanceMeters><HeartRateBpm><Value>134</Value></HeartRateBpm><SensorState>Present</SensorState></Trackpoint><Trackpoint><Time>2025-07-20T10:46:46.201Z</Time><DistanceMeters>1700.0</DistanceMeters><HeartRateBpm><Value>134</Value></HeartRateBpm><SensorState>Present</SensorState></Trackpoint><Trackpoint><Time>2025-07-20T10:46:47.201Z</Time><DistanceMeters>1700.0</DistanceMeters><HeartRateBpm><Value>134</Value></HeartRateBpm><SensorState>Present</SensorState></Trackpoint><Trackpoint><Time>2025-07-20T10:46:48.201Z</Time><DistanceMeters>1700.0</DistanceMeters><HeartRateBpm><Value>135</Value></HeartRateBpm><SensorState>Present</SensorState></Trackpoint><Trackpoint><Time>2025-07-20T10:46:49.201Z</Time><DistanceMeters>1700.0</DistanceMeters><HeartRateBpm><Value>134</Value></HeartRateBpm><SensorState>Present</SensorState></Trackpoint><Trackpoint><Time>2025-07-20T10:46:50.201Z</Time><DistanceMeters>1700.0</DistanceMeters><HeartRateBpm><Value>133</Value></HeartRateBpm><SensorState>Present</SensorState></Trackpoint><Trackpoint><Time>2025-07-20T10:46:51.201Z</Time><DistanceMeters>1700.0</DistanceMeters><HeartRateBpm><Value>133</Value></HeartRateBpm><SensorState>Present</SensorState></Trackpoint><Trackpoint><Time>2025-07-20T10:46:52.201Z</Time><DistanceMeters>1700.0</DistanceMeters><HeartRateBpm><Value>132</Value></HeartRateBpm><SensorState>Present</SensorState></Trackpoint><Trackpoint><Time>2025-07-20T10:46:53.201Z</Time><DistanceMeters>1700.0</DistanceMeters><HeartRateBpm><Value>132</Value></HeartRateBpm><SensorState>Present</SensorState></Trackpoint><Trackpoint><Time>2025-07-20T10:46:54.201Z</Time><DistanceMeters>1700.0</DistanceMeters><HeartRateBpm><Value>131</Value></HeartRateBpm><SensorState>Present</SensorState></Trackpoint><Trackpoint><Time>2025-07-20T10:46:55.201Z</Time><DistanceMeters>1700.0</DistanceMeters><HeartRateBpm><Value>130</Value></HeartRateBpm><SensorState>Present</SensorState></Trackpoint><Trackpoint><Time>2025-07-20T10:46:56.201Z</Time><DistanceMeters>1700.0</DistanceMeters><HeartRateBpm><Value>130</Value></HeartRateBpm><SensorState>Present</SensorState></Trackpoint><Trackpoint><Time>2025-07-20T10:46:57.201Z</Time><DistanceMeters>1700.0</DistanceMeters><HeartRateBpm><Value>130</Value></HeartRateBpm><SensorState>Present</SensorState></Trackpoint><Trackpoint><Time>2025-07-20T10:46:58.201Z</Time><DistanceMeters>1701.092657380634</DistanceMeters><HeartRateBpm><Value>130</Value></HeartRateBpm><SensorState>Present</SensorState></Trackpoint><Trackpoint><Time>2025-07-20T10:46:59.201Z</Time><DistanceMeters>1702.1853147612678</DistanceMeters><HeartRateBpm><Value>130</Value></HeartRateBpm><SensorState>Present</SensorState></Trackpoint><Trackpoint><Time>2025-07-20T10:47:00.201Z</Time><DistanceMeters>1703.2779721419017</DistanceMeters><HeartRateBpm><Value>130</Value></HeartRateBpm><SensorState>Present</SensorState></Trackpoint><Trackpoint><Time>2025-07-20T10:47:01.201Z</Time><DistanceMeters>1704.3706295225356</DistanceMeters><HeartRateBpm><Value>129</Value></HeartRateBpm><SensorState>Present</SensorState></Trackpoint><Trackpoint><Time>2025-07-20T10:47:02.201Z</Time><DistanceMeters>1705.4632869031695</DistanceMeters><HeartRateBpm><Value>129</Value></HeartRateBpm><SensorState>Present</SensorState></Trackpoint><Trackpoint><Time>2025-07-20T10:47:03.201Z</Time><DistanceMeters>1706.5559442838035</DistanceMeters><HeartRateBpm><Value>129</Value></HeartRateBpm><SensorState>Present</SensorState></Trackpoint><Trackpoint><Time>2025-07-20T10:47:04.201Z</Time><DistanceMeters>1707.6486016644374</DistanceMeters><HeartRateBpm><Value>129</Value></HeartRateBpm><SensorState>Present</SensorState></Trackpoint><Trackpoint><Time>2025-07-20T10:47:05.201Z</Time><DistanceMeters>1708.7412590450713</DistanceMeters><HeartRateBpm><Value>129</Value></HeartRateBpm><SensorState>Present</SensorState></Trackpoint><Trackpoint><Time>2025-07-20T10:47:06.201Z</Time><DistanceMeters>1709.8339164257052</DistanceMeters><HeartRateBpm><Value>129</Value></HeartRateBpm><SensorState>Present</SensorState></Trackpoint><Trackpoint><Time>2025-07-20T10:47:07.201Z</Time><DistanceMeters>1710.926573806339</DistanceMeters><HeartRateBpm><Value>129</Value></HeartRateBpm><SensorState>Present</SensorState></Trackpoint><Trackpoint><Time>2025-07-20T10:47:08.201Z</Time><DistanceMeters>1725.0</DistanceMeters><HeartRateBpm><Value>130</Value></HeartRateBpm><SensorState>Present</SensorState></Trackpoint><Trackpoint><Time>2025-07-20T10:47:09.201Z</Time><DistanceMeters>1725.0</DistanceMeters><HeartRateBpm><Value>130</Value></HeartRateBpm><SensorState>Present</SensorState></Trackpoint><Trackpoint><Time>2025-07-20T10:47:10.201Z</Time><DistanceMeters>1725.0</DistanceMeters><HeartRateBpm><Value>130</Value></HeartRateBpm><SensorState>Present</SensorState></Trackpoint><Trackpoint><Time>2025-07-20T10:47:11.201Z</Time><DistanceMeters>1725.0</DistanceMeters><HeartRateBpm><Value>130</Value></HeartRateBpm><SensorState>Present</SensorState></Trackpoint><Trackpoint><Time>2025-07-20T10:47:12.201Z</Time><DistanceMeters>1725.0</DistanceMeters><HeartRateBpm><Value>129</Value></HeartRateBpm><SensorState>Present</SensorState></Trackpoint><Trackpoint><Time>2025-07-20T10:47:13.201Z</Time><DistanceMeters>1725.0</DistanceMeters><HeartRateBpm><Value>129</Value></HeartRateBpm><SensorState>Present</SensorState></Trackpoint><Trackpoint><Time>2025-07-20T10:47:14.201Z</Time><DistanceMeters>1725.0</DistanceMeters><HeartRateBpm><Value>129</Value></HeartRateBpm><SensorState>Present</SensorState></Trackpoint><Trackpoint><Time>2025-07-20T10:47:15.201Z</Time><DistanceMeters>1725.0</DistanceMeters><HeartRateBpm><Value>128</Value></HeartRateBpm><SensorState>Present</SensorState></Trackpoint><Trackpoint><Time>2025-07-20T10:47:16.201Z</Time><DistanceMeters>1725.0</DistanceMeters><HeartRateBpm><Value>127</Value></HeartRateBpm><SensorState>Present</SensorState></Trackpoint><Trackpoint><Time>2025-07-20T10:47:17.201Z</Time><DistanceMeters>1725.0</DistanceMeters><HeartRateBpm><Value>126</Value></HeartRateBpm><SensorState>Present</SensorState></Trackpoint><Trackpoint><Time>2025-07-20T10:47:18.201Z</Time><DistanceMeters>1725.0</DistanceMeters><HeartRateBpm><Value>126</Value></HeartRateBpm><SensorState>Present</SensorState></Trackpoint><Trackpoint><Time>2025-07-20T10:47:19.201Z</Time><DistanceMeters>1725.0</DistanceMeters><HeartRateBpm><Value>126</Value></HeartRateBpm><SensorState>Present</SensorState></Trackpoint><Trackpoint><Time>2025-07-20T10:47:20.201Z</Time><DistanceMeters>1725.0</DistanceMeters><HeartRateBpm><Value>125</Value></HeartRateBpm><SensorState>Present</SensorState></Trackpoint><Trackpoint><Time>2025-07-20T10:47:21.201Z</Time><DistanceMeters>1725.0</DistanceMeters><HeartRateBpm><Value>125</Value></HeartRateBpm><SensorState>Present</SensorState></Trackpoint><Trackpoint><Time>2025-07-20T10:47:22.201Z</Time><DistanceMeters>1725.0</DistanceMeters><HeartRateBpm><Value>124</Value></HeartRateBpm><SensorState>Present</SensorState></Trackpoint><Trackpoint><Time>2025-07-20T10:47:23.201Z</Time><DistanceMeters>1725.0</DistanceMeters><HeartRateBpm><Value>124</Value></HeartRateBpm><SensorState>Present</SensorState></Trackpoint><Trackpoint><Time>2025-07-20T10:47:24.201Z</Time><DistanceMeters>1725.0</DistanceMeters><HeartRateBpm><Value>124</Value></HeartRateBpm><SensorState>Present</SensorState></Trackpoint><Trackpoint><Time>2025-07-20T10:47:25.201Z</Time><DistanceMeters>1725.0</DistanceMeters><HeartRateBpm><Value>124</Value></HeartRateBpm><SensorState>Present</SensorState></Trackpoint><Trackpoint><Time>2025-07-20T10:47:26.201Z</Time><DistanceMeters>1725.0</DistanceMeters><HeartRateBpm><Value>124</Value></HeartRateBpm><SensorState>Present</SensorState></Trackpoint><Trackpoint><Time>2025-07-20T10:47:27.201Z</Time><DistanceMeters>1725.0</DistanceMeters><HeartRateBpm><Value>123</Value></HeartRateBpm><SensorState>Present</SensorState></Trackpoint><Trackpoint><Time>2025-07-20T10:47:28.201Z</Time><DistanceMeters>1725.0</DistanceMeters><HeartRateBpm><Value>122</Value></HeartRateBpm><SensorState>Present</SensorState></Trackpoint><Trackpoint><Time>2025-07-20T10:47:29.201Z</Time><DistanceMeters>1725.0</DistanceMeters><HeartRateBpm><Value>122</Value></HeartRateBpm><SensorState>Present</SensorState></Trackpoint><Trackpoint><Time>2025-07-20T10:47:30.201Z</Time><DistanceMeters>1725.0</DistanceMeters><HeartRateBpm><Value>123</Value></HeartRateBpm><SensorState>Present</SensorState></Trackpoint><Trackpoint><Time>2025-07-20T10:47:31.201Z</Time><DistanceMeters>1725.0</DistanceMeters><HeartRateBpm><Value>123</Value></HeartRateBpm><SensorState>Present</SensorState></Trackpoint><Trackpoint><Time>2025-07-20T10:47:32.201Z</Time><DistanceMeters>1726.092657380634</DistanceMeters><HeartRateBpm><Value>123</Value></HeartRateBpm><SensorState>Present</SensorState></Trackpoint><Trackpoint><Time>2025-07-20T10:47:33.201Z</Time><DistanceMeters>1727.1853147612678</DistanceMeters><HeartRateBpm><Value>123</Value></HeartRateBpm><SensorState>Present</SensorState></Trackpoint><Trackpoint><Time>2025-07-20T10:47:34.201Z</Time><DistanceMeters>1728.2779721419017</DistanceMeters><HeartRateBpm><Value>124</Value></HeartRateBpm><SensorState>Present</SensorState></Trackpoint><Trackpoint><Time>2025-07-20T10:47:35.201Z</Time><DistanceMeters>1729.3706295225356</DistanceMeters><HeartRateBpm><Value>124</Value></HeartRateBpm><SensorState>Present</SensorState></Trackpoint><Trackpoint><Time>2025-07-20T10:47:36.201Z</Time><DistanceMeters>1730.4632869031695</DistanceMeters><HeartRateBpm><Value>124</Value></HeartRateBpm><SensorState>Present</SensorState></Trackpoint><Trackpoint><Time>2025-07-20T10:47:37.201Z</Time><DistanceMeters>1731.5559442838035</DistanceMeters><HeartRateBpm><Value>124</Value></HeartRateBpm><SensorState>Present</SensorState></Trackpoint><Trackpoint><Time>2025-07-20T10:47:38.201Z</Time><DistanceMeters>1732.6486016644374</DistanceMeters><HeartRateBpm><Value>123</Value></HeartRateBpm><SensorState>Present</SensorState></Trackpoint><Trackpoint><Time>2025-07-20T10:47:39.201Z</Time><DistanceMeters>1733.7412590450713</DistanceMeters><HeartRateBpm><Value>122</Value></HeartRateBpm><SensorState>Present</SensorState></Trackpoint><Trackpoint><Time>2025-07-20T10:47:40.201Z</Time><DistanceMeters>1734.8339164257052</DistanceMeters><HeartRateBpm><Value>122</Value></HeartRateBpm><SensorState>Present</SensorState></Trackpoint><Trackpoint><Time>2025-07-20T10:47:41.201Z</Time><DistanceMeters>1735.926573806339</DistanceMeters><HeartRateBpm><Value>121</Value></HeartRateBpm><SensorState>Present</SensorState></Trackpoint><Trackpoint><Time>2025-07-20T10:47:42.201Z</Time><DistanceMeters>1750.0</DistanceMeters><HeartRateBpm><Value>120</Value></HeartRateBpm><SensorState>Present</SensorState></Trackpoint><Trackpoint><Time>2025-07-20T10:47:43.201Z</Time><DistanceMeters>1750.0</DistanceMeters><HeartRateBpm><Value>120</Value></HeartRateBpm><SensorState>Present</SensorState></Trackpoint><Trackpoint><Time>2025-07-20T10:47:44.201Z</Time><DistanceMeters>1750.0</DistanceMeters><HeartRateBpm><Value>119</Value></HeartRateBpm><SensorState>Present</SensorState></Trackpoint><Trackpoint><Time>2025-07-20T10:47:45.201Z</Time><DistanceMeters>1750.0</DistanceMeters><HeartRateBpm><Value>119</Value></HeartRateBpm><SensorState>Present</SensorState></Trackpoint><Trackpoint><Time>2025-07-20T10:47:46.201Z</Time><DistanceMeters>1750.0</DistanceMeters><HeartRateBpm><Value>119</Value></HeartRateBpm><SensorState>Present</SensorState></Trackpoint><Trackpoint><Time>2025-07-20T10:47:47.201Z</Time><DistanceMeters>1750.0</DistanceMeters><HeartRateBpm><Value>119</Value></HeartRateBpm><SensorState>Present</SensorState></Trackpoint><Trackpoint><Time>2025-07-20T10:47:48.201Z</Time><DistanceMeters>1750.0</DistanceMeters><HeartRateBpm><Value>119</Value></HeartRateBpm><SensorState>Present</SensorState></Trackpoint><Trackpoint><Time>2025-07-20T10:47:49.201Z</Time><DistanceMeters>1750.0</DistanceMeters><HeartRateBpm><Value>119</Value></HeartRateBpm><SensorState>Present</SensorState></Trackpoint><Trackpoint><Time>2025-07-20T10:47:50.201Z</Time><DistanceMeters>1750.0</DistanceMeters><HeartRateBpm><Value>121</Value></HeartRateBpm><SensorState>Present</SensorState></Trackpoint><Trackpoint><Time>2025-07-20T10:47:51.201Z</Time><DistanceMeters>1750.0</DistanceMeters><HeartRateBpm><Value>122</Value></HeartRateBpm><SensorState>Present</SensorState></Trackpoint></Track><Track><Trackpoint><Time>2025-07-20T10:48:33.061Z</Time><DistanceMeters>1750.0</DistanceMeters><HeartRateBpm><Value>127</Value></HeartRateBpm><SensorState>Present</SensorState></Trackpoint><Trackpoint><Time>2025-07-20T10:48:34.061Z</Time><DistanceMeters>1750.0</DistanceMeters><HeartRateBpm><Value>126</Value></HeartRateBpm><SensorState>Present</SensorState></Trackpoint><Trackpoint><Time>2025-07-20T10:48:35.061Z</Time><DistanceMeters>1750.0</DistanceMeters><HeartRateBpm><Value>126</Value></HeartRateBpm><SensorState>Present</SensorState></Trackpoint><Trackpoint><Time>2025-07-20T10:48:36.061Z</Time><DistanceMeters>1750.0</DistanceMeters><HeartRateBpm><Value>127</Value></HeartRateBpm><SensorState>Present</SensorState></Trackpoint><Trackpoint><Time>2025-07-20T10:48:37.061Z</Time><DistanceMeters>1750.0</DistanceMeters><HeartRateBpm><Value>127</Value></HeartRateBpm><SensorState>Present</SensorState></Trackpoint><Trackpoint><Time>2025-07-20T10:48:38.061Z</Time><DistanceMeters>1750.0</DistanceMeters><HeartRateBpm><Value>127</Value></HeartRateBpm><SensorState>Present</SensorState></Trackpoint><Trackpoint><Time>2025-07-20T10:48:39.061Z</Time><DistanceMeters>1750.0</DistanceMeters><HeartRateBpm><Value>127</Value></HeartRateBpm><SensorState>Present</SensorState></Trackpoint><Trackpoint><Time>2025-07-20T10:48:40.061Z</Time><DistanceMeters>1750.0</DistanceMeters><HeartRateBpm><Value>126</Value></HeartRateBpm><SensorState>Present</SensorState></Trackpoint><Trackpoint><Time>2025-07-20T10:48:41.061Z</Time><DistanceMeters>1750.0</DistanceMeters><HeartRateBpm><Value>125</Value></HeartRateBpm><SensorState>Present</SensorState></Trackpoint><Trackpoint><Time>2025-07-20T10:48:42.061Z</Time><DistanceMeters>1750.0</DistanceMeters><HeartRateBpm><Value>125</Value></HeartRateBpm><SensorState>Present</SensorState></Trackpoint><Trackpoint><Time>2025-07-20T10:48:43.061Z</Time><DistanceMeters>1750.0</DistanceMeters><HeartRateBpm><Value>124</Value></HeartRateBpm><SensorState>Present</SensorState></Trackpoint><Trackpoint><Time>2025-07-20T10:48:44.061Z</Time><DistanceMeters>1750.0</DistanceMeters><HeartRateBpm><Value>124</Value></HeartRateBpm><SensorState>Present</SensorState></Trackpoint><Trackpoint><Time>2025-07-20T10:48:45.061Z</Time><DistanceMeters>1750.0</DistanceMeters><HeartRateBpm><Value>124</Value></HeartRateBpm><SensorState>Present</SensorState></Trackpoint><Trackpoint><Time>2025-07-20T10:48:46.061Z</Time><DistanceMeters>1750.0</DistanceMeters><HeartRateBpm><Value>124</Value></HeartRateBpm><SensorState>Present</SensorState></Trackpoint><Trackpoint><Time>2025-07-20T10:48:47.061Z</Time><DistanceMeters>1750.0</DistanceMeters><HeartRateBpm><Value>124</Value></HeartRateBpm><SensorState>Present</SensorState></Trackpoint><Trackpoint><Time>2025-07-20T10:48:48.061Z</Time><DistanceMeters>1750.0</DistanceMeters><HeartRateBpm><Value>124</Value></HeartRateBpm><SensorState>Present</SensorState></Trackpoint><Trackpoint><Time>2025-07-20T10:48:49.061Z</Time><DistanceMeters>1751.092657380634</DistanceMeters><HeartRateBpm><Value>124</Value></HeartRateBpm><SensorState>Present</SensorState></Trackpoint><Trackpoint><Time>2025-07-20T10:48:50.061Z</Time><DistanceMeters>1752.1853147612678</DistanceMeters><HeartRateBpm><Value>125</Value></HeartRateBpm><SensorState>Present</SensorState></Trackpoint><Trackpoint><Time>2025-07-20T10:48:51.061Z</Time><DistanceMeters>1753.2779721419017</DistanceMeters><HeartRateBpm><Value>127</Value></HeartRateBpm><SensorState>Present</SensorState></Trackpoint><Trackpoint><Time>2025-07-20T10:48:52.061Z</Time><DistanceMeters>1754.3706295225356</DistanceMeters><HeartRateBpm><Value>128</Value></HeartRateBpm><SensorState>Present</SensorState></Trackpoint><Trackpoint><Time>2025-07-20T10:48:53.061Z</Time><DistanceMeters>1755.4632869031695</DistanceMeters><HeartRateBpm><Value>128</Value></HeartRateBpm><SensorState>Present</SensorState></Trackpoint><Trackpoint><Time>2025-07-20T10:48:54.061Z</Time><DistanceMeters>1756.5559442838035</DistanceMeters><HeartRateBpm><Value>128</Value></HeartRateBpm><SensorState>Present</SensorState></Trackpoint><Trackpoint><Time>2025-07-20T10:48:55.061Z</Time><DistanceMeters>1757.6486016644374</DistanceMeters><HeartRateBpm><Value>128</Value></HeartRateBpm><SensorState>Present</SensorState></Trackpoint><Trackpoint><Time>2025-07-20T10:48:56.061Z</Time><DistanceMeters>1758.7412590450713</DistanceMeters><HeartRateBpm><Value>129</Value></HeartRateBpm><SensorState>Present</SensorState></Trackpoint><Trackpoint><Time>2025-07-20T10:48:57.061Z</Time><DistanceMeters>1759.8339164257052</DistanceMeters><HeartRateBpm><Value>129</Value></HeartRateBpm><SensorState>Present</SensorState></Trackpoint><Trackpoint><Time>2025-07-20T10:48:58.061Z</Time><DistanceMeters>1760.926573806339</DistanceMeters><HeartRateBpm><Value>128</Value></HeartRateBpm><SensorState>Present</SensorState></Trackpoint><Trackpoint><Time>2025-07-20T10:48:59.061Z</Time><DistanceMeters>1775.0</DistanceMeters><HeartRateBpm><Value>128</Value></HeartRateBpm><SensorState>Present</SensorState></Trackpoint><Trackpoint><Time>2025-07-20T10:49:00.061Z</Time><DistanceMeters>1775.0</DistanceMeters><HeartRateBpm><Value>126</Value></HeartRateBpm><SensorState>Present</SensorState></Trackpoint><Trackpoint><Time>2025-07-20T10:49:01.061Z</Time><DistanceMeters>1775.0</DistanceMeters><HeartRateBpm><Value>125</Value></HeartRateBpm><SensorState>Present</SensorState></Trackpoint><Trackpoint><Time>2025-07-20T10:49:02.061Z</Time><DistanceMeters>1775.0</DistanceMeters><HeartRateBpm><Value>126</Value></HeartRateBpm><SensorState>Present</SensorState></Trackpoint><Trackpoint><Time>2025-07-20T10:49:03.061Z</Time><DistanceMeters>1775.0</DistanceMeters><HeartRateBpm><Value>126</Value></HeartRateBpm><SensorState>Present</SensorState></Trackpoint><Trackpoint><Time>2025-07-20T10:49:04.061Z</Time><DistanceMeters>1775.0</DistanceMeters><HeartRateBpm><Value>126</Value></HeartRateBpm><SensorState>Present</SensorState></Trackpoint><Trackpoint><Time>2025-07-20T10:49:05.061Z</Time><DistanceMeters>1775.0</DistanceMeters><HeartRateBpm><Value>125</Value></HeartRateBpm><SensorState>Present</SensorState></Trackpoint><Trackpoint><Time>2025-07-20T10:49:06.061Z</Time><DistanceMeters>1775.0</DistanceMeters><HeartRateBpm><Value>126</Value></HeartRateBpm><SensorState>Present</SensorState></Trackpoint><Trackpoint><Time>2025-07-20T10:49:07.061Z</Time><DistanceMeters>1775.0</DistanceMeters><HeartRateBpm><Value>126</Value></HeartRateBpm><SensorState>Present</SensorState></Trackpoint><Trackpoint><Time>2025-07-20T10:49:08.061Z</Time><DistanceMeters>1775.0</DistanceMeters><HeartRateBpm><Value>126</Value></HeartRateBpm><SensorState>Present</SensorState></Trackpoint><Trackpoint><Time>2025-07-20T10:49:09.061Z</Time><DistanceMeters>1775.0</DistanceMeters><HeartRateBpm><Value>126</Value></HeartRateBpm><SensorState>Present</SensorState></Trackpoint><Trackpoint><Time>2025-07-20T10:49:10.061Z</Time><DistanceMeters>1775.0</DistanceMeters><HeartRateBpm><Value>126</Value></HeartRateBpm><SensorState>Present</SensorState></Trackpoint><Trackpoint><Time>2025-07-20T10:49:11.061Z</Time><DistanceMeters>1775.0</DistanceMeters><HeartRateBpm><Value>126</Value></HeartRateBpm><SensorState>Present</SensorState></Trackpoint><Trackpoint><Time>2025-07-20T10:49:12.061Z</Time><DistanceMeters>1775.0</DistanceMeters><HeartRateBpm><Value>126</Value></HeartRateBpm><SensorState>Present</SensorState></Trackpoint><Trackpoint><Time>2025-07-20T10:49:13.061Z</Time><DistanceMeters>1775.0</DistanceMeters><HeartRateBpm><Value>126</Value></HeartRateBpm><SensorState>Present</SensorState></Trackpoint><Trackpoint><Time>2025-07-20T10:49:14.061Z</Time><DistanceMeters>1775.0</DistanceMeters><HeartRateBpm><Value>126</Value></HeartRateBpm><SensorState>Present</SensorState></Trackpoint><Trackpoint><Time>2025-07-20T10:49:15.061Z</Time><DistanceMeters>1775.0</DistanceMeters><HeartRateBpm><Value>126</Value></HeartRateBpm><SensorState>Present</SensorState></Trackpoint><Trackpoint><Time>2025-07-20T10:49:16.061Z</Time><DistanceMeters>1775.0</DistanceMeters><HeartRateBpm><Value>126</Value></HeartRateBpm><SensorState>Present</SensorState></Trackpoint><Trackpoint><Time>2025-07-20T10:49:17.061Z</Time><DistanceMeters>1775.0</DistanceMeters><HeartRateBpm><Value>125</Value></HeartRateBpm><SensorState>Present</SensorState></Trackpoint><Trackpoint><Time>2025-07-20T10:49:18.061Z</Time><DistanceMeters>1775.0</DistanceMeters><HeartRateBpm><Value>124</Value></HeartRateBpm><SensorState>Present</SensorState></Trackpoint><Trackpoint><Time>2025-07-20T10:49:19.061Z</Time><DistanceMeters>1776.092657380634</DistanceMeters><HeartRateBpm><Value>123</Value></HeartRateBpm><SensorState>Present</SensorState></Trackpoint><Trackpoint><Time>2025-07-20T10:49:20.061Z</Time><DistanceMeters>1777.1853147612678</DistanceMeters><HeartRateBpm><Value>122</Value></HeartRateBpm><SensorState>Present</SensorState></Trackpoint><Trackpoint><Time>2025-07-20T10:49:21.061Z</Time><DistanceMeters>1778.2779721419017</DistanceMeters><HeartRateBpm><Value>121</Value></HeartRateBpm><SensorState>Present</SensorState></Trackpoint><Trackpoint><Time>2025-07-20T10:49:22.061Z</Time><DistanceMeters>1779.3706295225356</DistanceMeters><HeartRateBpm><Value>120</Value></HeartRateBpm><SensorState>Present</SensorState></Trackpoint><Trackpoint><Time>2025-07-20T10:49:23.061Z</Time><DistanceMeters>1780.4632869031695</DistanceMeters><HeartRateBpm><Value>118</Value></HeartRateBpm><SensorState>Present</SensorState></Trackpoint><Trackpoint><Time>2025-07-20T10:49:24.061Z</Time><DistanceMeters>1781.5559442838035</DistanceMeters><HeartRateBpm><Value>117</Value></HeartRateBpm><SensorState>Present</SensorState></Trackpoint><Trackpoint><Time>2025-07-20T10:49:25.061Z</Time><DistanceMeters>1782.6486016644374</DistanceMeters><HeartRateBpm><Value>115</Value></HeartRateBpm><SensorState>Present</SensorState></Trackpoint><Trackpoint><Time>2025-07-20T10:49:26.061Z</Time><DistanceMeters>1783.7412590450713</DistanceMeters><HeartRateBpm><Value>114</Value></HeartRateBpm><SensorState>Present</SensorState></Trackpoint><Trackpoint><Time>2025-07-20T10:49:27.061Z</Time><DistanceMeters>1784.8339164257052</DistanceMeters><HeartRateBpm><Value>114</Value></HeartRateBpm><SensorState>Present</SensorState></Trackpoint><Trackpoint><Time>2025-07-20T10:49:28.061Z</Time><DistanceMeters>1785.926573806339</DistanceMeters><HeartRateBpm><Value>113</Value></HeartRateBpm><SensorState>Present</SensorState></Trackpoint><Trackpoint><Time>2025-07-20T10:49:29.061Z</Time><DistanceMeters>1800.0</DistanceMeters><HeartRateBpm><Value>114</Value></HeartRateBpm><SensorState>Present</SensorState></Trackpoint><Trackpoint><Time>2025-07-20T10:49:30.061Z</Time><DistanceMeters>1800.0</DistanceMeters><HeartRateBpm><Value>114</Value></HeartRateBpm><SensorState>Present</SensorState></Trackpoint><Trackpoint><Time>2025-07-20T10:49:31.061Z</Time><DistanceMeters>1800.0</DistanceMeters><HeartRateBpm><Value>114</Value></HeartRateBpm><SensorState>Present</SensorState></Trackpoint><Trackpoint><Time>2025-07-20T10:49:32.061Z</Time><DistanceMeters>1800.0</DistanceMeters><HeartRateBpm><Value>115</Value></HeartRateBpm><SensorState>Present</SensorState></Trackpoint><Trackpoint><Time>2025-07-20T10:49:33.061Z</Time><DistanceMeters>1800.0</DistanceMeters><HeartRateBpm><Value>115</Value></HeartRateBpm><SensorState>Present</SensorState></Trackpoint><Trackpoint><Time>2025-07-20T10:49:34.061Z</Time><DistanceMeters>1800.0</DistanceMeters><HeartRateBpm><Value>116</Value></HeartRateBpm><SensorState>Present</SensorState></Trackpoint><Trackpoint><Time>2025-07-20T10:49:35.061Z</Time><DistanceMeters>1800.0</DistanceMeters><HeartRateBpm><Value>116</Value></HeartRateBpm><SensorState>Present</SensorState></Trackpoint><Trackpoint><Time>2025-07-20T10:49:36.061Z</Time><DistanceMeters>1800.0</DistanceMeters><HeartRateBpm><Value>117</Value></HeartRateBpm><SensorState>Present</SensorState></Trackpoint><Trackpoint><Time>2025-07-20T10:49:37.061Z</Time><DistanceMeters>1800.0</DistanceMeters><HeartRateBpm><Value>117</Value></HeartRateBpm><SensorState>Present</SensorState></Trackpoint><Trackpoint><Time>2025-07-20T10:49:38.061Z</Time><DistanceMeters>1800.0</DistanceMeters><HeartRateBpm><Value>118</Value></HeartRateBpm><SensorState>Present</SensorState></Trackpoint><Trackpoint><Time>2025-07-20T10:49:39.061Z</Time><DistanceMeters>1800.0</DistanceMeters><HeartRateBpm><Value>118</Value></HeartRateBpm><SensorState>Present</SensorState></Trackpoint><Trackpoint><Time>2025-07-20T10:49:40.061Z</Time><DistanceMeters>1800.0</DistanceMeters><HeartRateBpm><Value>119</Value></HeartRateBpm><SensorState>Present</SensorState></Trackpoint><Trackpoint><Time>2025-07-20T10:49:41.061Z</Time><DistanceMeters>1800.0</DistanceMeters><HeartRateBpm><Value>119</Value></HeartRateBpm><SensorState>Present</SensorState></Trackpoint><Trackpoint><Time>2025-07-20T10:49:42.061Z</Time><DistanceMeters>1800.0</DistanceMeters><HeartRateBpm><Value>119</Value></HeartRateBpm><SensorState>Present</SensorState></Trackpoint><Trackpoint><Time>2025-07-20T10:49:43.061Z</Time><DistanceMeters>1800.0</DistanceMeters><HeartRateBpm><Value>119</Value></HeartRateBpm><SensorState>Present</SensorState></Trackpoint><Trackpoint><Time>2025-07-20T10:49:44.061Z</Time><DistanceMeters>1800.0</DistanceMeters><HeartRateBpm><Value>119</Value></HeartRateBpm><SensorState>Present</SensorState></Trackpoint><Trackpoint><Time>2025-07-20T10:49:45.061Z</Time><DistanceMeters>1800.0</DistanceMeters><HeartRateBpm><Value>119</Value></HeartRateBpm><SensorState>Present</SensorState></Trackpoint><Trackpoint><Time>2025-07-20T10:49:46.061Z</Time><DistanceMeters>1800.0</DistanceMeters><HeartRateBpm><Value>120</Value></HeartRateBpm><SensorState>Present</SensorState></Trackpoint><Trackpoint><Time>2025-07-20T10:49:47.061Z</Time><DistanceMeters>1800.0</DistanceMeters><HeartRateBpm><Value>120</Value></HeartRateBpm><SensorState>Present</SensorState></Trackpoint><Trackpoint><Time>2025-07-20T10:49:48.061Z</Time><DistanceMeters>1800.0</DistanceMeters><HeartRateBpm><Value>120</Value></HeartRateBpm><SensorState>Present</SensorState></Trackpoint><Trackpoint><Time>2025-07-20T10:49:49.061Z</Time><DistanceMeters>1800.0</DistanceMeters><HeartRateBpm><Value>119</Value></HeartRateBpm><SensorState>Present</SensorState></Trackpoint><Trackpoint><Time>2025-07-20T10:49:50.061Z</Time><DistanceMeters>1801.092657380634</DistanceMeters><HeartRateBpm><Value>118</Value></HeartRateBpm><SensorState>Present</SensorState></Trackpoint><Trackpoint><Time>2025-07-20T10:49:51.061Z</Time><DistanceMeters>1802.1853147612678</DistanceMeters><HeartRateBpm><Value>117</Value></HeartRateBpm><SensorState>Present</SensorState></Trackpoint><Trackpoint><Time>2025-07-20T10:49:52.061Z</Time><DistanceMeters>1803.2779721419017</DistanceMeters><HeartRateBpm><Value>115</Value></HeartRateBpm><SensorState>Present</SensorState></Trackpoint><Trackpoint><Time>2025-07-20T10:49:53.061Z</Time><DistanceMeters>1804.3706295225356</DistanceMeters><HeartRateBpm><Value>114</Value></HeartRateBpm><SensorState>Present</SensorState></Trackpoint><Trackpoint><Time>2025-07-20T10:49:54.061Z</Time><DistanceMeters>1805.4632869031695</DistanceMeters><HeartRateBpm><Value>113</Value></HeartRateBpm><SensorState>Present</SensorState></Trackpoint><Trackpoint><Time>2025-07-20T10:49:55.061Z</Time><DistanceMeters>1806.5559442838035</DistanceMeters><HeartRateBpm><Value>112</Value></HeartRateBpm><SensorState>Present</SensorState></Trackpoint><Trackpoint><Time>2025-07-20T10:49:56.061Z</Time><DistanceMeters>1807.6486016644374</DistanceMeters><HeartRateBpm><Value>112</Value></HeartRateBpm><SensorState>Present</SensorState></Trackpoint><Trackpoint><Time>2025-07-20T10:49:57.061Z</Time><DistanceMeters>1808.7412590450713</DistanceMeters><HeartRateBpm><Value>112</Value></HeartRateBpm><SensorState>Present</SensorState></Trackpoint><Trackpoint><Time>2025-07-20T10:49:58.061Z</Time><DistanceMeters>1809.8339164257052</DistanceMeters><HeartRateBpm><Value>113</Value></HeartRateBpm><SensorState>Present</SensorState></Trackpoint><Trackpoint><Time>2025-07-20T10:49:59.061Z</Time><DistanceMeters>1810.926573806339</DistanceMeters><HeartRateBpm><Value>114</Value></HeartRateBpm><SensorState>Present</SensorState></Trackpoint><Trackpoint><Time>2025-07-20T10:50:00.061Z</Time><DistanceMeters>1825.0</DistanceMeters><HeartRateBpm><Value>114</Value></HeartRateBpm><SensorState>Present</SensorState></Trackpoint><Trackpoint><Time>2025-07-20T10:50:01.061Z</Time><DistanceMeters>1825.0</DistanceMeters><HeartRateBpm><Value>115</Value></HeartRateBpm><SensorState>Present</SensorState></Trackpoint><Trackpoint><Time>2025-07-20T10:50:02.061Z</Time><DistanceMeters>1825.0</DistanceMeters><HeartRateBpm><Value>115</Value></HeartRateBpm><SensorState>Present</SensorState></Trackpoint><Trackpoint><Time>2025-07-20T10:50:03.061Z</Time><DistanceMeters>1825.0</DistanceMeters><HeartRateBpm><Value>117</Value></HeartRateBpm><SensorState>Present</SensorState></Trackpoint><Trackpoint><Time>2025-07-20T10:50:04.061Z</Time><DistanceMeters>1825.0</DistanceMeters><HeartRateBpm><Value>117</Value></HeartRateBpm><SensorState>Present</SensorState></Trackpoint><Trackpoint><Time>2025-07-20T10:50:05.061Z</Time><DistanceMeters>1825.0</DistanceMeters><HeartRateBpm><Value>117</Value></HeartRateBpm><SensorState>Present</SensorState></Trackpoint><Trackpoint><Time>2025-07-20T10:50:06.061Z</Time><DistanceMeters>1825.0</DistanceMeters><HeartRateBpm><Value>118</Value></HeartRateBpm><SensorState>Present</SensorState></Trackpoint><Trackpoint><Time>2025-07-20T10:50:07.061Z</Time><DistanceMeters>1825.0</DistanceMeters><HeartRateBpm><Value>118</Value></HeartRateBpm><SensorState>Present</SensorState></Trackpoint><Trackpoint><Time>2025-07-20T10:50:08.061Z</Time><DistanceMeters>1825.0</DistanceMeters><HeartRateBpm><Value>119</Value></HeartRateBpm><SensorState>Present</SensorState></Trackpoint><Trackpoint><Time>2025-07-20T10:50:09.061Z</Time><DistanceMeters>1825.0</DistanceMeters><HeartRateBpm><Value>119</Value></HeartRateBpm><SensorState>Present</SensorState></Trackpoint><Trackpoint><Time>2025-07-20T10:50:10.061Z</Time><DistanceMeters>1825.0</DistanceMeters><HeartRateBpm><Value>119</Value></HeartRateBpm><SensorState>Present</SensorState></Trackpoint><Trackpoint><Time>2025-07-20T10:50:11.061Z</Time><DistanceMeters>1825.0</DistanceMeters><HeartRateBpm><Value>120</Value></HeartRateBpm><SensorState>Present</SensorState></Trackpoint><Trackpoint><Time>2025-07-20T10:50:12.061Z</Time><DistanceMeters>1825.0</DistanceMeters><HeartRateBpm><Value>120</Value></HeartRateBpm><SensorState>Present</SensorState></Trackpoint><Trackpoint><Time>2025-07-20T10:50:13.061Z</Time><DistanceMeters>1825.0</DistanceMeters><HeartRateBpm><Value>120</Value></HeartRateBpm><SensorState>Present</SensorState></Trackpoint><Trackpoint><Time>2025-07-20T10:50:14.061Z</Time><DistanceMeters>1825.0</DistanceMeters><HeartRateBpm><Value>120</Value></HeartRateBpm><SensorState>Present</SensorState></Trackpoint><Trackpoint><Time>2025-07-20T10:50:15.061Z</Time><DistanceMeters>1825.0</DistanceMeters><HeartRateBpm><Value>121</Value></HeartRateBpm><SensorState>Present</SensorState></Trackpoint><Trackpoint><Time>2025-07-20T10:50:16.061Z</Time><DistanceMeters>1825.0</DistanceMeters><HeartRateBpm><Value>121</Value></HeartRateBpm><SensorState>Present</SensorState></Trackpoint><Trackpoint><Time>2025-07-20T10:50:17.061Z</Time><DistanceMeters>1825.0</DistanceMeters><HeartRateBpm><Value>121</Value></HeartRateBpm><SensorState>Present</SensorState></Trackpoint><Trackpoint><Time>2025-07-20T10:50:18.061Z</Time><DistanceMeters>1825.0</DistanceMeters><HeartRateBpm><Value>121</Value></HeartRateBpm><SensorState>Present</SensorState></Trackpoint><Trackpoint><Time>2025-07-20T10:50:19.061Z</Time><DistanceMeters>1825.0</DistanceMeters><HeartRateBpm><Value>121</Value></HeartRateBpm><SensorState>Present</SensorState></Trackpoint><Trackpoint><Time>2025-07-20T10:50:20.061Z</Time><DistanceMeters>1825.0</DistanceMeters><HeartRateBpm><Value>121</Value></HeartRateBpm><SensorState>Present</SensorState></Trackpoint><Trackpoint><Time>2025-07-20T10:50:21.061Z</Time><DistanceMeters>1825.0</DistanceMeters><HeartRateBpm><Value>121</Value></HeartRateBpm><SensorState>Present</SensorState></Trackpoint><Trackpoint><Time>2025-07-20T10:50:22.061Z</Time><DistanceMeters>1826.092657380634</DistanceMeters><HeartRateBpm><Value>121</Value></HeartRateBpm><SensorState>Present</SensorState></Trackpoint><Trackpoint><Time>2025-07-20T10:50:23.061Z</Time><DistanceMeters>1827.1853147612678</DistanceMeters><HeartRateBpm><Value>120</Value></HeartRateBpm><SensorState>Present</SensorState></Trackpoint><Trackpoint><Time>2025-07-20T10:50:24.061Z</Time><DistanceMeters>1828.2779721419017</DistanceMeters><HeartRateBpm><Value>120</Value></HeartRateBpm><SensorState>Present</SensorState></Trackpoint><Trackpoint><Time>2025-07-20T10:50:25.061Z</Time><DistanceMeters>1829.3706295225356</DistanceMeters><HeartRateBpm><Value>120</Value></HeartRateBpm><SensorState>Present</SensorState></Trackpoint><Trackpoint><Time>2025-07-20T10:50:26.061Z</Time><DistanceMeters>1830.4632869031695</DistanceMeters><HeartRateBpm><Value>120</Value></HeartRateBpm><SensorState>Present</SensorState></Trackpoint><Trackpoint><Time>2025-07-20T10:50:27.061Z</Time><DistanceMeters>1831.5559442838035</DistanceMeters><HeartRateBpm><Value>119</Value></HeartRateBpm><SensorState>Present</SensorState></Trackpoint><Trackpoint><Time>2025-07-20T10:50:28.061Z</Time><DistanceMeters>1832.6486016644374</DistanceMeters><HeartRateBpm><Value>119</Value></HeartRateBpm><SensorState>Present</SensorState></Trackpoint><Trackpoint><Time>2025-07-20T10:50:29.061Z</Time><DistanceMeters>1833.7412590450713</DistanceMeters><HeartRateBpm><Value>118</Value></HeartRateBpm><SensorState>Present</SensorState></Trackpoint><Trackpoint><Time>2025-07-20T10:50:30.061Z</Time><DistanceMeters>1834.8339164257052</DistanceMeters><HeartRateBpm><Value>118</Value></HeartRateBpm><SensorState>Present</SensorState></Trackpoint><Trackpoint><Time>2025-07-20T10:50:31.061Z</Time><DistanceMeters>1835.926573806339</DistanceMeters><HeartRateBpm><Value>117</Value></HeartRateBpm><SensorState>Present</SensorState></Trackpoint><Trackpoint><Time>2025-07-20T10:50:32.061Z</Time><DistanceMeters>1850.0</DistanceMeters><HeartRateBpm><Value>117</Value></HeartRateBpm><SensorState>Present</SensorState></Trackpoint><Trackpoint><Time>2025-07-20T10:50:33.061Z</Time><DistanceMeters>1850.0</DistanceMeters><HeartRateBpm><Value>116</Value></HeartRateBpm><SensorState>Present</SensorState></Trackpoint><Trackpoint><Time>2025-07-20T10:50:34.061Z</Time><DistanceMeters>1850.0</DistanceMeters><HeartRateBpm><Value>116</Value></HeartRateBpm><SensorState>Present</SensorState></Trackpoint><Trackpoint><Time>2025-07-20T10:50:35.061Z</Time><DistanceMeters>1850.0</DistanceMeters><HeartRateBpm><Value>115</Value></HeartRateBpm><SensorState>Present</SensorState></Trackpoint><Trackpoint><Time>2025-07-20T10:50:36.061Z</Time><DistanceMeters>1850.0</DistanceMeters><HeartRateBpm><Value>115</Value></HeartRateBpm><SensorState>Present</SensorState></Trackpoint><Trackpoint><Time>2025-07-20T10:50:37.061Z</Time><DistanceMeters>1850.0</DistanceMeters><HeartRateBpm><Value>115</Value></HeartRateBpm><SensorState>Present</SensorState></Trackpoint><Trackpoint><Time>2025-07-20T10:50:38.061Z</Time><DistanceMeters>1850.0</DistanceMeters><HeartRateBpm><Value>114</Value></HeartRateBpm><SensorState>Present</SensorState></Trackpoint><Trackpoint><Time>2025-07-20T10:50:39.061Z</Time><DistanceMeters>1850.0</DistanceMeters><HeartRateBpm><Value>114</Value></HeartRateBpm><SensorState>Present</SensorState></Trackpoint><Trackpoint><Time>2025-07-20T10:50:40.061Z</Time><DistanceMeters>1850.0</DistanceMeters><HeartRateBpm><Value>114</Value></HeartRateBpm><SensorState>Present</SensorState></Trackpoint><Trackpoint><Time>2025-07-20T10:50:41.061Z</Time><DistanceMeters>1850.0</DistanceMeters><HeartRateBpm><Value>114</Value></HeartRateBpm><SensorState>Present</SensorState></Trackpoint><Trackpoint><Time>2025-07-20T10:50:42.061Z</Time><DistanceMeters>1850.0</DistanceMeters><HeartRateBpm><Value>114</Value></HeartRateBpm><SensorState>Present</SensorState></Trackpoint><Trackpoint><Time>2025-07-20T10:50:43.061Z</Time><DistanceMeters>1850.0</DistanceMeters><HeartRateBpm><Value>114</Value></HeartRateBpm><SensorState>Present</SensorState></Trackpoint><Trackpoint><Time>2025-07-20T10:50:44.061Z</Time><DistanceMeters>1850.0</DistanceMeters><HeartRateBpm><Value>114</Value></HeartRateBpm><SensorState>Present</SensorState></Trackpoint><Trackpoint><Time>2025-07-20T10:50:45.061Z</Time><DistanceMeters>1850.0</DistanceMeters><HeartRateBpm><Value>114</Value></HeartRateBpm><SensorState>Present</SensorState></Trackpoint><Trackpoint><Time>2025-07-20T10:50:46.061Z</Time><DistanceMeters>1850.0</DistanceMeters><HeartRateBpm><Value>113</Value></HeartRateBpm><SensorState>Present</SensorState></Trackpoint><Trackpoint><Time>2025-07-20T10:50:47.061Z</Time><DistanceMeters>1850.0</DistanceMeters><HeartRateBpm><Value>113</Value></HeartRateBpm><SensorState>Present</SensorState></Trackpoint><Trackpoint><Time>2025-07-20T10:50:48.061Z</Time><DistanceMeters>1850.0</DistanceMeters><HeartRateBpm><Value>112</Value></HeartRateBpm><SensorState>Present</SensorState></Trackpoint><Trackpoint><Time>2025-07-20T10:50:49.061Z</Time><DistanceMeters>1850.0</DistanceMeters><HeartRateBpm><Value>112</Value></HeartRateBpm><SensorState>Present</SensorState></Trackpoint><Trackpoint><Time>2025-07-20T10:50:50.061Z</Time><DistanceMeters>1850.0</DistanceMeters><HeartRateBpm><Value>111</Value></HeartRateBpm><SensorState>Present</SensorState></Trackpoint><Trackpoint><Time>2025-07-20T10:50:51.061Z</Time><DistanceMeters>1850.0</DistanceMeters><HeartRateBpm><Value>110</Value></HeartRateBpm><SensorState>Present</SensorState></Trackpoint><Trackpoint><Time>2025-07-20T10:50:52.061Z</Time><DistanceMeters>1851.092657380634</DistanceMeters><HeartRateBpm><Value>110</Value></HeartRateBpm><SensorState>Present</SensorState></Trackpoint><Trackpoint><Time>2025-07-20T10:50:53.061Z</Time><DistanceMeters>1852.1853147612678</DistanceMeters><HeartRateBpm><Value>109</Value></HeartRateBpm><SensorState>Present</SensorState></Trackpoint><Trackpoint><Time>2025-07-20T10:50:54.061Z</Time><DistanceMeters>1853.2779721419017</DistanceMeters><HeartRateBpm><Value>109</Value></HeartRateBpm><SensorState>Present</SensorState></Trackpoint><Trackpoint><Time>2025-07-20T10:50:55.061Z</Time><DistanceMeters>1854.3706295225356</DistanceMeters><HeartRateBpm><Value>108</Value></HeartRateBpm><SensorState>Present</SensorState></Trackpoint><Trackpoint><Time>2025-07-20T10:50:56.061Z</Time><DistanceMeters>1855.4632869031695</DistanceMeters><HeartRateBpm><Value>108</Value></HeartRateBpm><SensorState>Present</SensorState></Trackpoint><Trackpoint><Time>2025-07-20T10:50:57.061Z</Time><DistanceMeters>1856.5559442838035</DistanceMeters><HeartRateBpm><Value>108</Value></HeartRateBpm><SensorState>Present</SensorState></Trackpoint><Trackpoint><Time>2025-07-20T10:50:58.061Z</Time><DistanceMeters>1857.6486016644374</DistanceMeters><HeartRateBpm><Value>107</Value></HeartRateBpm><SensorState>Present</SensorState></Trackpoint><Trackpoint><Time>2025-07-20T10:50:59.061Z</Time><DistanceMeters>1858.7412590450713</DistanceMeters><HeartRateBpm><Value>106</Value></HeartRateBpm><SensorState>Present</SensorState></Trackpoint><Trackpoint><Time>2025-07-20T10:51:00.061Z</Time><DistanceMeters>1859.8339164257052</DistanceMeters><HeartRateBpm><Value>106</Value></HeartRateBpm><SensorState>Present</SensorState></Trackpoint><Trackpoint><Time>2025-07-20T10:51:01.061Z</Time><DistanceMeters>1860.926573806339</DistanceMeters><HeartRateBpm><Value>105</Value></HeartRateBpm><SensorState>Present</SensorState></Trackpoint><Trackpoint><Time>2025-07-20T10:51:02.061Z</Time><DistanceMeters>1875.0</DistanceMeters><HeartRateBpm><Value>105</Value></HeartRateBpm><SensorState>Present</SensorState></Trackpoint><Trackpoint><Time>2025-07-20T10:51:03.061Z</Time><DistanceMeters>1875.0</DistanceMeters><HeartRateBpm><Value>105</Value></HeartRateBpm><SensorState>Present</SensorState></Trackpoint><Trackpoint><Time>2025-07-20T10:51:04.061Z</Time><DistanceMeters>1875.0</DistanceMeters><HeartRateBpm><Value>104</Value></HeartRateBpm><SensorState>Present</SensorState></Trackpoint><Trackpoint><Time>2025-07-20T10:51:05.061Z</Time><DistanceMeters>1875.0</DistanceMeters><HeartRateBpm><Value>104</Value></HeartRateBpm><SensorState>Present</SensorState></Trackpoint><Trackpoint><Time>2025-07-20T10:51:06.061Z</Time><DistanceMeters>1875.0</DistanceMeters><HeartRateBpm><Value>103</Value></HeartRateBpm><SensorState>Present</SensorState></Trackpoint><Trackpoint><Time>2025-07-20T10:51:07.061Z</Time><DistanceMeters>1875.0</DistanceMeters><HeartRateBpm><Value>103</Value></HeartRateBpm><SensorState>Present</SensorState></Trackpoint><Trackpoint><Time>2025-07-20T10:51:08.061Z</Time><DistanceMeters>1875.0</DistanceMeters><HeartRateBpm><Value>103</Value></HeartRateBpm><SensorState>Present</SensorState></Trackpoint><Trackpoint><Time>2025-07-20T10:51:09.061Z</Time><DistanceMeters>1875.0</DistanceMeters><HeartRateBpm><Value>103</Value></HeartRateBpm><SensorState>Present</SensorState></Trackpoint><Trackpoint><Time>2025-07-20T10:51:10.061Z</Time><DistanceMeters>1875.0</DistanceMeters><HeartRateBpm><Value>103</Value></HeartRateBpm><SensorState>Present</SensorState></Trackpoint><Trackpoint><Time>2025-07-20T10:51:11.061Z</Time><DistanceMeters>1875.0</DistanceMeters><HeartRateBpm><Value>103</Value></HeartRateBpm><SensorState>Present</SensorState></Trackpoint><Trackpoint><Time>2025-07-20T10:51:12.061Z</Time><DistanceMeters>1875.0</DistanceMeters><HeartRateBpm><Value>103</Value></HeartRateBpm><SensorState>Present</SensorState></Trackpoint><Trackpoint><Time>2025-07-20T10:51:13.061Z</Time><DistanceMeters>1875.0</DistanceMeters><HeartRateBpm><Value>103</Value></HeartRateBpm><SensorState>Present</SensorState></Trackpoint><Trackpoint><Time>2025-07-20T10:51:14.061Z</Time><DistanceMeters>1875.0</DistanceMeters><HeartRateBpm><Value>103</Value></HeartRateBpm><SensorState>Present</SensorState></Trackpoint><Trackpoint><Time>2025-07-20T10:51:15.061Z</Time><DistanceMeters>1875.0</DistanceMeters><HeartRateBpm><Value>103</Value></HeartRateBpm><SensorState>Present</SensorState></Trackpoint><Trackpoint><Time>2025-07-20T10:51:16.061Z</Time><DistanceMeters>1875.0</DistanceMeters><HeartRateBpm><Value>103</Value></HeartRateBpm><SensorState>Present</SensorState></Trackpoint><Trackpoint><Time>2025-07-20T10:51:17.061Z</Time><DistanceMeters>1875.0</DistanceMeters><HeartRateBpm><Value>103</Value></HeartRateBpm><SensorState>Present</SensorState></Trackpoint><Trackpoint><Time>2025-07-20T10:51:18.061Z</Time><DistanceMeters>1875.0</DistanceMeters><HeartRateBpm><Value>103</Value></HeartRateBpm><SensorState>Present</SensorState></Trackpoint><Trackpoint><Time>2025-07-20T10:51:19.061Z</Time><DistanceMeters>1875.0</DistanceMeters><HeartRateBpm><Value>103</Value></HeartRateBpm><SensorState>Present</SensorState></Trackpoint><Trackpoint><Time>2025-07-20T10:51:20.061Z</Time><DistanceMeters>1875.0</DistanceMeters><HeartRateBpm><Value>103</Value></HeartRateBpm><SensorState>Present</SensorState></Trackpoint><Trackpoint><Time>2025-07-20T10:51:21.061Z</Time><DistanceMeters>1875.0</DistanceMeters><HeartRateBpm><Value>103</Value></HeartRateBpm><SensorState>Present</SensorState></Trackpoint><Trackpoint><Time>2025-07-20T10:51:22.061Z</Time><DistanceMeters>1875.0</DistanceMeters><HeartRateBpm><Value>103</Value></HeartRateBpm><SensorState>Present</SensorState></Trackpoint><Trackpoint><Time>2025-07-20T10:51:23.061Z</Time><DistanceMeters>1875.0</DistanceMeters><HeartRateBpm><Value>103</Value></HeartRateBpm><SensorState>Present</SensorState></Trackpoint><Trackpoint><Time>2025-07-20T10:51:24.061Z</Time><DistanceMeters>1875.0</DistanceMeters><HeartRateBpm><Value>103</Value></HeartRateBpm><SensorState>Present</SensorState></Trackpoint><Trackpoint><Time>2025-07-20T10:51:25.061Z</Time><DistanceMeters>1875.0</DistanceMeters><HeartRateBpm><Value>103</Value></HeartRateBpm><SensorState>Present</SensorState></Trackpoint><Trackpoint><Time>2025-07-20T10:51:26.061Z</Time><DistanceMeters>1875.0</DistanceMeters><HeartRateBpm><Value>104</Value></HeartRateBpm><SensorState>Present</SensorState></Trackpoint><Trackpoint><Time>2025-07-20T10:51:27.061Z</Time><DistanceMeters>1875.0</DistanceMeters><HeartRateBpm><Value>104</Value></HeartRateBpm><SensorState>Present</SensorState></Trackpoint><Trackpoint><Time>2025-07-20T10:51:28.061Z</Time><DistanceMeters>1876.092657380634</DistanceMeters><HeartRateBpm><Value>105</Value></HeartRateBpm><SensorState>Present</SensorState></Trackpoint><Trackpoint><Time>2025-07-20T10:51:29.061Z</Time><DistanceMeters>1877.1853147612678</DistanceMeters><HeartRateBpm><Value>107</Value></HeartRateBpm><SensorState>Present</SensorState></Trackpoint><Trackpoint><Time>2025-07-20T10:51:30.061Z</Time><DistanceMeters>1878.2779721419017</DistanceMeters><HeartRateBpm><Value>108</Value></HeartRateBpm><SensorState>Present</SensorState></Trackpoint><Trackpoint><Time>2025-07-20T10:51:31.061Z</Time><DistanceMeters>1879.3706295225356</DistanceMeters><HeartRateBpm><Value>110</Value></HeartRateBpm><SensorState>Present</SensorState></Trackpoint><Trackpoint><Time>2025-07-20T10:51:32.061Z</Time><DistanceMeters>1880.4632869031695</DistanceMeters><HeartRateBpm><Value>110</Value></HeartRateBpm><SensorState>Present</SensorState></Trackpoint><Trackpoint><Time>2025-07-20T10:51:33.061Z</Time><DistanceMeters>1881.5559442838035</DistanceMeters><HeartRateBpm><Value>111</Value></HeartRateBpm><SensorState>Present</SensorState></Trackpoint><Trackpoint><Time>2025-07-20T10:51:34.061Z</Time><DistanceMeters>1882.6486016644374</DistanceMeters><HeartRateBpm><Value>111</Value></HeartRateBpm><SensorState>Present</SensorState></Trackpoint><Trackpoint><Time>2025-07-20T10:51:35.061Z</Time><DistanceMeters>1883.7412590450713</DistanceMeters><HeartRateBpm><Value>112</Value></HeartRateBpm><SensorState>Present</SensorState></Trackpoint><Trackpoint><Time>2025-07-20T10:51:36.061Z</Time><DistanceMeters>1884.8339164257052</DistanceMeters><HeartRateBpm><Value>112</Value></HeartRateBpm><SensorState>Present</SensorState></Trackpoint><Trackpoint><Time>2025-07-20T10:51:37.061Z</Time><DistanceMeters>1885.926573806339</DistanceMeters><HeartRateBpm><Value>112</Value></HeartRateBpm><SensorState>Present</SensorState></Trackpoint><Trackpoint><Time>2025-07-20T10:51:38.061Z</Time><DistanceMeters>1900.0</DistanceMeters><HeartRateBpm><Value>110</Value></HeartRateBpm><SensorState>Present</SensorState></Trackpoint><Trackpoint><Time>2025-07-20T10:51:39.061Z</Time><DistanceMeters>1900.0</DistanceMeters><HeartRateBpm><Value>110</Value></HeartRateBpm><SensorState>Present</SensorState></Trackpoint><Trackpoint><Time>2025-07-20T10:51:40.061Z</Time><DistanceMeters>1900.0</DistanceMeters><HeartRateBpm><Value>110</Value></HeartRateBpm><SensorState>Present</SensorState></Trackpoint><Trackpoint><Time>2025-07-20T10:51:41.061Z</Time><DistanceMeters>1900.0</DistanceMeters><HeartRateBpm><Value>109</Value></HeartRateBpm><SensorState>Present</SensorState></Trackpoint><Trackpoint><Time>2025-07-20T10:51:42.061Z</Time><DistanceMeters>1900.0</DistanceMeters><HeartRateBpm><Value>109</Value></HeartRateBpm><SensorState>Present</SensorState></Trackpoint><Trackpoint><Time>2025-07-20T10:51:43.061Z</Time><DistanceMeters>1900.0</DistanceMeters><HeartRateBpm><Value>109</Value></HeartRateBpm><SensorState>Present</SensorState></Trackpoint><Trackpoint><Time>2025-07-20T10:51:44.061Z</Time><DistanceMeters>1900.0</DistanceMeters><HeartRateBpm><Value>109</Value></HeartRateBpm><SensorState>Present</SensorState></Trackpoint><Trackpoint><Time>2025-07-20T10:51:45.061Z</Time><DistanceMeters>1900.0</DistanceMeters><HeartRateBpm><Value>109</Value></HeartRateBpm><SensorState>Present</SensorState></Trackpoint><Trackpoint><Time>2025-07-20T10:51:46.061Z</Time><DistanceMeters>1900.0</DistanceMeters><HeartRateBpm><Value>108</Value></HeartRateBpm><SensorState>Present</SensorState></Trackpoint><Trackpoint><Time>2025-07-20T10:51:47.061Z</Time><DistanceMeters>1900.0</DistanceMeters><HeartRateBpm><Value>108</Value></HeartRateBpm><SensorState>Present</SensorState></Trackpoint><Trackpoint><Time>2025-07-20T10:51:48.061Z</Time><DistanceMeters>1900.0</DistanceMeters><HeartRateBpm><Value>108</Value></HeartRateBpm><SensorState>Present</SensorState></Trackpoint><Trackpoint><Time>2025-07-20T10:51:49.061Z</Time><DistanceMeters>1900.0</DistanceMeters><HeartRateBpm><Value>107</Value></HeartRateBpm><SensorState>Present</SensorState></Trackpoint><Trackpoint><Time>2025-07-20T10:51:50.061Z</Time><DistanceMeters>1900.0</DistanceMeters><HeartRateBpm><Value>107</Value></HeartRateBpm><SensorState>Present</SensorState></Trackpoint><Trackpoint><Time>2025-07-20T10:51:51.061Z</Time><DistanceMeters>1900.0</DistanceMeters><HeartRateBpm><Value>106</Value></HeartRateBpm><SensorState>Present</SensorState></Trackpoint><Trackpoint><Time>2025-07-20T10:51:52.061Z</Time><DistanceMeters>1900.0</DistanceMeters><HeartRateBpm><Value>106</Value></HeartRateBpm><SensorState>Present</SensorState></Trackpoint><Trackpoint><Time>2025-07-20T10:51:53.061Z</Time><DistanceMeters>1900.0</DistanceMeters><HeartRateBpm><Value>105</Value></HeartRateBpm><SensorState>Present</SensorState></Trackpoint><Trackpoint><Time>2025-07-20T10:51:54.061Z</Time><DistanceMeters>1900.0</DistanceMeters><HeartRateBpm><Value>105</Value></HeartRateBpm><SensorState>Present</SensorState></Trackpoint><Trackpoint><Time>2025-07-20T10:51:55.061Z</Time><DistanceMeters>1900.0</DistanceMeters><HeartRateBpm><Value>106</Value></HeartRateBpm><SensorState>Present</SensorState></Trackpoint><Trackpoint><Time>2025-07-20T10:51:56.061Z</Time><DistanceMeters>1900.0</DistanceMeters><HeartRateBpm><Value>107</Value></HeartRateBpm><SensorState>Present</SensorState></Trackpoint><Trackpoint><Time>2025-07-20T10:51:57.061Z</Time><DistanceMeters>1900.0</DistanceMeters><HeartRateBpm><Value>107</Value></HeartRateBpm><SensorState>Present</SensorState></Trackpoint><Trackpoint><Time>2025-07-20T10:51:58.061Z</Time><DistanceMeters>1900.0</DistanceMeters><HeartRateBpm><Value>107</Value></HeartRateBpm><SensorState>Present</SensorState></Trackpoint><Trackpoint><Time>2025-07-20T10:51:59.061Z</Time><DistanceMeters>1900.0</DistanceMeters><HeartRateBpm><Value>107</Value></HeartRateBpm><SensorState>Present</SensorState></Trackpoint><Trackpoint><Time>2025-07-20T10:52:00.061Z</Time><DistanceMeters>1901.092657380634</DistanceMeters><HeartRateBpm><Value>108</Value></HeartRateBpm><SensorState>Present</SensorState></Trackpoint><Trackpoint><Time>2025-07-20T10:52:01.061Z</Time><DistanceMeters>1902.1853147612678</DistanceMeters><HeartRateBpm><Value>108</Value></HeartRateBpm><SensorState>Present</SensorState></Trackpoint><Trackpoint><Time>2025-07-20T10:52:02.061Z</Time><DistanceMeters>1903.2779721419017</DistanceMeters><HeartRateBpm><Value>109</Value></HeartRateBpm><SensorState>Present</SensorState></Trackpoint><Trackpoint><Time>2025-07-20T10:52:03.061Z</Time><DistanceMeters>1904.3706295225356</DistanceMeters><HeartRateBpm><Value>108</Value></HeartRateBpm><SensorState>Present</SensorState></Trackpoint><Trackpoint><Time>2025-07-20T10:52:04.061Z</Time><DistanceMeters>1905.4632869031695</DistanceMeters><HeartRateBpm><Value>107</Value></HeartRateBpm><SensorState>Present</SensorState></Trackpoint><Trackpoint><Time>2025-07-20T10:52:05.061Z</Time><DistanceMeters>1906.5559442838035</DistanceMeters><HeartRateBpm><Value>107</Value></HeartRateBpm><SensorState>Present</SensorState></Trackpoint><Trackpoint><Time>2025-07-20T10:52:06.061Z</Time><DistanceMeters>1907.6486016644374</DistanceMeters><HeartRateBpm><Value>107</Value></HeartRateBpm><SensorState>Present</SensorState></Trackpoint><Trackpoint><Time>2025-07-20T10:52:07.061Z</Time><DistanceMeters>1908.7412590450713</DistanceMeters><HeartRateBpm><Value>107</Value></HeartRateBpm><SensorState>Present</SensorState></Trackpoint><Trackpoint><Time>2025-07-20T10:52:08.061Z</Time><DistanceMeters>1909.8339164257052</DistanceMeters><HeartRateBpm><Value>107</Value></HeartRateBpm><SensorState>Present</SensorState></Trackpoint><Trackpoint><Time>2025-07-20T10:52:09.061Z</Time><DistanceMeters>1910.926573806339</DistanceMeters><HeartRateBpm><Value>107</Value></HeartRateBpm><SensorState>Present</SensorState></Trackpoint><Trackpoint><Time>2025-07-20T10:52:10.061Z</Time><DistanceMeters>1925.0</DistanceMeters><HeartRateBpm><Value>107</Value></HeartRateBpm><SensorState>Present</SensorState></Trackpoint><Trackpoint><Time>2025-07-20T10:52:11.061Z</Time><DistanceMeters>1925.0</DistanceMeters><HeartRateBpm><Value>108</Value></HeartRateBpm><SensorState>Present</SensorState></Trackpoint><Trackpoint><Time>2025-07-20T10:52:12.061Z</Time><DistanceMeters>1925.0</DistanceMeters><HeartRateBpm><Value>108</Value></HeartRateBpm><SensorState>Present</SensorState></Trackpoint><Trackpoint><Time>2025-07-20T10:52:13.061Z</Time><DistanceMeters>1925.0</DistanceMeters><HeartRateBpm><Value>108</Value></HeartRateBpm><SensorState>Present</SensorState></Trackpoint><Trackpoint><Time>2025-07-20T10:52:14.061Z</Time><DistanceMeters>1925.0</DistanceMeters><HeartRateBpm><Value>108</Value></HeartRateBpm><SensorState>Present</SensorState></Trackpoint><Trackpoint><Time>2025-07-20T10:52:15.061Z</Time><DistanceMeters>1925.0</DistanceMeters><HeartRateBpm><Value>108</Value></HeartRateBpm><SensorState>Present</SensorState></Trackpoint><Trackpoint><Time>2025-07-20T10:52:16.061Z</Time><DistanceMeters>1925.0</DistanceMeters><HeartRateBpm><Value>108</Value></HeartRateBpm><SensorState>Present</SensorState></Trackpoint><Trackpoint><Time>2025-07-20T10:52:17.061Z</Time><DistanceMeters>1925.0</DistanceMeters><HeartRateBpm><Value>109</Value></HeartRateBpm><SensorState>Present</SensorState></Trackpoint><Trackpoint><Time>2025-07-20T10:52:18.061Z</Time><DistanceMeters>1925.0</DistanceMeters><HeartRateBpm><Value>109</Value></HeartRateBpm><SensorState>Present</SensorState></Trackpoint><Trackpoint><Time>2025-07-20T10:52:19.061Z</Time><DistanceMeters>1925.0</DistanceMeters><HeartRateBpm><Value>109</Value></HeartRateBpm><SensorState>Present</SensorState></Trackpoint><Trackpoint><Time>2025-07-20T10:52:20.061Z</Time><DistanceMeters>1925.0</DistanceMeters><HeartRateBpm><Value>110</Value></HeartRateBpm><SensorState>Present</SensorState></Trackpoint><Trackpoint><Time>2025-07-20T10:52:21.061Z</Time><DistanceMeters>1925.0</DistanceMeters><HeartRateBpm><Value>110</Value></HeartRateBpm><SensorState>Present</SensorState></Trackpoint><Trackpoint><Time>2025-07-20T10:52:22.061Z</Time><DistanceMeters>1925.0</DistanceMeters><HeartRateBpm><Value>110</Value></HeartRateBpm><SensorState>Present</SensorState></Trackpoint><Trackpoint><Time>2025-07-20T10:52:23.061Z</Time><DistanceMeters>1925.0</DistanceMeters><HeartRateBpm><Value>110</Value></HeartRateBpm><SensorState>Present</SensorState></Trackpoint><Trackpoint><Time>2025-07-20T10:52:24.061Z</Time><DistanceMeters>1925.0</DistanceMeters><HeartRateBpm><Value>110</Value></HeartRateBpm><SensorState>Present</SensorState></Trackpoint><Trackpoint><Time>2025-07-20T10:52:25.061Z</Time><DistanceMeters>1925.0</DistanceMeters><HeartRateBpm><Value>110</Value></HeartRateBpm><SensorState>Present</SensorState></Trackpoint><Trackpoint><Time>2025-07-20T10:52:26.061Z</Time><DistanceMeters>1925.0</DistanceMeters><HeartRateBpm><Value>110</Value></HeartRateBpm><SensorState>Present</SensorState></Trackpoint><Trackpoint><Time>2025-07-20T10:52:27.061Z</Time><DistanceMeters>1925.0</DistanceMeters><HeartRateBpm><Value>109</Value></HeartRateBpm><SensorState>Present</SensorState></Trackpoint><Trackpoint><Time>2025-07-20T10:52:28.061Z</Time><DistanceMeters>1925.0</DistanceMeters><HeartRateBpm><Value>109</Value></HeartRateBpm><SensorState>Present</SensorState></Trackpoint><Trackpoint><Time>2025-07-20T10:52:29.061Z</Time><DistanceMeters>1925.0</DistanceMeters><HeartRateBpm><Value>108</Value></HeartRateBpm><SensorState>Present</SensorState></Trackpoint><Trackpoint><Time>2025-07-20T10:52:30.061Z</Time><DistanceMeters>1925.0</DistanceMeters><HeartRateBpm><Value>109</Value></HeartRateBpm><SensorState>Present</SensorState></Trackpoint><Trackpoint><Time>2025-07-20T10:52:31.061Z</Time><DistanceMeters>1925.0</DistanceMeters><HeartRateBpm><Value>108</Value></HeartRateBpm><SensorState>Present</SensorState></Trackpoint><Trackpoint><Time>2025-07-20T10:52:32.061Z</Time><DistanceMeters>1925.0</DistanceMeters><HeartRateBpm><Value>106</Value></HeartRateBpm><SensorState>Present</SensorState></Trackpoint><Trackpoint><Time>2025-07-20T10:52:33.061Z</Time><DistanceMeters>1926.092657380634</DistanceMeters><HeartRateBpm><Value>105</Value></HeartRateBpm><SensorState>Present</SensorState></Trackpoint><Trackpoint><Time>2025-07-20T10:52:34.061Z</Time><DistanceMeters>1927.1853147612678</DistanceMeters><HeartRateBpm><Value>104</Value></HeartRateBpm><SensorState>Present</SensorState></Trackpoint><Trackpoint><Time>2025-07-20T10:52:35.061Z</Time><DistanceMeters>1928.2779721419017</DistanceMeters><HeartRateBpm><Value>104</Value></HeartRateBpm><SensorState>Present</SensorState></Trackpoint><Trackpoint><Time>2025-07-20T10:52:36.061Z</Time><DistanceMeters>1929.3706295225356</DistanceMeters><HeartRateBpm><Value>103</Value></HeartRateBpm><SensorState>Present</SensorState></Trackpoint><Trackpoint><Time>2025-07-20T10:52:37.061Z</Time><DistanceMeters>1930.4632869031695</DistanceMeters><HeartRateBpm><Value>103</Value></HeartRateBpm><SensorState>Present</SensorState></Trackpoint><Trackpoint><Time>2025-07-20T10:52:38.061Z</Time><DistanceMeters>1931.5559442838035</DistanceMeters><HeartRateBpm><Value>104</Value></HeartRateBpm><SensorState>Present</SensorState></Trackpoint><Trackpoint><Time>2025-07-20T10:52:39.061Z</Time><DistanceMeters>1932.6486016644374</DistanceMeters><HeartRateBpm><Value>104</Value></HeartRateBpm><SensorState>Present</SensorState></Trackpoint><Trackpoint><Time>2025-07-20T10:52:40.061Z</Time><DistanceMeters>1933.7412590450713</DistanceMeters><HeartRateBpm><Value>104</Value></HeartRateBpm><SensorState>Present</SensorState></Trackpoint><Trackpoint><Time>2025-07-20T10:52:41.061Z</Time><DistanceMeters>1934.8339164257052</DistanceMeters><HeartRateBpm><Value>104</Value></HeartRateBpm><SensorState>Present</SensorState></Trackpoint><Trackpoint><Time>2025-07-20T10:52:42.061Z</Time><DistanceMeters>1935.926573806339</DistanceMeters><HeartRateBpm><Value>105</Value></HeartRateBpm><SensorState>Present</SensorState></Trackpoint><Trackpoint><Time>2025-07-20T10:52:43.061Z</Time><DistanceMeters>1950.0</DistanceMeters><HeartRateBpm><Value>104</Value></HeartRateBpm><SensorState>Present</SensorState></Trackpoint><Trackpoint><Time>2025-07-20T10:52:44.061Z</Time><DistanceMeters>1950.0</DistanceMeters><HeartRateBpm><Value>103</Value></HeartRateBpm><SensorState>Present</SensorState></Trackpoint><Trackpoint><Time>2025-07-20T10:52:45.061Z</Time><DistanceMeters>1950.0</DistanceMeters><HeartRateBpm><Value>102</Value></HeartRateBpm><SensorState>Present</SensorState></Trackpoint><Trackpoint><Time>2025-07-20T10:52:46.061Z</Time><DistanceMeters>1950.0</DistanceMeters><HeartRateBpm><Value>102</Value></HeartRateBpm><SensorState>Present</SensorState></Trackpoint><Trackpoint><Time>2025-07-20T10:52:47.061Z</Time><DistanceMeters>1950.0</DistanceMeters><HeartRateBpm><Value>102</Value></HeartRateBpm><SensorState>Present</SensorState></Trackpoint><Trackpoint><Time>2025-07-20T10:52:48.061Z</Time><DistanceMeters>1950.0</DistanceMeters><HeartRateBpm><Value>103</Value></HeartRateBpm><SensorState>Present</SensorState></Trackpoint><Trackpoint><Time>2025-07-20T10:52:49.061Z</Time><DistanceMeters>1950.0</DistanceMeters><HeartRateBpm><Value>103</Value></HeartRateBpm><SensorState>Present</SensorState></Trackpoint><Trackpoint><Time>2025-07-20T10:52:50.061Z</Time><DistanceMeters>1950.0</DistanceMeters><HeartRateBpm><Value>103</Value></HeartRateBpm><SensorState>Present</SensorState></Trackpoint><Trackpoint><Time>2025-07-20T10:52:51.061Z</Time><DistanceMeters>1950.0</DistanceMeters><HeartRateBpm><Value>104</Value></HeartRateBpm><SensorState>Present</SensorState></Trackpoint><Trackpoint><Time>2025-07-20T10:52:52.061Z</Time><DistanceMeters>1950.0</DistanceMeters><HeartRateBpm><Value>104</Value></HeartRateBpm><SensorState>Present</SensorState></Trackpoint><Trackpoint><Time>2025-07-20T10:52:53.061Z</Time><DistanceMeters>1950.0</DistanceMeters><HeartRateBpm><Value>104</Value></HeartRateBpm><SensorState>Present</SensorState></Trackpoint><Trackpoint><Time>2025-07-20T10:52:54.061Z</Time><DistanceMeters>1950.0</DistanceMeters><HeartRateBpm><Value>104</Value></HeartRateBpm><SensorState>Present</SensorState></Trackpoint><Trackpoint><Time>2025-07-20T10:52:55.061Z</Time><DistanceMeters>1950.0</DistanceMeters><HeartRateBpm><Value>105</Value></HeartRateBpm><SensorState>Present</SensorState></Trackpoint><Trackpoint><Time>2025-07-20T10:52:56.061Z</Time><DistanceMeters>1950.0</DistanceMeters><HeartRateBpm><Value>105</Value></HeartRateBpm><SensorState>Present</SensorState></Trackpoint><Trackpoint><Time>2025-07-20T10:52:57.061Z</Time><DistanceMeters>1950.0</DistanceMeters><HeartRateBpm><Value>106</Value></HeartRateBpm><SensorState>Present</SensorState></Trackpoint><Trackpoint><Time>2025-07-20T10:52:58.061Z</Time><DistanceMeters>1950.0</DistanceMeters><HeartRateBpm><Value>107</Value></HeartRateBpm><SensorState>Present</SensorState></Trackpoint><Trackpoint><Time>2025-07-20T10:52:59.061Z</Time><DistanceMeters>1950.0</DistanceMeters><HeartRateBpm><Value>108</Value></HeartRateBpm><SensorState>Present</SensorState></Trackpoint><Trackpoint><Time>2025-07-20T10:53:00.061Z</Time><DistanceMeters>1950.0</DistanceMeters><HeartRateBpm><Value>109</Value></HeartRateBpm><SensorState>Present</SensorState></Trackpoint><Trackpoint><Time>2025-07-20T10:53:01.061Z</Time><DistanceMeters>1950.0</DistanceMeters><HeartRateBpm><Value>109</Value></HeartRateBpm><SensorState>Present</SensorState></Trackpoint><Trackpoint><Time>2025-07-20T10:53:02.061Z</Time><DistanceMeters>1950.0</DistanceMeters><HeartRateBpm><Value>110</Value></HeartRateBpm><SensorState>Present</SensorState></Trackpoint><Trackpoint><Time>2025-07-20T10:53:03.061Z</Time><DistanceMeters>1950.0</DistanceMeters><HeartRateBpm><Value>110</Value></HeartRateBpm><SensorState>Present</SensorState></Trackpoint><Trackpoint><Time>2025-07-20T10:53:04.061Z</Time><DistanceMeters>1950.0</DistanceMeters><HeartRateBpm><Value>111</Value></HeartRateBpm><SensorState>Present</SensorState></Trackpoint><Trackpoint><Time>2025-07-20T10:53:05.061Z</Time><DistanceMeters>1950.0</DistanceMeters><HeartRateBpm><Value>111</Value></HeartRateBpm><SensorState>Present</SensorState></Trackpoint><Trackpoint><Time>2025-07-20T10:53:06.061Z</Time><DistanceMeters>1950.0</DistanceMeters><HeartRateBpm><Value>112</Value></HeartRateBpm><SensorState>Present</SensorState></Trackpoint><Trackpoint><Time>2025-07-20T10:53:07.061Z</Time><DistanceMeters>1951.092657380634</DistanceMeters><HeartRateBpm><Value>112</Value></HeartRateBpm><SensorState>Present</SensorState></Trackpoint><Trackpoint><Time>2025-07-20T10:53:08.061Z</Time><DistanceMeters>1952.1853147612678</DistanceMeters><HeartRateBpm><Value>112</Value></HeartRateBpm><SensorState>Present</SensorState></Trackpoint><Trackpoint><Time>2025-07-20T10:53:09.061Z</Time><DistanceMeters>1953.2779721419017</DistanceMeters><HeartRateBpm><Value>112</Value></HeartRateBpm><SensorState>Present</SensorState></Trackpoint><Trackpoint><Time>2025-07-20T10:53:10.061Z</Time><DistanceMeters>1954.3706295225356</DistanceMeters><HeartRateBpm><Value>112</Value></HeartRateBpm><SensorState>Present</SensorState></Trackpoint><Trackpoint><Time>2025-07-20T10:53:11.061Z</Time><DistanceMeters>1955.4632869031695</DistanceMeters><HeartRateBpm><Value>113</Value></HeartRateBpm><SensorState>Present</SensorState></Trackpoint><Trackpoint><Time>2025-07-20T10:53:12.061Z</Time><DistanceMeters>1956.5559442838035</DistanceMeters><HeartRateBpm><Value>113</Value></HeartRateBpm><SensorState>Present</SensorState></Trackpoint><Trackpoint><Time>2025-07-20T10:53:13.061Z</Time><DistanceMeters>1957.6486016644374</DistanceMeters><HeartRateBpm><Value>113</Value></HeartRateBpm><SensorState>Present</SensorState></Trackpoint><Trackpoint><Time>2025-07-20T10:53:14.061Z</Time><DistanceMeters>1958.7412590450713</DistanceMeters><HeartRateBpm><Value>113</Value></HeartRateBpm><SensorState>Present</SensorState></Trackpoint><Trackpoint><Time>2025-07-20T10:53:15.061Z</Time><DistanceMeters>1959.8339164257052</DistanceMeters><HeartRateBpm><Value>113</Value></HeartRateBpm><SensorState>Present</SensorState></Trackpoint><Trackpoint><Time>2025-07-20T10:53:16.061Z</Time><DistanceMeters>1960.926573806339</DistanceMeters><HeartRateBpm><Value>113</Value></HeartRateBpm><SensorState>Present</SensorState></Trackpoint><Trackpoint><Time>2025-07-20T10:53:17.061Z</Time><DistanceMeters>1975.0</DistanceMeters><HeartRateBpm><Value>114</Value></HeartRateBpm><SensorState>Present</SensorState></Trackpoint><Trackpoint><Time>2025-07-20T10:53:18.061Z</Time><DistanceMeters>1975.0</DistanceMeters><HeartRateBpm><Value>114</Value></HeartRateBpm><SensorState>Present</SensorState></Trackpoint><Trackpoint><Time>2025-07-20T10:53:19.061Z</Time><DistanceMeters>1975.0</DistanceMeters><HeartRateBpm><Value>115</Value></HeartRateBpm><SensorState>Present</SensorState></Trackpoint><Trackpoint><Time>2025-07-20T10:53:20.061Z</Time><DistanceMeters>1975.0</DistanceMeters><HeartRateBpm><Value>115</Value></HeartRateBpm><SensorState>Present</SensorState></Trackpoint><Trackpoint><Time>2025-07-20T10:53:21.061Z</Time><DistanceMeters>1975.0</DistanceMeters><HeartRateBpm><Value>116</Value></HeartRateBpm><SensorState>Present</SensorState></Trackpoint><Trackpoint><Time>2025-07-20T10:53:22.061Z</Time><DistanceMeters>1975.0</DistanceMeters><HeartRateBpm><Value>117</Value></HeartRateBpm><SensorState>Present</SensorState></Trackpoint><Trackpoint><Time>2025-07-20T10:53:23.061Z</Time><DistanceMeters>1975.0</DistanceMeters><HeartRateBpm><Value>118</Value></HeartRateBpm><SensorState>Present</SensorState></Trackpoint><Trackpoint><Time>2025-07-20T10:53:24.061Z</Time><DistanceMeters>1975.0</DistanceMeters><HeartRateBpm><Value>119</Value></HeartRateBpm><SensorState>Present</SensorState></Trackpoint><Trackpoint><Time>2025-07-20T10:53:25.061Z</Time><DistanceMeters>1975.0</DistanceMeters><HeartRateBpm><Value>119</Value></HeartRateBpm><SensorState>Present</SensorState></Trackpoint><Trackpoint><Time>2025-07-20T10:53:26.061Z</Time><DistanceMeters>1975.0</DistanceMeters><HeartRateBpm><Value>120</Value></HeartRateBpm><SensorState>Present</SensorState></Trackpoint><Trackpoint><Time>2025-07-20T10:53:27.061Z</Time><DistanceMeters>1975.0</DistanceMeters><HeartRateBpm><Value>120</Value></HeartRateBpm><SensorState>Present</SensorState></Trackpoint><Trackpoint><Time>2025-07-20T10:53:28.061Z</Time><DistanceMeters>1975.0</DistanceMeters><HeartRateBpm><Value>120</Value></HeartRateBpm><SensorState>Present</SensorState></Trackpoint><Trackpoint><Time>2025-07-20T10:53:29.061Z</Time><DistanceMeters>1975.0</DistanceMeters><HeartRateBpm><Value>120</Value></HeartRateBpm><SensorState>Present</SensorState></Trackpoint><Trackpoint><Time>2025-07-20T10:53:30.061Z</Time><DistanceMeters>1975.0</DistanceMeters><HeartRateBpm><Value>121</Value></HeartRateBpm><SensorState>Present</SensorState></Trackpoint><Trackpoint><Time>2025-07-20T10:53:31.061Z</Time><DistanceMeters>1975.0</DistanceMeters><HeartRateBpm><Value>121</Value></HeartRateBpm><SensorState>Present</SensorState></Trackpoint><Trackpoint><Time>2025-07-20T10:53:32.061Z</Time><DistanceMeters>1975.0</DistanceMeters><HeartRateBpm><Value>121</Value></HeartRateBpm><SensorState>Present</SensorState></Trackpoint><Trackpoint><Time>2025-07-20T10:53:33.061Z</Time><DistanceMeters>1975.0</DistanceMeters><HeartRateBpm><Value>122</Value></HeartRateBpm><SensorState>Present</SensorState></Trackpoint><Trackpoint><Time>2025-07-20T10:53:34.061Z</Time><DistanceMeters>1975.0</DistanceMeters><HeartRateBpm><Value>121</Value></HeartRateBpm><SensorState>Present</SensorState></Trackpoint><Trackpoint><Time>2025-07-20T10:53:35.061Z</Time><DistanceMeters>1975.0</DistanceMeters><HeartRateBpm><Value>121</Value></HeartRateBpm><SensorState>Present</SensorState></Trackpoint><Trackpoint><Time>2025-07-20T10:53:36.061Z</Time><DistanceMeters>1975.0</DistanceMeters><HeartRateBpm><Value>122</Value></HeartRateBpm><SensorState>Present</SensorState></Trackpoint><Trackpoint><Time>2025-07-20T10:53:37.061Z</Time><DistanceMeters>1975.0</DistanceMeters><HeartRateBpm><Value>123</Value></HeartRateBpm><SensorState>Present</SensorState></Trackpoint><Trackpoint><Time>2025-07-20T10:53:38.061Z</Time><DistanceMeters>1975.0</DistanceMeters><HeartRateBpm><Value>123</Value></HeartRateBpm><SensorState>Present</SensorState></Trackpoint><Trackpoint><Time>2025-07-20T10:53:39.061Z</Time><DistanceMeters>1976.092657380634</DistanceMeters><HeartRateBpm><Value>123</Value></HeartRateBpm><SensorState>Present</SensorState></Trackpoint><Trackpoint><Time>2025-07-20T10:53:40.061Z</Time><DistanceMeters>1977.1853147612678</DistanceMeters><HeartRateBpm><Value>123</Value></HeartRateBpm><SensorState>Present</SensorState></Trackpoint><Trackpoint><Time>2025-07-20T10:53:41.061Z</Time><DistanceMeters>1978.2779721419017</DistanceMeters><HeartRateBpm><Value>124</Value></HeartRateBpm><SensorState>Present</SensorState></Trackpoint><Trackpoint><Time>2025-07-20T10:53:42.061Z</Time><DistanceMeters>1979.3706295225356</DistanceMeters><HeartRateBpm><Value>124</Value></HeartRateBpm><SensorState>Present</SensorState></Trackpoint><Trackpoint><Time>2025-07-20T10:53:43.061Z</Time><DistanceMeters>1980.4632869031695</DistanceMeters><HeartRateBpm><Value>125</Value></HeartRateBpm><SensorState>Present</SensorState></Trackpoint><Trackpoint><Time>2025-07-20T10:53:44.061Z</Time><DistanceMeters>1981.5559442838035</DistanceMeters><HeartRateBpm><Value>126</Value></HeartRateBpm><SensorState>Present</SensorState></Trackpoint><Trackpoint><Time>2025-07-20T10:53:45.061Z</Time><DistanceMeters>1982.6486016644374</DistanceMeters><HeartRateBpm><Value>127</Value></HeartRateBpm><SensorState>Present</SensorState></Trackpoint><Trackpoint><Time>2025-07-20T10:53:46.061Z</Time><DistanceMeters>1983.7412590450713</DistanceMeters><HeartRateBpm><Value>127</Value></HeartRateBpm><SensorState>Present</SensorState></Trackpoint><Trackpoint><Time>2025-07-20T10:53:47.061Z</Time><DistanceMeters>1984.8339164257052</DistanceMeters><HeartRateBpm><Value>127</Value></HeartRateBpm><SensorState>Present</SensorState></Trackpoint><Trackpoint><Time>2025-07-20T10:53:48.061Z</Time><DistanceMeters>1985.926573806339</DistanceMeters><HeartRateBpm><Value>127</Value></HeartRateBpm><SensorState>Present</SensorState></Trackpoint><Trackpoint><Time>2025-07-20T10:53:49.061Z</Time><DistanceMeters>2000.0</DistanceMeters><HeartRateBpm><Value>128</Value></HeartRateBpm><SensorState>Present</SensorState></Trackpoint><Trackpoint><Time>2025-07-20T10:53:50.061Z</Time><DistanceMeters>2000.0</DistanceMeters><HeartRateBpm><Value>128</Value></HeartRateBpm><SensorState>Present</SensorState></Trackpoint><Trackpoint><Time>2025-07-20T10:53:51.061Z</Time><DistanceMeters>2000.0</DistanceMeters><HeartRateBpm><Value>129</Value></HeartRateBpm><SensorState>Present</SensorState></Trackpoint><Trackpoint><Time>2025-07-20T10:53:52.061Z</Time><DistanceMeters>2000.0</DistanceMeters><HeartRateBpm><Value>128</Value></HeartRateBpm><SensorState>Present</SensorState></Trackpoint><Trackpoint><Time>2025-07-20T10:53:53.061Z</Time><DistanceMeters>2000.0</DistanceMeters><HeartRateBpm><Value>129</Value></HeartRateBpm><SensorState>Present</SensorState></Trackpoint><Trackpoint><Time>2025-07-20T10:53:54.061Z</Time><DistanceMeters>2000.0</DistanceMeters><HeartRateBpm><Value>129</Value></HeartRateBpm><SensorState>Present</SensorState></Trackpoint><Trackpoint><Time>2025-07-20T10:53:55.061Z</Time><DistanceMeters>2000.0</DistanceMeters><HeartRateBpm><Value>129</Value></HeartRateBpm><SensorState>Present</SensorState></Trackpoint><Trackpoint><Time>2025-07-20T10:53:56.061Z</Time><DistanceMeters>2000.0</DistanceMeters><HeartRateBpm><Value>129</Value></HeartRateBpm><SensorState>Present</SensorState></Trackpoint><Trackpoint><Time>2025-07-20T10:53:57.061Z</Time><DistanceMeters>2000.0</DistanceMeters><HeartRateBpm><Value>127</Value></HeartRateBpm><SensorState>Present</SensorState></Trackpoint><Trackpoint><Time>2025-07-20T10:53:58.061Z</Time><DistanceMeters>2000.0</DistanceMeters><HeartRateBpm><Value>126</Value></HeartRateBpm><SensorState>Present</SensorState></Trackpoint><Trackpoint><Time>2025-07-20T10:53:59.061Z</Time><DistanceMeters>2000.0</DistanceMeters><HeartRateBpm><Value>127</Value></HeartRateBpm><SensorState>Present</SensorState></Trackpoint></Track><Extensions><LX xmlns="http://www.garmin.com/xmlschemas/ActivityExtension/v2"><AvgSpeed>0.8738087283240424</AvgSpeed></LX></Extensions></Lap><Training xmlns="http://www.garmin.com/xmlschemas/TrainingCenterDatabase/v2" VirtualPartner="false"><Plan Type="Workout" IntervalWorkout="false"><Extensions></Extensions></Plan></Training><Creator xmlns:xsi="http://www.w3.org/2001/XMLSchema-instance" xsi:type="Device_t"><Name>Polar Pacer</Name><UnitId>0</UnitId><ProductID>256</ProductID><Version><VersionMajor>2</VersionMajor><VersionMinor>2</VersionMinor><BuildMajor>0</BuildMajor><BuildMinor>0</BuildMinor></Version></Creator></Activity></Activities><Author xmlns:xsi="http://www.w3.org/2001/XMLSchema-instance" xsi:type="Application_t"><Name>Polar Flow Mobile Viewer Android</Name><Build><Version><VersionMajor>0</VersionMajor><VersionMinor>0</VersionMinor></Version></Build><LangID>EN</LangID><PartNumber>XXX-XXXXX-XX</PartNumber></Author></TrainingCenterDatabase>