<?xml version="1.0" encoding="UTF-8"?><TrainingCenterDatabase xmlns="http://www.garmin.com/xmlschemas/TrainingCenterDatabase/v2"><Activities><Activity Sport="Other"><Id>2025-07-18T10:34:47.242Z</Id><Lap StartTime="2025-07-18T10:34:47.242Z"><TotalTimeSeconds>1885.0</TotalTimeSeconds><DistanceMeters>1500.0</DistanceMeters><MaximumSpeed>1.068376104036967</MaximumSpeed><Calories>260</Calories><AverageHeartRateBpm><Value>126</Value></AverageHeartRateBpm><MaximumHeartRateBpm><Value>141</Value></MaximumHeartRateBpm><Intensity>Active</Intensity><Cadence>54</Cadence><TriggerMethod>Manual</TriggerMethod><Track><Trackpoint><Time>2025-07-18T10:34:48.242Z</Time><HeartRateBpm><Value>83</Value></HeartRateBpm><SensorState>Present</SensorState></Trackpoint><Trackpoint><Time>2025-07-18T10:34:49.242Z</Time><HeartRateBpm><Value>83</Value></HeartRateBpm><SensorState>Present</SensorState></Trackpoint><Trackpoint><Time>2025-07-18T10:34:50.242Z</Time><HeartRateBpm><Value>82</Value></HeartRateBpm><SensorState>Present</SensorState></Trackpoint><Trackpoint><Time>2025-07-18T10:34:51.242Z</Time><HeartRateBpm><Value>82</Value></HeartRateBpm><SensorState>Present</SensorState></Trackpoint><Trackpoint><Time>2025-07-18T10:34:52.242Z</Time><HeartRateBpm><Value>81</Value></HeartRateBpm><SensorState>Present</SensorState></Trackpoint><Trackpoint><Time>2025-07-18T10:34:53.242Z</Time><HeartRateBpm><Value>81</Value></HeartRateBpm><SensorState>Present</SensorState></Trackpoint><Trackpoint><Time>2025-07-18T10:34:54.242Z</Time><HeartRateBpm><Value>80</Value></HeartRateBpm><SensorState>Present</SensorState></Trackpoint><Trackpoint><Time>2025-07-18T10:34:55.242Z</Time><HeartRateBpm><Value>80</Value></HeartRateBpm><SensorState>Present</SensorState></Trackpoint><Trackpoint><Time>2025-07-18T10:34:56.242Z</Time><HeartRateBpm><Value>81</Value></HeartRateBpm><SensorState>Present</SensorState></Trackpoint><Trackpoint><Time>2025-07-18T10:34:57.242Z</Time><HeartRateBpm><Value>81</Value></HeartRateBpm><SensorState>Present</SensorState></Trackpoint><Trackpoint><Time>2025-07-18T10:34:58.242Z</Time><HeartRateBpm><Value>82</Value></HeartRateBpm><SensorState>Present</SensorState></Trackpoint><Trackpoint><Time>2025-07-18T10:34:59.242Z</Time><HeartRateBpm><Value>83</Value></HeartRateBpm><SensorState>Present</SensorState></Trackpoint><Trackpoint><Time>2025-07-18T10:35:00.242Z</Time><HeartRateBpm><Value>84</Value></HeartRateBpm><SensorState>Present</SensorState></Trackpoint><Trackpoint><Time>2025-07-18T10:35:01.242Z</Time><HeartRateBpm><Value>85</Value></HeartRateBpm><SensorState>Present</SensorState></Trackpoint><Trackpoint><Time>2025-07-18T10:35:02.242Z</Time><HeartRateBpm><Value>86</Value></HeartRateBpm><SensorState>Present</SensorState></Trackpoint><Trackpoint><Time>2025-07-18T10:35:03.242Z</Time><HeartRateBpm><Value>87</Value></HeartRateBpm><SensorState>Present</SensorState></Trackpoint><Trackpoint><Time>2025-07-18T10:35:04.242Z</Time><HeartRateBpm><Value>87</Value></HeartRateBpm><SensorState>Present</SensorState></Trackpoint><Trackpoint><Time>2025-07-18T10:35:05.242Z</Time><DistanceMeters>1.068376104036967</DistanceMeters><HeartRateBpm><Value>88</Value></HeartRateBpm><SensorState>Present</SensorState></Trackpoint><Trackpoint><Time>2025-07-18T10:35:06.242Z</Time><DistanceMeters>2.136752208073934</DistanceMeters><HeartRateBpm><Value>88</Value></HeartRateBpm><SensorState>Present</SensorState></Trackpoint><Trackpoint><Time>2025-07-18T10:35:07.242Z</Time><DistanceMeters>3.205128312110901</DistanceMeters><HeartRateBpm><Value>89</Value></HeartRateBpm><SensorState>Present</SensorState></Trackpoint><Trackpoint><Time>2025-07-18T10:35:08.242Z</Time><DistanceMeters>4.273504416147868</DistanceMeters><HeartRateBpm><Value>91</Value></HeartRateBpm><SensorState>Present</SensorState></Trackpoint><Trackpoint><Time>2025-07-18T10:35:09.242Z</Time><DistanceMeters>5.341880520184835</DistanceMeters><HeartRateBpm><Value>92</Value></HeartRateBpm><SensorState>Present</SensorState></Trackpoint><Trackpoint><Time>2025-07-18T10:35:10.242Z</Time><DistanceMeters>6.410256624221803</DistanceMeters><HeartRateBpm><Value>92</Value></HeartRateBpm><SensorState>Present</SensorState></Trackpoint><Trackpoint><Time>2025-07-18T10:35:11.242Z</Time><DistanceMeters>7.47863272825877</DistanceMeters><HeartRateBpm><Value>93</Value></HeartRateBpm><SensorState>Present</SensorState></Trackpoint><Trackpoint><Time>2025-07-18T10:35:12.242Z</Time><DistanceMeters>8.547008832295736</DistanceMeters><HeartRateBpm><Value>93</Value></HeartRateBpm><SensorState>Present</SensorState></Trackpoint><Trackpoint><Time>2025-07-18T10:35:13.242Z</Time><DistanceMeters>9.615384936332703</DistanceMeters><HeartRateBpm><Value>93</Value></HeartRateBpm><SensorState>Present</SensorState></Trackpoint><Trackpoint><Time>2025-07-18T10:35:14.242Z</Time><DistanceMeters>10.683761040369669</DistanceMeters><HeartRateBpm><Value>93</Value></HeartRateBpm><SensorState>Present</SensorState></Trackpoint><Trackpoint><Time>2025-07-18T10:35:15.242Z</Time><DistanceMeters>11.752137144406635</DistanceMeters><HeartRateBpm><Value>93</Value></HeartRateBpm><SensorState>Present</SensorState></Trackpoint><Trackpoint><Time>2025-07-18T10:35:16.242Z</Time><DistanceMeters>25.0</DistanceMeters><HeartRateBpm><Value>94</Value></HeartRateBpm><SensorState>Present</SensorState></Trackpoint><Trackpoint><Time>2025-07-18T10:35:17.242Z</Time><DistanceMeters>25.0</DistanceMeters><HeartRateBpm><Value>94</Value></HeartRateBpm><SensorState>Present</SensorState></Trackpoint><Trackpoint><Time>2025-07-18T10:35:18.242Z</Time><DistanceMeters>25.0</DistanceMeters><HeartRateBpm><Value>94</Value></HeartRateBpm><SensorState>Present</SensorState></Trackpoint><Trackpoint><Time>2025-07-18T10:35:19.242Z</Time><DistanceMeters>25.0</DistanceMeters><HeartRateBpm><Value>94</Value></HeartRateBpm><SensorState>Present</SensorState></Trackpoint><Trackpoint><Time>2025-07-18T10:35:20.242Z</Time><DistanceMeters>25.0</DistanceMeters><HeartRateBpm><Value>95</Value></HeartRateBpm><SensorState>Present</SensorState></Trackpoint><Trackpoint><Time>2025-07-18T10:35:21.242Z</Time><DistanceMeters>25.0</DistanceMeters><HeartRateBpm><Value>96</Value></HeartRateBpm><SensorState>Present</SensorState></Trackpoint><Trackpoint><Time>2025-07-18T10:35:22.242Z</Time><DistanceMeters>25.0</DistanceMeters><HeartRateBpm><Value>96</Value></HeartRateBpm><SensorState>Present</SensorState></Trackpoint><Trackpoint><Time>2025-07-18T10:35:23.242Z</Time><DistanceMeters>25.0</DistanceMeters><HeartRateBpm><Value>97</Value></HeartRateBpm><SensorState>Present</SensorState></Trackpoint><Trackpoint><Time>2025-07-18T10:35:24.242Z</Time><DistanceMeters>25.0</DistanceMeters><HeartRateBpm><Value>97</Value></HeartRateBpm><SensorState>Present</SensorState></Trackpoint><Trackpoint><Time>2025-07-18T10:35:25.242Z</Time><DistanceMeters>25.0</DistanceMeters><HeartRateBpm><Value>97</Value></HeartRateBpm><SensorState>Present</SensorState></Trackpoint><Trackpoint><Time>2025-07-18T10:35:26.242Z</Time><DistanceMeters>25.0</DistanceMeters><HeartRateBpm><Value>97</Value></HeartRateBpm><SensorState>Present</SensorState></Trackpoint><Trackpoint><Time>2025-07-18T10:35:27.242Z</Time><DistanceMeters>25.0</DistanceMeters><HeartRateBpm><Value>97</Value></HeartRateBpm><SensorState>Present</SensorState></Trackpoint><Trackpoint><Time>2025-07-18T10:35:28.242Z</Time><DistanceMeters>25.0</DistanceMeters><HeartRateBpm><Value>96</Value></HeartRateBpm><SensorState>Present</SensorState></Trackpoint><Trackpoint><Time>2025-07-18T10:35:29.242Z</Time><DistanceMeters>25.0</DistanceMeters><HeartRateBpm><Value>96</Value></HeartRateBpm><SensorState>Present</SensorState></Trackpoint><Trackpoint><Time>2025-07-18T10:35:30.242Z</Time><DistanceMeters>25.0</DistanceMeters><HeartRateBpm><Value>95</Value></HeartRateBpm><SensorState>Present</SensorState></Trackpoint><Trackpoint><Time>2025-07-18T10:35:31.242Z</Time><DistanceMeters>25.0</DistanceMeters><HeartRateBpm><Value>95</Value></HeartRateBpm><SensorState>Present</SensorState></Trackpoint><Trackpoint><Time>2025-07-18T10:35:32.242Z</Time><DistanceMeters>25.0</DistanceMeters><HeartRateBpm><Value>95</Value></HeartRateBpm><SensorState>Present</SensorState></Trackpoint><Trackpoint><Time>2025-07-18T10:35:33.242Z</Time><DistanceMeters>25.0</DistanceMeters><HeartRateBpm><Value>95</Value></HeartRateBpm><SensorState>Present</SensorState></Trackpoint><Trackpoint><Time>2025-07-18T10:35:34.242Z</Time><DistanceMeters>25.0</DistanceMeters><HeartRateBpm><Value>96</Value></HeartRateBpm><SensorState>Present</SensorState></Trackpoint><Trackpoint><Time>2025-07-18T10:35:35.242Z</Time><DistanceMeters>25.0</DistanceMeters><HeartRateBpm><Value>96</Value></HeartRateBpm><SensorState>Present</SensorState></Trackpoint><Trackpoint><Time>2025-07-18T10:35:36.242Z</Time><DistanceMeters>25.0</DistanceMeters><HeartRateBpm><Value>96</Value></HeartRateBpm><SensorState>Present</SensorState></Trackpoint><Trackpoint><Time>2025-07-18T10:35:37.242Z</Time><DistanceMeters>25.0</DistanceMeters><HeartRateBpm><Value>96</Value></HeartRateBpm><SensorState>Present</SensorState></Trackpoint><Trackpoint><Time>2025-07-18T10:35:38.242Z</Time><DistanceMeters>25.0</DistanceMeters><HeartRateBpm><Value>96</Value></HeartRateBpm><SensorState>Present</SensorState></Trackpoint><Trackpoint><Time>2025-07-18T10:35:39.242Z</Time><DistanceMeters>26.068376104036968</DistanceMeters><HeartRateBpm><Value>97</Value></HeartRateBpm><SensorState>Present</SensorState></Trackpoint><Trackpoint><Time>2025-07-18T10:35:40.242Z</Time><DistanceMeters>27.136752208073936</DistanceMeters><HeartRateBpm><Value>97</Value></HeartRateBpm><SensorState>Present</SensorState></Trackpoint><Trackpoint><Time>2025-07-18T10:35:41.242Z</Time><DistanceMeters>28.205128312110904</DistanceMeters><HeartRateBpm><Value>98</Value></HeartRateBpm><SensorState>Present</SensorState></Trackpoint><Trackpoint><Time>2025-07-18T10:35:42.242Z</Time><DistanceMeters>29.273504416147873</DistanceMeters><HeartRateBpm><Value>98</Value></HeartRateBpm><SensorState>Present</SensorState></Trackpoint><Trackpoint><Time>2025-07-18T10:35:43.242Z</Time><DistanceMeters>30.34188052018484</DistanceMeters><HeartRateBpm><Value>99</Value></HeartRateBpm><SensorState>Present</SensorState></Trackpoint><Trackpoint><Time>2025-07-18T10:35:44.242Z</Time><DistanceMeters>31.41025662422181</DistanceMeters><HeartRateBpm><Value>99</Value></HeartRateBpm><SensorState>Present</SensorState></Trackpoint><Trackpoint><Time>2025-07-18T10:35:45.242Z</Time><DistanceMeters>32.47863272825877</DistanceMeters><HeartRateBpm><Value>100</Value></HeartRateBpm><SensorState>Present</SensorState></Trackpoint><Trackpoint><Time>2025-07-18T10:35:46.242Z</Time><DistanceMeters>33.54700883229574</DistanceMeters><HeartRateBpm><Value>100</Value></HeartRateBpm><SensorState>Present</SensorState></Trackpoint><Trackpoint><Time>2025-07-18T10:35:47.242Z</Time><DistanceMeters>34.6153849363327</DistanceMeters><HeartRateBpm><Value>100</Value></HeartRateBpm><SensorState>Present</SensorState></Trackpoint><Trackpoint><Time>2025-07-18T10:35:48.242Z</Time><DistanceMeters>35.68376104036967</DistanceMeters><HeartRateBpm><Value>102</Value></HeartRateBpm><SensorState>Present</SensorState></Trackpoint><Trackpoint><Time>2025-07-18T10:35:49.242Z</Time><DistanceMeters>36.75213714440663</DistanceMeters><HeartRateBpm><Value>102</Value></HeartRateBpm><SensorState>Present</SensorState></Trackpoint><Trackpoint><Time>2025-07-18T10:35:50.242Z</Time><DistanceMeters>50.0</DistanceMeters><HeartRateBpm><Value>103</Value></HeartRateBpm><SensorState>Present</SensorState></Trackpoint><Trackpoint><Time>2025-07-18T10:35:51.242Z</Time><DistanceMeters>50.0</DistanceMeters><HeartRateBpm><Value>104</Value></HeartRateBpm><SensorState>Present</SensorState></Trackpoint><Trackpoint><Time>2025-07-18T10:35:52.242Z</Time><DistanceMeters>50.0</DistanceMeters><HeartRateBpm><Value>105</Value></HeartRateBpm><SensorState>Present</SensorState></Trackpoint><Trackpoint><Time>2025-07-18T10:35:53.242Z</Time><DistanceMeters>50.0</DistanceMeters><HeartRateBpm><Value>105</Value></HeartRateBpm><SensorState>Present</SensorState></Trackpoint><Trackpoint><Time>2025-07-18T10:35:54.242Z</Time><DistanceMeters>50.0</DistanceMeters><HeartRateBpm><Value>106</Value></HeartRateBpm><SensorState>Present</SensorState></Trackpoint><Trackpoint><Time>2025-07-18T10:35:55.242Z</Time><DistanceMeters>50.0</DistanceMeters><HeartRateBpm><Value>107</Value></HeartRateBpm><SensorState>Present</SensorState></Trackpoint><Trackpoint><Time>2025-07-18T10:35:56.242Z</Time><DistanceMeters>50.0</DistanceMeters><HeartRateBpm><Value>107</Value></HeartRateBpm><SensorState>Present</SensorState></Trackpoint><Trackpoint><Time>2025-07-18T10:35:57.242Z</Time><DistanceMeters>50.0</DistanceMeters><HeartRateBpm><Value>107</Value></HeartRateBpm><SensorState>Present</SensorState></Trackpoint><Trackpoint><Time>2025-07-18T10:35:58.242Z</Time><DistanceMeters>50.0</DistanceMeters><HeartRateBpm><Value>108</Value></HeartRateBpm><SensorState>Present</SensorState></Trackpoint><Trackpoint><Time>2025-07-18T10:35:59.242Z</Time><DistanceMeters>50.0</DistanceMeters><HeartRateBpm><Value>109</Value></HeartRateBpm><SensorState>Present</SensorState></Trackpoint><Trackpoint><Time>2025-07-18T10:36:00.242Z</Time><DistanceMeters>50.0</DistanceMeters><HeartRateBpm><Value>109</Value></HeartRateBpm><SensorState>Present</SensorState></Trackpoint><Trackpoint><Time>2025-07-18T10:36:01.242Z</Time><DistanceMeters>50.0</DistanceMeters><HeartRateBpm><Value>110</Value></HeartRateBpm><SensorState>Present</SensorState></Trackpoint><Trackpoint><Time>2025-07-18T10:36:02.242Z</Time><DistanceMeters>50.0</DistanceMeters><HeartRateBpm><Value>111</Value></HeartRateBpm><SensorState>Present</SensorState></Trackpoint><Trackpoint><Time>2025-07-18T10:36:03.242Z</Time><DistanceMeters>50.0</DistanceMeters><HeartRateBpm><Value>112</Value></HeartRateBpm><SensorState>Present</SensorState></Trackpoint><Trackpoint><Time>2025-07-18T10:36:04.242Z</Time><DistanceMeters>50.0</DistanceMeters><HeartRateBpm><Value>113</Value></HeartRateBpm><SensorState>Present</SensorState></Trackpoint><Trackpoint><Time>2025-07-18T10:36:05.242Z</Time><DistanceMeters>50.0</DistanceMeters><HeartRateBpm><Value>114</Value></HeartRateBpm><SensorState>Present</SensorState></Trackpoint><Trackpoint><Time>2025-07-18T10:36:06.242Z</Time><DistanceMeters>50.0</DistanceMeters><HeartRateBpm><Value>114</Value></HeartRateBpm><SensorState>Present</SensorState></Trackpoint><Trackpoint><Time>2025-07-18T10:36:07.242Z</Time><DistanceMeters>51.068376104036965</DistanceMeters><HeartRateBpm><Value>115</Value></HeartRateBpm><SensorState>Present</SensorState></Trackpoint><Trackpoint><Time>2025-07-18T10:36:08.242Z</Time><DistanceMeters>52.13675220807393</DistanceMeters><HeartRateBpm><Value>117</Value></HeartRateBpm><SensorState>Present</SensorState></Trackpoint><Trackpoint><Time>2025-07-18T10:36:09.242Z</Time><DistanceMeters>53.205128312110894</DistanceMeters><HeartRateBpm><Value>117</Value></HeartRateBpm><SensorState>Present</SensorState></Trackpoint><Trackpoint><Time>2025-07-18T10:36:10.242Z</Time><DistanceMeters>54.27350441614786</DistanceMeters><HeartRateBpm><Value>118</Value></HeartRateBpm><SensorState>Present</SensorState></Trackpoint><Trackpoint><Time>2025-07-18T10:36:11.242Z</Time><DistanceMeters>55.34188052018482</DistanceMeters><HeartRateBpm><Value>119</Value></HeartRateBpm><SensorState>Present</SensorState></Trackpoint><Trackpoint><Time>2025-07-18T10:36:12.242Z</Time><DistanceMeters>56.41025662422179</DistanceMeters><HeartRateBpm><Value>121</Value></HeartRateBpm><SensorState>Present</SensorState></Trackpoint><Trackpoint><Time>2025-07-18T10:36:13.242Z</Time><DistanceMeters>57.47863272825875</DistanceMeters><HeartRateBpm><Value>122</Value></HeartRateBpm><SensorState>Present</SensorState></Trackpoint><Trackpoint><Time>2025-07-18T10:36:14.242Z</Time><DistanceMeters>58.54700883229572</DistanceMeters><HeartRateBpm><Value>123</Value></HeartRateBpm><SensorState>Present</SensorState></Trackpoint><Trackpoint><Time>2025-07-18T10:36:15.242Z</Time><DistanceMeters>59.61538493633268</DistanceMeters><HeartRateBpm><Value>124</Value></HeartRateBpm><SensorState>Present</SensorState></Trackpoint><Trackpoint><Time>2025-07-18T10:36:16.242Z</Time><DistanceMeters>60.683761040369646</DistanceMeters><HeartRateBpm><Value>124</Value></HeartRateBpm><SensorState>Present</SensorState></Trackpoint><Trackpoint><Time>2025-07-18T10:36:17.242Z</Time><DistanceMeters>61.75213714440661</DistanceMeters><HeartRateBpm><Value>125</Value></HeartRateBpm><SensorState>Present</SensorState></Trackpoint><Trackpoint><Time>2025-07-18T10:36:18.242Z</Time><DistanceMeters>75.0</DistanceMeters><HeartRateBpm><Value>125</Value></HeartRateBpm><SensorState>Present</SensorState></Trackpoint><Trackpoint><Time>2025-07-18T10:36:19.242Z</Time><DistanceMeters>75.0</DistanceMeters><HeartRateBpm><Value>125</Value></HeartRateBpm><SensorState>Present</SensorState></Trackpoint><Trackpoint><Time>2025-07-18T10:36:20.242Z</Time><DistanceMeters>75.0</DistanceMeters><HeartRateBpm><Value>125</Value></HeartRateBpm><SensorState>Present</SensorState></Trackpoint><Trackpoint><Time>2025-07-18T10:36:21.242Z</Time><DistanceMeters>75.0</DistanceMeters><HeartRateBpm><Value>125</Value></HeartRateBpm><SensorState>Present</SensorState></Trackpoint><Trackpoint><Time>2025-07-18T10:36:22.242Z</Time><DistanceMeters>75.0</DistanceMeters><HeartRateBpm><Value>124</Value></HeartRateBpm><SensorState>Present</SensorState></Trackpoint><Trackpoint><Time>2025-07-18T10:36:23.242Z</Time><DistanceMeters>75.0</DistanceMeters><HeartRateBpm><Value>124</Value></HeartRateBpm><SensorState>Present</SensorState></Trackpoint><Trackpoint><Time>2025-07-18T10:36:24.242Z</Time><DistanceMeters>75.0</DistanceMeters><HeartRateBpm><Value>123</Value></HeartRateBpm><SensorState>Present</SensorState></Trackpoint><Trackpoint><Time>2025-07-18T10:36:25.242Z</Time><DistanceMeters>75.0</DistanceMeters><HeartRateBpm><Value>122</Value></HeartRateBpm><SensorState>Present</SensorState></Trackpoint><Trackpoint><Time>2025-07-18T10:36:26.242Z</Time><DistanceMeters>75.0</DistanceMeters><HeartRateBpm><Value>122</Value></HeartRateBpm><SensorState>Present</SensorState></Trackpoint><Trackpoint><Time>2025-07-18T10:36:27.242Z</Time><DistanceMeters>75.0</DistanceMeters><HeartRateBpm><Value>121</Value></HeartRateBpm><SensorState>Present</SensorState></Trackpoint><Trackpoint><Time>2025-07-18T10:36:28.242Z</Time><DistanceMeters>75.0</DistanceMeters><HeartRateBpm><Value>121</Value></HeartRateBpm><SensorState>Present</SensorState></Trackpoint><Trackpoint><Time>2025-07-18T10:36:29.242Z</Time><DistanceMeters>75.0</DistanceMeters><HeartRateBpm><Value>121</Value></HeartRateBpm><SensorState>Present</SensorState></Trackpoint><Trackpoint><Time>2025-07-18T10:36:30.242Z</Time><DistanceMeters>75.0</DistanceMeters><HeartRateBpm><Value>119</Value></HeartRateBpm><SensorState>Present</SensorState></Trackpoint><Trackpoint><Time>2025-07-18T10:36:31.242Z</Time><DistanceMeters>75.0</DistanceMeters><HeartRateBpm><Value>118</Value></HeartRateBpm><SensorState>Present</SensorState></Trackpoint><Trackpoint><Time>2025-07-18T10:36:32.242Z</Time><DistanceMeters>75.0</DistanceMeters><HeartRateBpm><Value>118</Value></HeartRateBpm><SensorState>Present</SensorState></Trackpoint><Trackpoint><Time>2025-07-18T10:36:33.242Z</Time><DistanceMeters>75.0</DistanceMeters><HeartRateBpm><Value>118</Value></HeartRateBpm><SensorState>Present</SensorState></Trackpoint><Trackpoint><Time>2025-07-18T10:36:34.242Z</Time><DistanceMeters>75.0</DistanceMeters><HeartRateBpm><Value>118</Value></HeartRateBpm><SensorState>Present</SensorState></Trackpoint><Trackpoint><Time>2025-07-18T10:36:35.242Z</Time><DistanceMeters>75.0</DistanceMeters><HeartRateBpm><Value>119</Value></HeartRateBpm><SensorState>Present</SensorState></Trackpoint><Trackpoint><Time>2025-07-18T10:36:36.242Z</Time><DistanceMeters>76.06837610403697</DistanceMeters><HeartRateBpm><Value>119</Value></HeartRateBpm><SensorState>Present</SensorState></Trackpoint><Trackpoint><Time>2025-07-18T10:36:37.242Z</Time><DistanceMeters>77.13675220807394</DistanceMeters><HeartRateBpm><Value>120</Value></HeartRateBpm><SensorState>Present</SensorState></Trackpoint><Trackpoint><Time>2025-07-18T10:36:38.242Z</Time><DistanceMeters>78.20512831211092</DistanceMeters><HeartRateBpm><Value>120</Value></HeartRateBpm><SensorState>Present</SensorState></Trackpoint><Trackpoint><Time>2025-07-18T10:36:39.242Z</Time><DistanceMeters>79.27350441614789</DistanceMeters><HeartRateBpm><Value>121</Value></HeartRateBpm><SensorState>Present</SensorState></Trackpoint><Trackpoint><Time>2025-07-18T10:36:40.242Z</Time><DistanceMeters>80.34188052018486</DistanceMeters><HeartRateBpm><Value>121</Value></HeartRateBpm><SensorState>Present</SensorState></Trackpoint><Trackpoint><Time>2025-07-18T10:36:41.242Z</Time><DistanceMeters>81.41025662422183</DistanceMeters><HeartRateBpm><Value>122</Value></HeartRateBpm><SensorState>Present</SensorState></Trackpoint><Trackpoint><Time>2025-07-18T10:36:42.242Z</Time><DistanceMeters>82.4786327282588</DistanceMeters><HeartRateBpm><Value>122</Value></HeartRateBpm><SensorState>Present</SensorState></Trackpoint><Trackpoint><Time>2025-07-18T10:36:43.242Z</Time><DistanceMeters>83.54700883229577</DistanceMeters><HeartRateBpm><Value>123</Value></HeartRateBpm><SensorState>Present</SensorState></Trackpoint><Trackpoint><Time>2025-07-18T10:36:44.242Z</Time><DistanceMeters>84.61538493633275</DistanceMeters><HeartRateBpm><Value>123</Value></HeartRateBpm><SensorState>Present</SensorState></Trackpoint><Trackpoint><Time>2025-07-18T10:36:45.242Z</Time><DistanceMeters>85.68376104036972</DistanceMeters><HeartRateBpm><Value>122</Value></HeartRateBpm><SensorState>Present</SensorState></Trackpoint><Trackpoint><Time>2025-07-18T10:36:46.242Z</Time><DistanceMeters>86.75213714440669</DistanceMeters><HeartRateBpm><Value>121</Value></HeartRateBpm><SensorState>Present</SensorState></Trackpoint><Trackpoint><Time>2025-07-18T10:36:47.242Z</Time><DistanceMeters>100.0</DistanceMeters><HeartRateBpm><Value>120</Value></HeartRateBpm><SensorState>Present</SensorState></Trackpoint><Trackpoint><Time>2025-07-18T10:36:48.242Z</Time><DistanceMeters>100.0</DistanceMeters><HeartRateBpm><Value>121</Value></HeartRateBpm><SensorState>Present</SensorState></Trackpoint><Trackpoint><Time>2025-07-18T10:36:49.242Z</Time><DistanceMeters>100.0</DistanceMeters><HeartRateBpm><Value>120</Value></HeartRateBpm><SensorState>Present</SensorState></Trackpoint><Trackpoint><Time>2025-07-18T10:36:50.242Z</Time><DistanceMeters>100.0</DistanceMeters><HeartRateBpm><Value>118</Value></HeartRateBpm><SensorState>Present</SensorState></Trackpoint><Trackpoint><Time>2025-07-18T10:36:51.242Z</Time><DistanceMeters>100.0</DistanceMeters><HeartRateBpm><Value>117</Value></HeartRateBpm><SensorState>Present</SensorState></Trackpoint><Trackpoint><Time>2025-07-18T10:36:52.242Z</Time><DistanceMeters>100.0</DistanceMeters><HeartRateBpm><Value>116</Value></HeartRateBpm><SensorState>Present</SensorState></Trackpoint><Trackpoint><Time>2025-07-18T10:36:53.242Z</Time><DistanceMeters>100.0</DistanceMeters><HeartRateBpm><Value>116</Value></HeartRateBpm><SensorState>Present</SensorState></Trackpoint><Trackpoint><Time>2025-07-18T10:36:54.242Z</Time><DistanceMeters>100.0</DistanceMeters><HeartRateBpm><Value>115</Value></HeartRateBpm><SensorState>Present</SensorState></Trackpoint><Trackpoint><Time>2025-07-18T10:36:55.242Z</Time><DistanceMeters>100.0</DistanceMeters><HeartRateBpm><Value>114</Value></HeartRateBpm><SensorState>Present</SensorState></Trackpoint><Trackpoint><Time>2025-07-18T10:36:56.242Z</Time><DistanceMeters>100.0</DistanceMeters><HeartRateBpm><Value>114</Value></HeartRateBpm><SensorState>Present</SensorState></Trackpoint><Trackpoint><Time>2025-07-18T10:36:57.242Z</Time><DistanceMeters>100.0</DistanceMeters><HeartRateBpm><Value>113</Value></HeartRateBpm><SensorState>Present</SensorState></Trackpoint><Trackpoint><Time>2025-07-18T10:36:58.242Z</Time><DistanceMeters>100.0</DistanceMeters><HeartRateBpm><Value>112</Value></HeartRateBpm><SensorState>Present</SensorState></Trackpoint><Trackpoint><Time>2025-07-18T10:36:59.242Z</Time><DistanceMeters>100.0</DistanceMeters><HeartRateBpm><Value>111</Value></HeartRateBpm><SensorState>Present</SensorState></Trackpoint><Trackpoint><Time>2025-07-18T10:37:00.242Z</Time><DistanceMeters>100.0</DistanceMeters><HeartRateBpm><Value>111</Value></HeartRateBpm><SensorState>Present</SensorState></Trackpoint><Trackpoint><Time>2025-07-18T10:37:01.242Z</Time><DistanceMeters>100.0</DistanceMeters><HeartRateBpm><Value>110</Value></HeartRateBpm><SensorState>Present</SensorState></Trackpoint><Trackpoint><Time>2025-07-18T10:37:02.242Z</Time><DistanceMeters>100.0</DistanceMeters><HeartRateBpm><Value>110</Value></HeartRateBpm><SensorState>Present</SensorState></Trackpoint><Trackpoint><Time>2025-07-18T10:37:03.242Z</Time><DistanceMeters>100.0</DistanceMeters><HeartRateBpm><Value>110</Value></HeartRateBpm><SensorState>Present</SensorState></Trackpoint><Trackpoint><Time>2025-07-18T10:37:04.242Z</Time><DistanceMeters>100.0</DistanceMeters><HeartRateBpm><Value>109</Value></HeartRateBpm><SensorState>Present</SensorState></Trackpoint><Trackpoint><Time>2025-07-18T10:37:05.242Z</Time><DistanceMeters>100.0</DistanceMeters><HeartRateBpm><Value>109</Value></HeartRateBpm><SensorState>Present</SensorState></Trackpoint><Trackpoint><Time>2025-07-18T10:37:06.242Z</Time><DistanceMeters>100.0</DistanceMeters><HeartRateBpm><Value>109</Value></HeartRateBpm><SensorState>Present</SensorState></Trackpoint><Trackpoint><Time>2025-07-18T10:37:07.242Z</Time><DistanceMeters>100.0</DistanceMeters><HeartRateBpm><Value>109</Value></HeartRateBpm><SensorState>Present</SensorState></Trackpoint><Trackpoint><Time>2025-07-18T10:37:08.242Z</Time><DistanceMeters>101.06837610403697</DistanceMeters><HeartRateBpm><Value>108</Value></HeartRateBpm><SensorState>Present</SensorState></Trackpoint><Trackpoint><Time>2025-07-18T10:37:09.242Z</Time><DistanceMeters>102.13675220807394</DistanceMeters><HeartRateBpm><Value>108</Value></HeartRateBpm><SensorState>Present</SensorState></Trackpoint><Trackpoint><Time>2025-07-18T10:37:10.242Z</Time><DistanceMeters>103.20512831211092</DistanceMeters><HeartRateBpm><Value>108</Value></HeartRateBpm><SensorState>Present</SensorState></Trackpoint><Trackpoint><Time>2025-07-18T10:37:11.242Z</Time><DistanceMeters>104.27350441614789</DistanceMeters><HeartRateBpm><Value>108</Value></HeartRateBpm><SensorState>Present</SensorState></Trackpoint><Trackpoint><Time>2025-07-18T10:37:12.242Z</Time><DistanceMeters>105.34188052018486</DistanceMeters><HeartRateBpm><Value>108</Value></HeartRateBpm><SensorState>Present</SensorState></Trackpoint><Trackpoint><Time>2025-07-18T10:37:13.242Z</Time><DistanceMeters>106.41025662422183</DistanceMeters><HeartRateBpm><Value>108</Value></HeartRateBpm><SensorState>Present</SensorState></Trackpoint><Trackpoint><Time>2025-07-18T10:37:14.242Z</Time><DistanceMeters>107.4786327282588</DistanceMeters><HeartRateBpm><Value>110</Value></HeartRateBpm><SensorState>Present</SensorState></Trackpoint><Trackpoint><Time>2025-07-18T10:37:15.242Z</Time><DistanceMeters>108.54700883229577</DistanceMeters><HeartRateBpm><Value>112</Value></HeartRateBpm><SensorState>Present</SensorState></Trackpoint><Trackpoint><Time>2025-07-18T10:37:16.242Z</Time><DistanceMeters>109.61538493633275</DistanceMeters><HeartRateBpm><Value>113</Value></HeartRateBpm><SensorState>Present</SensorState></Trackpoint><Trackpoint><Time>2025-07-18T10:37:17.242Z</Time><DistanceMeters>110.68376104036972</DistanceMeters><HeartRateBpm><Value>115</Value></HeartRateBpm><SensorState>Present</SensorState></Trackpoint><Trackpoint><Time>2025-07-18T10:37:18.242Z</Time><DistanceMeters>111.75213714440669</DistanceMeters><HeartRateBpm><Value>116</Value></HeartRateBpm><SensorState>Present</SensorState></Trackpoint><Trackpoint><Time>2025-07-18T10:37:19.242Z</Time><DistanceMeters>125.0</DistanceMeters><HeartRateBpm><Value>117</Value></HeartRateBpm><SensorState>Present</SensorState></Trackpoint><Trackpoint><Time>2025-07-18T10:37:20.242Z</Time><DistanceMeters>125.0</DistanceMeters><HeartRateBpm><Value>118</Value></HeartRateBpm><SensorState>Present</SensorState></Trackpoint><Trackpoint><Time>2025-07-18T10:37:21.242Z</Time><DistanceMeters>125.0</DistanceMeters><HeartRateBpm><Value>119</Value></HeartRateBpm><SensorState>Present</SensorState></Trackpoint><Trackpoint><Time>2025-07-18T10:37:22.242Z</Time><DistanceMeters>125.0</DistanceMeters><HeartRateBpm><Value>119</Value></HeartRateBpm><SensorState>Present</SensorState></Trackpoint><Trackpoint><Time>2025-07-18T10:37:23.242Z</Time><DistanceMeters>125.0</DistanceMeters><HeartRateBpm><Value>120</Value></HeartRateBpm><SensorState>Present</SensorState></Trackpoint><Trackpoint><Time>2025-07-18T10:37:24.242Z</Time><DistanceMeters>125.0</DistanceMeters><HeartRateBpm><Value>120</Value></HeartRateBpm><SensorState>Present</SensorState></Trackpoint><Trackpoint><Time>2025-07-18T10:37:25.242Z</Time><DistanceMeters>125.0</DistanceMeters><HeartRateBpm><Value>119</Value></HeartRateBpm><SensorState>Present</SensorState></Trackpoint><Trackpoint><Time>2025-07-18T10:37:26.242Z</Time><DistanceMeters>125.0</DistanceMeters><HeartRateBpm><Value>119</Value></HeartRateBpm><SensorState>Present</SensorState></Trackpoint><Trackpoint><Time>2025-07-18T10:37:27.242Z</Time><DistanceMeters>125.0</DistanceMeters><HeartRateBpm><Value>119</Value></HeartRateBpm><SensorState>Present</SensorState></Trackpoint><Trackpoint><Time>2025-07-18T10:37:28.242Z</Time><DistanceMeters>125.0</DistanceMeters><HeartRateBpm><Value>118</Value></HeartRateBpm><SensorState>Present</SensorState></Trackpoint><Trackpoint><Time>2025-07-18T10:37:29.242Z</Time><DistanceMeters>125.0</DistanceMeters><HeartRateBpm><Value>117</Value></HeartRateBpm><SensorState>Present</SensorState></Trackpoint><Trackpoint><Time>2025-07-18T10:37:30.242Z</Time><DistanceMeters>125.0</DistanceMeters><HeartRateBpm><Value>116</Value></HeartRateBpm><SensorState>Present</SensorState></Trackpoint><Trackpoint><Time>2025-07-18T10:37:31.242Z</Time><DistanceMeters>125.0</DistanceMeters><HeartRateBpm><Value>115</Value></HeartRateBpm><SensorState>Present</SensorState></Trackpoint><Trackpoint><Time>2025-07-18T10:37:32.242Z</Time><DistanceMeters>125.0</DistanceMeters><HeartRateBpm><Value>113</Value></HeartRateBpm><SensorState>Present</SensorState></Trackpoint><Trackpoint><Time>2025-07-18T10:37:33.242Z</Time><DistanceMeters>125.0</DistanceMeters><HeartRateBpm><Value>112</Value></HeartRateBpm><SensorState>Present</SensorState></Trackpoint><Trackpoint><Time>2025-07-18T10:37:34.242Z</Time><DistanceMeters>125.0</DistanceMeters><HeartRateBpm><Value>110</Value></HeartRateBpm><SensorState>Present</SensorState></Trackpoint><Trackpoint><Time>2025-07-18T10:37:35.242Z</Time><DistanceMeters>125.0</DistanceMeters><HeartRateBpm><Value>109</Value></HeartRateBpm><SensorState>Present</SensorState></Trackpoint><Trackpoint><Time>2025-07-18T10:37:36.242Z</Time><DistanceMeters>125.0</DistanceMeters><HeartRateBpm><Value>107</Value></HeartRateBpm><SensorState>Present</SensorState></Trackpoint><Trackpoint><Time>2025-07-18T10:37:37.242Z</Time><DistanceMeters>125.0</DistanceMeters><HeartRateBpm><Value>106</Value></HeartRateBpm><SensorState>Present</SensorState></Trackpoint><Trackpoint><Time>2025-07-18T10:37:38.242Z</Time><DistanceMeters>125.0</DistanceMeters><HeartRateBpm><Value>106</Value></HeartRateBpm><SensorState>Present</SensorState></Trackpoint><Trackpoint><Time>2025-07-18T10:37:39.242Z</Time><DistanceMeters>125.0</DistanceMeters><HeartRateBpm><Value>105</Value></HeartRateBpm><SensorState>Present</SensorState></Trackpoint><Trackpoint><Time>2025-07-18T10:37:40.242Z</Time><DistanceMeters>125.0</DistanceMeters><HeartRateBpm><Value>104</Value></HeartRateBpm><SensorState>Present</SensorState></Trackpoint><Trackpoint><Time>2025-07-18T10:37:41.242Z</Time><DistanceMeters>125.0</DistanceMeters><HeartRateBpm><Value>104</Value></HeartRateBpm><SensorState>Present</SensorState></Trackpoint><Trackpoint><Time>2025-07-18T10:37:42.242Z</Time><DistanceMeters>125.0</DistanceMeters><HeartRateBpm><Value>105</Value></HeartRateBpm><SensorState>Present</SensorState></Trackpoint><Trackpoint><Time>2025-07-18T10:37:43.242Z</Time><DistanceMeters>125.0</DistanceMeters><HeartRateBpm><Value>105</Value></HeartRateBpm><SensorState>Present</SensorState></Trackpoint><Trackpoint><Time>2025-07-18T10:37:44.242Z</Time><DistanceMeters>125.0</DistanceMeters><HeartRateBpm><Value>105</Value></HeartRateBpm><SensorState>Present</SensorState></Trackpoint><Trackpoint><Time>2025-07-18T10:37:45.242Z</Time><DistanceMeters>125.0</DistanceMeters><HeartRateBpm><Value>106</Value></HeartRateBpm><SensorState>Present</SensorState></Trackpoint><Trackpoint><Time>2025-07-18T10:37:46.242Z</Time><DistanceMeters>126.06837610403697</DistanceMeters><HeartRateBpm><Value>107</Value></HeartRateBpm><SensorState>Present</SensorState></Trackpoint><Trackpoint><Time>2025-07-18T10:37:47.242Z</Time><DistanceMeters>127.13675220807394</DistanceMeters><HeartRateBpm><Value>108</Value></HeartRateBpm><SensorState>Present</SensorState></Trackpoint><Trackpoint><Time>2025-07-18T10:37:48.242Z</Time><DistanceMeters>128.2051283121109</DistanceMeters><HeartRateBpm><Value>108</Value></HeartRateBpm><SensorState>Present</SensorState></Trackpoint><Trackpoint><Time>2025-07-18T10:37:49.242Z</Time><DistanceMeters>129.27350441614786</DistanceMeters><HeartRateBpm><Value>109</Value></HeartRateBpm><SensorState>Present</SensorState></Trackpoint><Trackpoint><Time>2025-07-18T10:37:50.242Z</Time><DistanceMeters>130.34188052018482</DistanceMeters><HeartRateBpm><Value>110</Value></HeartRateBpm><SensorState>Present</SensorState></Trackpoint><Trackpoint><Time>2025-07-18T10:37:51.242Z</Time><DistanceMeters>131.41025662422177</DistanceMeters><HeartRateBpm><Value>110</Value></HeartRateBpm><SensorState>Present</SensorState></Trackpoint><Trackpoint><Time>2025-07-18T10:37:52.242Z</Time><DistanceMeters>132.47863272825873</DistanceMeters><HeartRateBpm><Value>111</Value></HeartRateBpm><SensorState>Present</SensorState></Trackpoint><Trackpoint><Time>2025-07-18T10:37:53.242Z</Time><DistanceMeters>133.5470088322957</DistanceMeters><HeartRateBpm><Value>110</Value></HeartRateBpm><SensorState>Present</SensorState></Trackpoint><Trackpoint><Time>2025-07-18T10:37:54.242Z</Time><DistanceMeters>134.61538493633265</DistanceMeters><HeartRateBpm><Value>111</Value></HeartRateBpm><SensorState>Present</SensorState></Trackpoint><Trackpoint><Time>2025-07-18T10:37:55.242Z</Time><DistanceMeters>135.6837610403696</DistanceMeters><HeartRateBpm><Value>112</Value></HeartRateBpm><SensorState>Present</SensorState></Trackpoint><Trackpoint><Time>2025-07-18T10:37:56.242Z</Time><DistanceMeters>136.75213714440656</DistanceMeters><HeartRateBpm><Value>111</Value></HeartRateBpm><SensorState>Present</SensorState></Trackpoint><Trackpoint><Time>2025-07-18T10:37:57.242Z</Time><DistanceMeters>150.0</DistanceMeters><HeartRateBpm><Value>112</Value></HeartRateBpm><SensorState>Present</SensorState></Trackpoint><Trackpoint><Time>2025-07-18T10:37:58.242Z</Time><DistanceMeters>150.0</DistanceMeters><HeartRateBpm><Value>113</Value></HeartRateBpm><SensorState>Present</SensorState></Trackpoint><Trackpoint><Time>2025-07-18T10:37:59.242Z</Time><DistanceMeters>150.0</DistanceMeters><HeartRateBpm><Value>114</Value></HeartRateBpm><SensorState>Present</SensorState></Trackpoint><Trackpoint><Time>2025-07-18T10:38:00.242Z</Time><DistanceMeters>150.0</DistanceMeters><HeartRateBpm><Value>115</Value></HeartRateBpm><SensorState>Present</SensorState></Trackpoint><Trackpoint><Time>2025-07-18T10:38:01.242Z</Time><DistanceMeters>150.0</DistanceMeters><HeartRateBpm><Value>115</Value></HeartRateBpm><SensorState>Present</SensorState></Trackpoint><Trackpoint><Time>2025-07-18T10:38:02.242Z</Time><DistanceMeters>150.0</DistanceMeters><HeartRateBpm><Value>116</Value></HeartRateBpm><SensorState>Present</SensorState></Trackpoint><Trackpoint><Time>2025-07-18T10:38:03.242Z</Time><DistanceMeters>150.0</DistanceMeters><HeartRateBpm><Value>116</Value></HeartRateBpm><SensorState>Present</SensorState></Trackpoint><Trackpoint><Time>2025-07-18T10:38:04.242Z</Time><DistanceMeters>150.0</DistanceMeters><HeartRateBpm><Value>115</Value></HeartRateBpm><SensorState>Present</SensorState></Trackpoint><Trackpoint><Time>2025-07-18T10:38:05.242Z</Time><DistanceMeters>150.0</DistanceMeters><HeartRateBpm><Value>115</Value></HeartRateBpm><SensorState>Present</SensorState></Trackpoint><Trackpoint><Time>2025-07-18T10:38:06.242Z</Time><DistanceMeters>150.0</DistanceMeters><HeartRateBpm><Value>115</Value></HeartRateBpm><SensorState>Present</SensorState></Trackpoint><Trackpoint><Time>2025-07-18T10:38:07.242Z</Time><DistanceMeters>150.0</DistanceMeters><HeartRateBpm><Value>115</Value></HeartRateBpm><SensorState>Present</SensorState></Trackpoint><Trackpoint><Time>2025-07-18T10:38:08.242Z</Time><DistanceMeters>150.0</DistanceMeters><HeartRateBpm><Value>114</Value></HeartRateBpm><SensorState>Present</SensorState></Trackpoint><Trackpoint><Time>2025-07-18T10:38:09.242Z</Time><DistanceMeters>150.0</DistanceMeters><HeartRateBpm><Value>114</Value></HeartRateBpm><SensorState>Present</SensorState></Trackpoint><Trackpoint><Time>2025-07-18T10:38:10.242Z</Time><DistanceMeters>150.0</DistanceMeters><HeartRateBpm><Value>114</Value></HeartRateBpm><SensorState>Present</SensorState></Trackpoint><Trackpoint><Time>2025-07-18T10:38:11.242Z</Time><DistanceMeters>150.0</DistanceMeters><HeartRateBpm><Value>114</Value></HeartRateBpm><SensorState>Present</SensorState></Trackpoint><Trackpoint><Time>2025-07-18T10:38:12.242Z</Time><DistanceMeters>150.0</DistanceMeters><HeartRateBpm><Value>113</Value></HeartRateBpm><SensorState>Present</SensorState></Trackpoint><Trackpoint><Time>2025-07-18T10:38:13.242Z</Time><DistanceMeters>150.0</DistanceMeters><HeartRateBpm><Value>112</Value></HeartRateBpm><SensorState>Present</SensorState></Trackpoint><Trackpoint><Time>2025-07-18T10:38:14.242Z</Time><DistanceMeters>150.0</DistanceMeters><HeartRateBpm><Value>112</Value></HeartRateBpm><SensorState>Present</SensorState></Trackpoint><Trackpoint><Time>2025-07-18T10:38:15.242Z</Time><DistanceMeters>150.0</DistanceMeters><HeartRateBpm><Value>111</Value></HeartRateBpm><SensorState>Present</SensorState></Trackpoint><Trackpoint><Time>2025-07-18T10:38:16.242Z</Time><DistanceMeters>151.06837610403696</DistanceMeters><HeartRateBpm><Value>110</Value></HeartRateBpm><SensorState>Present</SensorState></Trackpoint><Trackpoint><Time>2025-07-18T10:38:17.242Z</Time><DistanceMeters>152.13675220807391</DistanceMeters><HeartRateBpm><Value>109</Value></HeartRateBpm><SensorState>Present</SensorState></Trackpoint><Trackpoint><Time>2025-07-18T10:38:18.242Z</Time><DistanceMeters>153.20512831211087</DistanceMeters><HeartRateBpm><Value>109</Value></HeartRateBpm><SensorState>Present</SensorState></Trackpoint><Trackpoint><Time>2025-07-18T10:38:19.242Z</Time><DistanceMeters>154.27350441614783</DistanceMeters><HeartRateBpm><Value>109</Value></HeartRateBpm><SensorState>Present</SensorState></Trackpoint><Trackpoint><Time>2025-07-18T10:38:20.242Z</Time><DistanceMeters>155.3418805201848</DistanceMeters><HeartRateBpm><Value>109</Value></HeartRateBpm><SensorState>Present</SensorState></Trackpoint><Trackpoint><Time>2025-07-18T10:38:21.242Z</Time><DistanceMeters>156.41025662422174</DistanceMeters><HeartRateBpm><Value>109</Value></HeartRateBpm><SensorState>Present</SensorState></Trackpoint><Trackpoint><Time>2025-07-18T10:38:22.242Z</Time><DistanceMeters>157.4786327282587</DistanceMeters><HeartRateBpm><Value>110</Value></HeartRateBpm><SensorState>Present</SensorState></Trackpoint><Trackpoint><Time>2025-07-18T10:38:23.242Z</Time><DistanceMeters>158.54700883229566</DistanceMeters><HeartRateBpm><Value>110</Value></HeartRateBpm><SensorState>Present</SensorState></Trackpoint><Trackpoint><Time>2025-07-18T10:38:24.242Z</Time><DistanceMeters>159.61538493633262</DistanceMeters><HeartRateBpm><Value>111</Value></HeartRateBpm><SensorState>Present</SensorState></Trackpoint><Trackpoint><Time>2025-07-18T10:38:25.242Z</Time><DistanceMeters>160.68376104036957</DistanceMeters><HeartRateBpm><Value>111</Value></HeartRateBpm><SensorState>Present</SensorState></Trackpoint><Trackpoint><Time>2025-07-18T10:38:26.242Z</Time><DistanceMeters>161.75213714440653</DistanceMeters><HeartRateBpm><Value>111</Value></HeartRateBpm><SensorState>Present</SensorState></Trackpoint><Trackpoint><Time>2025-07-18T10:38:27.242Z</Time><DistanceMeters>175.0</DistanceMeters><HeartRateBpm><Value>112</Value></HeartRateBpm><SensorState>Present</SensorState></Trackpoint><Trackpoint><Time>2025-07-18T10:38:28.242Z</Time><DistanceMeters>175.0</DistanceMeters><HeartRateBpm><Value>112</Value></HeartRateBpm><SensorState>Present</SensorState></Trackpoint><Trackpoint><Time>2025-07-18T10:38:29.242Z</Time><DistanceMeters>175.0</DistanceMeters><HeartRateBpm><Value>112</Value></HeartRateBpm><SensorState>Present</SensorState></Trackpoint><Trackpoint><Time>2025-07-18T10:38:30.242Z</Time><DistanceMeters>175.0</DistanceMeters><HeartRateBpm><Value>113</Value></HeartRateBpm><SensorState>Present</SensorState></Trackpoint><Trackpoint><Time>2025-07-18T10:38:31.242Z</Time><DistanceMeters>175.0</DistanceMeters><HeartRateBpm><Value>113</Value></HeartRateBpm><SensorState>Present</SensorState></Trackpoint><Trackpoint><Time>2025-07-18T10:38:32.242Z</Time><DistanceMeters>175.0</DistanceMeters><HeartRateBpm><Value>113</Value></HeartRateBpm><SensorState>Present</SensorState></Trackpoint><Trackpoint><Time>2025-07-18T10:38:33.242Z</Time><DistanceMeters>175.0</DistanceMeters><HeartRateBpm><Value>114</Value></HeartRateBpm><SensorState>Present</SensorState></Trackpoint><Trackpoint><Time>2025-07-18T10:38:34.242Z</Time><DistanceMeters>175.0</DistanceMeters><HeartRateBpm><Value>114</Value></HeartRateBpm><SensorState>Present</SensorState></Trackpoint><Trackpoint><Time>2025-07-18T10:38:35.242Z</Time><DistanceMeters>175.0</DistanceMeters><HeartRateBpm><Value>114</Value></HeartRateBpm><SensorState>Present</SensorState></Trackpoint><Trackpoint><Time>2025-07-18T10:38:36.242Z</Time><DistanceMeters>175.0</DistanceMeters><HeartRateBpm><Value>113</Value></HeartRateBpm><SensorState>Present</SensorState></Trackpoint><Trackpoint><Time>2025-07-18T10:38:37.242Z</Time><DistanceMeters>175.0</DistanceMeters><HeartRateBpm><Value>113</Value></HeartRateBpm><SensorState>Present</SensorState></Trackpoint><Trackpoint><Time>2025-07-18T10:38:38.242Z</Time><DistanceMeters>175.0</DistanceMeters><HeartRateBpm><Value>113</Value></HeartRateBpm><SensorState>Present</SensorState></Trackpoint><Trackpoint><Time>2025-07-18T10:38:39.242Z</Time><DistanceMeters>175.0</DistanceMeters><HeartRateBpm><Value>112</Value></HeartRateBpm><SensorState>Present</SensorState></Trackpoint><Trackpoint><Time>2025-07-18T10:38:40.242Z</Time><DistanceMeters>175.0</DistanceMeters><HeartRateBpm><Value>112</Value></HeartRateBpm><SensorState>Present</SensorState></Trackpoint><Trackpoint><Time>2025-07-18T10:38:41.242Z</Time><DistanceMeters>175.0</DistanceMeters><HeartRateBpm><Value>111</Value></HeartRateBpm><SensorState>Present</SensorState></Trackpoint><Trackpoint><Time>2025-07-18T10:38:42.242Z</Time><DistanceMeters>175.0</DistanceMeters><HeartRateBpm><Value>112</Value></HeartRateBpm><SensorState>Present</SensorState></Trackpoint><Trackpoint><Time>2025-07-18T10:38:43.242Z</Time><DistanceMeters>175.0</DistanceMeters><HeartRateBpm><Value>113</Value></HeartRateBpm><SensorState>Present</SensorState></Trackpoint><Trackpoint><Time>2025-07-18T10:38:44.242Z</Time><DistanceMeters>175.0</DistanceMeters><HeartRateBpm><Value>114</Value></HeartRateBpm><SensorState>Present</SensorState></Trackpoint><Trackpoint><Time>2025-07-18T10:38:45.242Z</Time><DistanceMeters>176.06837610403696</DistanceMeters><HeartRateBpm><Value>114</Value></HeartRateBpm><SensorState>Present</SensorState></Trackpoint><Trackpoint><Time>2025-07-18T10:38:46.242Z</Time><DistanceMeters>177.13675220807391</DistanceMeters><HeartRateBpm><Value>114</Value></HeartRateBpm><SensorState>Present</SensorState></Trackpoint><Trackpoint><Time>2025-07-18T10:38:47.242Z</Time><DistanceMeters>178.20512831211087</DistanceMeters><HeartRateBpm><Value>115</Value></HeartRateBpm><SensorState>Present</SensorState></Trackpoint><Trackpoint><Time>2025-07-18T10:38:48.242Z</Time><DistanceMeters>179.27350441614783</DistanceMeters><HeartRateBpm><Value>115</Value></HeartRateBpm><SensorState>Present</SensorState></Trackpoint><Trackpoint><Time>2025-07-18T10:38:49.242Z</Time><DistanceMeters>180.3418805201848</DistanceMeters><HeartRateBpm><Value>115</Value></HeartRateBpm><SensorState>Present</SensorState></Trackpoint><Trackpoint><Time>2025-07-18T10:38:50.242Z</Time><DistanceMeters>181.41025662422174</DistanceMeters><HeartRateBpm><Value>115</Value></HeartRateBpm><SensorState>Present</SensorState></Trackpoint><Trackpoint><Time>2025-07-18T10:38:51.242Z</Time><DistanceMeters>182.4786327282587</DistanceMeters><HeartRateBpm><Value>115</Value></HeartRateBpm><SensorState>Present</SensorState></Trackpoint><Trackpoint><Time>2025-07-18T10:38:52.242Z</Time><DistanceMeters>183.54700883229566</DistanceMeters><HeartRateBpm><Value>115</Value></HeartRateBpm><SensorState>Present</SensorState></Trackpoint><Trackpoint><Time>2025-07-18T10:38:53.242Z</Time><DistanceMeters>184.61538493633262</DistanceMeters><HeartRateBpm><Value>115</Value></HeartRateBpm><SensorState>Present</SensorState></Trackpoint><Trackpoint><Time>2025-07-18T10:38:54.242Z</Time><DistanceMeters>185.68376104036957</DistanceMeters><HeartRateBpm><Value>116</Value></HeartRateBpm><SensorState>Present</SensorState></Trackpoint><Trackpoint><Time>2025-07-18T10:38:55.242Z</Time><DistanceMeters>186.75213714440653</DistanceMeters><HeartRateBpm><Value>117</Value></HeartRateBpm><SensorState>Present</SensorState></Trackpoint><Trackpoint><Time>2025-07-18T10:38:56.242Z</Time><DistanceMeters>200.0</DistanceMeters><HeartRateBpm><Value>118</Value></HeartRateBpm><SensorState>Present</SensorState></Trackpoint><Trackpoint><Time>2025-07-18T10:38:57.242Z</Time><DistanceMeters>200.0</DistanceMeters><HeartRateBpm><Value>118</Value></HeartRateBpm><SensorState>Present</SensorState></Trackpoint><Trackpoint><Time>2025-07-18T10:38:58.242Z</Time><DistanceMeters>200.0</DistanceMeters><HeartRateBpm><Value>119</Value></HeartRateBpm><SensorState>Present</SensorState></Trackpoint><Trackpoint><Time>2025-07-18T10:38:59.242Z</Time><DistanceMeters>200.0</DistanceMeters><HeartRateBpm><Value>119</Value></HeartRateBpm><SensorState>Present</SensorState></Trackpoint><Trackpoint><Time>2025-07-18T10:39:00.242Z</Time><DistanceMeters>200.0</DistanceMeters><HeartRateBpm><Value>119</Value></HeartRateBpm><SensorState>Present</SensorState></Trackpoint><Trackpoint><Time>2025-07-18T10:39:01.242Z</Time><DistanceMeters>200.0</DistanceMeters><HeartRateBpm><Value>119</Value></HeartRateBpm><SensorState>Present</SensorState></Trackpoint><Trackpoint><Time>2025-07-18T10:39:02.242Z</Time><DistanceMeters>200.0</DistanceMeters><HeartRateBpm><Value>119</Value></HeartRateBpm><SensorState>Present</SensorState></Trackpoint><Trackpoint><Time>2025-07-18T10:39:03.242Z</Time><DistanceMeters>200.0</DistanceMeters><HeartRateBpm><Value>120</Value></HeartRateBpm><SensorState>Present</SensorState></Trackpoint><Trackpoint><Time>2025-07-18T10:39:04.242Z</Time><DistanceMeters>200.0</DistanceMeters><HeartRateBpm><Value>120</Value></HeartRateBpm><SensorState>Present</SensorState></Trackpoint><Trackpoint><Time>2025-07-18T10:39:05.242Z</Time><DistanceMeters>200.0</DistanceMeters><HeartRateBpm><Value>120</Value></HeartRateBpm><SensorState>Present</SensorState></Trackpoint><Trackpoint><Time>2025-07-18T10:39:06.242Z</Time><DistanceMeters>200.0</DistanceMeters><HeartRateBpm><Value>120</Value></HeartRateBpm><SensorState>Present</SensorState></Trackpoint><Trackpoint><Time>2025-07-18T10:39:07.242Z</Time><DistanceMeters>200.0</DistanceMeters><HeartRateBpm><Value>121</Value></HeartRateBpm><SensorState>Present</SensorState></Trackpoint><Trackpoint><Time>2025-07-18T10:39:08.242Z</Time><DistanceMeters>200.0</DistanceMeters><HeartRateBpm><Value>121</Value></HeartRateBpm><SensorState>Present</SensorState></Trackpoint><Trackpoint><Time>2025-07-18T10:39:09.242Z</Time><DistanceMeters>200.0</DistanceMeters><HeartRateBpm><Value>122</Value></HeartRateBpm><SensorState>Present</SensorState></Trackpoint><Trackpoint><Time>2025-07-18T10:39:10.242Z</Time><DistanceMeters>200.0</DistanceMeters><HeartRateBpm><Value>122</Value></HeartRateBpm><SensorState>Present</SensorState></Trackpoint><Trackpoint><Time>2025-07-18T10:39:11.242Z</Time><DistanceMeters>200.0</DistanceMeters><HeartRateBpm><Value>122</Value></HeartRateBpm><SensorState>Present</SensorState></Trackpoint><Trackpoint><Time>2025-07-18T10:39:12.242Z</Time><DistanceMeters>200.0</DistanceMeters><HeartRateBpm><Value>122</Value></HeartRateBpm><SensorState>Present</SensorState></Trackpoint><Trackpoint><Time>2025-07-18T10:39:13.242Z</Time><DistanceMeters>200.0</DistanceMeters><HeartRateBpm><Value>122</Value></HeartRateBpm><SensorState>Present</SensorState></Trackpoint><Trackpoint><Time>2025-07-18T10:39:14.242Z</Time><DistanceMeters>200.0</DistanceMeters><HeartRateBpm><Value>122</Value></HeartRateBpm><SensorState>Present</SensorState></Trackpoint><Trackpoint><Time>2025-07-18T10:39:15.242Z</Time><DistanceMeters>200.0</DistanceMeters><HeartRateBpm><Value>122</Value></HeartRateBpm><SensorState>Present</SensorState></Trackpoint><Trackpoint><Time>2025-07-18T10:39:16.242Z</Time><DistanceMeters>200.0</DistanceMeters><HeartRateBpm><Value>122</Value></HeartRateBpm><SensorState>Present</SensorState></Trackpoint><Trackpoint><Time>2025-07-18T10:39:17.242Z</Time><DistanceMeters>200.0</DistanceMeters><HeartRateBpm><Value>122</Value></HeartRateBpm><SensorState>Present</SensorState></Trackpoint><Trackpoint><Time>2025-07-18T10:39:18.242Z</Time><DistanceMeters>200.0</DistanceMeters><HeartRateBpm><Value>122</Value></HeartRateBpm><SensorState>Present</SensorState></Trackpoint><Trackpoint><Time>2025-07-18T10:39:19.242Z</Time><DistanceMeters>201.06837610403696</DistanceMeters><HeartRateBpm><Value>122</Value></HeartRateBpm><SensorState>Present</SensorState></Trackpoint><Trackpoint><Time>2025-07-18T10:39:20.242Z</Time><DistanceMeters>202.13675220807391</DistanceMeters><HeartRateBpm><Value>122</Value></HeartRateBpm><SensorState>Present</SensorState></Trackpoint><Trackpoint><Time>2025-07-18T10:39:21.242Z</Time><DistanceMeters>203.20512831211087</DistanceMeters><HeartRateBpm><Value>122</Value></HeartRateBpm><SensorState>Present</SensorState></Trackpoint><Trackpoint><Time>2025-07-18T10:39:22.242Z</Time><DistanceMeters>204.27350441614783</DistanceMeters><HeartRateBpm><Value>122</Value></HeartRateBpm><SensorState>Present</SensorState></Trackpoint><Trackpoint><Time>2025-07-18T10:39:23.242Z</Time><DistanceMeters>205.3418805201848</DistanceMeters><HeartRateBpm><Value>121</Value></HeartRateBpm><SensorState>Present</SensorState></Trackpoint><Trackpoint><Time>2025-07-18T10:39:24.242Z</Time><DistanceMeters>206.41025662422174</DistanceMeters><HeartRateBpm><Value>121</Value></HeartRateBpm><SensorState>Present</SensorState></Trackpoint><Trackpoint><Time>2025-07-18T10:39:25.242Z</Time><DistanceMeters>207.4786327282587</DistanceMeters><HeartRateBpm><Value>121</Value></HeartRateBpm><SensorState>Present</SensorState></Trackpoint><Trackpoint><Time>2025-07-18T10:39:26.242Z</Time><DistanceMeters>208.54700883229566</DistanceMeters><HeartRateBpm><Value>122</Value></HeartRateBpm><SensorState>Present</SensorState></Trackpoint><Trackpoint><Time>2025-07-18T10:39:27.242Z</Time><DistanceMeters>209.61538493633262</DistanceMeters><HeartRateBpm><Value>122</Value></HeartRateBpm><SensorState>Present</SensorState></Trackpoint><Trackpoint><Time>2025-07-18T10:39:28.242Z</Time><DistanceMeters>210.68376104036957</DistanceMeters><HeartRateBpm><Value>122</Value></HeartRateBpm><SensorState>Present</SensorState></Trackpoint><Trackpoint><Time>2025-07-18T10:39:29.242Z</Time><DistanceMeters>211.75213714440653</DistanceMeters><HeartRateBpm><Value>122</Value></HeartRateBpm><SensorState>Present</SensorState></Trackpoint><Trackpoint><Time>2025-07-18T10:39:30.242Z</Time><DistanceMeters>225.0</DistanceMeters><HeartRateBpm><Value>122</Value></HeartRateBpm><SensorState>Present</SensorState></Trackpoint><Trackpoint><Time>2025-07-18T10:39:31.242Z</Time><DistanceMeters>225.0</DistanceMeters><HeartRateBpm><Value>123</Value></HeartRateBpm><SensorState>Present</SensorState></Trackpoint><Trackpoint><Time>2025-07-18T10:39:32.242Z</Time><DistanceMeters>225.0</DistanceMeters><HeartRateBpm><Value>123</Value></HeartRateBpm><SensorState>Present</SensorState></Trackpoint><Trackpoint><Time>2025-07-18T10:39:33.242Z</Time><DistanceMeters>225.0</DistanceMeters><HeartRateBpm><Value>123</Value></HeartRateBpm><SensorState>Present</SensorState></Trackpoint><Trackpoint><Time>2025-07-18T10:39:34.242Z</Time><DistanceMeters>225.0</DistanceMeters><HeartRateBpm><Value>123</Value></HeartRateBpm><SensorState>Present</SensorState></Trackpoint><Trackpoint><Time>2025-07-18T10:39:35.242Z</Time><DistanceMeters>225.0</DistanceMeters><HeartRateBpm><Value>124</Value></HeartRateBpm><SensorState>Present</SensorState></Trackpoint><Trackpoint><Time>2025-07-18T10:39:36.242Z</Time><DistanceMeters>225.0</DistanceMeters><HeartRateBpm><Value>125</Value></HeartRateBpm><SensorState>Present</SensorState></Trackpoint><Trackpoint><Time>2025-07-18T10:39:37.242Z</Time><DistanceMeters>225.0</DistanceMeters><HeartRateBpm><Value>125</Value></HeartRateBpm><SensorState>Present</SensorState></Trackpoint><Trackpoint><Time>2025-07-18T10:39:38.242Z</Time><DistanceMeters>225.0</DistanceMeters><HeartRateBpm><Value>126</Value></HeartRateBpm><SensorState>Present</SensorState></Trackpoint><Trackpoint><Time>2025-07-18T10:39:39.242Z</Time><DistanceMeters>225.0</DistanceMeters><HeartRateBpm><Value>127</Value></HeartRateBpm><SensorState>Present</SensorState></Trackpoint><Trackpoint><Time>2025-07-18T10:39:40.242Z</Time><DistanceMeters>225.0</DistanceMeters><HeartRateBpm><Value>127</Value></HeartRateBpm><SensorState>Present</SensorState></Trackpoint><Trackpoint><Time>2025-07-18T10:39:41.242Z</Time><DistanceMeters>225.0</DistanceMeters><HeartRateBpm><Value>128</Value></HeartRateBpm><SensorState>Present</SensorState></Trackpoint><Trackpoint><Time>2025-07-18T10:39:42.242Z</Time><DistanceMeters>225.0</DistanceMeters><HeartRateBpm><Value>128</Value></HeartRateBpm><SensorState>Present</SensorState></Trackpoint><Trackpoint><Time>2025-07-18T10:39:43.242Z</Time><DistanceMeters>225.0</DistanceMeters><HeartRateBpm><Value>128</Value></HeartRateBpm><SensorState>Present</SensorState></Trackpoint><Trackpoint><Time>2025-07-18T10:39:44.242Z</Time><DistanceMeters>225.0</DistanceMeters><HeartRateBpm><Value>129</Value></HeartRateBpm><SensorState>Present</SensorState></Trackpoint><Trackpoint><Time>2025-07-18T10:39:45.242Z</Time><DistanceMeters>225.0</DistanceMeters><HeartRateBpm><Value>129</Value></HeartRateBpm><SensorState>Present</SensorState></Trackpoint><Trackpoint><Time>2025-07-18T10:39:46.242Z</Time><DistanceMeters>225.0</DistanceMeters><HeartRateBpm><Value>129</Value></HeartRateBpm><SensorState>Present</SensorState></Trackpoint><Trackpoint><Time>2025-07-18T10:39:47.242Z</Time><DistanceMeters>225.0</DistanceMeters><HeartRateBpm><Value>129</Value></HeartRateBpm><SensorState>Present</SensorState></Trackpoint><Trackpoint><Time>2025-07-18T10:39:48.242Z</Time><DistanceMeters>225.0</DistanceMeters><HeartRateBpm><Value>128</Value></HeartRateBpm><SensorState>Present</SensorState></Trackpoint><Trackpoint><Time>2025-07-18T10:39:49.242Z</Time><DistanceMeters>226.06837610403696</DistanceMeters><HeartRateBpm><Value>128</Value></HeartRateBpm><SensorState>Present</SensorState></Trackpoint><Trackpoint><Time>2025-07-18T10:39:50.242Z</Time><DistanceMeters>227.13675220807391</DistanceMeters><HeartRateBpm><Value>128</Value></HeartRateBpm><SensorState>Present</SensorState></Trackpoint><Trackpoint><Time>2025-07-18T10:39:51.242Z</Time><DistanceMeters>228.20512831211087</DistanceMeters><HeartRateBpm><Value>128</Value></HeartRateBpm><SensorState>Present</SensorState></Trackpoint><Trackpoint><Time>2025-07-18T10:39:52.242Z</Time><DistanceMeters>229.27350441614783</DistanceMeters><HeartRateBpm><Value>127</Value></HeartRateBpm><SensorState>Present</SensorState></Trackpoint><Trackpoint><Time>2025-07-18T10:39:53.242Z</Time><DistanceMeters>230.3418805201848</DistanceMeters><HeartRateBpm><Value>127</Value></HeartRateBpm><SensorState>Present</SensorState></Trackpoint><Trackpoint><Time>2025-07-18T10:39:54.242Z</Time><DistanceMeters>231.41025662422174</DistanceMeters><HeartRateBpm><Value>127</Value></HeartRateBpm><SensorState>Present</SensorState></Trackpoint><Trackpoint><Time>2025-07-18T10:39:55.242Z</Time><DistanceMeters>232.4786327282587</DistanceMeters><HeartRateBpm><Value>127</Value></HeartRateBpm><SensorState>Present</SensorState></Trackpoint><Trackpoint><Time>2025-07-18T10:39:56.242Z</Time><DistanceMeters>233.54700883229566</DistanceMeters><HeartRateBpm><Value>127</Value></HeartRateBpm><SensorState>Present</SensorState></Trackpoint><Trackpoint><Time>2025-07-18T10:39:57.242Z</Time><DistanceMeters>234.61538493633262</DistanceMeters><HeartRateBpm><Value>127</Value></HeartRateBpm><SensorState>Present</SensorState></Trackpoint><Trackpoint><Time>2025-07-18T10:39:58.242Z</Time><DistanceMeters>235.68376104036957</DistanceMeters><HeartRateBpm><Value>127</Value></HeartRateBpm><SensorState>Present</SensorState></Trackpoint><Trackpoint><Time>2025-07-18T10:39:59.242Z</Time><DistanceMeters>236.75213714440653</DistanceMeters><HeartRateBpm><Value>126</Value></HeartRateBpm><SensorState>Present</SensorState></Trackpoint><Trackpoint><Time>2025-07-18T10:40:00.242Z</Time><DistanceMeters>250.0</DistanceMeters><HeartRateBpm><Value>126</Value></HeartRateBpm><SensorState>Present</SensorState></Trackpoint><Trackpoint><Time>2025-07-18T10:40:01.242Z</Time><DistanceMeters>250.0</DistanceMeters><HeartRateBpm><Value>126</Value></HeartRateBpm><SensorState>Present</SensorState></Trackpoint><Trackpoint><Time>2025-07-18T10:40:02.242Z</Time><DistanceMeters>250.0</DistanceMeters><HeartRateBpm><Value>126</Value></HeartRateBpm><SensorState>Present</SensorState></Trackpoint><Trackpoint><Time>2025-07-18T10:40:03.242Z</Time><DistanceMeters>250.0</DistanceMeters><HeartRateBpm><Value>127</Value></HeartRateBpm><SensorState>Present</SensorState></Trackpoint><Trackpoint><Time>2025-07-18T10:40:04.242Z</Time><DistanceMeters>250.0</DistanceMeters><HeartRateBpm><Value>127</Value></HeartRateBpm><SensorState>Present</SensorState></Trackpoint><Trackpoint><Time>2025-07-18T10:40:05.242Z</Time><DistanceMeters>250.0</DistanceMeters><HeartRateBpm><Value>127</Value></HeartRateBpm><SensorState>Present</SensorState></Trackpoint><Trackpoint><Time>2025-07-18T10:40:06.242Z</Time><DistanceMeters>250.0</DistanceMeters><HeartRateBpm><Value>127</Value></HeartRateBpm><SensorState>Present</SensorState></Trackpoint><Trackpoint><Time>2025-07-18T10:40:07.242Z</Time><DistanceMeters>250.0</DistanceMeters><HeartRateBpm><Value>127</Value></HeartRateBpm><SensorState>Present</SensorState></Trackpoint><Trackpoint><Time>2025-07-18T10:40:08.242Z</Time><DistanceMeters>250.0</DistanceMeters><HeartRateBpm><Value>127</Value></HeartRateBpm><SensorState>Present</SensorState></Trackpoint><Trackpoint><Time>2025-07-18T10:40:09.242Z</Time><DistanceMeters>250.0</DistanceMeters><HeartRateBpm><Value>128</Value></HeartRateBpm><SensorState>Present</SensorState></Trackpoint><Trackpoint><Time>2025-07-18T10:40:10.242Z</Time><DistanceMeters>250.0</DistanceMeters><HeartRateBpm><Value>129</Value></HeartRateBpm><SensorState>Present</SensorState></Trackpoint><Trackpoint><Time>2025-07-18T10:40:11.242Z</Time><DistanceMeters>250.0</DistanceMeters><HeartRateBpm><Value>130</Value></HeartRateBpm><SensorState>Present</SensorState></Trackpoint><Trackpoint><Time>2025-07-18T10:40:12.242Z</Time><DistanceMeters>250.0</DistanceMeters><HeartRateBpm><Value>130</Value></HeartRateBpm><SensorState>Present</SensorState></Trackpoint><Trackpoint><Time>2025-07-18T10:40:13.242Z</Time><DistanceMeters>250.0</DistanceMeters><HeartRateBpm><Value>131</Value></HeartRateBpm><SensorState>Present</SensorState></Trackpoint><Trackpoint><Time>2025-07-18T10:40:14.242Z</Time><DistanceMeters>250.0</DistanceMeters><HeartRateBpm><Value>131</Value></HeartRateBpm><SensorState>Present</SensorState></Trackpoint><Trackpoint><Time>2025-07-18T10:40:15.242Z</Time><DistanceMeters>250.0</DistanceMeters><HeartRateBpm><Value>131</Value></HeartRateBpm><SensorState>Present</SensorState></Trackpoint><Trackpoint><Time>2025-07-18T10:40:16.242Z</Time><DistanceMeters>250.0</DistanceMeters><HeartRateBpm><Value>130</Value></HeartRateBpm><SensorState>Present</SensorState></Trackpoint><Trackpoint><Time>2025-07-18T10:40:17.242Z</Time><DistanceMeters>250.0</DistanceMeters><HeartRateBpm><Value>130</Value></HeartRateBpm><SensorState>Present</SensorState></Trackpoint><Trackpoint><Time>2025-07-18T10:40:18.242Z</Time><DistanceMeters>251.06837610403696</DistanceMeters><HeartRateBpm><Value>130</Value></HeartRateBpm><SensorState>Present</SensorState></Trackpoint><Trackpoint><Time>2025-07-18T10:40:19.242Z</Time><DistanceMeters>252.13675220807391</DistanceMeters><HeartRateBpm><Value>131</Value></HeartRateBpm><SensorState>Present</SensorState></Trackpoint><Trackpoint><Time>2025-07-18T10:40:20.242Z</Time><DistanceMeters>253.20512831211087</DistanceMeters><HeartRateBpm><Value>131</Value></HeartRateBpm><SensorState>Present</SensorState></Trackpoint><Trackpoint><Time>2025-07-18T10:40:21.242Z</Time><DistanceMeters>254.27350441614783</DistanceMeters><HeartRateBpm><Value>130</Value></HeartRateBpm><SensorState>Present</SensorState></Trackpoint><Trackpoint><Time>2025-07-18T10:40:22.242Z</Time><DistanceMeters>255.3418805201848</DistanceMeters><HeartRateBpm><Value>130</Value></HeartRateBpm><SensorState>Present</SensorState></Trackpoint><Trackpoint><Time>2025-07-18T10:40:23.242Z</Time><DistanceMeters>256.41025662422174</DistanceMeters><HeartRateBpm><Value>130</Value></HeartRateBpm><SensorState>Present</SensorState></Trackpoint><Trackpoint><Time>2025-07-18T10:40:24.242Z</Time><DistanceMeters>257.47863272825873</DistanceMeters><HeartRateBpm><Value>129</Value></HeartRateBpm><SensorState>Present</SensorState></Trackpoint><Trackpoint><Time>2025-07-18T10:40:25.242Z</Time><DistanceMeters>258.5470088322957</DistanceMeters><HeartRateBpm><Value>129</Value></HeartRateBpm><SensorState>Present</SensorState></Trackpoint><Trackpoint><Time>2025-07-18T10:40:26.242Z</Time><DistanceMeters>259.6153849363327</DistanceMeters><HeartRateBpm><Value>129</Value></HeartRateBpm><SensorState>Present</SensorState></Trackpoint><Trackpoint><Time>2025-07-18T10:40:27.242Z</Time><DistanceMeters>260.6837610403697</DistanceMeters><HeartRateBpm><Value>129</Value></HeartRateBpm><SensorState>Present</SensorState></Trackpoint><Trackpoint><Time>2025-07-18T10:40:28.242Z</Time><DistanceMeters>261.7521371444067</DistanceMeters><HeartRateBpm><Value>129</Value></HeartRateBpm><SensorState>Present</SensorState></Trackpoint><Trackpoint><Time>2025-07-18T10:40:29.242Z</Time><DistanceMeters>275.0</DistanceMeters><HeartRateBpm><Value>128</Value></HeartRateBpm><SensorState>Present</SensorState></Trackpoint><Trackpoint><Time>2025-07-18T10:40:30.242Z</Time><DistanceMeters>275.0</DistanceMeters><HeartRateBpm><Value>128</Value></HeartRateBpm><SensorState>Present</SensorState></Trackpoint><Trackpoint><Time>2025-07-18T10:40:31.242Z</Time><DistanceMeters>275.0</DistanceMeters><HeartRateBpm><Value>127</Value></HeartRateBpm><SensorState>Present</SensorState></Trackpoint><Trackpoint><Time>2025-07-18T10:40:32.242Z</Time><DistanceMeters>275.0</DistanceMeters><HeartRateBpm><Value>126</Value></HeartRateBpm><SensorState>Present</SensorState></Trackpoint><Trackpoint><Time>2025-07-18T10:40:33.242Z</Time><DistanceMeters>275.0</DistanceMeters><HeartRateBpm><Value>126</Value></HeartRateBpm><SensorState>Present</SensorState></Trackpoint><Trackpoint><Time>2025-07-18T10:40:34.242Z</Time><DistanceMeters>275.0</DistanceMeters><HeartRateBpm><Value>126</Value></HeartRateBpm><SensorState>Present</SensorState></Trackpoint><Trackpoint><Time>2025-07-18T10:40:35.242Z</Time><DistanceMeters>275.0</DistanceMeters><HeartRateBpm><Value>126</Value></HeartRateBpm><SensorState>Present</SensorState></Trackpoint><Trackpoint><Time>2025-07-18T10:40:36.242Z</Time><DistanceMeters>275.0</DistanceMeters><HeartRateBpm><Value>127</Value></HeartRateBpm><SensorState>Present</SensorState></Trackpoint><Trackpoint><Time>2025-07-18T10:40:37.242Z</Time><DistanceMeters>275.0</DistanceMeters><HeartRateBpm><Value>127</Value></HeartRateBpm><SensorState>Present</SensorState></Trackpoint><Trackpoint><Time>2025-07-18T10:40:38.242Z</Time><DistanceMeters>275.0</DistanceMeters><HeartRateBpm><Value>128</Value></HeartRateBpm><SensorState>Present</SensorState></Trackpoint><Trackpoint><Time>2025-07-18T10:40:39.242Z</Time><DistanceMeters>275.0</DistanceMeters><HeartRateBpm><Value>128</Value></HeartRateBpm><SensorState>Present</SensorState></Trackpoint><Trackpoint><Time>2025-07-18T10:40:40.242Z</Time><DistanceMeters>275.0</DistanceMeters><HeartRateBpm><Value>130</Value></HeartRateBpm><SensorState>Present</SensorState></Trackpoint><Trackpoint><Time>2025-07-18T10:40:41.242Z</Time><DistanceMeters>275.0</DistanceMeters><HeartRateBpm><Value>131</Value></HeartRateBpm><SensorState>Present</SensorState></Trackpoint><Trackpoint><Time>2025-07-18T10:40:42.242Z</Time><DistanceMeters>275.0</DistanceMeters><HeartRateBpm><Value>131</Value></HeartRateBpm><SensorState>Present</SensorState></Trackpoint><Trackpoint><Time>2025-07-18T10:40:43.242Z</Time><DistanceMeters>275.0</DistanceMeters><HeartRateBpm><Value>131</Value></HeartRateBpm><SensorState>Present</SensorState></Trackpoint><Trackpoint><Time>2025-07-18T10:40:44.242Z</Time><DistanceMeters>275.0</DistanceMeters><HeartRateBpm><Value>130</Value></HeartRateBpm><SensorState>Present</SensorState></Trackpoint><Trackpoint><Time>2025-07-18T10:40:45.242Z</Time><DistanceMeters>275.0</DistanceMeters><HeartRateBpm><Value>129</Value></HeartRateBpm><SensorState>Present</SensorState></Trackpoint><Trackpoint><Time>2025-07-18T10:40:46.242Z</Time><DistanceMeters>275.0</DistanceMeters><HeartRateBpm><Value>129</Value></HeartRateBpm><SensorState>Present</SensorState></Trackpoint><Trackpoint><Time>2025-07-18T10:40:47.242Z</Time><DistanceMeters>275.0</DistanceMeters><HeartRateBpm><Value>130</Value></HeartRateBpm><SensorState>Present</SensorState></Trackpoint><Trackpoint><Time>2025-07-18T10:40:48.242Z</Time><DistanceMeters>275.0</DistanceMeters><HeartRateBpm><Value>130</Value></HeartRateBpm><SensorState>Present</SensorState></Trackpoint><Trackpoint><Time>2025-07-18T10:40:49.242Z</Time><DistanceMeters>275.0</DistanceMeters><HeartRateBpm><Value>129</Value></HeartRateBpm><SensorState>Present</SensorState></Trackpoint><Trackpoint><Time>2025-07-18T10:40:50.242Z</Time><DistanceMeters>276.068376104037</DistanceMeters><HeartRateBpm><Value>129</Value></HeartRateBpm><SensorState>Present</SensorState></Trackpoint><Trackpoint><Time>2025-07-18T10:40:51.242Z</Time><DistanceMeters>277.136752208074</DistanceMeters><HeartRateBpm><Value>129</Value></HeartRateBpm><SensorState>Present</SensorState></Trackpoint><Trackpoint><Time>2025-07-18T10:40:52.242Z</Time><DistanceMeters>278.20512831211096</DistanceMeters><HeartRateBpm><Value>129</Value></HeartRateBpm><SensorState>Present</SensorState></Trackpoint><Trackpoint><Time>2025-07-18T10:40:53.242Z</Time><DistanceMeters>279.27350441614794</DistanceMeters><HeartRateBpm><Value>129</Value></HeartRateBpm><SensorState>Present</SensorState></Trackpoint><Trackpoint><Time>2025-07-18T10:40:54.242Z</Time><DistanceMeters>280.34188052018493</DistanceMeters><HeartRateBpm><Value>129</Value></HeartRateBpm><SensorState>Present</SensorState></Trackpoint><Trackpoint><Time>2025-07-18T10:40:55.242Z</Time><DistanceMeters>281.4102566242219</DistanceMeters><HeartRateBpm><Value>129</Value></HeartRateBpm><SensorState>Present</SensorState></Trackpoint><Trackpoint><Time>2025-07-18T10:40:56.242Z</Time><DistanceMeters>282.4786327282589</DistanceMeters><HeartRateBpm><Value>128</Value></HeartRateBpm><SensorState>Present</SensorState></Trackpoint><Trackpoint><Time>2025-07-18T10:40:57.242Z</Time><DistanceMeters>283.5470088322959</DistanceMeters><HeartRateBpm><Value>128</Value></HeartRateBpm><SensorState>Present</SensorState></Trackpoint><Trackpoint><Time>2025-07-18T10:40:58.242Z</Time><DistanceMeters>284.6153849363329</DistanceMeters><HeartRateBpm><Value>128</Value></HeartRateBpm><SensorState>Present</SensorState></Trackpoint><Trackpoint><Time>2025-07-18T10:40:59.242Z</Time><DistanceMeters>285.68376104036986</DistanceMeters><HeartRateBpm><Value>129</Value></HeartRateBpm><SensorState>Present</SensorState></Trackpoint><Trackpoint><Time>2025-07-18T10:41:00.242Z</Time><DistanceMeters>286.75213714440684</DistanceMeters><HeartRateBpm><Value>130</Value></HeartRateBpm><SensorState>Present</SensorState></Trackpoint><Trackpoint><Time>2025-07-18T10:41:01.242Z</Time><DistanceMeters>300.0</DistanceMeters><HeartRateBpm><Value>130</Value></HeartRateBpm><SensorState>Present</SensorState></Trackpoint><Trackpoint><Time>2025-07-18T10:41:02.242Z</Time><DistanceMeters>300.0</DistanceMeters><HeartRateBpm><Value>131</Value></HeartRateBpm><SensorState>Present</SensorState></Trackpoint><Trackpoint><Time>2025-07-18T10:41:03.242Z</Time><DistanceMeters>300.0</DistanceMeters><HeartRateBpm><Value>130</Value></HeartRateBpm><SensorState>Present</SensorState></Trackpoint><Trackpoint><Time>2025-07-18T10:41:04.242Z</Time><DistanceMeters>300.0</DistanceMeters><HeartRateBpm><Value>131</Value></HeartRateBpm><SensorState>Present</SensorState></Trackpoint><Trackpoint><Time>2025-07-18T10:41:05.242Z</Time><DistanceMeters>300.0</DistanceMeters><HeartRateBpm><Value>131</Value></HeartRateBpm><SensorState>Present</SensorState></Trackpoint><Trackpoint><Time>2025-07-18T10:41:06.242Z</Time><DistanceMeters>300.0</DistanceMeters><HeartRateBpm><Value>131</Value></HeartRateBpm><SensorState>Present</SensorState></Trackpoint><Trackpoint><Time>2025-07-18T10:41:07.242Z</Time><DistanceMeters>300.0</DistanceMeters><HeartRateBpm><Value>131</Value></HeartRateBpm><SensorState>Present</SensorState></Trackpoint><Trackpoint><Time>2025-07-18T10:41:08.242Z</Time><DistanceMeters>300.0</DistanceMeters><HeartRateBpm><Value>132</Value></HeartRateBpm><SensorState>Present</SensorState></Trackpoint><Trackpoint><Time>2025-07-18T10:41:09.242Z</Time><DistanceMeters>300.0</DistanceMeters><HeartRateBpm><Value>132</Value></HeartRateBpm><SensorState>Present</SensorState></Trackpoint><Trackpoint><Time>2025-07-18T10:41:10.242Z</Time><DistanceMeters>300.0</DistanceMeters><HeartRateBpm><Value>132</Value></HeartRateBpm><SensorState>Present</SensorState></Trackpoint><Trackpoint><Time>2025-07-18T10:41:11.242Z</Time><DistanceMeters>300.0</DistanceMeters><HeartRateBpm><Value>133</Value></HeartRateBpm><SensorState>Present</SensorState></Trackpoint><Trackpoint><Time>2025-07-18T10:41:12.242Z</Time><DistanceMeters>300.0</DistanceMeters><HeartRateBpm><Value>133</Value></HeartRateBpm><SensorState>Present</SensorState></Trackpoint><Trackpoint><Time>2025-07-18T10:41:13.242Z</Time><DistanceMeters>300.0</DistanceMeters><HeartRateBpm><Value>133</Value></HeartRateBpm><SensorState>Present</SensorState></Trackpoint><Trackpoint><Time>2025-07-18T10:41:14.242Z</Time><DistanceMeters>300.0</DistanceMeters><HeartRateBpm><Value>132</Value></HeartRateBpm><SensorState>Present</SensorState></Trackpoint><Trackpoint><Time>2025-07-18T10:41:15.242Z</Time><DistanceMeters>300.0</DistanceMeters><HeartRateBpm><Value>132</Value></HeartRateBpm><SensorState>Present</SensorState></Trackpoint><Trackpoint><Time>2025-07-18T10:41:16.242Z</Time><DistanceMeters>300.0</DistanceMeters><HeartRateBpm><Value>132</Value></HeartRateBpm><SensorState>Present</SensorState></Trackpoint><Trackpoint><Time>2025-07-18T10:41:17.242Z</Time><DistanceMeters>300.0</DistanceMeters><HeartRateBpm><Value>132</Value></HeartRateBpm><SensorState>Present</SensorState></Trackpoint><Trackpoint><Time>2025-07-18T10:41:18.242Z</Time><DistanceMeters>300.0</DistanceMeters><HeartRateBpm><Value>132</Value></HeartRateBpm><SensorState>Present</SensorState></Trackpoint><Trackpoint><Time>2025-07-18T10:41:19.242Z</Time><DistanceMeters>300.0</DistanceMeters><HeartRateBpm><Value>132</Value></HeartRateBpm><SensorState>Present</SensorState></Trackpoint><Trackpoint><Time>2025-07-18T10:41:20.242Z</Time><DistanceMeters>300.0</DistanceMeters><HeartRateBpm><Value>131</Value></HeartRateBpm><SensorState>Present</SensorState></Trackpoint><Trackpoint><Time>2025-07-18T10:41:21.242Z</Time><DistanceMeters>301.068376104037</DistanceMeters><HeartRateBpm><Value>131</Value></HeartRateBpm><SensorState>Present</SensorState></Trackpoint><Trackpoint><Time>2025-07-18T10:41:22.242Z</Time><DistanceMeters>302.136752208074</DistanceMeters><HeartRateBpm><Value>131</Value></HeartRateBpm><SensorState>Present</SensorState></Trackpoint><Trackpoint><Time>2025-07-18T10:41:23.242Z</Time><DistanceMeters>303.20512831211096</DistanceMeters><HeartRateBpm><Value>130</Value></HeartRateBpm><SensorState>Present</SensorState></Trackpoint><Trackpoint><Time>2025-07-18T10:41:24.242Z</Time><DistanceMeters>304.27350441614794</DistanceMeters><HeartRateBpm><Value>129</Value></HeartRateBpm><SensorState>Present</SensorState></Trackpoint><Trackpoint><Time>2025-07-18T10:41:25.242Z</Time><DistanceMeters>305.34188052018493</DistanceMeters><HeartRateBpm><Value>129</Value></HeartRateBpm><SensorState>Present</SensorState></Trackpoint><Trackpoint><Time>2025-07-18T10:41:26.242Z</Time><DistanceMeters>306.4102566242219</DistanceMeters><HeartRateBpm><Value>128</Value></HeartRateBpm><SensorState>Present</SensorState></Trackpoint><Trackpoint><Time>2025-07-18T10:41:27.242Z</Time><DistanceMeters>307.4786327282589</DistanceMeters><HeartRateBpm><Value>128</Value></HeartRateBpm><SensorState>Present</SensorState></Trackpoint><Trackpoint><Time>2025-07-18T10:41:28.242Z</Time><DistanceMeters>308.5470088322959</DistanceMeters><HeartRateBpm><Value>128</Value></HeartRateBpm><SensorState>Present</SensorState></Trackpoint><Trackpoint><Time>2025-07-18T10:41:29.242Z</Time><DistanceMeters>309.6153849363329</DistanceMeters><HeartRateBpm><Value>128</Value></HeartRateBpm><SensorState>Present</SensorState></Trackpoint><Trackpoint><Time>2025-07-18T10:41:30.242Z</Time><DistanceMeters>310.68376104036986</DistanceMeters><HeartRateBpm><Value>128</Value></HeartRateBpm><SensorState>Present</SensorState></Trackpoint><Trackpoint><Time>2025-07-18T10:41:31.242Z</Time><DistanceMeters>311.75213714440684</DistanceMeters><HeartRateBpm><Value>128</Value></HeartRateBpm><SensorState>Present</SensorState></Trackpoint><Trackpoint><Time>2025-07-18T10:41:32.242Z</Time><DistanceMeters>325.0</DistanceMeters><HeartRateBpm><Value>127</Value></HeartRateBpm><SensorState>Present</SensorState></Trackpoint><Trackpoint><Time>2025-07-18T10:41:33.242Z</Time><DistanceMeters>325.0</DistanceMeters><HeartRateBpm><Value>127</Value></HeartRateBpm><SensorState>Present</SensorState></Trackpoint><Trackpoint><Time>2025-07-18T10:41:34.242Z</Time><DistanceMeters>325.0</DistanceMeters><HeartRateBpm><Value>128</Value></HeartRateBpm><SensorState>Present</SensorState></Trackpoint><Trackpoint><Time>2025-07-18T10:41:35.242Z</Time><DistanceMeters>325.0</DistanceMeters><HeartRateBpm><Value>128</Value></HeartRateBpm><SensorState>Present</SensorState></Trackpoint><Trackpoint><Time>2025-07-18T10:41:36.242Z</Time><DistanceMeters>325.0</DistanceMeters><HeartRateBpm><Value>128</Value></HeartRateBpm><SensorState>Present</SensorState></Trackpoint><Trackpoint><Time>2025-07-18T10:41:37.242Z</Time><DistanceMeters>325.0</DistanceMeters><HeartRateBpm><Value>127</Value></HeartRateBpm><SensorState>Present</SensorState></Trackpoint><Trackpoint><Time>2025-07-18T10:41:38.242Z</Time><DistanceMeters>325.0</DistanceMeters><HeartRateBpm><Value>126</Value></HeartRateBpm><SensorState>Present</SensorState></Trackpoint><Trackpoint><Time>2025-07-18T10:41:39.242Z</Time><DistanceMeters>325.0</DistanceMeters><HeartRateBpm><Value>125</Value></HeartRateBpm><SensorState>Present</SensorState></Trackpoint><Trackpoint><Time>2025-07-18T10:41:40.242Z</Time><DistanceMeters>325.0</DistanceMeters><HeartRateBpm><Value>124</Value></HeartRateBpm><SensorState>Present</SensorState></Trackpoint><Trackpoint><Time>2025-07-18T10:41:41.242Z</Time><DistanceMeters>325.0</DistanceMeters><HeartRateBpm><Value>124</Value></HeartRateBpm><SensorState>Present</SensorState></Trackpoint><Trackpoint><Time>2025-07-18T10:41:42.242Z</Time><DistanceMeters>325.0</DistanceMeters><HeartRateBpm><Value>124</Value></HeartRateBpm><SensorState>Present</SensorState></Trackpoint><Trackpoint><Time>2025-07-18T10:41:43.242Z</Time><DistanceMeters>325.0</DistanceMeters><HeartRateBpm><Value>124</Value></HeartRateBpm><SensorState>Present</SensorState></Trackpoint><Trackpoint><Time>2025-07-18T10:41:44.242Z</Time><DistanceMeters>325.0</DistanceMeters><HeartRateBpm><Value>123</Value></HeartRateBpm><SensorState>Present</SensorState></Trackpoint><Trackpoint><Time>2025-07-18T10:41:45.242Z</Time><DistanceMeters>325.0</DistanceMeters><HeartRateBpm><Value>123</Value></HeartRateBpm><SensorState>Present</SensorState></Trackpoint><Trackpoint><Time>2025-07-18T10:41:46.242Z</Time><DistanceMeters>325.0</DistanceMeters><HeartRateBpm><Value>122</Value></HeartRateBpm><SensorState>Present</SensorState></Trackpoint><Trackpoint><Time>2025-07-18T10:41:47.242Z</Time><DistanceMeters>325.0</DistanceMeters><HeartRateBpm><Value>122</Value></HeartRateBpm><SensorState>Present</SensorState></Trackpoint><Trackpoint><Time>2025-07-18T10:41:48.242Z</Time><DistanceMeters>325.0</DistanceMeters><HeartRateBpm><Value>122</Value></HeartRateBpm><SensorState>Present</SensorState></Trackpoint><Trackpoint><Time>2025-07-18T10:41:49.242Z</Time><DistanceMeters>325.0</DistanceMeters><HeartRateBpm><Value>122</Value></HeartRateBpm><SensorState>Present</SensorState></Trackpoint><Trackpoint><Time>2025-07-18T10:41:50.242Z</Time><DistanceMeters>325.0</DistanceMeters><HeartRateBpm><Value>122</Value></HeartRateBpm><SensorState>Present</SensorState></Trackpoint><Trackpoint><Time>2025-07-18T10:41:51.242Z</Time><DistanceMeters>325.0</DistanceMeters><HeartRateBpm><Value>123</Value></HeartRateBpm><SensorState>Present</SensorState></Trackpoint><Trackpoint><Time>2025-07-18T10:41:52.242Z</Time><DistanceMeters>325.0</DistanceMeters><HeartRateBpm><Value>123</Value></HeartRateBpm><SensorState>Present</SensorState></Trackpoint><Trackpoint><Time>2025-07-18T10:41:53.242Z</Time><DistanceMeters>326.068376104037</DistanceMeters><HeartRateBpm><Value>123</Value></HeartRateBpm><SensorState>Present</SensorState></Trackpoint><Trackpoint><Time>2025-07-18T10:41:54.242Z</Time><DistanceMeters>327.136752208074</DistanceMeters><HeartRateBpm><Value>124</Value></HeartRateBpm><SensorState>Present</SensorState></Trackpoint><Trackpoint><Time>2025-07-18T10:41:55.242Z</Time><DistanceMeters>328.20512831211096</DistanceMeters><HeartRateBpm><Value>124</Value></HeartRateBpm><SensorState>Present</SensorState></Trackpoint><Trackpoint><Time>2025-07-18T10:41:56.242Z</Time><DistanceMeters>329.27350441614794</DistanceMeters><HeartRateBpm><Value>124</Value></HeartRateBpm><SensorState>Present</SensorState></Trackpoint><Trackpoint><Time>2025-07-18T10:41:57.242Z</Time><DistanceMeters>330.34188052018493</DistanceMeters><HeartRateBpm><Value>124</Value></HeartRateBpm><SensorState>Present</SensorState></Trackpoint><Trackpoint><Time>2025-07-18T10:41:58.242Z</Time><DistanceMeters>331.4102566242219</DistanceMeters><HeartRateBpm><Value>124</Value></HeartRateBpm><SensorState>Present</SensorState></Trackpoint><Trackpoint><Time>2025-07-18T10:41:59.242Z</Time><DistanceMeters>332.4786327282589</DistanceMeters><HeartRateBpm><Value>124</Value></HeartRateBpm><SensorState>Present</SensorState></Trackpoint><Trackpoint><Time>2025-07-18T10:42:00.242Z</Time><DistanceMeters>333.5470088322959</DistanceMeters><HeartRateBpm><Value>124</Value></HeartRateBpm><SensorState>Present</SensorState></Trackpoint><Trackpoint><Time>2025-07-18T10:42:01.242Z</Time><DistanceMeters>334.6153849363329</DistanceMeters><HeartRateBpm><Value>124</Value></HeartRateBpm><SensorState>Present</SensorState></Trackpoint><Trackpoint><Time>2025-07-18T10:42:02.242Z</Time><DistanceMeters>335.68376104036986</DistanceMeters><HeartRateBpm><Value>124</Value></HeartRateBpm><SensorState>Present</SensorState></Trackpoint><Trackpoint><Time>2025-07-18T10:42:03.242Z</Time><DistanceMeters>336.75213714440684</DistanceMeters><HeartRateBpm><Value>124</Value></HeartRateBpm><SensorState>Present</SensorState></Trackpoint><Trackpoint><Time>2025-07-18T10:42:04.242Z</Time><DistanceMeters>350.0</DistanceMeters><HeartRateBpm><Value>123</Value></HeartRateBpm><SensorState>Present</SensorState></Trackpoint><Trackpoint><Time>2025-07-18T10:42:05.242Z</Time><DistanceMeters>350.0</DistanceMeters><HeartRateBpm><Value>123</Value></HeartRateBpm><SensorState>Present</SensorState></Trackpoint><Trackpoint><Time>2025-07-18T10:42:06.242Z</Time><DistanceMeters>350.0</DistanceMeters><HeartRateBpm><Value>123</Value></HeartRateBpm><SensorState>Present</SensorState></Trackpoint><Trackpoint><Time>2025-07-18T10:42:07.242Z</Time><DistanceMeters>350.0</DistanceMeters><HeartRateBpm><Value>122</Value></HeartRateBpm><SensorState>Present</SensorState></Trackpoint><Trackpoint><Time>2025-07-18T10:42:08.242Z</Time><DistanceMeters>350.0</DistanceMeters><HeartRateBpm><Value>122</Value></HeartRateBpm><SensorState>Present</SensorState></Trackpoint><Trackpoint><Time>2025-07-18T10:42:09.242Z</Time><DistanceMeters>350.0</DistanceMeters><HeartRateBpm><Value>121</Value></HeartRateBpm><SensorState>Present</SensorState></Trackpoint><Trackpoint><Time>2025-07-18T10:42:10.242Z</Time><DistanceMeters>350.0</DistanceMeters><HeartRateBpm><Value>121</Value></HeartRateBpm><SensorState>Present</SensorState></Trackpoint><Trackpoint><Time>2025-07-18T10:42:11.242Z</Time><DistanceMeters>350.0</DistanceMeters><HeartRateBpm><Value>121</Value></HeartRateBpm><SensorState>Present</SensorState></Trackpoint><Trackpoint><Time>2025-07-18T10:42:12.242Z</Time><DistanceMeters>350.0</DistanceMeters><HeartRateBpm><Value>120</Value></HeartRateBpm><SensorState>Present</SensorState></Trackpoint><Trackpoint><Time>2025-07-18T10:42:13.242Z</Time><DistanceMeters>350.0</DistanceMeters><HeartRateBpm><Value>119</Value></HeartRateBpm><SensorState>Present</SensorState></Trackpoint><Trackpoint><Time>2025-07-18T10:42:14.242Z</Time><DistanceMeters>350.0</DistanceMeters><HeartRateBpm><Value>119</Value></HeartRateBpm><SensorState>Present</SensorState></Trackpoint><Trackpoint><Time>2025-07-18T10:42:15.242Z</Time><DistanceMeters>350.0</DistanceMeters><HeartRateBpm><Value>119</Value></HeartRateBpm><SensorState>Present</SensorState></Trackpoint><Trackpoint><Time>2025-07-18T10:42:16.242Z</Time><DistanceMeters>350.0</DistanceMeters><HeartRateBpm><Value>119</Value></HeartRateBpm><SensorState>Present</SensorState></Trackpoint><Trackpoint><Time>2025-07-18T10:42:17.242Z</Time><DistanceMeters>350.0</DistanceMeters><HeartRateBpm><Value>118</Value></HeartRateBpm><SensorState>Present</SensorState></Trackpoint><Trackpoint><Time>2025-07-18T10:42:18.242Z</Time><DistanceMeters>350.0</DistanceMeters><HeartRateBpm><Value>118</Value></HeartRateBpm><SensorState>Present</SensorState></Trackpoint><Trackpoint><Time>2025-07-18T10:42:19.242Z</Time><DistanceMeters>350.0</DistanceMeters><HeartRateBpm><Value>118</Value></HeartRateBpm><SensorState>Present</SensorState></Trackpoint><Trackpoint><Time>2025-07-18T10:42:20.242Z</Time><DistanceMeters>350.0</DistanceMeters><HeartRateBpm><Value>118</Value></HeartRateBpm><SensorState>Present</SensorState></Trackpoint><Trackpoint><Time>2025-07-18T10:42:21.242Z</Time><DistanceMeters>350.0</DistanceMeters><HeartRateBpm><Value>117</Value></HeartRateBpm><SensorState>Present</SensorState></Trackpoint><Trackpoint><Time>2025-07-18T10:42:22.242Z</Time><DistanceMeters>350.0</DistanceMeters><HeartRateBpm><Value>117</Value></HeartRateBpm><SensorState>Present</SensorState></Trackpoint><Trackpoint><Time>2025-07-18T10:42:23.242Z</Time><DistanceMeters>351.068376104037</DistanceMeters><HeartRateBpm><Value>116</Value></HeartRateBpm><SensorState>Present</SensorState></Trackpoint><Trackpoint><Time>2025-07-18T10:42:24.242Z</Time><DistanceMeters>352.136752208074</DistanceMeters><HeartRateBpm><Value>117</Value></HeartRateBpm><SensorState>Present</SensorState></Trackpoint><Trackpoint><Time>2025-07-18T10:42:25.242Z</Time><DistanceMeters>353.20512831211096</DistanceMeters><HeartRateBpm><Value>117</Value></HeartRateBpm><SensorState>Present</SensorState></Trackpoint><Trackpoint><Time>2025-07-18T10:42:26.242Z</Time><DistanceMeters>354.27350441614794</DistanceMeters><HeartRateBpm><Value>118</Value></HeartRateBpm><SensorState>Present</SensorState></Trackpoint><Trackpoint><Time>2025-07-18T10:42:27.242Z</Time><DistanceMeters>355.34188052018493</DistanceMeters><HeartRateBpm><Value>118</Value></HeartRateBpm><SensorState>Present</SensorState></Trackpoint><Trackpoint><Time>2025-07-18T10:42:28.242Z</Time><DistanceMeters>356.4102566242219</DistanceMeters><HeartRateBpm><Value>118</Value></HeartRateBpm><SensorState>Present</SensorState></Trackpoint><Trackpoint><Time>2025-07-18T10:42:29.242Z</Time><DistanceMeters>357.4786327282589</DistanceMeters><HeartRateBpm><Value>119</Value></HeartRateBpm><SensorState>Present</SensorState></Trackpoint><Trackpoint><Time>2025-07-18T10:42:30.242Z</Time><DistanceMeters>358.5470088322959</DistanceMeters><HeartRateBpm><Value>119</Value></HeartRateBpm><SensorState>Present</SensorState></Trackpoint><Trackpoint><Time>2025-07-18T10:42:31.242Z</Time><DistanceMeters>359.6153849363329</DistanceMeters><HeartRateBpm><Value>119</Value></HeartRateBpm><SensorState>Present</SensorState></Trackpoint><Trackpoint><Time>2025-07-18T10:42:32.242Z</Time><DistanceMeters>360.68376104036986</DistanceMeters><HeartRateBpm><Value>119</Value></HeartRateBpm><SensorState>Present</SensorState></Trackpoint><Trackpoint><Time>2025-07-18T10:42:33.242Z</Time><DistanceMeters>361.75213714440684</DistanceMeters><HeartRateBpm><Value>119</Value></HeartRateBpm><SensorState>Present</SensorState></Trackpoint><Trackpoint><Time>2025-07-18T10:42:34.242Z</Time><DistanceMeters>375.0</DistanceMeters><HeartRateBpm><Value>119</Value></HeartRateBpm><SensorState>Present</SensorState></Trackpoint><Trackpoint><Time>2025-07-18T10:42:35.242Z</Time><DistanceMeters>375.0</DistanceMeters><HeartRateBpm><Value>119</Value></HeartRateBpm><SensorState>Present</SensorState></Trackpoint><Trackpoint><Time>2025-07-18T10:42:36.242Z</Time><DistanceMeters>375.0</DistanceMeters><HeartRateBpm><Value>119</Value></HeartRateBpm><SensorState>Present</SensorState></Trackpoint><Trackpoint><Time>2025-07-18T10:42:37.242Z</Time><DistanceMeters>375.0</DistanceMeters><HeartRateBpm><Value>120</Value></HeartRateBpm><SensorState>Present</SensorState></Trackpoint><Trackpoint><Time>2025-07-18T10:42:38.242Z</Time><DistanceMeters>375.0</DistanceMeters><HeartRateBpm><Value>120</Value></HeartRateBpm><SensorState>Present</SensorState></Trackpoint><Trackpoint><Time>2025-07-18T10:42:39.242Z</Time><DistanceMeters>375.0</DistanceMeters><HeartRateBpm><Value>121</Value></HeartRateBpm><SensorState>Present</SensorState></Trackpoint><Trackpoint><Time>2025-07-18T10:42:40.242Z</Time><DistanceMeters>375.0</DistanceMeters><HeartRateBpm><Value>122</Value></HeartRateBpm><SensorState>Present</SensorState></Trackpoint><Trackpoint><Time>2025-07-18T10:42:41.242Z</Time><DistanceMeters>375.0</DistanceMeters><HeartRateBpm><Value>122</Value></HeartRateBpm><SensorState>Present</SensorState></Trackpoint><Trackpoint><Time>2025-07-18T10:42:42.242Z</Time><DistanceMeters>375.0</DistanceMeters><HeartRateBpm><Value>123</Value></HeartRateBpm><SensorState>Present</SensorState></Trackpoint><Trackpoint><Time>2025-07-18T10:42:43.242Z</Time><DistanceMeters>375.0</DistanceMeters><HeartRateBpm><Value>123</Value></HeartRateBpm><SensorState>Present</SensorState></Trackpoint><Trackpoint><Time>2025-07-18T10:42:44.242Z</Time><DistanceMeters>375.0</DistanceMeters><HeartRateBpm><Value>124</Value></HeartRateBpm><SensorState>Present</SensorState></Trackpoint><Trackpoint><Time>2025-07-18T10:42:45.242Z</Time><DistanceMeters>375.0</DistanceMeters><HeartRateBpm><Value>124</Value></HeartRateBpm><SensorState>Present</SensorState></Trackpoint><Trackpoint><Time>2025-07-18T10:42:46.242Z</Time><DistanceMeters>375.0</DistanceMeters><HeartRateBpm><Value>125</Value></HeartRateBpm><SensorState>Present</SensorState></Trackpoint><Trackpoint><Time>2025-07-18T10:42:47.242Z</Time><DistanceMeters>375.0</DistanceMeters><HeartRateBpm><Value>125</Value></HeartRateBpm><SensorState>Present</SensorState></Trackpoint><Trackpoint><Time>2025-07-18T10:42:48.242Z</Time><DistanceMeters>375.0</DistanceMeters><HeartRateBpm><Value>125</Value></HeartRateBpm><SensorState>Present</SensorState></Trackpoint><Trackpoint><Time>2025-07-18T10:42:49.242Z</Time><DistanceMeters>375.0</DistanceMeters><HeartRateBpm><Value>125</Value></HeartRateBpm><SensorState>Present</SensorState></Trackpoint><Trackpoint><Time>2025-07-18T10:42:50.242Z</Time><DistanceMeters>375.0</DistanceMeters><HeartRateBpm><Value>125</Value></HeartRateBpm><SensorState>Present</SensorState></Trackpoint><Trackpoint><Time>2025-07-18T10:42:51.242Z</Time><DistanceMeters>375.0</DistanceMeters><HeartRateBpm><Value>125</Value></HeartRateBpm><SensorState>Present</SensorState></Trackpoint><Trackpoint><Time>2025-07-18T10:42:52.242Z</Time><DistanceMeters>375.0</DistanceMeters><HeartRateBpm><Value>125</Value></HeartRateBpm><SensorState>Present</SensorState></Trackpoint><Trackpoint><Time>2025-07-18T10:42:53.242Z</Time><DistanceMeters>375.0</DistanceMeters><HeartRateBpm><Value>125</Value></HeartRateBpm><SensorState>Present</SensorState></Trackpoint><Trackpoint><Time>2025-07-18T10:42:54.242Z</Time><DistanceMeters>375.0</DistanceMeters><HeartRateBpm><Value>125</Value></HeartRateBpm><SensorState>Present</SensorState></Trackpoint><Trackpoint><Time>2025-07-18T10:42:55.242Z</Time><DistanceMeters>375.0</DistanceMeters><HeartRateBpm><Value>126</Value></HeartRateBpm><SensorState>Present</SensorState></Trackpoint><Trackpoint><Time>2025-07-18T10:42:56.242Z</Time><DistanceMeters>376.068376104037</DistanceMeters><HeartRateBpm><Value>126</Value></HeartRateBpm><SensorState>Present</SensorState></Trackpoint><Trackpoint><Time>2025-07-18T10:42:57.242Z</Time><DistanceMeters>377.136752208074</DistanceMeters><HeartRateBpm><Value>127</Value></HeartRateBpm><SensorState>Present</SensorState></Trackpoint><Trackpoint><Time>2025-07-18T10:42:58.242Z</Time><DistanceMeters>378.20512831211096</DistanceMeters><HeartRateBpm><Value>127</Value></HeartRateBpm><SensorState>Present</SensorState></Trackpoint><Trackpoint><Time>2025-07-18T10:42:59.242Z</Time><DistanceMeters>379.27350441614794</DistanceMeters><HeartRateBpm><Value>128</Value></HeartRateBpm><SensorState>Present</SensorState></Trackpoint><Trackpoint><Time>2025-07-18T10:43:00.242Z</Time><DistanceMeters>380.34188052018493</DistanceMeters><HeartRateBpm><Value>128</Value></HeartRateBpm><SensorState>Present</SensorState></Trackpoint><Trackpoint><Time>2025-07-18T10:43:01.242Z</Time><DistanceMeters>381.4102566242219</DistanceMeters><HeartRateBpm><Value>128</Value></HeartRateBpm><SensorState>Present</SensorState></Trackpoint><Trackpoint><Time>2025-07-18T10:43:02.242Z</Time><DistanceMeters>382.4786327282589</DistanceMeters><HeartRateBpm><Value>129</Value></HeartRateBpm><SensorState>Present</SensorState></Trackpoint><Trackpoint><Time>2025-07-18T10:43:03.242Z</Time><DistanceMeters>383.5470088322959</DistanceMeters><HeartRateBpm><Value>129</Value></HeartRateBpm><SensorState>Present</SensorState></Trackpoint><Trackpoint><Time>2025-07-18T10:43:04.242Z</Time><DistanceMeters>384.6153849363329</DistanceMeters><HeartRateBpm><Value>130</Value></HeartRateBpm><SensorState>Present</SensorState></Trackpoint><Trackpoint><Time>2025-07-18T10:43:05.242Z</Time><DistanceMeters>385.68376104036986</DistanceMeters><HeartRateBpm><Value>130</Value></HeartRateBpm><SensorState>Present</SensorState></Trackpoint><Trackpoint><Time>2025-07-18T10:43:06.242Z</Time><DistanceMeters>386.75213714440684</DistanceMeters><HeartRateBpm><Value>131</Value></HeartRateBpm><SensorState>Present</SensorState></Trackpoint><Trackpoint><Time>2025-07-18T10:43:07.242Z</Time><DistanceMeters>400.0</DistanceMeters><HeartRateBpm><Value>131</Value></HeartRateBpm><SensorState>Present</SensorState></Trackpoint><Trackpoint><Time>2025-07-18T10:43:08.242Z</Time><DistanceMeters>400.0</DistanceMeters><HeartRateBpm><Value>132</Value></HeartRateBpm><SensorState>Present</SensorState></Trackpoint><Trackpoint><Time>2025-07-18T10:43:09.242Z</Time><DistanceMeters>400.0</DistanceMeters><HeartRateBpm><Value>132</Value></HeartRateBpm><SensorState>Present</SensorState></Trackpoint><Trackpoint><Time>2025-07-18T10:43:10.242Z</Time><DistanceMeters>400.0</DistanceMeters><HeartRateBpm><Value>133</Value></HeartRateBpm><SensorState>Present</SensorState></Trackpoint><Trackpoint><Time>2025-07-18T10:43:11.242Z</Time><DistanceMeters>400.0</DistanceMeters><HeartRateBpm><Value>133</Value></HeartRateBpm><SensorState>Present</SensorState></Trackpoint><Trackpoint><Time>2025-07-18T10:43:12.242Z</Time><DistanceMeters>400.0</DistanceMeters><HeartRateBpm><Value>133</Value></HeartRateBpm><SensorState>Present</SensorState></Trackpoint><Trackpoint><Time>2025-07-18T10:43:13.242Z</Time><DistanceMeters>400.0</DistanceMeters><HeartRateBpm><Value>134</Value></HeartRateBpm><SensorState>Present</SensorState></Trackpoint><Trackpoint><Time>2025-07-18T10:43:14.242Z</Time><DistanceMeters>400.0</DistanceMeters><HeartRateBpm><Value>134</Value></HeartRateBpm><SensorState>Present</SensorState></Trackpoint><Trackpoint><Time>2025-07-18T10:43:15.242Z</Time><DistanceMeters>400.0</DistanceMeters><HeartRateBpm><Value>133</Value></HeartRateBpm><SensorState>Present</SensorState></Trackpoint><Trackpoint><Time>2025-07-18T10:43:16.242Z</Time><DistanceMeters>400.0</DistanceMeters><HeartRateBpm><Value>133</Value></HeartRateBpm><SensorState>Present</SensorState></Trackpoint><Trackpoint><Time>2025-07-18T10:43:17.242Z</Time><DistanceMeters>400.0</DistanceMeters><HeartRateBpm><Value>133</Value></HeartRateBpm><SensorState>Present</SensorState></Trackpoint><Trackpoint><Time>2025-07-18T10:43:18.242Z</Time><DistanceMeters>400.0</DistanceMeters><HeartRateBpm><Value>133</Value></HeartRateBpm><SensorState>Present</SensorState></Trackpoint><Trackpoint><Time>2025-07-18T10:43:19.242Z</Time><DistanceMeters>400.0</DistanceMeters><HeartRateBpm><Value>132</Value></HeartRateBpm><SensorState>Present</SensorState></Trackpoint><Trackpoint><Time>2025-07-18T10:43:20.242Z</Time><DistanceMeters>400.0</DistanceMeters><HeartRateBpm><Value>132</Value></HeartRateBpm><SensorState>Present</SensorState></Trackpoint><Trackpoint><Time>2025-07-18T10:43:21.242Z</Time><DistanceMeters>400.0</DistanceMeters><HeartRateBpm><Value>131</Value></HeartRateBpm><SensorState>Present</SensorState></Trackpoint><Trackpoint><Time>2025-07-18T10:43:22.242Z</Time><DistanceMeters>400.0</DistanceMeters><HeartRateBpm><Value>131</Value></HeartRateBpm><SensorState>Present</SensorState></Trackpoint><Trackpoint><Time>2025-07-18T10:43:23.242Z</Time><DistanceMeters>400.0</DistanceMeters><HeartRateBpm><Value>130</Value></HeartRateBpm><SensorState>Present</SensorState></Trackpoint><Trackpoint><Time>2025-07-18T10:43:24.242Z</Time><DistanceMeters>400.0</DistanceMeters><HeartRateBpm><Value>130</Value></HeartRateBpm><SensorState>Present</SensorState></Trackpoint><Trackpoint><Time>2025-07-18T10:43:25.242Z</Time><DistanceMeters>400.0</DistanceMeters><HeartRateBpm><Value>130</Value></HeartRateBpm><SensorState>Present</SensorState></Trackpoint><Trackpoint><Time>2025-07-18T10:43:26.242Z</Time><DistanceMeters>401.068376104037</DistanceMeters><HeartRateBpm><Value>130</Value></HeartRateBpm><SensorState>Present</SensorState></Trackpoint><Trackpoint><Time>2025-07-18T10:43:27.242Z</Time><DistanceMeters>402.136752208074</DistanceMeters><HeartRateBpm><Value>130</Value></HeartRateBpm><SensorState>Present</SensorState></Trackpoint><Trackpoint><Time>2025-07-18T10:43:28.242Z</Time><DistanceMeters>403.20512831211096</DistanceMeters><HeartRateBpm><Value>130</Value></HeartRateBpm><SensorState>Present</SensorState></Trackpoint><Trackpoint><Time>2025-07-18T10:43:29.242Z</Time><DistanceMeters>404.27350441614794</DistanceMeters><HeartRateBpm><Value>130</Value></HeartRateBpm><SensorState>Present</SensorState></Trackpoint><Trackpoint><Time>2025-07-18T10:43:30.242Z</Time><DistanceMeters>405.34188052018493</DistanceMeters><HeartRateBpm><Value>130</Value></HeartRateBpm><SensorState>Present</SensorState></Trackpoint><Trackpoint><Time>2025-07-18T10:43:31.242Z</Time><DistanceMeters>406.4102566242219</DistanceMeters><HeartRateBpm><Value>130</Value></HeartRateBpm><SensorState>Present</SensorState></Trackpoint><Trackpoint><Time>2025-07-18T10:43:32.242Z</Time><DistanceMeters>407.4786327282589</DistanceMeters><HeartRateBpm><Value>129</Value></HeartRateBpm><SensorState>Present</SensorState></Trackpoint><Trackpoint><Time>2025-07-18T10:43:33.242Z</Time><DistanceMeters>408.5470088322959</DistanceMeters><HeartRateBpm><Value>127</Value></HeartRateBpm><SensorState>Present</SensorState></Trackpoint><Trackpoint><Time>2025-07-18T10:43:34.242Z</Time><DistanceMeters>409.6153849363329</DistanceMeters><HeartRateBpm><Value>126</Value></HeartRateBpm><SensorState>Present</SensorState></Trackpoint><Trackpoint><Time>2025-07-18T10:43:35.242Z</Time><DistanceMeters>410.68376104036986</DistanceMeters><HeartRateBpm><Value>125</Value></HeartRateBpm><SensorState>Present</SensorState></Trackpoint><Trackpoint><Time>2025-07-18T10:43:36.242Z</Time><DistanceMeters>411.75213714440684</DistanceMeters><HeartRateBpm><Value>124</Value></HeartRateBpm><SensorState>Present</SensorState></Trackpoint><Trackpoint><Time>2025-07-18T10:43:37.242Z</Time><DistanceMeters>425.0</DistanceMeters><HeartRateBpm><Value>123</Value></HeartRateBpm><SensorState>Present</SensorState></Trackpoint><Trackpoint><Time>2025-07-18T10:43:38.242Z</Time><DistanceMeters>425.0</DistanceMeters><HeartRateBpm><Value>122</Value></HeartRateBpm><SensorState>Present</SensorState></Trackpoint><Trackpoint><Time>2025-07-18T10:43:39.242Z</Time><DistanceMeters>425.0</DistanceMeters><HeartRateBpm><Value>121</Value></HeartRateBpm><SensorState>Present</SensorState></Trackpoint><Trackpoint><Time>2025-07-18T10:43:40.242Z</Time><DistanceMeters>425.0</DistanceMeters><HeartRateBpm><Value>121</Value></HeartRateBpm><SensorState>Present</SensorState></Trackpoint><Trackpoint><Time>2025-07-18T10:43:41.242Z</Time><DistanceMeters>425.0</DistanceMeters><HeartRateBpm><Value>120</Value></HeartRateBpm><SensorState>Present</SensorState></Trackpoint><Trackpoint><Time>2025-07-18T10:43:42.242Z</Time><DistanceMeters>425.0</DistanceMeters><HeartRateBpm><Value>120</Value></HeartRateBpm><SensorState>Present</SensorState></Trackpoint><Trackpoint><Time>2025-07-18T10:43:43.242Z</Time><DistanceMeters>425.0</DistanceMeters><HeartRateBpm><Value>120</Value></HeartRateBpm><SensorState>Present</SensorState></Trackpoint><Trackpoint><Time>2025-07-18T10:43:44.242Z</Time><DistanceMeters>425.0</DistanceMeters><HeartRateBpm><Value>120</Value></HeartRateBpm><SensorState>Present</SensorState></Trackpoint><Trackpoint><Time>2025-07-18T10:43:45.242Z</Time><DistanceMeters>425.0</DistanceMeters><HeartRateBpm><Value>120</Value></HeartRateBpm><SensorState>Present</SensorState></Trackpoint><Trackpoint><Time>2025-07-18T10:43:46.242Z</Time><DistanceMeters>425.0</DistanceMeters><HeartRateBpm><Value>121</Value></HeartRateBpm><SensorState>Present</SensorState></Trackpoint><Trackpoint><Time>2025-07-18T10:43:47.242Z</Time><DistanceMeters>425.0</DistanceMeters><HeartRateBpm><Value>121</Value></HeartRateBpm><SensorState>Present</SensorState></Trackpoint><Trackpoint><Time>2025-07-18T10:43:48.242Z</Time><DistanceMeters>425.0</DistanceMeters><HeartRateBpm><Value>122</Value></HeartRateBpm><SensorState>Present</SensorState></Trackpoint><Trackpoint><Time>2025-07-18T10:43:49.242Z</Time><DistanceMeters>425.0</DistanceMeters><HeartRateBpm><Value>124</Value></HeartRateBpm><SensorState>Present</SensorState></Trackpoint><Trackpoint><Time>2025-07-18T10:43:50.242Z</Time><DistanceMeters>425.0</DistanceMeters><HeartRateBpm><Value>124</Value></HeartRateBpm><SensorState>Present</SensorState></Trackpoint><Trackpoint><Time>2025-07-18T10:43:51.242Z</Time><DistanceMeters>425.0</DistanceMeters><HeartRateBpm><Value>124</Value></HeartRateBpm><SensorState>Present</SensorState></Trackpoint><Trackpoint><Time>2025-07-18T10:43:52.242Z</Time><DistanceMeters>425.0</DistanceMeters><HeartRateBpm><Value>124</Value></HeartRateBpm><SensorState>Present</SensorState></Trackpoint><Trackpoint><Time>2025-07-18T10:43:53.242Z</Time><DistanceMeters>425.0</DistanceMeters><HeartRateBpm><Value>125</Value></HeartRateBpm><SensorState>Present</SensorState></Trackpoint><Trackpoint><Time>2025-07-18T10:43:54.242Z</Time><DistanceMeters>425.0</DistanceMeters><HeartRateBpm><Value>125</Value></HeartRateBpm><SensorState>Present</SensorState></Trackpoint><Trackpoint><Time>2025-07-18T10:43:55.242Z</Time><DistanceMeters>425.0</DistanceMeters><HeartRateBpm><Value>126</Value></HeartRateBpm><SensorState>Present</SensorState></Trackpoint><Trackpoint><Time>2025-07-18T10:43:56.242Z</Time><DistanceMeters>426.068376104037</DistanceMeters><HeartRateBpm><Value>127</Value></HeartRateBpm><SensorState>Present</SensorState></Trackpoint><Trackpoint><Time>2025-07-18T10:43:57.242Z</Time><DistanceMeters>427.136752208074</DistanceMeters><HeartRateBpm><Value>127</Value></HeartRateBpm><SensorState>Present</SensorState></Trackpoint><Trackpoint><Time>2025-07-18T10:43:58.242Z</Time><DistanceMeters>428.20512831211096</DistanceMeters><HeartRateBpm><Value>127</Value></HeartRateBpm><SensorState>Present</SensorState></Trackpoint><Trackpoint><Time>2025-07-18T10:43:59.242Z</Time><DistanceMeters>429.27350441614794</DistanceMeters><HeartRateBpm><Value>127</Value></HeartRateBpm><SensorState>Present</SensorState></Trackpoint><Trackpoint><Time>2025-07-18T10:44:00.242Z</Time><DistanceMeters>430.34188052018493</DistanceMeters><HeartRateBpm><Value>127</Value></HeartRateBpm><SensorState>Present</SensorState></Trackpoint><Trackpoint><Time>2025-07-18T10:44:01.242Z</Time><DistanceMeters>431.4102566242219</DistanceMeters><HeartRateBpm><Value>126</Value></HeartRateBpm><SensorState>Present</SensorState></Trackpoint><Trackpoint><Time>2025-07-18T10:44:02.242Z</Time><DistanceMeters>432.4786327282589</DistanceMeters><HeartRateBpm><Value>126</Value></HeartRateBpm><SensorState>Present</SensorState></Trackpoint><Trackpoint><Time>2025-07-18T10:44:03.242Z</Time><DistanceMeters>433.5470088322959</DistanceMeters><HeartRateBpm><Value>125</Value></HeartRateBpm><SensorState>Present</SensorState></Trackpoint><Trackpoint><Time>2025-07-18T10:44:04.242Z</Time><DistanceMeters>434.6153849363329</DistanceMeters><HeartRateBpm><Value>125</Value></HeartRateBpm><SensorState>Present</SensorState></Trackpoint><Trackpoint><Time>2025-07-18T10:44:05.242Z</Time><DistanceMeters>435.68376104036986</DistanceMeters><HeartRateBpm><Value>125</Value></HeartRateBpm><SensorState>Present</SensorState></Trackpoint><Trackpoint><Time>2025-07-18T10:44:06.242Z</Time><DistanceMeters>436.75213714440684</DistanceMeters><HeartRateBpm><Value>125</Value></HeartRateBpm><SensorState>Present</SensorState></Trackpoint><Trackpoint><Time>2025-07-18T10:44:07.242Z</Time><DistanceMeters>450.0</DistanceMeters><HeartRateBpm><Value>125</Value></HeartRateBpm><SensorState>Present</SensorState></Trackpoint><Trackpoint><Time>2025-07-18T10:44:08.242Z</Time><DistanceMeters>450.0</DistanceMeters><HeartRateBpm><Value>125</Value></HeartRateBpm><SensorState>Present</SensorState></Trackpoint><Trackpoint><Time>2025-07-18T10:44:09.242Z</Time><DistanceMeters>450.0</DistanceMeters><HeartRateBpm><Value>125</Value></HeartRateBpm><SensorState>Present</SensorState></Trackpoint><Trackpoint><Time>2025-07-18T10:44:10.242Z</Time><DistanceMeters>450.0</DistanceMeters><HeartRateBpm><Value>125</Value></HeartRateBpm><SensorState>Present</SensorState></Trackpoint><Trackpoint><Time>2025-07-18T10:44:11.242Z</Time><DistanceMeters>450.0</DistanceMeters><HeartRateBpm><Value>126</Value></HeartRateBpm><SensorState>Present</SensorState></Trackpoint><Trackpoint><Time>2025-07-18T10:44:12.242Z</Time><DistanceMeters>450.0</DistanceMeters><HeartRateBpm><Value>126</Value></HeartRateBpm><SensorState>Present</SensorState></Trackpoint><Trackpoint><Time>2025-07-18T10:44:13.242Z</Time><DistanceMeters>450.0</DistanceMeters><HeartRateBpm><Value>126</Value></HeartRateBpm><SensorState>Present</SensorState></Trackpoint><Trackpoint><Time>2025-07-18T10:44:14.242Z</Time><DistanceMeters>450.0</DistanceMeters><HeartRateBpm><Value>127</Value></HeartRateBpm><SensorState>Present</SensorState></Trackpoint><Trackpoint><Time>2025-07-18T10:44:15.242Z</Time><DistanceMeters>450.0</DistanceMeters><HeartRateBpm><Value>126</Value></HeartRateBpm><SensorState>Present</SensorState></Trackpoint><Trackpoint><Time>2025-07-18T10:44:16.242Z</Time><DistanceMeters>450.0</DistanceMeters><HeartRateBpm><Value>126</Value></HeartRateBpm><SensorState>Present</SensorState></Trackpoint><Trackpoint><Time>2025-07-18T10:44:17.242Z</Time><DistanceMeters>450.0</DistanceMeters><HeartRateBpm><Value>126</Value></HeartRateBpm><SensorState>Present</SensorState></Trackpoint><Trackpoint><Time>2025-07-18T10:44:18.242Z</Time><DistanceMeters>450.0</DistanceMeters><HeartRateBpm><Value>126</Value></HeartRateBpm><SensorState>Present</SensorState></Trackpoint><Trackpoint><Time>2025-07-18T10:44:19.242Z</Time><DistanceMeters>450.0</DistanceMeters><HeartRateBpm><Value>126</Value></HeartRateBpm><SensorState>Present</SensorState></Trackpoint><Trackpoint><Time>2025-07-18T10:44:20.242Z</Time><DistanceMeters>450.0</DistanceMeters><HeartRateBpm><Value>126</Value></HeartRateBpm><SensorState>Present</SensorState></Trackpoint><Trackpoint><Time>2025-07-18T10:44:21.242Z</Time><DistanceMeters>450.0</DistanceMeters><HeartRateBpm><Value>126</Value></HeartRateBpm><SensorState>Present</SensorState></Trackpoint><Trackpoint><Time>2025-07-18T10:44:22.242Z</Time><DistanceMeters>450.0</DistanceMeters><HeartRateBpm><Value>126</Value></HeartRateBpm><SensorState>Present</SensorState></Trackpoint><Trackpoint><Time>2025-07-18T10:44:23.242Z</Time><DistanceMeters>450.0</DistanceMeters><HeartRateBpm><Value>126</Value></HeartRateBpm><SensorState>Present</SensorState></Trackpoint><Trackpoint><Time>2025-07-18T10:44:24.242Z</Time><DistanceMeters>450.0</DistanceMeters><HeartRateBpm><Value>126</Value></HeartRateBpm><SensorState>Present</SensorState></Trackpoint><Trackpoint><Time>2025-07-18T10:44:25.242Z</Time><DistanceMeters>450.0</DistanceMeters><HeartRateBpm><Value>126</Value></HeartRateBpm><SensorState>Present</SensorState></Trackpoint><Trackpoint><Time>2025-07-18T10:44:26.242Z</Time><DistanceMeters>450.0</DistanceMeters><HeartRateBpm><Value>126</Value></HeartRateBpm><SensorState>Present</SensorState></Trackpoint><Trackpoint><Time>2025-07-18T10:44:27.242Z</Time><DistanceMeters>451.068376104037</DistanceMeters><HeartRateBpm><Value>126</Value></HeartRateBpm><SensorState>Present</SensorState></Trackpoint><Trackpoint><Time>2025-07-18T10:44:28.242Z</Time><DistanceMeters>452.136752208074</DistanceMeters><HeartRateBpm><Value>126</Value></HeartRateBpm><SensorState>Present</SensorState></Trackpoint><Trackpoint><Time>2025-07-18T10:44:29.242Z</Time><DistanceMeters>453.20512831211096</DistanceMeters><HeartRateBpm><Value>126</Value></HeartRateBpm><SensorState>Present</SensorState></Trackpoint><Trackpoint><Time>2025-07-18T10:44:30.242Z</Time><DistanceMeters>454.27350441614794</DistanceMeters><HeartRateBpm><Value>126</Value></HeartRateBpm><SensorState>Present</SensorState></Trackpoint><Trackpoint><Time>2025-07-18T10:44:31.242Z</Time><DistanceMeters>455.34188052018493</DistanceMeters><HeartRateBpm><Value>127</Value></HeartRateBpm><SensorState>Present</SensorState></Trackpoint><Trackpoint><Time>2025-07-18T10:44:32.242Z</Time><DistanceMeters>456.4102566242219</DistanceMeters><HeartRateBpm><Value>129</Value></HeartRateBpm><SensorState>Present</SensorState></Trackpoint><Trackpoint><Time>2025-07-18T10:44:33.242Z</Time><DistanceMeters>457.4786327282589</DistanceMeters><HeartRateBpm><Value>131</Value></HeartRateBpm><SensorState>Present</SensorState></Trackpoint><Trackpoint><Time>2025-07-18T10:44:34.242Z</Time><DistanceMeters>458.5470088322959</DistanceMeters><HeartRateBpm><Value>132</Value></HeartRateBpm><SensorState>Present</SensorState></Trackpoint><Trackpoint><Time>2025-07-18T10:44:35.242Z</Time><DistanceMeters>459.6153849363329</DistanceMeters><HeartRateBpm><Value>133</Value></HeartRateBpm><SensorState>Present</SensorState></Trackpoint><Trackpoint><Time>2025-07-18T10:44:36.242Z</Time><DistanceMeters>460.68376104036986</DistanceMeters><HeartRateBpm><Value>133</Value></HeartRateBpm><SensorState>Present</SensorState></Trackpoint><Trackpoint><Time>2025-07-18T10:44:37.242Z</Time><DistanceMeters>461.75213714440684</DistanceMeters><HeartRateBpm><Value>133</Value></HeartRateBpm><SensorState>Present</SensorState></Trackpoint><Trackpoint><Time>2025-07-18T10:44:38.242Z</Time><DistanceMeters>475.0</DistanceMeters><HeartRateBpm><Value>133</Value></HeartRateBpm><SensorState>Present</SensorState></Trackpoint><Trackpoint><Time>2025-07-18T10:44:39.242Z</Time><DistanceMeters>475.0</DistanceMeters><HeartRateBpm><Value>133</Value></HeartRateBpm><SensorState>Present</SensorState></Trackpoint><Trackpoint><Time>2025-07-18T10:44:40.242Z</Time><DistanceMeters>475.0</DistanceMeters><HeartRateBpm><Value>133</Value></HeartRateBpm><SensorState>Present</SensorState></Trackpoint><Trackpoint><Time>2025-07-18T10:44:41.242Z</Time><DistanceMeters>475.0</DistanceMeters><HeartRateBpm><Value>134</Value></HeartRateBpm><SensorState>Present</SensorState></Trackpoint><Trackpoint><Time>2025-07-18T10:44:42.242Z</Time><DistanceMeters>475.0</DistanceMeters><HeartRateBpm><Value>134</Value></HeartRateBpm><SensorState>Present</SensorState></Trackpoint><Trackpoint><Time>2025-07-18T10:44:43.242Z</Time><DistanceMeters>475.0</DistanceMeters><HeartRateBpm><Value>134</Value></HeartRateBpm><SensorState>Present</SensorState></Trackpoint><Trackpoint><Time>2025-07-18T10:44:44.242Z</Time><DistanceMeters>475.0</DistanceMeters><HeartRateBpm><Value>134</Value></HeartRateBpm><SensorState>Present</SensorState></Trackpoint><Trackpoint><Time>2025-07-18T10:44:45.242Z</Time><DistanceMeters>475.0</DistanceMeters><HeartRateBpm><Value>134</Value></HeartRateBpm><SensorState>Present</SensorState></Trackpoint><Trackpoint><Time>2025-07-18T10:44:46.242Z</Time><DistanceMeters>475.0</DistanceMeters><HeartRateBpm><Value>134</Value></HeartRateBpm><SensorState>Present</SensorState></Trackpoint><Trackpoint><Time>2025-07-18T10:44:47.242Z</Time><DistanceMeters>475.0</DistanceMeters><HeartRateBpm><Value>134</Value></HeartRateBpm><SensorState>Present</SensorState></Trackpoint><Trackpoint><Time>2025-07-18T10:44:48.242Z</Time><DistanceMeters>475.0</DistanceMeters><HeartRateBpm><Value>134</Value></HeartRateBpm><SensorState>Present</SensorState></Trackpoint><Trackpoint><Time>2025-07-18T10:44:49.242Z</Time><DistanceMeters>475.0</DistanceMeters><HeartRateBpm><Value>134</Value></HeartRateBpm><SensorState>Present</SensorState></Trackpoint><Trackpoint><Time>2025-07-18T10:44:50.242Z</Time><DistanceMeters>475.0</DistanceMeters><HeartRateBpm><Value>134</Value></HeartRateBpm><SensorState>Present</SensorState></Trackpoint><Trackpoint><Time>2025-07-18T10:44:51.242Z</Time><DistanceMeters>475.0</DistanceMeters><HeartRateBpm><Value>135</Value></HeartRateBpm><SensorState>Present</SensorState></Trackpoint><Trackpoint><Time>2025-07-18T10:44:52.242Z</Time><DistanceMeters>475.0</DistanceMeters><HeartRateBpm><Value>135</Value></HeartRateBpm><SensorState>Present</SensorState></Trackpoint><Trackpoint><Time>2025-07-18T10:44:53.242Z</Time><DistanceMeters>475.0</DistanceMeters><HeartRateBpm><Value>135</Value></HeartRateBpm><SensorState>Present</SensorState></Trackpoint><Trackpoint><Time>2025-07-18T10:44:54.242Z</Time><DistanceMeters>475.0</DistanceMeters><HeartRateBpm><Value>135</Value></HeartRateBpm><SensorState>Present</SensorState></Trackpoint><Trackpoint><Time>2025-07-18T10:44:55.242Z</Time><DistanceMeters>475.0</DistanceMeters><HeartRateBpm><Value>135</Value></HeartRateBpm><SensorState>Present</SensorState></Trackpoint><Trackpoint><Time>2025-07-18T10:44:56.242Z</Time><DistanceMeters>475.0</DistanceMeters><HeartRateBpm><Value>135</Value></HeartRateBpm><SensorState>Present</SensorState></Trackpoint><Trackpoint><Time>2025-07-18T10:44:57.242Z</Time><DistanceMeters>475.0</DistanceMeters><HeartRateBpm><Value>136</Value></HeartRateBpm><SensorState>Present</SensorState></Trackpoint><Trackpoint><Time>2025-07-18T10:44:58.242Z</Time><DistanceMeters>475.0</DistanceMeters><HeartRateBpm><Value>138</Value></HeartRateBpm><SensorState>Present</SensorState></Trackpoint><Trackpoint><Time>2025-07-18T10:44:59.242Z</Time><DistanceMeters>476.068376104037</DistanceMeters><HeartRateBpm><Value>137</Value></HeartRateBpm><SensorState>Present</SensorState></Trackpoint><Trackpoint><Time>2025-07-18T10:45:00.242Z</Time><DistanceMeters>477.136752208074</DistanceMeters><HeartRateBpm><Value>137</Value></HeartRateBpm><SensorState>Present</SensorState></Trackpoint><Trackpoint><Time>2025-07-18T10:45:01.242Z</Time><DistanceMeters>478.20512831211096</DistanceMeters><HeartRateBpm><Value>137</Value></HeartRateBpm><SensorState>Present</SensorState></Trackpoint><Trackpoint><Time>2025-07-18T10:45:02.242Z</Time><DistanceMeters>479.27350441614794</DistanceMeters><HeartRateBpm><Value>136</Value></HeartRateBpm><SensorState>Present</SensorState></Trackpoint><Trackpoint><Time>2025-07-18T10:45:03.242Z</Time><DistanceMeters>480.34188052018493</DistanceMeters><HeartRateBpm><Value>136</Value></HeartRateBpm><SensorState>Present</SensorState></Trackpoint><Trackpoint><Time>2025-07-18T10:45:04.242Z</Time><DistanceMeters>481.4102566242219</DistanceMeters><HeartRateBpm><Value>136</Value></HeartRateBpm><SensorState>Present</SensorState></Trackpoint><Trackpoint><Time>2025-07-18T10:45:05.242Z</Time><DistanceMeters>482.4786327282589</DistanceMeters><HeartRateBpm><Value>135</Value></HeartRateBpm><SensorState>Present</SensorState></Trackpoint><Trackpoint><Time>2025-07-18T10:45:06.242Z</Time><DistanceMeters>483.5470088322959</DistanceMeters><HeartRateBpm><Value>135</Value></HeartRateBpm><SensorState>Present</SensorState></Trackpoint><Trackpoint><Time>2025-07-18T10:45:07.242Z</Time><DistanceMeters>484.6153849363329</DistanceMeters><HeartRateBpm><Value>135</Value></HeartRateBpm><SensorState>Present</SensorState></Trackpoint><Trackpoint><Time>2025-07-18T10:45:08.242Z</Time><DistanceMeters>485.68376104036986</DistanceMeters><HeartRateBpm><Value>134</Value></HeartRateBpm><SensorState>Present</SensorState></Trackpoint><Trackpoint><Time>2025-07-18T10:45:09.242Z</Time><DistanceMeters>486.75213714440684</DistanceMeters><HeartRateBpm><Value>134</Value></HeartRateBpm><SensorState>Present</SensorState></Trackpoint><Trackpoint><Time>2025-07-18T10:45:10.242Z</Time><DistanceMeters>500.0</DistanceMeters><HeartRateBpm><Value>134</Value></HeartRateBpm><SensorState>Present</SensorState></Trackpoint><Trackpoint><Time>2025-07-18T10:45:11.242Z</Time><DistanceMeters>500.0</DistanceMeters><HeartRateBpm><Value>133</Value></HeartRateBpm><SensorState>Present</SensorState></Trackpoint><Trackpoint><Time>2025-07-18T10:45:12.242Z</Time><DistanceMeters>500.0</DistanceMeters><HeartRateBpm><Value>133</Value></HeartRateBpm><SensorState>Present</SensorState></Trackpoint><Trackpoint><Time>2025-07-18T10:45:13.242Z</Time><DistanceMeters>500.0</DistanceMeters><HeartRateBpm><Value>132</Value></HeartRateBpm><SensorState>Present</SensorState></Trackpoint><Trackpoint><Time>2025-07-18T10:45:14.242Z</Time><DistanceMeters>500.0</DistanceMeters><HeartRateBpm><Value>132</Value></HeartRateBpm><SensorState>Present</SensorState></Trackpoint><Trackpoint><Time>2025-07-18T10:45:15.242Z</Time><DistanceMeters>500.0</DistanceMeters><HeartRateBpm><Value>132</Value></HeartRateBpm><SensorState>Present</SensorState></Trackpoint><Trackpoint><Time>2025-07-18T10:45:16.242Z</Time><DistanceMeters>500.0</DistanceMeters><HeartRateBpm><Value>132</Value></HeartRateBpm><SensorState>Present</SensorState></Trackpoint><Trackpoint><Time>2025-07-18T10:45:17.242Z</Time><DistanceMeters>500.0</DistanceMeters><HeartRateBpm><Value>131</Value></HeartRateBpm><SensorState>Present</SensorState></Trackpoint><Trackpoint><Time>2025-07-18T10:45:18.242Z</Time><DistanceMeters>500.0</DistanceMeters><HeartRateBpm><Value>131</Value></HeartRateBpm><SensorState>Present</SensorState></Trackpoint><Trackpoint><Time>2025-07-18T10:45:19.242Z</Time><DistanceMeters>500.0</DistanceMeters><HeartRateBpm><Value>132</Value></HeartRateBpm><SensorState>Present</SensorState></Trackpoint><Trackpoint><Time>2025-07-18T10:45:20.242Z</Time><DistanceMeters>500.0</DistanceMeters><HeartRateBpm><Value>133</Value></HeartRateBpm><SensorState>Present</SensorState></Trackpoint><Trackpoint><Time>2025-07-18T10:45:21.242Z</Time><DistanceMeters>500.0</DistanceMeters><HeartRateBpm><Value>133</Value></HeartRateBpm><SensorState>Present</SensorState></Trackpoint><Trackpoint><Time>2025-07-18T10:45:22.242Z</Time><DistanceMeters>500.0</DistanceMeters><HeartRateBpm><Value>134</Value></HeartRateBpm><SensorState>Present</SensorState></Trackpoint><Trackpoint><Time>2025-07-18T10:45:23.242Z</Time><DistanceMeters>500.0</DistanceMeters><HeartRateBpm><Value>134</Value></HeartRateBpm><SensorState>Present</SensorState></Trackpoint><Trackpoint><Time>2025-07-18T10:45:24.242Z</Time><DistanceMeters>500.0</DistanceMeters><HeartRateBpm><Value>134</Value></HeartRateBpm><SensorState>Present</SensorState></Trackpoint><Trackpoint><Time>2025-07-18T10:45:25.242Z</Time><DistanceMeters>500.0</DistanceMeters><HeartRateBpm><Value>134</Value></HeartRateBpm><SensorState>Present</SensorState></Trackpoint><Trackpoint><Time>2025-07-18T10:45:26.242Z</Time><DistanceMeters>500.0</DistanceMeters><HeartRateBpm><Value>133</Value></HeartRateBpm><SensorState>Present</SensorState></Trackpoint><Trackpoint><Time>2025-07-18T10:45:27.242Z</Time><DistanceMeters>500.0</DistanceMeters><HeartRateBpm><Value>133</Value></HeartRateBpm><SensorState>Present</SensorState></Trackpoint><Trackpoint><Time>2025-07-18T10:45:28.242Z</Time><DistanceMeters>500.0</DistanceMeters><HeartRateBpm><Value>132</Value></HeartRateBpm><SensorState>Present</SensorState></Trackpoint><Trackpoint><Time>2025-07-18T10:45:29.242Z</Time><DistanceMeters>501.068376104037</DistanceMeters><HeartRateBpm><Value>132</Value></HeartRateBpm><SensorState>Present</SensorState></Trackpoint><Trackpoint><Time>2025-07-18T10:45:30.242Z</Time><DistanceMeters>502.136752208074</DistanceMeters><HeartRateBpm><Value>131</Value></HeartRateBpm><SensorState>Present</SensorState></Trackpoint><Trackpoint><Time>2025-07-18T10:45:31.242Z</Time><DistanceMeters>503.20512831211096</DistanceMeters><HeartRateBpm><Value>131</Value></HeartRateBpm><SensorState>Present</SensorState></Trackpoint><Trackpoint><Time>2025-07-18T10:45:32.242Z</Time><DistanceMeters>504.27350441614794</DistanceMeters><HeartRateBpm><Value>130</Value></HeartRateBpm><SensorState>Present</SensorState></Trackpoint><Trackpoint><Time>2025-07-18T10:45:33.242Z</Time><DistanceMeters>505.34188052018493</DistanceMeters><HeartRateBpm><Value>130</Value></HeartRateBpm><SensorState>Present</SensorState></Trackpoint><Trackpoint><Time>2025-07-18T10:45:34.242Z</Time><DistanceMeters>506.4102566242219</DistanceMeters><HeartRateBpm><Value>130</Value></HeartRateBpm><SensorState>Present</SensorState></Trackpoint><Trackpoint><Time>2025-07-18T10:45:35.242Z</Time><DistanceMeters>507.4786327282589</DistanceMeters><HeartRateBpm><Value>130</Value></HeartRateBpm><SensorState>Present</SensorState></Trackpoint><Trackpoint><Time>2025-07-18T10:45:36.242Z</Time><DistanceMeters>508.5470088322959</DistanceMeters><HeartRateBpm><Value>130</Value></HeartRateBpm><SensorState>Present</SensorState></Trackpoint><Trackpoint><Time>2025-07-18T10:45:37.242Z</Time><DistanceMeters>509.6153849363329</DistanceMeters><HeartRateBpm><Value>129</Value></HeartRateBpm><SensorState>Present</SensorState></Trackpoint><Trackpoint><Time>2025-07-18T10:45:38.242Z</Time><DistanceMeters>510.68376104036986</DistanceMeters><HeartRateBpm><Value>129</Value></HeartRateBpm><SensorState>Present</SensorState></Trackpoint><Trackpoint><Time>2025-07-18T10:45:39.242Z</Time><DistanceMeters>511.75213714440684</DistanceMeters><HeartRateBpm><Value>129</Value></HeartRateBpm><SensorState>Present</SensorState></Trackpoint><Trackpoint><Time>2025-07-18T10:45:40.242Z</Time><DistanceMeters>525.0</DistanceMeters><HeartRateBpm><Value>130</Value></HeartRateBpm><SensorState>Present</SensorState></Trackpoint><Trackpoint><Time>2025-07-18T10:45:41.242Z</Time><DistanceMeters>525.0</DistanceMeters><HeartRateBpm><Value>130</Value></HeartRateBpm><SensorState>Present</SensorState></Trackpoint><Trackpoint><Time>2025-07-18T10:45:42.242Z</Time><DistanceMeters>525.0</DistanceMeters><HeartRateBpm><Value>131</Value></HeartRateBpm><SensorState>Present</SensorState></Trackpoint><Trackpoint><Time>2025-07-18T10:45:43.242Z</Time><DistanceMeters>525.0</DistanceMeters><HeartRateBpm><Value>131</Value></HeartRateBpm><SensorState>Present</SensorState></Trackpoint><Trackpoint><Time>2025-07-18T10:45:44.242Z</Time><DistanceMeters>525.0</DistanceMeters><HeartRateBpm><Value>131</Value></HeartRateBpm><SensorState>Present</SensorState></Trackpoint><Trackpoint><Time>2025-07-18T10:45:45.242Z</Time><DistanceMeters>525.0</DistanceMeters><HeartRateBpm><Value>132</Value></HeartRateBpm><SensorState>Present</SensorState></Trackpoint><Trackpoint><Time>2025-07-18T10:45:46.242Z</Time><DistanceMeters>525.0</DistanceMeters><HeartRateBpm><Value>133</Value></HeartRateBpm><SensorState>Present</SensorState></Trackpoint><Trackpoint><Time>2025-07-18T10:45:47.242Z</Time><DistanceMeters>525.0</DistanceMeters><HeartRateBpm><Value>133</Value></HeartRateBpm><SensorState>Present</SensorState></Trackpoint><Trackpoint><Time>2025-07-18T10:45:48.242Z</Time><DistanceMeters>525.0</DistanceMeters><HeartRateBpm><Value>133</Value></HeartRateBpm><SensorState>Present</SensorState></Trackpoint><Trackpoint><Time>2025-07-18T10:45:49.242Z</Time><DistanceMeters>525.0</DistanceMeters><HeartRateBpm><Value>133</Value></HeartRateBpm><SensorState>Present</SensorState></Trackpoint><Trackpoint><Time>2025-07-18T10:45:50.242Z</Time><DistanceMeters>525.0</DistanceMeters><HeartRateBpm><Value>133</Value></HeartRateBpm><SensorState>Present</SensorState></Trackpoint><Trackpoint><Time>2025-07-18T10:45:51.242Z</Time><DistanceMeters>525.0</DistanceMeters><HeartRateBpm><Value>133</Value></HeartRateBpm><SensorState>Present</SensorState></Trackpoint><Trackpoint><Time>2025-07-18T10:45:52.242Z</Time><DistanceMeters>525.0</DistanceMeters><HeartRateBpm><Value>133</Value></HeartRateBpm><SensorState>Present</SensorState></Trackpoint><Trackpoint><Time>2025-07-18T10:45:53.242Z</Time><DistanceMeters>525.0</DistanceMeters><HeartRateBpm><Value>133</Value></HeartRateBpm><SensorState>Present</SensorState></Trackpoint><Trackpoint><Time>2025-07-18T10:45:54.242Z</Time><DistanceMeters>525.0</DistanceMeters><HeartRateBpm><Value>133</Value></HeartRateBpm><SensorState>Present</SensorState></Trackpoint><Trackpoint><Time>2025-07-18T10:45:55.242Z</Time><DistanceMeters>525.0</DistanceMeters><HeartRateBpm><Value>133</Value></HeartRateBpm><SensorState>Present</SensorState></Trackpoint><Trackpoint><Time>2025-07-18T10:45:56.242Z</Time><DistanceMeters>525.0</DistanceMeters><HeartRateBpm><Value>133</Value></HeartRateBpm><SensorState>Present</SensorState></Trackpoint><Trackpoint><Time>2025-07-18T10:45:57.242Z</Time><DistanceMeters>525.0</DistanceMeters><HeartRateBpm><Value>133</Value></HeartRateBpm><SensorState>Present</SensorState></Trackpoint><Trackpoint><Time>2025-07-18T10:45:58.242Z</Time><DistanceMeters>525.0</DistanceMeters><HeartRateBpm><Value>132</Value></HeartRateBpm><SensorState>Present</SensorState></Trackpoint><Trackpoint><Time>2025-07-18T10:45:59.242Z</Time><DistanceMeters>525.0</DistanceMeters><HeartRateBpm><Value>131</Value></HeartRateBpm><SensorState>Present</SensorState></Trackpoint><Trackpoint><Time>2025-07-18T10:46:00.242Z</Time><DistanceMeters>526.0683761040369</DistanceMeters><HeartRateBpm><Value>131</Value></HeartRateBpm><SensorState>Present</SensorState></Trackpoint><Trackpoint><Time>2025-07-18T10:46:01.242Z</Time><DistanceMeters>527.1367522080739</DistanceMeters><HeartRateBpm><Value>130</Value></HeartRateBpm><SensorState>Present</SensorState></Trackpoint><Trackpoint><Time>2025-07-18T10:46:02.242Z</Time><DistanceMeters>528.2051283121108</DistanceMeters><HeartRateBpm><Value>129</Value></HeartRateBpm><SensorState>Present</SensorState></Trackpoint><Trackpoint><Time>2025-07-18T10:46:03.242Z</Time><DistanceMeters>529.2735044161477</DistanceMeters><HeartRateBpm><Value>129</Value></HeartRateBpm><SensorState>Present</SensorState></Trackpoint><Trackpoint><Time>2025-07-18T10:46:04.242Z</Time><DistanceMeters>530.3418805201846</DistanceMeters><HeartRateBpm><Value>129</Value></HeartRateBpm><SensorState>Present</SensorState></Trackpoint><Trackpoint><Time>2025-07-18T10:46:05.242Z</Time><DistanceMeters>531.4102566242216</DistanceMeters><HeartRateBpm><Value>129</Value></HeartRateBpm><SensorState>Present</SensorState></Trackpoint><Trackpoint><Time>2025-07-18T10:46:06.242Z</Time><DistanceMeters>532.4786327282585</DistanceMeters><HeartRateBpm><Value>129</Value></HeartRateBpm><SensorState>Present</SensorState></Trackpoint><Trackpoint><Time>2025-07-18T10:46:07.242Z</Time><DistanceMeters>533.5470088322954</DistanceMeters><HeartRateBpm><Value>129</Value></HeartRateBpm><SensorState>Present</SensorState></Trackpoint><Trackpoint><Time>2025-07-18T10:46:08.242Z</Time><DistanceMeters>534.6153849363324</DistanceMeters><HeartRateBpm><Value>130</Value></HeartRateBpm><SensorState>Present</SensorState></Trackpoint><Trackpoint><Time>2025-07-18T10:46:09.242Z</Time><DistanceMeters>535.6837610403693</DistanceMeters><HeartRateBpm><Value>131</Value></HeartRateBpm><SensorState>Present</SensorState></Trackpoint><Trackpoint><Time>2025-07-18T10:46:10.242Z</Time><DistanceMeters>536.7521371444062</DistanceMeters><HeartRateBpm><Value>131</Value></HeartRateBpm><SensorState>Present</SensorState></Trackpoint><Trackpoint><Time>2025-07-18T10:46:11.242Z</Time><DistanceMeters>550.0</DistanceMeters><HeartRateBpm><Value>132</Value></HeartRateBpm><SensorState>Present</SensorState></Trackpoint><Trackpoint><Time>2025-07-18T10:46:12.242Z</Time><DistanceMeters>550.0</DistanceMeters><HeartRateBpm><Value>132</Value></HeartRateBpm><SensorState>Present</SensorState></Trackpoint><Trackpoint><Time>2025-07-18T10:46:13.242Z</Time><DistanceMeters>550.0</DistanceMeters><HeartRateBpm><Value>133</Value></HeartRateBpm><SensorState>Present</SensorState></Trackpoint><Trackpoint><Time>2025-07-18T10:46:14.242Z</Time><DistanceMeters>550.0</DistanceMeters><HeartRateBpm><Value>133</Value></HeartRateBpm><SensorState>Present</SensorState></Trackpoint><Trackpoint><Time>2025-07-18T10:46:15.242Z</Time><DistanceMeters>550.0</DistanceMeters><HeartRateBpm><Value>134</Value></HeartRateBpm><SensorState>Present</SensorState></Trackpoint><Trackpoint><Time>2025-07-18T10:46:16.242Z</Time><DistanceMeters>550.0</DistanceMeters><HeartRateBpm><Value>134</Value></HeartRateBpm><SensorState>Present</SensorState></Trackpoint><Trackpoint><Time>2025-07-18T10:46:17.242Z</Time><DistanceMeters>550.0</DistanceMeters><HeartRateBpm><Value>134</Value></HeartRateBpm><SensorState>Present</SensorState></Trackpoint><Trackpoint><Time>2025-07-18T10:46:18.242Z</Time><DistanceMeters>550.0</DistanceMeters><HeartRateBpm><Value>135</Value></HeartRateBpm><SensorState>Present</SensorState></Trackpoint><Trackpoint><Time>2025-07-18T10:46:19.242Z</Time><DistanceMeters>550.0</DistanceMeters><HeartRateBpm><Value>134</Value></HeartRateBpm><SensorState>Present</SensorState></Trackpoint><Trackpoint><Time>2025-07-18T10:46:20.242Z</Time><DistanceMeters>550.0</DistanceMeters><HeartRateBpm><Value>135</Value></HeartRateBpm><SensorState>Present</SensorState></Trackpoint><Trackpoint><Time>2025-07-18T10:46:21.242Z</Time><DistanceMeters>550.0</DistanceMeters><HeartRateBpm><Value>136</Value></HeartRateBpm><SensorState>Present</SensorState></Trackpoint><Trackpoint><Time>2025-07-18T10:46:22.242Z</Time><DistanceMeters>550.0</DistanceMeters><HeartRateBpm><Value>136</Value></HeartRateBpm><SensorState>Present</SensorState></Trackpoint><Trackpoint><Time>2025-07-18T10:46:23.242Z</Time><DistanceMeters>550.0</DistanceMeters><HeartRateBpm><Value>136</Value></HeartRateBpm><SensorState>Present</SensorState></Trackpoint><Trackpoint><Time>2025-07-18T10:46:24.242Z</Time><DistanceMeters>550.0</DistanceMeters><HeartRateBpm><Value>137</Value></HeartRateBpm><SensorState>Present</SensorState></Trackpoint><Trackpoint><Time>2025-07-18T10:46:25.242Z</Time><DistanceMeters>550.0</DistanceMeters><HeartRateBpm><Value>138</Value></HeartRateBpm><SensorState>Present</SensorState></Trackpoint><Trackpoint><Time>2025-07-18T10:46:26.242Z</Time><DistanceMeters>550.0</DistanceMeters><HeartRateBpm><Value>139</Value></HeartRateBpm><SensorState>Present</SensorState></Trackpoint><Trackpoint><Time>2025-07-18T10:46:27.242Z</Time><DistanceMeters>550.0</DistanceMeters><HeartRateBpm><Value>139</Value></HeartRateBpm><SensorState>Present</SensorState></Trackpoint><Trackpoint><Time>2025-07-18T10:46:28.242Z</Time><DistanceMeters>550.0</DistanceMeters><HeartRateBpm><Value>138</Value></HeartRateBpm><SensorState>Present</SensorState></Trackpoint><Trackpoint><Time>2025-07-18T10:46:29.242Z</Time><DistanceMeters>550.0</DistanceMeters><HeartRateBpm><Value>138</Value></HeartRateBpm><SensorState>Present</SensorState></Trackpoint><Trackpoint><Time>2025-07-18T10:46:30.242Z</Time><DistanceMeters>550.0</DistanceMeters><HeartRateBpm><Value>137</Value></HeartRateBpm><SensorState>Present</SensorState></Trackpoint><Trackpoint><Time>2025-07-18T10:46:31.242Z</Time><DistanceMeters>551.0683761040369</DistanceMeters><HeartRateBpm><Value>136</Value></HeartRateBpm><SensorState>Present</SensorState></Trackpoint><Trackpoint><Time>2025-07-18T10:46:32.242Z</Time><DistanceMeters>552.1367522080739</DistanceMeters><HeartRateBpm><Value>136</Value></HeartRateBpm><SensorState>Present</SensorState></Trackpoint><Trackpoint><Time>2025-07-18T10:46:33.242Z</Time><DistanceMeters>553.2051283121108</DistanceMeters><HeartRateBpm><Value>135</Value></HeartRateBpm><SensorState>Present</SensorState></Trackpoint><Trackpoint><Time>2025-07-18T10:46:34.242Z</Time><DistanceMeters>554.2735044161477</DistanceMeters><HeartRateBpm><Value>135</Value></HeartRateBpm><SensorState>Present</SensorState></Trackpoint><Trackpoint><Time>2025-07-18T10:46:35.242Z</Time><DistanceMeters>555.3418805201846</DistanceMeters><HeartRateBpm><Value>135</Value></HeartRateBpm><SensorState>Present</SensorState></Trackpoint><Trackpoint><Time>2025-07-18T10:46:36.242Z</Time><DistanceMeters>556.4102566242216</DistanceMeters><HeartRateBpm><Value>135</Value></HeartRateBpm><SensorState>Present</SensorState></Trackpoint><Trackpoint><Time>2025-07-18T10:46:37.242Z</Time><DistanceMeters>557.4786327282585</DistanceMeters><HeartRateBpm><Value>135</Value></HeartRateBpm><SensorState>Present</SensorState></Trackpoint><Trackpoint><Time>2025-07-18T10:46:38.242Z</Time><DistanceMeters>558.5470088322954</DistanceMeters><HeartRateBpm><Value>134</Value></HeartRateBpm><SensorState>Present</SensorState></Trackpoint><Trackpoint><Time>2025-07-18T10:46:39.242Z</Time><DistanceMeters>559.6153849363324</DistanceMeters><HeartRateBpm><Value>134</Value></HeartRateBpm><SensorState>Present</SensorState></Trackpoint><Trackpoint><Time>2025-07-18T10:46:40.242Z</Time><DistanceMeters>560.6837610403693</DistanceMeters><HeartRateBpm><Value>133</Value></HeartRateBpm><SensorState>Present</SensorState></Trackpoint><Trackpoint><Time>2025-07-18T10:46:41.242Z</Time><DistanceMeters>561.7521371444062</DistanceMeters><HeartRateBpm><Value>133</Value></HeartRateBpm><SensorState>Present</SensorState></Trackpoint><Trackpoint><Time>2025-07-18T10:46:42.242Z</Time><DistanceMeters>575.0</DistanceMeters><HeartRateBpm><Value>133</Value></HeartRateBpm><SensorState>Present</SensorState></Trackpoint><Trackpoint><Time>2025-07-18T10:46:43.242Z</Time><DistanceMeters>575.0</DistanceMeters><HeartRateBpm><Value>132</Value></HeartRateBpm><SensorState>Present</SensorState></Trackpoint><Trackpoint><Time>2025-07-18T10:46:44.242Z</Time><DistanceMeters>575.0</DistanceMeters><HeartRateBpm><Value>132</Value></HeartRateBpm><SensorState>Present</SensorState></Trackpoint><Trackpoint><Time>2025-07-18T10:46:45.242Z</Time><DistanceMeters>575.0</DistanceMeters><HeartRateBpm><Value>131</Value></HeartRateBpm><SensorState>Present</SensorState></Trackpoint><Trackpoint><Time>2025-07-18T10:46:46.242Z</Time><DistanceMeters>575.0</DistanceMeters><HeartRateBpm><Value>131</Value></HeartRateBpm><SensorState>Present</SensorState></Trackpoint><Trackpoint><Time>2025-07-18T10:46:47.242Z</Time><DistanceMeters>575.0</DistanceMeters><HeartRateBpm><Value>131</Value></HeartRateBpm><SensorState>Present</SensorState></Trackpoint><Trackpoint><Time>2025-07-18T10:46:48.242Z</Time><DistanceMeters>575.0</DistanceMeters><HeartRateBpm><Value>130</Value></HeartRateBpm><SensorState>Present</SensorState></Trackpoint><Trackpoint><Time>2025-07-18T10:46:49.242Z</Time><DistanceMeters>575.0</DistanceMeters><HeartRateBpm><Value>130</Value></HeartRateBpm><SensorState>Present</SensorState></Trackpoint><Trackpoint><Time>2025-07-18T10:46:50.242Z</Time><DistanceMeters>575.0</DistanceMeters><HeartRateBpm><Value>130</Value></HeartRateBpm><SensorState>Present</SensorState></Trackpoint><Trackpoint><Time>2025-07-18T10:46:51.242Z</Time><DistanceMeters>575.0</DistanceMeters><HeartRateBpm><Value>130</Value></HeartRateBpm><SensorState>Present</SensorState></Trackpoint><Trackpoint><Time>2025-07-18T10:46:52.242Z</Time><DistanceMeters>575.0</DistanceMeters><HeartRateBpm><Value>129</Value></HeartRateBpm><SensorState>Present</SensorState></Trackpoint><Trackpoint><Time>2025-07-18T10:46:53.242Z</Time><DistanceMeters>575.0</DistanceMeters><HeartRateBpm><Value>129</Value></HeartRateBpm><SensorState>Present</SensorState></Trackpoint><Trackpoint><Time>2025-07-18T10:46:54.242Z</Time><DistanceMeters>575.0</DistanceMeters><HeartRateBpm><Value>128</Value></HeartRateBpm><SensorState>Present</SensorState></Trackpoint><Trackpoint><Time>2025-07-18T10:46:55.242Z</Time><DistanceMeters>575.0</DistanceMeters><HeartRateBpm><Value>128</Value></HeartRateBpm><SensorState>Present</SensorState></Trackpoint><Trackpoint><Time>2025-07-18T10:46:56.242Z</Time><DistanceMeters>575.0</DistanceMeters><HeartRateBpm><Value>127</Value></HeartRateBpm><SensorState>Present</SensorState></Trackpoint><Trackpoint><Time>2025-07-18T10:46:57.242Z</Time><DistanceMeters>575.0</DistanceMeters><HeartRateBpm><Value>127</Value></HeartRateBpm><SensorState>Present</SensorState></Trackpoint><Trackpoint><Time>2025-07-18T10:46:58.242Z</Time><DistanceMeters>575.0</DistanceMeters><HeartRateBpm><Value>126</Value></HeartRateBpm><SensorState>Present</SensorState></Trackpoint><Trackpoint><Time>2025-07-18T10:46:59.242Z</Time><DistanceMeters>575.0</DistanceMeters><HeartRateBpm><Value>126</Value></HeartRateBpm><SensorState>Present</SensorState></Trackpoint><Trackpoint><Time>2025-07-18T10:47:00.242Z</Time><DistanceMeters>575.0</DistanceMeters><HeartRateBpm><Value>126</Value></HeartRateBpm><SensorState>Present</SensorState></Trackpoint><Trackpoint><Time>2025-07-18T10:47:01.242Z</Time><DistanceMeters>576.0683761040369</DistanceMeters><HeartRateBpm><Value>125</Value></HeartRateBpm><SensorState>Present</SensorState></Trackpoint><Trackpoint><Time>2025-07-18T10:47:02.242Z</Time><DistanceMeters>577.1367522080739</DistanceMeters><HeartRateBpm><Value>124</Value></HeartRateBpm><SensorState>Present</SensorState></Trackpoint><Trackpoint><Time>2025-07-18T10:47:03.242Z</Time><DistanceMeters>578.2051283121108</DistanceMeters><HeartRateBpm><Value>123</Value></HeartRateBpm><SensorState>Present</SensorState></Trackpoint><Trackpoint><Time>2025-07-18T10:47:04.242Z</Time><DistanceMeters>579.2735044161477</DistanceMeters><HeartRateBpm><Value>123</Value></HeartRateBpm><SensorState>Present</SensorState></Trackpoint><Trackpoint><Time>2025-07-18T10:47:05.242Z</Time><DistanceMeters>580.3418805201846</DistanceMeters><HeartRateBpm><Value>123</Value></HeartRateBpm><SensorState>Present</SensorState></Trackpoint><Trackpoint><Time>2025-07-18T10:47:06.242Z</Time><DistanceMeters>581.4102566242216</DistanceMeters><HeartRateBpm><Value>123</Value></HeartRateBpm><SensorState>Present</SensorState></Trackpoint><Trackpoint><Time>2025-07-18T10:47:07.242Z</Time><DistanceMeters>582.4786327282585</DistanceMeters><HeartRateBpm><Value>122</Value></HeartRateBpm><SensorState>Present</SensorState></Trackpoint><Trackpoint><Time>2025-07-18T10:47:08.242Z</Time><DistanceMeters>583.5470088322954</DistanceMeters><HeartRateBpm><Value>122</Value></HeartRateBpm><SensorState>Present</SensorState></Trackpoint><Trackpoint><Time>2025-07-18T10:47:09.242Z</Time><DistanceMeters>584.6153849363324</DistanceMeters><HeartRateBpm><Value>122</Value></HeartRateBpm><SensorState>Present</SensorState></Trackpoint><Trackpoint><Time>2025-07-18T10:47:10.242Z</Time><DistanceMeters>585.6837610403693</DistanceMeters><HeartRateBpm><Value>122</Value></HeartRateBpm><SensorState>Present</SensorState></Trackpoint><Trackpoint><Time>2025-07-18T10:47:11.242Z</Time><DistanceMeters>586.7521371444062</DistanceMeters><HeartRateBpm><Value>123</Value></HeartRateBpm><SensorState>Present</SensorState></Trackpoint><Trackpoint><Time>2025-07-18T10:47:12.242Z</Time><DistanceMeters>600.0</DistanceMeters><HeartRateBpm><Value>123</Value></HeartRateBpm><SensorState>Present</SensorState></Trackpoint><Trackpoint><Time>2025-07-18T10:47:13.242Z</Time><DistanceMeters>600.0</DistanceMeters><HeartRateBpm><Value>123</Value></HeartRateBpm><SensorState>Present</SensorState></Trackpoint><Trackpoint><Time>2025-07-18T10:47:14.242Z</Time><DistanceMeters>600.0</DistanceMeters><HeartRateBpm><Value>123</Value></HeartRateBpm><SensorState>Present</SensorState></Trackpoint><Trackpoint><Time>2025-07-18T10:47:15.242Z</Time><DistanceMeters>600.0</DistanceMeters><HeartRateBpm><Value>123</Value></HeartRateBpm><SensorState>Present</SensorState></Trackpoint><Trackpoint><Time>2025-07-18T10:47:16.242Z</Time><DistanceMeters>600.0</DistanceMeters><HeartRateBpm><Value>123</Value></HeartRateBpm><SensorState>Present</SensorState></Trackpoint><Trackpoint><Time>2025-07-18T10:47:17.242Z</Time><DistanceMeters>600.0</DistanceMeters><HeartRateBpm><Value>123</Value></HeartRateBpm><SensorState>Present</SensorState></Trackpoint><Trackpoint><Time>2025-07-18T10:47:18.242Z</Time><DistanceMeters>600.0</DistanceMeters><HeartRateBpm><Value>123</Value></HeartRateBpm><SensorState>Present</SensorState></Trackpoint><Trackpoint><Time>2025-07-18T10:47:19.242Z</Time><DistanceMeters>600.0</DistanceMeters><HeartRateBpm><Value>122</Value></HeartRateBpm><SensorState>Present</SensorState></Trackpoint><Trackpoint><Time>2025-07-18T10:47:20.242Z</Time><DistanceMeters>600.0</DistanceMeters><HeartRateBpm><Value>122</Value></HeartRateBpm><SensorState>Present</SensorState></Trackpoint><Trackpoint><Time>2025-07-18T10:47:21.242Z</Time><DistanceMeters>600.0</DistanceMeters><HeartRateBpm><Value>122</Value></HeartRateBpm><SensorState>Present</SensorState></Trackpoint><Trackpoint><Time>2025-07-18T10:47:22.242Z</Time><DistanceMeters>600.0</DistanceMeters><HeartRateBpm><Value>121</Value></HeartRateBpm><SensorState>Present</SensorState></Trackpoint><Trackpoint><Time>2025-07-18T10:47:23.242Z</Time><DistanceMeters>600.0</DistanceMeters><HeartRateBpm><Value>120</Value></HeartRateBpm><SensorState>Present</SensorState></Trackpoint><Trackpoint><Time>2025-07-18T10:47:24.242Z</Time><DistanceMeters>600.0</DistanceMeters><HeartRateBpm><Value>120</Value></HeartRateBpm><SensorState>Present</SensorState></Trackpoint><Trackpoint><Time>2025-07-18T10:47:25.242Z</Time><DistanceMeters>600.0</DistanceMeters><HeartRateBpm><Value>120</Value></HeartRateBpm><SensorState>Present</SensorState></Trackpoint><Trackpoint><Time>2025-07-18T10:47:26.242Z</Time><DistanceMeters>600.0</DistanceMeters><HeartRateBpm><Value>120</Value></HeartRateBpm><SensorState>Present</SensorState></Trackpoint><Trackpoint><Time>2025-07-18T10:47:27.242Z</Time><DistanceMeters>600.0</DistanceMeters><HeartRateBpm><Value>120</Value></HeartRateBpm><SensorState>Present</SensorState></Trackpoint><Trackpoint><Time>2025-07-18T10:47:28.242Z</Time><DistanceMeters>600.0</DistanceMeters><HeartRateBpm><Value>120</Value></HeartRateBpm><SensorState>Present</SensorState></Trackpoint><Trackpoint><Time>2025-07-18T10:47:29.242Z</Time><DistanceMeters>600.0</DistanceMeters><HeartRateBpm><Value>120</Value></HeartRateBpm><SensorState>Present</SensorState></Trackpoint><Trackpoint><Time>2025-07-18T10:47:30.242Z</Time><DistanceMeters>600.0</DistanceMeters><HeartRateBpm><Value>120</Value></HeartRateBpm><SensorState>Present</SensorState></Trackpoint><Trackpoint><Time>2025-07-18T10:47:31.242Z</Time><DistanceMeters>601.0683761040369</DistanceMeters><HeartRateBpm><Value>119</Value></HeartRateBpm><SensorState>Present</SensorState></Trackpoint><Trackpoint><Time>2025-07-18T10:47:32.242Z</Time><DistanceMeters>602.1367522080739</DistanceMeters><HeartRateBpm><Value>118</Value></HeartRateBpm><SensorState>Present</SensorState></Trackpoint><Trackpoint><Time>2025-07-18T10:47:33.242Z</Time><DistanceMeters>603.2051283121108</DistanceMeters><HeartRateBpm><Value>118</Value></HeartRateBpm><SensorState>Present</SensorState></Trackpoint><Trackpoint><Time>2025-07-18T10:47:34.242Z</Time><DistanceMeters>604.2735044161477</DistanceMeters><HeartRateBpm><Value>118</Value></HeartRateBpm><SensorState>Present</SensorState></Trackpoint><Trackpoint><Time>2025-07-18T10:47:35.242Z</Time><DistanceMeters>605.3418805201846</DistanceMeters><HeartRateBpm><Value>118</Value></HeartRateBpm><SensorState>Present</SensorState></Trackpoint><Trackpoint><Time>2025-07-18T10:47:36.242Z</Time><DistanceMeters>606.4102566242216</DistanceMeters><HeartRateBpm><Value>118</Value></HeartRateBpm><SensorState>Present</SensorState></Trackpoint><Trackpoint><Time>2025-07-18T10:47:37.242Z</Time><DistanceMeters>607.4786327282585</DistanceMeters><HeartRateBpm><Value>118</Value></HeartRateBpm><SensorState>Present</SensorState></Trackpoint><Trackpoint><Time>2025-07-18T10:47:38.242Z</Time><DistanceMeters>608.5470088322954</DistanceMeters><HeartRateBpm><Value>118</Value></HeartRateBpm><SensorState>Present</SensorState></Trackpoint><Trackpoint><Time>2025-07-18T10:47:39.242Z</Time><DistanceMeters>609.6153849363324</DistanceMeters><HeartRateBpm><Value>119</Value></HeartRateBpm><SensorState>Present</SensorState></Trackpoint><Trackpoint><Time>2025-07-18T10:47:40.242Z</Time><DistanceMeters>610.6837610403693</DistanceMeters><HeartRateBpm><Value>119</Value></HeartRateBpm><SensorState>Present</SensorState></Trackpoint><Trackpoint><Time>2025-07-18T10:47:41.242Z</Time><DistanceMeters>611.7521371444062</DistanceMeters><HeartRateBpm><Value>119</Value></HeartRateBpm><SensorState>Present</SensorState></Trackpoint><Trackpoint><Time>2025-07-18T10:47:42.242Z</Time><DistanceMeters>625.0</DistanceMeters><HeartRateBpm><Value>119</Value></HeartRateBpm><SensorState>Present</SensorState></Trackpoint><Trackpoint><Time>2025-07-18T10:47:43.242Z</Time><DistanceMeters>625.0</DistanceMeters><HeartRateBpm><Value>119</Value></HeartRateBpm><SensorState>Present</SensorState></Trackpoint><Trackpoint><Time>2025-07-18T10:47:44.242Z</Time><DistanceMeters>625.0</DistanceMeters><HeartRateBpm><Value>119</Value></HeartRateBpm><SensorState>Present</SensorState></Trackpoint><Trackpoint><Time>2025-07-18T10:47:45.242Z</Time><DistanceMeters>625.0</DistanceMeters><HeartRateBpm><Value>120</Value></HeartRateBpm><SensorState>Present</SensorState></Trackpoint><Trackpoint><Time>2025-07-18T10:47:46.242Z</Time><DistanceMeters>625.0</DistanceMeters><HeartRateBpm><Value>120</Value></HeartRateBpm><SensorState>Present</SensorState></Trackpoint><Trackpoint><Time>2025-07-18T10:47:47.242Z</Time><DistanceMeters>625.0</DistanceMeters><HeartRateBpm><Value>120</Value></HeartRateBpm><SensorState>Present</SensorState></Trackpoint><Trackpoint><Time>2025-07-18T10:47:48.242Z</Time><DistanceMeters>625.0</DistanceMeters><HeartRateBpm><Value>121</Value></HeartRateBpm><SensorState>Present</SensorState></Trackpoint><Trackpoint><Time>2025-07-18T10:47:49.242Z</Time><DistanceMeters>625.0</DistanceMeters><HeartRateBpm><Value>121</Value></HeartRateBpm><SensorState>Present</SensorState></Trackpoint><Trackpoint><Time>2025-07-18T10:47:50.242Z</Time><DistanceMeters>625.0</DistanceMeters><HeartRateBpm><Value>121</Value></HeartRateBpm><SensorState>Present</SensorState></Trackpoint><Trackpoint><Time>2025-07-18T10:47:51.242Z</Time><DistanceMeters>625.0</DistanceMeters><HeartRateBpm><Value>121</Value></HeartRateBpm><SensorState>Present</SensorState></Trackpoint><Trackpoint><Time>2025-07-18T10:47:52.242Z</Time><DistanceMeters>625.0</DistanceMeters><HeartRateBpm><Value>121</Value></HeartRateBpm><SensorState>Present</SensorState></Trackpoint><Trackpoint><Time>2025-07-18T10:47:53.242Z</Time><DistanceMeters>625.0</DistanceMeters><HeartRateBpm><Value>122</Value></HeartRateBpm><SensorState>Present</SensorState></Trackpoint><Trackpoint><Time>2025-07-18T10:47:54.242Z</Time><DistanceMeters>625.0</DistanceMeters><HeartRateBpm><Value>123</Value></HeartRateBpm><SensorState>Present</SensorState></Trackpoint><Trackpoint><Time>2025-07-18T10:47:55.242Z</Time><DistanceMeters>625.0</DistanceMeters><HeartRateBpm><Value>124</Value></HeartRateBpm><SensorState>Present</SensorState></Trackpoint><Trackpoint><Time>2025-07-18T10:47:56.242Z</Time><DistanceMeters>625.0</DistanceMeters><HeartRateBpm><Value>124</Value></HeartRateBpm><SensorState>Present</SensorState></Trackpoint><Trackpoint><Time>2025-07-18T10:47:57.242Z</Time><DistanceMeters>625.0</DistanceMeters><HeartRateBpm><Value>125</Value></HeartRateBpm><SensorState>Present</SensorState></Trackpoint><Trackpoint><Time>2025-07-18T10:47:58.242Z</Time><DistanceMeters>625.0</DistanceMeters><HeartRateBpm><Value>126</Value></HeartRateBpm><SensorState>Present</SensorState></Trackpoint><Trackpoint><Time>2025-07-18T10:47:59.242Z</Time><DistanceMeters>625.0</DistanceMeters><HeartRateBpm><Value>126</Value></HeartRateBpm><SensorState>Present</SensorState></Trackpoint><Trackpoint><Time>2025-07-18T10:48:00.242Z</Time><DistanceMeters>625.0</DistanceMeters><HeartRateBpm><Value>127</Value></HeartRateBpm><SensorState>Present</SensorState></Trackpoint><Trackpoint><Time>2025-07-18T10:48:01.242Z</Time><DistanceMeters>625.0</DistanceMeters><HeartRateBpm><Value>128</Value></HeartRateBpm><SensorState>Present</SensorState></Trackpoint><Trackpoint><Time>2025-07-18T10:48:02.242Z</Time><DistanceMeters>626.0683761040369</DistanceMeters><HeartRateBpm><Value>129</Value></HeartRateBpm><SensorState>Present</SensorState></Trackpoint><Trackpoint><Time>2025-07-18T10:48:03.242Z</Time><DistanceMeters>627.1367522080739</DistanceMeters><HeartRateBpm><Value>129</Value></HeartRateBpm><SensorState>Present</SensorState></Trackpoint><Trackpoint><Time>2025-07-18T10:48:04.242Z</Time><DistanceMeters>628.2051283121108</DistanceMeters><HeartRateBpm><Value>129</Value></HeartRateBpm><SensorState>Present</SensorState></Trackpoint><Trackpoint><Time>2025-07-18T10:48:05.242Z</Time><DistanceMeters>629.2735044161477</DistanceMeters><HeartRateBpm><Value>130</Value></HeartRateBpm><SensorState>Present</SensorState></Trackpoint><Trackpoint><Time>2025-07-18T10:48:06.242Z</Time><DistanceMeters>630.3418805201846</DistanceMeters><HeartRateBpm><Value>130</Value></HeartRateBpm><SensorState>Present</SensorState></Trackpoint><Trackpoint><Time>2025-07-18T10:48:07.242Z</Time><DistanceMeters>631.4102566242216</DistanceMeters><HeartRateBpm><Value>130</Value></HeartRateBpm><SensorState>Present</SensorState></Trackpoint><Trackpoint><Time>2025-07-18T10:48:08.242Z</Time><DistanceMeters>632.4786327282585</DistanceMeters><HeartRateBpm><Value>130</Value></HeartRateBpm><SensorState>Present</SensorState></Trackpoint><Trackpoint><Time>2025-07-18T10:48:09.242Z</Time><DistanceMeters>633.5470088322954</DistanceMeters><HeartRateBpm><Value>130</Value></HeartRateBpm><SensorState>Present</SensorState></Trackpoint><Trackpoint><Time>2025-07-18T10:48:10.242Z</Time><DistanceMeters>634.6153849363324</DistanceMeters><HeartRateBpm><Value>130</Value></HeartRateBpm><SensorState>Present</SensorState></Trackpoint><Trackpoint><Time>2025-07-18T10:48:11.242Z</Time><DistanceMeters>635.6837610403693</DistanceMeters><HeartRateBpm><Value>130</Value></HeartRateBpm><SensorState>Present</SensorState></Trackpoint><Trackpoint><Time>2025-07-18T10:48:12.242Z</Time><DistanceMeters>636.7521371444062</DistanceMeters><HeartRateBpm><Value>129</Value></HeartRateBpm><SensorState>Present</SensorState></Trackpoint><Trackpoint><Time>2025-07-18T10:48:13.242Z</Time><DistanceMeters>650.0</DistanceMeters><HeartRateBpm><Value>129</Value></HeartRateBpm><SensorState>Present</SensorState></Trackpoint><Trackpoint><Time>2025-07-18T10:48:14.242Z</Time><DistanceMeters>650.0</DistanceMeters><HeartRateBpm><Value>130</Value></HeartRateBpm><SensorState>Present</SensorState></Trackpoint><Trackpoint><Time>2025-07-18T10:48:15.242Z</Time><DistanceMeters>650.0</DistanceMeters><HeartRateBpm><Value>130</Value></HeartRateBpm><SensorState>Present</SensorState></Trackpoint><Trackpoint><Time>2025-07-18T10:48:16.242Z</Time><DistanceMeters>650.0</DistanceMeters><HeartRateBpm><Value>130</Value></HeartRateBpm><SensorState>Present</SensorState></Trackpoint><Trackpoint><Time>2025-07-18T10:48:17.242Z</Time><DistanceMeters>650.0</DistanceMeters><HeartRateBpm><Value>130</Value></HeartRateBpm><SensorState>Present</SensorState></Trackpoint><Trackpoint><Time>2025-07-18T10:48:18.242Z</Time><DistanceMeters>650.0</DistanceMeters><HeartRateBpm><Value>130</Value></HeartRateBpm><SensorState>Present</SensorState></Trackpoint><Trackpoint><Time>2025-07-18T10:48:19.242Z</Time><DistanceMeters>650.0</DistanceMeters><HeartRateBpm><Value>130</Value></HeartRateBpm><SensorState>Present</SensorState></Trackpoint><Trackpoint><Time>2025-07-18T10:48:20.242Z</Time><DistanceMeters>650.0</DistanceMeters><HeartRateBpm><Value>130</Value></HeartRateBpm><SensorState>Present</SensorState></Trackpoint><Trackpoint><Time>2025-07-18T10:48:21.242Z</Time><DistanceMeters>650.0</DistanceMeters><HeartRateBpm><Value>130</Value></HeartRateBpm><SensorState>Present</SensorState></Trackpoint><Trackpoint><Time>2025-07-18T10:48:22.242Z</Time><DistanceMeters>650.0</DistanceMeters><HeartRateBpm><Value>130</Value></HeartRateBpm><SensorState>Present</SensorState></Trackpoint><Trackpoint><Time>2025-07-18T10:48:23.242Z</Time><DistanceMeters>650.0</DistanceMeters><HeartRateBpm><Value>130</Value></HeartRateBpm><SensorState>Present</SensorState></Trackpoint><Trackpoint><Time>2025-07-18T10:48:24.242Z</Time><DistanceMeters>650.0</DistanceMeters><HeartRateBpm><Value>130</Value></HeartRateBpm><SensorState>Present</SensorState></Trackpoint><Trackpoint><Time>2025-07-18T10:48:25.242Z</Time><DistanceMeters>650.0</DistanceMeters><HeartRateBpm><Value>130</Value></HeartRateBpm><SensorState>Present</SensorState></Trackpoint><Trackpoint><Time>2025-07-18T10:48:26.242Z</Time><DistanceMeters>650.0</DistanceMeters><HeartRateBpm><Value>130</Value></HeartRateBpm><SensorState>Present</SensorState></Trackpoint><Trackpoint><Time>2025-07-18T10:48:27.242Z</Time><DistanceMeters>650.0</DistanceMeters><HeartRateBpm><Value>130</Value></HeartRateBpm><SensorState>Present</SensorState></Trackpoint><Trackpoint><Time>2025-07-18T10:48:28.242Z</Time><DistanceMeters>650.0</DistanceMeters><HeartRateBpm><Value>130</Value></HeartRateBpm><SensorState>Present</SensorState></Trackpoint><Trackpoint><Time>2025-07-18T10:48:29.242Z</Time><DistanceMeters>650.0</DistanceMeters><HeartRateBpm><Value>129</Value></HeartRateBpm><SensorState>Present</SensorState></Trackpoint><Trackpoint><Time>2025-07-18T10:48:30.242Z</Time><DistanceMeters>650.0</DistanceMeters><HeartRateBpm><Value>127</Value></HeartRateBpm><SensorState>Present</SensorState></Trackpoint><Trackpoint><Time>2025-07-18T10:48:31.242Z</Time><DistanceMeters>650.0</DistanceMeters><HeartRateBpm><Value>125</Value></HeartRateBpm><SensorState>Present</SensorState></Trackpoint><Trackpoint><Time>2025-07-18T10:48:32.242Z</Time><DistanceMeters>651.0683761040369</DistanceMeters><HeartRateBpm><Value>124</Value></HeartRateBpm><SensorState>Present</SensorState></Trackpoint><Trackpoint><Time>2025-07-18T10:48:33.242Z</Time><DistanceMeters>652.1367522080739</DistanceMeters><HeartRateBpm><Value>124</Value></HeartRateBpm><SensorState>Present</SensorState></Trackpoint><Trackpoint><Time>2025-07-18T10:48:34.242Z</Time><DistanceMeters>653.2051283121108</DistanceMeters><HeartRateBpm><Value>124</Value></HeartRateBpm><SensorState>Present</SensorState></Trackpoint><Trackpoint><Time>2025-07-18T10:48:35.242Z</Time><DistanceMeters>654.2735044161477</DistanceMeters><HeartRateBpm><Value>124</Value></HeartRateBpm><SensorState>Present</SensorState></Trackpoint><Trackpoint><Time>2025-07-18T10:48:36.242Z</Time><DistanceMeters>655.3418805201846</DistanceMeters><HeartRateBpm><Value>125</Value></HeartRateBpm><SensorState>Present</SensorState></Trackpoint><Trackpoint><Time>2025-07-18T10:48:37.242Z</Time><DistanceMeters>656.4102566242216</DistanceMeters><HeartRateBpm><Value>125</Value></HeartRateBpm><SensorState>Present</SensorState></Trackpoint><Trackpoint><Time>2025-07-18T10:48:38.242Z</Time><DistanceMeters>657.4786327282585</DistanceMeters><HeartRateBpm><Value>125</Value></HeartRateBpm><SensorState>Present</SensorState></Trackpoint><Trackpoint><Time>2025-07-18T10:48:39.242Z</Time><DistanceMeters>658.5470088322954</DistanceMeters><HeartRateBpm><Value>125</Value></HeartRateBpm><SensorState>Present</SensorState></Trackpoint><Trackpoint><Time>2025-07-18T10:48:40.242Z</Time><DistanceMeters>659.6153849363324</DistanceMeters><HeartRateBpm><Value>125</Value></HeartRateBpm><SensorState>Present</SensorState></Trackpoint><Trackpoint><Time>2025-07-18T10:48:41.242Z</Time><DistanceMeters>660.6837610403693</DistanceMeters><HeartRateBpm><Value>125</Value></HeartRateBpm><SensorState>Present</SensorState></Trackpoint><Trackpoint><Time>2025-07-18T10:48:42.242Z</Time><DistanceMeters>661.7521371444062</DistanceMeters><HeartRateBpm><Value>125</Value></HeartRateBpm><SensorState>Present</SensorState></Trackpoint><Trackpoint><Time>2025-07-18T10:48:43.242Z</Time><DistanceMeters>675.0</DistanceMeters><HeartRateBpm><Value>125</Value></HeartRateBpm><SensorState>Present</SensorState></Trackpoint><Trackpoint><Time>2025-07-18T10:48:44.242Z</Time><DistanceMeters>675.0</DistanceMeters><HeartRateBpm><Value>125</Value></HeartRateBpm><SensorState>Present</SensorState></Trackpoint><Trackpoint><Time>2025-07-18T10:48:45.242Z</Time><DistanceMeters>675.0</DistanceMeters><HeartRateBpm><Value>125</Value></HeartRateBpm><SensorState>Present</SensorState></Trackpoint><Trackpoint><Time>2025-07-18T10:48:46.242Z</Time><DistanceMeters>675.0</DistanceMeters><HeartRateBpm><Value>125</Value></HeartRateBpm><SensorState>Present</SensorState></Trackpoint><Trackpoint><Time>2025-07-18T10:48:47.242Z</Time><DistanceMeters>675.0</DistanceMeters><HeartRateBpm><Value>125</Value></HeartRateBpm><SensorState>Present</SensorState></Trackpoint><Trackpoint><Time>2025-07-18T10:48:48.242Z</Time><DistanceMeters>675.0</DistanceMeters><HeartRateBpm><Value>125</Value></HeartRateBpm><SensorState>Present</SensorState></Trackpoint><Trackpoint><Time>2025-07-18T10:48:49.242Z</Time><DistanceMeters>675.0</DistanceMeters><HeartRateBpm><Value>125</Value></HeartRateBpm><SensorState>Present</SensorState></Trackpoint><Trackpoint><Time>2025-07-18T10:48:50.242Z</Time><DistanceMeters>675.0</DistanceMeters><HeartRateBpm><Value>125</Value></HeartRateBpm><SensorState>Present</SensorState></Trackpoint><Trackpoint><Time>2025-07-18T10:48:51.242Z</Time><DistanceMeters>675.0</DistanceMeters><HeartRateBpm><Value>125</Value></HeartRateBpm><SensorState>Present</SensorState></Trackpoint><Trackpoint><Time>2025-07-18T10:48:52.242Z</Time><DistanceMeters>675.0</DistanceMeters><HeartRateBpm><Value>124</Value></HeartRateBpm><SensorState>Present</SensorState></Trackpoint><Trackpoint><Time>2025-07-18T10:48:53.242Z</Time><DistanceMeters>675.0</DistanceMeters><HeartRateBpm><Value>123</Value></HeartRateBpm><SensorState>Present</SensorState></Trackpoint><Trackpoint><Time>2025-07-18T10:48:54.242Z</Time><DistanceMeters>675.0</DistanceMeters><HeartRateBpm><Value>123</Value></HeartRateBpm><SensorState>Present</SensorState></Trackpoint><Trackpoint><Time>2025-07-18T10:48:55.242Z</Time><DistanceMeters>675.0</DistanceMeters><HeartRateBpm><Value>123</Value></HeartRateBpm><SensorState>Present</SensorState></Trackpoint><Trackpoint><Time>2025-07-18T10:48:56.242Z</Time><DistanceMeters>675.0</DistanceMeters><HeartRateBpm><Value>123</Value></HeartRateBpm><SensorState>Present</SensorState></Trackpoint><Trackpoint><Time>2025-07-18T10:48:57.242Z</Time><DistanceMeters>675.0</DistanceMeters><HeartRateBpm><Value>122</Value></HeartRateBpm><SensorState>Present</SensorState></Trackpoint><Trackpoint><Time>2025-07-18T10:48:58.242Z</Time><DistanceMeters>675.0</DistanceMeters><HeartRateBpm><Value>121</Value></HeartRateBpm><SensorState>Present</SensorState></Trackpoint><Trackpoint><Time>2025-07-18T10:48:59.242Z</Time><DistanceMeters>675.0</DistanceMeters><HeartRateBpm><Value>121</Value></HeartRateBpm><SensorState>Present</SensorState></Trackpoint><Trackpoint><Time>2025-07-18T10:49:00.242Z</Time><DistanceMeters>675.0</DistanceMeters><HeartRateBpm><Value>121</Value></HeartRateBpm><SensorState>Present</SensorState></Trackpoint><Trackpoint><Time>2025-07-18T10:49:01.242Z</Time><DistanceMeters>675.0</DistanceMeters><HeartRateBpm><Value>120</Value></HeartRateBpm><SensorState>Present</SensorState></Trackpoint><Trackpoint><Time>2025-07-18T10:49:02.242Z</Time><DistanceMeters>675.0</DistanceMeters><HeartRateBpm><Value>121</Value></HeartRateBpm><SensorState>Present</SensorState></Trackpoint><Trackpoint><Time>2025-07-18T10:49:03.242Z</Time><DistanceMeters>675.0</DistanceMeters><HeartRateBpm><Value>121</Value></HeartRateBpm><SensorState>Present</SensorState></Trackpoint><Trackpoint><Time>2025-07-18T10:49:04.242Z</Time><DistanceMeters>676.0683761040369</DistanceMeters><HeartRateBpm><Value>121</Value></HeartRateBpm><SensorState>Present</SensorState></Trackpoint><Trackpoint><Time>2025-07-18T10:49:05.242Z</Time><DistanceMeters>677.1367522080739</DistanceMeters><HeartRateBpm><Value>121</Value></HeartRateBpm><SensorState>Present</SensorState></Trackpoint><Trackpoint><Time>2025-07-18T10:49:06.242Z</Time><DistanceMeters>678.2051283121108</DistanceMeters><HeartRateBpm><Value>122</Value></HeartRateBpm><SensorState>Present</SensorState></Trackpoint><Trackpoint><Time>2025-07-18T10:49:07.242Z</Time><DistanceMeters>679.2735044161477</DistanceMeters><HeartRateBpm><Value>123</Value></HeartRateBpm><SensorState>Present</SensorState></Trackpoint><Trackpoint><Time>2025-07-18T10:49:08.242Z</Time><DistanceMeters>680.3418805201846</DistanceMeters><HeartRateBpm><Value>124</Value></HeartRateBpm><SensorState>Present</SensorState></Trackpoint><Trackpoint><Time>2025-07-18T10:49:09.242Z</Time><DistanceMeters>681.4102566242216</DistanceMeters><HeartRateBpm><Value>125</Value></HeartRateBpm><SensorState>Present</SensorState></Trackpoint><Trackpoint><Time>2025-07-18T10:49:10.242Z</Time><DistanceMeters>682.4786327282585</DistanceMeters><HeartRateBpm><Value>125</Value></HeartRateBpm><SensorState>Present</SensorState></Trackpoint><Trackpoint><Time>2025-07-18T10:49:11.242Z</Time><DistanceMeters>683.5470088322954</DistanceMeters><HeartRateBpm><Value>125</Value></HeartRateBpm><SensorState>Present</SensorState></Trackpoint><Trackpoint><Time>2025-07-18T10:49:12.242Z</Time><DistanceMeters>684.6153849363324</DistanceMeters><HeartRateBpm><Value>125</Value></HeartRateBpm><SensorState>Present</SensorState></Trackpoint><Trackpoint><Time>2025-07-18T10:49:13.242Z</Time><DistanceMeters>685.6837610403693</DistanceMeters><HeartRateBpm><Value>126</Value></HeartRateBpm><SensorState>Present</SensorState></Trackpoint><Trackpoint><Time>2025-07-18T10:49:14.242Z</Time><DistanceMeters>686.7521371444062</DistanceMeters><HeartRateBpm><Value>126</Value></HeartRateBpm><SensorState>Present</SensorState></Trackpoint><Trackpoint><Time>2025-07-18T10:49:15.242Z</Time><DistanceMeters>700.0</DistanceMeters><HeartRateBpm><Value>126</Value></HeartRateBpm><SensorState>Present</SensorState></Trackpoint><Trackpoint><Time>2025-07-18T10:49:16.242Z</Time><DistanceMeters>700.0</DistanceMeters><HeartRateBpm><Value>126</Value></HeartRateBpm><SensorState>Present</SensorState></Trackpoint><Trackpoint><Time>2025-07-18T10:49:17.242Z</Time><DistanceMeters>700.0</DistanceMeters><HeartRateBpm><Value>126</Value></HeartRateBpm><SensorState>Present</SensorState></Trackpoint><Trackpoint><Time>2025-07-18T10:49:18.242Z</Time><DistanceMeters>700.0</DistanceMeters><HeartRateBpm><Value>126</Value></HeartRateBpm><SensorState>Present</SensorState></Trackpoint><Trackpoint><Time>2025-07-18T10:49:19.242Z</Time><DistanceMeters>700.0</DistanceMeters><HeartRateBpm><Value>126</Value></HeartRateBpm><SensorState>Present</SensorState></Trackpoint><Trackpoint><Time>2025-07-18T10:49:20.242Z</Time><DistanceMeters>700.0</DistanceMeters><HeartRateBpm><Value>127</Value></HeartRateBpm><SensorState>Present</SensorState></Trackpoint><Trackpoint><Time>2025-07-18T10:49:21.242Z</Time><DistanceMeters>700.0</DistanceMeters><HeartRateBpm><Value>127</Value></HeartRateBpm><SensorState>Present</SensorState></Trackpoint><Trackpoint><Time>2025-07-18T10:49:22.242Z</Time><DistanceMeters>700.0</DistanceMeters><HeartRateBpm><Value>126</Value></HeartRateBpm><SensorState>Present</SensorState></Trackpoint><Trackpoint><Time>2025-07-18T10:49:23.242Z</Time><DistanceMeters>700.0</DistanceMeters><HeartRateBpm><Value>125</Value></HeartRateBpm><SensorState>Present</SensorState></Trackpoint><Trackpoint><Time>2025-07-18T10:49:24.242Z</Time><DistanceMeters>700.0</DistanceMeters><HeartRateBpm><Value>125</Value></HeartRateBpm><SensorState>Present</SensorState></Trackpoint><Trackpoint><Time>2025-07-18T10:49:25.242Z</Time><DistanceMeters>700.0</DistanceMeters><HeartRateBpm><Value>125</Value></HeartRateBpm><SensorState>Present</SensorState></Trackpoint><Trackpoint><Time>2025-07-18T10:49:26.242Z</Time><DistanceMeters>700.0</DistanceMeters><HeartRateBpm><Value>125</Value></HeartRateBpm><SensorState>Present</SensorState></Trackpoint><Trackpoint><Time>2025-07-18T10:49:27.242Z</Time><DistanceMeters>700.0</DistanceMeters><HeartRateBpm><Value>125</Value></HeartRateBpm><SensorState>Present</SensorState></Trackpoint><Trackpoint><Time>2025-07-18T10:49:28.242Z</Time><DistanceMeters>700.0</DistanceMeters><HeartRateBpm><Value>125</Value></HeartRateBpm><SensorState>Present</SensorState></Trackpoint><Trackpoint><Time>2025-07-18T10:49:29.242Z</Time><DistanceMeters>700.0</DistanceMeters><HeartRateBpm><Value>125</Value></HeartRateBpm><SensorState>Present</SensorState></Trackpoint><Trackpoint><Time>2025-07-18T10:49:30.242Z</Time><DistanceMeters>700.0</DistanceMeters><HeartRateBpm><Value>125</Value></HeartRateBpm><SensorState>Present</SensorState></Trackpoint><Trackpoint><Time>2025-07-18T10:49:31.242Z</Time><DistanceMeters>701.0683761040369</DistanceMeters><HeartRateBpm><Value>125</Value></HeartRateBpm><SensorState>Present</SensorState></Trackpoint><Trackpoint><Time>2025-07-18T10:49:32.242Z</Time><DistanceMeters>702.1367522080739</DistanceMeters><HeartRateBpm><Value>126</Value></HeartRateBpm><SensorState>Present</SensorState></Trackpoint><Trackpoint><Time>2025-07-18T10:49:33.242Z</Time><DistanceMeters>703.2051283121108</DistanceMeters><HeartRateBpm><Value>126</Value></HeartRateBpm><SensorState>Present</SensorState></Trackpoint><Trackpoint><Time>2025-07-18T10:49:34.242Z</Time><DistanceMeters>704.2735044161477</DistanceMeters><HeartRateBpm><Value>127</Value></HeartRateBpm><SensorState>Present</SensorState></Trackpoint><Trackpoint><Time>2025-07-18T10:49:35.242Z</Time><DistanceMeters>705.3418805201846</DistanceMeters><HeartRateBpm><Value>128</Value></HeartRateBpm><SensorState>Present</SensorState></Trackpoint><Trackpoint><Time>2025-07-18T10:49:36.242Z</Time><DistanceMeters>706.4102566242216</DistanceMeters><HeartRateBpm><Value>128</Value></HeartRateBpm><SensorState>Present</SensorState></Trackpoint><Trackpoint><Time>2025-07-18T10:49:37.242Z</Time><DistanceMeters>707.4786327282585</DistanceMeters><HeartRateBpm><Value>129</Value></HeartRateBpm><SensorState>Present</SensorState></Trackpoint><Trackpoint><Time>2025-07-18T10:49:38.242Z</Time><DistanceMeters>708.5470088322954</DistanceMeters><HeartRateBpm><Value>129</Value></HeartRateBpm><SensorState>Present</SensorState></Trackpoint><Trackpoint><Time>2025-07-18T10:49:39.242Z</Time><DistanceMeters>709.6153849363324</DistanceMeters><HeartRateBpm><Value>129</Value></HeartRateBpm><SensorState>Present</SensorState></Trackpoint><Trackpoint><Time>2025-07-18T10:49:40.242Z</Time><DistanceMeters>710.6837610403693</DistanceMeters><HeartRateBpm><Value>130</Value></HeartRateBpm><SensorState>Present</SensorState></Trackpoint><Trackpoint><Time>2025-07-18T10:49:41.242Z</Time><DistanceMeters>711.7521371444062</DistanceMeters><HeartRateBpm><Value>130</Value></HeartRateBpm><SensorState>Present</SensorState></Trackpoint><Trackpoint><Time>2025-07-18T10:49:42.242Z</Time><DistanceMeters>725.0</DistanceMeters><HeartRateBpm><Value>131</Value></HeartRateBpm><SensorState>Present</SensorState></Trackpoint><Trackpoint><Time>2025-07-18T10:49:43.242Z</Time><DistanceMeters>725.0</DistanceMeters><HeartRateBpm><Value>131</Value></HeartRateBpm><SensorState>Present</SensorState></Trackpoint><Trackpoint><Time>2025-07-18T10:49:44.242Z</Time><DistanceMeters>725.0</DistanceMeters><HeartRateBpm><Value>132</Value></HeartRateBpm><SensorState>Present</SensorState></Trackpoint><Trackpoint><Time>2025-07-18T10:49:45.242Z</Time><DistanceMeters>725.0</DistanceMeters><HeartRateBpm><Value>132</Value></HeartRateBpm><SensorState>Present</SensorState></Trackpoint><Trackpoint><Time>2025-07-18T10:49:46.242Z</Time><DistanceMeters>725.0</DistanceMeters><HeartRateBpm><Value>132</Value></HeartRateBpm><SensorState>Present</SensorState></Trackpoint><Trackpoint><Time>2025-07-18T10:49:47.242Z</Time><DistanceMeters>725.0</DistanceMeters><HeartRateBpm><Value>132</Value></HeartRateBpm><SensorState>Present</SensorState></Trackpoint><Trackpoint><Time>2025-07-18T10:49:48.242Z</Time><DistanceMeters>725.0</DistanceMeters><HeartRateBpm><Value>132</Value></HeartRateBpm><SensorState>Present</SensorState></Trackpoint><Trackpoint><Time>2025-07-18T10:49:49.242Z</Time><DistanceMeters>725.0</DistanceMeters><HeartRateBpm><Value>132</Value></HeartRateBpm><SensorState>Present</SensorState></Trackpoint><Trackpoint><Time>2025-07-18T10:49:50.242Z</Time><DistanceMeters>725.0</DistanceMeters><HeartRateBpm><Value>132</Value></HeartRateBpm><SensorState>Present</SensorState></Trackpoint><Trackpoint><Time>2025-07-18T10:49:51.242Z</Time><DistanceMeters>725.0</DistanceMeters><HeartRateBpm><Value>132</Value></HeartRateBpm><SensorState>Present</SensorState></Trackpoint><Trackpoint><Time>2025-07-18T10:49:52.242Z</Time><DistanceMeters>725.0</DistanceMeters><HeartRateBpm><Value>132</Value></HeartRateBpm><SensorState>Present</SensorState></Trackpoint><Trackpoint><Time>2025-07-18T10:49:53.242Z</Time><DistanceMeters>725.0</DistanceMeters><HeartRateBpm><Value>132</Value></HeartRateBpm><SensorState>Present</SensorState></Trackpoint><Trackpoint><Time>2025-07-18T10:49:54.242Z</Time><DistanceMeters>725.0</DistanceMeters><HeartRateBpm><Value>133</Value></HeartRateBpm><SensorState>Present</SensorState></Trackpoint><Trackpoint><Time>2025-07-18T10:49:55.242Z</Time><DistanceMeters>725.0</DistanceMeters><HeartRateBpm><Value>134</Value></HeartRateBpm><SensorState>Present</SensorState></Trackpoint><Trackpoint><Time>2025-07-18T10:49:56.242Z</Time><DistanceMeters>725.0</DistanceMeters><HeartRateBpm><Value>135</Value></HeartRateBpm><SensorState>Present</SensorState></Trackpoint><Trackpoint><Time>2025-07-18T10:49:57.242Z</Time><DistanceMeters>725.0</DistanceMeters><HeartRateBpm><Value>135</Value></HeartRateBpm><SensorState>Present</SensorState></Trackpoint><Trackpoint><Time>2025-07-18T10:49:58.242Z</Time><DistanceMeters>725.0</DistanceMeters><HeartRateBpm><Value>135</Value></HeartRateBpm><SensorState>Present</SensorState></Trackpoint><Trackpoint><Time>2025-07-18T10:49:59.242Z</Time><DistanceMeters>725.0</DistanceMeters><HeartRateBpm><Value>135</Value></HeartRateBpm><SensorState>Present</SensorState></Trackpoint><Trackpoint><Time>2025-07-18T10:50:00.242Z</Time><DistanceMeters>725.0</DistanceMeters><HeartRateBpm><Value>135</Value></HeartRateBpm><SensorState>Present</SensorState></Trackpoint><Trackpoint><Time>2025-07-18T10:50:01.242Z</Time><DistanceMeters>725.0</DistanceMeters><HeartRateBpm><Value>135</Value></HeartRateBpm><SensorState>Present</SensorState></Trackpoint><Trackpoint><Time>2025-07-18T10:50:02.242Z</Time><DistanceMeters>725.0</DistanceMeters><HeartRateBpm><Value>134</Value></HeartRateBpm><SensorState>Present</SensorState></Trackpoint><Trackpoint><Time>2025-07-18T10:50:03.242Z</Time><DistanceMeters>725.0</DistanceMeters><HeartRateBpm><Value>133</Value></HeartRateBpm><SensorState>Present</SensorState></Trackpoint><Trackpoint><Time>2025-07-18T10:50:04.242Z</Time><DistanceMeters>725.0</DistanceMeters><HeartRateBpm><Value>133</Value></HeartRateBpm><SensorState>Present</SensorState></Trackpoint><Trackpoint><Time>2025-07-18T10:50:05.242Z</Time><DistanceMeters>726.0683761040369</DistanceMeters><HeartRateBpm><Value>133</Value></HeartRateBpm><SensorState>Present</SensorState></Trackpoint><Trackpoint><Time>2025-07-18T10:50:06.242Z</Time><DistanceMeters>727.1367522080739</DistanceMeters><HeartRateBpm><Value>132</Value></HeartRateBpm><SensorState>Present</SensorState></Trackpoint><Trackpoint><Time>2025-07-18T10:50:07.242Z</Time><DistanceMeters>728.2051283121108</DistanceMeters><HeartRateBpm><Value>132</Value></HeartRateBpm><SensorState>Present</SensorState></Trackpoint><Trackpoint><Time>2025-07-18T10:50:08.242Z</Time><DistanceMeters>729.2735044161477</DistanceMeters><HeartRateBpm><Value>132</Value></HeartRateBpm><SensorState>Present</SensorState></Trackpoint><Trackpoint><Time>2025-07-18T10:50:09.242Z</Time><DistanceMeters>730.3418805201846</DistanceMeters><HeartRateBpm><Value>132</Value></HeartRateBpm><SensorState>Present</SensorState></Trackpoint><Trackpoint><Time>2025-07-18T10:50:10.242Z</Time><DistanceMeters>731.4102566242216</DistanceMeters><HeartRateBpm><Value>132</Value></HeartRateBpm><SensorState>Present</SensorState></Trackpoint><Trackpoint><Time>2025-07-18T10:50:11.242Z</Time><DistanceMeters>732.4786327282585</DistanceMeters><HeartRateBpm><Value>132</Value></HeartRateBpm><SensorState>Present</SensorState></Trackpoint><Trackpoint><Time>2025-07-18T10:50:12.242Z</Time><DistanceMeters>733.5470088322954</DistanceMeters><HeartRateBpm><Value>132</Value></HeartRateBpm><SensorState>Present</SensorState></Trackpoint><Trackpoint><Time>2025-07-18T10:50:13.242Z</Time><DistanceMeters>734.6153849363324</DistanceMeters><HeartRateBpm><Value>132</Value></HeartRateBpm><SensorState>Present</SensorState></Trackpoint><Trackpoint><Time>2025-07-18T10:50:14.242Z</Time><DistanceMeters>735.6837610403693</DistanceMeters><HeartRateBpm><Value>132</Value></HeartRateBpm><SensorState>Present</SensorState></Trackpoint><Trackpoint><Time>2025-07-18T10:50:15.242Z</Time><DistanceMeters>736.7521371444062</DistanceMeters><HeartRateBpm><Value>133</Value></HeartRateBpm><SensorState>Present</SensorState></Trackpoint><Trackpoint><Time>2025-07-18T10:50:16.242Z</Time><DistanceMeters>750.0</DistanceMeters><HeartRateBpm><Value>135</Value></HeartRateBpm><SensorState>Present</SensorState></Trackpoint><Trackpoint><Time>2025-07-18T10:50:17.242Z</Time><DistanceMeters>750.0</DistanceMeters><HeartRateBpm><Value>137</Value></HeartRateBpm><SensorState>Present</SensorState></Trackpoint><Trackpoint><Time>2025-07-18T10:50:18.242Z</Time><DistanceMeters>750.0</DistanceMeters><HeartRateBpm><Value>138</Value></HeartRateBpm><SensorState>Present</SensorState></Trackpoint><Trackpoint><Time>2025-07-18T10:50:19.242Z</Time><DistanceMeters>750.0</DistanceMeters><HeartRateBpm><Value>139</Value></HeartRateBpm><SensorState>Present</SensorState></Trackpoint><Trackpoint><Time>2025-07-18T10:50:20.242Z</Time><DistanceMeters>750.0</DistanceMeters><HeartRateBpm><Value>140</Value></HeartRateBpm><SensorState>Present</SensorState></Trackpoint><Trackpoint><Time>2025-07-18T10:50:21.242Z</Time><DistanceMeters>750.0</DistanceMeters><HeartRateBpm><Value>141</Value></HeartRateBpm><SensorState>Present</SensorState></Trackpoint><Trackpoint><Time>2025-07-18T10:50:22.242Z</Time><DistanceMeters>750.0</DistanceMeters><HeartRateBpm><Value>141</Value></HeartRateBpm><SensorState>Present</SensorState></Trackpoint><Trackpoint><Time>2025-07-18T10:50:23.242Z</Time><DistanceMeters>750.0</DistanceMeters><HeartRateBpm><Value>141</Value></HeartRateBpm><SensorState>Present</SensorState></Trackpoint><Trackpoint><Time>2025-07-18T10:50:24.242Z</Time><DistanceMeters>750.0</DistanceMeters><HeartRateBpm><Value>140</Value></HeartRateBpm><SensorState>Present</SensorState></Trackpoint><Trackpoint><Time>2025-07-18T10:50:25.242Z</Time><DistanceMeters>750.0</DistanceMeters><HeartRateBpm><Value>140</Value></HeartRateBpm><SensorState>Present</SensorState></Trackpoint><Trackpoint><Time>2025-07-18T10:50:26.242Z</Time><DistanceMeters>750.0</DistanceMeters><HeartRateBpm><Value>139</Value></HeartRateBpm><SensorState>Present</SensorState></Trackpoint><Trackpoint><Time>2025-07-18T10:50:27.242Z</Time><DistanceMeters>750.0</DistanceMeters><HeartRateBpm><Value>138</Value></HeartRateBpm><SensorState>Present</SensorState></Trackpoint><Trackpoint><Time>2025-07-18T10:50:28.242Z</Time><DistanceMeters>750.0</DistanceMeters><HeartRateBpm><Value>138</Value></HeartRateBpm><SensorState>Present</SensorState></Trackpoint><Trackpoint><Time>2025-07-18T10:50:29.242Z</Time><DistanceMeters>750.0</DistanceMeters><HeartRateBpm><Value>138</Value></HeartRateBpm><SensorState>Present</SensorState></Trackpoint><Trackpoint><Time>2025-07-18T10:50:30.242Z</Time><DistanceMeters>750.0</DistanceMeters><HeartRateBpm><Value>138</Value></HeartRateBpm><SensorState>Present</SensorState></Trackpoint><Trackpoint><Time>2025-07-18T10:50:31.242Z</Time><DistanceMeters>750.0</DistanceMeters><HeartRateBpm><Value>137</Value></HeartRateBpm><SensorState>Present</SensorState></Trackpoint><Trackpoint><Time>2025-07-18T10:50:32.242Z</Time><DistanceMeters>750.0</DistanceMeters><HeartRateBpm><Value>137</Value></HeartRateBpm><SensorState>Present</SensorState></Trackpoint><Trackpoint><Time>2025-07-18T10:50:33.242Z</Time><DistanceMeters>750.0</DistanceMeters><HeartRateBpm><Value>137</Value></HeartRateBpm><SensorState>Present</SensorState></Trackpoint><Trackpoint><Time>2025-07-18T10:50:34.242Z</Time><DistanceMeters>751.0683761040369</DistanceMeters><HeartRateBpm><Value>136</Value></HeartRateBpm><SensorState>Present</SensorState></Trackpoint><Trackpoint><Time>2025-07-18T10:50:35.242Z</Time><DistanceMeters>752.1367522080739</DistanceMeters><HeartRateBpm><Value>136</Value></HeartRateBpm><SensorState>Present</SensorState></Trackpoint><Trackpoint><Time>2025-07-18T10:50:36.242Z</Time><DistanceMeters>753.2051283121108</DistanceMeters><HeartRateBpm><Value>134</Value></HeartRateBpm><SensorState>Present</SensorState></Trackpoint><Trackpoint><Time>2025-07-18T10:50:37.242Z</Time><DistanceMeters>754.2735044161477</DistanceMeters><HeartRateBpm><Value>133</Value></HeartRateBpm><SensorState>Present</SensorState></Trackpoint><Trackpoint><Time>2025-07-18T10:50:38.242Z</Time><DistanceMeters>755.3418805201846</DistanceMeters><HeartRateBpm><Value>133</Value></HeartRateBpm><SensorState>Present</SensorState></Trackpoint><Trackpoint><Time>2025-07-18T10:50:39.242Z</Time><DistanceMeters>756.4102566242216</DistanceMeters><HeartRateBpm><Value>132</Value></HeartRateBpm><SensorState>Present</SensorState></Trackpoint><Trackpoint><Time>2025-07-18T10:50:40.242Z</Time><DistanceMeters>757.4786327282585</DistanceMeters><HeartRateBpm><Value>132</Value></HeartRateBpm><SensorState>Present</SensorState></Trackpoint><Trackpoint><Time>2025-07-18T10:50:41.242Z</Time><DistanceMeters>758.5470088322954</DistanceMeters><HeartRateBpm><Value>131</Value></HeartRateBpm><SensorState>Present</SensorState></Trackpoint><Trackpoint><Time>2025-07-18T10:50:42.242Z</Time><DistanceMeters>759.6153849363324</DistanceMeters><HeartRateBpm><Value>131</Value></HeartRateBpm><SensorState>Present</SensorState></Trackpoint><Trackpoint><Time>2025-07-18T10:50:43.242Z</Time><DistanceMeters>760.6837610403693</DistanceMeters><HeartRateBpm><Value>130</Value></HeartRateBpm><SensorState>Present</SensorState></Trackpoint><Trackpoint><Time>2025-07-18T10:50:44.242Z</Time><DistanceMeters>761.7521371444062</DistanceMeters><HeartRateBpm><Value>130</Value></HeartRateBpm><SensorState>Present</SensorState></Trackpoint><Trackpoint><Time>2025-07-18T10:50:45.242Z</Time><DistanceMeters>775.0</DistanceMeters><HeartRateBpm><Value>130</Value></HeartRateBpm><SensorState>Present</SensorState></Trackpoint><Trackpoint><Time>2025-07-18T10:50:46.242Z</Time><DistanceMeters>775.0</DistanceMeters><HeartRateBpm><Value>130</Value></HeartRateBpm><SensorState>Present</SensorState></Trackpoint><Trackpoint><Time>2025-07-18T10:50:47.242Z</Time><DistanceMeters>775.0</DistanceMeters><HeartRateBpm><Value>130</Value></HeartRateBpm><SensorState>Present</SensorState></Trackpoint><Trackpoint><Time>2025-07-18T10:50:48.242Z</Time><DistanceMeters>775.0</DistanceMeters><HeartRateBpm><Value>131</Value></HeartRateBpm><SensorState>Present</SensorState></Trackpoint><Trackpoint><Time>2025-07-18T10:50:49.242Z</Time><DistanceMeters>775.0</DistanceMeters><HeartRateBpm><Value>131</Value></HeartRateBpm><SensorState>Present</SensorState></Trackpoint><Trackpoint><Time>2025-07-18T10:50:50.242Z</Time><DistanceMeters>775.0</DistanceMeters><HeartRateBpm><Value>131</Value></HeartRateBpm><SensorState>Present</SensorState></Trackpoint><Trackpoint><Time>2025-07-18T10:50:51.242Z</Time><DistanceMeters>775.0</DistanceMeters><HeartRateBpm><Value>132</Value></HeartRateBpm><SensorState>Present</SensorState></Trackpoint><Trackpoint><Time>2025-07-18T10:50:52.242Z</Time><DistanceMeters>775.0</DistanceMeters><HeartRateBpm><Value>132</Value></HeartRateBpm><SensorState>Present</SensorState></Trackpoint><Trackpoint><Time>2025-07-18T10:50:53.242Z</Time><DistanceMeters>775.0</DistanceMeters><HeartRateBpm><Value>133</Value></HeartRateBpm><SensorState>Present</SensorState></Trackpoint><Trackpoint><Time>2025-07-18T10:50:54.242Z</Time><DistanceMeters>775.0</DistanceMeters><HeartRateBpm><Value>133</Value></HeartRateBpm><SensorState>Present</SensorState></Trackpoint><Trackpoint><Time>2025-07-18T10:50:55.242Z</Time><DistanceMeters>775.0</DistanceMeters><HeartRateBpm><Value>133</Value></HeartRateBpm><SensorState>Present</SensorState></Trackpoint><Trackpoint><Time>2025-07-18T10:50:56.242Z</Time><DistanceMeters>775.0</DistanceMeters><HeartRateBpm><Value>134</Value></HeartRateBpm><SensorState>Present</SensorState></Trackpoint><Trackpoint><Time>2025-07-18T10:50:57.242Z</Time><DistanceMeters>775.0</DistanceMeters><HeartRateBpm><Value>134</Value></HeartRateBpm><SensorState>Present</SensorState></Trackpoint><Trackpoint><Time>2025-07-18T10:50:58.242Z</Time><DistanceMeters>775.0</DistanceMeters><HeartRateBpm><Value>135</Value></HeartRateBpm><SensorState>Present</SensorState></Trackpoint><Trackpoint><Time>2025-07-18T10:50:59.242Z</Time><DistanceMeters>775.0</DistanceMeters><HeartRateBpm><Value>135</Value></HeartRateBpm><SensorState>Present</SensorState></Trackpoint><Trackpoint><Time>2025-07-18T10:51:00.242Z</Time><DistanceMeters>775.0</DistanceMeters><HeartRateBpm><Value>135</Value></HeartRateBpm><SensorState>Present</SensorState></Trackpoint><Trackpoint><Time>2025-07-18T10:51:01.242Z</Time><DistanceMeters>775.0</DistanceMeters><HeartRateBpm><Value>135</Value></HeartRateBpm><SensorState>Present</SensorState></Trackpoint><Trackpoint><Time>2025-07-18T10:51:02.242Z</Time><DistanceMeters>775.0</DistanceMeters><HeartRateBpm><Value>135</Value></HeartRateBpm><SensorState>Present</SensorState></Trackpoint><Trackpoint><Time>2025-07-18T10:51:03.242Z</Time><DistanceMeters>775.0</DistanceMeters><HeartRateBpm><Value>135</Value></HeartRateBpm><SensorState>Present</SensorState></Trackpoint><Trackpoint><Time>2025-07-18T10:51:04.242Z</Time><DistanceMeters>775.0</DistanceMeters><HeartRateBpm><Value>135</Value></HeartRateBpm><SensorState>Present</SensorState></Trackpoint><Trackpoint><Time>2025-07-18T10:51:05.242Z</Time><DistanceMeters>775.0</DistanceMeters><HeartRateBpm><Value>135</Value></HeartRateBpm><SensorState>Present</SensorState></Trackpoint><Trackpoint><Time>2025-07-18T10:51:06.242Z</Time><DistanceMeters>776.0683761040369</DistanceMeters><HeartRateBpm><Value>135</Value></HeartRateBpm><SensorState>Present</SensorState></Trackpoint><Trackpoint><Time>2025-07-18T10:51:07.242Z</Time><DistanceMeters>777.1367522080739</DistanceMeters><HeartRateBpm><Value>135</Value></HeartRateBpm><SensorState>Present</SensorState></Trackpoint><Trackpoint><Time>2025-07-18T10:51:08.242Z</Time><DistanceMeters>778.2051283121108</DistanceMeters><HeartRateBpm><Value>135</Value></HeartRateBpm><SensorState>Present</SensorState></Trackpoint><Trackpoint><Time>2025-07-18T10:51:09.242Z</Time><DistanceMeters>779.2735044161477</DistanceMeters><HeartRateBpm><Value>135</Value></HeartRateBpm><SensorState>Present</SensorState></Trackpoint><Trackpoint><Time>2025-07-18T10:51:10.242Z</Time><DistanceMeters>780.3418805201846</DistanceMeters><HeartRateBpm><Value>135</Value></HeartRateBpm><SensorState>Present</SensorState></Trackpoint><Trackpoint><Time>2025-07-18T10:51:11.242Z</Time><DistanceMeters>781.4102566242216</DistanceMeters><HeartRateBpm><Value>135</Value></HeartRateBpm><SensorState>Present</SensorState></Trackpoint><Trackpoint><Time>2025-07-18T10:51:12.242Z</Time><DistanceMeters>782.4786327282585</DistanceMeters><HeartRateBpm><Value>135</Value></HeartRateBpm><SensorState>Present</SensorState></Trackpoint><Trackpoint><Time>2025-07-18T10:51:13.242Z</Time><DistanceMeters>783.5470088322954</DistanceMeters><HeartRateBpm><Value>136</Value></HeartRateBpm><SensorState>Present</SensorState></Trackpoint><Trackpoint><Time>2025-07-18T10:51:14.242Z</Time><DistanceMeters>784.6153849363324</DistanceMeters><HeartRateBpm><Value>136</Value></HeartRateBpm><SensorState>Present</SensorState></Trackpoint><Trackpoint><Time>2025-07-18T10:51:15.242Z</Time><DistanceMeters>785.6837610403693</DistanceMeters><HeartRateBpm><Value>136</Value></HeartRateBpm><SensorState>Present</SensorState></Trackpoint><Trackpoint><Time>2025-07-18T10:51:16.242Z</Time><DistanceMeters>786.7521371444062</DistanceMeters><HeartRateBpm><Value>137</Value></HeartRateBpm><SensorState>Present</SensorState></Trackpoint><Trackpoint><Time>2025-07-18T10:51:17.242Z</Time><DistanceMeters>800.0</DistanceMeters><HeartRateBpm><Value>137</Value></HeartRateBpm><SensorState>Present</SensorState></Trackpoint><Trackpoint><Time>2025-07-18T10:51:18.242Z</Time><DistanceMeters>800.0</DistanceMeters><HeartRateBpm><Value>137</Value></HeartRateBpm><SensorState>Present</SensorState></Trackpoint><Trackpoint><Time>2025-07-18T10:51:19.242Z</Time><DistanceMeters>800.0</DistanceMeters><HeartRateBpm><Value>138</Value></HeartRateBpm><SensorState>Present</SensorState></Trackpoint><Trackpoint><Time>2025-07-18T10:51:20.242Z</Time><DistanceMeters>800.0</DistanceMeters><HeartRateBpm><Value>138</Value></HeartRateBpm><SensorState>Present</SensorState></Trackpoint><Trackpoint><Time>2025-07-18T10:51:21.242Z</Time><DistanceMeters>800.0</DistanceMeters><HeartRateBpm><Value>138</Value></HeartRateBpm><SensorState>Present</SensorState></Trackpoint><Trackpoint><Time>2025-07-18T10:51:22.242Z</Time><DistanceMeters>800.0</DistanceMeters><HeartRateBpm><Value>139</Value></HeartRateBpm><SensorState>Present</SensorState></Trackpoint><Trackpoint><Time>2025-07-18T10:51:23.242Z</Time><DistanceMeters>800.0</DistanceMeters><HeartRateBpm><Value>139</Value></HeartRateBpm><SensorState>Present</SensorState></Trackpoint><Trackpoint><Time>2025-07-18T10:51:24.242Z</Time><DistanceMeters>800.0</DistanceMeters><HeartRateBpm><Value>138</Value></HeartRateBpm><SensorState>Present</SensorState></Trackpoint><Trackpoint><Time>2025-07-18T10:51:25.242Z</Time><DistanceMeters>800.0</DistanceMeters><HeartRateBpm><Value>137</Value></HeartRateBpm><SensorState>Present</SensorState></Trackpoint><Trackpoint><Time>2025-07-18T10:51:26.242Z</Time><DistanceMeters>800.0</DistanceMeters><HeartRateBpm><Value>136</Value></HeartRateBpm><SensorState>Present</SensorState></Trackpoint><Trackpoint><Time>2025-07-18T10:51:27.242Z</Time><DistanceMeters>800.0</DistanceMeters><HeartRateBpm><Value>136</Value></HeartRateBpm><SensorState>Present</SensorState></Trackpoint><Trackpoint><Time>2025-07-18T10:51:28.242Z</Time><DistanceMeters>800.0</DistanceMeters><HeartRateBpm><Value>135</Value></HeartRateBpm><SensorState>Present</SensorState></Trackpoint><Trackpoint><Time>2025-07-18T10:51:29.242Z</Time><DistanceMeters>800.0</DistanceMeters><HeartRateBpm><Value>134</Value></HeartRateBpm><SensorState>Present</SensorState></Trackpoint><Trackpoint><Time>2025-07-18T10:51:30.242Z</Time><DistanceMeters>800.0</DistanceMeters><HeartRateBpm><Value>134</Value></HeartRateBpm><SensorState>Present</SensorState></Trackpoint><Trackpoint><Time>2025-07-18T10:51:31.242Z</Time><DistanceMeters>800.0</DistanceMeters><HeartRateBpm><Value>134</Value></HeartRateBpm><SensorState>Present</SensorState></Trackpoint><Trackpoint><Time>2025-07-18T10:51:32.242Z</Time><DistanceMeters>800.0</DistanceMeters><HeartRateBpm><Value>134</Value></HeartRateBpm><SensorState>Present</SensorState></Trackpoint><Trackpoint><Time>2025-07-18T10:51:33.242Z</Time><DistanceMeters>800.0</DistanceMeters><HeartRateBpm><Value>133</Value></HeartRateBpm><SensorState>Present</SensorState></Trackpoint><Trackpoint><Time>2025-07-18T10:51:34.242Z</Time><DistanceMeters>800.0</DistanceMeters><HeartRateBpm><Value>132</Value></HeartRateBpm><SensorState>Present</SensorState></Trackpoint><Trackpoint><Time>2025-07-18T10:51:35.242Z</Time><DistanceMeters>800.0</DistanceMeters><HeartRateBpm><Value>132</Value></HeartRateBpm><SensorState>Present</SensorState></Trackpoint><Trackpoint><Time>2025-07-18T10:51:36.242Z</Time><DistanceMeters>800.0</DistanceMeters><HeartRateBpm><Value>133</Value></HeartRateBpm><SensorState>Present</SensorState></Trackpoint><Trackpoint><Time>2025-07-18T10:51:37.242Z</Time><DistanceMeters>801.0683761040369</DistanceMeters><HeartRateBpm><Value>133</Value></HeartRateBpm><SensorState>Present</SensorState></Trackpoint><Trackpoint><Time>2025-07-18T10:51:38.242Z</Time><DistanceMeters>802.1367522080739</DistanceMeters><HeartRateBpm><Value>133</Value></HeartRateBpm><SensorState>Present</SensorState></Trackpoint><Trackpoint><Time>2025-07-18T10:51:39.242Z</Time><DistanceMeters>803.2051283121108</DistanceMeters><HeartRateBpm><Value>133</Value></HeartRateBpm><SensorState>Present</SensorState></Trackpoint><Trackpoint><Time>2025-07-18T10:51:40.242Z</Time><DistanceMeters>804.2735044161477</DistanceMeters><HeartRateBpm><Value>133</Value></HeartRateBpm><SensorState>Present</SensorState></Trackpoint><Trackpoint><Time>2025-07-18T10:51:41.242Z</Time><DistanceMeters>805.3418805201846</DistanceMeters><HeartRateBpm><Value>133</Value></HeartRateBpm><SensorState>Present</SensorState></Trackpoint><Trackpoint><Time>2025-07-18T10:51:42.242Z</Time><DistanceMeters>806.4102566242216</DistanceMeters><HeartRateBpm><Value>134</Value></HeartRateBpm><SensorState>Present</SensorState></Trackpoint><Trackpoint><Time>2025-07-18T10:51:43.242Z</Time><DistanceMeters>807.4786327282585</DistanceMeters><HeartRateBpm><Value>133</Value></HeartRateBpm><SensorState>Present</SensorState></Trackpoint><Trackpoint><Time>2025-07-18T10:51:44.242Z</Time><DistanceMeters>808.5470088322954</DistanceMeters><HeartRateBpm><Value>133</Value></HeartRateBpm><SensorState>Present</SensorState></Trackpoint><Trackpoint><Time>2025-07-18T10:51:45.242Z</Time><DistanceMeters>809.6153849363324</DistanceMeters><HeartRateBpm><Value>133</Value></HeartRateBpm><SensorState>Present</SensorState></Trackpoint><Trackpoint><Time>2025-07-18T10:51:46.242Z</Time><DistanceMeters>810.6837610403693</DistanceMeters><HeartRateBpm><Value>133</Value></HeartRateBpm><SensorState>Present</SensorState></Trackpoint><Trackpoint><Time>2025-07-18T10:51:47.242Z</Time><DistanceMeters>811.7521371444062</DistanceMeters><HeartRateBpm><Value>133</Value></HeartRateBpm><SensorState>Present</SensorState></Trackpoint><Trackpoint><Time>2025-07-18T10:51:48.242Z</Time><DistanceMeters>825.0</DistanceMeters><HeartRateBpm><Value>133</Value></HeartRateBpm><SensorState>Present</SensorState></Trackpoint><Trackpoint><Time>2025-07-18T10:51:49.242Z</Time><DistanceMeters>825.0</DistanceMeters><HeartRateBpm><Value>133</Value></HeartRateBpm><SensorState>Present</SensorState></Trackpoint><Trackpoint><Time>2025-07-18T10:51:50.242Z</Time><DistanceMeters>825.0</DistanceMeters><HeartRateBpm><Value>133</Value></HeartRateBpm><SensorState>Present</SensorState></Trackpoint><Trackpoint><Time>2025-07-18T10:51:51.242Z</Time><DistanceMeters>825.0</DistanceMeters><HeartRateBpm><Value>133</Value></HeartRateBpm><SensorState>Present</SensorState></Trackpoint><Trackpoint><Time>2025-07-18T10:51:52.242Z</Time><DistanceMeters>825.0</DistanceMeters><HeartRateBpm><Value>133</Value></HeartRateBpm><SensorState>Present</SensorState></Trackpoint><Trackpoint><Time>2025-07-18T10:51:53.242Z</Time><DistanceMeters>825.0</DistanceMeters><HeartRateBpm><Value>133</Value></HeartRateBpm><SensorState>Present</SensorState></Trackpoint><Trackpoint><Time>2025-07-18T10:51:54.242Z</Time><DistanceMeters>825.0</DistanceMeters><HeartRateBpm><Value>133</Value></HeartRateBpm><SensorState>Present</SensorState></Trackpoint><Trackpoint><Time>2025-07-18T10:51:55.242Z</Time><DistanceMeters>825.0</DistanceMeters><HeartRateBpm><Value>132</Value></HeartRateBpm><SensorState>Present</SensorState></Trackpoint><Trackpoint><Time>2025-07-18T10:51:56.242Z</Time><DistanceMeters>825.0</DistanceMeters><HeartRateBpm><Value>131</Value></HeartRateBpm><SensorState>Present</SensorState></Trackpoint><Trackpoint><Time>2025-07-18T10:51:57.242Z</Time><DistanceMeters>825.0</DistanceMeters><HeartRateBpm><Value>130</Value></HeartRateBpm><SensorState>Present</SensorState></Trackpoint><Trackpoint><Time>2025-07-18T10:51:58.242Z</Time><DistanceMeters>825.0</DistanceMeters><HeartRateBpm><Value>129</Value></HeartRateBpm><SensorState>Present</SensorState></Trackpoint><Trackpoint><Time>2025-07-18T10:51:59.242Z</Time><DistanceMeters>825.0</DistanceMeters><HeartRateBpm><Value>128</Value></HeartRateBpm><SensorState>Present</SensorState></Trackpoint><Trackpoint><Time>2025-07-18T10:52:00.242Z</Time><DistanceMeters>825.0</DistanceMeters><HeartRateBpm><Value>127</Value></HeartRateBpm><SensorState>Present</SensorState></Trackpoint><Trackpoint><Time>2025-07-18T10:52:01.242Z</Time><DistanceMeters>825.0</DistanceMeters><HeartRateBpm><Value>127</Value></HeartRateBpm><SensorState>Present</SensorState></Trackpoint><Trackpoint><Time>2025-07-18T10:52:02.242Z</Time><DistanceMeters>825.0</DistanceMeters><HeartRateBpm><Value>127</Value></HeartRateBpm><SensorState>Present</SensorState></Trackpoint><Trackpoint><Time>2025-07-18T10:52:03.242Z</Time><DistanceMeters>825.0</DistanceMeters><HeartRateBpm><Value>128</Value></HeartRateBpm><SensorState>Present</SensorState></Trackpoint><Trackpoint><Time>2025-07-18T10:52:04.242Z</Time><DistanceMeters>825.0</DistanceMeters><HeartRateBpm><Value>129</Value></HeartRateBpm><SensorState>Present</SensorState></Trackpoint><Trackpoint><Time>2025-07-18T10:52:05.242Z</Time><DistanceMeters>825.0</DistanceMeters><HeartRateBpm><Value>129</Value></HeartRateBpm><SensorState>Present</SensorState></Trackpoint><Trackpoint><Time>2025-07-18T10:52:06.242Z</Time><DistanceMeters>825.0</DistanceMeters><HeartRateBpm><Value>130</Value></HeartRateBpm><SensorState>Present</SensorState></Trackpoint><Trackpoint><Time>2025-07-18T10:52:07.242Z</Time><DistanceMeters>826.0683761040369</DistanceMeters><HeartRateBpm><Value>130</Value></HeartRateBpm><SensorState>Present</SensorState></Trackpoint><Trackpoint><Time>2025-07-18T10:52:08.242Z</Time><DistanceMeters>827.1367522080739</DistanceMeters><HeartRateBpm><Value>130</Value></HeartRateBpm><SensorState>Present</SensorState></Trackpoint><Trackpoint><Time>2025-07-18T10:52:09.242Z</Time><DistanceMeters>828.2051283121108</DistanceMeters><HeartRateBpm><Value>131</Value></HeartRateBpm><SensorState>Present</SensorState></Trackpoint><Trackpoint><Time>2025-07-18T10:52:10.242Z</Time><DistanceMeters>829.2735044161477</DistanceMeters><HeartRateBpm><Value>131</Value></HeartRateBpm><SensorState>Present</SensorState></Trackpoint><Trackpoint><Time>2025-07-18T10:52:11.242Z</Time><DistanceMeters>830.3418805201846</DistanceMeters><HeartRateBpm><Value>131</Value></HeartRateBpm><SensorState>Present</SensorState></Trackpoint><Trackpoint><Time>2025-07-18T10:52:12.242Z</Time><DistanceMeters>831.4102566242216</DistanceMeters><HeartRateBpm><Value>131</Value></HeartRateBpm><SensorState>Present</SensorState></Trackpoint><Trackpoint><Time>2025-07-18T10:52:13.242Z</Time><DistanceMeters>832.4786327282585</DistanceMeters><HeartRateBpm><Value>131</Value></HeartRateBpm><SensorState>Present</SensorState></Trackpoint><Trackpoint><Time>2025-07-18T10:52:14.242Z</Time><DistanceMeters>833.5470088322954</DistanceMeters><HeartRateBpm><Value>131</Value></HeartRateBpm><SensorState>Present</SensorState></Trackpoint><Trackpoint><Time>2025-07-18T10:52:15.242Z</Time><DistanceMeters>834.6153849363324</DistanceMeters><HeartRateBpm><Value>131</Value></HeartRateBpm><SensorState>Present</SensorState></Trackpoint><Trackpoint><Time>2025-07-18T10:52:16.242Z</Time><DistanceMeters>835.6837610403693</DistanceMeters><HeartRateBpm><Value>131</Value></HeartRateBpm><SensorState>Present</SensorState></Trackpoint><Trackpoint><Time>2025-07-18T10:52:17.242Z</Time><DistanceMeters>836.7521371444062</DistanceMeters><HeartRateBpm><Value>130</Value></HeartRateBpm><SensorState>Present</SensorState></Trackpoint><Trackpoint><Time>2025-07-18T10:52:18.242Z</Time><DistanceMeters>850.0</DistanceMeters><HeartRateBpm><Value>131</Value></HeartRateBpm><SensorState>Present</SensorState></Trackpoint><Trackpoint><Time>2025-07-18T10:52:19.242Z</Time><DistanceMeters>850.0</DistanceMeters><HeartRateBpm><Value>131</Value></HeartRateBpm><SensorState>Present</SensorState></Trackpoint><Trackpoint><Time>2025-07-18T10:52:20.242Z</Time><DistanceMeters>850.0</DistanceMeters><HeartRateBpm><Value>131</Value></HeartRateBpm><SensorState>Present</SensorState></Trackpoint><Trackpoint><Time>2025-07-18T10:52:21.242Z</Time><DistanceMeters>850.0</DistanceMeters><HeartRateBpm><Value>131</Value></HeartRateBpm><SensorState>Present</SensorState></Trackpoint><Trackpoint><Time>2025-07-18T10:52:22.242Z</Time><DistanceMeters>850.0</DistanceMeters><HeartRateBpm><Value>130</Value></HeartRateBpm><SensorState>Present</SensorState></Trackpoint><Trackpoint><Time>2025-07-18T10:52:23.242Z</Time><DistanceMeters>850.0</DistanceMeters><HeartRateBpm><Value>130</Value></HeartRateBpm><SensorState>Present</SensorState></Trackpoint><Trackpoint><Time>2025-07-18T10:52:24.242Z</Time><DistanceMeters>850.0</DistanceMeters><HeartRateBpm><Value>130</Value></HeartRateBpm><SensorState>Present</SensorState></Trackpoint><Trackpoint><Time>2025-07-18T10:52:25.242Z</Time><DistanceMeters>850.0</DistanceMeters><HeartRateBpm><Value>131</Value></HeartRateBpm><SensorState>Present</SensorState></Trackpoint><Trackpoint><Time>2025-07-18T10:52:26.242Z</Time><DistanceMeters>850.0</DistanceMeters><HeartRateBpm><Value>131</Value></HeartRateBpm><SensorState>Present</SensorState></Trackpoint><Trackpoint><Time>2025-07-18T10:52:27.242Z</Time><DistanceMeters>850.0</DistanceMeters><HeartRateBpm><Value>131</Value></HeartRateBpm><SensorState>Present</SensorState></Trackpoint><Trackpoint><Time>2025-07-18T10:52:28.242Z</Time><DistanceMeters>850.0</DistanceMeters><HeartRateBpm><Value>131</Value></HeartRateBpm><SensorState>Present</SensorState></Trackpoint><Trackpoint><Time>2025-07-18T10:52:29.242Z</Time><DistanceMeters>850.0</DistanceMeters><HeartRateBpm><Value>131</Value></HeartRateBpm><SensorState>Present</SensorState></Trackpoint><Trackpoint><Time>2025-07-18T10:52:30.242Z</Time><DistanceMeters>850.0</DistanceMeters><HeartRateBpm><Value>131</Value></HeartRateBpm><SensorState>Present</SensorState></Trackpoint><Trackpoint><Time>2025-07-18T10:52:31.242Z</Time><DistanceMeters>850.0</DistanceMeters><HeartRateBpm><Value>132</Value></HeartRateBpm><SensorState>Present</SensorState></Trackpoint><Trackpoint><Time>2025-07-18T10:52:32.242Z</Time><DistanceMeters>850.0</DistanceMeters><HeartRateBpm><Value>132</Value></HeartRateBpm><SensorState>Present</SensorState></Trackpoint><Trackpoint><Time>2025-07-18T10:52:33.242Z</Time><DistanceMeters>850.0</DistanceMeters><HeartRateBpm><Value>132</Value></HeartRateBpm><SensorState>Present</SensorState></Trackpoint><Trackpoint><Time>2025-07-18T10:52:34.242Z</Time><DistanceMeters>850.0</DistanceMeters><HeartRateBpm><Value>132</Value></HeartRateBpm><SensorState>Present</SensorState></Trackpoint><Trackpoint><Time>2025-07-18T10:52:35.242Z</Time><DistanceMeters>850.0</DistanceMeters><HeartRateBpm><Value>132</Value></HeartRateBpm><SensorState>Present</SensorState></Trackpoint><Trackpoint><Time>2025-07-18T10:52:36.242Z</Time><DistanceMeters>850.0</DistanceMeters><HeartRateBpm><Value>132</Value></HeartRateBpm><SensorState>Present</SensorState></Trackpoint><Trackpoint><Time>2025-07-18T10:52:37.242Z</Time><DistanceMeters>850.0</DistanceMeters><HeartRateBpm><Value>132</Value></HeartRateBpm><SensorState>Present</SensorState></Trackpoint><Trackpoint><Time>2025-07-18T10:52:38.242Z</Time><DistanceMeters>851.0683761040369</DistanceMeters><HeartRateBpm><Value>133</Value></HeartRateBpm><SensorState>Present</SensorState></Trackpoint><Trackpoint><Time>2025-07-18T10:52:39.242Z</Time><DistanceMeters>852.1367522080739</DistanceMeters><HeartRateBpm><Value>134</Value></HeartRateBpm><SensorState>Present</SensorState></Trackpoint><Trackpoint><Time>2025-07-18T10:52:40.242Z</Time><DistanceMeters>853.2051283121108</DistanceMeters><HeartRateBpm><Value>136</Value></HeartRateBpm><SensorState>Present</SensorState></Trackpoint><Trackpoint><Time>2025-07-18T10:52:41.242Z</Time><DistanceMeters>854.2735044161477</DistanceMeters><HeartRateBpm><Value>137</Value></HeartRateBpm><SensorState>Present</SensorState></Trackpoint><Trackpoint><Time>2025-07-18T10:52:42.242Z</Time><DistanceMeters>855.3418805201846</DistanceMeters><HeartRateBpm><Value>138</Value></HeartRateBpm><SensorState>Present</SensorState></Trackpoint><Trackpoint><Time>2025-07-18T10:52:43.242Z</Time><DistanceMeters>856.4102566242216</DistanceMeters><HeartRateBpm><Value>139</Value></HeartRateBpm><SensorState>Present</SensorState></Trackpoint><Trackpoint><Time>2025-07-18T10:52:44.242Z</Time><DistanceMeters>857.4786327282585</DistanceMeters><HeartRateBpm><Value>141</Value></HeartRateBpm><SensorState>Present</SensorState></Trackpoint><Trackpoint><Time>2025-07-18T10:52:45.242Z</Time><DistanceMeters>858.5470088322954</DistanceMeters><HeartRateBpm><Value>140</Value></HeartRateBpm><SensorState>Present</SensorState></Trackpoint><Trackpoint><Time>2025-07-18T10:52:46.242Z</Time><DistanceMeters>859.6153849363324</DistanceMeters><HeartRateBpm><Value>140</Value></HeartRateBpm><SensorState>Present</SensorState></Trackpoint><Trackpoint><Time>2025-07-18T10:52:47.242Z</Time><DistanceMeters>860.6837610403693</DistanceMeters><HeartRateBpm><Value>139</Value></HeartRateBpm><SensorState>Present</SensorState></Trackpoint><Trackpoint><Time>2025-07-18T10:52:48.242Z</Time><DistanceMeters>861.7521371444062</DistanceMeters><HeartRateBpm><Value>138</Value></HeartRateBpm><SensorState>Present</SensorState></Trackpoint><Trackpoint><Time>2025-07-18T10:52:49.242Z</Time><DistanceMeters>875.0</DistanceMeters><HeartRateBpm><Value>138</Value></HeartRateBpm><SensorState>Present</SensorState></Trackpoint><Trackpoint><Time>2025-07-18T10:52:50.242Z</Time><DistanceMeters>875.0</DistanceMeters><HeartRateBpm><Value>138</Value></HeartRateBpm><SensorState>Present</SensorState></Trackpoint><Trackpoint><Time>2025-07-18T10:52:51.242Z</Time><DistanceMeters>875.0</DistanceMeters><HeartRateBpm><Value>138</Value></HeartRateBpm><SensorState>Present</SensorState></Trackpoint><Trackpoint><Time>2025-07-18T10:52:52.242Z</Time><DistanceMeters>875.0</DistanceMeters><HeartRateBpm><Value>138</Value></HeartRateBpm><SensorState>Present</SensorState></Trackpoint><Trackpoint><Time>2025-07-18T10:52:53.242Z</Time><DistanceMeters>875.0</DistanceMeters><HeartRateBpm><Value>138</Value></HeartRateBpm><SensorState>Present</SensorState></Trackpoint><Trackpoint><Time>2025-07-18T10:52:54.242Z</Time><DistanceMeters>875.0</DistanceMeters><HeartRateBpm><Value>138</Value></HeartRateBpm><SensorState>Present</SensorState></Trackpoint><Trackpoint><Time>2025-07-18T10:52:55.242Z</Time><DistanceMeters>875.0</DistanceMeters><HeartRateBpm><Value>138</Value></HeartRateBpm><SensorState>Present</SensorState></Trackpoint><Trackpoint><Time>2025-07-18T10:52:56.242Z</Time><DistanceMeters>875.0</DistanceMeters><HeartRateBpm><Value>139</Value></HeartRateBpm><SensorState>Present</SensorState></Trackpoint><Trackpoint><Time>2025-07-18T10:52:57.242Z</Time><DistanceMeters>875.0</DistanceMeters><HeartRateBpm><Value>139</Value></HeartRateBpm><SensorState>Present</SensorState></Trackpoint><Trackpoint><Time>2025-07-18T10:52:58.242Z</Time><DistanceMeters>875.0</DistanceMeters><HeartRateBpm><Value>139</Value></HeartRateBpm><SensorState>Present</SensorState></Trackpoint><Trackpoint><Time>2025-07-18T10:52:59.242Z</Time><DistanceMeters>875.0</DistanceMeters><HeartRateBpm><Value>139</Value></HeartRateBpm><SensorState>Present</SensorState></Trackpoint><Trackpoint><Time>2025-07-18T10:53:00.242Z</Time><DistanceMeters>875.0</DistanceMeters><HeartRateBpm><Value>138</Value></HeartRateBpm><SensorState>Present</SensorState></Trackpoint><Trackpoint><Time>2025-07-18T10:53:01.242Z</Time><DistanceMeters>875.0</DistanceMeters><HeartRateBpm><Value>137</Value></HeartRateBpm><SensorState>Present</SensorState></Trackpoint><Trackpoint><Time>2025-07-18T10:53:02.242Z</Time><DistanceMeters>875.0</DistanceMeters><HeartRateBpm><Value>136</Value></HeartRateBpm><SensorState>Present</SensorState></Trackpoint><Trackpoint><Time>2025-07-18T10:53:03.242Z</Time><DistanceMeters>875.0</DistanceMeters><HeartRateBpm><Value>136</Value></HeartRateBpm><SensorState>Present</SensorState></Trackpoint><Trackpoint><Time>2025-07-18T10:53:04.242Z</Time><DistanceMeters>875.0</DistanceMeters><HeartRateBpm><Value>136</Value></HeartRateBpm><SensorState>Present</SensorState></Trackpoint><Trackpoint><Time>2025-07-18T10:53:05.242Z</Time><DistanceMeters>875.0</DistanceMeters><HeartRateBpm><Value>135</Value></HeartRateBpm><SensorState>Present</SensorState></Trackpoint><Trackpoint><Time>2025-07-18T10:53:06.242Z</Time><DistanceMeters>875.0</DistanceMeters><HeartRateBpm><Value>134</Value></HeartRateBpm><SensorState>Present</SensorState></Trackpoint><Trackpoint><Time>2025-07-18T10:53:07.242Z</Time><DistanceMeters>875.0</DistanceMeters><HeartRateBpm><Value>133</Value></HeartRateBpm><SensorState>Present</SensorState></Trackpoint><Trackpoint><Time>2025-07-18T10:53:08.242Z</Time><DistanceMeters>876.0683761040369</DistanceMeters><HeartRateBpm><Value>132</Value></HeartRateBpm><SensorState>Present</SensorState></Trackpoint><Trackpoint><Time>2025-07-18T10:53:09.242Z</Time><DistanceMeters>877.1367522080739</DistanceMeters><HeartRateBpm><Value>132</Value></HeartRateBpm><SensorState>Present</SensorState></Trackpoint><Trackpoint><Time>2025-07-18T10:53:10.242Z</Time><DistanceMeters>878.2051283121108</DistanceMeters><HeartRateBpm><Value>132</Value></HeartRateBpm><SensorState>Present</SensorState></Trackpoint><Trackpoint><Time>2025-07-18T10:53:11.242Z</Time><DistanceMeters>879.2735044161477</DistanceMeters><HeartRateBpm><Value>132</Value></HeartRateBpm><SensorState>Present</SensorState></Trackpoint><Trackpoint><Time>2025-07-18T10:53:12.242Z</Time><DistanceMeters>880.3418805201846</DistanceMeters><HeartRateBpm><Value>131</Value></HeartRateBpm><SensorState>Present</SensorState></Trackpoint><Trackpoint><Time>2025-07-18T10:53:13.242Z</Time><DistanceMeters>881.4102566242216</DistanceMeters><HeartRateBpm><Value>131</Value></HeartRateBpm><SensorState>Present</SensorState></Trackpoint><Trackpoint><Time>2025-07-18T10:53:14.242Z</Time><DistanceMeters>882.4786327282585</DistanceMeters><HeartRateBpm><Value>131</Value></HeartRateBpm><SensorState>Present</SensorState></Trackpoint><Trackpoint><Time>2025-07-18T10:53:15.242Z</Time><DistanceMeters>883.5470088322954</DistanceMeters><HeartRateBpm><Value>130</Value></HeartRateBpm><SensorState>Present</SensorState></Trackpoint><Trackpoint><Time>2025-07-18T10:53:16.242Z</Time><DistanceMeters>884.6153849363324</DistanceMeters><HeartRateBpm><Value>129</Value></HeartRateBpm><SensorState>Present</SensorState></Trackpoint><Trackpoint><Time>2025-07-18T10:53:17.242Z</Time><DistanceMeters>885.6837610403693</DistanceMeters><HeartRateBpm><Value>129</Value></HeartRateBpm><SensorState>Present</SensorState></Trackpoint><Trackpoint><Time>2025-07-18T10:53:18.242Z</Time><DistanceMeters>886.7521371444062</DistanceMeters><HeartRateBpm><Value>128</Value></HeartRateBpm><SensorState>Present</SensorState></Trackpoint><Trackpoint><Time>2025-07-18T10:53:19.242Z</Time><DistanceMeters>900.0</DistanceMeters><HeartRateBpm><Value>128</Value></HeartRateBpm><SensorState>Present</SensorState></Trackpoint><Trackpoint><Time>2025-07-18T10:53:20.242Z</Time><DistanceMeters>900.0</DistanceMeters><HeartRateBpm><Value>129</Value></HeartRateBpm><SensorState>Present</SensorState></Trackpoint><Trackpoint><Time>2025-07-18T10:53:21.242Z</Time><DistanceMeters>900.0</DistanceMeters><HeartRateBpm><Value>130</Value></HeartRateBpm><SensorState>Present</SensorState></Trackpoint><Trackpoint><Time>2025-07-18T10:53:22.242Z</Time><DistanceMeters>900.0</DistanceMeters><HeartRateBpm><Value>130</Value></HeartRateBpm><SensorState>Present</SensorState></Trackpoint><Trackpoint><Time>2025-07-18T10:53:23.242Z</Time><DistanceMeters>900.0</DistanceMeters><HeartRateBpm><Value>131</Value></HeartRateBpm><SensorState>Present</SensorState></Trackpoint><Trackpoint><Time>2025-07-18T10:53:24.242Z</Time><DistanceMeters>900.0</DistanceMeters><HeartRateBpm><Value>131</Value></HeartRateBpm><SensorState>Present</SensorState></Trackpoint><Trackpoint><Time>2025-07-18T10:53:25.242Z</Time><DistanceMeters>900.0</DistanceMeters><HeartRateBpm><Value>130</Value></HeartRateBpm><SensorState>Present</SensorState></Trackpoint><Trackpoint><Time>2025-07-18T10:53:26.242Z</Time><DistanceMeters>900.0</DistanceMeters><HeartRateBpm><Value>130</Value></HeartRateBpm><SensorState>Present</SensorState></Trackpoint><Trackpoint><Time>2025-07-18T10:53:27.242Z</Time><DistanceMeters>900.0</DistanceMeters><HeartRateBpm><Value>130</Value></HeartRateBpm><SensorState>Present</SensorState></Trackpoint><Trackpoint><Time>2025-07-18T10:53:28.242Z</Time><DistanceMeters>900.0</DistanceMeters><HeartRateBpm><Value>131</Value></HeartRateBpm><SensorState>Present</SensorState></Trackpoint><Trackpoint><Time>2025-07-18T10:53:29.242Z</Time><DistanceMeters>900.0</DistanceMeters><HeartRateBpm><Value>131</Value></HeartRateBpm><SensorState>Present</SensorState></Trackpoint><Trackpoint><Time>2025-07-18T10:53:30.242Z</Time><DistanceMeters>900.0</DistanceMeters><HeartRateBpm><Value>130</Value></HeartRateBpm><SensorState>Present</SensorState></Trackpoint><Trackpoint><Time>2025-07-18T10:53:31.242Z</Time><DistanceMeters>900.0</DistanceMeters><HeartRateBpm><Value>129</Value></HeartRateBpm><SensorState>Present</SensorState></Trackpoint><Trackpoint><Time>2025-07-18T10:53:32.242Z</Time><DistanceMeters>900.0</DistanceMeters><HeartRateBpm><Value>129</Value></HeartRateBpm><SensorState>Present</SensorState></Trackpoint><Trackpoint><Time>2025-07-18T10:53:33.242Z</Time><DistanceMeters>900.0</DistanceMeters><HeartRateBpm><Value>128</Value></HeartRateBpm><SensorState>Present</SensorState></Trackpoint><Trackpoint><Time>2025-07-18T10:53:34.242Z</Time><DistanceMeters>900.0</DistanceMeters><HeartRateBpm><Value>127</Value></HeartRateBpm><SensorState>Present</SensorState></Trackpoint><Trackpoint><Time>2025-07-18T10:53:35.242Z</Time><DistanceMeters>900.0</DistanceMeters><HeartRateBpm><Value>127</Value></HeartRateBpm><SensorState>Present</SensorState></Trackpoint><Trackpoint><Time>2025-07-18T10:53:36.242Z</Time><DistanceMeters>900.0</DistanceMeters><HeartRateBpm><Value>128</Value></HeartRateBpm><SensorState>Present</SensorState></Trackpoint><Trackpoint><Time>2025-07-18T10:53:37.242Z</Time><DistanceMeters>900.0</DistanceMeters><HeartRateBpm><Value>129</Value></HeartRateBpm><SensorState>Present</SensorState></Trackpoint><Trackpoint><Time>2025-07-18T10:53:38.242Z</Time><DistanceMeters>900.0</DistanceMeters><HeartRateBpm><Value>129</Value></HeartRateBpm><SensorState>Present</SensorState></Trackpoint><Trackpoint><Time>2025-07-18T10:53:39.242Z</Time><DistanceMeters>900.0</DistanceMeters><HeartRateBpm><Value>130</Value></HeartRateBpm><SensorState>Present</SensorState></Trackpoint><Trackpoint><Time>2025-07-18T10:53:40.242Z</Time><DistanceMeters>900.0</DistanceMeters><HeartRateBpm><Value>130</Value></HeartRateBpm><SensorState>Present</SensorState></Trackpoint><Trackpoint><Time>2025-07-18T10:53:41.242Z</Time><DistanceMeters>900.0</DistanceMeters><HeartRateBpm><Value>130</Value></HeartRateBpm><SensorState>Present</SensorState></Trackpoint><Trackpoint><Time>2025-07-18T10:53:42.242Z</Time><DistanceMeters>900.0</DistanceMeters><HeartRateBpm><Value>131</Value></HeartRateBpm><SensorState>Present</SensorState></Trackpoint><Trackpoint><Time>2025-07-18T10:53:43.242Z</Time><DistanceMeters>900.0</DistanceMeters><HeartRateBpm><Value>131</Value></HeartRateBpm><SensorState>Present</SensorState></Trackpoint><Trackpoint><Time>2025-07-18T10:53:44.242Z</Time><DistanceMeters>900.0</DistanceMeters><HeartRateBpm><Value>131</Value></HeartRateBpm><SensorState>Present</SensorState></Trackpoint><Trackpoint><Time>2025-07-18T10:53:45.242Z</Time><DistanceMeters>900.0</DistanceMeters><HeartRateBpm><Value>131</Value></HeartRateBpm><SensorState>Present</SensorState></Trackpoint><Trackpoint><Time>2025-07-18T10:53:46.242Z</Time><DistanceMeters>900.0</DistanceMeters><HeartRateBpm><Value>131</Value></HeartRateBpm><SensorState>Present</SensorState></Trackpoint><Trackpoint><Time>2025-07-18T10:53:47.242Z</Time><DistanceMeters>900.0</DistanceMeters><HeartRateBpm><Value>131</Value></HeartRateBpm><SensorState>Present</SensorState></Trackpoint><Trackpoint><Time>2025-07-18T10:53:48.242Z</Time><DistanceMeters>900.0</DistanceMeters><HeartRateBpm><Value>131</Value></HeartRateBpm><SensorState>Present</SensorState></Trackpoint><Trackpoint><Time>2025-07-18T10:53:49.242Z</Time><DistanceMeters>901.0683761040369</DistanceMeters><HeartRateBpm><Value>131</Value></HeartRateBpm><SensorState>Present</SensorState></Trackpoint><Trackpoint><Time>2025-07-18T10:53:50.242Z</Time><DistanceMeters>902.1367522080739</DistanceMeters><HeartRateBpm><Value>131</Value></HeartRateBpm><SensorState>Present</SensorState></Trackpoint><Trackpoint><Time>2025-07-18T10:53:51.242Z</Time><DistanceMeters>903.2051283121108</DistanceMeters><HeartRateBpm><Value>131</Value></HeartRateBpm><SensorState>Present</SensorState></Trackpoint><Trackpoint><Time>2025-07-18T10:53:52.242Z</Time><DistanceMeters>904.2735044161477</DistanceMeters><HeartRateBpm><Value>131</Value></HeartRateBpm><SensorState>Present</SensorState></Trackpoint><Trackpoint><Time>2025-07-18T10:53:53.242Z</Time><DistanceMeters>905.3418805201846</DistanceMeters><HeartRateBpm><Value>132</Value></HeartRateBpm><SensorState>Present</SensorState></Trackpoint><Trackpoint><Time>2025-07-18T10:53:54.242Z</Time><DistanceMeters>906.4102566242216</DistanceMeters><HeartRateBpm><Value>132</Value></HeartRateBpm><SensorState>Present</SensorState></Trackpoint><Trackpoint><Time>2025-07-18T10:53:55.242Z</Time><DistanceMeters>907.4786327282585</DistanceMeters><HeartRateBpm><Value>133</Value></HeartRateBpm><SensorState>Present</SensorState></Trackpoint><Trackpoint><Time>2025-07-18T10:53:56.242Z</Time><DistanceMeters>908.5470088322954</DistanceMeters><HeartRateBpm><Value>134</Value></HeartRateBpm><SensorState>Present</SensorState></Trackpoint><Trackpoint><Time>2025-07-18T10:53:57.242Z</Time><DistanceMeters>909.6153849363324</DistanceMeters><HeartRateBpm><Value>134</Value></HeartRateBpm><SensorState>Present</SensorState></Trackpoint><Trackpoint><Time>2025-07-18T10:53:58.242Z</Time><DistanceMeters>910.6837610403693</DistanceMeters><HeartRateBpm><Value>135</Value></HeartRateBpm><SensorState>Present</SensorState></Trackpoint><Trackpoint><Time>2025-07-18T10:53:59.242Z</Time><DistanceMeters>911.7521371444062</DistanceMeters><HeartRateBpm><Value>135</Value></HeartRateBpm><SensorState>Present</SensorState></Trackpoint><Trackpoint><Time>2025-07-18T10:54:00.242Z</Time><DistanceMeters>925.0</DistanceMeters><HeartRateBpm><Value>136</Value></HeartRateBpm><SensorState>Present</SensorState></Trackpoint><Trackpoint><Time>2025-07-18T10:54:01.242Z</Time><DistanceMeters>925.0</DistanceMeters><HeartRateBpm><Value>136</Value></HeartRateBpm><SensorState>Present</SensorState></Trackpoint><Trackpoint><Time>2025-07-18T10:54:02.242Z</Time><DistanceMeters>925.0</DistanceMeters><HeartRateBpm><Value>136</Value></HeartRateBpm><SensorState>Present</SensorState></Trackpoint><Trackpoint><Time>2025-07-18T10:54:03.242Z</Time><DistanceMeters>925.0</DistanceMeters><HeartRateBpm><Value>136</Value></HeartRateBpm><SensorState>Present</SensorState></Trackpoint><Trackpoint><Time>2025-07-18T10:54:04.242Z</Time><DistanceMeters>925.0</DistanceMeters><HeartRateBpm><Value>137</Value></HeartRateBpm><SensorState>Present</SensorState></Trackpoint><Trackpoint><Time>2025-07-18T10:54:05.242Z</Time><DistanceMeters>925.0</DistanceMeters><HeartRateBpm><Value>137</Value></HeartRateBpm><SensorState>Present</SensorState></Trackpoint><Trackpoint><Time>2025-07-18T10:54:06.242Z</Time><DistanceMeters>925.0</DistanceMeters><HeartRateBpm><Value>137</Value></HeartRateBpm><SensorState>Present</SensorState></Trackpoint><Trackpoint><Time>2025-07-18T10:54:07.242Z</Time><DistanceMeters>925.0</DistanceMeters><HeartRateBpm><Value>136</Value></HeartRateBpm><SensorState>Present</SensorState></Trackpoint><Trackpoint><Time>2025-07-18T10:54:08.242Z</Time><DistanceMeters>925.0</DistanceMeters><HeartRateBpm><Value>136</Value></HeartRateBpm><SensorState>Present</SensorState></Trackpoint><Trackpoint><Time>2025-07-18T10:54:09.242Z</Time><DistanceMeters>925.0</DistanceMeters><HeartRateBpm><Value>135</Value></HeartRateBpm><SensorState>Present</SensorState></Trackpoint><Trackpoint><Time>2025-07-18T10:54:10.242Z</Time><DistanceMeters>925.0</DistanceMeters><HeartRateBpm><Value>134</Value></HeartRateBpm><SensorState>Present</SensorState></Trackpoint><Trackpoint><Time>2025-07-18T10:54:11.242Z</Time><DistanceMeters>925.0</DistanceMeters><HeartRateBpm><Value>134</Value></HeartRateBpm><SensorState>Present</SensorState></Trackpoint><Trackpoint><Time>2025-07-18T10:54:12.242Z</Time><DistanceMeters>925.0</DistanceMeters><HeartRateBpm><Value>133</Value></HeartRateBpm><SensorState>Present</SensorState></Trackpoint><Trackpoint><Time>2025-07-18T10:54:13.242Z</Time><DistanceMeters>925.0</DistanceMeters><HeartRateBpm><Value>133</Value></HeartRateBpm><SensorState>Present</SensorState></Trackpoint><Trackpoint><Time>2025-07-18T10:54:14.242Z</Time><DistanceMeters>925.0</DistanceMeters><HeartRateBpm><Value>133</Value></HeartRateBpm><SensorState>Present</SensorState></Trackpoint><Trackpoint><Time>2025-07-18T10:54:15.242Z</Time><DistanceMeters>925.0</DistanceMeters><HeartRateBpm><Value>132</Value></HeartRateBpm><SensorState>Present</SensorState></Trackpoint><Trackpoint><Time>2025-07-18T10:54:16.242Z</Time><DistanceMeters>925.0</DistanceMeters><HeartRateBpm><Value>132</Value></HeartRateBpm><SensorState>Present</SensorState></Trackpoint><Trackpoint><Time>2025-07-18T10:54:17.242Z</Time><DistanceMeters>925.0</DistanceMeters><HeartRateBpm><Value>132</Value></HeartRateBpm><SensorState>Present</SensorState></Trackpoint><Trackpoint><Time>2025-07-18T10:54:18.242Z</Time><DistanceMeters>925.0</DistanceMeters><HeartRateBpm><Value>132</Value></HeartRateBpm><SensorState>Present</SensorState></Trackpoint><Trackpoint><Time>2025-07-18T10:54:19.242Z</Time><DistanceMeters>925.0</DistanceMeters><HeartRateBpm><Value>132</Value></HeartRateBpm><SensorState>Present</SensorState></Trackpoint><Trackpoint><Time>2025-07-18T10:54:20.242Z</Time><DistanceMeters>926.0683761040369</DistanceMeters><HeartRateBpm><Value>132</Value></HeartRateBpm><SensorState>Present</SensorState></Trackpoint><Trackpoint><Time>2025-07-18T10:54:21.242Z</Time><DistanceMeters>927.1367522080739</DistanceMeters><HeartRateBpm><Value>132</Value></HeartRateBpm><SensorState>Present</SensorState></Trackpoint><Trackpoint><Time>2025-07-18T10:54:22.242Z</Time><DistanceMeters>928.2051283121108</DistanceMeters><HeartRateBpm><Value>132</Value></HeartRateBpm><SensorState>Present</SensorState></Trackpoint><Trackpoint><Time>2025-07-18T10:54:23.242Z</Time><DistanceMeters>929.2735044161477</DistanceMeters><HeartRateBpm><Value>132</Value></HeartRateBpm><SensorState>Present</SensorState></Trackpoint><Trackpoint><Time>2025-07-18T10:54:24.242Z</Time><DistanceMeters>930.3418805201846</DistanceMeters><HeartRateBpm><Value>133</Value></HeartRateBpm><SensorState>Present</SensorState></Trackpoint><Trackpoint><Time>2025-07-18T10:54:25.242Z</Time><DistanceMeters>931.4102566242216</DistanceMeters><HeartRateBpm><Value>133</Value></HeartRateBpm><SensorState>Present</SensorState></Trackpoint><Trackpoint><Time>2025-07-18T10:54:26.242Z</Time><DistanceMeters>932.4786327282585</DistanceMeters><HeartRateBpm><Value>133</Value></HeartRateBpm><SensorState>Present</SensorState></Trackpoint><Trackpoint><Time>2025-07-18T10:54:27.242Z</Time><DistanceMeters>933.5470088322954</DistanceMeters><HeartRateBpm><Value>133</Value></HeartRateBpm><SensorState>Present</SensorState></Trackpoint><Trackpoint><Time>2025-07-18T10:54:28.242Z</Time><DistanceMeters>934.6153849363324</DistanceMeters><HeartRateBpm><Value>133</Value></HeartRateBpm><SensorState>Present</SensorState></Trackpoint><Trackpoint><Time>2025-07-18T10:54:29.242Z</Time><DistanceMeters>935.6837610403693</DistanceMeters><HeartRateBpm><Value>133</Value></HeartRateBpm><SensorState>Present</SensorState></Trackpoint><Trackpoint><Time>2025-07-18T10:54:30.242Z</Time><DistanceMeters>936.7521371444062</DistanceMeters><HeartRateBpm><Value>133</Value></HeartRateBpm><SensorState>Present</SensorState></Trackpoint><Trackpoint><Time>2025-07-18T10:54:31.242Z</Time><DistanceMeters>950.0</DistanceMeters><HeartRateBpm><Value>133</Value></HeartRateBpm><SensorState>Present</SensorState></Trackpoint><Trackpoint><Time>2025-07-18T10:54:32.242Z</Time><DistanceMeters>950.0</DistanceMeters><HeartRateBpm><Value>133</Value></HeartRateBpm><SensorState>Present</SensorState></Trackpoint><Trackpoint><Time>2025-07-18T10:54:33.242Z</Time><DistanceMeters>950.0</DistanceMeters><HeartRateBpm><Value>133</Value></HeartRateBpm><SensorState>Present</SensorState></Trackpoint><Trackpoint><Time>2025-07-18T10:54:34.242Z</Time><DistanceMeters>950.0</DistanceMeters><HeartRateBpm><Value>132</Value></HeartRateBpm><SensorState>Present</SensorState></Trackpoint><Trackpoint><Time>2025-07-18T10:54:35.242Z</Time><DistanceMeters>950.0</DistanceMeters><HeartRateBpm><Value>133</Value></HeartRateBpm><SensorState>Present</SensorState></Trackpoint><Trackpoint><Time>2025-07-18T10:54:36.242Z</Time><DistanceMeters>950.0</DistanceMeters><HeartRateBpm><Value>133</Value></HeartRateBpm><SensorState>Present</SensorState></Trackpoint><Trackpoint><Time>2025-07-18T10:54:37.242Z</Time><DistanceMeters>950.0</DistanceMeters><HeartRateBpm><Value>132</Value></HeartRateBpm><SensorState>Present</SensorState></Trackpoint><Trackpoint><Time>2025-07-18T10:54:38.242Z</Time><DistanceMeters>950.0</DistanceMeters><HeartRateBpm><Value>132</Value></HeartRateBpm><SensorState>Present</SensorState></Trackpoint><Trackpoint><Time>2025-07-18T10:54:39.242Z</Time><DistanceMeters>950.0</DistanceMeters><HeartRateBpm><Value>132</Value></HeartRateBpm><SensorState>Present</SensorState></Trackpoint><Trackpoint><Time>2025-07-18T10:54:40.242Z</Time><DistanceMeters>950.0</DistanceMeters><HeartRateBpm><Value>133</Value></HeartRateBpm><SensorState>Present</SensorState></Trackpoint><Trackpoint><Time>2025-07-18T10:54:41.242Z</Time><DistanceMeters>950.0</DistanceMeters><HeartRateBpm><Value>134</Value></HeartRateBpm><SensorState>Present</SensorState></Trackpoint><Trackpoint><Time>2025-07-18T10:54:42.242Z</Time><DistanceMeters>950.0</DistanceMeters><HeartRateBpm><Value>134</Value></HeartRateBpm><SensorState>Present</SensorState></Trackpoint><Trackpoint><Time>2025-07-18T10:54:43.242Z</Time><DistanceMeters>950.0</DistanceMeters><HeartRateBpm><Value>135</Value></HeartRateBpm><SensorState>Present</SensorState></Trackpoint><Trackpoint><Time>2025-07-18T10:54:44.242Z</Time><DistanceMeters>950.0</DistanceMeters><HeartRateBpm><Value>135</Value></HeartRateBpm><SensorState>Present</SensorState></Trackpoint><Trackpoint><Time>2025-07-18T10:54:45.242Z</Time><DistanceMeters>950.0</DistanceMeters><HeartRateBpm><Value>135</Value></HeartRateBpm><SensorState>Present</SensorState></Trackpoint><Trackpoint><Time>2025-07-18T10:54:46.242Z</Time><DistanceMeters>950.0</DistanceMeters><HeartRateBpm><Value>135</Value></HeartRateBpm><SensorState>Present</SensorState></Trackpoint><Trackpoint><Time>2025-07-18T10:54:47.242Z</Time><DistanceMeters>950.0</DistanceMeters><HeartRateBpm><Value>134</Value></HeartRateBpm><SensorState>Present</SensorState></Trackpoint><Trackpoint><Time>2025-07-18T10:54:48.242Z</Time><DistanceMeters>950.0</DistanceMeters><HeartRateBpm><Value>133</Value></HeartRateBpm><SensorState>Present</SensorState></Trackpoint><Trackpoint><Time>2025-07-18T10:54:49.242Z</Time><DistanceMeters>950.0</DistanceMeters><HeartRateBpm><Value>132</Value></HeartRateBpm><SensorState>Present</SensorState></Trackpoint><Trackpoint><Time>2025-07-18T10:54:50.242Z</Time><DistanceMeters>950.0</DistanceMeters><HeartRateBpm><Value>131</Value></HeartRateBpm><SensorState>Present</SensorState></Trackpoint><Trackpoint><Time>2025-07-18T10:54:51.242Z</Time><DistanceMeters>950.0</DistanceMeters><HeartRateBpm><Value>130</Value></HeartRateBpm><SensorState>Present</SensorState></Trackpoint><Trackpoint><Time>2025-07-18T10:54:52.242Z</Time><DistanceMeters>951.0683761040369</DistanceMeters><HeartRateBpm><Value>130</Value></HeartRateBpm><SensorState>Present</SensorState></Trackpoint><Trackpoint><Time>2025-07-18T10:54:53.242Z</Time><DistanceMeters>952.1367522080739</DistanceMeters><HeartRateBpm><Value>129</Value></HeartRateBpm><SensorState>Present</SensorState></Trackpoint><Trackpoint><Time>2025-07-18T10:54:54.242Z</Time><DistanceMeters>953.2051283121108</DistanceMeters><HeartRateBpm><Value>129</Value></HeartRateBpm><SensorState>Present</SensorState></Trackpoint><Trackpoint><Time>2025-07-18T10:54:55.242Z</Time><DistanceMeters>954.2735044161477</DistanceMeters><HeartRateBpm><Value>129</Value></HeartRateBpm><SensorState>Present</SensorState></Trackpoint><Trackpoint><Time>2025-07-18T10:54:56.242Z</Time><DistanceMeters>955.3418805201846</DistanceMeters><HeartRateBpm><Value>129</Value></HeartRateBpm><SensorState>Present</SensorState></Trackpoint><Trackpoint><Time>2025-07-18T10:54:57.242Z</Time><DistanceMeters>956.4102566242216</DistanceMeters><HeartRateBpm><Value>129</Value></HeartRateBpm><SensorState>Present</SensorState></Trackpoint><Trackpoint><Time>2025-07-18T10:54:58.242Z</Time><DistanceMeters>957.4786327282585</DistanceMeters><HeartRateBpm><Value>129</Value></HeartRateBpm><SensorState>Present</SensorState></Trackpoint><Trackpoint><Time>2025-07-18T10:54:59.242Z</Time><DistanceMeters>958.5470088322954</DistanceMeters><HeartRateBpm><Value>129</Value></HeartRateBpm><SensorState>Present</SensorState></Trackpoint><Trackpoint><Time>2025-07-18T10:55:00.242Z</Time><DistanceMeters>959.6153849363324</DistanceMeters><HeartRateBpm><Value>129</Value></HeartRateBpm><SensorState>Present</SensorState></Trackpoint><Trackpoint><Time>2025-07-18T10:55:01.242Z</Time><DistanceMeters>960.6837610403693</DistanceMeters><HeartRateBpm><Value>129</Value></HeartRateBpm><SensorState>Present</SensorState></Trackpoint><Trackpoint><Time>2025-07-18T10:55:02.242Z</Time><DistanceMeters>961.7521371444062</DistanceMeters><HeartRateBpm><Value>129</Value></HeartRateBpm><SensorState>Present</SensorState></Trackpoint><Trackpoint><Time>2025-07-18T10:55:03.242Z</Time><DistanceMeters>975.0</DistanceMeters><HeartRateBpm><Value>129</Value></HeartRateBpm><SensorState>Present</SensorState></Trackpoint><Trackpoint><Time>2025-07-18T10:55:04.242Z</Time><DistanceMeters>975.0</DistanceMeters><HeartRateBpm><Value>129</Value></HeartRateBpm><SensorState>Present</SensorState></Trackpoint><Trackpoint><Time>2025-07-18T10:55:05.242Z</Time><DistanceMeters>975.0</DistanceMeters><HeartRateBpm><Value>129</Value></HeartRateBpm><SensorState>Present</SensorState></Trackpoint><Trackpoint><Time>2025-07-18T10:55:06.242Z</Time><DistanceMeters>975.0</DistanceMeters><HeartRateBpm><Value>129</Value></HeartRateBpm><SensorState>Present</SensorState></Trackpoint><Trackpoint><Time>2025-07-18T10:55:07.242Z</Time><DistanceMeters>975.0</DistanceMeters><HeartRateBpm><Value>129</Value></HeartRateBpm><SensorState>Present</SensorState></Trackpoint><Trackpoint><Time>2025-07-18T10:55:08.242Z</Time><DistanceMeters>975.0</DistanceMeters><HeartRateBpm><Value>130</Value></HeartRateBpm><SensorState>Present</SensorState></Trackpoint><Trackpoint><Time>2025-07-18T10:55:09.242Z</Time><DistanceMeters>975.0</DistanceMeters><HeartRateBpm><Value>129</Value></HeartRateBpm><SensorState>Present</SensorState></Trackpoint><Trackpoint><Time>2025-07-18T10:55:10.242Z</Time><DistanceMeters>975.0</DistanceMeters><HeartRateBpm><Value>127</Value></HeartRateBpm><SensorState>Present</SensorState></Trackpoint><Trackpoint><Time>2025-07-18T10:55:11.242Z</Time><DistanceMeters>975.0</DistanceMeters><HeartRateBpm><Value>126</Value></HeartRateBpm><SensorState>Present</SensorState></Trackpoint><Trackpoint><Time>2025-07-18T10:55:12.242Z</Time><DistanceMeters>975.0</DistanceMeters><HeartRateBpm><Value>127</Value></HeartRateBpm><SensorState>Present</SensorState></Trackpoint><Trackpoint><Time>2025-07-18T10:55:13.242Z</Time><DistanceMeters>975.0</DistanceMeters><HeartRateBpm><Value>127</Value></HeartRateBpm><SensorState>Present</SensorState></Trackpoint><Trackpoint><Time>2025-07-18T10:55:14.242Z</Time><DistanceMeters>975.0</DistanceMeters><HeartRateBpm><Value>127</Value></HeartRateBpm><SensorState>Present</SensorState></Trackpoint><Trackpoint><Time>2025-07-18T10:55:15.242Z</Time><DistanceMeters>975.0</DistanceMeters><HeartRateBpm><Value>127</Value></HeartRateBpm><SensorState>Present</SensorState></Trackpoint><Trackpoint><Time>2025-07-18T10:55:16.242Z</Time><DistanceMeters>975.0</DistanceMeters><HeartRateBpm><Value>127</Value></HeartRateBpm><SensorState>Present</SensorState></Trackpoint><Trackpoint><Time>2025-07-18T10:55:17.242Z</Time><DistanceMeters>975.0</DistanceMeters><HeartRateBpm><Value>127</Value></HeartRateBpm><SensorState>Present</SensorState></Trackpoint><Trackpoint><Time>2025-07-18T10:55:18.242Z</Time><DistanceMeters>975.0</DistanceMeters><HeartRateBpm><Value>127</Value></HeartRateBpm><SensorState>Present</SensorState></Trackpoint><Trackpoint><Time>2025-07-18T10:55:19.242Z</Time><DistanceMeters>975.0</DistanceMeters><HeartRateBpm><Value>127</Value></HeartRateBpm><SensorState>Present</SensorState></Trackpoint><Trackpoint><Time>2025-07-18T10:55:20.242Z</Time><DistanceMeters>975.0</DistanceMeters><HeartRateBpm><Value>126</Value></HeartRateBpm><SensorState>Present</SensorState></Trackpoint><Trackpoint><Time>2025-07-18T10:55:21.242Z</Time><DistanceMeters>975.0</DistanceMeters><HeartRateBpm><Value>126</Value></HeartRateBpm><SensorState>Present</SensorState></Trackpoint><Trackpoint><Time>2025-07-18T10:55:22.242Z</Time><DistanceMeters>975.0</DistanceMeters><HeartRateBpm><Value>126</Value></HeartRateBpm><SensorState>Present</SensorState></Trackpoint><Trackpoint><Time>2025-07-18T10:55:23.242Z</Time><DistanceMeters>975.0</DistanceMeters><HeartRateBpm><Value>126</Value></HeartRateBpm><SensorState>Present</SensorState></Trackpoint><Trackpoint><Time>2025-07-18T10:55:24.242Z</Time><DistanceMeters>976.0683761040369</DistanceMeters><HeartRateBpm><Value>126</Value></HeartRateBpm><SensorState>Present</SensorState></Trackpoint><Trackpoint><Time>2025-07-18T10:55:25.242Z</Time><DistanceMeters>977.1367522080739</DistanceMeters><HeartRateBpm><Value>127</Value></HeartRateBpm><SensorState>Present</SensorState></Trackpoint><Trackpoint><Time>2025-07-18T10:55:26.242Z</Time><DistanceMeters>978.2051283121108</DistanceMeters><HeartRateBpm><Value>127</Value></HeartRateBpm><SensorState>Present</SensorState></Trackpoint><Trackpoint><Time>2025-07-18T10:55:27.242Z</Time><DistanceMeters>979.2735044161477</DistanceMeters><HeartRateBpm><Value>127</Value></HeartRateBpm><SensorState>Present</SensorState></Trackpoint><Trackpoint><Time>2025-07-18T10:55:28.242Z</Time><DistanceMeters>980.3418805201846</DistanceMeters><HeartRateBpm><Value>127</Value></HeartRateBpm><SensorState>Present</SensorState></Trackpoint><Trackpoint><Time>2025-07-18T10:55:29.242Z</Time><DistanceMeters>981.4102566242216</DistanceMeters><HeartRateBpm><Value>127</Value></HeartRateBpm><SensorState>Present</SensorState></Trackpoint><Trackpoint><Time>2025-07-18T10:55:30.242Z</Time><DistanceMeters>982.4786327282585</DistanceMeters><HeartRateBpm><Value>127</Value></HeartRateBpm><SensorState>Present</SensorState></Trackpoint><Trackpoint><Time>2025-07-18T10:55:31.242Z</Time><DistanceMeters>983.5470088322954</DistanceMeters><HeartRateBpm><Value>127</Value></HeartRateBpm><SensorState>Present</SensorState></Trackpoint><Trackpoint><Time>2025-07-18T10:55:32.242Z</Time><DistanceMeters>984.6153849363324</DistanceMeters><HeartRateBpm><Value>127</Value></HeartRateBpm><SensorState>Present</SensorState></Trackpoint><Trackpoint><Time>2025-07-18T10:55:33.242Z</Time><DistanceMeters>985.6837610403693</DistanceMeters><HeartRateBpm><Value>127</Value></HeartRateBpm><SensorState>Present</SensorState></Trackpoint><Trackpoint><Time>2025-07-18T10:55:34.242Z</Time><DistanceMeters>986.7521371444062</DistanceMeters><HeartRateBpm><Value>127</Value></HeartRateBpm><SensorState>Present</SensorState></Trackpoint><Trackpoint><Time>2025-07-18T10:55:35.242Z</Time><DistanceMeters>1000.0</DistanceMeters><HeartRateBpm><Value>127</Value></HeartRateBpm><SensorState>Present</SensorState></Trackpoint><Trackpoint><Time>2025-07-18T10:55:36.242Z</Time><DistanceMeters>1000.0</DistanceMeters><HeartRateBpm><Value>128</Value></HeartRateBpm><SensorState>Present</SensorState></Trackpoint><Trackpoint><Time>2025-07-18T10:55:37.242Z</Time><DistanceMeters>1000.0</DistanceMeters><HeartRateBpm><Value>128</Value></HeartRateBpm><SensorState>Present</SensorState></Trackpoint><Trackpoint><Time>2025-07-18T10:55:38.242Z</Time><DistanceMeters>1000.0</DistanceMeters><HeartRateBpm><Value>128</Value></HeartRateBpm><SensorState>Present</SensorState></Trackpoint><Trackpoint><Time>2025-07-18T10:55:39.242Z</Time><DistanceMeters>1000.0</DistanceMeters><HeartRateBpm><Value>129</Value></HeartRateBpm><SensorState>Present</SensorState></Trackpoint><Trackpoint><Time>2025-07-18T10:55:40.242Z</Time><DistanceMeters>1000.0</DistanceMeters><HeartRateBpm><Value>129</Value></HeartRateBpm><SensorState>Present</SensorState></Trackpoint><Trackpoint><Time>2025-07-18T10:55:41.242Z</Time><DistanceMeters>1000.0</DistanceMeters><HeartRateBpm><Value>130</Value></HeartRateBpm><SensorState>Present</SensorState></Trackpoint><Trackpoint><Time>2025-07-18T10:55:42.242Z</Time><DistanceMeters>1000.0</DistanceMeters><HeartRateBpm><Value>131</Value></HeartRateBpm><SensorState>Present</SensorState></Trackpoint><Trackpoint><Time>2025-07-18T10:55:43.242Z</Time><DistanceMeters>1000.0</DistanceMeters><HeartRateBpm><Value>132</Value></HeartRateBpm><SensorState>Present</SensorState></Trackpoint><Trackpoint><Time>2025-07-18T10:55:44.242Z</Time><DistanceMeters>1000.0</DistanceMeters><HeartRateBpm><Value>132</Value></HeartRateBpm><SensorState>Present</SensorState></Trackpoint><Trackpoint><Time>2025-07-18T10:55:45.242Z</Time><DistanceMeters>1000.0</DistanceMeters><HeartRateBpm><Value>133</Value></HeartRateBpm><SensorState>Present</SensorState></Trackpoint><Trackpoint><Time>2025-07-18T10:55:46.242Z</Time><DistanceMeters>1000.0</DistanceMeters><HeartRateBpm><Value>133</Value></HeartRateBpm><SensorState>Present</SensorState></Trackpoint><Trackpoint><Time>2025-07-18T10:55:47.242Z</Time><DistanceMeters>1000.0</DistanceMeters><HeartRateBpm><Value>134</Value></HeartRateBpm><SensorState>Present</SensorState></Trackpoint><Trackpoint><Time>2025-07-18T10:55:48.242Z</Time><DistanceMeters>1000.0</DistanceMeters><HeartRateBpm><Value>134</Value></HeartRateBpm><SensorState>Present</SensorState></Trackpoint><Trackpoint><Time>2025-07-18T10:55:49.242Z</Time><DistanceMeters>1000.0</DistanceMeters><HeartRateBpm><Value>134</Value></HeartRateBpm><SensorState>Present</SensorState></Trackpoint><Trackpoint><Time>2025-07-18T10:55:50.242Z</Time><DistanceMeters>1000.0</DistanceMeters><HeartRateBpm><Value>134</Value></HeartRateBpm><SensorState>Present</SensorState></Trackpoint><Trackpoint><Time>2025-07-18T10:55:51.242Z</Time><DistanceMeters>1000.0</DistanceMeters><HeartRateBpm><Value>133</Value></HeartRateBpm><SensorState>Present</SensorState></Trackpoint><Trackpoint><Time>2025-07-18T10:55:52.242Z</Time><DistanceMeters>1000.0</DistanceMeters><HeartRateBpm><Value>133</Value></HeartRateBpm><SensorState>Present</SensorState></Trackpoint><Trackpoint><Time>2025-07-18T10:55:53.242Z</Time><DistanceMeters>1000.0</DistanceMeters><HeartRateBpm><Value>132</Value></HeartRateBpm><SensorState>Present</SensorState></Trackpoint><Trackpoint><Time>2025-07-18T10:55:54.242Z</Time><DistanceMeters>1000.0</DistanceMeters><HeartRateBpm><Value>131</Value></HeartRateBpm><SensorState>Present</SensorState></Trackpoint><Trackpoint><Time>2025-07-18T10:55:55.242Z</Time><DistanceMeters>1001.0683761040369</DistanceMeters><HeartRateBpm><Value>130</Value></HeartRateBpm><SensorState>Present</SensorState></Trackpoint><Trackpoint><Time>2025-07-18T10:55:56.242Z</Time><DistanceMeters>1002.1367522080739</DistanceMeters><HeartRateBpm><Value>130</Value></HeartRateBpm><SensorState>Present</SensorState></Trackpoint><Trackpoint><Time>2025-07-18T10:55:57.242Z</Time><DistanceMeters>1003.2051283121108</DistanceMeters><HeartRateBpm><Value>129</Value></HeartRateBpm><SensorState>Present</SensorState></Trackpoint><Trackpoint><Time>2025-07-18T10:55:58.242Z</Time><DistanceMeters>1004.2735044161477</DistanceMeters><HeartRateBpm><Value>129</Value></HeartRateBpm><SensorState>Present</SensorState></Trackpoint><Trackpoint><Time>2025-07-18T10:55:59.242Z</Time><DistanceMeters>1005.3418805201846</DistanceMeters><HeartRateBpm><Value>129</Value></HeartRateBpm><SensorState>Present</SensorState></Trackpoint><Trackpoint><Time>2025-07-18T10:56:00.242Z</Time><DistanceMeters>1006.4102566242216</DistanceMeters><HeartRateBpm><Value>129</Value></HeartRateBpm><SensorState>Present</SensorState></Trackpoint><Trackpoint><Time>2025-07-18T10:56:01.242Z</Time><DistanceMeters>1007.4786327282585</DistanceMeters><HeartRateBpm><Value>129</Value></HeartRateBpm><SensorState>Present</SensorState></Trackpoint><Trackpoint><Time>2025-07-18T10:56:02.242Z</Time><DistanceMeters>1008.5470088322954</DistanceMeters><HeartRateBpm><Value>129</Value></HeartRateBpm><SensorState>Present</SensorState></Trackpoint><Trackpoint><Time>2025-07-18T10:56:03.242Z</Time><DistanceMeters>1009.6153849363324</DistanceMeters><HeartRateBpm><Value>129</Value></HeartRateBpm><SensorState>Present</SensorState></Trackpoint><Trackpoint><Time>2025-07-18T10:56:04.242Z</Time><DistanceMeters>1010.6837610403693</DistanceMeters><HeartRateBpm><Value>129</Value></HeartRateBpm><SensorState>Present</SensorState></Trackpoint><Trackpoint><Time>2025-07-18T10:56:05.242Z</Time><DistanceMeters>1011.7521371444062</DistanceMeters><HeartRateBpm><Value>128</Value></HeartRateBpm><SensorState>Present</SensorState></Trackpoint><Trackpoint><Time>2025-07-18T10:56:06.242Z</Time><DistanceMeters>1025.0</DistanceMeters><HeartRateBpm><Value>126</Value></HeartRateBpm><SensorState>Present</SensorState></Trackpoint><Trackpoint><Time>2025-07-18T10:56:07.242Z</Time><DistanceMeters>1025.0</DistanceMeters><HeartRateBpm><Value>125</Value></HeartRateBpm><SensorState>Present</SensorState></Trackpoint><Trackpoint><Time>2025-07-18T10:56:08.242Z</Time><DistanceMeters>1025.0</DistanceMeters><HeartRateBpm><Value>124</Value></HeartRateBpm><SensorState>Present</SensorState></Trackpoint><Trackpoint><Time>2025-07-18T10:56:09.242Z</Time><DistanceMeters>1025.0</DistanceMeters><HeartRateBpm><Value>123</Value></HeartRateBpm><SensorState>Present</SensorState></Trackpoint><Trackpoint><Time>2025-07-18T10:56:10.242Z</Time><DistanceMeters>1025.0</DistanceMeters><HeartRateBpm><Value>124</Value></HeartRateBpm><SensorState>Present</SensorState></Trackpoint><Trackpoint><Time>2025-07-18T10:56:11.242Z</Time><DistanceMeters>1025.0</DistanceMeters><HeartRateBpm><Value>124</Value></HeartRateBpm><SensorState>Present</SensorState></Trackpoint><Trackpoint><Time>2025-07-18T10:56:12.242Z</Time><DistanceMeters>1025.0</DistanceMeters><HeartRateBpm><Value>125</Value></HeartRateBpm><SensorState>Present</SensorState></Trackpoint><Trackpoint><Time>2025-07-18T10:56:13.242Z</Time><DistanceMeters>1025.0</DistanceMeters><HeartRateBpm><Value>126</Value></HeartRateBpm><SensorState>Present</SensorState></Trackpoint><Trackpoint><Time>2025-07-18T10:56:14.242Z</Time><DistanceMeters>1025.0</DistanceMeters><HeartRateBpm><Value>127</Value></HeartRateBpm><SensorState>Present</SensorState></Trackpoint><Trackpoint><Time>2025-07-18T10:56:15.242Z</Time><DistanceMeters>1025.0</DistanceMeters><HeartRateBpm><Value>127</Value></HeartRateBpm><SensorState>Present</SensorState></Trackpoint><Trackpoint><Time>2025-07-18T10:56:16.242Z</Time><DistanceMeters>1025.0</DistanceMeters><HeartRateBpm><Value>127</Value></HeartRateBpm><SensorState>Present</SensorState></Trackpoint><Trackpoint><Time>2025-07-18T10:56:17.242Z</Time><DistanceMeters>1025.0</DistanceMeters><HeartRateBpm><Value>128</Value></HeartRateBpm><SensorState>Present</SensorState></Trackpoint><Trackpoint><Time>2025-07-18T10:56:18.242Z</Time><DistanceMeters>1025.0</DistanceMeters><HeartRateBpm><Value>129</Value></HeartRateBpm><SensorState>Present</SensorState></Trackpoint><Trackpoint><Time>2025-07-18T10:56:19.242Z</Time><DistanceMeters>1025.0</DistanceMeters><HeartRateBpm><Value>129</Value></HeartRateBpm><SensorState>Present</SensorState></Trackpoint><Trackpoint><Time>2025-07-18T10:56:20.242Z</Time><DistanceMeters>1025.0</DistanceMeters><HeartRateBpm><Value>130</Value></HeartRateBpm><SensorState>Present</SensorState></Trackpoint><Trackpoint><Time>2025-07-18T10:56:21.242Z</Time><DistanceMeters>1025.0</DistanceMeters><HeartRateBpm><Value>131</Value></HeartRateBpm><SensorState>Present</SensorState></Trackpoint><Trackpoint><Time>2025-07-18T10:56:22.242Z</Time><DistanceMeters>1025.0</DistanceMeters><HeartRateBpm><Value>131</Value></HeartRateBpm><SensorState>Present</SensorState></Trackpoint><Trackpoint><Time>2025-07-18T10:56:23.242Z</Time><DistanceMeters>1025.0</DistanceMeters><HeartRateBpm><Value>132</Value></HeartRateBpm><SensorState>Present</SensorState></Trackpoint><Trackpoint><Time>2025-07-18T10:56:24.242Z</Time><DistanceMeters>1025.0</DistanceMeters><HeartRateBpm><Value>132</Value></HeartRateBpm><SensorState>Present</SensorState></Trackpoint><Trackpoint><Time>2025-07-18T10:56:25.242Z</Time><DistanceMeters>1026.068376104037</DistanceMeters><HeartRateBpm><Value>132</Value></HeartRateBpm><SensorState>Present</SensorState></Trackpoint><Trackpoint><Time>2025-07-18T10:56:26.242Z</Time><DistanceMeters>1027.136752208074</DistanceMeters><HeartRateBpm><Value>133</Value></HeartRateBpm><SensorState>Present</SensorState></Trackpoint><Trackpoint><Time>2025-07-18T10:56:27.242Z</Time><DistanceMeters>1028.2051283121111</DistanceMeters><HeartRateBpm><Value>133</Value></HeartRateBpm><SensorState>Present</SensorState></Trackpoint><Trackpoint><Time>2025-07-18T10:56:28.242Z</Time><DistanceMeters>1029.2735044161482</DistanceMeters><HeartRateBpm><Value>133</Value></HeartRateBpm><SensorState>Present</SensorState></Trackpoint><Trackpoint><Time>2025-07-18T10:56:29.242Z</Time><DistanceMeters>1030.3418805201852</DistanceMeters><HeartRateBpm><Value>133</Value></HeartRateBpm><SensorState>Present</SensorState></Trackpoint><Trackpoint><Time>2025-07-18T10:56:30.242Z</Time><DistanceMeters>1031.4102566242223</DistanceMeters><HeartRateBpm><Value>133</Value></HeartRateBpm><SensorState>Present</SensorState></Trackpoint><Trackpoint><Time>2025-07-18T10:56:31.242Z</Time><DistanceMeters>1032.4786327282593</DistanceMeters><HeartRateBpm><Value>133</Value></HeartRateBpm><SensorState>Present</SensorState></Trackpoint><Trackpoint><Time>2025-07-18T10:56:32.242Z</Time><DistanceMeters>1033.5470088322963</DistanceMeters><HeartRateBpm><Value>132</Value></HeartRateBpm><SensorState>Present</SensorState></Trackpoint><Trackpoint><Time>2025-07-18T10:56:33.242Z</Time><DistanceMeters>1034.6153849363334</DistanceMeters><HeartRateBpm><Value>132</Value></HeartRateBpm><SensorState>Present</SensorState></Trackpoint><Trackpoint><Time>2025-07-18T10:56:34.242Z</Time><DistanceMeters>1035.6837610403704</DistanceMeters><HeartRateBpm><Value>132</Value></HeartRateBpm><SensorState>Present</SensorState></Trackpoint><Trackpoint><Time>2025-07-18T10:56:35.242Z</Time><DistanceMeters>1036.7521371444075</DistanceMeters><HeartRateBpm><Value>132</Value></HeartRateBpm><SensorState>Present</SensorState></Trackpoint><Trackpoint><Time>2025-07-18T10:56:36.242Z</Time><DistanceMeters>1050.0</DistanceMeters><HeartRateBpm><Value>131</Value></HeartRateBpm><SensorState>Present</SensorState></Trackpoint><Trackpoint><Time>2025-07-18T10:56:37.242Z</Time><DistanceMeters>1050.0</DistanceMeters><HeartRateBpm><Value>131</Value></HeartRateBpm><SensorState>Present</SensorState></Trackpoint><Trackpoint><Time>2025-07-18T10:56:38.242Z</Time><DistanceMeters>1050.0</DistanceMeters><HeartRateBpm><Value>130</Value></HeartRateBpm><SensorState>Present</SensorState></Trackpoint><Trackpoint><Time>2025-07-18T10:56:39.242Z</Time><DistanceMeters>1050.0</DistanceMeters><HeartRateBpm><Value>130</Value></HeartRateBpm><SensorState>Present</SensorState></Trackpoint><Trackpoint><Time>2025-07-18T10:56:40.242Z</Time><DistanceMeters>1050.0</DistanceMeters><HeartRateBpm><Value>130</Value></HeartRateBpm><SensorState>Present</SensorState></Trackpoint><Trackpoint><Time>2025-07-18T10:56:41.242Z</Time><DistanceMeters>1050.0</DistanceMeters><HeartRateBpm><Value>129</Value></HeartRateBpm><SensorState>Present</SensorState></Trackpoint><Trackpoint><Time>2025-07-18T10:56:42.242Z</Time><DistanceMeters>1050.0</DistanceMeters><HeartRateBpm><Value>129</Value></HeartRateBpm><SensorState>Present</SensorState></Trackpoint><Trackpoint><Time>2025-07-18T10:56:43.242Z</Time><DistanceMeters>1050.0</DistanceMeters><HeartRateBpm><Value>129</Value></HeartRateBpm><SensorState>Present</SensorState></Trackpoint><Trackpoint><Time>2025-07-18T10:56:44.242Z</Time><DistanceMeters>1050.0</DistanceMeters><HeartRateBpm><Value>129</Value></HeartRateBpm><SensorState>Present</SensorState></Trackpoint><Trackpoint><Time>2025-07-18T10:56:45.242Z</Time><DistanceMeters>1050.0</DistanceMeters><HeartRateBpm><Value>129</Value></HeartRateBpm><SensorState>Present</SensorState></Trackpoint><Trackpoint><Time>2025-07-18T10:56:46.242Z</Time><DistanceMeters>1050.0</DistanceMeters><HeartRateBpm><Value>129</Value></HeartRateBpm><SensorState>Present</SensorState></Trackpoint><Trackpoint><Time>2025-07-18T10:56:47.242Z</Time><DistanceMeters>1050.0</DistanceMeters><HeartRateBpm><Value>129</Value></HeartRateBpm><SensorState>Present</SensorState></Trackpoint><Trackpoint><Time>2025-07-18T10:56:48.242Z</Time><DistanceMeters>1050.0</DistanceMeters><HeartRateBpm><Value>129</Value></HeartRateBpm><SensorState>Present</SensorState></Trackpoint><Trackpoint><Time>2025-07-18T10:56:49.242Z</Time><DistanceMeters>1050.0</DistanceMeters><HeartRateBpm><Value>128</Value></HeartRateBpm><SensorState>Present</SensorState></Trackpoint><Trackpoint><Time>2025-07-18T10:56:50.242Z</Time><DistanceMeters>1050.0</DistanceMeters><HeartRateBpm><Value>128</Value></HeartRateBpm><SensorState>Present</SensorState></Trackpoint><Trackpoint><Time>2025-07-18T10:56:51.242Z</Time><DistanceMeters>1050.0</DistanceMeters><HeartRateBpm><Value>128</Value></HeartRateBpm><SensorState>Present</SensorState></Trackpoint><Trackpoint><Time>2025-07-18T10:56:52.242Z</Time><DistanceMeters>1050.0</DistanceMeters><HeartRateBpm><Value>128</Value></HeartRateBpm><SensorState>Present</SensorState></Trackpoint><Trackpoint><Time>2025-07-18T10:56:53.242Z</Time><DistanceMeters>1050.0</DistanceMeters><HeartRateBpm><Value>128</Value></HeartRateBpm><SensorState>Present</SensorState></Trackpoint><Trackpoint><Time>2025-07-18T10:56:54.242Z</Time><DistanceMeters>1050.0</DistanceMeters><HeartRateBpm><Value>128</Value></HeartRateBpm><SensorState>Present</SensorState></Trackpoint><Trackpoint><Time>2025-07-18T10:56:55.242Z</Time><DistanceMeters>1051.068376104037</DistanceMeters><HeartRateBpm><Value>127</Value></HeartRateBpm><SensorState>Present</SensorState></Trackpoint><Trackpoint><Time>2025-07-18T10:56:56.242Z</Time><DistanceMeters>1052.136752208074</DistanceMeters><HeartRateBpm><Value>127</Value></HeartRateBpm><SensorState>Present</SensorState></Trackpoint><Trackpoint><Time>2025-07-18T10:56:57.242Z</Time><DistanceMeters>1053.2051283121111</DistanceMeters><HeartRateBpm><Value>127</Value></HeartRateBpm><SensorState>Present</SensorState></Trackpoint><Trackpoint><Time>2025-07-18T10:56:58.242Z</Time><DistanceMeters>1054.2735044161482</DistanceMeters><HeartRateBpm><Value>127</Value></HeartRateBpm><SensorState>Present</SensorState></Trackpoint><Trackpoint><Time>2025-07-18T10:56:59.242Z</Time><DistanceMeters>1055.3418805201852</DistanceMeters><HeartRateBpm><Value>127</Value></HeartRateBpm><SensorState>Present</SensorState></Trackpoint><Trackpoint><Time>2025-07-18T10:57:00.242Z</Time><DistanceMeters>1056.4102566242223</DistanceMeters><HeartRateBpm><Value>127</Value></HeartRateBpm><SensorState>Present</SensorState></Trackpoint><Trackpoint><Time>2025-07-18T10:57:01.242Z</Time><DistanceMeters>1057.4786327282593</DistanceMeters><HeartRateBpm><Value>127</Value></HeartRateBpm><SensorState>Present</SensorState></Trackpoint><Trackpoint><Time>2025-07-18T10:57:02.242Z</Time><DistanceMeters>1058.5470088322963</DistanceMeters><HeartRateBpm><Value>127</Value></HeartRateBpm><SensorState>Present</SensorState></Trackpoint><Trackpoint><Time>2025-07-18T10:57:03.242Z</Time><DistanceMeters>1059.6153849363334</DistanceMeters><HeartRateBpm><Value>127</Value></HeartRateBpm><SensorState>Present</SensorState></Trackpoint><Trackpoint><Time>2025-07-18T10:57:04.242Z</Time><DistanceMeters>1060.6837610403704</DistanceMeters><HeartRateBpm><Value>127</Value></HeartRateBpm><SensorState>Present</SensorState></Trackpoint><Trackpoint><Time>2025-07-18T10:57:05.242Z</Time><DistanceMeters>1061.7521371444075</DistanceMeters><HeartRateBpm><Value>127</Value></HeartRateBpm><SensorState>Present</SensorState></Trackpoint><Trackpoint><Time>2025-07-18T10:57:06.242Z</Time><DistanceMeters>1075.0</DistanceMeters><HeartRateBpm><Value>127</Value></HeartRateBpm><SensorState>Present</SensorState></Trackpoint><Trackpoint><Time>2025-07-18T10:57:07.242Z</Time><DistanceMeters>1075.0</DistanceMeters><HeartRateBpm><Value>128</Value></HeartRateBpm><SensorState>Present</SensorState></Trackpoint><Trackpoint><Time>2025-07-18T10:57:08.242Z</Time><DistanceMeters>1075.0</DistanceMeters><HeartRateBpm><Value>129</Value></HeartRateBpm><SensorState>Present</SensorState></Trackpoint><Trackpoint><Time>2025-07-18T10:57:09.242Z</Time><DistanceMeters>1075.0</DistanceMeters><HeartRateBpm><Value>129</Value></HeartRateBpm><SensorState>Present</SensorState></Trackpoint><Trackpoint><Time>2025-07-18T10:57:10.242Z</Time><DistanceMeters>1075.0</DistanceMeters><HeartRateBpm><Value>130</Value></HeartRateBpm><SensorState>Present</SensorState></Trackpoint><Trackpoint><Time>2025-07-18T10:57:11.242Z</Time><DistanceMeters>1075.0</DistanceMeters><HeartRateBpm><Value>131</Value></HeartRateBpm><SensorState>Present</SensorState></Trackpoint><Trackpoint><Time>2025-07-18T10:57:12.242Z</Time><DistanceMeters>1075.0</DistanceMeters><HeartRateBpm><Value>131</Value></HeartRateBpm><SensorState>Present</SensorState></Trackpoint><Trackpoint><Time>2025-07-18T10:57:13.242Z</Time><DistanceMeters>1075.0</DistanceMeters><HeartRateBpm><Value>131</Value></HeartRateBpm><SensorState>Present</SensorState></Trackpoint><Trackpoint><Time>2025-07-18T10:57:14.242Z</Time><DistanceMeters>1075.0</DistanceMeters><HeartRateBpm><Value>132</Value></HeartRateBpm><SensorState>Present</SensorState></Trackpoint><Trackpoint><Time>2025-07-18T10:57:15.242Z</Time><DistanceMeters>1075.0</DistanceMeters><HeartRateBpm><Value>132</Value></HeartRateBpm><SensorState>Present</SensorState></Trackpoint><Trackpoint><Time>2025-07-18T10:57:16.242Z</Time><DistanceMeters>1075.0</DistanceMeters><HeartRateBpm><Value>131</Value></HeartRateBpm><SensorState>Present</SensorState></Trackpoint><Trackpoint><Time>2025-07-18T10:57:17.242Z</Time><DistanceMeters>1075.0</DistanceMeters><HeartRateBpm><Value>130</Value></HeartRateBpm><SensorState>Present</SensorState></Trackpoint><Trackpoint><Time>2025-07-18T10:57:18.242Z</Time><DistanceMeters>1075.0</DistanceMeters><HeartRateBpm><Value>129</Value></HeartRateBpm><SensorState>Present</SensorState></Trackpoint><Trackpoint><Time>2025-07-18T10:57:19.242Z</Time><DistanceMeters>1075.0</DistanceMeters><HeartRateBpm><Value>127</Value></HeartRateBpm><SensorState>Present</SensorState></Trackpoint><Trackpoint><Time>2025-07-18T10:57:20.242Z</Time><DistanceMeters>1075.0</DistanceMeters><HeartRateBpm><Value>126</Value></HeartRateBpm><SensorState>Present</SensorState></Trackpoint><Trackpoint><Time>2025-07-18T10:57:21.242Z</Time><DistanceMeters>1075.0</DistanceMeters><HeartRateBpm><Value>126</Value></HeartRateBpm><SensorState>Present</SensorState></Trackpoint><Trackpoint><Time>2025-07-18T10:57:22.242Z</Time><DistanceMeters>1075.0</DistanceMeters><HeartRateBpm><Value>126</Value></HeartRateBpm><SensorState>Present</SensorState></Trackpoint><Trackpoint><Time>2025-07-18T10:57:23.242Z</Time><DistanceMeters>1075.0</DistanceMeters><HeartRateBpm><Value>126</Value></HeartRateBpm><SensorState>Present</SensorState></Trackpoint><Trackpoint><Time>2025-07-18T10:57:24.242Z</Time><DistanceMeters>1075.0</DistanceMeters><HeartRateBpm><Value>126</Value></HeartRateBpm><SensorState>Present</SensorState></Trackpoint><Trackpoint><Time>2025-07-18T10:57:25.242Z</Time><DistanceMeters>1075.0</DistanceMeters><HeartRateBpm><Value>126</Value></HeartRateBpm><SensorState>Present</SensorState></Trackpoint><Trackpoint><Time>2025-07-18T10:57:26.242Z</Time><DistanceMeters>1075.0</DistanceMeters><HeartRateBpm><Value>127</Value></HeartRateBpm><SensorState>Present</SensorState></Trackpoint><Trackpoint><Time>2025-07-18T10:57:27.242Z</Time><DistanceMeters>1075.0</DistanceMeters><HeartRateBpm><Value>127</Value></HeartRateBpm><SensorState>Present</SensorState></Trackpoint><Trackpoint><Time>2025-07-18T10:57:28.242Z</Time><DistanceMeters>1076.068376104037</DistanceMeters><HeartRateBpm><Value>128</Value></HeartRateBpm><SensorState>Present</SensorState></Trackpoint><Trackpoint><Time>2025-07-18T10:57:29.242Z</Time><DistanceMeters>1077.136752208074</DistanceMeters><HeartRateBpm><Value>128</Value></HeartRateBpm><SensorState>Present</SensorState></Trackpoint><Trackpoint><Time>2025-07-18T10:57:30.242Z</Time><DistanceMeters>1078.2051283121111</DistanceMeters><HeartRateBpm><Value>129</Value></HeartRateBpm><SensorState>Present</SensorState></Trackpoint><Trackpoint><Time>2025-07-18T10:57:31.242Z</Time><DistanceMeters>1079.2735044161482</DistanceMeters><HeartRateBpm><Value>129</Value></HeartRateBpm><SensorState>Present</SensorState></Trackpoint><Trackpoint><Time>2025-07-18T10:57:32.242Z</Time><DistanceMeters>1080.3418805201852</DistanceMeters><HeartRateBpm><Value>130</Value></HeartRateBpm><SensorState>Present</SensorState></Trackpoint><Trackpoint><Time>2025-07-18T10:57:33.242Z</Time><DistanceMeters>1081.4102566242223</DistanceMeters><HeartRateBpm><Value>130</Value></HeartRateBpm><SensorState>Present</SensorState></Trackpoint><Trackpoint><Time>2025-07-18T10:57:34.242Z</Time><DistanceMeters>1082.4786327282593</DistanceMeters><HeartRateBpm><Value>130</Value></HeartRateBpm><SensorState>Present</SensorState></Trackpoint><Trackpoint><Time>2025-07-18T10:57:35.242Z</Time><DistanceMeters>1083.5470088322963</DistanceMeters><HeartRateBpm><Value>130</Value></HeartRateBpm><SensorState>Present</SensorState></Trackpoint><Trackpoint><Time>2025-07-18T10:57:36.242Z</Time><DistanceMeters>1084.6153849363334</DistanceMeters><HeartRateBpm><Value>130</Value></HeartRateBpm><SensorState>Present</SensorState></Trackpoint><Trackpoint><Time>2025-07-18T10:57:37.242Z</Time><DistanceMeters>1085.6837610403704</DistanceMeters><HeartRateBpm><Value>130</Value></HeartRateBpm><SensorState>Present</SensorState></Trackpoint><Trackpoint><Time>2025-07-18T10:57:38.242Z</Time><DistanceMeters>1086.7521371444075</DistanceMeters><HeartRateBpm><Value>130</Value></HeartRateBpm><SensorState>Present</SensorState></Trackpoint><Trackpoint><Time>2025-07-18T10:57:39.242Z</Time><DistanceMeters>1100.0</DistanceMeters><HeartRateBpm><Value>130</Value></HeartRateBpm><SensorState>Present</SensorState></Trackpoint><Trackpoint><Time>2025-07-18T10:57:40.242Z</Time><DistanceMeters>1100.0</DistanceMeters><HeartRateBpm><Value>130</Value></HeartRateBpm><SensorState>Present</SensorState></Trackpoint><Trackpoint><Time>2025-07-18T10:57:41.242Z</Time><DistanceMeters>1100.0</DistanceMeters><HeartRateBpm><Value>130</Value></HeartRateBpm><SensorState>Present</SensorState></Trackpoint><Trackpoint><Time>2025-07-18T10:57:42.242Z</Time><DistanceMeters>1100.0</DistanceMeters><HeartRateBpm><Value>131</Value></HeartRateBpm><SensorState>Present</SensorState></Trackpoint><Trackpoint><Time>2025-07-18T10:57:43.242Z</Time><DistanceMeters>1100.0</DistanceMeters><HeartRateBpm><Value>130</Value></HeartRateBpm><SensorState>Present</SensorState></Trackpoint><Trackpoint><Time>2025-07-18T10:57:44.242Z</Time><DistanceMeters>1100.0</DistanceMeters><HeartRateBpm><Value>129</Value></HeartRateBpm><SensorState>Present</SensorState></Trackpoint><Trackpoint><Time>2025-07-18T10:57:45.242Z</Time><DistanceMeters>1100.0</DistanceMeters><HeartRateBpm><Value>129</Value></HeartRateBpm><SensorState>Present</SensorState></Trackpoint><Trackpoint><Time>2025-07-18T10:57:46.242Z</Time><DistanceMeters>1100.0</DistanceMeters><HeartRateBpm><Value>128</Value></HeartRateBpm><SensorState>Present</SensorState></Trackpoint><Trackpoint><Time>2025-07-18T10:57:47.242Z</Time><DistanceMeters>1100.0</DistanceMeters><HeartRateBpm><Value>128</Value></HeartRateBpm><SensorState>Present</SensorState></Trackpoint><Trackpoint><Time>2025-07-18T10:57:48.242Z</Time><DistanceMeters>1100.0</DistanceMeters><HeartRateBpm><Value>128</Value></HeartRateBpm><SensorState>Present</SensorState></Trackpoint><Trackpoint><Time>2025-07-18T10:57:49.242Z</Time><DistanceMeters>1100.0</DistanceMeters><HeartRateBpm><Value>128</Value></HeartRateBpm><SensorState>Present</SensorState></Trackpoint><Trackpoint><Time>2025-07-18T10:57:50.242Z</Time><DistanceMeters>1100.0</DistanceMeters><HeartRateBpm><Value>127</Value></HeartRateBpm><SensorState>Present</SensorState></Trackpoint><Trackpoint><Time>2025-07-18T10:57:51.242Z</Time><DistanceMeters>1100.0</DistanceMeters><HeartRateBpm><Value>127</Value></HeartRateBpm><SensorState>Present</SensorState></Trackpoint><Trackpoint><Time>2025-07-18T10:57:52.242Z</Time><DistanceMeters>1100.0</DistanceMeters><HeartRateBpm><Value>127</Value></HeartRateBpm><SensorState>Present</SensorState></Trackpoint><Trackpoint><Time>2025-07-18T10:57:53.242Z</Time><DistanceMeters>1100.0</DistanceMeters><HeartRateBpm><Value>128</Value></HeartRateBpm><SensorState>Present</SensorState></Trackpoint><Trackpoint><Time>2025-07-18T10:57:54.242Z</Time><DistanceMeters>1100.0</DistanceMeters><HeartRateBpm><Value>128</Value></HeartRateBpm><SensorState>Present</SensorState></Trackpoint><Trackpoint><Time>2025-07-18T10:57:55.242Z</Time><DistanceMeters>1100.0</DistanceMeters><HeartRateBpm><Value>128</Value></HeartRateBpm><SensorState>Present</SensorState></Trackpoint><Trackpoint><Time>2025-07-18T10:57:56.242Z</Time><DistanceMeters>1100.0</DistanceMeters><HeartRateBpm><Value>128</Value></HeartRateBpm><SensorState>Present</SensorState></Trackpoint><Trackpoint><Time>2025-07-18T10:57:57.242Z</Time><DistanceMeters>1100.0</DistanceMeters><HeartRateBpm><Value>129</Value></HeartRateBpm><SensorState>Present</SensorState></Trackpoint><Trackpoint><Time>2025-07-18T10:57:58.242Z</Time><DistanceMeters>1101.068376104037</DistanceMeters><HeartRateBpm><Value>130</Value></HeartRateBpm><SensorState>Present</SensorState></Trackpoint><Trackpoint><Time>2025-07-18T10:57:59.242Z</Time><DistanceMeters>1102.136752208074</DistanceMeters><HeartRateBpm><Value>130</Value></HeartRateBpm><SensorState>Present</SensorState></Trackpoint><Trackpoint><Time>2025-07-18T10:58:00.242Z</Time><DistanceMeters>1103.2051283121111</DistanceMeters><HeartRateBpm><Value>131</Value></HeartRateBpm><SensorState>Present</SensorState></Trackpoint><Trackpoint><Time>2025-07-18T10:58:01.242Z</Time><DistanceMeters>1104.2735044161482</DistanceMeters><HeartRateBpm><Value>131</Value></HeartRateBpm><SensorState>Present</SensorState></Trackpoint><Trackpoint><Time>2025-07-18T10:58:02.242Z</Time><DistanceMeters>1105.3418805201852</DistanceMeters><HeartRateBpm><Value>131</Value></HeartRateBpm><SensorState>Present</SensorState></Trackpoint><Trackpoint><Time>2025-07-18T10:58:03.242Z</Time><DistanceMeters>1106.4102566242223</DistanceMeters><HeartRateBpm><Value>131</Value></HeartRateBpm><SensorState>Present</SensorState></Trackpoint><Trackpoint><Time>2025-07-18T10:58:04.242Z</Time><DistanceMeters>1107.4786327282593</DistanceMeters><HeartRateBpm><Value>131</Value></HeartRateBpm><SensorState>Present</SensorState></Trackpoint><Trackpoint><Time>2025-07-18T10:58:05.242Z</Time><DistanceMeters>1108.5470088322963</DistanceMeters><HeartRateBpm><Value>131</Value></HeartRateBpm><SensorState>Present</SensorState></Trackpoint><Trackpoint><Time>2025-07-18T10:58:06.242Z</Time><DistanceMeters>1109.6153849363334</DistanceMeters><HeartRateBpm><Value>132</Value></HeartRateBpm><SensorState>Present</SensorState></Trackpoint><Trackpoint><Time>2025-07-18T10:58:07.242Z</Time><DistanceMeters>1110.6837610403704</DistanceMeters><HeartRateBpm><Value>132</Value></HeartRateBpm><SensorState>Present</SensorState></Trackpoint><Trackpoint><Time>2025-07-18T10:58:08.242Z</Time><DistanceMeters>1111.7521371444075</DistanceMeters><HeartRateBpm><Value>132</Value></HeartRateBpm><SensorState>Present</SensorState></Trackpoint><Trackpoint><Time>2025-07-18T10:58:09.242Z</Time><DistanceMeters>1125.0</DistanceMeters><HeartRateBpm><Value>132</Value></HeartRateBpm><SensorState>Present</SensorState></Trackpoint><Trackpoint><Time>2025-07-18T10:58:10.242Z</Time><DistanceMeters>1125.0</DistanceMeters><HeartRateBpm><Value>132</Value></HeartRateBpm><SensorState>Present</SensorState></Trackpoint><Trackpoint><Time>2025-07-18T10:58:11.242Z</Time><DistanceMeters>1125.0</DistanceMeters><HeartRateBpm><Value>133</Value></HeartRateBpm><SensorState>Present</SensorState></Trackpoint><Trackpoint><Time>2025-07-18T10:58:12.242Z</Time><DistanceMeters>1125.0</DistanceMeters><HeartRateBpm><Value>133</Value></HeartRateBpm><SensorState>Present</SensorState></Trackpoint><Trackpoint><Time>2025-07-18T10:58:13.242Z</Time><DistanceMeters>1125.0</DistanceMeters><HeartRateBpm><Value>133</Value></HeartRateBpm><SensorState>Present</SensorState></Trackpoint><Trackpoint><Time>2025-07-18T10:58:14.242Z</Time><DistanceMeters>1125.0</DistanceMeters><HeartRateBpm><Value>134</Value></HeartRateBpm><SensorState>Present</SensorState></Trackpoint><Trackpoint><Time>2025-07-18T10:58:15.242Z</Time><DistanceMeters>1125.0</DistanceMeters><HeartRateBpm><Value>134</Value></HeartRateBpm><SensorState>Present</SensorState></Trackpoint><Trackpoint><Time>2025-07-18T10:58:16.242Z</Time><DistanceMeters>1125.0</DistanceMeters><HeartRateBpm><Value>134</Value></HeartRateBpm><SensorState>Present</SensorState></Trackpoint><Trackpoint><Time>2025-07-18T10:58:17.242Z</Time><DistanceMeters>1125.0</DistanceMeters><HeartRateBpm><Value>134</Value></HeartRateBpm><SensorState>Present</SensorState></Trackpoint><Trackpoint><Time>2025-07-18T10:58:18.242Z</Time><DistanceMeters>1125.0</DistanceMeters><HeartRateBpm><Value>135</Value></HeartRateBpm><SensorState>Present</SensorState></Trackpoint><Trackpoint><Time>2025-07-18T10:58:19.242Z</Time><DistanceMeters>1125.0</DistanceMeters><HeartRateBpm><Value>136</Value></HeartRateBpm><SensorState>Present</SensorState></Trackpoint><Trackpoint><Time>2025-07-18T10:58:20.242Z</Time><DistanceMeters>1125.0</DistanceMeters><HeartRateBpm><Value>136</Value></HeartRateBpm><SensorState>Present</SensorState></Trackpoint><Trackpoint><Time>2025-07-18T10:58:21.242Z</Time><DistanceMeters>1125.0</DistanceMeters><HeartRateBpm><Value>136</Value></HeartRateBpm><SensorState>Present</SensorState></Trackpoint><Trackpoint><Time>2025-07-18T10:58:22.242Z</Time><DistanceMeters>1125.0</DistanceMeters><HeartRateBpm><Value>136</Value></HeartRateBpm><SensorState>Present</SensorState></Trackpoint><Trackpoint><Time>2025-07-18T10:58:23.242Z</Time><DistanceMeters>1125.0</DistanceMeters><HeartRateBpm><Value>135</Value></HeartRateBpm><SensorState>Present</SensorState></Trackpoint><Trackpoint><Time>2025-07-18T10:58:24.242Z</Time><DistanceMeters>1125.0</DistanceMeters><HeartRateBpm><Value>135</Value></HeartRateBpm><SensorState>Present</SensorState></Trackpoint><Trackpoint><Time>2025-07-18T10:58:25.242Z</Time><DistanceMeters>1125.0</DistanceMeters><HeartRateBpm><Value>135</Value></HeartRateBpm><SensorState>Present</SensorState></Trackpoint><Trackpoint><Time>2025-07-18T10:58:26.242Z</Time><DistanceMeters>1125.0</DistanceMeters><HeartRateBpm><Value>134</Value></HeartRateBpm><SensorState>Present</SensorState></Trackpoint><Trackpoint><Time>2025-07-18T10:58:27.242Z</Time><DistanceMeters>1125.0</DistanceMeters><HeartRateBpm><Value>135</Value></HeartRateBpm><SensorState>Present</SensorState></Trackpoint><Trackpoint><Time>2025-07-18T10:58:28.242Z</Time><DistanceMeters>1125.0</DistanceMeters><HeartRateBpm><Value>135</Value></HeartRateBpm><SensorState>Present</SensorState></Trackpoint><Trackpoint><Time>2025-07-18T10:58:29.242Z</Time><DistanceMeters>1126.068376104037</DistanceMeters><HeartRateBpm><Value>135</Value></HeartRateBpm><SensorState>Present</SensorState></Trackpoint><Trackpoint><Time>2025-07-18T10:58:30.242Z</Time><DistanceMeters>1127.136752208074</DistanceMeters><HeartRateBpm><Value>135</Value></HeartRateBpm><SensorState>Present</SensorState></Trackpoint><Trackpoint><Time>2025-07-18T10:58:31.242Z</Time><DistanceMeters>1128.2051283121111</DistanceMeters><HeartRateBpm><Value>135</Value></HeartRateBpm><SensorState>Present</SensorState></Trackpoint><Trackpoint><Time>2025-07-18T10:58:32.242Z</Time><DistanceMeters>1129.2735044161482</DistanceMeters><HeartRateBpm><Value>135</Value></HeartRateBpm><SensorState>Present</SensorState></Trackpoint><Trackpoint><Time>2025-07-18T10:58:33.242Z</Time><DistanceMeters>1130.3418805201852</DistanceMeters><HeartRateBpm><Value>135</Value></HeartRateBpm><SensorState>Present</SensorState></Trackpoint><Trackpoint><Time>2025-07-18T10:58:34.242Z</Time><DistanceMeters>1131.4102566242223</DistanceMeters><HeartRateBpm><Value>135</Value></HeartRateBpm><SensorState>Present</SensorState></Trackpoint><Trackpoint><Time>2025-07-18T10:58:35.242Z</Time><DistanceMeters>1132.4786327282593</DistanceMeters><HeartRateBpm><Value>134</Value></HeartRateBpm><SensorState>Present</SensorState></Trackpoint><Trackpoint><Time>2025-07-18T10:58:36.242Z</Time><DistanceMeters>1133.5470088322963</DistanceMeters><HeartRateBpm><Value>134</Value></HeartRateBpm><SensorState>Present</SensorState></Trackpoint><Trackpoint><Time>2025-07-18T10:58:37.242Z</Time><DistanceMeters>1134.6153849363334</DistanceMeters><HeartRateBpm><Value>133</Value></HeartRateBpm><SensorState>Present</SensorState></Trackpoint><Trackpoint><Time>2025-07-18T10:58:38.242Z</Time><DistanceMeters>1135.6837610403704</DistanceMeters><HeartRateBpm><Value>133</Value></HeartRateBpm><SensorState>Present</SensorState></Trackpoint><Trackpoint><Time>2025-07-18T10:58:39.242Z</Time><DistanceMeters>1136.7521371444075</DistanceMeters><HeartRateBpm><Value>133</Value></HeartRateBpm><SensorState>Present</SensorState></Trackpoint><Trackpoint><Time>2025-07-18T10:58:40.242Z</Time><DistanceMeters>1150.0</DistanceMeters><HeartRateBpm><Value>133</Value></HeartRateBpm><SensorState>Present</SensorState></Trackpoint><Trackpoint><Time>2025-07-18T10:58:41.242Z</Time><DistanceMeters>1150.0</DistanceMeters><HeartRateBpm><Value>133</Value></HeartRateBpm><SensorState>Present</SensorState></Trackpoint><Trackpoint><Time>2025-07-18T10:58:42.242Z</Time><DistanceMeters>1150.0</DistanceMeters><HeartRateBpm><Value>133</Value></HeartRateBpm><SensorState>Present</SensorState></Trackpoint><Trackpoint><Time>2025-07-18T10:58:43.242Z</Time><DistanceMeters>1150.0</DistanceMeters><HeartRateBpm><Value>134</Value></HeartRateBpm><SensorState>Present</SensorState></Trackpoint><Trackpoint><Time>2025-07-18T10:58:44.242Z</Time><DistanceMeters>1150.0</DistanceMeters><HeartRateBpm><Value>134</Value></HeartRateBpm><SensorState>Present</SensorState></Trackpoint><Trackpoint><Time>2025-07-18T10:58:45.242Z</Time><DistanceMeters>1150.0</DistanceMeters><HeartRateBpm><Value>134</Value></HeartRateBpm><SensorState>Present</SensorState></Trackpoint><Trackpoint><Time>2025-07-18T10:58:46.242Z</Time><DistanceMeters>1150.0</DistanceMeters><HeartRateBpm><Value>134</Value></HeartRateBpm><SensorState>Present</SensorState></Trackpoint><Trackpoint><Time>2025-07-18T10:58:47.242Z</Time><DistanceMeters>1150.0</DistanceMeters><HeartRateBpm><Value>133</Value></HeartRateBpm><SensorState>Present</SensorState></Trackpoint><Trackpoint><Time>2025-07-18T10:58:48.242Z</Time><DistanceMeters>1150.0</DistanceMeters><HeartRateBpm><Value>133</Value></HeartRateBpm><SensorState>Present</SensorState></Trackpoint><Trackpoint><Time>2025-07-18T10:58:49.242Z</Time><DistanceMeters>1150.0</DistanceMeters><HeartRateBpm><Value>133</Value></HeartRateBpm><SensorState>Present</SensorState></Trackpoint><Trackpoint><Time>2025-07-18T10:58:50.242Z</Time><DistanceMeters>1150.0</DistanceMeters><HeartRateBpm><Value>132</Value></HeartRateBpm><SensorState>Present</SensorState></Trackpoint><Trackpoint><Time>2025-07-18T10:58:51.242Z</Time><DistanceMeters>1150.0</DistanceMeters><HeartRateBpm><Value>132</Value></HeartRateBpm><SensorState>Present</SensorState></Trackpoint><Trackpoint><Time>2025-07-18T10:58:52.242Z</Time><DistanceMeters>1150.0</DistanceMeters><HeartRateBpm><Value>131</Value></HeartRateBpm><SensorState>Present</SensorState></Trackpoint><Trackpoint><Time>2025-07-18T10:58:53.242Z</Time><DistanceMeters>1150.0</DistanceMeters><HeartRateBpm><Value>131</Value></HeartRateBpm><SensorState>Present</SensorState></Trackpoint><Trackpoint><Time>2025-07-18T10:58:54.242Z</Time><DistanceMeters>1150.0</DistanceMeters><HeartRateBpm><Value>130</Value></HeartRateBpm><SensorState>Present</SensorState></Trackpoint><Trackpoint><Time>2025-07-18T10:58:55.242Z</Time><DistanceMeters>1150.0</DistanceMeters><HeartRateBpm><Value>129</Value></HeartRateBpm><SensorState>Present</SensorState></Trackpoint><Trackpoint><Time>2025-07-18T10:58:56.242Z</Time><DistanceMeters>1150.0</DistanceMeters><HeartRateBpm><Value>128</Value></HeartRateBpm><SensorState>Present</SensorState></Trackpoint><Trackpoint><Time>2025-07-18T10:58:57.242Z</Time><DistanceMeters>1150.0</DistanceMeters><HeartRateBpm><Value>127</Value></HeartRateBpm><SensorState>Present</SensorState></Trackpoint><Trackpoint><Time>2025-07-18T10:58:58.242Z</Time><DistanceMeters>1150.0</DistanceMeters><HeartRateBpm><Value>126</Value></HeartRateBpm><SensorState>Present</SensorState></Trackpoint><Trackpoint><Time>2025-07-18T10:58:59.242Z</Time><DistanceMeters>1151.068376104037</DistanceMeters><HeartRateBpm><Value>126</Value></HeartRateBpm><SensorState>Present</SensorState></Trackpoint><Trackpoint><Time>2025-07-18T10:59:00.242Z</Time><DistanceMeters>1152.136752208074</DistanceMeters><HeartRateBpm><Value>126</Value></HeartRateBpm><SensorState>Present</SensorState></Trackpoint><Trackpoint><Time>2025-07-18T10:59:01.242Z</Time><DistanceMeters>1153.2051283121111</DistanceMeters><HeartRateBpm><Value>126</Value></HeartRateBpm><SensorState>Present</SensorState></Trackpoint><Trackpoint><Time>2025-07-18T10:59:02.242Z</Time><DistanceMeters>1154.2735044161482</DistanceMeters><HeartRateBpm><Value>126</Value></HeartRateBpm><SensorState>Present</SensorState></Trackpoint><Trackpoint><Time>2025-07-18T10:59:03.242Z</Time><DistanceMeters>1155.3418805201852</DistanceMeters><HeartRateBpm><Value>126</Value></HeartRateBpm><SensorState>Present</SensorState></Trackpoint><Trackpoint><Time>2025-07-18T10:59:04.242Z</Time><DistanceMeters>1156.4102566242223</DistanceMeters><HeartRateBpm><Value>126</Value></HeartRateBpm><SensorState>Present</SensorState></Trackpoint><Trackpoint><Time>2025-07-18T10:59:05.242Z</Time><DistanceMeters>1157.4786327282593</DistanceMeters><HeartRateBpm><Value>127</Value></HeartRateBpm><SensorState>Present</SensorState></Trackpoint><Trackpoint><Time>2025-07-18T10:59:06.242Z</Time><DistanceMeters>1158.5470088322963</DistanceMeters><HeartRateBpm><Value>128</Value></HeartRateBpm><SensorState>Present</SensorState></Trackpoint><Trackpoint><Time>2025-07-18T10:59:07.242Z</Time><DistanceMeters>1159.6153849363334</DistanceMeters><HeartRateBpm><Value>128</Value></HeartRateBpm><SensorState>Present</SensorState></Trackpoint><Trackpoint><Time>2025-07-18T10:59:08.242Z</Time><DistanceMeters>1160.6837610403704</DistanceMeters><HeartRateBpm><Value>129</Value></HeartRateBpm><SensorState>Present</SensorState></Trackpoint><Trackpoint><Time>2025-07-18T10:59:09.242Z</Time><DistanceMeters>1161.7521371444075</DistanceMeters><HeartRateBpm><Value>129</Value></HeartRateBpm><SensorState>Present</SensorState></Trackpoint><Trackpoint><Time>2025-07-18T10:59:10.242Z</Time><DistanceMeters>1175.0</DistanceMeters><HeartRateBpm><Value>129</Value></HeartRateBpm><SensorState>Present</SensorState></Trackpoint><Trackpoint><Time>2025-07-18T10:59:11.242Z</Time><DistanceMeters>1175.0</DistanceMeters><HeartRateBpm><Value>129</Value></HeartRateBpm><SensorState>Present</SensorState></Trackpoint><Trackpoint><Time>2025-07-18T10:59:12.242Z</Time><DistanceMeters>1175.0</DistanceMeters><HeartRateBpm><Value>130</Value></HeartRateBpm><SensorState>Present</SensorState></Trackpoint><Trackpoint><Time>2025-07-18T10:59:13.242Z</Time><DistanceMeters>1175.0</DistanceMeters><HeartRateBpm><Value>130</Value></HeartRateBpm><SensorState>Present</SensorState></Trackpoint><Trackpoint><Time>2025-07-18T10:59:14.242Z</Time><DistanceMeters>1175.0</DistanceMeters><HeartRateBpm><Value>131</Value></HeartRateBpm><SensorState>Present</SensorState></Trackpoint><Trackpoint><Time>2025-07-18T10:59:15.242Z</Time><DistanceMeters>1175.0</DistanceMeters><HeartRateBpm><Value>131</Value></HeartRateBpm><SensorState>Present</SensorState></Trackpoint><Trackpoint><Time>2025-07-18T10:59:16.242Z</Time><DistanceMeters>1175.0</DistanceMeters><HeartRateBpm><Value>131</Value></HeartRateBpm><SensorState>Present</SensorState></Trackpoint><Trackpoint><Time>2025-07-18T10:59:17.242Z</Time><DistanceMeters>1175.0</DistanceMeters><HeartRateBpm><Value>130</Value></HeartRateBpm><SensorState>Present</SensorState></Trackpoint><Trackpoint><Time>2025-07-18T10:59:18.242Z</Time><DistanceMeters>1175.0</DistanceMeters><HeartRateBpm><Value>130</Value></HeartRateBpm><SensorState>Present</SensorState></Trackpoint><Trackpoint><Time>2025-07-18T10:59:19.242Z</Time><DistanceMeters>1175.0</DistanceMeters><HeartRateBpm><Value>130</Value></HeartRateBpm><SensorState>Present</SensorState></Trackpoint><Trackpoint><Time>2025-07-18T10:59:20.242Z</Time><DistanceMeters>1175.0</DistanceMeters><HeartRateBpm><Value>131</Value></HeartRateBpm><SensorState>Present</SensorState></Trackpoint><Trackpoint><Time>2025-07-18T10:59:21.242Z</Time><DistanceMeters>1175.0</DistanceMeters><HeartRateBpm><Value>132</Value></HeartRateBpm><SensorState>Present</SensorState></Trackpoint><Trackpoint><Time>2025-07-18T10:59:22.242Z</Time><DistanceMeters>1175.0</DistanceMeters><HeartRateBpm><Value>133</Value></HeartRateBpm><SensorState>Present</SensorState></Trackpoint><Trackpoint><Time>2025-07-18T10:59:23.242Z</Time><DistanceMeters>1175.0</DistanceMeters><HeartRateBpm><Value>134</Value></HeartRateBpm><SensorState>Present</SensorState></Trackpoint><Trackpoint><Time>2025-07-18T10:59:24.242Z</Time><DistanceMeters>1175.0</DistanceMeters><HeartRateBpm><Value>134</Value></HeartRateBpm><SensorState>Present</SensorState></Trackpoint><Trackpoint><Time>2025-07-18T10:59:25.242Z</Time><DistanceMeters>1175.0</DistanceMeters><HeartRateBpm><Value>134</Value></HeartRateBpm><SensorState>Present</SensorState></Trackpoint><Trackpoint><Time>2025-07-18T10:59:26.242Z</Time><DistanceMeters>1175.0</DistanceMeters><HeartRateBpm><Value>134</Value></HeartRateBpm><SensorState>Present</SensorState></Trackpoint><Trackpoint><Time>2025-07-18T10:59:27.242Z</Time><DistanceMeters>1175.0</DistanceMeters><HeartRateBpm><Value>134</Value></HeartRateBpm><SensorState>Present</SensorState></Trackpoint><Trackpoint><Time>2025-07-18T10:59:28.242Z</Time><DistanceMeters>1175.0</DistanceMeters><HeartRateBpm><Value>134</Value></HeartRateBpm><SensorState>Present</SensorState></Trackpoint><Trackpoint><Time>2025-07-18T10:59:29.242Z</Time><DistanceMeters>1175.0</DistanceMeters><HeartRateBpm><Value>134</Value></HeartRateBpm><SensorState>Present</SensorState></Trackpoint><Trackpoint><Time>2025-07-18T10:59:30.242Z</Time><DistanceMeters>1175.0</DistanceMeters><HeartRateBpm><Value>134</Value></HeartRateBpm><SensorState>Present</SensorState></Trackpoint><Trackpoint><Time>2025-07-18T10:59:31.242Z</Time><DistanceMeters>1176.068376104037</DistanceMeters><HeartRateBpm><Value>134</Value></HeartRateBpm><SensorState>Present</SensorState></Trackpoint><Trackpoint><Time>2025-07-18T10:59:32.242Z</Time><DistanceMeters>1177.136752208074</DistanceMeters><HeartRateBpm><Value>134</Value></HeartRateBpm><SensorState>Present</SensorState></Trackpoint><Trackpoint><Time>2025-07-18T10:59:33.242Z</Time><DistanceMeters>1178.2051283121111</DistanceMeters><HeartRateBpm><Value>134</Value></HeartRateBpm><SensorState>Present</SensorState></Trackpoint><Trackpoint><Time>2025-07-18T10:59:34.242Z</Time><DistanceMeters>1179.2735044161482</DistanceMeters><HeartRateBpm><Value>133</Value></HeartRateBpm><SensorState>Present</SensorState></Trackpoint><Trackpoint><Time>2025-07-18T10:59:35.242Z</Time><DistanceMeters>1180.3418805201852</DistanceMeters><HeartRateBpm><Value>132</Value></HeartRateBpm><SensorState>Present</SensorState></Trackpoint><Trackpoint><Time>2025-07-18T10:59:36.242Z</Time><DistanceMeters>1181.4102566242223</DistanceMeters><HeartRateBpm><Value>130</Value></HeartRateBpm><SensorState>Present</SensorState></Trackpoint><Trackpoint><Time>2025-07-18T10:59:37.242Z</Time><DistanceMeters>1182.4786327282593</DistanceMeters><HeartRateBpm><Value>129</Value></HeartRateBpm><SensorState>Present</SensorState></Trackpoint><Trackpoint><Time>2025-07-18T10:59:38.242Z</Time><DistanceMeters>1183.5470088322963</DistanceMeters><HeartRateBpm><Value>128</Value></HeartRateBpm><SensorState>Present</SensorState></Trackpoint><Trackpoint><Time>2025-07-18T10:59:39.242Z</Time><DistanceMeters>1184.6153849363334</DistanceMeters><HeartRateBpm><Value>128</Value></HeartRateBpm><SensorState>Present</SensorState></Trackpoint><Trackpoint><Time>2025-07-18T10:59:40.242Z</Time><DistanceMeters>1185.6837610403704</DistanceMeters><HeartRateBpm><Value>128</Value></HeartRateBpm><SensorState>Present</SensorState></Trackpoint><Trackpoint><Time>2025-07-18T10:59:41.242Z</Time><DistanceMeters>1186.7521371444075</DistanceMeters><HeartRateBpm><Value>127</Value></HeartRateBpm><SensorState>Present</SensorState></Trackpoint><Trackpoint><Time>2025-07-18T10:59:42.242Z</Time><DistanceMeters>1200.0</DistanceMeters><HeartRateBpm><Value>126</Value></HeartRateBpm><SensorState>Present</SensorState></Trackpoint><Trackpoint><Time>2025-07-18T10:59:43.242Z</Time><DistanceMeters>1200.0</DistanceMeters><HeartRateBpm><Value>125</Value></HeartRateBpm><SensorState>Present</SensorState></Trackpoint><Trackpoint><Time>2025-07-18T10:59:44.242Z</Time><DistanceMeters>1200.0</DistanceMeters><HeartRateBpm><Value>124</Value></HeartRateBpm><SensorState>Present</SensorState></Trackpoint><Trackpoint><Time>2025-07-18T10:59:45.242Z</Time><DistanceMeters>1200.0</DistanceMeters><HeartRateBpm><Value>123</Value></HeartRateBpm><SensorState>Present</SensorState></Trackpoint><Trackpoint><Time>2025-07-18T10:59:46.242Z</Time><DistanceMeters>1200.0</DistanceMeters><HeartRateBpm><Value>123</Value></HeartRateBpm><SensorState>Present</SensorState></Trackpoint><Trackpoint><Time>2025-07-18T10:59:47.242Z</Time><DistanceMeters>1200.0</DistanceMeters><HeartRateBpm><Value>123</Value></HeartRateBpm><SensorState>Present</SensorState></Trackpoint><Trackpoint><Time>2025-07-18T10:59:48.242Z</Time><DistanceMeters>1200.0</DistanceMeters><HeartRateBpm><Value>123</Value></HeartRateBpm><SensorState>Present</SensorState></Trackpoint><Trackpoint><Time>2025-07-18T10:59:49.242Z</Time><DistanceMeters>1200.0</DistanceMeters><HeartRateBpm><Value>124</Value></HeartRateBpm><SensorState>Present</SensorState></Trackpoint><Trackpoint><Time>2025-07-18T10:59:50.242Z</Time><DistanceMeters>1200.0</DistanceMeters><HeartRateBpm><Value>124</Value></HeartRateBpm><SensorState>Present</SensorState></Trackpoint><Trackpoint><Time>2025-07-18T10:59:51.242Z</Time><DistanceMeters>1200.0</DistanceMeters><HeartRateBpm><Value>125</Value></HeartRateBpm><SensorState>Present</SensorState></Trackpoint><Trackpoint><Time>2025-07-18T10:59:52.242Z</Time><DistanceMeters>1200.0</DistanceMeters><HeartRateBpm><Value>126</Value></HeartRateBpm><SensorState>Present</SensorState></Trackpoint><Trackpoint><Time>2025-07-18T10:59:53.242Z</Time><DistanceMeters>1200.0</DistanceMeters><HeartRateBpm><Value>126</Value></HeartRateBpm><SensorState>Present</SensorState></Trackpoint><Trackpoint><Time>2025-07-18T10:59:54.242Z</Time><DistanceMeters>1200.0</DistanceMeters><HeartRateBpm><Value>126</Value></HeartRateBpm><SensorState>Present</SensorState></Trackpoint><Trackpoint><Time>2025-07-18T10:59:55.242Z</Time><DistanceMeters>1200.0</DistanceMeters><HeartRateBpm><Value>127</Value></HeartRateBpm><SensorState>Present</SensorState></Trackpoint><Trackpoint><Time>2025-07-18T10:59:56.242Z</Time><DistanceMeters>1200.0</DistanceMeters><HeartRateBpm><Value>127</Value></HeartRateBpm><SensorState>Present</SensorState></Trackpoint><Trackpoint><Time>2025-07-18T10:59:57.242Z</Time><DistanceMeters>1200.0</DistanceMeters><HeartRateBpm><Value>128</Value></HeartRateBpm><SensorState>Present</SensorState></Trackpoint><Trackpoint><Time>2025-07-18T10:59:58.242Z</Time><DistanceMeters>1200.0</DistanceMeters><HeartRateBpm><Value>128</Value></HeartRateBpm><SensorState>Present</SensorState></Trackpoint><Trackpoint><Time>2025-07-18T10:59:59.242Z</Time><DistanceMeters>1200.0</DistanceMeters><HeartRateBpm><Value>129</Value></HeartRateBpm><SensorState>Present</SensorState></Trackpoint><Trackpoint><Time>2025-07-18T11:00:00.242Z</Time><DistanceMeters>1200.0</DistanceMeters><HeartRateBpm><Value>129</Value></HeartRateBpm><SensorState>Present</SensorState></Trackpoint><Trackpoint><Time>2025-07-18T11:00:01.242Z</Time><DistanceMeters>1200.0</DistanceMeters><HeartRateBpm><Value>130</Value></HeartRateBpm><SensorState>Present</SensorState></Trackpoint><Trackpoint><Time>2025-07-18T11:00:02.242Z</Time><DistanceMeters>1201.068376104037</DistanceMeters><HeartRateBpm><Value>130</Value></HeartRateBpm><SensorState>Present</SensorState></Trackpoint><Trackpoint><Time>2025-07-18T11:00:03.242Z</Time><DistanceMeters>1202.136752208074</DistanceMeters><HeartRateBpm><Value>131</Value></HeartRateBpm><SensorState>Present</SensorState></Trackpoint><Trackpoint><Time>2025-07-18T11:00:04.242Z</Time><DistanceMeters>1203.2051283121111</DistanceMeters><HeartRateBpm><Value>131</Value></HeartRateBpm><SensorState>Present</SensorState></Trackpoint><Trackpoint><Time>2025-07-18T11:00:05.242Z</Time><DistanceMeters>1204.2735044161482</DistanceMeters><HeartRateBpm><Value>132</Value></HeartRateBpm><SensorState>Present</SensorState></Trackpoint><Trackpoint><Time>2025-07-18T11:00:06.242Z</Time><DistanceMeters>1205.3418805201852</DistanceMeters><HeartRateBpm><Value>132</Value></HeartRateBpm><SensorState>Present</SensorState></Trackpoint><Trackpoint><Time>2025-07-18T11:00:07.242Z</Time><DistanceMeters>1206.4102566242223</DistanceMeters><HeartRateBpm><Value>132</Value></HeartRateBpm><SensorState>Present</SensorState></Trackpoint><Trackpoint><Time>2025-07-18T11:00:08.242Z</Time><DistanceMeters>1207.4786327282593</DistanceMeters><HeartRateBpm><Value>132</Value></HeartRateBpm><SensorState>Present</SensorState></Trackpoint><Trackpoint><Time>2025-07-18T11:00:09.242Z</Time><DistanceMeters>1208.5470088322963</DistanceMeters><HeartRateBpm><Value>131</Value></HeartRateBpm><SensorState>Present</SensorState></Trackpoint><Trackpoint><Time>2025-07-18T11:00:10.242Z</Time><DistanceMeters>1209.6153849363334</DistanceMeters><HeartRateBpm><Value>130</Value></HeartRateBpm><SensorState>Present</SensorState></Trackpoint><Trackpoint><Time>2025-07-18T11:00:11.242Z</Time><DistanceMeters>1210.6837610403704</DistanceMeters><HeartRateBpm><Value>129</Value></HeartRateBpm><SensorState>Present</SensorState></Trackpoint><Trackpoint><Time>2025-07-18T11:00:12.242Z</Time><DistanceMeters>1211.7521371444075</DistanceMeters><HeartRateBpm><Value>129</Value></HeartRateBpm><SensorState>Present</SensorState></Trackpoint><Trackpoint><Time>2025-07-18T11:00:13.242Z</Time><DistanceMeters>1225.0</DistanceMeters><HeartRateBpm><Value>129</Value></HeartRateBpm><SensorState>Present</SensorState></Trackpoint><Trackpoint><Time>2025-07-18T11:00:14.242Z</Time><DistanceMeters>1225.0</DistanceMeters><HeartRateBpm><Value>128</Value></HeartRateBpm><SensorState>Present</SensorState></Trackpoint><Trackpoint><Time>2025-07-18T11:00:15.242Z</Time><DistanceMeters>1225.0</DistanceMeters><HeartRateBpm><Value>128</Value></HeartRateBpm><SensorState>Present</SensorState></Trackpoint><Trackpoint><Time>2025-07-18T11:00:16.242Z</Time><DistanceMeters>1225.0</DistanceMeters><HeartRateBpm><Value>128</Value></HeartRateBpm><SensorState>Present</SensorState></Trackpoint><Trackpoint><Time>2025-07-18T11:00:17.242Z</Time><DistanceMeters>1225.0</DistanceMeters><HeartRateBpm><Value>127</Value></HeartRateBpm><SensorState>Present</SensorState></Trackpoint><Trackpoint><Time>2025-07-18T11:00:18.242Z</Time><DistanceMeters>1225.0</DistanceMeters><HeartRateBpm><Value>126</Value></HeartRateBpm><SensorState>Present</SensorState></Trackpoint><Trackpoint><Time>2025-07-18T11:00:19.242Z</Time><DistanceMeters>1225.0</DistanceMeters><HeartRateBpm><Value>126</Value></HeartRateBpm><SensorState>Present</SensorState></Trackpoint><Trackpoint><Time>2025-07-18T11:00:20.242Z</Time><DistanceMeters>1225.0</DistanceMeters><HeartRateBpm><Value>125</Value></HeartRateBpm><SensorState>Present</SensorState></Trackpoint><Trackpoint><Time>2025-07-18T11:00:21.242Z</Time><DistanceMeters>1225.0</DistanceMeters><HeartRateBpm><Value>125</Value></HeartRateBpm><SensorState>Present</SensorState></Trackpoint><Trackpoint><Time>2025-07-18T11:00:22.242Z</Time><DistanceMeters>1225.0</DistanceMeters><HeartRateBpm><Value>124</Value></HeartRateBpm><SensorState>Present</SensorState></Trackpoint><Trackpoint><Time>2025-07-18T11:00:23.242Z</Time><DistanceMeters>1225.0</DistanceMeters><HeartRateBpm><Value>123</Value></HeartRateBpm><SensorState>Present</SensorState></Trackpoint><Trackpoint><Time>2025-07-18T11:00:24.242Z</Time><DistanceMeters>1225.0</DistanceMeters><HeartRateBpm><Value>122</Value></HeartRateBpm><SensorState>Present</SensorState></Trackpoint><Trackpoint><Time>2025-07-18T11:00:25.242Z</Time><DistanceMeters>1225.0</DistanceMeters><HeartRateBpm><Value>122</Value></HeartRateBpm><SensorState>Present</SensorState></Trackpoint><Trackpoint><Time>2025-07-18T11:00:26.242Z</Time><DistanceMeters>1225.0</DistanceMeters><HeartRateBpm><Value>122</Value></HeartRateBpm><SensorState>Present</SensorState></Trackpoint><Trackpoint><Time>2025-07-18T11:00:27.242Z</Time><DistanceMeters>1225.0</DistanceMeters><HeartRateBpm><Value>121</Value></HeartRateBpm><SensorState>Present</SensorState></Trackpoint><Trackpoint><Time>2025-07-18T11:00:28.242Z</Time><DistanceMeters>1225.0</DistanceMeters><HeartRateBpm><Value>120</Value></HeartRateBpm><SensorState>Present</SensorState></Trackpoint><Trackpoint><Time>2025-07-18T11:00:29.242Z</Time><DistanceMeters>1225.0</DistanceMeters><HeartRateBpm><Value>118</Value></HeartRateBpm><SensorState>Present</SensorState></Trackpoint><Trackpoint><Time>2025-07-18T11:00:30.242Z</Time><DistanceMeters>1225.0</DistanceMeters><HeartRateBpm><Value>118</Value></HeartRateBpm><SensorState>Present</SensorState></Trackpoint><Trackpoint><Time>2025-07-18T11:00:31.242Z</Time><DistanceMeters>1225.0</DistanceMeters><HeartRateBpm><Value>118</Value></HeartRateBpm><SensorState>Present</SensorState></Trackpoint><Trackpoint><Time>2025-07-18T11:00:32.242Z</Time><DistanceMeters>1226.068376104037</DistanceMeters><HeartRateBpm><Value>119</Value></HeartRateBpm><SensorState>Present</SensorState></Trackpoint><Trackpoint><Time>2025-07-18T11:00:33.242Z</Time><DistanceMeters>1227.136752208074</DistanceMeters><HeartRateBpm><Value>121</Value></HeartRateBpm><SensorState>Present</SensorState></Trackpoint><Trackpoint><Time>2025-07-18T11:00:34.242Z</Time><DistanceMeters>1228.2051283121111</DistanceMeters><HeartRateBpm><Value>123</Value></HeartRateBpm><SensorState>Present</SensorState></Trackpoint><Trackpoint><Time>2025-07-18T11:00:35.242Z</Time><DistanceMeters>1229.2735044161482</DistanceMeters><HeartRateBpm><Value>125</Value></HeartRateBpm><SensorState>Present</SensorState></Trackpoint><Trackpoint><Time>2025-07-18T11:00:36.242Z</Time><DistanceMeters>1230.3418805201852</DistanceMeters><HeartRateBpm><Value>126</Value></HeartRateBpm><SensorState>Present</SensorState></Trackpoint><Trackpoint><Time>2025-07-18T11:00:37.242Z</Time><DistanceMeters>1231.4102566242223</DistanceMeters><HeartRateBpm><Value>127</Value></HeartRateBpm><SensorState>Present</SensorState></Trackpoint><Trackpoint><Time>2025-07-18T11:00:38.242Z</Time><DistanceMeters>1232.4786327282593</DistanceMeters><HeartRateBpm><Value>127</Value></HeartRateBpm><SensorState>Present</SensorState></Trackpoint><Trackpoint><Time>2025-07-18T11:00:39.242Z</Time><DistanceMeters>1233.5470088322963</DistanceMeters><HeartRateBpm><Value>127</Value></HeartRateBpm><SensorState>Present</SensorState></Trackpoint><Trackpoint><Time>2025-07-18T11:00:40.242Z</Time><DistanceMeters>1234.6153849363334</DistanceMeters><HeartRateBpm><Value>128</Value></HeartRateBpm><SensorState>Present</SensorState></Trackpoint><Trackpoint><Time>2025-07-18T11:00:41.242Z</Time><DistanceMeters>1235.6837610403704</DistanceMeters><HeartRateBpm><Value>128</Value></HeartRateBpm><SensorState>Present</SensorState></Trackpoint><Trackpoint><Time>2025-07-18T11:00:42.242Z</Time><DistanceMeters>1236.7521371444075</DistanceMeters><HeartRateBpm><Value>128</Value></HeartRateBpm><SensorState>Present</SensorState></Trackpoint><Trackpoint><Time>2025-07-18T11:00:43.242Z</Time><DistanceMeters>1250.0</DistanceMeters><HeartRateBpm><Value>127</Value></HeartRateBpm><SensorState>Present</SensorState></Trackpoint><Trackpoint><Time>2025-07-18T11:00:44.242Z</Time><DistanceMeters>1250.0</DistanceMeters><HeartRateBpm><Value>128</Value></HeartRateBpm><SensorState>Present</SensorState></Trackpoint><Trackpoint><Time>2025-07-18T11:00:45.242Z</Time><DistanceMeters>1250.0</DistanceMeters><HeartRateBpm><Value>129</Value></HeartRateBpm><SensorState>Present</SensorState></Trackpoint><Trackpoint><Time>2025-07-18T11:00:46.242Z</Time><DistanceMeters>1250.0</DistanceMeters><HeartRateBpm><Value>130</Value></HeartRateBpm><SensorState>Present</SensorState></Trackpoint><Trackpoint><Time>2025-07-18T11:00:47.242Z</Time><DistanceMeters>1250.0</DistanceMeters><HeartRateBpm><Value>131</Value></HeartRateBpm><SensorState>Present</SensorState></Trackpoint><Trackpoint><Time>2025-07-18T11:00:48.242Z</Time><DistanceMeters>1250.0</DistanceMeters><HeartRateBpm><Value>131</Value></HeartRateBpm><SensorState>Present</SensorState></Trackpoint><Trackpoint><Time>2025-07-18T11:00:49.242Z</Time><DistanceMeters>1250.0</DistanceMeters><HeartRateBpm><Value>131</Value></HeartRateBpm><SensorState>Present</SensorState></Trackpoint><Trackpoint><Time>2025-07-18T11:00:50.242Z</Time><DistanceMeters>1250.0</DistanceMeters><HeartRateBpm><Value>131</Value></HeartRateBpm><SensorState>Present</SensorState></Trackpoint><Trackpoint><Time>2025-07-18T11:00:51.242Z</Time><DistanceMeters>1250.0</DistanceMeters><HeartRateBpm><Value>131</Value></HeartRateBpm><SensorState>Present</SensorState></Trackpoint><Trackpoint><Time>2025-07-18T11:00:52.242Z</Time><DistanceMeters>1250.0</DistanceMeters><HeartRateBpm><Value>130</Value></HeartRateBpm><SensorState>Present</SensorState></Trackpoint><Trackpoint><Time>2025-07-18T11:00:53.242Z</Time><DistanceMeters>1250.0</DistanceMeters><HeartRateBpm><Value>129</Value></HeartRateBpm><SensorState>Present</SensorState></Trackpoint><Trackpoint><Time>2025-07-18T11:00:54.242Z</Time><DistanceMeters>1250.0</DistanceMeters><HeartRateBpm><Value>129</Value></HeartRateBpm><SensorState>Present</SensorState></Trackpoint><Trackpoint><Time>2025-07-18T11:00:55.242Z</Time><DistanceMeters>1250.0</DistanceMeters><HeartRateBpm><Value>129</Value></HeartRateBpm><SensorState>Present</SensorState></Trackpoint><Trackpoint><Time>2025-07-18T11:00:56.242Z</Time><DistanceMeters>1250.0</DistanceMeters><HeartRateBpm><Value>129</Value></HeartRateBpm><SensorState>Present</SensorState></Trackpoint><Trackpoint><Time>2025-07-18T11:00:57.242Z</Time><DistanceMeters>1250.0</DistanceMeters><HeartRateBpm><Value>129</Value></HeartRateBpm><SensorState>Present</SensorState></Trackpoint><Trackpoint><Time>2025-07-18T11:00:58.242Z</Time><DistanceMeters>1250.0</DistanceMeters><HeartRateBpm><Value>129</Value></HeartRateBpm><SensorState>Present</SensorState></Trackpoint><Trackpoint><Time>2025-07-18T11:00:59.242Z</Time><DistanceMeters>1250.0</DistanceMeters><HeartRateBpm><Value>129</Value></HeartRateBpm><SensorState>Present</SensorState></Trackpoint><Trackpoint><Time>2025-07-18T11:01:00.242Z</Time><DistanceMeters>1250.0</DistanceMeters><HeartRateBpm><Value>129</Value></HeartRateBpm><SensorState>Present</SensorState></Trackpoint><Trackpoint><Time>2025-07-18T11:01:01.242Z</Time><DistanceMeters>1250.0</DistanceMeters><HeartRateBpm><Value>129</Value></HeartRateBpm><SensorState>Present</SensorState></Trackpoint><Trackpoint><Time>2025-07-18T11:01:02.242Z</Time><DistanceMeters>1250.0</DistanceMeters><HeartRateBpm><Value>129</Value></HeartRateBpm><SensorState>Present</SensorState></Trackpoint><Trackpoint><Time>2025-07-18T11:01:03.242Z</Time><DistanceMeters>1250.0</DistanceMeters><HeartRateBpm><Value>129</Value></HeartRateBpm><SensorState>Present</SensorState></Trackpoint><Trackpoint><Time>2025-07-18T11:01:04.242Z</Time><DistanceMeters>1251.068376104037</DistanceMeters><HeartRateBpm><Value>129</Value></HeartRateBpm><SensorState>Present</SensorState></Trackpoint><Trackpoint><Time>2025-07-18T11:01:05.242Z</Time><DistanceMeters>1252.136752208074</DistanceMeters><HeartRateBpm><Value>129</Value></HeartRateBpm><SensorState>Present</SensorState></Trackpoint><Trackpoint><Time>2025-07-18T11:01:06.242Z</Time><DistanceMeters>1253.2051283121111</DistanceMeters><HeartRateBpm><Value>130</Value></HeartRateBpm><SensorState>Present</SensorState></Trackpoint><Trackpoint><Time>2025-07-18T11:01:07.242Z</Time><DistanceMeters>1254.2735044161482</DistanceMeters><HeartRateBpm><Value>130</Value></HeartRateBpm><SensorState>Present</SensorState></Trackpoint><Trackpoint><Time>2025-07-18T11:01:08.242Z</Time><DistanceMeters>1255.3418805201852</DistanceMeters><HeartRateBpm><Value>130</Value></HeartRateBpm><SensorState>Present</SensorState></Trackpoint><Trackpoint><Time>2025-07-18T11:01:09.242Z</Time><DistanceMeters>1256.4102566242223</DistanceMeters><HeartRateBpm><Value>130</Value></HeartRateBpm><SensorState>Present</SensorState></Trackpoint><Trackpoint><Time>2025-07-18T11:01:10.242Z</Time><DistanceMeters>1257.4786327282593</DistanceMeters><HeartRateBpm><Value>130</Value></HeartRateBpm><SensorState>Present</SensorState></Trackpoint><Trackpoint><Time>2025-07-18T11:01:11.242Z</Time><DistanceMeters>1258.5470088322963</DistanceMeters><HeartRateBpm><Value>130</Value></HeartRateBpm><SensorState>Present</SensorState></Trackpoint><Trackpoint><Time>2025-07-18T11:01:12.242Z</Time><DistanceMeters>1259.6153849363334</DistanceMeters><HeartRateBpm><Value>130</Value></HeartRateBpm><SensorState>Present</SensorState></Trackpoint><Trackpoint><Time>2025-07-18T11:01:13.242Z</Time><DistanceMeters>1260.6837610403704</DistanceMeters><HeartRateBpm><Value>131</Value></HeartRateBpm><SensorState>Present</SensorState></Trackpoint><Trackpoint><Time>2025-07-18T11:01:14.242Z</Time><DistanceMeters>1261.7521371444075</DistanceMeters><HeartRateBpm><Value>131</Value></HeartRateBpm><SensorState>Present</SensorState></Trackpoint><Trackpoint><Time>2025-07-18T11:01:15.242Z</Time><DistanceMeters>1275.0</DistanceMeters><HeartRateBpm><Value>131</Value></HeartRateBpm><SensorState>Present</SensorState></Trackpoint><Trackpoint><Time>2025-07-18T11:01:16.242Z</Time><DistanceMeters>1275.0</DistanceMeters><HeartRateBpm><Value>131</Value></HeartRateBpm><SensorState>Present</SensorState></Trackpoint><Trackpoint><Time>2025-07-18T11:01:17.242Z</Time><DistanceMeters>1275.0</DistanceMeters><HeartRateBpm><Value>131</Value></HeartRateBpm><SensorState>Present</SensorState></Trackpoint><Trackpoint><Time>2025-07-18T11:01:18.242Z</Time><DistanceMeters>1275.0</DistanceMeters><HeartRateBpm><Value>131</Value></HeartRateBpm><SensorState>Present</SensorState></Trackpoint><Trackpoint><Time>2025-07-18T11:01:19.242Z</Time><DistanceMeters>1275.0</DistanceMeters><HeartRateBpm><Value>131</Value></HeartRateBpm><SensorState>Present</SensorState></Trackpoint><Trackpoint><Time>2025-07-18T11:01:20.242Z</Time><DistanceMeters>1275.0</DistanceMeters><HeartRateBpm><Value>131</Value></HeartRateBpm><SensorState>Present</SensorState></Trackpoint><Trackpoint><Time>2025-07-18T11:01:21.242Z</Time><DistanceMeters>1275.0</DistanceMeters><HeartRateBpm><Value>132</Value></HeartRateBpm><SensorState>Present</SensorState></Trackpoint><Trackpoint><Time>2025-07-18T11:01:22.242Z</Time><DistanceMeters>1275.0</DistanceMeters><HeartRateBpm><Value>132</Value></HeartRateBpm><SensorState>Present</SensorState></Trackpoint><Trackpoint><Time>2025-07-18T11:01:23.242Z</Time><DistanceMeters>1275.0</DistanceMeters><HeartRateBpm><Value>133</Value></HeartRateBpm><SensorState>Present</SensorState></Trackpoint><Trackpoint><Time>2025-07-18T11:01:24.242Z</Time><DistanceMeters>1275.0</DistanceMeters><HeartRateBpm><Value>133</Value></HeartRateBpm><SensorState>Present</SensorState></Trackpoint><Trackpoint><Time>2025-07-18T11:01:25.242Z</Time><DistanceMeters>1275.0</DistanceMeters><HeartRateBpm><Value>133</Value></HeartRateBpm><SensorState>Present</SensorState></Trackpoint><Trackpoint><Time>2025-07-18T11:01:26.242Z</Time><DistanceMeters>1275.0</DistanceMeters><HeartRateBpm><Value>134</Value></HeartRateBpm><SensorState>Present</SensorState></Trackpoint><Trackpoint><Time>2025-07-18T11:01:27.242Z</Time><DistanceMeters>1275.0</DistanceMeters><HeartRateBpm><Value>134</Value></HeartRateBpm><SensorState>Present</SensorState></Trackpoint><Trackpoint><Time>2025-07-18T11:01:28.242Z</Time><DistanceMeters>1275.0</DistanceMeters><HeartRateBpm><Value>134</Value></HeartRateBpm><SensorState>Present</SensorState></Trackpoint><Trackpoint><Time>2025-07-18T11:01:29.242Z</Time><DistanceMeters>1275.0</DistanceMeters><HeartRateBpm><Value>134</Value></HeartRateBpm><SensorState>Present</SensorState></Trackpoint><Trackpoint><Time>2025-07-18T11:01:30.242Z</Time><DistanceMeters>1275.0</DistanceMeters><HeartRateBpm><Value>134</Value></HeartRateBpm><SensorState>Present</SensorState></Trackpoint><Trackpoint><Time>2025-07-18T11:01:31.242Z</Time><DistanceMeters>1275.0</DistanceMeters><HeartRateBpm><Value>134</Value></HeartRateBpm><SensorState>Present</SensorState></Trackpoint><Trackpoint><Time>2025-07-18T11:01:32.242Z</Time><DistanceMeters>1275.0</DistanceMeters><HeartRateBpm><Value>134</Value></HeartRateBpm><SensorState>Present</SensorState></Trackpoint><Trackpoint><Time>2025-07-18T11:01:33.242Z</Time><DistanceMeters>1275.0</DistanceMeters><HeartRateBpm><Value>134</Value></HeartRateBpm><SensorState>Present</SensorState></Trackpoint><Trackpoint><Time>2025-07-18T11:01:34.242Z</Time><DistanceMeters>1275.0</DistanceMeters><HeartRateBpm><Value>134</Value></HeartRateBpm><SensorState>Present</SensorState></Trackpoint><Trackpoint><Time>2025-07-18T11:01:35.242Z</Time><DistanceMeters>1276.068376104037</DistanceMeters><HeartRateBpm><Value>134</Value></HeartRateBpm><SensorState>Present</SensorState></Trackpoint><Trackpoint><Time>2025-07-18T11:01:36.242Z</Time><DistanceMeters>1277.136752208074</DistanceMeters><HeartRateBpm><Value>134</Value></HeartRateBpm><SensorState>Present</SensorState></Trackpoint><Trackpoint><Time>2025-07-18T11:01:37.242Z</Time><DistanceMeters>1278.2051283121111</DistanceMeters><HeartRateBpm><Value>134</Value></HeartRateBpm><SensorState>Present</SensorState></Trackpoint><Trackpoint><Time>2025-07-18T11:01:38.242Z</Time><DistanceMeters>1279.2735044161482</DistanceMeters><HeartRateBpm><Value>135</Value></HeartRateBpm><SensorState>Present</SensorState></Trackpoint><Trackpoint><Time>2025-07-18T11:01:39.242Z</Time><DistanceMeters>1280.3418805201852</DistanceMeters><HeartRateBpm><Value>135</Value></HeartRateBpm><SensorState>Present</SensorState></Trackpoint><Trackpoint><Time>2025-07-18T11:01:40.242Z</Time><DistanceMeters>1281.4102566242223</DistanceMeters><HeartRateBpm><Value>135</Value></HeartRateBpm><SensorState>Present</SensorState></Trackpoint><Trackpoint><Time>2025-07-18T11:01:41.242Z</Time><DistanceMeters>1282.4786327282593</DistanceMeters><HeartRateBpm><Value>136</Value></HeartRateBpm><SensorState>Present</SensorState></Trackpoint><Trackpoint><Time>2025-07-18T11:01:42.242Z</Time><DistanceMeters>1283.5470088322963</DistanceMeters><HeartRateBpm><Value>136</Value></HeartRateBpm><SensorState>Present</SensorState></Trackpoint><Trackpoint><Time>2025-07-18T11:01:43.242Z</Time><DistanceMeters>1284.6153849363334</DistanceMeters><HeartRateBpm><Value>136</Value></HeartRateBpm><SensorState>Present</SensorState></Trackpoint><Trackpoint><Time>2025-07-18T11:01:44.242Z</Time><DistanceMeters>1285.6837610403704</DistanceMeters><HeartRateBpm><Value>136</Value></HeartRateBpm><SensorState>Present</SensorState></Trackpoint><Trackpoint><Time>2025-07-18T11:01:45.242Z</Time><DistanceMeters>1286.7521371444075</DistanceMeters><HeartRateBpm><Value>136</Value></HeartRateBpm><SensorState>Present</SensorState></Trackpoint><Trackpoint><Time>2025-07-18T11:01:46.242Z</Time><DistanceMeters>1300.0</DistanceMeters><HeartRateBpm><Value>136</Value></HeartRateBpm><SensorState>Present</SensorState></Trackpoint><Trackpoint><Time>2025-07-18T11:01:47.242Z</Time><DistanceMeters>1300.0</DistanceMeters><HeartRateBpm><Value>136</Value></HeartRateBpm><SensorState>Present</SensorState></Trackpoint><Trackpoint><Time>2025-07-18T11:01:48.242Z</Time><DistanceMeters>1300.0</DistanceMeters><HeartRateBpm><Value>136</Value></HeartRateBpm><SensorState>Present</SensorState></Trackpoint><Trackpoint><Time>2025-07-18T11:01:49.242Z</Time><DistanceMeters>1300.0</DistanceMeters><HeartRateBpm><Value>136</Value></HeartRateBpm><SensorState>Present</SensorState></Trackpoint><Trackpoint><Time>2025-07-18T11:01:50.242Z</Time><DistanceMeters>1300.0</DistanceMeters><HeartRateBpm><Value>135</Value></HeartRateBpm><SensorState>Present</SensorState></Trackpoint><Trackpoint><Time>2025-07-18T11:01:51.242Z</Time><DistanceMeters>1300.0</DistanceMeters><HeartRateBpm><Value>134</Value></HeartRateBpm><SensorState>Present</SensorState></Trackpoint><Trackpoint><Time>2025-07-18T11:01:52.242Z</Time><DistanceMeters>1300.0</DistanceMeters><HeartRateBpm><Value>133</Value></HeartRateBpm><SensorState>Present</SensorState></Trackpoint><Trackpoint><Time>2025-07-18T11:01:53.242Z</Time><DistanceMeters>1300.0</DistanceMeters><HeartRateBpm><Value>133</Value></HeartRateBpm><SensorState>Present</SensorState></Trackpoint><Trackpoint><Time>2025-07-18T11:01:54.242Z</Time><DistanceMeters>1300.0</DistanceMeters><HeartRateBpm><Value>133</Value></HeartRateBpm><SensorState>Present</SensorState></Trackpoint><Trackpoint><Time>2025-07-18T11:01:55.242Z</Time><DistanceMeters>1300.0</DistanceMeters><HeartRateBpm><Value>133</Value></HeartRateBpm><SensorState>Present</SensorState></Trackpoint><Trackpoint><Time>2025-07-18T11:01:56.242Z</Time><DistanceMeters>1300.0</DistanceMeters><HeartRateBpm><Value>133</Value></HeartRateBpm><SensorState>Present</SensorState></Trackpoint><Trackpoint><Time>2025-07-18T11:01:57.242Z</Time><DistanceMeters>1300.0</DistanceMeters><HeartRateBpm><Value>133</Value></HeartRateBpm><SensorState>Present</SensorState></Trackpoint><Trackpoint><Time>2025-07-18T11:01:58.242Z</Time><DistanceMeters>1300.0</DistanceMeters><HeartRateBpm><Value>133</Value></HeartRateBpm><SensorState>Present</SensorState></Trackpoint><Trackpoint><Time>2025-07-18T11:01:59.242Z</Time><DistanceMeters>1300.0</DistanceMeters><HeartRateBpm><Value>133</Value></HeartRateBpm><SensorState>Present</SensorState></Trackpoint><Trackpoint><Time>2025-07-18T11:02:00.242Z</Time><DistanceMeters>1300.0</DistanceMeters><HeartRateBpm><Value>131</Value></HeartRateBpm><SensorState>Present</SensorState></Trackpoint><Trackpoint><Time>2025-07-18T11:02:01.242Z</Time><DistanceMeters>1300.0</DistanceMeters><HeartRateBpm><Value>130</Value></HeartRateBpm><SensorState>Present</SensorState></Trackpoint><Trackpoint><Time>2025-07-18T11:02:02.242Z</Time><DistanceMeters>1300.0</DistanceMeters><HeartRateBpm><Value>129</Value></HeartRateBpm><SensorState>Present</SensorState></Trackpoint><Trackpoint><Time>2025-07-18T11:02:03.242Z</Time><DistanceMeters>1300.0</DistanceMeters><HeartRateBpm><Value>128</Value></HeartRateBpm><SensorState>Present</SensorState></Trackpoint><Trackpoint><Time>2025-07-18T11:02:04.242Z</Time><DistanceMeters>1300.0</DistanceMeters><HeartRateBpm><Value>126</Value></HeartRateBpm><SensorState>Present</SensorState></Trackpoint><Trackpoint><Time>2025-07-18T11:02:05.242Z</Time><DistanceMeters>1300.0</DistanceMeters><HeartRateBpm><Value>125</Value></HeartRateBpm><SensorState>Present</SensorState></Trackpoint><Trackpoint><Time>2025-07-18T11:02:06.242Z</Time><DistanceMeters>1300.0</DistanceMeters><HeartRateBpm><Value>125</Value></HeartRateBpm><SensorState>Present</SensorState></Trackpoint><Trackpoint><Time>2025-07-18T11:02:07.242Z</Time><DistanceMeters>1300.0</DistanceMeters><HeartRateBpm><Value>124</Value></HeartRateBpm><SensorState>Present</SensorState></Trackpoint><Trackpoint><Time>2025-07-18T11:02:08.242Z</Time><DistanceMeters>1300.0</DistanceMeters><HeartRateBpm><Value>123</Value></HeartRateBpm><SensorState>Present</SensorState></Trackpoint><Trackpoint><Time>2025-07-18T11:02:09.242Z</Time><DistanceMeters>1300.0</DistanceMeters><HeartRateBpm><Value>122</Value></HeartRateBpm><SensorState>Present</SensorState></Trackpoint><Trackpoint><Time>2025-07-18T11:02:10.242Z</Time><DistanceMeters>1300.0</DistanceMeters><HeartRateBpm><Value>122</Value></HeartRateBpm><SensorState>Present</SensorState></Trackpoint><Trackpoint><Time>2025-07-18T11:02:11.242Z</Time><DistanceMeters>1300.0</DistanceMeters><HeartRateBpm><Value>121</Value></HeartRateBpm><SensorState>Present</SensorState></Trackpoint><Trackpoint><Time>2025-07-18T11:02:12.242Z</Time><DistanceMeters>1300.0</DistanceMeters><HeartRateBpm><Value>122</Value></HeartRateBpm><SensorState>Present</SensorState></Trackpoint><Trackpoint><Time>2025-07-18T11:02:13.242Z</Time><DistanceMeters>1300.0</DistanceMeters><HeartRateBpm><Value>122</Value></HeartRateBpm><SensorState>Present</SensorState></Trackpoint><Trackpoint><Time>2025-07-18T11:02:14.242Z</Time><DistanceMeters>1300.0</DistanceMeters><HeartRateBpm><Value>122</Value></HeartRateBpm><SensorState>Present</SensorState></Trackpoint><Trackpoint><Time>2025-07-18T11:02:15.242Z</Time><DistanceMeters>1300.0</DistanceMeters><HeartRateBpm><Value>122</Value></HeartRateBpm><SensorState>Present</SensorState></Trackpoint><Trackpoint><Time>2025-07-18T11:02:16.242Z</Time><DistanceMeters>1301.068376104037</DistanceMeters><HeartRateBpm><Value>121</Value></HeartRateBpm><SensorState>Present</SensorState></Trackpoint><Trackpoint><Time>2025-07-18T11:02:17.242Z</Time><DistanceMeters>1302.136752208074</DistanceMeters><HeartRateBpm><Value>121</Value></HeartRateBpm><SensorState>Present</SensorState></Trackpoint><Trackpoint><Time>2025-07-18T11:02:18.242Z</Time><DistanceMeters>1303.2051283121111</DistanceMeters><HeartRateBpm><Value>121</Value></HeartRateBpm><SensorState>Present</SensorState></Trackpoint><Trackpoint><Time>2025-07-18T11:02:19.242Z</Time><DistanceMeters>1304.2735044161482</DistanceMeters><HeartRateBpm><Value>122</Value></HeartRateBpm><SensorState>Present</SensorState></Trackpoint><Trackpoint><Time>2025-07-18T11:02:20.242Z</Time><DistanceMeters>1305.3418805201852</DistanceMeters><HeartRateBpm><Value>123</Value></HeartRateBpm><SensorState>Present</SensorState></Trackpoint><Trackpoint><Time>2025-07-18T11:02:21.242Z</Time><DistanceMeters>1306.4102566242223</DistanceMeters><HeartRateBpm><Value>124</Value></HeartRateBpm><SensorState>Present</SensorState></Trackpoint><Trackpoint><Time>2025-07-18T11:02:22.242Z</Time><DistanceMeters>1307.4786327282593</DistanceMeters><HeartRateBpm><Value>125</Value></HeartRateBpm><SensorState>Present</SensorState></Trackpoint><Trackpoint><Time>2025-07-18T11:02:23.242Z</Time><DistanceMeters>1308.5470088322963</DistanceMeters><HeartRateBpm><Value>126</Value></HeartRateBpm><SensorState>Present</SensorState></Trackpoint><Trackpoint><Time>2025-07-18T11:02:24.242Z</Time><DistanceMeters>1309.6153849363334</DistanceMeters><HeartRateBpm><Value>127</Value></HeartRateBpm><SensorState>Present</SensorState></Trackpoint><Trackpoint><Time>2025-07-18T11:02:25.242Z</Time><DistanceMeters>1310.6837610403704</DistanceMeters><HeartRateBpm><Value>128</Value></HeartRateBpm><SensorState>Present</SensorState></Trackpoint><Trackpoint><Time>2025-07-18T11:02:26.242Z</Time><DistanceMeters>1311.7521371444075</DistanceMeters><HeartRateBpm><Value>128</Value></HeartRateBpm><SensorState>Present</SensorState></Trackpoint><Trackpoint><Time>2025-07-18T11:02:27.242Z</Time><DistanceMeters>1325.0</DistanceMeters><HeartRateBpm><Value>128</Value></HeartRateBpm><SensorState>Present</SensorState></Trackpoint><Trackpoint><Time>2025-07-18T11:02:28.242Z</Time><DistanceMeters>1325.0</DistanceMeters><HeartRateBpm><Value>129</Value></HeartRateBpm><SensorState>Present</SensorState></Trackpoint><Trackpoint><Time>2025-07-18T11:02:29.242Z</Time><DistanceMeters>1325.0</DistanceMeters><HeartRateBpm><Value>129</Value></HeartRateBpm><SensorState>Present</SensorState></Trackpoint><Trackpoint><Time>2025-07-18T11:02:30.242Z</Time><DistanceMeters>1325.0</DistanceMeters><HeartRateBpm><Value>130</Value></HeartRateBpm><SensorState>Present</SensorState></Trackpoint><Trackpoint><Time>2025-07-18T11:02:31.242Z</Time><DistanceMeters>1325.0</DistanceMeters><HeartRateBpm><Value>130</Value></HeartRateBpm><SensorState>Present</SensorState></Trackpoint><Trackpoint><Time>2025-07-18T11:02:32.242Z</Time><DistanceMeters>1325.0</DistanceMeters><HeartRateBpm><Value>130</Value></HeartRateBpm><SensorState>Present</SensorState></Trackpoint><Trackpoint><Time>2025-07-18T11:02:33.242Z</Time><DistanceMeters>1325.0</DistanceMeters><HeartRateBpm><Value>129</Value></HeartRateBpm><SensorState>Present</SensorState></Trackpoint><Trackpoint><Time>2025-07-18T11:02:34.242Z</Time><DistanceMeters>1325.0</DistanceMeters><HeartRateBpm><Value>128</Value></HeartRateBpm><SensorState>Present</SensorState></Trackpoint><Trackpoint><Time>2025-07-18T11:02:35.242Z</Time><DistanceMeters>1325.0</DistanceMeters><HeartRateBpm><Value>127</Value></HeartRateBpm><SensorState>Present</SensorState></Trackpoint><Trackpoint><Time>2025-07-18T11:02:36.242Z</Time><DistanceMeters>1325.0</DistanceMeters><HeartRateBpm><Value>125</Value></HeartRateBpm><SensorState>Present</SensorState></Trackpoint><Trackpoint><Time>2025-07-18T11:02:37.242Z</Time><DistanceMeters>1325.0</DistanceMeters><HeartRateBpm><Value>124</Value></HeartRateBpm><SensorState>Present</SensorState></Trackpoint><Trackpoint><Time>2025-07-18T11:02:38.242Z</Time><DistanceMeters>1325.0</DistanceMeters><HeartRateBpm><Value>124</Value></HeartRateBpm><SensorState>Present</SensorState></Trackpoint><Trackpoint><Time>2025-07-18T11:02:39.242Z</Time><DistanceMeters>1325.0</DistanceMeters><HeartRateBpm><Value>124</Value></HeartRateBpm><SensorState>Present</SensorState></Trackpoint><Trackpoint><Time>2025-07-18T11:02:40.242Z</Time><DistanceMeters>1325.0</DistanceMeters><HeartRateBpm><Value>124</Value></HeartRateBpm><SensorState>Present</SensorState></Trackpoint><Trackpoint><Time>2025-07-18T11:02:41.242Z</Time><DistanceMeters>1325.0</DistanceMeters><HeartRateBpm><Value>124</Value></HeartRateBpm><SensorState>Present</SensorState></Trackpoint><Trackpoint><Time>2025-07-18T11:02:42.242Z</Time><DistanceMeters>1325.0</DistanceMeters><HeartRateBpm><Value>123</Value></HeartRateBpm><SensorState>Present</SensorState></Trackpoint><Trackpoint><Time>2025-07-18T11:02:43.242Z</Time><DistanceMeters>1325.0</DistanceMeters><HeartRateBpm><Value>123</Value></HeartRateBpm><SensorState>Present</SensorState></Trackpoint><Trackpoint><Time>2025-07-18T11:02:44.242Z</Time><DistanceMeters>1325.0</DistanceMeters><HeartRateBpm><Value>123</Value></HeartRateBpm><SensorState>Present</SensorState></Trackpoint><Trackpoint><Time>2025-07-18T11:02:45.242Z</Time><DistanceMeters>1325.0</DistanceMeters><HeartRateBpm><Value>123</Value></HeartRateBpm><SensorState>Present</SensorState></Trackpoint><Trackpoint><Time>2025-07-18T11:02:46.242Z</Time><DistanceMeters>1325.0</DistanceMeters><HeartRateBpm><Value>123</Value></HeartRateBpm><SensorState>Present</SensorState></Trackpoint><Trackpoint><Time>2025-07-18T11:02:47.242Z</Time><DistanceMeters>1325.0</DistanceMeters><HeartRateBpm><Value>122</Value></HeartRateBpm><SensorState>Present</SensorState></Trackpoint><Trackpoint><Time>2025-07-18T11:02:48.242Z</Time><DistanceMeters>1325.0</DistanceMeters><HeartRateBpm><Value>122</Value></HeartRateBpm><SensorState>Present</SensorState></Trackpoint><Trackpoint><Time>2025-07-18T11:02:49.242Z</Time><DistanceMeters>1325.0</DistanceMeters><HeartRateBpm><Value>122</Value></HeartRateBpm><SensorState>Present</SensorState></Trackpoint><Trackpoint><Time>2025-07-18T11:02:50.242Z</Time><DistanceMeters>1326.068376104037</DistanceMeters><HeartRateBpm><Value>122</Value></HeartRateBpm><SensorState>Present</SensorState></Trackpoint><Trackpoint><Time>2025-07-18T11:02:51.242Z</Time><DistanceMeters>1327.136752208074</DistanceMeters><HeartRateBpm><Value>121</Value></HeartRateBpm><SensorState>Present</SensorState></Trackpoint><Trackpoint><Time>2025-07-18T11:02:52.242Z</Time><DistanceMeters>1328.2051283121111</DistanceMeters><HeartRateBpm><Value>121</Value></HeartRateBpm><SensorState>Present</SensorState></Trackpoint><Trackpoint><Time>2025-07-18T11:02:53.242Z</Time><DistanceMeters>1329.2735044161482</DistanceMeters><HeartRateBpm><Value>120</Value></HeartRateBpm><SensorState>Present</SensorState></Trackpoint><Trackpoint><Time>2025-07-18T11:02:54.242Z</Time><DistanceMeters>1330.3418805201852</DistanceMeters><HeartRateBpm><Value>120</Value></HeartRateBpm><SensorState>Present</SensorState></Trackpoint><Trackpoint><Time>2025-07-18T11:02:55.242Z</Time><DistanceMeters>1331.4102566242223</DistanceMeters><HeartRateBpm><Value>119</Value></HeartRateBpm><SensorState>Present</SensorState></Trackpoint><Trackpoint><Time>2025-07-18T11:02:56.242Z</Time><DistanceMeters>1332.4786327282593</DistanceMeters><HeartRateBpm><Value>119</Value></HeartRateBpm><SensorState>Present</SensorState></Trackpoint><Trackpoint><Time>2025-07-18T11:02:57.242Z</Time><DistanceMeters>1333.5470088322963</DistanceMeters><HeartRateBpm><Value>119</Value></HeartRateBpm><SensorState>Present</SensorState></Trackpoint><Trackpoint><Time>2025-07-18T11:02:58.242Z</Time><DistanceMeters>1334.6153849363334</DistanceMeters><HeartRateBpm><Value>120</Value></HeartRateBpm><SensorState>Present</SensorState></Trackpoint><Trackpoint><Time>2025-07-18T11:02:59.242Z</Time><DistanceMeters>1335.6837610403704</DistanceMeters><HeartRateBpm><Value>121</Value></HeartRateBpm><SensorState>Present</SensorState></Trackpoint><Trackpoint><Time>2025-07-18T11:03:00.242Z</Time><DistanceMeters>1336.7521371444075</DistanceMeters><HeartRateBpm><Value>121</Value></HeartRateBpm><SensorState>Present</SensorState></Trackpoint><Trackpoint><Time>2025-07-18T11:03:01.242Z</Time><DistanceMeters>1350.0</DistanceMeters><HeartRateBpm><Value>122</Value></HeartRateBpm><SensorState>Present</SensorState></Trackpoint><Trackpoint><Time>2025-07-18T11:03:02.242Z</Time><DistanceMeters>1350.0</DistanceMeters><HeartRateBpm><Value>122</Value></HeartRateBpm><SensorState>Present</SensorState></Trackpoint><Trackpoint><Time>2025-07-18T11:03:03.242Z</Time><DistanceMeters>1350.0</DistanceMeters><HeartRateBpm><Value>123</Value></HeartRateBpm><SensorState>Present</SensorState></Trackpoint><Trackpoint><Time>2025-07-18T11:03:04.242Z</Time><DistanceMeters>1350.0</DistanceMeters><HeartRateBpm><Value>123</Value></HeartRateBpm><SensorState>Present</SensorState></Trackpoint><Trackpoint><Time>2025-07-18T11:03:05.242Z</Time><DistanceMeters>1350.0</DistanceMeters><HeartRateBpm><Value>123</Value></HeartRateBpm><SensorState>Present</SensorState></Trackpoint><Trackpoint><Time>2025-07-18T11:03:06.242Z</Time><DistanceMeters>1350.0</DistanceMeters><HeartRateBpm><Value>123</Value></HeartRateBpm><SensorState>Present</SensorState></Trackpoint><Trackpoint><Time>2025-07-18T11:03:07.242Z</Time><DistanceMeters>1350.0</DistanceMeters><HeartRateBpm><Value>124</Value></HeartRateBpm><SensorState>Present</SensorState></Trackpoint><Trackpoint><Time>2025-07-18T11:03:08.242Z</Time><DistanceMeters>1350.0</DistanceMeters><HeartRateBpm><Value>124</Value></HeartRateBpm><SensorState>Present</SensorState></Trackpoint><Trackpoint><Time>2025-07-18T11:03:09.242Z</Time><DistanceMeters>1350.0</DistanceMeters><HeartRateBpm><Value>124</Value></HeartRateBpm><SensorState>Present</SensorState></Trackpoint><Trackpoint><Time>2025-07-18T11:03:10.242Z</Time><DistanceMeters>1350.0</DistanceMeters><HeartRateBpm><Value>125</Value></HeartRateBpm><SensorState>Present</SensorState></Trackpoint><Trackpoint><Time>2025-07-18T11:03:11.242Z</Time><DistanceMeters>1350.0</DistanceMeters><HeartRateBpm><Value>125</Value></HeartRateBpm><SensorState>Present</SensorState></Trackpoint><Trackpoint><Time>2025-07-18T11:03:12.242Z</Time><DistanceMeters>1350.0</DistanceMeters><HeartRateBpm><Value>125</Value></HeartRateBpm><SensorState>Present</SensorState></Trackpoint><Trackpoint><Time>2025-07-18T11:03:13.242Z</Time><DistanceMeters>1350.0</DistanceMeters><HeartRateBpm><Value>126</Value></HeartRateBpm><SensorState>Present</SensorState></Trackpoint><Trackpoint><Time>2025-07-18T11:03:14.242Z</Time><DistanceMeters>1350.0</DistanceMeters><HeartRateBpm><Value>126</Value></HeartRateBpm><SensorState>Present</SensorState></Trackpoint><Trackpoint><Time>2025-07-18T11:03:15.242Z</Time><DistanceMeters>1350.0</DistanceMeters><HeartRateBpm><Value>126</Value></HeartRateBpm><SensorState>Present</SensorState></Trackpoint><Trackpoint><Time>2025-07-18T11:03:16.242Z</Time><DistanceMeters>1350.0</DistanceMeters><HeartRateBpm><Value>127</Value></HeartRateBpm><SensorState>Present</SensorState></Trackpoint><Trackpoint><Time>2025-07-18T11:03:17.242Z</Time><DistanceMeters>1350.0</DistanceMeters><HeartRateBpm><Value>127</Value></HeartRateBpm><SensorState>Present</SensorState></Trackpoint><Trackpoint><Time>2025-07-18T11:03:18.242Z</Time><DistanceMeters>1350.0</DistanceMeters><HeartRateBpm><Value>127</Value></HeartRateBpm><SensorState>Present</SensorState></Trackpoint><Trackpoint><Time>2025-07-18T11:03:19.242Z</Time><DistanceMeters>1350.0</DistanceMeters><HeartRateBpm><Value>127</Value></HeartRateBpm><SensorState>Present</SensorState></Trackpoint><Trackpoint><Time>2025-07-18T11:03:20.242Z</Time><DistanceMeters>1350.0</DistanceMeters><HeartRateBpm><Value>127</Value></HeartRateBpm><SensorState>Present</SensorState></Trackpoint><Trackpoint><Time>2025-07-18T11:03:21.242Z</Time><DistanceMeters>1350.0</DistanceMeters><HeartRateBpm><Value>127</Value></HeartRateBpm><SensorState>Present</SensorState></Trackpoint><Trackpoint><Time>2025-07-18T11:03:22.242Z</Time><DistanceMeters>1351.068376104037</DistanceMeters><HeartRateBpm><Value>127</Value></HeartRateBpm><SensorState>Present</SensorState></Trackpoint><Trackpoint><Time>2025-07-18T11:03:23.242Z</Time><DistanceMeters>1352.136752208074</DistanceMeters><HeartRateBpm><Value>127</Value></HeartRateBpm><SensorState>Present</SensorState></Trackpoint><Trackpoint><Time>2025-07-18T11:03:24.242Z</Time><DistanceMeters>1353.2051283121111</DistanceMeters><HeartRateBpm><Value>127</Value></HeartRateBpm><SensorState>Present</SensorState></Trackpoint><Trackpoint><Time>2025-07-18T11:03:25.242Z</Time><DistanceMeters>1354.2735044161482</DistanceMeters><HeartRateBpm><Value>127</Value></HeartRateBpm><SensorState>Present</SensorState></Trackpoint><Trackpoint><Time>2025-07-18T11:03:26.242Z</Time><DistanceMeters>1355.3418805201852</DistanceMeters><HeartRateBpm><Value>126</Value></HeartRateBpm><SensorState>Present</SensorState></Trackpoint><Trackpoint><Time>2025-07-18T11:03:27.242Z</Time><DistanceMeters>1356.4102566242223</DistanceMeters><HeartRateBpm><Value>126</Value></HeartRateBpm><SensorState>Present</SensorState></Trackpoint><Trackpoint><Time>2025-07-18T11:03:28.242Z</Time><DistanceMeters>1357.4786327282593</DistanceMeters><HeartRateBpm><Value>126</Value></HeartRateBpm><SensorState>Present</SensorState></Trackpoint><Trackpoint><Time>2025-07-18T11:03:29.242Z</Time><DistanceMeters>1358.5470088322963</DistanceMeters><HeartRateBpm><Value>126</Value></HeartRateBpm><SensorState>Present</SensorState></Trackpoint><Trackpoint><Time>2025-07-18T11:03:30.242Z</Time><DistanceMeters>1359.6153849363334</DistanceMeters><HeartRateBpm><Value>126</Value></HeartRateBpm><SensorState>Present</SensorState></Trackpoint><Trackpoint><Time>2025-07-18T11:03:31.242Z</Time><DistanceMeters>1360.6837610403704</DistanceMeters><HeartRateBpm><Value>126</Value></HeartRateBpm><SensorState>Present</SensorState></Trackpoint><Trackpoint><Time>2025-07-18T11:03:32.242Z</Time><DistanceMeters>1361.7521371444075</DistanceMeters><HeartRateBpm><Value>126</Value></HeartRateBpm><SensorState>Present</SensorState></Trackpoint><Trackpoint><Time>2025-07-18T11:03:33.242Z</Time><DistanceMeters>1375.0</DistanceMeters><HeartRateBpm><Value>126</Value></HeartRateBpm><SensorState>Present</SensorState></Trackpoint><Trackpoint><Time>2025-07-18T11:03:34.242Z</Time><DistanceMeters>1375.0</DistanceMeters><HeartRateBpm><Value>126</Value></HeartRateBpm><SensorState>Present</SensorState></Trackpoint><Trackpoint><Time>2025-07-18T11:03:35.242Z</Time><DistanceMeters>1375.0</DistanceMeters><HeartRateBpm><Value>125</Value></HeartRateBpm><SensorState>Present</SensorState></Trackpoint><Trackpoint><Time>2025-07-18T11:03:36.242Z</Time><DistanceMeters>1375.0</DistanceMeters><HeartRateBpm><Value>125</Value></HeartRateBpm><SensorState>Present</SensorState></Trackpoint><Trackpoint><Time>2025-07-18T11:03:37.242Z</Time><DistanceMeters>1375.0</DistanceMeters><HeartRateBpm><Value>125</Value></HeartRateBpm><SensorState>Present</SensorState></Trackpoint><Trackpoint><Time>2025-07-18T11:03:38.242Z</Time><DistanceMeters>1375.0</DistanceMeters><HeartRateBpm><Value>125</Value></HeartRateBpm><SensorState>Present</SensorState></Trackpoint><Trackpoint><Time>2025-07-18T11:03:39.242Z</Time><DistanceMeters>1375.0</DistanceMeters><HeartRateBpm><Value>125</Value></HeartRateBpm><SensorState>Present</SensorState></Trackpoint><Trackpoint><Time>2025-07-18T11:03:40.242Z</Time><DistanceMeters>1375.0</DistanceMeters><HeartRateBpm><Value>125</Value></HeartRateBpm><SensorState>Present</SensorState></Trackpoint><Trackpoint><Time>2025-07-18T11:03:41.242Z</Time><DistanceMeters>1375.0</DistanceMeters><HeartRateBpm><Value>125</Value></HeartRateBpm><SensorState>Present</SensorState></Trackpoint><Trackpoint><Time>2025-07-18T11:03:42.242Z</Time><DistanceMeters>1375.0</DistanceMeters><HeartRateBpm><Value>126</Value></HeartRateBpm><SensorState>Present</SensorState></Trackpoint><Trackpoint><Time>2025-07-18T11:03:43.242Z</Time><DistanceMeters>1375.0</DistanceMeters><HeartRateBpm><Value>126</Value></HeartRateBpm><SensorState>Present</SensorState></Trackpoint><Trackpoint><Time>2025-07-18T11:03:44.242Z</Time><DistanceMeters>1375.0</DistanceMeters><HeartRateBpm><Value>127</Value></HeartRateBpm><SensorState>Present</SensorState></Trackpoint><Trackpoint><Time>2025-07-18T11:03:45.242Z</Time><DistanceMeters>1375.0</DistanceMeters><HeartRateBpm><Value>128</Value></HeartRateBpm><SensorState>Present</SensorState></Trackpoint><Trackpoint><Time>2025-07-18T11:03:46.242Z</Time><DistanceMeters>1375.0</DistanceMeters><HeartRateBpm><Value>129</Value></HeartRateBpm><SensorState>Present</SensorState></Trackpoint><Trackpoint><Time>2025-07-18T11:03:47.242Z</Time><DistanceMeters>1375.0</DistanceMeters><HeartRateBpm><Value>129</Value></HeartRateBpm><SensorState>Present</SensorState></Trackpoint><Trackpoint><Time>2025-07-18T11:03:48.242Z</Time><DistanceMeters>1375.0</DistanceMeters><HeartRateBpm><Value>130</Value></HeartRateBpm><SensorState>Present</SensorState></Trackpoint><Trackpoint><Time>2025-07-18T11:03:49.242Z</Time><DistanceMeters>1375.0</DistanceMeters><HeartRateBpm><Value>130</Value></HeartRateBpm><SensorState>Present</SensorState></Trackpoint><Trackpoint><Time>2025-07-18T11:03:50.242Z</Time><DistanceMeters>1375.0</DistanceMeters><HeartRateBpm><Value>130</Value></HeartRateBpm><SensorState>Present</SensorState></Trackpoint><Trackpoint><Time>2025-07-18T11:03:51.242Z</Time><DistanceMeters>1376.068376104037</DistanceMeters><HeartRateBpm><Value>130</Value></HeartRateBpm><SensorState>Present</SensorState></Trackpoint><Trackpoint><Time>2025-07-18T11:03:52.242Z</Time><DistanceMeters>1377.136752208074</DistanceMeters><HeartRateBpm><Value>130</Value></HeartRateBpm><SensorState>Present</SensorState></Trackpoint><Trackpoint><Time>2025-07-18T11:03:53.242Z</Time><DistanceMeters>1378.2051283121111</DistanceMeters><HeartRateBpm><Value>130</Value></HeartRateBpm><SensorState>Present</SensorState></Trackpoint><Trackpoint><Time>2025-07-18T11:03:54.242Z</Time><DistanceMeters>1379.2735044161482</DistanceMeters><HeartRateBpm><Value>130</Value></HeartRateBpm><SensorState>Present</SensorState></Trackpoint><Trackpoint><Time>2025-07-18T11:03:55.242Z</Time><DistanceMeters>1380.3418805201852</DistanceMeters><HeartRateBpm><Value>130</Value></HeartRateBpm><SensorState>Present</SensorState></Trackpoint><Trackpoint><Time>2025-07-18T11:03:56.242Z</Time><DistanceMeters>1381.4102566242223</DistanceMeters><HeartRateBpm><Value>130</Value></HeartRateBpm><SensorState>Present</SensorState></Trackpoint><Trackpoint><Time>2025-07-18T11:03:57.242Z</Time><DistanceMeters>1382.4786327282593</DistanceMeters><HeartRateBpm><Value>130</Value></HeartRateBpm><SensorState>Present</SensorState></Trackpoint><Trackpoint><Time>2025-07-18T11:03:58.242Z</Time><DistanceMeters>1383.5470088322963</DistanceMeters><HeartRateBpm><Value>131</Value></HeartRateBpm><SensorState>Present</SensorState></Trackpoint><Trackpoint><Time>2025-07-18T11:03:59.242Z</Time><DistanceMeters>1384.6153849363334</DistanceMeters><HeartRateBpm><Value>131</Value></HeartRateBpm><SensorState>Present</SensorState></Trackpoint><Trackpoint><Time>2025-07-18T11:04:00.242Z</Time><DistanceMeters>1385.6837610403704</DistanceMeters><HeartRateBpm><Value>131</Value></HeartRateBpm><SensorState>Present</SensorState></Trackpoint><Trackpoint><Time>2025-07-18T11:04:01.242Z</Time><DistanceMeters>1386.7521371444075</DistanceMeters><HeartRateBpm><Value>131</Value></HeartRateBpm><SensorState>Present</SensorState></Trackpoint><Trackpoint><Time>2025-07-18T11:04:02.242Z</Time><DistanceMeters>1400.0</DistanceMeters><HeartRateBpm><Value>131</Value></HeartRateBpm><SensorState>Present</SensorState></Trackpoint><Trackpoint><Time>2025-07-18T11:04:03.242Z</Time><DistanceMeters>1400.0</DistanceMeters><HeartRateBpm><Value>131</Value></HeartRateBpm><SensorState>Present</SensorState></Trackpoint><Trackpoint><Time>2025-07-18T11:04:04.242Z</Time><DistanceMeters>1400.0</DistanceMeters><HeartRateBpm><Value>131</Value></HeartRateBpm><SensorState>Present</SensorState></Trackpoint><Trackpoint><Time>2025-07-18T11:04:05.242Z</Time><DistanceMeters>1400.0</DistanceMeters><HeartRateBpm><Value>131</Value></HeartRateBpm><SensorState>Present</SensorState></Trackpoint><Trackpoint><Time>2025-07-18T11:04:06.242Z</Time><DistanceMeters>1400.0</DistanceMeters><HeartRateBpm><Value>130</Value></HeartRateBpm><SensorState>Present</SensorState></Trackpoint><Trackpoint><Time>2025-07-18T11:04:07.242Z</Time><DistanceMeters>1400.0</DistanceMeters><HeartRateBpm><Value>129</Value></HeartRateBpm><SensorState>Present</SensorState></Trackpoint><Trackpoint><Time>2025-07-18T11:04:08.242Z</Time><DistanceMeters>1400.0</DistanceMeters><HeartRateBpm><Value>128</Value></HeartRateBpm><SensorState>Present</SensorState></Trackpoint><Trackpoint><Time>2025-07-18T11:04:09.242Z</Time><DistanceMeters>1400.0</DistanceMeters><HeartRateBpm><Value>128</Value></HeartRateBpm><SensorState>Present</SensorState></Trackpoint><Trackpoint><Time>2025-07-18T11:04:10.242Z</Time><DistanceMeters>1400.0</DistanceMeters><HeartRateBpm><Value>128</Value></HeartRateBpm><SensorState>Present</SensorState></Trackpoint><Trackpoint><Time>2025-07-18T11:04:11.242Z</Time><DistanceMeters>1400.0</DistanceMeters><HeartRateBpm><Value>127</Value></HeartRateBpm><SensorState>Present</SensorState></Trackpoint><Trackpoint><Time>2025-07-18T11:04:12.242Z</Time><DistanceMeters>1400.0</DistanceMeters><HeartRateBpm><Value>127</Value></HeartRateBpm><SensorState>Present</SensorState></Trackpoint><Trackpoint><Time>2025-07-18T11:04:13.242Z</Time><DistanceMeters>1400.0</DistanceMeters><HeartRateBpm><Value>127</Value></HeartRateBpm><SensorState>Present</SensorState></Trackpoint><Trackpoint><Time>2025-07-18T11:04:14.242Z</Time><DistanceMeters>1400.0</DistanceMeters><HeartRateBpm><Value>127</Value></HeartRateBpm><SensorState>Present</SensorState></Trackpoint><Trackpoint><Time>2025-07-18T11:04:15.242Z</Time><DistanceMeters>1400.0</DistanceMeters><HeartRateBpm><Value>128</Value></HeartRateBpm><SensorState>Present</SensorState></Trackpoint><Trackpoint><Time>2025-07-18T11:04:16.242Z</Time><DistanceMeters>1400.0</DistanceMeters><HeartRateBpm><Value>128</Value></HeartRateBpm><SensorState>Present</SensorState></Trackpoint><Trackpoint><Time>2025-07-18T11:04:17.242Z</Time><DistanceMeters>1400.0</DistanceMeters><HeartRateBpm><Value>128</Value></HeartRateBpm><SensorState>Present</SensorState></Trackpoint><Trackpoint><Time>2025-07-18T11:04:18.242Z</Time><DistanceMeters>1400.0</DistanceMeters><HeartRateBpm><Value>129</Value></HeartRateBpm><SensorState>Present</SensorState></Trackpoint><Trackpoint><Time>2025-07-18T11:04:19.242Z</Time><DistanceMeters>1400.0</DistanceMeters><HeartRateBpm><Value>129</Value></HeartRateBpm><SensorState>Present</SensorState></Trackpoint><Trackpoint><Time>2025-07-18T11:04:20.242Z</Time><DistanceMeters>1400.0</DistanceMeters><HeartRateBpm><Value>129</Value></HeartRateBpm><SensorState>Present</SensorState></Trackpoint><Trackpoint><Time>2025-07-18T11:04:21.242Z</Time><DistanceMeters>1401.068376104037</DistanceMeters><HeartRateBpm><Value>130</Value></HeartRateBpm><SensorState>Present</SensorState></Trackpoint><Trackpoint><Time>2025-07-18T11:04:22.242Z</Time><DistanceMeters>1402.136752208074</DistanceMeters><HeartRateBpm><Value>130</Value></HeartRateBpm><SensorState>Present</SensorState></Trackpoint><Trackpoint><Time>2025-07-18T11:04:23.242Z</Time><DistanceMeters>1403.2051283121111</DistanceMeters><HeartRateBpm><Value>130</Value></HeartRateBpm><SensorState>Present</SensorState></Trackpoint><Trackpoint><Time>2025-07-18T11:04:24.242Z</Time><DistanceMeters>1404.2735044161482</DistanceMeters><HeartRateBpm><Value>131</Value></HeartRateBpm><SensorState>Present</SensorState></Trackpoint><Trackpoint><Time>2025-07-18T11:04:25.242Z</Time><DistanceMeters>1405.3418805201852</DistanceMeters><HeartRateBpm><Value>130</Value></HeartRateBpm><SensorState>Present</SensorState></Trackpoint><Trackpoint><Time>2025-07-18T11:04:26.242Z</Time><DistanceMeters>1406.4102566242223</DistanceMeters><HeartRateBpm><Value>129</Value></HeartRateBpm><SensorState>Present</SensorState></Trackpoint><Trackpoint><Time>2025-07-18T11:04:27.242Z</Time><DistanceMeters>1407.4786327282593</DistanceMeters><HeartRateBpm><Value>127</Value></HeartRateBpm><SensorState>Present</SensorState></Trackpoint><Trackpoint><Time>2025-07-18T11:04:28.242Z</Time><DistanceMeters>1408.5470088322963</DistanceMeters><HeartRateBpm><Value>126</Value></HeartRateBpm><SensorState>Present</SensorState></Trackpoint><Trackpoint><Time>2025-07-18T11:04:29.242Z</Time><DistanceMeters>1409.6153849363334</DistanceMeters><HeartRateBpm><Value>125</Value></HeartRateBpm><SensorState>Present</SensorState></Trackpoint><Trackpoint><Time>2025-07-18T11:04:30.242Z</Time><DistanceMeters>1410.6837610403704</DistanceMeters><HeartRateBpm><Value>124</Value></HeartRateBpm><SensorState>Present</SensorState></Trackpoint><Trackpoint><Time>2025-07-18T11:04:31.242Z</Time><DistanceMeters>1411.7521371444075</DistanceMeters><HeartRateBpm><Value>124</Value></HeartRateBpm><SensorState>Present</SensorState></Trackpoint><Trackpoint><Time>2025-07-18T11:04:32.242Z</Time><DistanceMeters>1425.0</DistanceMeters><HeartRateBpm><Value>124</Value></HeartRateBpm><SensorState>Present</SensorState></Trackpoint><Trackpoint><Time>2025-07-18T11:04:33.242Z</Time><DistanceMeters>1425.0</DistanceMeters><HeartRateBpm><Value>124</Value></HeartRateBpm><SensorState>Present</SensorState></Trackpoint><Trackpoint><Time>2025-07-18T11:04:34.242Z</Time><DistanceMeters>1425.0</DistanceMeters><HeartRateBpm><Value>124</Value></HeartRateBpm><SensorState>Present</SensorState></Trackpoint><Trackpoint><Time>2025-07-18T11:04:35.242Z</Time><DistanceMeters>1425.0</DistanceMeters><HeartRateBpm><Value>125</Value></HeartRateBpm><SensorState>Present</SensorState></Trackpoint><Trackpoint><Time>2025-07-18T11:04:36.242Z</Time><DistanceMeters>1425.0</DistanceMeters><HeartRateBpm><Value>125</Value></HeartRateBpm><SensorState>Present</SensorState></Trackpoint><Trackpoint><Time>2025-07-18T11:04:37.242Z</Time><DistanceMeters>1425.0</DistanceMeters><HeartRateBpm><Value>125</Value></HeartRateBpm><SensorState>Present</SensorState></Trackpoint><Trackpoint><Time>2025-07-18T11:04:38.242Z</Time><DistanceMeters>1425.0</DistanceMeters><HeartRateBpm><Value>125</Value></HeartRateBpm><SensorState>Present</SensorState></Trackpoint><Trackpoint><Time>2025-07-18T11:04:39.242Z</Time><DistanceMeters>1425.0</DistanceMeters><HeartRateBpm><Value>125</Value></HeartRateBpm><SensorState>Present</SensorState></Trackpoint><Trackpoint><Time>2025-07-18T11:04:40.242Z</Time><DistanceMeters>1425.0</DistanceMeters><HeartRateBpm><Value>125</Value></HeartRateBpm><SensorState>Present</SensorState></Trackpoint><Trackpoint><Time>2025-07-18T11:04:41.242Z</Time><DistanceMeters>1425.0</DistanceMeters><HeartRateBpm><Value>125</Value></HeartRateBpm><SensorState>Present</SensorState></Trackpoint><Trackpoint><Time>2025-07-18T11:04:42.242Z</Time><DistanceMeters>1425.0</DistanceMeters><HeartRateBpm><Value>126</Value></HeartRateBpm><SensorState>Present</SensorState></Trackpoint><Trackpoint><Time>2025-07-18T11:04:43.242Z</Time><DistanceMeters>1425.0</DistanceMeters><HeartRateBpm><Value>126</Value></HeartRateBpm><SensorState>Present</SensorState></Trackpoint><Trackpoint><Time>2025-07-18T11:04:44.242Z</Time><DistanceMeters>1425.0</DistanceMeters><HeartRateBpm><Value>125</Value></HeartRateBpm><SensorState>Present</SensorState></Trackpoint><Trackpoint><Time>2025-07-18T11:04:45.242Z</Time><DistanceMeters>1425.0</DistanceMeters><HeartRateBpm><Value>125</Value></HeartRateBpm><SensorState>Present</SensorState></Trackpoint><Trackpoint><Time>2025-07-18T11:04:46.242Z</Time><DistanceMeters>1425.0</DistanceMeters><HeartRateBpm><Value>125</Value></HeartRateBpm><SensorState>Present</SensorState></Trackpoint><Trackpoint><Time>2025-07-18T11:04:47.242Z</Time><DistanceMeters>1425.0</DistanceMeters><HeartRateBpm><Value>125</Value></HeartRateBpm><SensorState>Present</SensorState></Trackpoint><Trackpoint><Time>2025-07-18T11:04:48.242Z</Time><DistanceMeters>1425.0</DistanceMeters><HeartRateBpm><Value>125</Value></HeartRateBpm><SensorState>Present</SensorState></Trackpoint><Trackpoint><Time>2025-07-18T11:04:49.242Z</Time><DistanceMeters>1425.0</DistanceMeters><HeartRateBpm><Value>126</Value></HeartRateBpm><SensorState>Present</SensorState></Trackpoint><Trackpoint><Time>2025-07-18T11:04:50.242Z</Time><DistanceMeters>1425.0</DistanceMeters><HeartRateBpm><Value>126</Value></HeartRateBpm><SensorState>Present</SensorState></Trackpoint><Trackpoint><Time>2025-07-18T11:04:51.242Z</Time><DistanceMeters>1425.0</DistanceMeters><HeartRateBpm><Value>127</Value></HeartRateBpm><SensorState>Present</SensorState></Trackpoint><Trackpoint><Time>2025-07-18T11:04:52.242Z</Time><DistanceMeters>1425.0</DistanceMeters><HeartRateBpm><Value>128</Value></HeartRateBpm><SensorState>Present</SensorState></Trackpoint><Trackpoint><Time>2025-07-18T11:04:53.242Z</Time><DistanceMeters>1425.0</DistanceMeters><HeartRateBpm><Value>128</Value></HeartRateBpm><SensorState>Present</SensorState></Trackpoint><Trackpoint><Time>2025-07-18T11:04:54.242Z</Time><DistanceMeters>1426.068376104037</DistanceMeters><HeartRateBpm><Value>130</Value></HeartRateBpm><SensorState>Present</SensorState></Trackpoint><Trackpoint><Time>2025-07-18T11:04:55.242Z</Time><DistanceMeters>1427.136752208074</DistanceMeters><HeartRateBpm><Value>132</Value></HeartRateBpm><SensorState>Present</SensorState></Trackpoint><Trackpoint><Time>2025-07-18T11:04:56.242Z</Time><DistanceMeters>1428.2051283121111</DistanceMeters><HeartRateBpm><Value>135</Value></HeartRateBpm><SensorState>Present</SensorState></Trackpoint><Trackpoint><Time>2025-07-18T11:04:57.242Z</Time><DistanceMeters>1429.2735044161482</DistanceMeters><HeartRateBpm><Value>137</Value></HeartRateBpm><SensorState>Present</SensorState></Trackpoint><Trackpoint><Time>2025-07-18T11:04:58.242Z</Time><DistanceMeters>1430.3418805201852</DistanceMeters><HeartRateBpm><Value>139</Value></HeartRateBpm><SensorState>Present</SensorState></Trackpoint><Trackpoint><Time>2025-07-18T11:04:59.242Z</Time><DistanceMeters>1431.4102566242223</DistanceMeters><HeartRateBpm><Value>140</Value></HeartRateBpm><SensorState>Present</SensorState></Trackpoint><Trackpoint><Time>2025-07-18T11:05:00.242Z</Time><DistanceMeters>1432.4786327282593</DistanceMeters><HeartRateBpm><Value>141</Value></HeartRateBpm><SensorState>Present</SensorState></Trackpoint><Trackpoint><Time>2025-07-18T11:05:01.242Z</Time><DistanceMeters>1433.5470088322963</DistanceMeters><HeartRateBpm><Value>141</Value></HeartRateBpm><SensorState>Present</SensorState></Trackpoint><Trackpoint><Time>2025-07-18T11:05:02.242Z</Time><DistanceMeters>1434.6153849363334</DistanceMeters><HeartRateBpm><Value>141</Value></HeartRateBpm><SensorState>Present</SensorState></Trackpoint><Trackpoint><Time>2025-07-18T11:05:03.242Z</Time><DistanceMeters>1435.6837610403704</DistanceMeters><HeartRateBpm><Value>140</Value></HeartRateBpm><SensorState>Present</SensorState></Trackpoint><Trackpoint><Time>2025-07-18T11:05:04.242Z</Time><DistanceMeters>1436.7521371444075</DistanceMeters><HeartRateBpm><Value>140</Value></HeartRateBpm><SensorState>Present</SensorState></Trackpoint><Trackpoint><Time>2025-07-18T11:05:05.242Z</Time><DistanceMeters>1450.0</DistanceMeters><HeartRateBpm><Value>140</Value></HeartRateBpm><SensorState>Present</SensorState></Trackpoint><Trackpoint><Time>2025-07-18T11:05:06.242Z</Time><DistanceMeters>1450.0</DistanceMeters><HeartRateBpm><Value>140</Value></HeartRateBpm><SensorState>Present</SensorState></Trackpoint><Trackpoint><Time>2025-07-18T11:05:07.242Z</Time><DistanceMeters>1450.0</DistanceMeters><HeartRateBpm><Value>140</Value></HeartRateBpm><SensorState>Present</SensorState></Trackpoint><Trackpoint><Time>2025-07-18T11:05:08.242Z</Time><DistanceMeters>1450.0</DistanceMeters><HeartRateBpm><Value>140</Value></HeartRateBpm><SensorState>Present</SensorState></Trackpoint><Trackpoint><Time>2025-07-18T11:05:09.242Z</Time><DistanceMeters>1450.0</DistanceMeters><HeartRateBpm><Value>139</Value></HeartRateBpm><SensorState>Present</SensorState></Trackpoint><Trackpoint><Time>2025-07-18T11:05:10.242Z</Time><DistanceMeters>1450.0</DistanceMeters><HeartRateBpm><Value>139</Value></HeartRateBpm><SensorState>Present</SensorState></Trackpoint><Trackpoint><Time>2025-07-18T11:05:11.242Z</Time><DistanceMeters>1450.0</DistanceMeters><HeartRateBpm><Value>139</Value></HeartRateBpm><SensorState>Present</SensorState></Trackpoint><Trackpoint><Time>2025-07-18T11:05:12.242Z</Time><DistanceMeters>1450.0</DistanceMeters><HeartRateBpm><Value>139</Value></HeartRateBpm><SensorState>Present</SensorState></Trackpoint><Trackpoint><Time>2025-07-18T11:05:13.242Z</Time><DistanceMeters>1450.0</DistanceMeters><HeartRateBpm><Value>139</Value></HeartRateBpm><SensorState>Present</SensorState></Trackpoint><Trackpoint><Time>2025-07-18T11:05:14.242Z</Time><DistanceMeters>1450.0</DistanceMeters><HeartRateBpm><Value>139</Value></HeartRateBpm><SensorState>Present</SensorState></Trackpoint><Trackpoint><Time>2025-07-18T11:05:15.242Z</Time><DistanceMeters>1450.0</DistanceMeters><HeartRateBpm><Value>138</Value></HeartRateBpm><SensorState>Present</SensorState></Trackpoint><Trackpoint><Time>2025-07-18T11:05:16.242Z</Time><DistanceMeters>1450.0</DistanceMeters><HeartRateBpm><Value>138</Value></HeartRateBpm><SensorState>Present</SensorState></Trackpoint><Trackpoint><Time>2025-07-18T11:05:17.242Z</Time><DistanceMeters>1450.0</DistanceMeters><HeartRateBpm><Value>138</Value></HeartRateBpm><SensorState>Present</SensorState></Trackpoint><Trackpoint><Time>2025-07-18T11:05:18.242Z</Time><DistanceMeters>1450.0</DistanceMeters><HeartRateBpm><Value>137</Value></HeartRateBpm><SensorState>Present</SensorState></Trackpoint><Trackpoint><Time>2025-07-18T11:05:19.242Z</Time><DistanceMeters>1450.0</DistanceMeters><HeartRateBpm><Value>137</Value></HeartRateBpm><SensorState>Present</SensorState></Trackpoint><Trackpoint><Time>2025-07-18T11:05:20.242Z</Time><DistanceMeters>1450.0</DistanceMeters><HeartRateBpm><Value>135</Value></HeartRateBpm><SensorState>Present</SensorState></Trackpoint><Trackpoint><Time>2025-07-18T11:05:21.242Z</Time><DistanceMeters>1450.0</DistanceMeters><HeartRateBpm><Value>135</Value></HeartRateBpm><SensorState>Present</SensorState></Trackpoint><Trackpoint><Time>2025-07-18T11:05:22.242Z</Time><DistanceMeters>1450.0</DistanceMeters><HeartRateBpm><Value>134</Value></HeartRateBpm><SensorState>Present</SensorState></Trackpoint><Trackpoint><Time>2025-07-18T11:05:23.242Z</Time><DistanceMeters>1450.0</DistanceMeters><HeartRateBpm><Value>133</Value></HeartRateBpm><SensorState>Present</SensorState></Trackpoint><Trackpoint><Time>2025-07-18T11:05:24.242Z</Time><DistanceMeters>1451.068376104037</DistanceMeters><HeartRateBpm><Value>133</Value></HeartRateBpm><SensorState>Present</SensorState></Trackpoint><Trackpoint><Time>2025-07-18T11:05:25.242Z</Time><DistanceMeters>1452.136752208074</DistanceMeters><HeartRateBpm><Value>132</Value></HeartRateBpm><SensorState>Present</SensorState></Trackpoint><Trackpoint><Time>2025-07-18T11:05:26.242Z</Time><DistanceMeters>1453.2051283121111</DistanceMeters><HeartRateBpm><Value>133</Value></HeartRateBpm><SensorState>Present</SensorState></Trackpoint><Trackpoint><Time>2025-07-18T11:05:27.242Z</Time><DistanceMeters>1454.2735044161482</DistanceMeters><HeartRateBpm><Value>133</Value></HeartRateBpm><SensorState>Present</SensorState></Trackpoint><Trackpoint><Time>2025-07-18T11:05:28.242Z</Time><DistanceMeters>1455.3418805201852</DistanceMeters><HeartRateBpm><Value>133</Value></HeartRateBpm><SensorState>Present</SensorState></Trackpoint><Trackpoint><Time>2025-07-18T11:05:29.242Z</Time><DistanceMeters>1456.4102566242223</DistanceMeters><HeartRateBpm><Value>134</Value></HeartRateBpm><SensorState>Present</SensorState></Trackpoint><Trackpoint><Time>2025-07-18T11:05:30.242Z</Time><DistanceMeters>1457.4786327282593</DistanceMeters><HeartRateBpm><Value>134</Value></HeartRateBpm><SensorState>Present</SensorState></Trackpoint><Trackpoint><Time>2025-07-18T11:05:31.242Z</Time><DistanceMeters>1458.5470088322963</DistanceMeters><HeartRateBpm><Value>135</Value></HeartRateBpm><SensorState>Present</SensorState></Trackpoint><Trackpoint><Time>2025-07-18T11:05:32.242Z</Time><DistanceMeters>1459.6153849363334</DistanceMeters><HeartRateBpm><Value>135</Value></HeartRateBpm><SensorState>Present</SensorState></Trackpoint><Trackpoint><Time>2025-07-18T11:05:33.242Z</Time><DistanceMeters>1460.6837610403704</DistanceMeters><HeartRateBpm><Value>136</Value></HeartRateBpm><SensorState>Present</SensorState></Trackpoint><Trackpoint><Time>2025-07-18T11:05:34.242Z</Time><DistanceMeters>1461.7521371444075</DistanceMeters><HeartRateBpm><Value>137</Value></HeartRateBpm><SensorState>Present</SensorState></Trackpoint><Trackpoint><Time>2025-07-18T11:05:35.242Z</Time><DistanceMeters>1475.0</DistanceMeters><HeartRateBpm><Value>137</Value></HeartRateBpm><SensorState>Present</SensorState></Trackpoint><Trackpoint><Time>2025-07-18T11:05:36.242Z</Time><DistanceMeters>1475.0</DistanceMeters><HeartRateBpm><Value>138</Value></HeartRateBpm><SensorState>Present</SensorState></Trackpoint><Trackpoint><Time>2025-07-18T11:05:37.242Z</Time><DistanceMeters>1475.0</DistanceMeters><HeartRateBpm><Value>138</Value></HeartRateBpm><SensorState>Present</SensorState></Trackpoint><Trackpoint><Time>2025-07-18T11:05:38.242Z</Time><DistanceMeters>1475.0</DistanceMeters><HeartRateBpm><Value>138</Value></HeartRateBpm><SensorState>Present</SensorState></Trackpoint><Trackpoint><Time>2025-07-18T11:05:39.242Z</Time><DistanceMeters>1475.0</DistanceMeters><HeartRateBpm><Value>138</Value></HeartRateBpm><SensorState>Present</SensorState></Trackpoint><Trackpoint><Time>2025-07-18T11:05:40.242Z</Time><DistanceMeters>1475.0</DistanceMeters><HeartRateBpm><Value>138</Value></HeartRateBpm><SensorState>Present</SensorState></Trackpoint><Trackpoint><Time>2025-07-18T11:05:41.242Z</Time><DistanceMeters>1475.0</DistanceMeters><HeartRateBpm><Value>137</Value></HeartRateBpm><SensorState>Present</SensorState></Trackpoint><Trackpoint><Time>2025-07-18T11:05:42.242Z</Time><DistanceMeters>1475.0</DistanceMeters><HeartRateBpm><Value>136</Value></HeartRateBpm><SensorState>Present</SensorState></Trackpoint><Trackpoint><Time>2025-07-18T11:05:43.242Z</Time><DistanceMeters>1475.0</DistanceMeters><HeartRateBpm><Value>135</Value></HeartRateBpm><SensorState>Present</SensorState></Trackpoint><Trackpoint><Time>2025-07-18T11:05:44.242Z</Time><DistanceMeters>1475.0</DistanceMeters><HeartRateBpm><Value>135</Value></HeartRateBpm><SensorState>Present</SensorState></Trackpoint><Trackpoint><Time>2025-07-18T11:05:45.242Z</Time><DistanceMeters>1475.0</DistanceMeters><HeartRateBpm><Value>134</Value></HeartRateBpm><SensorState>Present</SensorState></Trackpoint><Trackpoint><Time>2025-07-18T11:05:46.242Z</Time><DistanceMeters>1475.0</DistanceMeters><HeartRateBpm><Value>134</Value></HeartRateBpm><SensorState>Present</SensorState></Trackpoint><Trackpoint><Time>2025-07-18T11:05:47.242Z</Time><DistanceMeters>1475.0</DistanceMeters><HeartRateBpm><Value>133</Value></HeartRateBpm><SensorState>Present</SensorState></Trackpoint><Trackpoint><Time>2025-07-18T11:05:48.242Z</Time><DistanceMeters>1475.0</DistanceMeters><HeartRateBpm><Value>133</Value></HeartRateBpm><SensorState>Present</SensorState></Trackpoint><Trackpoint><Time>2025-07-18T11:05:49.242Z</Time><DistanceMeters>1475.0</DistanceMeters><HeartRateBpm><Value>133</Value></HeartRateBpm><SensorState>Present</SensorState></Trackpoint><Trackpoint><Time>2025-07-18T11:05:50.242Z</Time><DistanceMeters>1475.0</DistanceMeters><HeartRateBpm><Value>133</Value></HeartRateBpm><SensorState>Present</SensorState></Trackpoint><Trackpoint><Time>2025-07-18T11:05:51.242Z</Time><DistanceMeters>1475.0</DistanceMeters><HeartRateBpm><Value>132</Value></HeartRateBpm><SensorState>Present</SensorState></Trackpoint><Trackpoint><Time>2025-07-18T11:05:52.242Z</Time><DistanceMeters>1475.0</DistanceMeters><HeartRateBpm><Value>132</Value></HeartRateBpm><SensorState>Present</SensorState></Trackpoint><Trackpoint><Time>2025-07-18T11:05:53.242Z</Time><DistanceMeters>1475.0</DistanceMeters><HeartRateBpm><Value>131</Value></HeartRateBpm><SensorState>Present</SensorState></Trackpoint><Trackpoint><Time>2025-07-18T11:05:54.242Z</Time><DistanceMeters>1476.068376104037</DistanceMeters><HeartRateBpm><Value>130</Value></HeartRateBpm><SensorState>Present</SensorState></Trackpoint><Trackpoint><Time>2025-07-18T11:05:55.242Z</Time><DistanceMeters>1477.136752208074</DistanceMeters><HeartRateBpm><Value>129</Value></HeartRateBpm><SensorState>Present</SensorState></Trackpoint><Trackpoint><Time>2025-07-18T11:05:56.242Z</Time><DistanceMeters>1478.2051283121111</DistanceMeters><HeartRateBpm><Value>129</Value></HeartRateBpm><SensorState>Present</SensorState></Trackpoint><Trackpoint><Time>2025-07-18T11:05:57.242Z</Time><DistanceMeters>1479.2735044161482</DistanceMeters><HeartRateBpm><Value>129</Value></HeartRateBpm><SensorState>Present</SensorState></Trackpoint><Trackpoint><Time>2025-07-18T11:05:58.242Z</Time><DistanceMeters>1480.3418805201852</DistanceMeters><HeartRateBpm><Value>129</Value></HeartRateBpm><SensorState>Present</SensorState></Trackpoint><Trackpoint><Time>2025-07-18T11:05:59.242Z</Time><DistanceMeters>1481.4102566242223</DistanceMeters><HeartRateBpm><Value>129</Value></HeartRateBpm><SensorState>Present</SensorState></Trackpoint><Trackpoint><Time>2025-07-18T11:06:00.242Z</Time><DistanceMeters>1482.4786327282593</DistanceMeters><HeartRateBpm><Value>129</Value></HeartRateBpm><SensorState>Present</SensorState></Trackpoint><Trackpoint><Time>2025-07-18T11:06:01.242Z</Time><DistanceMeters>1483.5470088322963</DistanceMeters><HeartRateBpm><Value>129</Value></HeartRateBpm><SensorState>Present</SensorState></Trackpoint><Trackpoint><Time>2025-07-18T11:06:02.242Z</Time><DistanceMeters>1484.6153849363334</DistanceMeters><HeartRateBpm><Value>129</Value></HeartRateBpm><SensorState>Present</SensorState></Trackpoint><Trackpoint><Time>2025-07-18T11:06:03.242Z</Time><DistanceMeters>1485.6837610403704</DistanceMeters><HeartRateBpm><Value>129</Value></HeartRateBpm><SensorState>Present</SensorState></Trackpoint><Trackpoint><Time>2025-07-18T11:06:04.242Z</Time><DistanceMeters>1486.7521371444075</DistanceMeters><HeartRateBpm><Value>129</Value></HeartRateBpm><SensorState>Present</SensorState></Trackpoint><Trackpoint><Time>2025-07-18T11:06:05.242Z</Time><DistanceMeters>1500.0</DistanceMeters><HeartRateBpm><Value>129</Value></HeartRateBpm><SensorState>Present</SensorState></Trackpoint><Trackpoint><Time>2025-07-18T11:06:06.242Z</Time><DistanceMeters>1500.0</DistanceMeters><HeartRateBpm><Value>128</Value></HeartRateBpm><SensorState>Present</SensorState></Trackpoint><Trackpoint><Time>2025-07-18T11:06:07.242Z</Time><DistanceMeters>1500.0</DistanceMeters><HeartRateBpm><Value>127</Value></HeartRateBpm><SensorState>Present</SensorState></Trackpoint><Trackpoint><Time>2025-07-18T11:06:08.242Z</Time><DistanceMeters>1500.0</DistanceMeters><HeartRateBpm><Value>127</Value></HeartRateBpm><SensorState>Present</SensorState></Trackpoint><Trackpoint><Time>2025-07-18T11:06:09.242Z</Time><DistanceMeters>1500.0</DistanceMeters><HeartRateBpm><Value>126</Value></HeartRateBpm><SensorState>Present</SensorState></Trackpoint><Trackpoint><Time>2025-07-18T11:06:10.242Z</Time><DistanceMeters>1500.0</DistanceMeters><HeartRateBpm><Value>125</Value></HeartRateBpm><SensorState>Present</SensorState></Trackpoint><Trackpoint><Time>2025-07-18T11:06:11.242Z</Time><DistanceMeters>1500.0</DistanceMeters><HeartRateBpm><Value>125</Value></HeartRateBpm><SensorState>Present</SensorState></Trackpoint></Track><Extensions><LX xmlns="http://www.garmin.com/xmlschemas/ActivityExtension/v2"><AvgSpeed>0.8930842081705729</AvgSpeed></LX></Extensions></Lap><Training xmlns="http://www.garmin.com/xmlschemas/TrainingCenterDatabase/v2" VirtualPartner="false"><Plan Type="Workout" IntervalWorkout="false"><Extensions></Extensions></Plan></Training><Creator xmlns:xsi="http://www.w3.org/2001/XMLSchema-instance" xsi:type="Device_t"><Name>Polar Pacer</Name><UnitId>0</UnitId><ProductID>256</ProductID><Version><VersionMajor>2</VersionMajor><VersionMinor>2</VersionMinor><BuildMajor>0</BuildMajor><BuildMinor>0</BuildMinor></Version></Creator></Activity></Activities><Author xmlns:xsi="http://www.w3.org/2001/XMLSchema-instance" xsi:type="Application_t"><Name>Polar Flow Mobile Viewer Android</Name><Build><Version><VersionMajor>0</VersionMajor><VersionMinor>0</VersionMinor></Version></Build><LangID>EN</LangID><PartNumber>XXX-XXXXX-XX</PartNumber></Author></TrainingCenterDatabase>