<?xml version="1.0" encoding="UTF-8"?><TrainingCenterDatabase xmlns="http://www.garmin.com/xmlschemas/TrainingCenterDatabase/v2"><Activities><Activity Sport="Running"><Id>2025-07-31T12:25:36.905Z</Id><Lap StartTime="2025-07-31T12:25:37.905Z"><TotalTimeSeconds>444.0</TotalTimeSeconds><DistanceMeters>1000.0</DistanceMeters><MaximumSpeed>3.1022050645616317</MaximumSpeed><Calories>344</Calories><AverageHeartRateBpm><Value>120</Value></AverageHeartRateBpm><MaximumHeartRateBpm><Value>134</Value></MaximumHeartRateBpm><Intensity>Active</Intensity><Cadence>83</Cadence><TriggerMethod>Distance</TriggerMethod><Track><Trackpoint><Time>2025-07-31T12:25:37.905Z</Time><HeartRateBpm><Value>86</Value></HeartRateBpm><Cadence>0</Cadence><SensorState>Present</SensorState></Trackpoint><Trackpoint><Time>2025-07-31T12:25:38.905Z</Time><HeartRateBpm><Value>86</Value></HeartRateBpm><Cadence>0</Cadence><SensorState>Present</SensorState></Trackpoint><Trackpoint><Time>2025-07-31T12:25:39.905Z</Time><HeartRateBpm><Value>87</Value></HeartRateBpm><Cadence>0</Cadence><SensorState>Present</SensorState></Trackpoint><Trackpoint><Time>2025-07-31T12:25:40.905Z</Time><HeartRateBpm><Value>88</Value></HeartRateBpm><Cadence>0</Cadence><SensorState>Present</SensorState></Trackpoint><Trackpoint><Time>2025-07-31T12:25:41.905Z</Time><DistanceMeters>0.4000000059604645</DistanceMeters><HeartRateBpm><Value>88</Value></HeartRateBpm><Cadence>0</Cadence><SensorState>Present</SensorState></Trackpoint><Trackpoint><Time>2025-07-31T12:25:42.905Z</Time><DistanceMeters>1.2000000476837158</DistanceMeters><HeartRateBpm><Value>88</Value></HeartRateBpm><Cadence>61</Cadence><SensorState>Present</SensorState></Trackpoint><Trackpoint><Time>2025-07-31T12:25:43.905Z</Time><DistanceMeters>3.0999999046325684</DistanceMeters><HeartRateBpm><Value>89</Value></HeartRateBpm><Cadence>71</Cadence><SensorState>Present</SensorState></Trackpoint><Trackpoint><Time>2025-07-31T12:25:44.905Z</Time><DistanceMeters>5.599999904632568</DistanceMeters><HeartRateBpm><Value>90</Value></HeartRateBpm><Cadence>79</Cadence><SensorState>Present</SensorState></Trackpoint><Trackpoint><Time>2025-07-31T12:25:45.905Z</Time><DistanceMeters>8.199999809265137</DistanceMeters><HeartRateBpm><Value>90</Value></HeartRateBpm><Cadence>80</Cadence><SensorState>Present</SensorState></Trackpoint><Trackpoint><Time>2025-07-31T12:25:46.905Z</Time><DistanceMeters>10.899999618530273</DistanceMeters><HeartRateBpm><Value>91</Value></HeartRateBpm><Cadence>82</Cadence><SensorState>Present</SensorState></Trackpoint><Trackpoint><Time>2025-07-31T12:25:47.905Z</Time><DistanceMeters>13.399999618530273</DistanceMeters><HeartRateBpm><Value>91</Value></HeartRateBpm><Cadence>83</Cadence><SensorState>Present</SensorState></Trackpoint><Trackpoint><Time>2025-07-31T12:25:48.905Z</Time><DistanceMeters>16.0</DistanceMeters><HeartRateBpm><Value>91</Value></HeartRateBpm><Cadence>82</Cadence><SensorState>Present</SensorState></Trackpoint><Trackpoint><Time>2025-07-31T12:25:49.905Z</Time><DistanceMeters>18.600000381469727</DistanceMeters><HeartRateBpm><Value>92</Value></HeartRateBpm><Cadence>82</Cadence><SensorState>Present</SensorState></Trackpoint><Trackpoint><Time>2025-07-31T12:25:50.905Z</Time><Position><LatitudeDegrees>43.35025167</LatitudeDegrees><LongitudeDegrees>-2.84343167</LongitudeDegrees></Position><DistanceMeters>21.200000762939453</DistanceMeters><HeartRateBpm><Value>92</Value></HeartRateBpm><Cadence>83</Cadence><SensorState>Present</SensorState></Trackpoint><Trackpoint><Time>2025-07-31T12:25:51.905Z</Time><Position><LatitudeDegrees>43.350245</LatitudeDegrees><LongitudeDegrees>-2.84335667</LongitudeDegrees></Position><DistanceMeters>22.600000381469727</DistanceMeters><HeartRateBpm><Value>93</Value></HeartRateBpm><Cadence>83</Cadence><SensorState>Present</SensorState></Trackpoint><Trackpoint><Time>2025-07-31T12:25:52.905Z</Time><Position><LatitudeDegrees>43.35023</LatitudeDegrees><LongitudeDegrees>-2.84321</LongitudeDegrees></Position><DistanceMeters>23.100000381469727</DistanceMeters><HeartRateBpm><Value>94</Value></HeartRateBpm><Cadence>83</Cadence><SensorState>Present</SensorState></Trackpoint><Trackpoint><Time>2025-07-31T12:25:53.905Z</Time><Position><LatitudeDegrees>43.350215</LatitudeDegrees><LongitudeDegrees>-2.84328333</LongitudeDegrees></Position><DistanceMeters>23.399999618530273</DistanceMeters><HeartRateBpm><Value>95</Value></HeartRateBpm><Cadence>83</Cadence><SensorState>Present</SensorState></Trackpoint><Trackpoint><Time>2025-07-31T12:25:54.905Z</Time><Position><LatitudeDegrees>43.35019333</LatitudeDegrees><LongitudeDegrees>-2.84328</LongitudeDegrees></Position><DistanceMeters>23.399999618530273</DistanceMeters><HeartRateBpm><Value>95</Value></HeartRateBpm><Cadence>83</Cadence><SensorState>Present</SensorState></Trackpoint><Trackpoint><Time>2025-07-31T12:25:55.905Z</Time><Position><LatitudeDegrees>43.35020167</LatitudeDegrees><LongitudeDegrees>-2.84329833</LongitudeDegrees></Position><DistanceMeters>23.399999618530273</DistanceMeters><HeartRateBpm><Value>95</Value></HeartRateBpm><Cadence>83</Cadence><SensorState>Present</SensorState></Trackpoint><Trackpoint><Time>2025-07-31T12:25:56.905Z</Time><Position><LatitudeDegrees>43.35021167</LatitudeDegrees><LongitudeDegrees>-2.843305</LongitudeDegrees></Position><DistanceMeters>25.200000762939453</DistanceMeters><HeartRateBpm><Value>94</Value></HeartRateBpm><Cadence>83</Cadence><SensorState>Present</SensorState></Trackpoint><Trackpoint><Time>2025-07-31T12:25:57.905Z</Time><Position><LatitudeDegrees>43.35021667</LatitudeDegrees><LongitudeDegrees>-2.84330167</LongitudeDegrees></Position><DistanceMeters>26.5</DistanceMeters><HeartRateBpm><Value>94</Value></HeartRateBpm><Cadence>83</Cadence><SensorState>Present</SensorState></Trackpoint><Trackpoint><Time>2025-07-31T12:25:58.905Z</Time><Position><LatitudeDegrees>43.350215</LatitudeDegrees><LongitudeDegrees>-2.84328667</LongitudeDegrees></Position><DistanceMeters>34.599998474121094</DistanceMeters><HeartRateBpm><Value>94</Value></HeartRateBpm><Cadence>83</Cadence><SensorState>Present</SensorState></Trackpoint><Trackpoint><Time>2025-07-31T12:25:59.905Z</Time><Position><LatitudeDegrees>43.35021167</LatitudeDegrees><LongitudeDegrees>-2.84327833</LongitudeDegrees></Position><DistanceMeters>34.599998474121094</DistanceMeters><HeartRateBpm><Value>95</Value></HeartRateBpm><Cadence>83</Cadence><SensorState>Present</SensorState></Trackpoint><Trackpoint><Time>2025-07-31T12:26:00.905Z</Time><Position><LatitudeDegrees>43.35020167</LatitudeDegrees><LongitudeDegrees>-2.84327167</LongitudeDegrees></Position><DistanceMeters>34.599998474121094</DistanceMeters><HeartRateBpm><Value>95</Value></HeartRateBpm><Cadence>83</Cadence><SensorState>Present</SensorState></Trackpoint><Trackpoint><Time>2025-07-31T12:26:01.905Z</Time><Position><LatitudeDegrees>43.350185</LatitudeDegrees><LongitudeDegrees>-2.84324</LongitudeDegrees></Position><DistanceMeters>34.599998474121094</DistanceMeters><HeartRateBpm><Value>95</Value></HeartRateBpm><Cadence>83</Cadence><SensorState>Present</SensorState></Trackpoint><Trackpoint><Time>2025-07-31T12:26:02.905Z</Time><Position><LatitudeDegrees>43.35017</LatitudeDegrees><LongitudeDegrees>-2.84323333</LongitudeDegrees></Position><DistanceMeters>34.599998474121094</DistanceMeters><HeartRateBpm><Value>95</Value></HeartRateBpm><Cadence>83</Cadence><SensorState>Present</SensorState></Trackpoint><Trackpoint><Time>2025-07-31T12:26:03.905Z</Time><Position><LatitudeDegrees>43.35014667</LatitudeDegrees><LongitudeDegrees>-2.843215</LongitudeDegrees></Position><DistanceMeters>34.599998474121094</DistanceMeters><HeartRateBpm><Value>96</Value></HeartRateBpm><Cadence>83</Cadence><SensorState>Present</SensorState></Trackpoint><Trackpoint><Time>2025-07-31T12:26:04.905Z</Time><Position><LatitudeDegrees>43.35013333</LatitudeDegrees><LongitudeDegrees>-2.84317</LongitudeDegrees></Position><DistanceMeters>34.599998474121094</DistanceMeters><HeartRateBpm><Value>96</Value></HeartRateBpm><Cadence>83</Cadence><SensorState>Present</SensorState></Trackpoint><Trackpoint><Time>2025-07-31T12:26:05.905Z</Time><Position><LatitudeDegrees>43.350125</LatitudeDegrees><LongitudeDegrees>-2.843135</LongitudeDegrees></Position><DistanceMeters>34.70000076293945</DistanceMeters><HeartRateBpm><Value>97</Value></HeartRateBpm><Cadence>83</Cadence><SensorState>Present</SensorState></Trackpoint><Trackpoint><Time>2025-07-31T12:26:06.905Z</Time><Position><LatitudeDegrees>43.35011667</LatitudeDegrees><LongitudeDegrees>-2.84308667</LongitudeDegrees></Position><DistanceMeters>35.79999923706055</DistanceMeters><HeartRateBpm><Value>97</Value></HeartRateBpm><Cadence>83</Cadence><SensorState>Present</SensorState></Trackpoint><Trackpoint><Time>2025-07-31T12:26:07.905Z</Time><Position><LatitudeDegrees>43.35011333</LatitudeDegrees><LongitudeDegrees>-2.84305667</LongitudeDegrees></Position><DistanceMeters>39.79999923706055</DistanceMeters><HeartRateBpm><Value>97</Value></HeartRateBpm><Cadence>83</Cadence><SensorState>Present</SensorState></Trackpoint><Trackpoint><Time>2025-07-31T12:26:08.905Z</Time><Position><LatitudeDegrees>43.350105</LatitudeDegrees><LongitudeDegrees>-2.84303167</LongitudeDegrees></Position><DistanceMeters>44.5</DistanceMeters><HeartRateBpm><Value>98</Value></HeartRateBpm><Cadence>83</Cadence><SensorState>Present</SensorState></Trackpoint><Trackpoint><Time>2025-07-31T12:26:09.905Z</Time><Position><LatitudeDegrees>43.3501</LatitudeDegrees><LongitudeDegrees>-2.84302</LongitudeDegrees></Position><DistanceMeters>48.29999923706055</DistanceMeters><HeartRateBpm><Value>98</Value></HeartRateBpm><Cadence>83</Cadence><SensorState>Present</SensorState></Trackpoint><Trackpoint><Time>2025-07-31T12:26:10.905Z</Time><Position><LatitudeDegrees>43.35009167</LatitudeDegrees><LongitudeDegrees>-2.842995</LongitudeDegrees></Position><DistanceMeters>51.5</DistanceMeters><HeartRateBpm><Value>98</Value></HeartRateBpm><Cadence>83</Cadence><SensorState>Present</SensorState></Trackpoint><Trackpoint><Time>2025-07-31T12:26:11.905Z</Time><Position><LatitudeDegrees>43.350085</LatitudeDegrees><LongitudeDegrees>-2.84297</LongitudeDegrees></Position><DistanceMeters>54.099998474121094</DistanceMeters><HeartRateBpm><Value>99</Value></HeartRateBpm><Cadence>83</Cadence><SensorState>Present</SensorState></Trackpoint><Trackpoint><Time>2025-07-31T12:26:12.905Z</Time><Position><LatitudeDegrees>43.35008333</LatitudeDegrees><LongitudeDegrees>-2.84295167</LongitudeDegrees></Position><DistanceMeters>55.900001525878906</DistanceMeters><HeartRateBpm><Value>99</Value></HeartRateBpm><Cadence>83</Cadence><SensorState>Present</SensorState></Trackpoint><Trackpoint><Time>2025-07-31T12:26:13.905Z</Time><Position><LatitudeDegrees>43.350075</LatitudeDegrees><LongitudeDegrees>-2.842925</LongitudeDegrees></Position><DistanceMeters>58.70000076293945</DistanceMeters><HeartRateBpm><Value>100</Value></HeartRateBpm><Cadence>83</Cadence><SensorState>Present</SensorState></Trackpoint><Trackpoint><Time>2025-07-31T12:26:14.905Z</Time><Position><LatitudeDegrees>43.35006833</LatitudeDegrees><LongitudeDegrees>-2.84290333</LongitudeDegrees></Position><DistanceMeters>60.599998474121094</DistanceMeters><HeartRateBpm><Value>100</Value></HeartRateBpm><Cadence>83</Cadence><SensorState>Present</SensorState></Trackpoint><Trackpoint><Time>2025-07-31T12:26:15.905Z</Time><Position><LatitudeDegrees>43.350065</LatitudeDegrees><LongitudeDegrees>-2.84287833</LongitudeDegrees></Position><DistanceMeters>62.0</DistanceMeters><HeartRateBpm><Value>101</Value></HeartRateBpm><Cadence>83</Cadence><SensorState>Present</SensorState></Trackpoint><Trackpoint><Time>2025-07-31T12:26:16.905Z</Time><Position><LatitudeDegrees>43.35006333</LatitudeDegrees><LongitudeDegrees>-2.84285</LongitudeDegrees></Position><DistanceMeters>63.5</DistanceMeters><HeartRateBpm><Value>101</Value></HeartRateBpm><Cadence>83</Cadence><SensorState>Present</SensorState></Trackpoint><Trackpoint><Time>2025-07-31T12:26:17.905Z</Time><Position><LatitudeDegrees>43.35006167</LatitudeDegrees><LongitudeDegrees>-2.84281</LongitudeDegrees></Position><DistanceMeters>64.69999694824219</DistanceMeters><HeartRateBpm><Value>100</Value></HeartRateBpm><Cadence>83</Cadence><SensorState>Present</SensorState></Trackpoint><Trackpoint><Time>2025-07-31T12:26:18.905Z</Time><Position><LatitudeDegrees>43.35006167</LatitudeDegrees><LongitudeDegrees>-2.842785</LongitudeDegrees></Position><DistanceMeters>66.69999694824219</DistanceMeters><HeartRateBpm><Value>100</Value></HeartRateBpm><Cadence>83</Cadence><SensorState>Present</SensorState></Trackpoint><Trackpoint><Time>2025-07-31T12:26:19.905Z</Time><Position><LatitudeDegrees>43.35006167</LatitudeDegrees><LongitudeDegrees>-2.84275833</LongitudeDegrees></Position><DistanceMeters>69.4000015258789</DistanceMeters><HeartRateBpm><Value>101</Value></HeartRateBpm><Cadence>83</Cadence><SensorState>Present</SensorState></Trackpoint><Trackpoint><Time>2025-07-31T12:26:20.905Z</Time><Position><LatitudeDegrees>43.350065</LatitudeDegrees><LongitudeDegrees>-2.84273667</LongitudeDegrees></Position><DistanceMeters>72.0999984741211</DistanceMeters><HeartRateBpm><Value>101</Value></HeartRateBpm><Cadence>83</Cadence><SensorState>Present</SensorState></Trackpoint><Trackpoint><Time>2025-07-31T12:26:21.905Z</Time><Position><LatitudeDegrees>43.350065</LatitudeDegrees><LongitudeDegrees>-2.842725</LongitudeDegrees></Position><DistanceMeters>74.30000305175781</DistanceMeters><HeartRateBpm><Value>101</Value></HeartRateBpm><Cadence>83</Cadence><SensorState>Present</SensorState></Trackpoint><Trackpoint><Time>2025-07-31T12:26:22.905Z</Time><Position><LatitudeDegrees>43.350065</LatitudeDegrees><LongitudeDegrees>-2.84272</LongitudeDegrees></Position><DistanceMeters>76.0</DistanceMeters><HeartRateBpm><Value>101</Value></HeartRateBpm><Cadence>83</Cadence><SensorState>Present</SensorState></Trackpoint><Trackpoint><Time>2025-07-31T12:26:23.905Z</Time><Position><LatitudeDegrees>43.35007</LatitudeDegrees><LongitudeDegrees>-2.84271333</LongitudeDegrees></Position><DistanceMeters>77.5999984741211</DistanceMeters><HeartRateBpm><Value>101</Value></HeartRateBpm><Cadence>83</Cadence><SensorState>Present</SensorState></Trackpoint><Trackpoint><Time>2025-07-31T12:26:24.905Z</Time><Position><LatitudeDegrees>43.35007667</LatitudeDegrees><LongitudeDegrees>-2.84270667</LongitudeDegrees></Position><DistanceMeters>78.30000305175781</DistanceMeters><HeartRateBpm><Value>102</Value></HeartRateBpm><Cadence>83</Cadence><SensorState>Present</SensorState></Trackpoint><Trackpoint><Time>2025-07-31T12:26:25.905Z</Time><Position><LatitudeDegrees>43.35008167</LatitudeDegrees><LongitudeDegrees>-2.84269833</LongitudeDegrees></Position><DistanceMeters>79.0999984741211</DistanceMeters><HeartRateBpm><Value>102</Value></HeartRateBpm><Cadence>83</Cadence><SensorState>Present</SensorState></Trackpoint><Trackpoint><Time>2025-07-31T12:26:26.905Z</Time><Position><LatitudeDegrees>43.35009</LatitudeDegrees><LongitudeDegrees>-2.8427</LongitudeDegrees></Position><DistanceMeters>79.69999694824219</DistanceMeters><HeartRateBpm><Value>103</Value></HeartRateBpm><Cadence>83</Cadence><SensorState>Present</SensorState></Trackpoint><Trackpoint><Time>2025-07-31T12:26:27.905Z</Time><Position><LatitudeDegrees>43.35010167</LatitudeDegrees><LongitudeDegrees>-2.84271833</LongitudeDegrees></Position><DistanceMeters>80.0</DistanceMeters><HeartRateBpm><Value>103</Value></HeartRateBpm><Cadence>83</Cadence><SensorState>Present</SensorState></Trackpoint><Trackpoint><Time>2025-07-31T12:26:28.905Z</Time><Position><LatitudeDegrees>43.35011167</LatitudeDegrees><LongitudeDegrees>-2.84274333</LongitudeDegrees></Position><DistanceMeters>80.0</DistanceMeters><HeartRateBpm><Value>104</Value></HeartRateBpm><Cadence>83</Cadence><SensorState>Present</SensorState></Trackpoint><Trackpoint><Time>2025-07-31T12:26:29.905Z</Time><Position><LatitudeDegrees>43.350125</LatitudeDegrees><LongitudeDegrees>-2.84274</LongitudeDegrees></Position><DistanceMeters>80.0</DistanceMeters><HeartRateBpm><Value>104</Value></HeartRateBpm><Cadence>83</Cadence><SensorState>Present</SensorState></Trackpoint><Trackpoint><Time>2025-07-31T12:26:30.905Z</Time><Position><LatitudeDegrees>43.35013667</LatitudeDegrees><LongitudeDegrees>-2.842735</LongitudeDegrees></Position><DistanceMeters>80.4000015258789</DistanceMeters><HeartRateBpm><Value>104</Value></HeartRateBpm><Cadence>83</Cadence><SensorState>Present</SensorState></Trackpoint><Trackpoint><Time>2025-07-31T12:26:31.905Z</Time><Position><LatitudeDegrees>43.35014833</LatitudeDegrees><LongitudeDegrees>-2.84272667</LongitudeDegrees></Position><DistanceMeters>81.4000015258789</DistanceMeters><HeartRateBpm><Value>105</Value></HeartRateBpm><Cadence>83</Cadence><SensorState>Present</SensorState></Trackpoint><Trackpoint><Time>2025-07-31T12:26:32.905Z</Time><Position><LatitudeDegrees>43.35016</LatitudeDegrees><LongitudeDegrees>-2.842715</LongitudeDegrees></Position><DistanceMeters>82.4000015258789</DistanceMeters><HeartRateBpm><Value>105</Value></HeartRateBpm><Cadence>83</Cadence><SensorState>Present</SensorState></Trackpoint><Trackpoint><Time>2025-07-31T12:26:33.905Z</Time><Position><LatitudeDegrees>43.35017</LatitudeDegrees><LongitudeDegrees>-2.8427</LongitudeDegrees></Position><DistanceMeters>83.5999984741211</DistanceMeters><HeartRateBpm><Value>106</Value></HeartRateBpm><Cadence>82</Cadence><SensorState>Present</SensorState></Trackpoint><Trackpoint><Time>2025-07-31T12:26:34.905Z</Time><Position><LatitudeDegrees>43.35018167</LatitudeDegrees><LongitudeDegrees>-2.84268333</LongitudeDegrees></Position><DistanceMeters>85.5999984741211</DistanceMeters><HeartRateBpm><Value>106</Value></HeartRateBpm><Cadence>82</Cadence><SensorState>Present</SensorState></Trackpoint><Trackpoint><Time>2025-07-31T12:26:35.905Z</Time><Position><LatitudeDegrees>43.35018833</LatitudeDegrees><LongitudeDegrees>-2.842675</LongitudeDegrees></Position><DistanceMeters>87.4000015258789</DistanceMeters><HeartRateBpm><Value>106</Value></HeartRateBpm><Cadence>82</Cadence><SensorState>Present</SensorState></Trackpoint><Trackpoint><Time>2025-07-31T12:26:36.905Z</Time><Position><LatitudeDegrees>43.35019833</LatitudeDegrees><LongitudeDegrees>-2.84266333</LongitudeDegrees></Position><DistanceMeters>89.4000015258789</DistanceMeters><HeartRateBpm><Value>107</Value></HeartRateBpm><Cadence>82</Cadence><SensorState>Present</SensorState></Trackpoint><Trackpoint><Time>2025-07-31T12:26:37.905Z</Time><Position><LatitudeDegrees>43.35022333</LatitudeDegrees><LongitudeDegrees>-2.84268</LongitudeDegrees></Position><DistanceMeters>90.5999984741211</DistanceMeters><HeartRateBpm><Value>107</Value></HeartRateBpm><Cadence>82</Cadence><SensorState>Present</SensorState></Trackpoint><Trackpoint><Time>2025-07-31T12:26:38.905Z</Time><Position><LatitudeDegrees>43.35023333</LatitudeDegrees><LongitudeDegrees>-2.84268333</LongitudeDegrees></Position><DistanceMeters>91.9000015258789</DistanceMeters><HeartRateBpm><Value>107</Value></HeartRateBpm><Cadence>82</Cadence><SensorState>Present</SensorState></Trackpoint><Trackpoint><Time>2025-07-31T12:26:39.905Z</Time><Position><LatitudeDegrees>43.35024333</LatitudeDegrees><LongitudeDegrees>-2.842675</LongitudeDegrees></Position><DistanceMeters>93.9000015258789</DistanceMeters><HeartRateBpm><Value>107</Value></HeartRateBpm><Cadence>82</Cadence><SensorState>Present</SensorState></Trackpoint><Trackpoint><Time>2025-07-31T12:26:40.905Z</Time><Position><LatitudeDegrees>43.35026167</LatitudeDegrees><LongitudeDegrees>-2.84268333</LongitudeDegrees></Position><DistanceMeters>95.19999694824219</DistanceMeters><HeartRateBpm><Value>108</Value></HeartRateBpm><Cadence>82</Cadence><SensorState>Present</SensorState></Trackpoint><Trackpoint><Time>2025-07-31T12:26:41.905Z</Time><Position><LatitudeDegrees>43.35026833</LatitudeDegrees><LongitudeDegrees>-2.84267833</LongitudeDegrees></Position><DistanceMeters>96.80000305175781</DistanceMeters><HeartRateBpm><Value>108</Value></HeartRateBpm><Cadence>82</Cadence><SensorState>Present</SensorState></Trackpoint><Trackpoint><Time>2025-07-31T12:26:42.905Z</Time><Position><LatitudeDegrees>43.350275</LatitudeDegrees><LongitudeDegrees>-2.84266833</LongitudeDegrees></Position><DistanceMeters>98.80000305175781</DistanceMeters><HeartRateBpm><Value>108</Value></HeartRateBpm><Cadence>82</Cadence><SensorState>Present</SensorState></Trackpoint><Trackpoint><Time>2025-07-31T12:26:43.905Z</Time><Position><LatitudeDegrees>43.35028333</LatitudeDegrees><LongitudeDegrees>-2.84265</LongitudeDegrees></Position><DistanceMeters>99.0999984741211</DistanceMeters><HeartRateBpm><Value>108</Value></HeartRateBpm><Cadence>82</Cadence><SensorState>Present</SensorState></Trackpoint><Trackpoint><Time>2025-07-31T12:26:44.905Z</Time><Position><LatitudeDegrees>43.35028667</LatitudeDegrees><LongitudeDegrees>-2.84264667</LongitudeDegrees></Position><DistanceMeters>100.0999984741211</DistanceMeters><HeartRateBpm><Value>108</Value></HeartRateBpm><Cadence>82</Cadence><SensorState>Present</SensorState></Trackpoint><Trackpoint><Time>2025-07-31T12:26:45.905Z</Time><Position><LatitudeDegrees>43.35028833</LatitudeDegrees><LongitudeDegrees>-2.84263</LongitudeDegrees></Position><DistanceMeters>101.30000305175781</DistanceMeters><HeartRateBpm><Value>108</Value></HeartRateBpm><Cadence>82</Cadence><SensorState>Present</SensorState></Trackpoint><Trackpoint><Time>2025-07-31T12:26:46.905Z</Time><Position><LatitudeDegrees>43.35029</LatitudeDegrees><LongitudeDegrees>-2.84261</LongitudeDegrees></Position><DistanceMeters>102.5999984741211</DistanceMeters><HeartRateBpm><Value>108</Value></HeartRateBpm><Cadence>82</Cadence><SensorState>Present</SensorState></Trackpoint><Trackpoint><Time>2025-07-31T12:26:47.905Z</Time><Position><LatitudeDegrees>43.35028833</LatitudeDegrees><LongitudeDegrees>-2.842585</LongitudeDegrees></Position><DistanceMeters>103.69999694824219</DistanceMeters><HeartRateBpm><Value>108</Value></HeartRateBpm><Cadence>83</Cadence><SensorState>Present</SensorState></Trackpoint><Trackpoint><Time>2025-07-31T12:26:48.905Z</Time><Position><LatitudeDegrees>43.35028667</LatitudeDegrees><LongitudeDegrees>-2.842565</LongitudeDegrees></Position><DistanceMeters>104.0</DistanceMeters><HeartRateBpm><Value>108</Value></HeartRateBpm><Cadence>82</Cadence><SensorState>Present</SensorState></Trackpoint><Trackpoint><Time>2025-07-31T12:26:49.905Z</Time><Position><LatitudeDegrees>43.35028</LatitudeDegrees><LongitudeDegrees>-2.84254167</LongitudeDegrees></Position><DistanceMeters>105.5</DistanceMeters><HeartRateBpm><Value>108</Value></HeartRateBpm><Cadence>82</Cadence><SensorState>Present</SensorState></Trackpoint><Trackpoint><Time>2025-07-31T12:26:50.905Z</Time><Position><LatitudeDegrees>43.35027167</LatitudeDegrees><LongitudeDegrees>-2.84251833</LongitudeDegrees></Position><DistanceMeters>107.0999984741211</DistanceMeters><HeartRateBpm><Value>108</Value></HeartRateBpm><Cadence>82</Cadence><SensorState>Present</SensorState></Trackpoint><Trackpoint><Time>2025-07-31T12:26:51.905Z</Time><Position><LatitudeDegrees>43.35026667</LatitudeDegrees><LongitudeDegrees>-2.842495</LongitudeDegrees></Position><AltitudeMeters>46.94</AltitudeMeters><DistanceMeters>108.9000015258789</DistanceMeters><HeartRateBpm><Value>108</Value></HeartRateBpm><Cadence>83</Cadence><SensorState>Present</SensorState></Trackpoint><Trackpoint><Time>2025-07-31T12:26:52.905Z</Time><Position><LatitudeDegrees>43.35025833</LatitudeDegrees><LongitudeDegrees>-2.842465</LongitudeDegrees></Position><AltitudeMeters>51.969</AltitudeMeters><DistanceMeters>111.0999984741211</DistanceMeters><HeartRateBpm><Value>108</Value></HeartRateBpm><Cadence>83</Cadence><SensorState>Present</SensorState></Trackpoint><Trackpoint><Time>2025-07-31T12:26:53.905Z</Time><Position><LatitudeDegrees>43.35024667</LatitudeDegrees><LongitudeDegrees>-2.84241833</LongitudeDegrees></Position><AltitudeMeters>51.359</AltitudeMeters><DistanceMeters>113.30000305175781</DistanceMeters><HeartRateBpm><Value>108</Value></HeartRateBpm><Cadence>82</Cadence><SensorState>Present</SensorState></Trackpoint><Trackpoint><Time>2025-07-31T12:26:54.905Z</Time><Position><LatitudeDegrees>43.350235</LatitudeDegrees><LongitudeDegrees>-2.84237167</LongitudeDegrees></Position><AltitudeMeters>50.902</AltitudeMeters><DistanceMeters>115.80000305175781</DistanceMeters><HeartRateBpm><Value>108</Value></HeartRateBpm><Cadence>82</Cadence><SensorState>Present</SensorState></Trackpoint><Trackpoint><Time>2025-07-31T12:26:55.905Z</Time><Position><LatitudeDegrees>43.35022333</LatitudeDegrees><LongitudeDegrees>-2.84233333</LongitudeDegrees></Position><AltitudeMeters>50.293</AltitudeMeters><DistanceMeters>119.9000015258789</DistanceMeters><HeartRateBpm><Value>109</Value></HeartRateBpm><Cadence>82</Cadence><SensorState>Present</SensorState></Trackpoint><Trackpoint><Time>2025-07-31T12:26:56.905Z</Time><Position><LatitudeDegrees>43.350215</LatitudeDegrees><LongitudeDegrees>-2.84228333</LongitudeDegrees></Position><AltitudeMeters>49.835</AltitudeMeters><DistanceMeters>123.9000015258789</DistanceMeters><HeartRateBpm><Value>109</Value></HeartRateBpm><Cadence>82</Cadence><SensorState>Present</SensorState></Trackpoint><Trackpoint><Time>2025-07-31T12:26:57.905Z</Time><Position><LatitudeDegrees>43.35021333</LatitudeDegrees><LongitudeDegrees>-2.84225833</LongitudeDegrees></Position><AltitudeMeters>49.378</AltitudeMeters><DistanceMeters>127.69999694824219</DistanceMeters><HeartRateBpm><Value>109</Value></HeartRateBpm><Cadence>82</Cadence><SensorState>Present</SensorState></Trackpoint><Trackpoint><Time>2025-07-31T12:26:58.905Z</Time><Position><LatitudeDegrees>43.35021</LatitudeDegrees><LongitudeDegrees>-2.84224</LongitudeDegrees></Position><AltitudeMeters>49.073</AltitudeMeters><DistanceMeters>131.89999389648438</DistanceMeters><HeartRateBpm><Value>109</Value></HeartRateBpm><Cadence>82</Cadence><SensorState>Present</SensorState></Trackpoint><Trackpoint><Time>2025-07-31T12:26:59.905Z</Time><Position><LatitudeDegrees>43.35020667</LatitudeDegrees><LongitudeDegrees>-2.84221333</LongitudeDegrees></Position><AltitudeMeters>48.616</AltitudeMeters><DistanceMeters>135.3000030517578</DistanceMeters><HeartRateBpm><Value>110</Value></HeartRateBpm><Cadence>82</Cadence><SensorState>Present</SensorState></Trackpoint><Trackpoint><Time>2025-07-31T12:27:00.905Z</Time><Position><LatitudeDegrees>43.350205</LatitudeDegrees><LongitudeDegrees>-2.84219167</LongitudeDegrees></Position><AltitudeMeters>48.311</AltitudeMeters><DistanceMeters>138.0</DistanceMeters><HeartRateBpm><Value>110</Value></HeartRateBpm><Cadence>82</Cadence><SensorState>Present</SensorState></Trackpoint><Trackpoint><Time>2025-07-31T12:27:01.905Z</Time><Position><LatitudeDegrees>43.35019833</LatitudeDegrees><LongitudeDegrees>-2.84216667</LongitudeDegrees></Position><AltitudeMeters>48.007</AltitudeMeters><DistanceMeters>141.0</DistanceMeters><HeartRateBpm><Value>111</Value></HeartRateBpm><Cadence>82</Cadence><SensorState>Present</SensorState></Trackpoint><Trackpoint><Time>2025-07-31T12:27:02.905Z</Time><Position><LatitudeDegrees>43.35019167</LatitudeDegrees><LongitudeDegrees>-2.84213833</LongitudeDegrees></Position><AltitudeMeters>47.702</AltitudeMeters><DistanceMeters>143.60000610351562</DistanceMeters><HeartRateBpm><Value>111</Value></HeartRateBpm><Cadence>82</Cadence><SensorState>Present</SensorState></Trackpoint><Trackpoint><Time>2025-07-31T12:27:03.905Z</Time><Position><LatitudeDegrees>43.350185</LatitudeDegrees><LongitudeDegrees>-2.84211167</LongitudeDegrees></Position><AltitudeMeters>47.397</AltitudeMeters><DistanceMeters>145.8000030517578</DistanceMeters><HeartRateBpm><Value>111</Value></HeartRateBpm><Cadence>82</Cadence><SensorState>Present</SensorState></Trackpoint><Trackpoint><Time>2025-07-31T12:27:04.905Z</Time><Position><LatitudeDegrees>43.35017833</LatitudeDegrees><LongitudeDegrees>-2.842085</LongitudeDegrees></Position><AltitudeMeters>47.092</AltitudeMeters><DistanceMeters>147.3000030517578</DistanceMeters><HeartRateBpm><Value>111</Value></HeartRateBpm><Cadence>82</Cadence><SensorState>Present</SensorState></Trackpoint><Trackpoint><Time>2025-07-31T12:27:05.905Z</Time><Position><LatitudeDegrees>43.35017333</LatitudeDegrees><LongitudeDegrees>-2.84205833</LongitudeDegrees></Position><AltitudeMeters>46.787</AltitudeMeters><DistanceMeters>148.8000030517578</DistanceMeters><HeartRateBpm><Value>111</Value></HeartRateBpm><Cadence>82</Cadence><SensorState>Present</SensorState></Trackpoint><Trackpoint><Time>2025-07-31T12:27:06.905Z</Time><Position><LatitudeDegrees>43.35016833</LatitudeDegrees><LongitudeDegrees>-2.84203333</LongitudeDegrees></Position><AltitudeMeters>46.483</AltitudeMeters><DistanceMeters>150.5</DistanceMeters><HeartRateBpm><Value>111</Value></HeartRateBpm><Cadence>82</Cadence><SensorState>Present</SensorState></Trackpoint><Trackpoint><Time>2025-07-31T12:27:07.905Z</Time><Position><LatitudeDegrees>43.350165</LatitudeDegrees><LongitudeDegrees>-2.84201</LongitudeDegrees></Position><AltitudeMeters>46.178</AltitudeMeters><DistanceMeters>151.60000610351562</DistanceMeters><HeartRateBpm><Value>111</Value></HeartRateBpm><Cadence>82</Cadence><SensorState>Present</SensorState></Trackpoint><Trackpoint><Time>2025-07-31T12:27:08.905Z</Time><Position><LatitudeDegrees>43.35016</LatitudeDegrees><LongitudeDegrees>-2.841985</LongitudeDegrees></Position><AltitudeMeters>46.025</AltitudeMeters><DistanceMeters>153.89999389648438</DistanceMeters><HeartRateBpm><Value>111</Value></HeartRateBpm><Cadence>82</Cadence><SensorState>Present</SensorState></Trackpoint><Trackpoint><Time>2025-07-31T12:27:09.905Z</Time><Position><LatitudeDegrees>43.350155</LatitudeDegrees><LongitudeDegrees>-2.84196167</LongitudeDegrees></Position><AltitudeMeters>45.721</AltitudeMeters><DistanceMeters>156.3000030517578</DistanceMeters><HeartRateBpm><Value>111</Value></HeartRateBpm><Cadence>82</Cadence><SensorState>Present</SensorState></Trackpoint><Trackpoint><Time>2025-07-31T12:27:10.905Z</Time><Position><LatitudeDegrees>43.35014833</LatitudeDegrees><LongitudeDegrees>-2.84193833</LongitudeDegrees></Position><AltitudeMeters>45.568</AltitudeMeters><DistanceMeters>158.3000030517578</DistanceMeters><HeartRateBpm><Value>111</Value></HeartRateBpm><Cadence>82</Cadence><SensorState>Present</SensorState></Trackpoint><Trackpoint><Time>2025-07-31T12:27:11.905Z</Time><Position><LatitudeDegrees>43.35014</LatitudeDegrees><LongitudeDegrees>-2.84191333</LongitudeDegrees></Position><AltitudeMeters>45.263</AltitudeMeters><DistanceMeters>160.5</DistanceMeters><HeartRateBpm><Value>111</Value></HeartRateBpm><Cadence>82</Cadence><SensorState>Present</SensorState></Trackpoint><Trackpoint><Time>2025-07-31T12:27:12.905Z</Time><Position><LatitudeDegrees>43.35012833</LatitudeDegrees><LongitudeDegrees>-2.84188667</LongitudeDegrees></Position><AltitudeMeters>45.111</AltitudeMeters><DistanceMeters>162.60000610351562</DistanceMeters><HeartRateBpm><Value>112</Value></HeartRateBpm><Cadence>82</Cadence><SensorState>Present</SensorState></Trackpoint><Trackpoint><Time>2025-07-31T12:27:13.905Z</Time><Position><LatitudeDegrees>43.35011833</LatitudeDegrees><LongitudeDegrees>-2.84185667</LongitudeDegrees></Position><AltitudeMeters>44.806</AltitudeMeters><DistanceMeters>164.5</DistanceMeters><HeartRateBpm><Value>112</Value></HeartRateBpm><Cadence>82</Cadence><SensorState>Present</SensorState></Trackpoint><Trackpoint><Time>2025-07-31T12:27:14.905Z</Time><Position><LatitudeDegrees>43.35011333</LatitudeDegrees><LongitudeDegrees>-2.84182667</LongitudeDegrees></Position><AltitudeMeters>44.654</AltitudeMeters><DistanceMeters>166.89999389648438</DistanceMeters><HeartRateBpm><Value>112</Value></HeartRateBpm><Cadence>82</Cadence><SensorState>Present</SensorState></Trackpoint><Trackpoint><Time>2025-07-31T12:27:15.905Z</Time><Position><LatitudeDegrees>43.35010667</LatitudeDegrees><LongitudeDegrees>-2.841795</LongitudeDegrees></Position><AltitudeMeters>44.501</AltitudeMeters><DistanceMeters>169.39999389648438</DistanceMeters><HeartRateBpm><Value>112</Value></HeartRateBpm><Cadence>82</Cadence><SensorState>Present</SensorState></Trackpoint><Trackpoint><Time>2025-07-31T12:27:16.905Z</Time><Position><LatitudeDegrees>43.35010667</LatitudeDegrees><LongitudeDegrees>-2.84177167</LongitudeDegrees></Position><AltitudeMeters>44.349</AltitudeMeters><DistanceMeters>171.8000030517578</DistanceMeters><HeartRateBpm><Value>112</Value></HeartRateBpm><Cadence>82</Cadence><SensorState>Present</SensorState></Trackpoint><Trackpoint><Time>2025-07-31T12:27:17.905Z</Time><Position><LatitudeDegrees>43.3501</LatitudeDegrees><LongitudeDegrees>-2.84174333</LongitudeDegrees></Position><AltitudeMeters>44.197</AltitudeMeters><DistanceMeters>174.39999389648438</DistanceMeters><HeartRateBpm><Value>113</Value></HeartRateBpm><Cadence>82</Cadence><SensorState>Present</SensorState></Trackpoint><Trackpoint><Time>2025-07-31T12:27:18.905Z</Time><Position><LatitudeDegrees>43.35009333</LatitudeDegrees><LongitudeDegrees>-2.84171833</LongitudeDegrees></Position><AltitudeMeters>44.044</AltitudeMeters><DistanceMeters>176.8000030517578</DistanceMeters><HeartRateBpm><Value>113</Value></HeartRateBpm><Cadence>82</Cadence><SensorState>Present</SensorState></Trackpoint><Trackpoint><Time>2025-07-31T12:27:19.905Z</Time><Position><LatitudeDegrees>43.35008667</LatitudeDegrees><LongitudeDegrees>-2.84169</LongitudeDegrees></Position><AltitudeMeters>44.044</AltitudeMeters><DistanceMeters>179.39999389648438</DistanceMeters><HeartRateBpm><Value>113</Value></HeartRateBpm><Cadence>83</Cadence><SensorState>Present</SensorState></Trackpoint><Trackpoint><Time>2025-07-31T12:27:20.905Z</Time><Position><LatitudeDegrees>43.35008167</LatitudeDegrees><LongitudeDegrees>-2.84166</LongitudeDegrees></Position><AltitudeMeters>44.044</AltitudeMeters><DistanceMeters>181.8000030517578</DistanceMeters><HeartRateBpm><Value>114</Value></HeartRateBpm><Cadence>82</Cadence><SensorState>Present</SensorState></Trackpoint><Trackpoint><Time>2025-07-31T12:27:21.905Z</Time><Position><LatitudeDegrees>43.35007667</LatitudeDegrees><LongitudeDegrees>-2.84163167</LongitudeDegrees></Position><AltitudeMeters>44.044</AltitudeMeters><DistanceMeters>184.39999389648438</DistanceMeters><HeartRateBpm><Value>114</Value></HeartRateBpm><Cadence>82</Cadence><SensorState>Present</SensorState></Trackpoint><Trackpoint><Time>2025-07-31T12:27:22.905Z</Time><Position><LatitudeDegrees>43.35007167</LatitudeDegrees><LongitudeDegrees>-2.84160167</LongitudeDegrees></Position><AltitudeMeters>44.044</AltitudeMeters><DistanceMeters>186.6999969482422</DistanceMeters><HeartRateBpm><Value>114</Value></HeartRateBpm><Cadence>82</Cadence><SensorState>Present</SensorState></Trackpoint><Trackpoint><Time>2025-07-31T12:27:23.905Z</Time><Position><LatitudeDegrees>43.350065</LatitudeDegrees><LongitudeDegrees>-2.841575</LongitudeDegrees></Position><AltitudeMeters>44.044</AltitudeMeters><DistanceMeters>189.1999969482422</DistanceMeters><HeartRateBpm><Value>114</Value></HeartRateBpm><Cadence>82</Cadence><SensorState>Present</SensorState></Trackpoint><Trackpoint><Time>2025-07-31T12:27:24.905Z</Time><Position><LatitudeDegrees>43.35006167</LatitudeDegrees><LongitudeDegrees>-2.84154833</LongitudeDegrees></Position><AltitudeMeters>44.044</AltitudeMeters><DistanceMeters>191.39999389648438</DistanceMeters><HeartRateBpm><Value>115</Value></HeartRateBpm><Cadence>82</Cadence><SensorState>Present</SensorState></Trackpoint><Trackpoint><Time>2025-07-31T12:27:25.905Z</Time><Position><LatitudeDegrees>43.35005833</LatitudeDegrees><LongitudeDegrees>-2.84151667</LongitudeDegrees></Position><AltitudeMeters>44.044</AltitudeMeters><DistanceMeters>193.60000610351562</DistanceMeters><HeartRateBpm><Value>115</Value></HeartRateBpm><Cadence>82</Cadence><SensorState>Present</SensorState></Trackpoint><Trackpoint><Time>2025-07-31T12:27:26.905Z</Time><Position><LatitudeDegrees>43.35005833</LatitudeDegrees><LongitudeDegrees>-2.84148333</LongitudeDegrees></Position><AltitudeMeters>44.044</AltitudeMeters><DistanceMeters>195.8000030517578</DistanceMeters><HeartRateBpm><Value>115</Value></HeartRateBpm><Cadence>82</Cadence><SensorState>Present</SensorState></Trackpoint><Trackpoint><Time>2025-07-31T12:27:27.905Z</Time><Position><LatitudeDegrees>43.35006</LatitudeDegrees><LongitudeDegrees>-2.84145667</LongitudeDegrees></Position><AltitudeMeters>43.892</AltitudeMeters><DistanceMeters>198.60000610351562</DistanceMeters><HeartRateBpm><Value>115</Value></HeartRateBpm><Cadence>82</Cadence><SensorState>Present</SensorState></Trackpoint><Trackpoint><Time>2025-07-31T12:27:28.905Z</Time><Position><LatitudeDegrees>43.35006167</LatitudeDegrees><LongitudeDegrees>-2.84143167</LongitudeDegrees></Position><AltitudeMeters>43.892</AltitudeMeters><DistanceMeters>201.10000610351562</DistanceMeters><HeartRateBpm><Value>115</Value></HeartRateBpm><Cadence>82</Cadence><SensorState>Present</SensorState></Trackpoint><Trackpoint><Time>2025-07-31T12:27:29.905Z</Time><Position><LatitudeDegrees>43.35006167</LatitudeDegrees><LongitudeDegrees>-2.8414</LongitudeDegrees></Position><AltitudeMeters>43.892</AltitudeMeters><DistanceMeters>203.39999389648438</DistanceMeters><HeartRateBpm><Value>116</Value></HeartRateBpm><Cadence>82</Cadence><SensorState>Present</SensorState></Trackpoint><Trackpoint><Time>2025-07-31T12:27:30.905Z</Time><Position><LatitudeDegrees>43.350055</LatitudeDegrees><LongitudeDegrees>-2.841365</LongitudeDegrees></Position><AltitudeMeters>43.739</AltitudeMeters><DistanceMeters>205.60000610351562</DistanceMeters><HeartRateBpm><Value>116</Value></HeartRateBpm><Cadence>82</Cadence><SensorState>Present</SensorState></Trackpoint><Trackpoint><Time>2025-07-31T12:27:31.905Z</Time><Position><LatitudeDegrees>43.35005833</LatitudeDegrees><LongitudeDegrees>-2.84133833</LongitudeDegrees></Position><AltitudeMeters>43.739</AltitudeMeters><DistanceMeters>208.0</DistanceMeters><HeartRateBpm><Value>116</Value></HeartRateBpm><Cadence>82</Cadence><SensorState>Present</SensorState></Trackpoint><Trackpoint><Time>2025-07-31T12:27:32.905Z</Time><Position><LatitudeDegrees>43.35006667</LatitudeDegrees><LongitudeDegrees>-2.84132167</LongitudeDegrees></Position><AltitudeMeters>43.587</AltitudeMeters><DistanceMeters>210.6999969482422</DistanceMeters><HeartRateBpm><Value>116</Value></HeartRateBpm><Cadence>83</Cadence><SensorState>Present</SensorState></Trackpoint><Trackpoint><Time>2025-07-31T12:27:33.905Z</Time><Position><LatitudeDegrees>43.35008333</LatitudeDegrees><LongitudeDegrees>-2.84132167</LongitudeDegrees></Position><AltitudeMeters>43.587</AltitudeMeters><DistanceMeters>212.89999389648438</DistanceMeters><HeartRateBpm><Value>116</Value></HeartRateBpm><Cadence>83</Cadence><SensorState>Present</SensorState></Trackpoint><Trackpoint><Time>2025-07-31T12:27:34.905Z</Time><Position><LatitudeDegrees>43.35008333</LatitudeDegrees><LongitudeDegrees>-2.841315</LongitudeDegrees></Position><AltitudeMeters>43.587</AltitudeMeters><DistanceMeters>214.60000610351562</DistanceMeters><HeartRateBpm><Value>116</Value></HeartRateBpm><Cadence>83</Cadence><SensorState>Present</SensorState></Trackpoint><Trackpoint><Time>2025-07-31T12:27:35.905Z</Time><Position><LatitudeDegrees>43.35008333</LatitudeDegrees><LongitudeDegrees>-2.84129833</LongitudeDegrees></Position><AltitudeMeters>43.435</AltitudeMeters><DistanceMeters>215.6999969482422</DistanceMeters><HeartRateBpm><Value>116</Value></HeartRateBpm><Cadence>82</Cadence><SensorState>Present</SensorState></Trackpoint><Trackpoint><Time>2025-07-31T12:27:36.905Z</Time><Position><LatitudeDegrees>43.35007667</LatitudeDegrees><LongitudeDegrees>-2.84127</LongitudeDegrees></Position><AltitudeMeters>43.435</AltitudeMeters><DistanceMeters>216.6999969482422</DistanceMeters><HeartRateBpm><Value>116</Value></HeartRateBpm><Cadence>82</Cadence><SensorState>Present</SensorState></Trackpoint><Trackpoint><Time>2025-07-31T12:27:37.905Z</Time><Position><LatitudeDegrees>43.35007333</LatitudeDegrees><LongitudeDegrees>-2.84124</LongitudeDegrees></Position><AltitudeMeters>43.282</AltitudeMeters><DistanceMeters>217.39999389648438</DistanceMeters><HeartRateBpm><Value>116</Value></HeartRateBpm><Cadence>82</Cadence><SensorState>Present</SensorState></Trackpoint><Trackpoint><Time>2025-07-31T12:27:38.905Z</Time><Position><LatitudeDegrees>43.35006333</LatitudeDegrees><LongitudeDegrees>-2.841205</LongitudeDegrees></Position><AltitudeMeters>43.13</AltitudeMeters><DistanceMeters>218.6999969482422</DistanceMeters><HeartRateBpm><Value>117</Value></HeartRateBpm><Cadence>82</Cadence><SensorState>Present</SensorState></Trackpoint><Trackpoint><Time>2025-07-31T12:27:39.905Z</Time><Position><LatitudeDegrees>43.35006167</LatitudeDegrees><LongitudeDegrees>-2.84117</LongitudeDegrees></Position><AltitudeMeters>42.977</AltitudeMeters><DistanceMeters>220.60000610351562</DistanceMeters><HeartRateBpm><Value>117</Value></HeartRateBpm><Cadence>83</Cadence><SensorState>Present</SensorState></Trackpoint><Trackpoint><Time>2025-07-31T12:27:40.905Z</Time><Position><LatitudeDegrees>43.35005</LatitudeDegrees><LongitudeDegrees>-2.84113167</LongitudeDegrees></Position><AltitudeMeters>42.825</AltitudeMeters><DistanceMeters>222.5</DistanceMeters><HeartRateBpm><Value>117</Value></HeartRateBpm><Cadence>82</Cadence><SensorState>Present</SensorState></Trackpoint><Trackpoint><Time>2025-07-31T12:27:41.905Z</Time><Position><LatitudeDegrees>43.35004</LatitudeDegrees><LongitudeDegrees>-2.84109833</LongitudeDegrees></Position><AltitudeMeters>42.673</AltitudeMeters><DistanceMeters>224.8000030517578</DistanceMeters><HeartRateBpm><Value>117</Value></HeartRateBpm><Cadence>82</Cadence><SensorState>Present</SensorState></Trackpoint><Trackpoint><Time>2025-07-31T12:27:42.905Z</Time><Position><LatitudeDegrees>43.35003333</LatitudeDegrees><LongitudeDegrees>-2.841075</LongitudeDegrees></Position><AltitudeMeters>42.52</AltitudeMeters><DistanceMeters>227.3000030517578</DistanceMeters><HeartRateBpm><Value>117</Value></HeartRateBpm><Cadence>83</Cadence><SensorState>Present</SensorState></Trackpoint><Trackpoint><Time>2025-07-31T12:27:43.905Z</Time><Position><LatitudeDegrees>43.350025</LatitudeDegrees><LongitudeDegrees>-2.84104833</LongitudeDegrees></Position><AltitudeMeters>42.368</AltitudeMeters><DistanceMeters>230.3000030517578</DistanceMeters><HeartRateBpm><Value>118</Value></HeartRateBpm><Cadence>83</Cadence><SensorState>Present</SensorState></Trackpoint><Trackpoint><Time>2025-07-31T12:27:44.905Z</Time><Position><LatitudeDegrees>43.35002333</LatitudeDegrees><LongitudeDegrees>-2.84102667</LongitudeDegrees></Position><AltitudeMeters>42.215</AltitudeMeters><DistanceMeters>234.10000610351562</DistanceMeters><HeartRateBpm><Value>118</Value></HeartRateBpm><Cadence>83</Cadence><SensorState>Present</SensorState></Trackpoint><Trackpoint><Time>2025-07-31T12:27:45.905Z</Time><Position><LatitudeDegrees>43.350025</LatitudeDegrees><LongitudeDegrees>-2.84100333</LongitudeDegrees></Position><AltitudeMeters>42.215</AltitudeMeters><DistanceMeters>237.6999969482422</DistanceMeters><HeartRateBpm><Value>118</Value></HeartRateBpm><Cadence>83</Cadence><SensorState>Present</SensorState></Trackpoint><Trackpoint><Time>2025-07-31T12:27:46.905Z</Time><Position><LatitudeDegrees>43.350025</LatitudeDegrees><LongitudeDegrees>-2.84097833</LongitudeDegrees></Position><AltitudeMeters>42.063</AltitudeMeters><DistanceMeters>240.3000030517578</DistanceMeters><HeartRateBpm><Value>118</Value></HeartRateBpm><Cadence>83</Cadence><SensorState>Present</SensorState></Trackpoint><Trackpoint><Time>2025-07-31T12:27:47.905Z</Time><Position><LatitudeDegrees>43.35002833</LatitudeDegrees><LongitudeDegrees>-2.84095667</LongitudeDegrees></Position><AltitudeMeters>41.911</AltitudeMeters><DistanceMeters>242.39999389648438</DistanceMeters><HeartRateBpm><Value>118</Value></HeartRateBpm><Cadence>83</Cadence><SensorState>Present</SensorState></Trackpoint><Trackpoint><Time>2025-07-31T12:27:48.905Z</Time><Position><LatitudeDegrees>43.35003167</LatitudeDegrees><LongitudeDegrees>-2.84092833</LongitudeDegrees></Position><AltitudeMeters>41.911</AltitudeMeters><DistanceMeters>244.5</DistanceMeters><HeartRateBpm><Value>118</Value></HeartRateBpm><Cadence>83</Cadence><SensorState>Present</SensorState></Trackpoint><Trackpoint><Time>2025-07-31T12:27:49.905Z</Time><Position><LatitudeDegrees>43.35002</LatitudeDegrees><LongitudeDegrees>-2.84089</LongitudeDegrees></Position><AltitudeMeters>41.911</AltitudeMeters><DistanceMeters>246.0</DistanceMeters><HeartRateBpm><Value>118</Value></HeartRateBpm><Cadence>82</Cadence><SensorState>Present</SensorState></Trackpoint><Trackpoint><Time>2025-07-31T12:27:50.905Z</Time><Position><LatitudeDegrees>43.35001</LatitudeDegrees><LongitudeDegrees>-2.84086333</LongitudeDegrees></Position><AltitudeMeters>41.911</AltitudeMeters><DistanceMeters>247.89999389648438</DistanceMeters><HeartRateBpm><Value>118</Value></HeartRateBpm><Cadence>82</Cadence><SensorState>Present</SensorState></Trackpoint><Trackpoint><Time>2025-07-31T12:27:51.905Z</Time><Position><LatitudeDegrees>43.350005</LatitudeDegrees><LongitudeDegrees>-2.84085333</LongitudeDegrees></Position><AltitudeMeters>41.758</AltitudeMeters><DistanceMeters>249.8000030517578</DistanceMeters><HeartRateBpm><Value>118</Value></HeartRateBpm><Cadence>82</Cadence><SensorState>Present</SensorState></Trackpoint><Trackpoint><Time>2025-07-31T12:27:52.905Z</Time><Position><LatitudeDegrees>43.35000667</LatitudeDegrees><LongitudeDegrees>-2.84084333</LongitudeDegrees></Position><AltitudeMeters>41.758</AltitudeMeters><DistanceMeters>251.60000610351562</DistanceMeters><HeartRateBpm><Value>118</Value></HeartRateBpm><Cadence>82</Cadence><SensorState>Present</SensorState></Trackpoint><Trackpoint><Time>2025-07-31T12:27:53.905Z</Time><Position><LatitudeDegrees>43.35000667</LatitudeDegrees><LongitudeDegrees>-2.84081667</LongitudeDegrees></Position><AltitudeMeters>41.758</AltitudeMeters><DistanceMeters>253.1999969482422</DistanceMeters><HeartRateBpm><Value>118</Value></HeartRateBpm><Cadence>83</Cadence><SensorState>Present</SensorState></Trackpoint><Trackpoint><Time>2025-07-31T12:27:54.905Z</Time><Position><LatitudeDegrees>43.35000833</LatitudeDegrees><LongitudeDegrees>-2.84079333</LongitudeDegrees></Position><AltitudeMeters>41.606</AltitudeMeters><DistanceMeters>254.5</DistanceMeters><HeartRateBpm><Value>118</Value></HeartRateBpm><Cadence>83</Cadence><SensorState>Present</SensorState></Trackpoint><Trackpoint><Time>2025-07-31T12:27:55.905Z</Time><Position><LatitudeDegrees>43.35001167</LatitudeDegrees><LongitudeDegrees>-2.84077833</LongitudeDegrees></Position><AltitudeMeters>41.606</AltitudeMeters><DistanceMeters>256.29998779296875</DistanceMeters><HeartRateBpm><Value>118</Value></HeartRateBpm><Cadence>83</Cadence><SensorState>Present</SensorState></Trackpoint><Trackpoint><Time>2025-07-31T12:27:56.905Z</Time><Position><LatitudeDegrees>43.350015</LatitudeDegrees><LongitudeDegrees>-2.840755</LongitudeDegrees></Position><AltitudeMeters>41.606</AltitudeMeters><DistanceMeters>258.1000061035156</DistanceMeters><HeartRateBpm><Value>118</Value></HeartRateBpm><Cadence>83</Cadence><SensorState>Present</SensorState></Trackpoint><Trackpoint><Time>2025-07-31T12:27:57.905Z</Time><Position><LatitudeDegrees>43.35001</LatitudeDegrees><LongitudeDegrees>-2.84073833</LongitudeDegrees></Position><AltitudeMeters>41.453</AltitudeMeters><DistanceMeters>259.5</DistanceMeters><HeartRateBpm><Value>118</Value></HeartRateBpm><Cadence>82</Cadence><SensorState>Present</SensorState></Trackpoint><Trackpoint><Time>2025-07-31T12:27:58.905Z</Time><Position><LatitudeDegrees>43.35000833</LatitudeDegrees><LongitudeDegrees>-2.84071167</LongitudeDegrees></Position><AltitudeMeters>41.453</AltitudeMeters><DistanceMeters>261.20001220703125</DistanceMeters><HeartRateBpm><Value>118</Value></HeartRateBpm><Cadence>82</Cadence><SensorState>Present</SensorState></Trackpoint><Trackpoint><Time>2025-07-31T12:27:59.905Z</Time><Position><LatitudeDegrees>43.35000667</LatitudeDegrees><LongitudeDegrees>-2.84068333</LongitudeDegrees></Position><AltitudeMeters>41.301</AltitudeMeters><DistanceMeters>262.3999938964844</DistanceMeters><HeartRateBpm><Value>118</Value></HeartRateBpm><Cadence>82</Cadence><SensorState>Present</SensorState></Trackpoint><Trackpoint><Time>2025-07-31T12:28:00.905Z</Time><Position><LatitudeDegrees>43.35000667</LatitudeDegrees><LongitudeDegrees>-2.84065167</LongitudeDegrees></Position><AltitudeMeters>41.301</AltitudeMeters><DistanceMeters>263.3999938964844</DistanceMeters><HeartRateBpm><Value>118</Value></HeartRateBpm><Cadence>82</Cadence><SensorState>Present</SensorState></Trackpoint><Trackpoint><Time>2025-07-31T12:28:01.905Z</Time><Position><LatitudeDegrees>43.35000333</LatitudeDegrees><LongitudeDegrees>-2.84062</LongitudeDegrees></Position><AltitudeMeters>41.148</AltitudeMeters><DistanceMeters>265.20001220703125</DistanceMeters><HeartRateBpm><Value>118</Value></HeartRateBpm><Cadence>83</Cadence><SensorState>Present</SensorState></Trackpoint><Trackpoint><Time>2025-07-31T12:28:02.905Z</Time><Position><LatitudeDegrees>43.35000167</LatitudeDegrees><LongitudeDegrees>-2.84059333</LongitudeDegrees></Position><AltitudeMeters>41.148</AltitudeMeters><DistanceMeters>268.1000061035156</DistanceMeters><HeartRateBpm><Value>118</Value></HeartRateBpm><Cadence>83</Cadence><SensorState>Present</SensorState></Trackpoint><Trackpoint><Time>2025-07-31T12:28:03.905Z</Time><Position><LatitudeDegrees>43.34999833</LatitudeDegrees><LongitudeDegrees>-2.84056833</LongitudeDegrees></Position><AltitudeMeters>40.996</AltitudeMeters><DistanceMeters>271.1000061035156</DistanceMeters><HeartRateBpm><Value>118</Value></HeartRateBpm><Cadence>83</Cadence><SensorState>Present</SensorState></Trackpoint><Trackpoint><Time>2025-07-31T12:28:04.905Z</Time><Position><LatitudeDegrees>43.34999667</LatitudeDegrees><LongitudeDegrees>-2.84054</LongitudeDegrees></Position><AltitudeMeters>40.996</AltitudeMeters><DistanceMeters>273.20001220703125</DistanceMeters><HeartRateBpm><Value>118</Value></HeartRateBpm><Cadence>83</Cadence><SensorState>Present</SensorState></Trackpoint><Trackpoint><Time>2025-07-31T12:28:05.905Z</Time><Position><LatitudeDegrees>43.34999833</LatitudeDegrees><LongitudeDegrees>-2.84051333</LongitudeDegrees></Position><AltitudeMeters>40.996</AltitudeMeters><DistanceMeters>275.6000061035156</DistanceMeters><HeartRateBpm><Value>118</Value></HeartRateBpm><Cadence>83</Cadence><SensorState>Present</SensorState></Trackpoint><Trackpoint><Time>2025-07-31T12:28:06.905Z</Time><Position><LatitudeDegrees>43.34999833</LatitudeDegrees><LongitudeDegrees>-2.84048667</LongitudeDegrees></Position><AltitudeMeters>40.996</AltitudeMeters><DistanceMeters>278.3999938964844</DistanceMeters><HeartRateBpm><Value>118</Value></HeartRateBpm><Cadence>83</Cadence><SensorState>Present</SensorState></Trackpoint><Trackpoint><Time>2025-07-31T12:28:07.905Z</Time><Position><LatitudeDegrees>43.34999667</LatitudeDegrees><LongitudeDegrees>-2.84045833</LongitudeDegrees></Position><AltitudeMeters>40.996</AltitudeMeters><DistanceMeters>280.70001220703125</DistanceMeters><HeartRateBpm><Value>119</Value></HeartRateBpm><Cadence>83</Cadence><SensorState>Present</SensorState></Trackpoint><Trackpoint><Time>2025-07-31T12:28:08.905Z</Time><Position><LatitudeDegrees>43.34999333</LatitudeDegrees><LongitudeDegrees>-2.84042833</LongitudeDegrees></Position><AltitudeMeters>40.996</AltitudeMeters><DistanceMeters>283.3999938964844</DistanceMeters><HeartRateBpm><Value>119</Value></HeartRateBpm><Cadence>83</Cadence><SensorState>Present</SensorState></Trackpoint><Trackpoint><Time>2025-07-31T12:28:09.905Z</Time><Position><LatitudeDegrees>43.34998833</LatitudeDegrees><LongitudeDegrees>-2.84040167</LongitudeDegrees></Position><AltitudeMeters>40.996</AltitudeMeters><DistanceMeters>285.79998779296875</DistanceMeters><HeartRateBpm><Value>119</Value></HeartRateBpm><Cadence>82</Cadence><SensorState>Present</SensorState></Trackpoint><Trackpoint><Time>2025-07-31T12:28:10.905Z</Time><Position><LatitudeDegrees>43.34998333</LatitudeDegrees><LongitudeDegrees>-2.84037667</LongitudeDegrees></Position><AltitudeMeters>40.996</AltitudeMeters><DistanceMeters>288.0</DistanceMeters><HeartRateBpm><Value>119</Value></HeartRateBpm><Cadence>82</Cadence><SensorState>Present</SensorState></Trackpoint><Trackpoint><Time>2025-07-31T12:28:11.905Z</Time><Position><LatitudeDegrees>43.34998</LatitudeDegrees><LongitudeDegrees>-2.84035</LongitudeDegrees></Position><AltitudeMeters>40.996</AltitudeMeters><DistanceMeters>290.20001220703125</DistanceMeters><HeartRateBpm><Value>120</Value></HeartRateBpm><Cadence>82</Cadence><SensorState>Present</SensorState></Trackpoint><Trackpoint><Time>2025-07-31T12:28:12.905Z</Time><Position><LatitudeDegrees>43.34997167</LatitudeDegrees><LongitudeDegrees>-2.84032667</LongitudeDegrees></Position><AltitudeMeters>40.996</AltitudeMeters><DistanceMeters>292.20001220703125</DistanceMeters><HeartRateBpm><Value>120</Value></HeartRateBpm><Cadence>82</Cadence><SensorState>Present</SensorState></Trackpoint><Trackpoint><Time>2025-07-31T12:28:13.905Z</Time><Position><LatitudeDegrees>43.34996333</LatitudeDegrees><LongitudeDegrees>-2.84030167</LongitudeDegrees></Position><AltitudeMeters>41.148</AltitudeMeters><DistanceMeters>294.3999938964844</DistanceMeters><HeartRateBpm><Value>120</Value></HeartRateBpm><Cadence>83</Cadence><SensorState>Present</SensorState></Trackpoint><Trackpoint><Time>2025-07-31T12:28:14.905Z</Time><Position><LatitudeDegrees>43.349955</LatitudeDegrees><LongitudeDegrees>-2.84027833</LongitudeDegrees></Position><AltitudeMeters>41.148</AltitudeMeters><DistanceMeters>296.70001220703125</DistanceMeters><HeartRateBpm><Value>121</Value></HeartRateBpm><Cadence>83</Cadence><SensorState>Present</SensorState></Trackpoint><Trackpoint><Time>2025-07-31T12:28:15.905Z</Time><Position><LatitudeDegrees>43.34995</LatitudeDegrees><LongitudeDegrees>-2.84025333</LongitudeDegrees></Position><AltitudeMeters>41.301</AltitudeMeters><DistanceMeters>298.79998779296875</DistanceMeters><HeartRateBpm><Value>121</Value></HeartRateBpm><Cadence>83</Cadence><SensorState>Present</SensorState></Trackpoint><Trackpoint><Time>2025-07-31T12:28:16.905Z</Time><Position><LatitudeDegrees>43.34995167</LatitudeDegrees><LongitudeDegrees>-2.840225</LongitudeDegrees></Position><AltitudeMeters>41.301</AltitudeMeters><DistanceMeters>300.8999938964844</DistanceMeters><HeartRateBpm><Value>121</Value></HeartRateBpm><Cadence>82</Cadence><SensorState>Present</SensorState></Trackpoint><Trackpoint><Time>2025-07-31T12:28:17.905Z</Time><Position><LatitudeDegrees>43.34995</LatitudeDegrees><LongitudeDegrees>-2.84019833</LongitudeDegrees></Position><AltitudeMeters>41.453</AltitudeMeters><DistanceMeters>303.1000061035156</DistanceMeters><HeartRateBpm><Value>121</Value></HeartRateBpm><Cadence>82</Cadence><SensorState>Present</SensorState></Trackpoint><Trackpoint><Time>2025-07-31T12:28:18.905Z</Time><Position><LatitudeDegrees>43.34995</LatitudeDegrees><LongitudeDegrees>-2.84016833</LongitudeDegrees></Position><AltitudeMeters>41.453</AltitudeMeters><DistanceMeters>305.20001220703125</DistanceMeters><HeartRateBpm><Value>121</Value></HeartRateBpm><Cadence>82</Cadence><SensorState>Present</SensorState></Trackpoint><Trackpoint><Time>2025-07-31T12:28:19.905Z</Time><Position><LatitudeDegrees>43.34994667</LatitudeDegrees><LongitudeDegrees>-2.84014167</LongitudeDegrees></Position><AltitudeMeters>41.606</AltitudeMeters><DistanceMeters>307.20001220703125</DistanceMeters><HeartRateBpm><Value>121</Value></HeartRateBpm><Cadence>82</Cadence><SensorState>Present</SensorState></Trackpoint><Trackpoint><Time>2025-07-31T12:28:20.905Z</Time><Position><LatitudeDegrees>43.34994333</LatitudeDegrees><LongitudeDegrees>-2.840115</LongitudeDegrees></Position><AltitudeMeters>41.606</AltitudeMeters><DistanceMeters>309.5</DistanceMeters><HeartRateBpm><Value>121</Value></HeartRateBpm><Cadence>82</Cadence><SensorState>Present</SensorState></Trackpoint><Trackpoint><Time>2025-07-31T12:28:21.905Z</Time><Position><LatitudeDegrees>43.34994</LatitudeDegrees><LongitudeDegrees>-2.84008667</LongitudeDegrees></Position><AltitudeMeters>41.606</AltitudeMeters><DistanceMeters>311.70001220703125</DistanceMeters><HeartRateBpm><Value>121</Value></HeartRateBpm><Cadence>82</Cadence><SensorState>Present</SensorState></Trackpoint><Trackpoint><Time>2025-07-31T12:28:22.905Z</Time><Position><LatitudeDegrees>43.34994</LatitudeDegrees><LongitudeDegrees>-2.84005167</LongitudeDegrees></Position><AltitudeMeters>41.606</AltitudeMeters><DistanceMeters>313.8999938964844</DistanceMeters><HeartRateBpm><Value>121</Value></HeartRateBpm><Cadence>82</Cadence><SensorState>Present</SensorState></Trackpoint><Trackpoint><Time>2025-07-31T12:28:23.905Z</Time><Position><LatitudeDegrees>43.34994167</LatitudeDegrees><LongitudeDegrees>-2.840025</LongitudeDegrees></Position><AltitudeMeters>41.606</AltitudeMeters><DistanceMeters>316.29998779296875</DistanceMeters><HeartRateBpm><Value>121</Value></HeartRateBpm><Cadence>82</Cadence><SensorState>Present</SensorState></Trackpoint><Trackpoint><Time>2025-07-31T12:28:24.905Z</Time><Position><LatitudeDegrees>43.34994</LatitudeDegrees><LongitudeDegrees>-2.84000333</LongitudeDegrees></Position><AltitudeMeters>41.606</AltitudeMeters><DistanceMeters>318.8999938964844</DistanceMeters><HeartRateBpm><Value>121</Value></HeartRateBpm><Cadence>82</Cadence><SensorState>Present</SensorState></Trackpoint><Trackpoint><Time>2025-07-31T12:28:25.905Z</Time><Position><LatitudeDegrees>43.34993833</LatitudeDegrees><LongitudeDegrees>-2.83997333</LongitudeDegrees></Position><AltitudeMeters>41.606</AltitudeMeters><DistanceMeters>321.20001220703125</DistanceMeters><HeartRateBpm><Value>121</Value></HeartRateBpm><Cadence>82</Cadence><SensorState>Present</SensorState></Trackpoint><Trackpoint><Time>2025-07-31T12:28:26.905Z</Time><Position><LatitudeDegrees>43.34994167</LatitudeDegrees><LongitudeDegrees>-2.839945</LongitudeDegrees></Position><AltitudeMeters>41.758</AltitudeMeters><DistanceMeters>323.3999938964844</DistanceMeters><HeartRateBpm><Value>122</Value></HeartRateBpm><Cadence>82</Cadence><SensorState>Present</SensorState></Trackpoint><Trackpoint><Time>2025-07-31T12:28:27.905Z</Time><Position><LatitudeDegrees>43.34994333</LatitudeDegrees><LongitudeDegrees>-2.83992167</LongitudeDegrees></Position><AltitudeMeters>41.758</AltitudeMeters><DistanceMeters>325.79998779296875</DistanceMeters><HeartRateBpm><Value>122</Value></HeartRateBpm><Cadence>82</Cadence><SensorState>Present</SensorState></Trackpoint><Trackpoint><Time>2025-07-31T12:28:28.905Z</Time><Position><LatitudeDegrees>43.34995</LatitudeDegrees><LongitudeDegrees>-2.83989833</LongitudeDegrees></Position><AltitudeMeters>41.758</AltitudeMeters><DistanceMeters>328.1000061035156</DistanceMeters><HeartRateBpm><Value>122</Value></HeartRateBpm><Cadence>82</Cadence><SensorState>Present</SensorState></Trackpoint><Trackpoint><Time>2025-07-31T12:28:29.905Z</Time><Position><LatitudeDegrees>43.34994667</LatitudeDegrees><LongitudeDegrees>-2.83987</LongitudeDegrees></Position><AltitudeMeters>41.758</AltitudeMeters><DistanceMeters>330.1000061035156</DistanceMeters><HeartRateBpm><Value>122</Value></HeartRateBpm><Cadence>82</Cadence><SensorState>Present</SensorState></Trackpoint><Trackpoint><Time>2025-07-31T12:28:30.905Z</Time><Position><LatitudeDegrees>43.34994333</LatitudeDegrees><LongitudeDegrees>-2.83983833</LongitudeDegrees></Position><AltitudeMeters>41.758</AltitudeMeters><DistanceMeters>332.1000061035156</DistanceMeters><HeartRateBpm><Value>122</Value></HeartRateBpm><Cadence>82</Cadence><SensorState>Present</SensorState></Trackpoint><Trackpoint><Time>2025-07-31T12:28:31.905Z</Time><Position><LatitudeDegrees>43.34995</LatitudeDegrees><LongitudeDegrees>-2.83980833</LongitudeDegrees></Position><AltitudeMeters>41.758</AltitudeMeters><DistanceMeters>334.29998779296875</DistanceMeters><HeartRateBpm><Value>122</Value></HeartRateBpm><Cadence>82</Cadence><SensorState>Present</SensorState></Trackpoint><Trackpoint><Time>2025-07-31T12:28:32.905Z</Time><Position><LatitudeDegrees>43.34995167</LatitudeDegrees><LongitudeDegrees>-2.83977833</LongitudeDegrees></Position><AltitudeMeters>41.911</AltitudeMeters><DistanceMeters>336.6000061035156</DistanceMeters><HeartRateBpm><Value>122</Value></HeartRateBpm><Cadence>82</Cadence><SensorState>Present</SensorState></Trackpoint><Trackpoint><Time>2025-07-31T12:28:33.905Z</Time><Position><LatitudeDegrees>43.34995167</LatitudeDegrees><LongitudeDegrees>-2.83975333</LongitudeDegrees></Position><AltitudeMeters>41.911</AltitudeMeters><DistanceMeters>338.6000061035156</DistanceMeters><HeartRateBpm><Value>122</Value></HeartRateBpm><Cadence>82</Cadence><SensorState>Present</SensorState></Trackpoint><Trackpoint><Time>2025-07-31T12:28:34.905Z</Time><Position><LatitudeDegrees>43.34995167</LatitudeDegrees><LongitudeDegrees>-2.83973333</LongitudeDegrees></Position><AltitudeMeters>41.911</AltitudeMeters><DistanceMeters>341.1000061035156</DistanceMeters><HeartRateBpm><Value>122</Value></HeartRateBpm><Cadence>82</Cadence><SensorState>Present</SensorState></Trackpoint><Trackpoint><Time>2025-07-31T12:28:35.905Z</Time><Position><LatitudeDegrees>43.34995333</LatitudeDegrees><LongitudeDegrees>-2.839705</LongitudeDegrees></Position><AltitudeMeters>41.911</AltitudeMeters><DistanceMeters>343.5</DistanceMeters><HeartRateBpm><Value>122</Value></HeartRateBpm><Cadence>82</Cadence><SensorState>Present</SensorState></Trackpoint><Trackpoint><Time>2025-07-31T12:28:36.905Z</Time><Position><LatitudeDegrees>43.34994167</LatitudeDegrees><LongitudeDegrees>-2.839685</LongitudeDegrees></Position><AltitudeMeters>41.911</AltitudeMeters><DistanceMeters>345.29998779296875</DistanceMeters><HeartRateBpm><Value>122</Value></HeartRateBpm><Cadence>82</Cadence><SensorState>Present</SensorState></Trackpoint><Trackpoint><Time>2025-07-31T12:28:37.905Z</Time><Position><LatitudeDegrees>43.34994833</LatitudeDegrees><LongitudeDegrees>-2.83966167</LongitudeDegrees></Position><AltitudeMeters>42.063</AltitudeMeters><DistanceMeters>347.3999938964844</DistanceMeters><HeartRateBpm><Value>122</Value></HeartRateBpm><Cadence>82</Cadence><SensorState>Present</SensorState></Trackpoint><Trackpoint><Time>2025-07-31T12:28:38.905Z</Time><Position><LatitudeDegrees>43.34995</LatitudeDegrees><LongitudeDegrees>-2.839635</LongitudeDegrees></Position><AltitudeMeters>42.063</AltitudeMeters><DistanceMeters>349.6000061035156</DistanceMeters><HeartRateBpm><Value>122</Value></HeartRateBpm><Cadence>80</Cadence><SensorState>Present</SensorState></Trackpoint><Trackpoint><Time>2025-07-31T12:28:39.905Z</Time><Position><LatitudeDegrees>43.34995667</LatitudeDegrees><LongitudeDegrees>-2.83961333</LongitudeDegrees></Position><AltitudeMeters>42.063</AltitudeMeters><DistanceMeters>351.6000061035156</DistanceMeters><HeartRateBpm><Value>121</Value></HeartRateBpm><Cadence>79</Cadence><SensorState>Present</SensorState></Trackpoint><Trackpoint><Time>2025-07-31T12:28:40.905Z</Time><Position><LatitudeDegrees>43.34995667</LatitudeDegrees><LongitudeDegrees>-2.83959333</LongitudeDegrees></Position><AltitudeMeters>42.063</AltitudeMeters><DistanceMeters>353.3999938964844</DistanceMeters><HeartRateBpm><Value>121</Value></HeartRateBpm><Cadence>79</Cadence><SensorState>Present</SensorState></Trackpoint><Trackpoint><Time>2025-07-31T12:28:41.905Z</Time><Position><LatitudeDegrees>43.349955</LatitudeDegrees><LongitudeDegrees>-2.83956833</LongitudeDegrees></Position><AltitudeMeters>42.063</AltitudeMeters><DistanceMeters>355.1000061035156</DistanceMeters><HeartRateBpm><Value>121</Value></HeartRateBpm><Cadence>81</Cadence><SensorState>Present</SensorState></Trackpoint><Trackpoint><Time>2025-07-31T12:28:42.905Z</Time><Position><LatitudeDegrees>43.349955</LatitudeDegrees><LongitudeDegrees>-2.839545</LongitudeDegrees></Position><AltitudeMeters>42.215</AltitudeMeters><DistanceMeters>356.70001220703125</DistanceMeters><HeartRateBpm><Value>121</Value></HeartRateBpm><Cadence>82</Cadence><SensorState>Present</SensorState></Trackpoint><Trackpoint><Time>2025-07-31T12:28:43.905Z</Time><Position><LatitudeDegrees>43.34996</LatitudeDegrees><LongitudeDegrees>-2.83952667</LongitudeDegrees></Position><AltitudeMeters>42.215</AltitudeMeters><DistanceMeters>358.20001220703125</DistanceMeters><HeartRateBpm><Value>121</Value></HeartRateBpm><Cadence>82</Cadence><SensorState>Present</SensorState></Trackpoint><Trackpoint><Time>2025-07-31T12:28:44.905Z</Time><Position><LatitudeDegrees>43.34995667</LatitudeDegrees><LongitudeDegrees>-2.83949667</LongitudeDegrees></Position><AltitudeMeters>42.215</AltitudeMeters><DistanceMeters>360.0</DistanceMeters><HeartRateBpm><Value>121</Value></HeartRateBpm><Cadence>82</Cadence><SensorState>Present</SensorState></Trackpoint><Trackpoint><Time>2025-07-31T12:28:45.905Z</Time><Position><LatitudeDegrees>43.349955</LatitudeDegrees><LongitudeDegrees>-2.83947833</LongitudeDegrees></Position><AltitudeMeters>42.215</AltitudeMeters><DistanceMeters>361.79998779296875</DistanceMeters><HeartRateBpm><Value>121</Value></HeartRateBpm><Cadence>82</Cadence><SensorState>Present</SensorState></Trackpoint><Trackpoint><Time>2025-07-31T12:28:46.905Z</Time><Position><LatitudeDegrees>43.349955</LatitudeDegrees><LongitudeDegrees>-2.83945</LongitudeDegrees></Position><AltitudeMeters>42.215</AltitudeMeters><DistanceMeters>363.70001220703125</DistanceMeters><HeartRateBpm><Value>121</Value></HeartRateBpm><Cadence>82</Cadence><SensorState>Present</SensorState></Trackpoint><Trackpoint><Time>2025-07-31T12:28:47.905Z</Time><Position><LatitudeDegrees>43.34995667</LatitudeDegrees><LongitudeDegrees>-2.83942167</LongitudeDegrees></Position><AltitudeMeters>42.215</AltitudeMeters><DistanceMeters>365.6000061035156</DistanceMeters><HeartRateBpm><Value>121</Value></HeartRateBpm><Cadence>82</Cadence><SensorState>Present</SensorState></Trackpoint><Trackpoint><Time>2025-07-31T12:28:48.905Z</Time><Position><LatitudeDegrees>43.34995833</LatitudeDegrees><LongitudeDegrees>-2.83939667</LongitudeDegrees></Position><AltitudeMeters>42.215</AltitudeMeters><DistanceMeters>367.70001220703125</DistanceMeters><HeartRateBpm><Value>121</Value></HeartRateBpm><Cadence>83</Cadence><SensorState>Present</SensorState></Trackpoint><Trackpoint><Time>2025-07-31T12:28:49.905Z</Time><Position><LatitudeDegrees>43.34995667</LatitudeDegrees><LongitudeDegrees>-2.83937</LongitudeDegrees></Position><AltitudeMeters>42.368</AltitudeMeters><DistanceMeters>369.70001220703125</DistanceMeters><HeartRateBpm><Value>121</Value></HeartRateBpm><Cadence>83</Cadence><SensorState>Present</SensorState></Trackpoint><Trackpoint><Time>2025-07-31T12:28:50.905Z</Time><Position><LatitudeDegrees>43.349955</LatitudeDegrees><LongitudeDegrees>-2.83934333</LongitudeDegrees></Position><AltitudeMeters>42.368</AltitudeMeters><DistanceMeters>371.79998779296875</DistanceMeters><HeartRateBpm><Value>121</Value></HeartRateBpm><Cadence>83</Cadence><SensorState>Present</SensorState></Trackpoint><Trackpoint><Time>2025-07-31T12:28:51.905Z</Time><Position><LatitudeDegrees>43.34995667</LatitudeDegrees><LongitudeDegrees>-2.839315</LongitudeDegrees></Position><AltitudeMeters>42.368</AltitudeMeters><DistanceMeters>374.20001220703125</DistanceMeters><HeartRateBpm><Value>122</Value></HeartRateBpm><Cadence>83</Cadence><SensorState>Present</SensorState></Trackpoint><Trackpoint><Time>2025-07-31T12:28:52.905Z</Time><Position><LatitudeDegrees>43.34996167</LatitudeDegrees><LongitudeDegrees>-2.83928667</LongitudeDegrees></Position><AltitudeMeters>42.368</AltitudeMeters><DistanceMeters>376.29998779296875</DistanceMeters><HeartRateBpm><Value>122</Value></HeartRateBpm><Cadence>83</Cadence><SensorState>Present</SensorState></Trackpoint><Trackpoint><Time>2025-07-31T12:28:53.905Z</Time><Position><LatitudeDegrees>43.349965</LatitudeDegrees><LongitudeDegrees>-2.83926167</LongitudeDegrees></Position><AltitudeMeters>42.368</AltitudeMeters><DistanceMeters>378.79998779296875</DistanceMeters><HeartRateBpm><Value>122</Value></HeartRateBpm><Cadence>83</Cadence><SensorState>Present</SensorState></Trackpoint><Trackpoint><Time>2025-07-31T12:28:54.905Z</Time><Position><LatitudeDegrees>43.34996833</LatitudeDegrees><LongitudeDegrees>-2.83923667</LongitudeDegrees></Position><AltitudeMeters>42.368</AltitudeMeters><DistanceMeters>381.3999938964844</DistanceMeters><HeartRateBpm><Value>122</Value></HeartRateBpm><Cadence>83</Cadence><SensorState>Present</SensorState></Trackpoint><Trackpoint><Time>2025-07-31T12:28:55.905Z</Time><Position><LatitudeDegrees>43.34997333</LatitudeDegrees><LongitudeDegrees>-2.83921</LongitudeDegrees></Position><AltitudeMeters>42.368</AltitudeMeters><DistanceMeters>383.3999938964844</DistanceMeters><HeartRateBpm><Value>122</Value></HeartRateBpm><Cadence>83</Cadence><SensorState>Present</SensorState></Trackpoint><Trackpoint><Time>2025-07-31T12:28:56.905Z</Time><Position><LatitudeDegrees>43.349975</LatitudeDegrees><LongitudeDegrees>-2.83917833</LongitudeDegrees></Position><AltitudeMeters>42.368</AltitudeMeters><DistanceMeters>385.8999938964844</DistanceMeters><HeartRateBpm><Value>122</Value></HeartRateBpm><Cadence>83</Cadence><SensorState>Present</SensorState></Trackpoint><Trackpoint><Time>2025-07-31T12:28:57.905Z</Time><Position><LatitudeDegrees>43.349975</LatitudeDegrees><LongitudeDegrees>-2.83915</LongitudeDegrees></Position><AltitudeMeters>42.52</AltitudeMeters><DistanceMeters>388.0</DistanceMeters><HeartRateBpm><Value>123</Value></HeartRateBpm><Cadence>82</Cadence><SensorState>Present</SensorState></Trackpoint><Trackpoint><Time>2025-07-31T12:28:58.905Z</Time><Position><LatitudeDegrees>43.34998</LatitudeDegrees><LongitudeDegrees>-2.83912</LongitudeDegrees></Position><AltitudeMeters>42.52</AltitudeMeters><DistanceMeters>390.29998779296875</DistanceMeters><HeartRateBpm><Value>123</Value></HeartRateBpm><Cadence>82</Cadence><SensorState>Present</SensorState></Trackpoint><Trackpoint><Time>2025-07-31T12:28:59.905Z</Time><Position><LatitudeDegrees>43.34998667</LatitudeDegrees><LongitudeDegrees>-2.83909</LongitudeDegrees></Position><AltitudeMeters>42.52</AltitudeMeters><DistanceMeters>392.70001220703125</DistanceMeters><HeartRateBpm><Value>123</Value></HeartRateBpm><Cadence>82</Cadence><SensorState>Present</SensorState></Trackpoint><Trackpoint><Time>2025-07-31T12:29:00.905Z</Time><Position><LatitudeDegrees>43.34998833</LatitudeDegrees><LongitudeDegrees>-2.83906333</LongitudeDegrees></Position><AltitudeMeters>42.52</AltitudeMeters><DistanceMeters>395.20001220703125</DistanceMeters><HeartRateBpm><Value>123</Value></HeartRateBpm><Cadence>83</Cadence><SensorState>Present</SensorState></Trackpoint><Trackpoint><Time>2025-07-31T12:29:01.905Z</Time><Position><LatitudeDegrees>43.34999333</LatitudeDegrees><LongitudeDegrees>-2.83903833</LongitudeDegrees></Position><AltitudeMeters>42.52</AltitudeMeters><DistanceMeters>397.6000061035156</DistanceMeters><HeartRateBpm><Value>123</Value></HeartRateBpm><Cadence>83</Cadence><SensorState>Present</SensorState></Trackpoint><Trackpoint><Time>2025-07-31T12:29:02.905Z</Time><Position><LatitudeDegrees>43.34999333</LatitudeDegrees><LongitudeDegrees>-2.83901833</LongitudeDegrees></Position><AltitudeMeters>42.52</AltitudeMeters><DistanceMeters>399.8999938964844</DistanceMeters><HeartRateBpm><Value>123</Value></HeartRateBpm><Cadence>83</Cadence><SensorState>Present</SensorState></Trackpoint><Trackpoint><Time>2025-07-31T12:29:03.905Z</Time><Position><LatitudeDegrees>43.34999667</LatitudeDegrees><LongitudeDegrees>-2.838995</LongitudeDegrees></Position><AltitudeMeters>42.673</AltitudeMeters><DistanceMeters>402.1000061035156</DistanceMeters><HeartRateBpm><Value>124</Value></HeartRateBpm><Cadence>83</Cadence><SensorState>Present</SensorState></Trackpoint><Trackpoint><Time>2025-07-31T12:29:04.905Z</Time><Position><LatitudeDegrees>43.34999667</LatitudeDegrees><LongitudeDegrees>-2.83896167</LongitudeDegrees></Position><AltitudeMeters>42.673</AltitudeMeters><DistanceMeters>404.1000061035156</DistanceMeters><HeartRateBpm><Value>124</Value></HeartRateBpm><Cadence>83</Cadence><SensorState>Present</SensorState></Trackpoint><Trackpoint><Time>2025-07-31T12:29:05.905Z</Time><Position><LatitudeDegrees>43.35</LatitudeDegrees><LongitudeDegrees>-2.83893333</LongitudeDegrees></Position><AltitudeMeters>42.673</AltitudeMeters><DistanceMeters>406.29998779296875</DistanceMeters><HeartRateBpm><Value>124</Value></HeartRateBpm><Cadence>83</Cadence><SensorState>Present</SensorState></Trackpoint><Trackpoint><Time>2025-07-31T12:29:06.905Z</Time><Position><LatitudeDegrees>43.35000333</LatitudeDegrees><LongitudeDegrees>-2.83890333</LongitudeDegrees></Position><AltitudeMeters>42.825</AltitudeMeters><DistanceMeters>408.79998779296875</DistanceMeters><HeartRateBpm><Value>124</Value></HeartRateBpm><Cadence>82</Cadence><SensorState>Present</SensorState></Trackpoint><Trackpoint><Time>2025-07-31T12:29:07.905Z</Time><Position><LatitudeDegrees>43.350005</LatitudeDegrees><LongitudeDegrees>-2.83887667</LongitudeDegrees></Position><AltitudeMeters>42.825</AltitudeMeters><DistanceMeters>410.70001220703125</DistanceMeters><HeartRateBpm><Value>124</Value></HeartRateBpm><Cadence>82</Cadence><SensorState>Present</SensorState></Trackpoint><Trackpoint><Time>2025-07-31T12:29:08.905Z</Time><Position><LatitudeDegrees>43.35000833</LatitudeDegrees><LongitudeDegrees>-2.83885</LongitudeDegrees></Position><AltitudeMeters>42.825</AltitudeMeters><DistanceMeters>413.1000061035156</DistanceMeters><HeartRateBpm><Value>124</Value></HeartRateBpm><Cadence>82</Cadence><SensorState>Present</SensorState></Trackpoint><Trackpoint><Time>2025-07-31T12:29:09.905Z</Time><Position><LatitudeDegrees>43.35000833</LatitudeDegrees><LongitudeDegrees>-2.83882167</LongitudeDegrees></Position><AltitudeMeters>42.977</AltitudeMeters><DistanceMeters>415.20001220703125</DistanceMeters><HeartRateBpm><Value>124</Value></HeartRateBpm><Cadence>82</Cadence><SensorState>Present</SensorState></Trackpoint><Trackpoint><Time>2025-07-31T12:29:10.905Z</Time><Position><LatitudeDegrees>43.35001</LatitudeDegrees><LongitudeDegrees>-2.838795</LongitudeDegrees></Position><AltitudeMeters>42.977</AltitudeMeters><DistanceMeters>417.20001220703125</DistanceMeters><HeartRateBpm><Value>124</Value></HeartRateBpm><Cadence>82</Cadence><SensorState>Present</SensorState></Trackpoint><Trackpoint><Time>2025-07-31T12:29:11.905Z</Time><Position><LatitudeDegrees>43.35001</LatitudeDegrees><LongitudeDegrees>-2.83876667</LongitudeDegrees></Position><AltitudeMeters>43.13</AltitudeMeters><DistanceMeters>419.6000061035156</DistanceMeters><HeartRateBpm><Value>124</Value></HeartRateBpm><Cadence>83</Cadence><SensorState>Present</SensorState></Trackpoint><Trackpoint><Time>2025-07-31T12:29:12.905Z</Time><Position><LatitudeDegrees>43.35000833</LatitudeDegrees><LongitudeDegrees>-2.83873333</LongitudeDegrees></Position><AltitudeMeters>43.13</AltitudeMeters><DistanceMeters>421.8999938964844</DistanceMeters><HeartRateBpm><Value>123</Value></HeartRateBpm><Cadence>82</Cadence><SensorState>Present</SensorState></Trackpoint><Trackpoint><Time>2025-07-31T12:29:13.905Z</Time><Position><LatitudeDegrees>43.35000833</LatitudeDegrees><LongitudeDegrees>-2.83870333</LongitudeDegrees></Position><AltitudeMeters>43.13</AltitudeMeters><DistanceMeters>424.5</DistanceMeters><HeartRateBpm><Value>123</Value></HeartRateBpm><Cadence>83</Cadence><SensorState>Present</SensorState></Trackpoint><Trackpoint><Time>2025-07-31T12:29:14.905Z</Time><Position><LatitudeDegrees>43.35000667</LatitudeDegrees><LongitudeDegrees>-2.83867167</LongitudeDegrees></Position><AltitudeMeters>43.282</AltitudeMeters><DistanceMeters>427.29998779296875</DistanceMeters><HeartRateBpm><Value>123</Value></HeartRateBpm><Cadence>83</Cadence><SensorState>Present</SensorState></Trackpoint><Trackpoint><Time>2025-07-31T12:29:15.905Z</Time><Position><LatitudeDegrees>43.35001167</LatitudeDegrees><LongitudeDegrees>-2.83864333</LongitudeDegrees></Position><AltitudeMeters>43.282</AltitudeMeters><DistanceMeters>429.5</DistanceMeters><HeartRateBpm><Value>122</Value></HeartRateBpm><Cadence>82</Cadence><SensorState>Present</SensorState></Trackpoint><Trackpoint><Time>2025-07-31T12:29:16.905Z</Time><Position><LatitudeDegrees>43.35001667</LatitudeDegrees><LongitudeDegrees>-2.838615</LongitudeDegrees></Position><AltitudeMeters>43.282</AltitudeMeters><DistanceMeters>431.8999938964844</DistanceMeters><HeartRateBpm><Value>122</Value></HeartRateBpm><Cadence>83</Cadence><SensorState>Present</SensorState></Trackpoint><Trackpoint><Time>2025-07-31T12:29:17.905Z</Time><Position><LatitudeDegrees>43.35002167</LatitudeDegrees><LongitudeDegrees>-2.83858833</LongitudeDegrees></Position><AltitudeMeters>43.435</AltitudeMeters><DistanceMeters>434.29998779296875</DistanceMeters><HeartRateBpm><Value>122</Value></HeartRateBpm><Cadence>82</Cadence><SensorState>Present</SensorState></Trackpoint><Trackpoint><Time>2025-07-31T12:29:18.905Z</Time><Position><LatitudeDegrees>43.35002</LatitudeDegrees><LongitudeDegrees>-2.83855667</LongitudeDegrees></Position><AltitudeMeters>43.435</AltitudeMeters><DistanceMeters>436.79998779296875</DistanceMeters><HeartRateBpm><Value>122</Value></HeartRateBpm><Cadence>82</Cadence><SensorState>Present</SensorState></Trackpoint><Trackpoint><Time>2025-07-31T12:29:19.905Z</Time><Position><LatitudeDegrees>43.35001667</LatitudeDegrees><LongitudeDegrees>-2.83852333</LongitudeDegrees></Position><AltitudeMeters>43.587</AltitudeMeters><DistanceMeters>439.29998779296875</DistanceMeters><HeartRateBpm><Value>122</Value></HeartRateBpm><Cadence>82</Cadence><SensorState>Present</SensorState></Trackpoint><Trackpoint><Time>2025-07-31T12:29:20.905Z</Time><Position><LatitudeDegrees>43.35001667</LatitudeDegrees><LongitudeDegrees>-2.83849</LongitudeDegrees></Position><AltitudeMeters>43.587</AltitudeMeters><DistanceMeters>441.79998779296875</DistanceMeters><HeartRateBpm><Value>121</Value></HeartRateBpm><Cadence>83</Cadence><SensorState>Present</SensorState></Trackpoint><Trackpoint><Time>2025-07-31T12:29:21.905Z</Time><Position><LatitudeDegrees>43.35001333</LatitudeDegrees><LongitudeDegrees>-2.83846</LongitudeDegrees></Position><AltitudeMeters>43.587</AltitudeMeters><DistanceMeters>444.5</DistanceMeters><HeartRateBpm><Value>121</Value></HeartRateBpm><Cadence>83</Cadence><SensorState>Present</SensorState></Trackpoint><Trackpoint><Time>2025-07-31T12:29:22.905Z</Time><Position><LatitudeDegrees>43.350005</LatitudeDegrees><LongitudeDegrees>-2.83843167</LongitudeDegrees></Position><AltitudeMeters>43.739</AltitudeMeters><DistanceMeters>447.29998779296875</DistanceMeters><HeartRateBpm><Value>122</Value></HeartRateBpm><Cadence>83</Cadence><SensorState>Present</SensorState></Trackpoint><Trackpoint><Time>2025-07-31T12:29:23.905Z</Time><Position><LatitudeDegrees>43.35</LatitudeDegrees><LongitudeDegrees>-2.83840167</LongitudeDegrees></Position><AltitudeMeters>43.739</AltitudeMeters><DistanceMeters>449.70001220703125</DistanceMeters><HeartRateBpm><Value>122</Value></HeartRateBpm><Cadence>83</Cadence><SensorState>Present</SensorState></Trackpoint><Trackpoint><Time>2025-07-31T12:29:24.905Z</Time><Position><LatitudeDegrees>43.34999667</LatitudeDegrees><LongitudeDegrees>-2.83837333</LongitudeDegrees></Position><AltitudeMeters>43.892</AltitudeMeters><DistanceMeters>452.1000061035156</DistanceMeters><HeartRateBpm><Value>122</Value></HeartRateBpm><Cadence>83</Cadence><SensorState>Present</SensorState></Trackpoint><Trackpoint><Time>2025-07-31T12:29:25.905Z</Time><Position><LatitudeDegrees>43.34999333</LatitudeDegrees><LongitudeDegrees>-2.83834667</LongitudeDegrees></Position><AltitudeMeters>44.044</AltitudeMeters><DistanceMeters>454.5</DistanceMeters><HeartRateBpm><Value>122</Value></HeartRateBpm><Cadence>83</Cadence><SensorState>Present</SensorState></Trackpoint><Trackpoint><Time>2025-07-31T12:29:26.905Z</Time><Position><LatitudeDegrees>43.34999</LatitudeDegrees><LongitudeDegrees>-2.83832167</LongitudeDegrees></Position><AltitudeMeters>44.044</AltitudeMeters><DistanceMeters>457.1000061035156</DistanceMeters><HeartRateBpm><Value>122</Value></HeartRateBpm><Cadence>83</Cadence><SensorState>Present</SensorState></Trackpoint><Trackpoint><Time>2025-07-31T12:29:27.905Z</Time><Position><LatitudeDegrees>43.34998833</LatitudeDegrees><LongitudeDegrees>-2.83829167</LongitudeDegrees></Position><AltitudeMeters>44.197</AltitudeMeters><DistanceMeters>459.5</DistanceMeters><HeartRateBpm><Value>122</Value></HeartRateBpm><Cadence>83</Cadence><SensorState>Present</SensorState></Trackpoint><Trackpoint><Time>2025-07-31T12:29:28.905Z</Time><Position><LatitudeDegrees>43.34998667</LatitudeDegrees><LongitudeDegrees>-2.838265</LongitudeDegrees></Position><AltitudeMeters>44.197</AltitudeMeters><DistanceMeters>461.70001220703125</DistanceMeters><HeartRateBpm><Value>123</Value></HeartRateBpm><Cadence>83</Cadence><SensorState>Present</SensorState></Trackpoint><Trackpoint><Time>2025-07-31T12:29:29.905Z</Time><Position><LatitudeDegrees>43.349985</LatitudeDegrees><LongitudeDegrees>-2.83823667</LongitudeDegrees></Position><AltitudeMeters>44.349</AltitudeMeters><DistanceMeters>464.0</DistanceMeters><HeartRateBpm><Value>123</Value></HeartRateBpm><Cadence>83</Cadence><SensorState>Present</SensorState></Trackpoint><Trackpoint><Time>2025-07-31T12:29:30.905Z</Time><Position><LatitudeDegrees>43.34998167</LatitudeDegrees><LongitudeDegrees>-2.838205</LongitudeDegrees></Position><AltitudeMeters>44.349</AltitudeMeters><DistanceMeters>466.0</DistanceMeters><HeartRateBpm><Value>123</Value></HeartRateBpm><Cadence>83</Cadence><SensorState>Present</SensorState></Trackpoint><Trackpoint><Time>2025-07-31T12:29:31.905Z</Time><Position><LatitudeDegrees>43.34998</LatitudeDegrees><LongitudeDegrees>-2.83817667</LongitudeDegrees></Position><AltitudeMeters>44.501</AltitudeMeters><DistanceMeters>468.20001220703125</DistanceMeters><HeartRateBpm><Value>123</Value></HeartRateBpm><Cadence>83</Cadence><SensorState>Present</SensorState></Trackpoint><Trackpoint><Time>2025-07-31T12:29:32.905Z</Time><Position><LatitudeDegrees>43.34997833</LatitudeDegrees><LongitudeDegrees>-2.83814667</LongitudeDegrees></Position><AltitudeMeters>44.654</AltitudeMeters><DistanceMeters>470.6000061035156</DistanceMeters><HeartRateBpm><Value>123</Value></HeartRateBpm><Cadence>83</Cadence><SensorState>Present</SensorState></Trackpoint><Trackpoint><Time>2025-07-31T12:29:33.905Z</Time><Position><LatitudeDegrees>43.349975</LatitudeDegrees><LongitudeDegrees>-2.83811667</LongitudeDegrees></Position><AltitudeMeters>44.654</AltitudeMeters><DistanceMeters>472.79998779296875</DistanceMeters><HeartRateBpm><Value>123</Value></HeartRateBpm><Cadence>83</Cadence><SensorState>Present</SensorState></Trackpoint><Trackpoint><Time>2025-07-31T12:29:34.905Z</Time><Position><LatitudeDegrees>43.34997167</LatitudeDegrees><LongitudeDegrees>-2.83808833</LongitudeDegrees></Position><AltitudeMeters>44.806</AltitudeMeters><DistanceMeters>475.1000061035156</DistanceMeters><HeartRateBpm><Value>123</Value></HeartRateBpm><Cadence>83</Cadence><SensorState>Present</SensorState></Trackpoint><Trackpoint><Time>2025-07-31T12:29:35.905Z</Time><Position><LatitudeDegrees>43.34997</LatitudeDegrees><LongitudeDegrees>-2.83805833</LongitudeDegrees></Position><AltitudeMeters>44.806</AltitudeMeters><DistanceMeters>477.6000061035156</DistanceMeters><HeartRateBpm><Value>123</Value></HeartRateBpm><Cadence>83</Cadence><SensorState>Present</SensorState></Trackpoint><Trackpoint><Time>2025-07-31T12:29:36.905Z</Time><Position><LatitudeDegrees>43.34996667</LatitudeDegrees><LongitudeDegrees>-2.83803</LongitudeDegrees></Position><AltitudeMeters>44.959</AltitudeMeters><DistanceMeters>480.0</DistanceMeters><HeartRateBpm><Value>123</Value></HeartRateBpm><Cadence>83</Cadence><SensorState>Present</SensorState></Trackpoint><Trackpoint><Time>2025-07-31T12:29:37.905Z</Time><Position><LatitudeDegrees>43.34996167</LatitudeDegrees><LongitudeDegrees>-2.83800333</LongitudeDegrees></Position><AltitudeMeters>44.959</AltitudeMeters><DistanceMeters>482.6000061035156</DistanceMeters><HeartRateBpm><Value>123</Value></HeartRateBpm><Cadence>83</Cadence><SensorState>Present</SensorState></Trackpoint><Trackpoint><Time>2025-07-31T12:29:38.905Z</Time><Position><LatitudeDegrees>43.349955</LatitudeDegrees><LongitudeDegrees>-2.83797667</LongitudeDegrees></Position><AltitudeMeters>45.111</AltitudeMeters><DistanceMeters>485.0</DistanceMeters><HeartRateBpm><Value>123</Value></HeartRateBpm><Cadence>83</Cadence><SensorState>Present</SensorState></Trackpoint><Trackpoint><Time>2025-07-31T12:29:39.905Z</Time><Position><LatitudeDegrees>43.34995</LatitudeDegrees><LongitudeDegrees>-2.83794833</LongitudeDegrees></Position><AltitudeMeters>45.111</AltitudeMeters><DistanceMeters>487.3999938964844</DistanceMeters><HeartRateBpm><Value>123</Value></HeartRateBpm><Cadence>83</Cadence><SensorState>Present</SensorState></Trackpoint><Trackpoint><Time>2025-07-31T12:29:40.905Z</Time><Position><LatitudeDegrees>43.349945</LatitudeDegrees><LongitudeDegrees>-2.83791833</LongitudeDegrees></Position><AltitudeMeters>45.263</AltitudeMeters><DistanceMeters>489.70001220703125</DistanceMeters><HeartRateBpm><Value>123</Value></HeartRateBpm><Cadence>83</Cadence><SensorState>Present</SensorState></Trackpoint><Trackpoint><Time>2025-07-31T12:29:41.905Z</Time><Position><LatitudeDegrees>43.34993833</LatitudeDegrees><LongitudeDegrees>-2.83788833</LongitudeDegrees></Position><AltitudeMeters>45.263</AltitudeMeters><DistanceMeters>492.0</DistanceMeters><HeartRateBpm><Value>123</Value></HeartRateBpm><Cadence>83</Cadence><SensorState>Present</SensorState></Trackpoint><Trackpoint><Time>2025-07-31T12:29:42.905Z</Time><Position><LatitudeDegrees>43.349935</LatitudeDegrees><LongitudeDegrees>-2.83786</LongitudeDegrees></Position><AltitudeMeters>45.263</AltitudeMeters><DistanceMeters>494.3999938964844</DistanceMeters><HeartRateBpm><Value>122</Value></HeartRateBpm><Cadence>83</Cadence><SensorState>Present</SensorState></Trackpoint><Trackpoint><Time>2025-07-31T12:29:43.905Z</Time><Position><LatitudeDegrees>43.34993167</LatitudeDegrees><LongitudeDegrees>-2.83783333</LongitudeDegrees></Position><AltitudeMeters>45.416</AltitudeMeters><DistanceMeters>496.8999938964844</DistanceMeters><HeartRateBpm><Value>122</Value></HeartRateBpm><Cadence>83</Cadence><SensorState>Present</SensorState></Trackpoint><Trackpoint><Time>2025-07-31T12:29:44.905Z</Time><Position><LatitudeDegrees>43.34992667</LatitudeDegrees><LongitudeDegrees>-2.837805</LongitudeDegrees></Position><AltitudeMeters>45.416</AltitudeMeters><DistanceMeters>499.20001220703125</DistanceMeters><HeartRateBpm><Value>122</Value></HeartRateBpm><Cadence>83</Cadence><SensorState>Present</SensorState></Trackpoint><Trackpoint><Time>2025-07-31T12:29:45.905Z</Time><Position><LatitudeDegrees>43.349925</LatitudeDegrees><LongitudeDegrees>-2.837775</LongitudeDegrees></Position><AltitudeMeters>45.416</AltitudeMeters><DistanceMeters>501.5</DistanceMeters><HeartRateBpm><Value>121</Value></HeartRateBpm><Cadence>83</Cadence><SensorState>Present</SensorState></Trackpoint><Trackpoint><Time>2025-07-31T12:29:46.905Z</Time><Position><LatitudeDegrees>43.34992</LatitudeDegrees><LongitudeDegrees>-2.83774667</LongitudeDegrees></Position><AltitudeMeters>45.568</AltitudeMeters><DistanceMeters>503.79998779296875</DistanceMeters><HeartRateBpm><Value>121</Value></HeartRateBpm><Cadence>83</Cadence><SensorState>Present</SensorState></Trackpoint><Trackpoint><Time>2025-07-31T12:29:47.905Z</Time><Position><LatitudeDegrees>43.349915</LatitudeDegrees><LongitudeDegrees>-2.837715</LongitudeDegrees></Position><AltitudeMeters>45.568</AltitudeMeters><DistanceMeters>506.29998779296875</DistanceMeters><HeartRateBpm><Value>121</Value></HeartRateBpm><Cadence>83</Cadence><SensorState>Present</SensorState></Trackpoint><Trackpoint><Time>2025-07-31T12:29:48.905Z</Time><Position><LatitudeDegrees>43.34991167</LatitudeDegrees><LongitudeDegrees>-2.83768667</LongitudeDegrees></Position><AltitudeMeters>45.568</AltitudeMeters><DistanceMeters>508.79998779296875</DistanceMeters><HeartRateBpm><Value>121</Value></HeartRateBpm><Cadence>83</Cadence><SensorState>Present</SensorState></Trackpoint><Trackpoint><Time>2025-07-31T12:29:49.905Z</Time><Position><LatitudeDegrees>43.34990833</LatitudeDegrees><LongitudeDegrees>-2.83766</LongitudeDegrees></Position><AltitudeMeters>45.721</AltitudeMeters><DistanceMeters>511.3999938964844</DistanceMeters><HeartRateBpm><Value>121</Value></HeartRateBpm><Cadence>83</Cadence><SensorState>Present</SensorState></Trackpoint><Trackpoint><Time>2025-07-31T12:29:50.905Z</Time><Position><LatitudeDegrees>43.34990333</LatitudeDegrees><LongitudeDegrees>-2.837635</LongitudeDegrees></Position><AltitudeMeters>45.721</AltitudeMeters><DistanceMeters>513.7999877929688</DistanceMeters><HeartRateBpm><Value>121</Value></HeartRateBpm><Cadence>83</Cadence><SensorState>Present</SensorState></Trackpoint><Trackpoint><Time>2025-07-31T12:29:51.905Z</Time><Position><LatitudeDegrees>43.34989667</LatitudeDegrees><LongitudeDegrees>-2.83760833</LongitudeDegrees></Position><AltitudeMeters>45.721</AltitudeMeters><DistanceMeters>516.0</DistanceMeters><HeartRateBpm><Value>121</Value></HeartRateBpm><Cadence>83</Cadence><SensorState>Present</SensorState></Trackpoint><Trackpoint><Time>2025-07-31T12:29:52.905Z</Time><Position><LatitudeDegrees>43.34989167</LatitudeDegrees><LongitudeDegrees>-2.83758</LongitudeDegrees></Position><AltitudeMeters>45.873</AltitudeMeters><DistanceMeters>518.0</DistanceMeters><HeartRateBpm><Value>121</Value></HeartRateBpm><Cadence>83</Cadence><SensorState>Present</SensorState></Trackpoint><Trackpoint><Time>2025-07-31T12:29:53.905Z</Time><Position><LatitudeDegrees>43.34988667</LatitudeDegrees><LongitudeDegrees>-2.83755167</LongitudeDegrees></Position><AltitudeMeters>45.873</AltitudeMeters><DistanceMeters>520.4000244140625</DistanceMeters><HeartRateBpm><Value>122</Value></HeartRateBpm><Cadence>83</Cadence><SensorState>Present</SensorState></Trackpoint><Trackpoint><Time>2025-07-31T12:29:54.905Z</Time><Position><LatitudeDegrees>43.34988167</LatitudeDegrees><LongitudeDegrees>-2.837525</LongitudeDegrees></Position><AltitudeMeters>45.873</AltitudeMeters><DistanceMeters>522.7999877929688</DistanceMeters><HeartRateBpm><Value>122</Value></HeartRateBpm><Cadence>83</Cadence><SensorState>Present</SensorState></Trackpoint><Trackpoint><Time>2025-07-31T12:29:55.905Z</Time><Position><LatitudeDegrees>43.34987333</LatitudeDegrees><LongitudeDegrees>-2.83749833</LongitudeDegrees></Position><AltitudeMeters>46.025</AltitudeMeters><DistanceMeters>525.2000122070312</DistanceMeters><HeartRateBpm><Value>122</Value></HeartRateBpm><Cadence>83</Cadence><SensorState>Present</SensorState></Trackpoint><Trackpoint><Time>2025-07-31T12:29:56.905Z</Time><Position><LatitudeDegrees>43.34987</LatitudeDegrees><LongitudeDegrees>-2.83747667</LongitudeDegrees></Position><AltitudeMeters>46.025</AltitudeMeters><DistanceMeters>527.4000244140625</DistanceMeters><HeartRateBpm><Value>122</Value></HeartRateBpm><Cadence>83</Cadence><SensorState>Present</SensorState></Trackpoint><Trackpoint><Time>2025-07-31T12:29:57.905Z</Time><Position><LatitudeDegrees>43.349865</LatitudeDegrees><LongitudeDegrees>-2.83745167</LongitudeDegrees></Position><AltitudeMeters>46.025</AltitudeMeters><DistanceMeters>529.5999755859375</DistanceMeters><HeartRateBpm><Value>122</Value></HeartRateBpm><Cadence>83</Cadence><SensorState>Present</SensorState></Trackpoint><Trackpoint><Time>2025-07-31T12:29:58.905Z</Time><Position><LatitudeDegrees>43.34986</LatitudeDegrees><LongitudeDegrees>-2.83742667</LongitudeDegrees></Position><AltitudeMeters>46.178</AltitudeMeters><DistanceMeters>531.2999877929688</DistanceMeters><HeartRateBpm><Value>122</Value></HeartRateBpm><Cadence>83</Cadence><SensorState>Present</SensorState></Trackpoint><Trackpoint><Time>2025-07-31T12:29:59.905Z</Time><Position><LatitudeDegrees>43.34985833</LatitudeDegrees><LongitudeDegrees>-2.83739833</LongitudeDegrees></Position><AltitudeMeters>46.178</AltitudeMeters><DistanceMeters>533.5</DistanceMeters><HeartRateBpm><Value>122</Value></HeartRateBpm><Cadence>83</Cadence><SensorState>Present</SensorState></Trackpoint><Trackpoint><Time>2025-07-31T12:30:00.905Z</Time><Position><LatitudeDegrees>43.34985333</LatitudeDegrees><LongitudeDegrees>-2.83737167</LongitudeDegrees></Position><AltitudeMeters>46.33</AltitudeMeters><DistanceMeters>535.5999755859375</DistanceMeters><HeartRateBpm><Value>122</Value></HeartRateBpm><Cadence>83</Cadence><SensorState>Present</SensorState></Trackpoint><Trackpoint><Time>2025-07-31T12:30:01.905Z</Time><Position><LatitudeDegrees>43.34984667</LatitudeDegrees><LongitudeDegrees>-2.83734667</LongitudeDegrees></Position><AltitudeMeters>46.33</AltitudeMeters><DistanceMeters>537.9000244140625</DistanceMeters><HeartRateBpm><Value>122</Value></HeartRateBpm><Cadence>84</Cadence><SensorState>Present</SensorState></Trackpoint><Trackpoint><Time>2025-07-31T12:30:02.905Z</Time><Position><LatitudeDegrees>43.34983833</LatitudeDegrees><LongitudeDegrees>-2.837325</LongitudeDegrees></Position><AltitudeMeters>46.33</AltitudeMeters><DistanceMeters>540.0</DistanceMeters><HeartRateBpm><Value>122</Value></HeartRateBpm><Cadence>84</Cadence><SensorState>Present</SensorState></Trackpoint><Trackpoint><Time>2025-07-31T12:30:03.905Z</Time><Position><LatitudeDegrees>43.34983</LatitudeDegrees><LongitudeDegrees>-2.83730667</LongitudeDegrees></Position><AltitudeMeters>46.483</AltitudeMeters><DistanceMeters>542.0</DistanceMeters><HeartRateBpm><Value>122</Value></HeartRateBpm><Cadence>84</Cadence><SensorState>Present</SensorState></Trackpoint><Trackpoint><Time>2025-07-31T12:30:04.905Z</Time><Position><LatitudeDegrees>43.34982167</LatitudeDegrees><LongitudeDegrees>-2.83728667</LongitudeDegrees></Position><AltitudeMeters>46.483</AltitudeMeters><DistanceMeters>543.9000244140625</DistanceMeters><HeartRateBpm><Value>123</Value></HeartRateBpm><Cadence>83</Cadence><SensorState>Present</SensorState></Trackpoint><Trackpoint><Time>2025-07-31T12:30:05.905Z</Time><Position><LatitudeDegrees>43.34981333</LatitudeDegrees><LongitudeDegrees>-2.837265</LongitudeDegrees></Position><AltitudeMeters>46.483</AltitudeMeters><DistanceMeters>545.7999877929688</DistanceMeters><HeartRateBpm><Value>123</Value></HeartRateBpm><Cadence>82</Cadence><SensorState>Present</SensorState></Trackpoint><Trackpoint><Time>2025-07-31T12:30:06.905Z</Time><Position><LatitudeDegrees>43.34980333</LatitudeDegrees><LongitudeDegrees>-2.83724667</LongitudeDegrees></Position><AltitudeMeters>46.483</AltitudeMeters><DistanceMeters>547.5999755859375</DistanceMeters><HeartRateBpm><Value>124</Value></HeartRateBpm><Cadence>82</Cadence><SensorState>Present</SensorState></Trackpoint><Trackpoint><Time>2025-07-31T12:30:07.905Z</Time><Position><LatitudeDegrees>43.34979167</LatitudeDegrees><LongitudeDegrees>-2.83722667</LongitudeDegrees></Position><AltitudeMeters>46.635</AltitudeMeters><DistanceMeters>549.5999755859375</DistanceMeters><HeartRateBpm><Value>124</Value></HeartRateBpm><Cadence>82</Cadence><SensorState>Present</SensorState></Trackpoint><Trackpoint><Time>2025-07-31T12:30:08.905Z</Time><Position><LatitudeDegrees>43.34978</LatitudeDegrees><LongitudeDegrees>-2.8372</LongitudeDegrees></Position><AltitudeMeters>46.635</AltitudeMeters><DistanceMeters>551.5</DistanceMeters><HeartRateBpm><Value>124</Value></HeartRateBpm><Cadence>83</Cadence><SensorState>Present</SensorState></Trackpoint><Trackpoint><Time>2025-07-31T12:30:09.905Z</Time><Position><LatitudeDegrees>43.34977333</LatitudeDegrees><LongitudeDegrees>-2.837175</LongitudeDegrees></Position><AltitudeMeters>46.635</AltitudeMeters><DistanceMeters>553.4000244140625</DistanceMeters><HeartRateBpm><Value>124</Value></HeartRateBpm><Cadence>83</Cadence><SensorState>Present</SensorState></Trackpoint><Trackpoint><Time>2025-07-31T12:30:10.905Z</Time><Position><LatitudeDegrees>43.34976333</LatitudeDegrees><LongitudeDegrees>-2.83715</LongitudeDegrees></Position><AltitudeMeters>46.787</AltitudeMeters><DistanceMeters>555.5</DistanceMeters><HeartRateBpm><Value>124</Value></HeartRateBpm><Cadence>83</Cadence><SensorState>Present</SensorState></Trackpoint><Trackpoint><Time>2025-07-31T12:30:11.905Z</Time><Position><LatitudeDegrees>43.34975333</LatitudeDegrees><LongitudeDegrees>-2.83711833</LongitudeDegrees></Position><AltitudeMeters>46.787</AltitudeMeters><DistanceMeters>557.7000122070312</DistanceMeters><HeartRateBpm><Value>124</Value></HeartRateBpm><Cadence>83</Cadence><SensorState>Present</SensorState></Trackpoint><Trackpoint><Time>2025-07-31T12:30:12.905Z</Time><Position><LatitudeDegrees>43.34974167</LatitudeDegrees><LongitudeDegrees>-2.83708167</LongitudeDegrees></Position><AltitudeMeters>46.94</AltitudeMeters><DistanceMeters>559.9000244140625</DistanceMeters><HeartRateBpm><Value>125</Value></HeartRateBpm><Cadence>83</Cadence><SensorState>Present</SensorState></Trackpoint><Trackpoint><Time>2025-07-31T12:30:13.905Z</Time><Position><LatitudeDegrees>43.34973167</LatitudeDegrees><LongitudeDegrees>-2.83704667</LongitudeDegrees></Position><AltitudeMeters>46.94</AltitudeMeters><DistanceMeters>562.5</DistanceMeters><HeartRateBpm><Value>125</Value></HeartRateBpm><Cadence>83</Cadence><SensorState>Present</SensorState></Trackpoint><Trackpoint><Time>2025-07-31T12:30:14.905Z</Time><Position><LatitudeDegrees>43.34972167</LatitudeDegrees><LongitudeDegrees>-2.83701833</LongitudeDegrees></Position><AltitudeMeters>47.092</AltitudeMeters><DistanceMeters>565.7000122070312</DistanceMeters><HeartRateBpm><Value>125</Value></HeartRateBpm><Cadence>83</Cadence><SensorState>Present</SensorState></Trackpoint><Trackpoint><Time>2025-07-31T12:30:15.905Z</Time><Position><LatitudeDegrees>43.34971167</LatitudeDegrees><LongitudeDegrees>-2.83698833</LongitudeDegrees></Position><AltitudeMeters>47.092</AltitudeMeters><DistanceMeters>568.9000244140625</DistanceMeters><HeartRateBpm><Value>125</Value></HeartRateBpm><Cadence>83</Cadence><SensorState>Present</SensorState></Trackpoint><Trackpoint><Time>2025-07-31T12:30:16.905Z</Time><Position><LatitudeDegrees>43.3497</LatitudeDegrees><LongitudeDegrees>-2.83695833</LongitudeDegrees></Position><AltitudeMeters>47.092</AltitudeMeters><DistanceMeters>571.9000244140625</DistanceMeters><HeartRateBpm><Value>126</Value></HeartRateBpm><Cadence>83</Cadence><SensorState>Present</SensorState></Trackpoint><Trackpoint><Time>2025-07-31T12:30:17.905Z</Time><Position><LatitudeDegrees>43.34969333</LatitudeDegrees><LongitudeDegrees>-2.83693167</LongitudeDegrees></Position><AltitudeMeters>47.245</AltitudeMeters><DistanceMeters>575.0999755859375</DistanceMeters><HeartRateBpm><Value>126</Value></HeartRateBpm><Cadence>83</Cadence><SensorState>Present</SensorState></Trackpoint><Trackpoint><Time>2025-07-31T12:30:18.905Z</Time><Position><LatitudeDegrees>43.34968667</LatitudeDegrees><LongitudeDegrees>-2.83690167</LongitudeDegrees></Position><AltitudeMeters>47.245</AltitudeMeters><DistanceMeters>578.2000122070312</DistanceMeters><HeartRateBpm><Value>127</Value></HeartRateBpm><Cadence>84</Cadence><SensorState>Present</SensorState></Trackpoint><Trackpoint><Time>2025-07-31T12:30:19.905Z</Time><Position><LatitudeDegrees>43.34967833</LatitudeDegrees><LongitudeDegrees>-2.83687833</LongitudeDegrees></Position><AltitudeMeters>47.397</AltitudeMeters><DistanceMeters>580.7000122070312</DistanceMeters><HeartRateBpm><Value>127</Value></HeartRateBpm><Cadence>84</Cadence><SensorState>Present</SensorState></Trackpoint><Trackpoint><Time>2025-07-31T12:30:20.905Z</Time><Position><LatitudeDegrees>43.34966</LatitudeDegrees><LongitudeDegrees>-2.83687</LongitudeDegrees></Position><AltitudeMeters>47.397</AltitudeMeters><DistanceMeters>583.7000122070312</DistanceMeters><HeartRateBpm><Value>128</Value></HeartRateBpm><Cadence>84</Cadence><SensorState>Present</SensorState></Trackpoint><Trackpoint><Time>2025-07-31T12:30:21.905Z</Time><Position><LatitudeDegrees>43.34964333</LatitudeDegrees><LongitudeDegrees>-2.83684833</LongitudeDegrees></Position><AltitudeMeters>47.397</AltitudeMeters><DistanceMeters>586.0</DistanceMeters><HeartRateBpm><Value>128</Value></HeartRateBpm><Cadence>84</Cadence><SensorState>Present</SensorState></Trackpoint><Trackpoint><Time>2025-07-31T12:30:22.905Z</Time><Position><LatitudeDegrees>43.34962667</LatitudeDegrees><LongitudeDegrees>-2.836815</LongitudeDegrees></Position><AltitudeMeters>47.549</AltitudeMeters><DistanceMeters>587.7999877929688</DistanceMeters><HeartRateBpm><Value>129</Value></HeartRateBpm><Cadence>84</Cadence><SensorState>Present</SensorState></Trackpoint><Trackpoint><Time>2025-07-31T12:30:23.905Z</Time><Position><LatitudeDegrees>43.34961833</LatitudeDegrees><LongitudeDegrees>-2.83678833</LongitudeDegrees></Position><AltitudeMeters>47.549</AltitudeMeters><DistanceMeters>589.9000244140625</DistanceMeters><HeartRateBpm><Value>129</Value></HeartRateBpm><Cadence>84</Cadence><SensorState>Present</SensorState></Trackpoint><Trackpoint><Time>2025-07-31T12:30:24.905Z</Time><Position><LatitudeDegrees>43.34961167</LatitudeDegrees><LongitudeDegrees>-2.83675167</LongitudeDegrees></Position><AltitudeMeters>47.702</AltitudeMeters><DistanceMeters>592.5</DistanceMeters><HeartRateBpm><Value>129</Value></HeartRateBpm><Cadence>84</Cadence><SensorState>Present</SensorState></Trackpoint><Trackpoint><Time>2025-07-31T12:30:25.905Z</Time><Position><LatitudeDegrees>43.34960833</LatitudeDegrees><LongitudeDegrees>-2.83671833</LongitudeDegrees></Position><AltitudeMeters>47.702</AltitudeMeters><DistanceMeters>594.7999877929688</DistanceMeters><HeartRateBpm><Value>130</Value></HeartRateBpm><Cadence>84</Cadence><SensorState>Present</SensorState></Trackpoint><Trackpoint><Time>2025-07-31T12:30:26.905Z</Time><Position><LatitudeDegrees>43.34961167</LatitudeDegrees><LongitudeDegrees>-2.83668333</LongitudeDegrees></Position><AltitudeMeters>47.702</AltitudeMeters><DistanceMeters>597.2999877929688</DistanceMeters><HeartRateBpm><Value>130</Value></HeartRateBpm><Cadence>84</Cadence><SensorState>Present</SensorState></Trackpoint><Trackpoint><Time>2025-07-31T12:30:27.905Z</Time><Position><LatitudeDegrees>43.34960333</LatitudeDegrees><LongitudeDegrees>-2.83664833</LongitudeDegrees></Position><AltitudeMeters>47.854</AltitudeMeters><DistanceMeters>599.7999877929688</DistanceMeters><HeartRateBpm><Value>130</Value></HeartRateBpm><Cadence>85</Cadence><SensorState>Present</SensorState></Trackpoint><Trackpoint><Time>2025-07-31T12:30:28.905Z</Time><Position><LatitudeDegrees>43.34959333</LatitudeDegrees><LongitudeDegrees>-2.83661833</LongitudeDegrees></Position><AltitudeMeters>47.854</AltitudeMeters><DistanceMeters>602.7000122070312</DistanceMeters><HeartRateBpm><Value>130</Value></HeartRateBpm><Cadence>84</Cadence><SensorState>Present</SensorState></Trackpoint><Trackpoint><Time>2025-07-31T12:30:29.905Z</Time><Position><LatitudeDegrees>43.34958</LatitudeDegrees><LongitudeDegrees>-2.83659333</LongitudeDegrees></Position><AltitudeMeters>47.854</AltitudeMeters><DistanceMeters>605.7000122070312</DistanceMeters><HeartRateBpm><Value>130</Value></HeartRateBpm><Cadence>85</Cadence><SensorState>Present</SensorState></Trackpoint><Trackpoint><Time>2025-07-31T12:30:30.905Z</Time><Position><LatitudeDegrees>43.34957</LatitudeDegrees><LongitudeDegrees>-2.83657</LongitudeDegrees></Position><AltitudeMeters>48.007</AltitudeMeters><DistanceMeters>608.5</DistanceMeters><HeartRateBpm><Value>130</Value></HeartRateBpm><Cadence>84</Cadence><SensorState>Present</SensorState></Trackpoint><Trackpoint><Time>2025-07-31T12:30:31.905Z</Time><Position><LatitudeDegrees>43.34956</LatitudeDegrees><LongitudeDegrees>-2.836545</LongitudeDegrees></Position><AltitudeMeters>48.007</AltitudeMeters><DistanceMeters>611.4000244140625</DistanceMeters><HeartRateBpm><Value>130</Value></HeartRateBpm><Cadence>84</Cadence><SensorState>Present</SensorState></Trackpoint><Trackpoint><Time>2025-07-31T12:30:32.905Z</Time><Position><LatitudeDegrees>43.34955</LatitudeDegrees><LongitudeDegrees>-2.83651833</LongitudeDegrees></Position><AltitudeMeters>48.007</AltitudeMeters><DistanceMeters>614.0999755859375</DistanceMeters><HeartRateBpm><Value>131</Value></HeartRateBpm><Cadence>84</Cadence><SensorState>Present</SensorState></Trackpoint><Trackpoint><Time>2025-07-31T12:30:33.905Z</Time><Position><LatitudeDegrees>43.34954</LatitudeDegrees><LongitudeDegrees>-2.83649167</LongitudeDegrees></Position><AltitudeMeters>48.007</AltitudeMeters><DistanceMeters>616.2000122070312</DistanceMeters><HeartRateBpm><Value>131</Value></HeartRateBpm><Cadence>84</Cadence><SensorState>Present</SensorState></Trackpoint><Trackpoint><Time>2025-07-31T12:30:34.905Z</Time><Position><LatitudeDegrees>43.34952833</LatitudeDegrees><LongitudeDegrees>-2.83646667</LongitudeDegrees></Position><AltitudeMeters>48.159</AltitudeMeters><DistanceMeters>618.7000122070312</DistanceMeters><HeartRateBpm><Value>131</Value></HeartRateBpm><Cadence>84</Cadence><SensorState>Present</SensorState></Trackpoint><Trackpoint><Time>2025-07-31T12:30:35.905Z</Time><Position><LatitudeDegrees>43.34951667</LatitudeDegrees><LongitudeDegrees>-2.83644</LongitudeDegrees></Position><AltitudeMeters>48.159</AltitudeMeters><DistanceMeters>620.7999877929688</DistanceMeters><HeartRateBpm><Value>131</Value></HeartRateBpm><Cadence>84</Cadence><SensorState>Present</SensorState></Trackpoint><Trackpoint><Time>2025-07-31T12:30:36.905Z</Time><Position><LatitudeDegrees>43.34950667</LatitudeDegrees><LongitudeDegrees>-2.83641333</LongitudeDegrees></Position><AltitudeMeters>48.159</AltitudeMeters><DistanceMeters>623.0999755859375</DistanceMeters><HeartRateBpm><Value>131</Value></HeartRateBpm><Cadence>84</Cadence><SensorState>Present</SensorState></Trackpoint><Trackpoint><Time>2025-07-31T12:30:37.905Z</Time><Position><LatitudeDegrees>43.34949667</LatitudeDegrees><LongitudeDegrees>-2.83638333</LongitudeDegrees></Position><AltitudeMeters>48.311</AltitudeMeters><DistanceMeters>625.5</DistanceMeters><HeartRateBpm><Value>131</Value></HeartRateBpm><Cadence>84</Cadence><SensorState>Present</SensorState></Trackpoint><Trackpoint><Time>2025-07-31T12:30:38.905Z</Time><Position><LatitudeDegrees>43.34948667</LatitudeDegrees><LongitudeDegrees>-2.836355</LongitudeDegrees></Position><AltitudeMeters>48.311</AltitudeMeters><DistanceMeters>627.7000122070312</DistanceMeters><HeartRateBpm><Value>131</Value></HeartRateBpm><Cadence>84</Cadence><SensorState>Present</SensorState></Trackpoint><Trackpoint><Time>2025-07-31T12:30:39.905Z</Time><Position><LatitudeDegrees>43.34947833</LatitudeDegrees><LongitudeDegrees>-2.83632667</LongitudeDegrees></Position><AltitudeMeters>48.311</AltitudeMeters><DistanceMeters>630.2000122070312</DistanceMeters><HeartRateBpm><Value>131</Value></HeartRateBpm><Cadence>84</Cadence><SensorState>Present</SensorState></Trackpoint><Trackpoint><Time>2025-07-31T12:30:40.905Z</Time><Position><LatitudeDegrees>43.34947333</LatitudeDegrees><LongitudeDegrees>-2.83629833</LongitudeDegrees></Position><AltitudeMeters>48.464</AltitudeMeters><DistanceMeters>632.5999755859375</DistanceMeters><HeartRateBpm><Value>132</Value></HeartRateBpm><Cadence>84</Cadence><SensorState>Present</SensorState></Trackpoint><Trackpoint><Time>2025-07-31T12:30:41.905Z</Time><Position><LatitudeDegrees>43.349465</LatitudeDegrees><LongitudeDegrees>-2.83626833</LongitudeDegrees></Position><AltitudeMeters>48.464</AltitudeMeters><DistanceMeters>635.2999877929688</DistanceMeters><HeartRateBpm><Value>132</Value></HeartRateBpm><Cadence>84</Cadence><SensorState>Present</SensorState></Trackpoint><Trackpoint><Time>2025-07-31T12:30:42.905Z</Time><Position><LatitudeDegrees>43.34946</LatitudeDegrees><LongitudeDegrees>-2.83624</LongitudeDegrees></Position><AltitudeMeters>48.464</AltitudeMeters><DistanceMeters>637.7999877929688</DistanceMeters><HeartRateBpm><Value>132</Value></HeartRateBpm><Cadence>84</Cadence><SensorState>Present</SensorState></Trackpoint><Trackpoint><Time>2025-07-31T12:30:43.905Z</Time><Position><LatitudeDegrees>43.34945167</LatitudeDegrees><LongitudeDegrees>-2.83621333</LongitudeDegrees></Position><AltitudeMeters>48.616</AltitudeMeters><DistanceMeters>640.2999877929688</DistanceMeters><HeartRateBpm><Value>132</Value></HeartRateBpm><Cadence>84</Cadence><SensorState>Present</SensorState></Trackpoint><Trackpoint><Time>2025-07-31T12:30:44.905Z</Time><Position><LatitudeDegrees>43.34944333</LatitudeDegrees><LongitudeDegrees>-2.836185</LongitudeDegrees></Position><AltitudeMeters>48.616</AltitudeMeters><DistanceMeters>642.9000244140625</DistanceMeters><HeartRateBpm><Value>133</Value></HeartRateBpm><Cadence>84</Cadence><SensorState>Present</SensorState></Trackpoint><Trackpoint><Time>2025-07-31T12:30:45.905Z</Time><Position><LatitudeDegrees>43.34943333</LatitudeDegrees><LongitudeDegrees>-2.83615667</LongitudeDegrees></Position><AltitudeMeters>48.769</AltitudeMeters><DistanceMeters>645.2999877929688</DistanceMeters><HeartRateBpm><Value>133</Value></HeartRateBpm><Cadence>85</Cadence><SensorState>Present</SensorState></Trackpoint><Trackpoint><Time>2025-07-31T12:30:46.905Z</Time><Position><LatitudeDegrees>43.349425</LatitudeDegrees><LongitudeDegrees>-2.83613</LongitudeDegrees></Position><AltitudeMeters>48.769</AltitudeMeters><DistanceMeters>647.7000122070312</DistanceMeters><HeartRateBpm><Value>133</Value></HeartRateBpm><Cadence>84</Cadence><SensorState>Present</SensorState></Trackpoint><Trackpoint><Time>2025-07-31T12:30:47.905Z</Time><Position><LatitudeDegrees>43.34941167</LatitudeDegrees><LongitudeDegrees>-2.8361</LongitudeDegrees></Position><AltitudeMeters>48.921</AltitudeMeters><DistanceMeters>650.2999877929688</DistanceMeters><HeartRateBpm><Value>133</Value></HeartRateBpm><Cadence>84</Cadence><SensorState>Present</SensorState></Trackpoint><Trackpoint><Time>2025-07-31T12:30:48.905Z</Time><Position><LatitudeDegrees>43.34940167</LatitudeDegrees><LongitudeDegrees>-2.83607167</LongitudeDegrees></Position><AltitudeMeters>48.921</AltitudeMeters><DistanceMeters>652.5999755859375</DistanceMeters><HeartRateBpm><Value>133</Value></HeartRateBpm><Cadence>84</Cadence><SensorState>Present</SensorState></Trackpoint><Trackpoint><Time>2025-07-31T12:30:49.905Z</Time><Position><LatitudeDegrees>43.34939167</LatitudeDegrees><LongitudeDegrees>-2.83604333</LongitudeDegrees></Position><AltitudeMeters>48.921</AltitudeMeters><DistanceMeters>655.2999877929688</DistanceMeters><HeartRateBpm><Value>134</Value></HeartRateBpm><Cadence>84</Cadence><SensorState>Present</SensorState></Trackpoint><Trackpoint><Time>2025-07-31T12:30:50.905Z</Time><Position><LatitudeDegrees>43.34938167</LatitudeDegrees><LongitudeDegrees>-2.836015</LongitudeDegrees></Position><AltitudeMeters>49.073</AltitudeMeters><DistanceMeters>657.7999877929688</DistanceMeters><HeartRateBpm><Value>134</Value></HeartRateBpm><Cadence>84</Cadence><SensorState>Present</SensorState></Trackpoint><Trackpoint><Time>2025-07-31T12:30:51.905Z</Time><Position><LatitudeDegrees>43.349375</LatitudeDegrees><LongitudeDegrees>-2.83598667</LongitudeDegrees></Position><AltitudeMeters>49.073</AltitudeMeters><DistanceMeters>660.5</DistanceMeters><HeartRateBpm><Value>134</Value></HeartRateBpm><Cadence>84</Cadence><SensorState>Present</SensorState></Trackpoint><Trackpoint><Time>2025-07-31T12:30:52.905Z</Time><Position><LatitudeDegrees>43.34936667</LatitudeDegrees><LongitudeDegrees>-2.835955</LongitudeDegrees></Position><AltitudeMeters>49.073</AltitudeMeters><DistanceMeters>662.9000244140625</DistanceMeters><HeartRateBpm><Value>134</Value></HeartRateBpm><Cadence>84</Cadence><SensorState>Present</SensorState></Trackpoint><Trackpoint><Time>2025-07-31T12:30:53.905Z</Time><Position><LatitudeDegrees>43.34935667</LatitudeDegrees><LongitudeDegrees>-2.83591833</LongitudeDegrees></Position><AltitudeMeters>49.073</AltitudeMeters><DistanceMeters>665.5999755859375</DistanceMeters><HeartRateBpm><Value>133</Value></HeartRateBpm><Cadence>84</Cadence><SensorState>Present</SensorState></Trackpoint><Trackpoint><Time>2025-07-31T12:30:54.905Z</Time><Position><LatitudeDegrees>43.34934833</LatitudeDegrees><LongitudeDegrees>-2.83588667</LongitudeDegrees></Position><AltitudeMeters>49.226</AltitudeMeters><DistanceMeters>668.4000244140625</DistanceMeters><HeartRateBpm><Value>133</Value></HeartRateBpm><Cadence>84</Cadence><SensorState>Present</SensorState></Trackpoint><Trackpoint><Time>2025-07-31T12:30:55.905Z</Time><Position><LatitudeDegrees>43.34934</LatitudeDegrees><LongitudeDegrees>-2.835855</LongitudeDegrees></Position><AltitudeMeters>49.226</AltitudeMeters><DistanceMeters>671.4000244140625</DistanceMeters><HeartRateBpm><Value>133</Value></HeartRateBpm><Cadence>84</Cadence><SensorState>Present</SensorState></Trackpoint><Trackpoint><Time>2025-07-31T12:30:56.905Z</Time><Position><LatitudeDegrees>43.34933167</LatitudeDegrees><LongitudeDegrees>-2.83582667</LongitudeDegrees></Position><AltitudeMeters>49.226</AltitudeMeters><DistanceMeters>674.0999755859375</DistanceMeters><HeartRateBpm><Value>133</Value></HeartRateBpm><Cadence>84</Cadence><SensorState>Present</SensorState></Trackpoint><Trackpoint><Time>2025-07-31T12:30:57.905Z</Time><Position><LatitudeDegrees>43.349325</LatitudeDegrees><LongitudeDegrees>-2.8358</LongitudeDegrees></Position><AltitudeMeters>49.226</AltitudeMeters><DistanceMeters>677.0</DistanceMeters><HeartRateBpm><Value>132</Value></HeartRateBpm><Cadence>84</Cadence><SensorState>Present</SensorState></Trackpoint><Trackpoint><Time>2025-07-31T12:30:58.905Z</Time><Position><LatitudeDegrees>43.349315</LatitudeDegrees><LongitudeDegrees>-2.83577333</LongitudeDegrees></Position><AltitudeMeters>49.226</AltitudeMeters><DistanceMeters>679.5</DistanceMeters><HeartRateBpm><Value>132</Value></HeartRateBpm><Cadence>84</Cadence><SensorState>Present</SensorState></Trackpoint><Trackpoint><Time>2025-07-31T12:30:59.905Z</Time><Position><LatitudeDegrees>43.34930833</LatitudeDegrees><LongitudeDegrees>-2.83574167</LongitudeDegrees></Position><AltitudeMeters>49.226</AltitudeMeters><DistanceMeters>682.0999755859375</DistanceMeters><HeartRateBpm><Value>132</Value></HeartRateBpm><Cadence>85</Cadence><SensorState>Present</SensorState></Trackpoint><Trackpoint><Time>2025-07-31T12:31:00.905Z</Time><Position><LatitudeDegrees>43.3493</LatitudeDegrees><LongitudeDegrees>-2.835705</LongitudeDegrees></Position><AltitudeMeters>49.226</AltitudeMeters><DistanceMeters>684.7000122070312</DistanceMeters><HeartRateBpm><Value>131</Value></HeartRateBpm><Cadence>84</Cadence><SensorState>Present</SensorState></Trackpoint><Trackpoint><Time>2025-07-31T12:31:01.905Z</Time><Position><LatitudeDegrees>43.34929167</LatitudeDegrees><LongitudeDegrees>-2.83567167</LongitudeDegrees></Position><AltitudeMeters>49.226</AltitudeMeters><DistanceMeters>687.4000244140625</DistanceMeters><HeartRateBpm><Value>131</Value></HeartRateBpm><Cadence>84</Cadence><SensorState>Present</SensorState></Trackpoint><Trackpoint><Time>2025-07-31T12:31:02.905Z</Time><Position><LatitudeDegrees>43.34928167</LatitudeDegrees><LongitudeDegrees>-2.83564167</LongitudeDegrees></Position><AltitudeMeters>49.226</AltitudeMeters><DistanceMeters>690.4000244140625</DistanceMeters><HeartRateBpm><Value>131</Value></HeartRateBpm><Cadence>84</Cadence><SensorState>Present</SensorState></Trackpoint><Trackpoint><Time>2025-07-31T12:31:03.905Z</Time><Position><LatitudeDegrees>43.34927167</LatitudeDegrees><LongitudeDegrees>-2.83561833</LongitudeDegrees></Position><AltitudeMeters>49.073</AltitudeMeters><DistanceMeters>693.0999755859375</DistanceMeters><HeartRateBpm><Value>131</Value></HeartRateBpm><Cadence>84</Cadence><SensorState>Present</SensorState></Trackpoint><Trackpoint><Time>2025-07-31T12:31:04.905Z</Time><Position><LatitudeDegrees>43.349255</LatitudeDegrees><LongitudeDegrees>-2.83559333</LongitudeDegrees></Position><AltitudeMeters>49.073</AltitudeMeters><DistanceMeters>695.5</DistanceMeters><HeartRateBpm><Value>131</Value></HeartRateBpm><Cadence>84</Cadence><SensorState>Present</SensorState></Trackpoint><Trackpoint><Time>2025-07-31T12:31:05.905Z</Time><Position><LatitudeDegrees>43.34924</LatitudeDegrees><LongitudeDegrees>-2.835565</LongitudeDegrees></Position><AltitudeMeters>49.073</AltitudeMeters><DistanceMeters>698.0</DistanceMeters><HeartRateBpm><Value>131</Value></HeartRateBpm><Cadence>84</Cadence><SensorState>Present</SensorState></Trackpoint><Trackpoint><Time>2025-07-31T12:31:06.905Z</Time><Position><LatitudeDegrees>43.34922833</LatitudeDegrees><LongitudeDegrees>-2.83553833</LongitudeDegrees></Position><AltitudeMeters>49.073</AltitudeMeters><DistanceMeters>700.5999755859375</DistanceMeters><HeartRateBpm><Value>130</Value></HeartRateBpm><Cadence>84</Cadence><SensorState>Present</SensorState></Trackpoint><Trackpoint><Time>2025-07-31T12:31:07.905Z</Time><Position><LatitudeDegrees>43.34922167</LatitudeDegrees><LongitudeDegrees>-2.83551333</LongitudeDegrees></Position><AltitudeMeters>49.073</AltitudeMeters><DistanceMeters>703.2999877929688</DistanceMeters><HeartRateBpm><Value>130</Value></HeartRateBpm><Cadence>84</Cadence><SensorState>Present</SensorState></Trackpoint><Trackpoint><Time>2025-07-31T12:31:08.905Z</Time><Position><LatitudeDegrees>43.34921333</LatitudeDegrees><LongitudeDegrees>-2.83548833</LongitudeDegrees></Position><AltitudeMeters>49.073</AltitudeMeters><DistanceMeters>706.2000122070312</DistanceMeters><HeartRateBpm><Value>130</Value></HeartRateBpm><Cadence>84</Cadence><SensorState>Present</SensorState></Trackpoint><Trackpoint><Time>2025-07-31T12:31:09.905Z</Time><Position><LatitudeDegrees>43.34919833</LatitudeDegrees><LongitudeDegrees>-2.83546167</LongitudeDegrees></Position><AltitudeMeters>48.921</AltitudeMeters><DistanceMeters>708.5999755859375</DistanceMeters><HeartRateBpm><Value>130</Value></HeartRateBpm><Cadence>85</Cadence><SensorState>Present</SensorState></Trackpoint><Trackpoint><Time>2025-07-31T12:31:10.905Z</Time><Position><LatitudeDegrees>43.34918</LatitudeDegrees><LongitudeDegrees>-2.835435</LongitudeDegrees></Position><AltitudeMeters>48.921</AltitudeMeters><DistanceMeters>710.7999877929688</DistanceMeters><HeartRateBpm><Value>130</Value></HeartRateBpm><Cadence>84</Cadence><SensorState>Present</SensorState></Trackpoint><Trackpoint><Time>2025-07-31T12:31:11.905Z</Time><Position><LatitudeDegrees>43.34916667</LatitudeDegrees><LongitudeDegrees>-2.83541167</LongitudeDegrees></Position><AltitudeMeters>48.921</AltitudeMeters><DistanceMeters>713.2000122070312</DistanceMeters><HeartRateBpm><Value>130</Value></HeartRateBpm><Cadence>84</Cadence><SensorState>Present</SensorState></Trackpoint><Trackpoint><Time>2025-07-31T12:31:12.905Z</Time><Position><LatitudeDegrees>43.349155</LatitudeDegrees><LongitudeDegrees>-2.83539167</LongitudeDegrees></Position><AltitudeMeters>48.769</AltitudeMeters><DistanceMeters>715.7999877929688</DistanceMeters><HeartRateBpm><Value>130</Value></HeartRateBpm><Cadence>84</Cadence><SensorState>Present</SensorState></Trackpoint><Trackpoint><Time>2025-07-31T12:31:13.905Z</Time><Position><LatitudeDegrees>43.34914333</LatitudeDegrees><LongitudeDegrees>-2.83536833</LongitudeDegrees></Position><AltitudeMeters>48.769</AltitudeMeters><DistanceMeters>718.0999755859375</DistanceMeters><HeartRateBpm><Value>130</Value></HeartRateBpm><Cadence>84</Cadence><SensorState>Present</SensorState></Trackpoint><Trackpoint><Time>2025-07-31T12:31:14.905Z</Time><Position><LatitudeDegrees>43.34913333</LatitudeDegrees><LongitudeDegrees>-2.83534333</LongitudeDegrees></Position><AltitudeMeters>48.769</AltitudeMeters><DistanceMeters>720.7000122070312</DistanceMeters><HeartRateBpm><Value>130</Value></HeartRateBpm><Cadence>84</Cadence><SensorState>Present</SensorState></Trackpoint><Trackpoint><Time>2025-07-31T12:31:15.905Z</Time><Position><LatitudeDegrees>43.34912667</LatitudeDegrees><LongitudeDegrees>-2.83531833</LongitudeDegrees></Position><AltitudeMeters>48.769</AltitudeMeters><DistanceMeters>722.9000244140625</DistanceMeters><HeartRateBpm><Value>130</Value></HeartRateBpm><Cadence>84</Cadence><SensorState>Present</SensorState></Trackpoint><Trackpoint><Time>2025-07-31T12:31:16.905Z</Time><Position><LatitudeDegrees>43.34912</LatitudeDegrees><LongitudeDegrees>-2.83529667</LongitudeDegrees></Position><AltitudeMeters>48.616</AltitudeMeters><DistanceMeters>724.9000244140625</DistanceMeters><HeartRateBpm><Value>130</Value></HeartRateBpm><Cadence>84</Cadence><SensorState>Present</SensorState></Trackpoint><Trackpoint><Time>2025-07-31T12:31:17.905Z</Time><Position><LatitudeDegrees>43.34911333</LatitudeDegrees><LongitudeDegrees>-2.83527333</LongitudeDegrees></Position><AltitudeMeters>48.616</AltitudeMeters><DistanceMeters>727.0999755859375</DistanceMeters><HeartRateBpm><Value>130</Value></HeartRateBpm><Cadence>84</Cadence><SensorState>Present</SensorState></Trackpoint><Trackpoint><Time>2025-07-31T12:31:18.905Z</Time><Position><LatitudeDegrees>43.3491</LatitudeDegrees><LongitudeDegrees>-2.83524833</LongitudeDegrees></Position><AltitudeMeters>48.616</AltitudeMeters><DistanceMeters>729.2000122070312</DistanceMeters><HeartRateBpm><Value>130</Value></HeartRateBpm><Cadence>84</Cadence><SensorState>Present</SensorState></Trackpoint><Trackpoint><Time>2025-07-31T12:31:19.905Z</Time><Position><LatitudeDegrees>43.34908667</LatitudeDegrees><LongitudeDegrees>-2.83522333</LongitudeDegrees></Position><AltitudeMeters>48.616</AltitudeMeters><DistanceMeters>731.2999877929688</DistanceMeters><HeartRateBpm><Value>130</Value></HeartRateBpm><Cadence>84</Cadence><SensorState>Present</SensorState></Trackpoint><Trackpoint><Time>2025-07-31T12:31:20.905Z</Time><Position><LatitudeDegrees>43.34907833</LatitudeDegrees><LongitudeDegrees>-2.835195</LongitudeDegrees></Position><AltitudeMeters>48.616</AltitudeMeters><DistanceMeters>733.5</DistanceMeters><HeartRateBpm><Value>130</Value></HeartRateBpm><Cadence>84</Cadence><SensorState>Present</SensorState></Trackpoint><Trackpoint><Time>2025-07-31T12:31:21.905Z</Time><Position><LatitudeDegrees>43.34906667</LatitudeDegrees><LongitudeDegrees>-2.83517333</LongitudeDegrees></Position><AltitudeMeters>48.616</AltitudeMeters><DistanceMeters>735.5</DistanceMeters><HeartRateBpm><Value>130</Value></HeartRateBpm><Cadence>84</Cadence><SensorState>Present</SensorState></Trackpoint><Trackpoint><Time>2025-07-31T12:31:22.905Z</Time><Position><LatitudeDegrees>43.34905</LatitudeDegrees><LongitudeDegrees>-2.83513167</LongitudeDegrees></Position><AltitudeMeters>48.616</AltitudeMeters><DistanceMeters>737.7999877929688</DistanceMeters><HeartRateBpm><Value>130</Value></HeartRateBpm><Cadence>84</Cadence><SensorState>Present</SensorState></Trackpoint><Trackpoint><Time>2025-07-31T12:31:23.905Z</Time><Position><LatitudeDegrees>43.34902333</LatitudeDegrees><LongitudeDegrees>-2.83508333</LongitudeDegrees></Position><AltitudeMeters>48.616</AltitudeMeters><DistanceMeters>740.2000122070312</DistanceMeters><HeartRateBpm><Value>130</Value></HeartRateBpm><Cadence>84</Cadence><SensorState>Present</SensorState></Trackpoint><Trackpoint><Time>2025-07-31T12:31:24.905Z</Time><Position><LatitudeDegrees>43.34901167</LatitudeDegrees><LongitudeDegrees>-2.83505167</LongitudeDegrees></Position><AltitudeMeters>48.616</AltitudeMeters><DistanceMeters>743.5</DistanceMeters><HeartRateBpm><Value>130</Value></HeartRateBpm><Cadence>84</Cadence><SensorState>Present</SensorState></Trackpoint><Trackpoint><Time>2025-07-31T12:31:25.905Z</Time><Position><LatitudeDegrees>43.34899667</LatitudeDegrees><LongitudeDegrees>-2.83502167</LongitudeDegrees></Position><AltitudeMeters>48.616</AltitudeMeters><DistanceMeters>747.5999755859375</DistanceMeters><HeartRateBpm><Value>129</Value></HeartRateBpm><Cadence>84</Cadence><SensorState>Present</SensorState></Trackpoint><Trackpoint><Time>2025-07-31T12:31:26.905Z</Time><Position><LatitudeDegrees>43.348985</LatitudeDegrees><LongitudeDegrees>-2.83500167</LongitudeDegrees></Position><AltitudeMeters>48.616</AltitudeMeters><DistanceMeters>751.0999755859375</DistanceMeters><HeartRateBpm><Value>129</Value></HeartRateBpm><Cadence>82</Cadence><SensorState>Present</SensorState></Trackpoint><Trackpoint><Time>2025-07-31T12:31:27.905Z</Time><Position><LatitudeDegrees>43.34897833</LatitudeDegrees><LongitudeDegrees>-2.83498</LongitudeDegrees></Position><AltitudeMeters>48.616</AltitudeMeters><DistanceMeters>754.7999877929688</DistanceMeters><HeartRateBpm><Value>129</Value></HeartRateBpm><Cadence>82</Cadence><SensorState>Present</SensorState></Trackpoint><Trackpoint><Time>2025-07-31T12:31:28.905Z</Time><Position><LatitudeDegrees>43.34897</LatitudeDegrees><LongitudeDegrees>-2.83496</LongitudeDegrees></Position><AltitudeMeters>48.616</AltitudeMeters><DistanceMeters>757.7999877929688</DistanceMeters><HeartRateBpm><Value>129</Value></HeartRateBpm><Cadence>82</Cadence><SensorState>Present</SensorState></Trackpoint><Trackpoint><Time>2025-07-31T12:31:29.905Z</Time><Position><LatitudeDegrees>43.34896</LatitudeDegrees><LongitudeDegrees>-2.83494167</LongitudeDegrees></Position><AltitudeMeters>48.616</AltitudeMeters><DistanceMeters>760.4000244140625</DistanceMeters><HeartRateBpm><Value>129</Value></HeartRateBpm><Cadence>82</Cadence><SensorState>Present</SensorState></Trackpoint><Trackpoint><Time>2025-07-31T12:31:30.905Z</Time><Position><LatitudeDegrees>43.34895</LatitudeDegrees><LongitudeDegrees>-2.834915</LongitudeDegrees></Position><AltitudeMeters>48.616</AltitudeMeters><DistanceMeters>762.7999877929688</DistanceMeters><HeartRateBpm><Value>129</Value></HeartRateBpm><Cadence>83</Cadence><SensorState>Present</SensorState></Trackpoint><Trackpoint><Time>2025-07-31T12:31:31.905Z</Time><Position><LatitudeDegrees>43.34894667</LatitudeDegrees><LongitudeDegrees>-2.83489</LongitudeDegrees></Position><AltitudeMeters>48.616</AltitudeMeters><DistanceMeters>764.9000244140625</DistanceMeters><HeartRateBpm><Value>129</Value></HeartRateBpm><Cadence>83</Cadence><SensorState>Present</SensorState></Trackpoint><Trackpoint><Time>2025-07-31T12:31:32.905Z</Time><Position><LatitudeDegrees>43.34893833</LatitudeDegrees><LongitudeDegrees>-2.83485667</LongitudeDegrees></Position><AltitudeMeters>48.616</AltitudeMeters><DistanceMeters>767.5</DistanceMeters><HeartRateBpm><Value>129</Value></HeartRateBpm><Cadence>83</Cadence><SensorState>Present</SensorState></Trackpoint><Trackpoint><Time>2025-07-31T12:31:33.905Z</Time><Position><LatitudeDegrees>43.34893</LatitudeDegrees><LongitudeDegrees>-2.83482</LongitudeDegrees></Position><AltitudeMeters>48.616</AltitudeMeters><DistanceMeters>768.7999877929688</DistanceMeters><HeartRateBpm><Value>130</Value></HeartRateBpm><Cadence>83</Cadence><SensorState>Present</SensorState></Trackpoint><Trackpoint><Time>2025-07-31T12:31:34.905Z</Time><Position><LatitudeDegrees>43.34892167</LatitudeDegrees><LongitudeDegrees>-2.834795</LongitudeDegrees></Position><AltitudeMeters>48.616</AltitudeMeters><DistanceMeters>770.0</DistanceMeters><HeartRateBpm><Value>130</Value></HeartRateBpm><Cadence>83</Cadence><SensorState>Present</SensorState></Trackpoint><Trackpoint><Time>2025-07-31T12:31:35.905Z</Time><Position><LatitudeDegrees>43.34891833</LatitudeDegrees><LongitudeDegrees>-2.83477667</LongitudeDegrees></Position><AltitudeMeters>48.616</AltitudeMeters><DistanceMeters>772.5</DistanceMeters><HeartRateBpm><Value>130</Value></HeartRateBpm><Cadence>83</Cadence><SensorState>Present</SensorState></Trackpoint><Trackpoint><Time>2025-07-31T12:31:36.905Z</Time><Position><LatitudeDegrees>43.34891667</LatitudeDegrees><LongitudeDegrees>-2.83475333</LongitudeDegrees></Position><AltitudeMeters>48.616</AltitudeMeters><DistanceMeters>774.5</DistanceMeters><HeartRateBpm><Value>131</Value></HeartRateBpm><Cadence>83</Cadence><SensorState>Present</SensorState></Trackpoint><Trackpoint><Time>2025-07-31T12:31:37.905Z</Time><Position><LatitudeDegrees>43.34891667</LatitudeDegrees><LongitudeDegrees>-2.834715</LongitudeDegrees></Position><AltitudeMeters>48.616</AltitudeMeters><DistanceMeters>776.4000244140625</DistanceMeters><HeartRateBpm><Value>131</Value></HeartRateBpm><Cadence>83</Cadence><SensorState>Present</SensorState></Trackpoint><Trackpoint><Time>2025-07-31T12:31:38.905Z</Time><Position><LatitudeDegrees>43.34891</LatitudeDegrees><LongitudeDegrees>-2.83469333</LongitudeDegrees></Position><AltitudeMeters>48.616</AltitudeMeters><DistanceMeters>778.7999877929688</DistanceMeters><HeartRateBpm><Value>131</Value></HeartRateBpm><Cadence>83</Cadence><SensorState>Present</SensorState></Trackpoint><Trackpoint><Time>2025-07-31T12:31:39.905Z</Time><Position><LatitudeDegrees>43.34890667</LatitudeDegrees><LongitudeDegrees>-2.83467333</LongitudeDegrees></Position><AltitudeMeters>48.616</AltitudeMeters><DistanceMeters>781.5999755859375</DistanceMeters><HeartRateBpm><Value>131</Value></HeartRateBpm><Cadence>83</Cadence><SensorState>Present</SensorState></Trackpoint><Trackpoint><Time>2025-07-31T12:31:40.905Z</Time><Position><LatitudeDegrees>43.34891</LatitudeDegrees><LongitudeDegrees>-2.83465667</LongitudeDegrees></Position><AltitudeMeters>48.616</AltitudeMeters><DistanceMeters>783.7999877929688</DistanceMeters><HeartRateBpm><Value>131</Value></HeartRateBpm><Cadence>83</Cadence><SensorState>Present</SensorState></Trackpoint><Trackpoint><Time>2025-07-31T12:31:41.905Z</Time><Position><LatitudeDegrees>43.348905</LatitudeDegrees><LongitudeDegrees>-2.83462667</LongitudeDegrees></Position><AltitudeMeters>48.616</AltitudeMeters><DistanceMeters>785.7000122070312</DistanceMeters><HeartRateBpm><Value>132</Value></HeartRateBpm><Cadence>84</Cadence><SensorState>Present</SensorState></Trackpoint><Trackpoint><Time>2025-07-31T12:31:42.905Z</Time><Position><LatitudeDegrees>43.3489</LatitudeDegrees><LongitudeDegrees>-2.83459</LongitudeDegrees></Position><AltitudeMeters>48.769</AltitudeMeters><DistanceMeters>787.2999877929688</DistanceMeters><HeartRateBpm><Value>132</Value></HeartRateBpm><Cadence>85</Cadence><SensorState>Present</SensorState></Trackpoint><Trackpoint><Time>2025-07-31T12:31:43.905Z</Time><Position><LatitudeDegrees>43.34889833</LatitudeDegrees><LongitudeDegrees>-2.83455833</LongitudeDegrees></Position><AltitudeMeters>48.769</AltitudeMeters><DistanceMeters>789.0</DistanceMeters><HeartRateBpm><Value>132</Value></HeartRateBpm><Cadence>85</Cadence><SensorState>Present</SensorState></Trackpoint><Trackpoint><Time>2025-07-31T12:31:44.905Z</Time><Position><LatitudeDegrees>43.34889167</LatitudeDegrees><LongitudeDegrees>-2.83452667</LongitudeDegrees></Position><AltitudeMeters>48.769</AltitudeMeters><DistanceMeters>791.2000122070312</DistanceMeters><HeartRateBpm><Value>131</Value></HeartRateBpm><Cadence>85</Cadence><SensorState>Present</SensorState></Trackpoint><Trackpoint><Time>2025-07-31T12:31:45.905Z</Time><Position><LatitudeDegrees>43.34887833</LatitudeDegrees><LongitudeDegrees>-2.83449833</LongitudeDegrees></Position><AltitudeMeters>48.921</AltitudeMeters><DistanceMeters>793.7999877929688</DistanceMeters><HeartRateBpm><Value>131</Value></HeartRateBpm><Cadence>85</Cadence><SensorState>Present</SensorState></Trackpoint><Trackpoint><Time>2025-07-31T12:31:46.905Z</Time><Position><LatitudeDegrees>43.34886667</LatitudeDegrees><LongitudeDegrees>-2.834465</LongitudeDegrees></Position><AltitudeMeters>48.921</AltitudeMeters><DistanceMeters>796.5</DistanceMeters><HeartRateBpm><Value>131</Value></HeartRateBpm><Cadence>84</Cadence><SensorState>Present</SensorState></Trackpoint><Trackpoint><Time>2025-07-31T12:31:47.905Z</Time><Position><LatitudeDegrees>43.348855</LatitudeDegrees><LongitudeDegrees>-2.83442333</LongitudeDegrees></Position><AltitudeMeters>48.921</AltitudeMeters><DistanceMeters>799.4000244140625</DistanceMeters><HeartRateBpm><Value>131</Value></HeartRateBpm><Cadence>84</Cadence><SensorState>Present</SensorState></Trackpoint><Trackpoint><Time>2025-07-31T12:31:48.905Z</Time><Position><LatitudeDegrees>43.34884667</LatitudeDegrees><LongitudeDegrees>-2.83439167</LongitudeDegrees></Position><AltitudeMeters>49.073</AltitudeMeters><DistanceMeters>801.9000244140625</DistanceMeters><HeartRateBpm><Value>131</Value></HeartRateBpm><Cadence>84</Cadence><SensorState>Present</SensorState></Trackpoint><Trackpoint><Time>2025-07-31T12:31:49.905Z</Time><Position><LatitudeDegrees>43.34884667</LatitudeDegrees><LongitudeDegrees>-2.834365</LongitudeDegrees></Position><AltitudeMeters>49.073</AltitudeMeters><DistanceMeters>805.5</DistanceMeters><HeartRateBpm><Value>131</Value></HeartRateBpm><Cadence>84</Cadence><SensorState>Present</SensorState></Trackpoint><Trackpoint><Time>2025-07-31T12:31:50.905Z</Time><Position><LatitudeDegrees>43.34884833</LatitudeDegrees><LongitudeDegrees>-2.83434</LongitudeDegrees></Position><AltitudeMeters>49.226</AltitudeMeters><DistanceMeters>808.9000244140625</DistanceMeters><HeartRateBpm><Value>131</Value></HeartRateBpm><Cadence>84</Cadence><SensorState>Present</SensorState></Trackpoint><Trackpoint><Time>2025-07-31T12:31:51.905Z</Time><Position><LatitudeDegrees>43.34885167</LatitudeDegrees><LongitudeDegrees>-2.83431167</LongitudeDegrees></Position><AltitudeMeters>49.378</AltitudeMeters><DistanceMeters>812.0</DistanceMeters><HeartRateBpm><Value>131</Value></HeartRateBpm><Cadence>84</Cadence><SensorState>Present</SensorState></Trackpoint><Trackpoint><Time>2025-07-31T12:31:52.905Z</Time><Position><LatitudeDegrees>43.34884667</LatitudeDegrees><LongitudeDegrees>-2.83427167</LongitudeDegrees></Position><AltitudeMeters>49.378</AltitudeMeters><DistanceMeters>814.2999877929688</DistanceMeters><HeartRateBpm><Value>131</Value></HeartRateBpm><Cadence>85</Cadence><SensorState>Present</SensorState></Trackpoint><Trackpoint><Time>2025-07-31T12:31:53.905Z</Time><Position><LatitudeDegrees>43.348835</LatitudeDegrees><LongitudeDegrees>-2.83424333</LongitudeDegrees></Position><AltitudeMeters>49.531</AltitudeMeters><DistanceMeters>816.7000122070312</DistanceMeters><HeartRateBpm><Value>131</Value></HeartRateBpm><Cadence>85</Cadence><SensorState>Present</SensorState></Trackpoint><Trackpoint><Time>2025-07-31T12:31:54.905Z</Time><Position><LatitudeDegrees>43.34882833</LatitudeDegrees><LongitudeDegrees>-2.83422333</LongitudeDegrees></Position><AltitudeMeters>49.683</AltitudeMeters><DistanceMeters>819.7999877929688</DistanceMeters><HeartRateBpm><Value>131</Value></HeartRateBpm><Cadence>84</Cadence><SensorState>Present</SensorState></Trackpoint><Trackpoint><Time>2025-07-31T12:31:55.905Z</Time><Position><LatitudeDegrees>43.34882667</LatitudeDegrees><LongitudeDegrees>-2.83421</LongitudeDegrees></Position><AltitudeMeters>49.835</AltitudeMeters><DistanceMeters>822.2000122070312</DistanceMeters><HeartRateBpm><Value>131</Value></HeartRateBpm><Cadence>84</Cadence><SensorState>Present</SensorState></Trackpoint><Trackpoint><Time>2025-07-31T12:31:56.905Z</Time><Position><LatitudeDegrees>43.34881833</LatitudeDegrees><LongitudeDegrees>-2.83419333</LongitudeDegrees></Position><AltitudeMeters>49.835</AltitudeMeters><DistanceMeters>824.0999755859375</DistanceMeters><HeartRateBpm><Value>131</Value></HeartRateBpm><Cadence>84</Cadence><SensorState>Present</SensorState></Trackpoint><Trackpoint><Time>2025-07-31T12:31:57.905Z</Time><Position><LatitudeDegrees>43.34882</LatitudeDegrees><LongitudeDegrees>-2.83417167</LongitudeDegrees></Position><AltitudeMeters>49.988</AltitudeMeters><DistanceMeters>825.4000244140625</DistanceMeters><HeartRateBpm><Value>131</Value></HeartRateBpm><Cadence>85</Cadence><SensorState>Present</SensorState></Trackpoint><Trackpoint><Time>2025-07-31T12:31:58.905Z</Time><Position><LatitudeDegrees>43.34881667</LatitudeDegrees><LongitudeDegrees>-2.83414167</LongitudeDegrees></Position><AltitudeMeters>50.14</AltitudeMeters><DistanceMeters>826.5</DistanceMeters><HeartRateBpm><Value>130</Value></HeartRateBpm><Cadence>85</Cadence><SensorState>Present</SensorState></Trackpoint><Trackpoint><Time>2025-07-31T12:31:59.905Z</Time><Position><LatitudeDegrees>43.348815</LatitudeDegrees><LongitudeDegrees>-2.83411333</LongitudeDegrees></Position><AltitudeMeters>50.293</AltitudeMeters><DistanceMeters>827.7999877929688</DistanceMeters><HeartRateBpm><Value>130</Value></HeartRateBpm><Cadence>85</Cadence><SensorState>Present</SensorState></Trackpoint><Trackpoint><Time>2025-07-31T12:32:00.905Z</Time><Position><LatitudeDegrees>43.348805</LatitudeDegrees><LongitudeDegrees>-2.83405333</LongitudeDegrees></Position><AltitudeMeters>50.445</AltitudeMeters><DistanceMeters>829.7999877929688</DistanceMeters><HeartRateBpm><Value>130</Value></HeartRateBpm><Cadence>85</Cadence><SensorState>Present</SensorState></Trackpoint><Trackpoint><Time>2025-07-31T12:32:01.905Z</Time><Position><LatitudeDegrees>43.34881667</LatitudeDegrees><LongitudeDegrees>-2.83401833</LongitudeDegrees></Position><AltitudeMeters>50.445</AltitudeMeters><DistanceMeters>832.0999755859375</DistanceMeters><HeartRateBpm><Value>130</Value></HeartRateBpm><Cadence>84</Cadence><SensorState>Present</SensorState></Trackpoint><Trackpoint><Time>2025-07-31T12:32:02.905Z</Time><Position><LatitudeDegrees>43.34881833</LatitudeDegrees><LongitudeDegrees>-2.83396667</LongitudeDegrees></Position><AltitudeMeters>50.597</AltitudeMeters><DistanceMeters>835.9000244140625</DistanceMeters><HeartRateBpm><Value>130</Value></HeartRateBpm><Cadence>84</Cadence><SensorState>Present</SensorState></Trackpoint><Trackpoint><Time>2025-07-31T12:32:03.905Z</Time><Position><LatitudeDegrees>43.34882</LatitudeDegrees><LongitudeDegrees>-2.83392833</LongitudeDegrees></Position><AltitudeMeters>50.75</AltitudeMeters><DistanceMeters>838.2000122070312</DistanceMeters><HeartRateBpm><Value>129</Value></HeartRateBpm><Cadence>84</Cadence><SensorState>Present</SensorState></Trackpoint><Trackpoint><Time>2025-07-31T12:32:04.905Z</Time><Position><LatitudeDegrees>43.34883333</LatitudeDegrees><LongitudeDegrees>-2.83389833</LongitudeDegrees></Position><AltitudeMeters>50.902</AltitudeMeters><DistanceMeters>841.7000122070312</DistanceMeters><HeartRateBpm><Value>129</Value></HeartRateBpm><Cadence>85</Cadence><SensorState>Present</SensorState></Trackpoint><Trackpoint><Time>2025-07-31T12:32:05.905Z</Time><Position><LatitudeDegrees>43.34883667</LatitudeDegrees><LongitudeDegrees>-2.83386167</LongitudeDegrees></Position><AltitudeMeters>51.055</AltitudeMeters><DistanceMeters>845.5999755859375</DistanceMeters><HeartRateBpm><Value>129</Value></HeartRateBpm><Cadence>85</Cadence><SensorState>Present</SensorState></Trackpoint><Trackpoint><Time>2025-07-31T12:32:06.905Z</Time><Position><LatitudeDegrees>43.34884167</LatitudeDegrees><LongitudeDegrees>-2.83382667</LongitudeDegrees></Position><AltitudeMeters>51.207</AltitudeMeters><DistanceMeters>849.7000122070312</DistanceMeters><HeartRateBpm><Value>129</Value></HeartRateBpm><Cadence>85</Cadence><SensorState>Present</SensorState></Trackpoint><Trackpoint><Time>2025-07-31T12:32:07.905Z</Time><Position><LatitudeDegrees>43.34884333</LatitudeDegrees><LongitudeDegrees>-2.833795</LongitudeDegrees></Position><AltitudeMeters>51.359</AltitudeMeters><DistanceMeters>853.4000244140625</DistanceMeters><HeartRateBpm><Value>129</Value></HeartRateBpm><Cadence>85</Cadence><SensorState>Present</SensorState></Trackpoint><Trackpoint><Time>2025-07-31T12:32:08.905Z</Time><Position><LatitudeDegrees>43.34884667</LatitudeDegrees><LongitudeDegrees>-2.83375833</LongitudeDegrees></Position><AltitudeMeters>51.512</AltitudeMeters><DistanceMeters>857.2999877929688</DistanceMeters><HeartRateBpm><Value>128</Value></HeartRateBpm><Cadence>85</Cadence><SensorState>Present</SensorState></Trackpoint><Trackpoint><Time>2025-07-31T12:32:09.905Z</Time><Position><LatitudeDegrees>43.34884667</LatitudeDegrees><LongitudeDegrees>-2.83371667</LongitudeDegrees></Position><AltitudeMeters>51.664</AltitudeMeters><DistanceMeters>860.5</DistanceMeters><HeartRateBpm><Value>128</Value></HeartRateBpm><Cadence>85</Cadence><SensorState>Present</SensorState></Trackpoint><Trackpoint><Time>2025-07-31T12:32:10.905Z</Time><Position><LatitudeDegrees>43.34884833</LatitudeDegrees><LongitudeDegrees>-2.833675</LongitudeDegrees></Position><AltitudeMeters>51.817</AltitudeMeters><DistanceMeters>863.7999877929688</DistanceMeters><HeartRateBpm><Value>128</Value></HeartRateBpm><Cadence>85</Cadence><SensorState>Present</SensorState></Trackpoint><Trackpoint><Time>2025-07-31T12:32:11.905Z</Time><Position><LatitudeDegrees>43.34884833</LatitudeDegrees><LongitudeDegrees>-2.83363333</LongitudeDegrees></Position><AltitudeMeters>51.817</AltitudeMeters><DistanceMeters>866.2999877929688</DistanceMeters><HeartRateBpm><Value>128</Value></HeartRateBpm><Cadence>85</Cadence><SensorState>Present</SensorState></Trackpoint><Trackpoint><Time>2025-07-31T12:32:12.905Z</Time><Position><LatitudeDegrees>43.34884333</LatitudeDegrees><LongitudeDegrees>-2.83358833</LongitudeDegrees></Position><AltitudeMeters>51.969</AltitudeMeters><DistanceMeters>869.5</DistanceMeters><HeartRateBpm><Value>128</Value></HeartRateBpm><Cadence>85</Cadence><SensorState>Present</SensorState></Trackpoint><Trackpoint><Time>2025-07-31T12:32:13.905Z</Time><Position><LatitudeDegrees>43.34884333</LatitudeDegrees><LongitudeDegrees>-2.83354833</LongitudeDegrees></Position><AltitudeMeters>52.121</AltitudeMeters><DistanceMeters>872.2000122070312</DistanceMeters><HeartRateBpm><Value>127</Value></HeartRateBpm><Cadence>84</Cadence><SensorState>Present</SensorState></Trackpoint><Trackpoint><Time>2025-07-31T12:32:14.905Z</Time><Position><LatitudeDegrees>43.348845</LatitudeDegrees><LongitudeDegrees>-2.83350167</LongitudeDegrees></Position><AltitudeMeters>52.274</AltitudeMeters><DistanceMeters>875.7999877929688</DistanceMeters><HeartRateBpm><Value>127</Value></HeartRateBpm><Cadence>85</Cadence><SensorState>Present</SensorState></Trackpoint><Trackpoint><Time>2025-07-31T12:32:15.905Z</Time><Position><LatitudeDegrees>43.348855</LatitudeDegrees><LongitudeDegrees>-2.83345167</LongitudeDegrees></Position><AltitudeMeters>52.274</AltitudeMeters><DistanceMeters>879.2999877929688</DistanceMeters><HeartRateBpm><Value>127</Value></HeartRateBpm><Cadence>85</Cadence><SensorState>Present</SensorState></Trackpoint><Trackpoint><Time>2025-07-31T12:32:16.905Z</Time><Position><LatitudeDegrees>43.34885167</LatitudeDegrees><LongitudeDegrees>-2.83340833</LongitudeDegrees></Position><AltitudeMeters>52.426</AltitudeMeters><DistanceMeters>883.0</DistanceMeters><HeartRateBpm><Value>127</Value></HeartRateBpm><Cadence>85</Cadence><SensorState>Present</SensorState></Trackpoint><Trackpoint><Time>2025-07-31T12:32:17.905Z</Time><Position><LatitudeDegrees>43.34884167</LatitudeDegrees><LongitudeDegrees>-2.83337167</LongitudeDegrees></Position><AltitudeMeters>52.426</AltitudeMeters><DistanceMeters>887.2000122070312</DistanceMeters><HeartRateBpm><Value>126</Value></HeartRateBpm><Cadence>85</Cadence><SensorState>Present</SensorState></Trackpoint><Trackpoint><Time>2025-07-31T12:32:18.905Z</Time><Position><LatitudeDegrees>43.348835</LatitudeDegrees><LongitudeDegrees>-2.83333667</LongitudeDegrees></Position><AltitudeMeters>52.579</AltitudeMeters><DistanceMeters>891.2000122070312</DistanceMeters><HeartRateBpm><Value>126</Value></HeartRateBpm><Cadence>85</Cadence><SensorState>Present</SensorState></Trackpoint><Trackpoint><Time>2025-07-31T12:32:19.905Z</Time><Position><LatitudeDegrees>43.34882167</LatitudeDegrees><LongitudeDegrees>-2.83330667</LongitudeDegrees></Position><AltitudeMeters>52.579</AltitudeMeters><DistanceMeters>894.7999877929688</DistanceMeters><HeartRateBpm><Value>126</Value></HeartRateBpm><Cadence>85</Cadence><SensorState>Present</SensorState></Trackpoint><Trackpoint><Time>2025-07-31T12:32:20.905Z</Time><Position><LatitudeDegrees>43.34881167</LatitudeDegrees><LongitudeDegrees>-2.83328</LongitudeDegrees></Position><AltitudeMeters>52.731</AltitudeMeters><DistanceMeters>897.9000244140625</DistanceMeters><HeartRateBpm><Value>126</Value></HeartRateBpm><Cadence>85</Cadence><SensorState>Present</SensorState></Trackpoint><Trackpoint><Time>2025-07-31T12:32:21.905Z</Time><Position><LatitudeDegrees>43.34879833</LatitudeDegrees><LongitudeDegrees>-2.83325</LongitudeDegrees></Position><AltitudeMeters>52.731</AltitudeMeters><DistanceMeters>901.0</DistanceMeters><HeartRateBpm><Value>126</Value></HeartRateBpm><Cadence>85</Cadence><SensorState>Present</SensorState></Trackpoint><Trackpoint><Time>2025-07-31T12:32:22.905Z</Time><Position><LatitudeDegrees>43.34879</LatitudeDegrees><LongitudeDegrees>-2.83322</LongitudeDegrees></Position><AltitudeMeters>52.731</AltitudeMeters><DistanceMeters>903.7000122070312</DistanceMeters><HeartRateBpm><Value>126</Value></HeartRateBpm><Cadence>85</Cadence><SensorState>Present</SensorState></Trackpoint><Trackpoint><Time>2025-07-31T12:32:23.905Z</Time><Position><LatitudeDegrees>43.34878167</LatitudeDegrees><LongitudeDegrees>-2.833185</LongitudeDegrees></Position><AltitudeMeters>52.883</AltitudeMeters><DistanceMeters>906.2000122070312</DistanceMeters><HeartRateBpm><Value>126</Value></HeartRateBpm><Cadence>85</Cadence><SensorState>Present</SensorState></Trackpoint><Trackpoint><Time>2025-07-31T12:32:24.905Z</Time><Position><LatitudeDegrees>43.348775</LatitudeDegrees><LongitudeDegrees>-2.83314333</LongitudeDegrees></Position><AltitudeMeters>52.883</AltitudeMeters><DistanceMeters>908.7999877929688</DistanceMeters><HeartRateBpm><Value>125</Value></HeartRateBpm><Cadence>85</Cadence><SensorState>Present</SensorState></Trackpoint><Trackpoint><Time>2025-07-31T12:32:25.905Z</Time><Position><LatitudeDegrees>43.34877</LatitudeDegrees><LongitudeDegrees>-2.83310833</LongitudeDegrees></Position><AltitudeMeters>52.883</AltitudeMeters><DistanceMeters>911.0</DistanceMeters><HeartRateBpm><Value>125</Value></HeartRateBpm><Cadence>85</Cadence><SensorState>Present</SensorState></Trackpoint><Trackpoint><Time>2025-07-31T12:32:26.905Z</Time><Position><LatitudeDegrees>43.34876333</LatitudeDegrees><LongitudeDegrees>-2.83307333</LongitudeDegrees></Position><AltitudeMeters>52.883</AltitudeMeters><DistanceMeters>913.7999877929688</DistanceMeters><HeartRateBpm><Value>125</Value></HeartRateBpm><Cadence>85</Cadence><SensorState>Present</SensorState></Trackpoint><Trackpoint><Time>2025-07-31T12:32:27.905Z</Time><Position><LatitudeDegrees>43.34875667</LatitudeDegrees><LongitudeDegrees>-2.833045</LongitudeDegrees></Position><AltitudeMeters>53.036</AltitudeMeters><DistanceMeters>916.4000244140625</DistanceMeters><HeartRateBpm><Value>125</Value></HeartRateBpm><Cadence>84</Cadence><SensorState>Present</SensorState></Trackpoint><Trackpoint><Time>2025-07-31T12:32:28.905Z</Time><Position><LatitudeDegrees>43.34875</LatitudeDegrees><LongitudeDegrees>-2.83301833</LongitudeDegrees></Position><AltitudeMeters>53.036</AltitudeMeters><DistanceMeters>919.2000122070312</DistanceMeters><HeartRateBpm><Value>125</Value></HeartRateBpm><Cadence>84</Cadence><SensorState>Present</SensorState></Trackpoint><Trackpoint><Time>2025-07-31T12:32:29.905Z</Time><Position><LatitudeDegrees>43.34874667</LatitudeDegrees><LongitudeDegrees>-2.83298833</LongitudeDegrees></Position><AltitudeMeters>53.036</AltitudeMeters><DistanceMeters>921.7999877929688</DistanceMeters><HeartRateBpm><Value>125</Value></HeartRateBpm><Cadence>85</Cadence><SensorState>Present</SensorState></Trackpoint><Trackpoint><Time>2025-07-31T12:32:30.905Z</Time><Position><LatitudeDegrees>43.34874167</LatitudeDegrees><LongitudeDegrees>-2.832955</LongitudeDegrees></Position><AltitudeMeters>53.036</AltitudeMeters><DistanceMeters>924.2000122070312</DistanceMeters><HeartRateBpm><Value>125</Value></HeartRateBpm><Cadence>85</Cadence><SensorState>Present</SensorState></Trackpoint><Trackpoint><Time>2025-07-31T12:32:31.905Z</Time><Position><LatitudeDegrees>43.34874</LatitudeDegrees><LongitudeDegrees>-2.83292333</LongitudeDegrees></Position><AltitudeMeters>53.036</AltitudeMeters><DistanceMeters>926.9000244140625</DistanceMeters><HeartRateBpm><Value>125</Value></HeartRateBpm><Cadence>84</Cadence><SensorState>Present</SensorState></Trackpoint><Trackpoint><Time>2025-07-31T12:32:32.905Z</Time><Position><LatitudeDegrees>43.34873833</LatitudeDegrees><LongitudeDegrees>-2.83289333</LongitudeDegrees></Position><AltitudeMeters>53.188</AltitudeMeters><DistanceMeters>929.7000122070312</DistanceMeters><HeartRateBpm><Value>125</Value></HeartRateBpm><Cadence>84</Cadence><SensorState>Present</SensorState></Trackpoint><Trackpoint><Time>2025-07-31T12:32:33.905Z</Time><Position><LatitudeDegrees>43.34873667</LatitudeDegrees><LongitudeDegrees>-2.832865</LongitudeDegrees></Position><AltitudeMeters>53.188</AltitudeMeters><DistanceMeters>932.4000244140625</DistanceMeters><HeartRateBpm><Value>125</Value></HeartRateBpm><Cadence>84</Cadence><SensorState>Present</SensorState></Trackpoint><Trackpoint><Time>2025-07-31T12:32:34.905Z</Time><Position><LatitudeDegrees>43.34873333</LatitudeDegrees><LongitudeDegrees>-2.83283667</LongitudeDegrees></Position><AltitudeMeters>53.188</AltitudeMeters><DistanceMeters>934.5999755859375</DistanceMeters><HeartRateBpm><Value>126</Value></HeartRateBpm><Cadence>84</Cadence><SensorState>Present</SensorState></Trackpoint><Trackpoint><Time>2025-07-31T12:32:35.905Z</Time><Position><LatitudeDegrees>43.34873167</LatitudeDegrees><LongitudeDegrees>-2.83280833</LongitudeDegrees></Position><AltitudeMeters>53.188</AltitudeMeters><DistanceMeters>936.5999755859375</DistanceMeters><HeartRateBpm><Value>126</Value></HeartRateBpm><Cadence>84</Cadence><SensorState>Present</SensorState></Trackpoint><Trackpoint><Time>2025-07-31T12:32:36.905Z</Time><Position><LatitudeDegrees>43.34873167</LatitudeDegrees><LongitudeDegrees>-2.832775</LongitudeDegrees></Position><AltitudeMeters>53.188</AltitudeMeters><DistanceMeters>938.7000122070312</DistanceMeters><HeartRateBpm><Value>126</Value></HeartRateBpm><Cadence>85</Cadence><SensorState>Present</SensorState></Trackpoint><Trackpoint><Time>2025-07-31T12:32:37.905Z</Time><Position><LatitudeDegrees>43.34873333</LatitudeDegrees><LongitudeDegrees>-2.83274333</LongitudeDegrees></Position><AltitudeMeters>53.188</AltitudeMeters><DistanceMeters>940.7999877929688</DistanceMeters><HeartRateBpm><Value>126</Value></HeartRateBpm><Cadence>84</Cadence><SensorState>Present</SensorState></Trackpoint><Trackpoint><Time>2025-07-31T12:32:38.905Z</Time><Position><LatitudeDegrees>43.34873333</LatitudeDegrees><LongitudeDegrees>-2.83271333</LongitudeDegrees></Position><AltitudeMeters>53.188</AltitudeMeters><DistanceMeters>943.4000244140625</DistanceMeters><HeartRateBpm><Value>126</Value></HeartRateBpm><Cadence>84</Cadence><SensorState>Present</SensorState></Trackpoint><Trackpoint><Time>2025-07-31T12:32:39.905Z</Time><Position><LatitudeDegrees>43.34872667</LatitudeDegrees><LongitudeDegrees>-2.83268167</LongitudeDegrees></Position><AltitudeMeters>53.188</AltitudeMeters><DistanceMeters>946.0999755859375</DistanceMeters><HeartRateBpm><Value>126</Value></HeartRateBpm><Cadence>84</Cadence><SensorState>Present</SensorState></Trackpoint><Trackpoint><Time>2025-07-31T12:32:40.905Z</Time><Position><LatitudeDegrees>43.348725</LatitudeDegrees><LongitudeDegrees>-2.83264833</LongitudeDegrees></Position><AltitudeMeters>53.188</AltitudeMeters><DistanceMeters>948.5</DistanceMeters><HeartRateBpm><Value>126</Value></HeartRateBpm><Cadence>84</Cadence><SensorState>Present</SensorState></Trackpoint><Trackpoint><Time>2025-07-31T12:32:41.905Z</Time><Position><LatitudeDegrees>43.34872</LatitudeDegrees><LongitudeDegrees>-2.832615</LongitudeDegrees></Position><AltitudeMeters>53.188</AltitudeMeters><DistanceMeters>951.0</DistanceMeters><HeartRateBpm><Value>126</Value></HeartRateBpm><Cadence>84</Cadence><SensorState>Present</SensorState></Trackpoint><Trackpoint><Time>2025-07-31T12:32:42.905Z</Time><Position><LatitudeDegrees>43.34871833</LatitudeDegrees><LongitudeDegrees>-2.83258333</LongitudeDegrees></Position><AltitudeMeters>53.188</AltitudeMeters><DistanceMeters>953.5999755859375</DistanceMeters><HeartRateBpm><Value>126</Value></HeartRateBpm><Cadence>85</Cadence><SensorState>Present</SensorState></Trackpoint><Trackpoint><Time>2025-07-31T12:32:43.905Z</Time><Position><LatitudeDegrees>43.34871667</LatitudeDegrees><LongitudeDegrees>-2.83255167</LongitudeDegrees></Position><AltitudeMeters>53.188</AltitudeMeters><DistanceMeters>956.2999877929688</DistanceMeters><HeartRateBpm><Value>126</Value></HeartRateBpm><Cadence>84</Cadence><SensorState>Present</SensorState></Trackpoint><Trackpoint><Time>2025-07-31T12:32:44.905Z</Time><Position><LatitudeDegrees>43.34871333</LatitudeDegrees><LongitudeDegrees>-2.83252</LongitudeDegrees></Position><AltitudeMeters>53.036</AltitudeMeters><DistanceMeters>959.0999755859375</DistanceMeters><HeartRateBpm><Value>126</Value></HeartRateBpm><Cadence>84</Cadence><SensorState>Present</SensorState></Trackpoint><Trackpoint><Time>2025-07-31T12:32:45.905Z</Time><Position><LatitudeDegrees>43.34870667</LatitudeDegrees><LongitudeDegrees>-2.83249667</LongitudeDegrees></Position><AltitudeMeters>53.036</AltitudeMeters><DistanceMeters>961.9000244140625</DistanceMeters><HeartRateBpm><Value>126</Value></HeartRateBpm><Cadence>84</Cadence><SensorState>Present</SensorState></Trackpoint><Trackpoint><Time>2025-07-31T12:32:46.905Z</Time><Position><LatitudeDegrees>43.34869667</LatitudeDegrees><LongitudeDegrees>-2.83247167</LongitudeDegrees></Position><AltitudeMeters>53.036</AltitudeMeters><DistanceMeters>964.5</DistanceMeters><HeartRateBpm><Value>126</Value></HeartRateBpm><Cadence>84</Cadence><SensorState>Present</SensorState></Trackpoint><Trackpoint><Time>2025-07-31T12:32:47.905Z</Time><Position><LatitudeDegrees>43.34868333</LatitudeDegrees><LongitudeDegrees>-2.832445</LongitudeDegrees></Position><AltitudeMeters>53.036</AltitudeMeters><DistanceMeters>966.7999877929688</DistanceMeters><HeartRateBpm><Value>126</Value></HeartRateBpm><Cadence>84</Cadence><SensorState>Present</SensorState></Trackpoint><Trackpoint><Time>2025-07-31T12:32:48.905Z</Time><Position><LatitudeDegrees>43.34867167</LatitudeDegrees><LongitudeDegrees>-2.832415</LongitudeDegrees></Position><AltitudeMeters>53.036</AltitudeMeters><DistanceMeters>969.0</DistanceMeters><HeartRateBpm><Value>126</Value></HeartRateBpm><Cadence>84</Cadence><SensorState>Present</SensorState></Trackpoint><Trackpoint><Time>2025-07-31T12:32:49.905Z</Time><Position><LatitudeDegrees>43.34865833</LatitudeDegrees><LongitudeDegrees>-2.83238667</LongitudeDegrees></Position><AltitudeMeters>53.036</AltitudeMeters><DistanceMeters>971.7000122070312</DistanceMeters><HeartRateBpm><Value>126</Value></HeartRateBpm><Cadence>85</Cadence><SensorState>Present</SensorState></Trackpoint><Trackpoint><Time>2025-07-31T12:32:50.905Z</Time><Position><LatitudeDegrees>43.34865</LatitudeDegrees><LongitudeDegrees>-2.83236</LongitudeDegrees></Position><AltitudeMeters>52.883</AltitudeMeters><DistanceMeters>974.2999877929688</DistanceMeters><HeartRateBpm><Value>126</Value></HeartRateBpm><Cadence>85</Cadence><SensorState>Present</SensorState></Trackpoint><Trackpoint><Time>2025-07-31T12:32:51.905Z</Time><Position><LatitudeDegrees>43.34864</LatitudeDegrees><LongitudeDegrees>-2.83233333</LongitudeDegrees></Position><AltitudeMeters>52.883</AltitudeMeters><DistanceMeters>976.7999877929688</DistanceMeters><HeartRateBpm><Value>126</Value></HeartRateBpm><Cadence>85</Cadence><SensorState>Present</SensorState></Trackpoint><Trackpoint><Time>2025-07-31T12:32:52.905Z</Time><Position><LatitudeDegrees>43.348625</LatitudeDegrees><LongitudeDegrees>-2.83231</LongitudeDegrees></Position><AltitudeMeters>52.883</AltitudeMeters><DistanceMeters>978.9000244140625</DistanceMeters><HeartRateBpm><Value>126</Value></HeartRateBpm><Cadence>85</Cadence><SensorState>Present</SensorState></Trackpoint><Trackpoint><Time>2025-07-31T12:32:53.905Z</Time><Position><LatitudeDegrees>43.34861</LatitudeDegrees><LongitudeDegrees>-2.83228667</LongitudeDegrees></Position><AltitudeMeters>52.883</AltitudeMeters><DistanceMeters>981.4000244140625</DistanceMeters><HeartRateBpm><Value>127</Value></HeartRateBpm><Cadence>85</Cadence><SensorState>Present</SensorState></Trackpoint><Trackpoint><Time>2025-07-31T12:32:54.905Z</Time><Position><LatitudeDegrees>43.34859167</LatitudeDegrees><LongitudeDegrees>-2.83226167</LongitudeDegrees></Position><AltitudeMeters>52.883</AltitudeMeters><DistanceMeters>983.9000244140625</DistanceMeters><HeartRateBpm><Value>127</Value></HeartRateBpm><Cadence>84</Cadence><SensorState>Present</SensorState></Trackpoint><Trackpoint><Time>2025-07-31T12:32:55.905Z</Time><Position><LatitudeDegrees>43.34857833</LatitudeDegrees><LongitudeDegrees>-2.83223833</LongitudeDegrees></Position><AltitudeMeters>52.883</AltitudeMeters><DistanceMeters>986.2999877929688</DistanceMeters><HeartRateBpm><Value>127</Value></HeartRateBpm><Cadence>84</Cadence><SensorState>Present</SensorState></Trackpoint><Trackpoint><Time>2025-07-31T12:32:56.905Z</Time><Position><LatitudeDegrees>43.348565</LatitudeDegrees><LongitudeDegrees>-2.832215</LongitudeDegrees></Position><AltitudeMeters>52.883</AltitudeMeters><DistanceMeters>989.4000244140625</DistanceMeters><HeartRateBpm><Value>127</Value></HeartRateBpm><Cadence>84</Cadence><SensorState>Present</SensorState></Trackpoint><Trackpoint><Time>2025-07-31T12:32:57.905Z</Time><Position><LatitudeDegrees>43.34855333</LatitudeDegrees><LongitudeDegrees>-2.83218833</LongitudeDegrees></Position><AltitudeMeters>52.883</AltitudeMeters><DistanceMeters>992.0</DistanceMeters><HeartRateBpm><Value>127</Value></HeartRateBpm><Cadence>84</Cadence><SensorState>Present</SensorState></Trackpoint><Trackpoint><Time>2025-07-31T12:32:58.905Z</Time><Position><LatitudeDegrees>43.34854167</LatitudeDegrees><LongitudeDegrees>-2.83216167</LongitudeDegrees></Position><AltitudeMeters>52.883</AltitudeMeters><DistanceMeters>994.2999877929688</DistanceMeters><HeartRateBpm><Value>128</Value></HeartRateBpm><Cadence>84</Cadence><SensorState>Present</SensorState></Trackpoint><Trackpoint><Time>2025-07-31T12:32:59.905Z</Time><Position><LatitudeDegrees>43.34852833</LatitudeDegrees><LongitudeDegrees>-2.83213833</LongitudeDegrees></Position><AltitudeMeters>52.883</AltitudeMeters><DistanceMeters>996.7000122070312</DistanceMeters><HeartRateBpm><Value>128</Value></HeartRateBpm><Cadence>85</Cadence><SensorState>Present</SensorState></Trackpoint><Trackpoint><Time>2025-07-31T12:33:00.905Z</Time><Position><LatitudeDegrees>43.348515</LatitudeDegrees><LongitudeDegrees>-2.83211167</LongitudeDegrees></Position><AltitudeMeters>52.883</AltitudeMeters><DistanceMeters>999.0999755859375</DistanceMeters><HeartRateBpm><Value>128</Value></HeartRateBpm><Cadence>85</Cadence><SensorState>Present</SensorState></Trackpoint></Track><Extensions><LX xmlns="http://www.garmin.com/xmlschemas/ActivityExtension/v2"><AvgSpeed>2.252734237247043</AvgSpeed></LX></Extensions></Lap><Lap xmlns="http://www.garmin.com/xmlschemas/TrainingCenterDatabase/v2" StartTime="2025-07-31T12:33:01.905Z"><TotalTimeSeconds>338.0</TotalTimeSeconds><DistanceMeters>1000.0</DistanceMeters><MaximumSpeed>4.367794990539551</MaximumSpeed><Calories>0</Calories><AverageHeartRateBpm><Value>136</Value></AverageHeartRateBpm><MaximumHeartRateBpm><Value>141</Value></MaximumHeartRateBpm><Intensity>Active</Intensity><Cadence>86</Cadence><TriggerMethod>Distance</TriggerMethod><Track><Trackpoint><Time>2025-07-31T12:33:01.905Z</Time><Position><LatitudeDegrees>43.34849833</LatitudeDegrees><LongitudeDegrees>-2.83209</LongitudeDegrees></Position><AltitudeMeters>52.883</AltitudeMeters><DistanceMeters>1001.7000122070312</DistanceMeters><HeartRateBpm><Value>128</Value></HeartRateBpm><Cadence>85</Cadence><SensorState>Present</SensorState></Trackpoint><Trackpoint><Time>2025-07-31T12:33:02.905Z</Time><Position><LatitudeDegrees>43.34848333</LatitudeDegrees><LongitudeDegrees>-2.83206667</LongitudeDegrees></Position><AltitudeMeters>52.883</AltitudeMeters><DistanceMeters>1004.4000244140625</DistanceMeters><HeartRateBpm><Value>128</Value></HeartRateBpm><Cadence>85</Cadence><SensorState>Present</SensorState></Trackpoint><Trackpoint><Time>2025-07-31T12:33:03.905Z</Time><Position><LatitudeDegrees>43.34846667</LatitudeDegrees><LongitudeDegrees>-2.83203833</LongitudeDegrees></Position><AltitudeMeters>52.883</AltitudeMeters><DistanceMeters>1007.0</DistanceMeters><HeartRateBpm><Value>128</Value></HeartRateBpm><Cadence>84</Cadence><SensorState>Present</SensorState></Trackpoint><Trackpoint><Time>2025-07-31T12:33:04.905Z</Time><Position><LatitudeDegrees>43.34845333</LatitudeDegrees><LongitudeDegrees>-2.83200833</LongitudeDegrees></Position><AltitudeMeters>52.883</AltitudeMeters><DistanceMeters>1009.4000244140625</DistanceMeters><HeartRateBpm><Value>128</Value></HeartRateBpm><Cadence>84</Cadence><SensorState>Present</SensorState></Trackpoint><Trackpoint><Time>2025-07-31T12:33:05.905Z</Time><Position><LatitudeDegrees>43.34843833</LatitudeDegrees><LongitudeDegrees>-2.83197833</LongitudeDegrees></Position><AltitudeMeters>52.883</AltitudeMeters><DistanceMeters>1012.0999755859375</DistanceMeters><HeartRateBpm><Value>128</Value></HeartRateBpm><Cadence>83</Cadence><SensorState>Present</SensorState></Trackpoint><Trackpoint><Time>2025-07-31T12:33:06.905Z</Time><Position><LatitudeDegrees>43.348425</LatitudeDegrees><LongitudeDegrees>-2.83195167</LongitudeDegrees></Position><AltitudeMeters>52.883</AltitudeMeters><DistanceMeters>1014.9000244140625</DistanceMeters><HeartRateBpm><Value>128</Value></HeartRateBpm><Cadence>84</Cadence><SensorState>Present</SensorState></Trackpoint><Trackpoint><Time>2025-07-31T12:33:07.905Z</Time><Position><LatitudeDegrees>43.34841167</LatitudeDegrees><LongitudeDegrees>-2.83192667</LongitudeDegrees></Position><AltitudeMeters>52.883</AltitudeMeters><DistanceMeters>1017.9000244140625</DistanceMeters><HeartRateBpm><Value>128</Value></HeartRateBpm><Cadence>85</Cadence><SensorState>Present</SensorState></Trackpoint><Trackpoint><Time>2025-07-31T12:33:08.905Z</Time><Position><LatitudeDegrees>43.34840167</LatitudeDegrees><LongitudeDegrees>-2.83190333</LongitudeDegrees></Position><AltitudeMeters>53.036</AltitudeMeters><DistanceMeters>1020.5999755859375</DistanceMeters><HeartRateBpm><Value>129</Value></HeartRateBpm><Cadence>85</Cadence><SensorState>Present</SensorState></Trackpoint><Trackpoint><Time>2025-07-31T12:33:09.905Z</Time><Position><LatitudeDegrees>43.34839333</LatitudeDegrees><LongitudeDegrees>-2.83188167</LongitudeDegrees></Position><AltitudeMeters>53.036</AltitudeMeters><DistanceMeters>1023.2999877929688</DistanceMeters><HeartRateBpm><Value>129</Value></HeartRateBpm><Cadence>85</Cadence><SensorState>Present</SensorState></Trackpoint><Trackpoint><Time>2025-07-31T12:33:10.905Z</Time><Position><LatitudeDegrees>43.34838667</LatitudeDegrees><LongitudeDegrees>-2.83186333</LongitudeDegrees></Position><AltitudeMeters>53.036</AltitudeMeters><DistanceMeters>1025.800048828125</DistanceMeters><HeartRateBpm><Value>129</Value></HeartRateBpm><Cadence>85</Cadence><SensorState>Present</SensorState></Trackpoint><Trackpoint><Time>2025-07-31T12:33:11.905Z</Time><Position><LatitudeDegrees>43.34838167</LatitudeDegrees><LongitudeDegrees>-2.83184333</LongitudeDegrees></Position><AltitudeMeters>53.036</AltitudeMeters><DistanceMeters>1028.0999755859375</DistanceMeters><HeartRateBpm><Value>129</Value></HeartRateBpm><Cadence>85</Cadence><SensorState>Present</SensorState></Trackpoint><Trackpoint><Time>2025-07-31T12:33:12.905Z</Time><Position><LatitudeDegrees>43.34837667</LatitudeDegrees><LongitudeDegrees>-2.83181667</LongitudeDegrees></Position><AltitudeMeters>53.036</AltitudeMeters><DistanceMeters>1030.0</DistanceMeters><HeartRateBpm><Value>129</Value></HeartRateBpm><Cadence>85</Cadence><SensorState>Present</SensorState></Trackpoint><Trackpoint><Time>2025-07-31T12:33:13.905Z</Time><Position><LatitudeDegrees>43.34837</LatitudeDegrees><LongitudeDegrees>-2.83178833</LongitudeDegrees></Position><AltitudeMeters>53.036</AltitudeMeters><DistanceMeters>1031.699951171875</DistanceMeters><HeartRateBpm><Value>129</Value></HeartRateBpm><Cadence>85</Cadence><SensorState>Present</SensorState></Trackpoint><Trackpoint><Time>2025-07-31T12:33:14.905Z</Time><Position><LatitudeDegrees>43.34836333</LatitudeDegrees><LongitudeDegrees>-2.83176167</LongitudeDegrees></Position><AltitudeMeters>53.036</AltitudeMeters><DistanceMeters>1033.5</DistanceMeters><HeartRateBpm><Value>129</Value></HeartRateBpm><Cadence>84</Cadence><SensorState>Present</SensorState></Trackpoint><Trackpoint><Time>2025-07-31T12:33:15.905Z</Time><Position><LatitudeDegrees>43.34835833</LatitudeDegrees><LongitudeDegrees>-2.83173833</LongitudeDegrees></Position><AltitudeMeters>53.036</AltitudeMeters><DistanceMeters>1035.4000244140625</DistanceMeters><HeartRateBpm><Value>129</Value></HeartRateBpm><Cadence>84</Cadence><SensorState>Present</SensorState></Trackpoint><Trackpoint><Time>2025-07-31T12:33:16.905Z</Time><Position><LatitudeDegrees>43.34835333</LatitudeDegrees><LongitudeDegrees>-2.831705</LongitudeDegrees></Position><AltitudeMeters>53.036</AltitudeMeters><DistanceMeters>1037.300048828125</DistanceMeters><HeartRateBpm><Value>129</Value></HeartRateBpm><Cadence>84</Cadence><SensorState>Present</SensorState></Trackpoint><Trackpoint><Time>2025-07-31T12:33:17.905Z</Time><Position><LatitudeDegrees>43.348345</LatitudeDegrees><LongitudeDegrees>-2.83167167</LongitudeDegrees></Position><AltitudeMeters>53.036</AltitudeMeters><DistanceMeters>1039.0</DistanceMeters><HeartRateBpm><Value>129</Value></HeartRateBpm><Cadence>84</Cadence><SensorState>Present</SensorState></Trackpoint><Trackpoint><Time>2025-07-31T12:33:18.905Z</Time><Position><LatitudeDegrees>43.34833833</LatitudeDegrees><LongitudeDegrees>-2.83163833</LongitudeDegrees></Position><AltitudeMeters>53.036</AltitudeMeters><DistanceMeters>1041.4000244140625</DistanceMeters><HeartRateBpm><Value>129</Value></HeartRateBpm><Cadence>84</Cadence><SensorState>Present</SensorState></Trackpoint><Trackpoint><Time>2025-07-31T12:33:19.905Z</Time><Position><LatitudeDegrees>43.34833167</LatitudeDegrees><LongitudeDegrees>-2.83160167</LongitudeDegrees></Position><AltitudeMeters>53.036</AltitudeMeters><DistanceMeters>1043.9000244140625</DistanceMeters><HeartRateBpm><Value>129</Value></HeartRateBpm><Cadence>85</Cadence><SensorState>Present</SensorState></Trackpoint><Trackpoint><Time>2025-07-31T12:33:20.905Z</Time><Position><LatitudeDegrees>43.348325</LatitudeDegrees><LongitudeDegrees>-2.831565</LongitudeDegrees></Position><AltitudeMeters>53.036</AltitudeMeters><DistanceMeters>1046.9000244140625</DistanceMeters><HeartRateBpm><Value>129</Value></HeartRateBpm><Cadence>85</Cadence><SensorState>Present</SensorState></Trackpoint><Trackpoint><Time>2025-07-31T12:33:21.905Z</Time><Position><LatitudeDegrees>43.34831833</LatitudeDegrees><LongitudeDegrees>-2.83152833</LongitudeDegrees></Position><AltitudeMeters>53.036</AltitudeMeters><DistanceMeters>1050.300048828125</DistanceMeters><HeartRateBpm><Value>128</Value></HeartRateBpm><Cadence>85</Cadence><SensorState>Present</SensorState></Trackpoint><Trackpoint><Time>2025-07-31T12:33:22.905Z</Time><Position><LatitudeDegrees>43.34831833</LatitudeDegrees><LongitudeDegrees>-2.83147333</LongitudeDegrees></Position><AltitudeMeters>53.188</AltitudeMeters><DistanceMeters>1053.699951171875</DistanceMeters><HeartRateBpm><Value>128</Value></HeartRateBpm><Cadence>85</Cadence><SensorState>Present</SensorState></Trackpoint><Trackpoint><Time>2025-07-31T12:33:23.905Z</Time><Position><LatitudeDegrees>43.348315</LatitudeDegrees><LongitudeDegrees>-2.83143667</LongitudeDegrees></Position><AltitudeMeters>53.188</AltitudeMeters><DistanceMeters>1057.0</DistanceMeters><HeartRateBpm><Value>128</Value></HeartRateBpm><Cadence>89</Cadence><SensorState>Present</SensorState></Trackpoint><Trackpoint><Time>2025-07-31T12:33:24.905Z</Time><Position><LatitudeDegrees>43.34831</LatitudeDegrees><LongitudeDegrees>-2.83140167</LongitudeDegrees></Position><AltitudeMeters>53.188</AltitudeMeters><DistanceMeters>1061.0999755859375</DistanceMeters><HeartRateBpm><Value>128</Value></HeartRateBpm><Cadence>89</Cadence><SensorState>Present</SensorState></Trackpoint><Trackpoint><Time>2025-07-31T12:33:25.905Z</Time><Position><LatitudeDegrees>43.34830167</LatitudeDegrees><LongitudeDegrees>-2.83136833</LongitudeDegrees></Position><AltitudeMeters>53.188</AltitudeMeters><DistanceMeters>1064.5999755859375</DistanceMeters><HeartRateBpm><Value>128</Value></HeartRateBpm><Cadence>91</Cadence><SensorState>Present</SensorState></Trackpoint><Trackpoint><Time>2025-07-31T12:33:26.905Z</Time><Position><LatitudeDegrees>43.34829333</LatitudeDegrees><LongitudeDegrees>-2.83133167</LongitudeDegrees></Position><AltitudeMeters>53.188</AltitudeMeters><DistanceMeters>1068.199951171875</DistanceMeters><HeartRateBpm><Value>127</Value></HeartRateBpm><Cadence>90</Cadence><SensorState>Present</SensorState></Trackpoint><Trackpoint><Time>2025-07-31T12:33:27.905Z</Time><Position><LatitudeDegrees>43.348285</LatitudeDegrees><LongitudeDegrees>-2.83129333</LongitudeDegrees></Position><AltitudeMeters>53.188</AltitudeMeters><DistanceMeters>1071.4000244140625</DistanceMeters><HeartRateBpm><Value>127</Value></HeartRateBpm><Cadence>90</Cadence><SensorState>Present</SensorState></Trackpoint><Trackpoint><Time>2025-07-31T12:33:28.905Z</Time><Position><LatitudeDegrees>43.34827833</LatitudeDegrees><LongitudeDegrees>-2.83125667</LongitudeDegrees></Position><AltitudeMeters>53.188</AltitudeMeters><DistanceMeters>1074.800048828125</DistanceMeters><HeartRateBpm><Value>127</Value></HeartRateBpm><Cadence>87</Cadence><SensorState>Present</SensorState></Trackpoint><Trackpoint><Time>2025-07-31T12:33:29.905Z</Time><Position><LatitudeDegrees>43.34827</LatitudeDegrees><LongitudeDegrees>-2.83122</LongitudeDegrees></Position><AltitudeMeters>53.341</AltitudeMeters><DistanceMeters>1078.199951171875</DistanceMeters><HeartRateBpm><Value>127</Value></HeartRateBpm><Cadence>86</Cadence><SensorState>Present</SensorState></Trackpoint><Trackpoint><Time>2025-07-31T12:33:30.905Z</Time><Position><LatitudeDegrees>43.34826</LatitudeDegrees><LongitudeDegrees>-2.831185</LongitudeDegrees></Position><AltitudeMeters>53.341</AltitudeMeters><DistanceMeters>1081.300048828125</DistanceMeters><HeartRateBpm><Value>127</Value></HeartRateBpm><Cadence>86</Cadence><SensorState>Present</SensorState></Trackpoint><Trackpoint><Time>2025-07-31T12:33:31.905Z</Time><Position><LatitudeDegrees>43.34824833</LatitudeDegrees><LongitudeDegrees>-2.831155</LongitudeDegrees></Position><AltitudeMeters>53.341</AltitudeMeters><DistanceMeters>1084.5</DistanceMeters><HeartRateBpm><Value>127</Value></HeartRateBpm><Cadence>86</Cadence><SensorState>Present</SensorState></Trackpoint><Trackpoint><Time>2025-07-31T12:33:32.905Z</Time><Position><LatitudeDegrees>43.34824</LatitudeDegrees><LongitudeDegrees>-2.83112167</LongitudeDegrees></Position><AltitudeMeters>53.341</AltitudeMeters><DistanceMeters>1087.5999755859375</DistanceMeters><HeartRateBpm><Value>127</Value></HeartRateBpm><Cadence>86</Cadence><SensorState>Present</SensorState></Trackpoint><Trackpoint><Time>2025-07-31T12:33:33.905Z</Time><Position><LatitudeDegrees>43.34823167</LatitudeDegrees><LongitudeDegrees>-2.83108833</LongitudeDegrees></Position><AltitudeMeters>53.341</AltitudeMeters><DistanceMeters>1089.9000244140625</DistanceMeters><HeartRateBpm><Value>127</Value></HeartRateBpm><Cadence>86</Cadence><SensorState>Present</SensorState></Trackpoint><Trackpoint><Time>2025-07-31T12:33:34.905Z</Time><Position><LatitudeDegrees>43.34822333</LatitudeDegrees><LongitudeDegrees>-2.83105667</LongitudeDegrees></Position><AltitudeMeters>53.341</AltitudeMeters><DistanceMeters>1092.699951171875</DistanceMeters><HeartRateBpm><Value>128</Value></HeartRateBpm><Cadence>86</Cadence><SensorState>Present</SensorState></Trackpoint><Trackpoint><Time>2025-07-31T12:33:35.905Z</Time><Position><LatitudeDegrees>43.348215</LatitudeDegrees><LongitudeDegrees>-2.83102833</LongitudeDegrees></Position><AltitudeMeters>53.341</AltitudeMeters><DistanceMeters>1095.800048828125</DistanceMeters><HeartRateBpm><Value>128</Value></HeartRateBpm><Cadence>86</Cadence><SensorState>Present</SensorState></Trackpoint><Trackpoint><Time>2025-07-31T12:33:36.905Z</Time><Position><LatitudeDegrees>43.34820833</LatitudeDegrees><LongitudeDegrees>-2.831</LongitudeDegrees></Position><AltitudeMeters>53.341</AltitudeMeters><DistanceMeters>1098.5999755859375</DistanceMeters><HeartRateBpm><Value>128</Value></HeartRateBpm><Cadence>86</Cadence><SensorState>Present</SensorState></Trackpoint><Trackpoint><Time>2025-07-31T12:33:37.905Z</Time><Position><LatitudeDegrees>43.3482</LatitudeDegrees><LongitudeDegrees>-2.83096833</LongitudeDegrees></Position><AltitudeMeters>53.493</AltitudeMeters><DistanceMeters>1101.0</DistanceMeters><HeartRateBpm><Value>129</Value></HeartRateBpm><Cadence>87</Cadence><SensorState>Present</SensorState></Trackpoint><Trackpoint><Time>2025-07-31T12:33:38.905Z</Time><Position><LatitudeDegrees>43.34819333</LatitudeDegrees><LongitudeDegrees>-2.830935</LongitudeDegrees></Position><AltitudeMeters>53.493</AltitudeMeters><DistanceMeters>1103.4000244140625</DistanceMeters><HeartRateBpm><Value>129</Value></HeartRateBpm><Cadence>85</Cadence><SensorState>Present</SensorState></Trackpoint><Trackpoint><Time>2025-07-31T12:33:39.905Z</Time><Position><LatitudeDegrees>43.34818667</LatitudeDegrees><LongitudeDegrees>-2.83090667</LongitudeDegrees></Position><AltitudeMeters>53.493</AltitudeMeters><DistanceMeters>1106.0</DistanceMeters><HeartRateBpm><Value>129</Value></HeartRateBpm><Cadence>84</Cadence><SensorState>Present</SensorState></Trackpoint><Trackpoint><Time>2025-07-31T12:33:40.905Z</Time><Position><LatitudeDegrees>43.34818167</LatitudeDegrees><LongitudeDegrees>-2.83087667</LongitudeDegrees></Position><AltitudeMeters>53.493</AltitudeMeters><DistanceMeters>1108.4000244140625</DistanceMeters><HeartRateBpm><Value>129</Value></HeartRateBpm><Cadence>85</Cadence><SensorState>Present</SensorState></Trackpoint><Trackpoint><Time>2025-07-31T12:33:41.905Z</Time><Position><LatitudeDegrees>43.34817667</LatitudeDegrees><LongitudeDegrees>-2.83084833</LongitudeDegrees></Position><AltitudeMeters>53.493</AltitudeMeters><DistanceMeters>1110.800048828125</DistanceMeters><HeartRateBpm><Value>130</Value></HeartRateBpm><Cadence>85</Cadence><SensorState>Present</SensorState></Trackpoint><Trackpoint><Time>2025-07-31T12:33:42.905Z</Time><Position><LatitudeDegrees>43.34816833</LatitudeDegrees><LongitudeDegrees>-2.83081833</LongitudeDegrees></Position><AltitudeMeters>53.493</AltitudeMeters><DistanceMeters>1113.199951171875</DistanceMeters><HeartRateBpm><Value>130</Value></HeartRateBpm><Cadence>84</Cadence><SensorState>Present</SensorState></Trackpoint><Trackpoint><Time>2025-07-31T12:33:43.905Z</Time><Position><LatitudeDegrees>43.34816167</LatitudeDegrees><LongitudeDegrees>-2.83078833</LongitudeDegrees></Position><AltitudeMeters>53.493</AltitudeMeters><DistanceMeters>1115.5999755859375</DistanceMeters><HeartRateBpm><Value>130</Value></HeartRateBpm><Cadence>84</Cadence><SensorState>Present</SensorState></Trackpoint><Trackpoint><Time>2025-07-31T12:33:44.905Z</Time><Position><LatitudeDegrees>43.34815667</LatitudeDegrees><LongitudeDegrees>-2.830755</LongitudeDegrees></Position><AltitudeMeters>53.493</AltitudeMeters><DistanceMeters>1118.0</DistanceMeters><HeartRateBpm><Value>130</Value></HeartRateBpm><Cadence>84</Cadence><SensorState>Present</SensorState></Trackpoint><Trackpoint><Time>2025-07-31T12:33:45.905Z</Time><Position><LatitudeDegrees>43.34815167</LatitudeDegrees><LongitudeDegrees>-2.83072333</LongitudeDegrees></Position><AltitudeMeters>53.493</AltitudeMeters><DistanceMeters>1120.5</DistanceMeters><HeartRateBpm><Value>130</Value></HeartRateBpm><Cadence>84</Cadence><SensorState>Present</SensorState></Trackpoint><Trackpoint><Time>2025-07-31T12:33:46.905Z</Time><Position><LatitudeDegrees>43.34814333</LatitudeDegrees><LongitudeDegrees>-2.83069167</LongitudeDegrees></Position><AltitudeMeters>53.493</AltitudeMeters><DistanceMeters>1123.199951171875</DistanceMeters><HeartRateBpm><Value>130</Value></HeartRateBpm><Cadence>85</Cadence><SensorState>Present</SensorState></Trackpoint><Trackpoint><Time>2025-07-31T12:33:47.905Z</Time><Position><LatitudeDegrees>43.348135</LatitudeDegrees><LongitudeDegrees>-2.83066</LongitudeDegrees></Position><AltitudeMeters>53.645</AltitudeMeters><DistanceMeters>1125.800048828125</DistanceMeters><HeartRateBpm><Value>131</Value></HeartRateBpm><Cadence>85</Cadence><SensorState>Present</SensorState></Trackpoint><Trackpoint><Time>2025-07-31T12:33:48.905Z</Time><Position><LatitudeDegrees>43.348125</LatitudeDegrees><LongitudeDegrees>-2.83062833</LongitudeDegrees></Position><AltitudeMeters>53.645</AltitudeMeters><DistanceMeters>1128.5</DistanceMeters><HeartRateBpm><Value>131</Value></HeartRateBpm><Cadence>85</Cadence><SensorState>Present</SensorState></Trackpoint><Trackpoint><Time>2025-07-31T12:33:49.905Z</Time><Position><LatitudeDegrees>43.34811333</LatitudeDegrees><LongitudeDegrees>-2.83059833</LongitudeDegrees></Position><AltitudeMeters>53.645</AltitudeMeters><DistanceMeters>1131.0</DistanceMeters><HeartRateBpm><Value>131</Value></HeartRateBpm><Cadence>85</Cadence><SensorState>Present</SensorState></Trackpoint><Trackpoint><Time>2025-07-31T12:33:50.905Z</Time><Position><LatitudeDegrees>43.3481</LatitudeDegrees><LongitudeDegrees>-2.830565</LongitudeDegrees></Position><AltitudeMeters>53.645</AltitudeMeters><DistanceMeters>1133.9000244140625</DistanceMeters><HeartRateBpm><Value>132</Value></HeartRateBpm><Cadence>85</Cadence><SensorState>Present</SensorState></Trackpoint><Trackpoint><Time>2025-07-31T12:33:51.905Z</Time><Position><LatitudeDegrees>43.34808833</LatitudeDegrees><LongitudeDegrees>-2.83053667</LongitudeDegrees></Position><AltitudeMeters>53.798</AltitudeMeters><DistanceMeters>1136.800048828125</DistanceMeters><HeartRateBpm><Value>132</Value></HeartRateBpm><Cadence>85</Cadence><SensorState>Present</SensorState></Trackpoint><Trackpoint><Time>2025-07-31T12:33:52.905Z</Time><Position><LatitudeDegrees>43.34808</LatitudeDegrees><LongitudeDegrees>-2.83050667</LongitudeDegrees></Position><AltitudeMeters>53.798</AltitudeMeters><DistanceMeters>1139.9000244140625</DistanceMeters><HeartRateBpm><Value>132</Value></HeartRateBpm><Cadence>85</Cadence><SensorState>Present</SensorState></Trackpoint><Trackpoint><Time>2025-07-31T12:33:53.905Z</Time><Position><LatitudeDegrees>43.34806667</LatitudeDegrees><LongitudeDegrees>-2.830475</LongitudeDegrees></Position><AltitudeMeters>53.798</AltitudeMeters><DistanceMeters>1142.699951171875</DistanceMeters><HeartRateBpm><Value>133</Value></HeartRateBpm><Cadence>85</Cadence><SensorState>Present</SensorState></Trackpoint><Trackpoint><Time>2025-07-31T12:33:54.905Z</Time><Position><LatitudeDegrees>43.34805333</LatitudeDegrees><LongitudeDegrees>-2.83044333</LongitudeDegrees></Position><AltitudeMeters>53.95</AltitudeMeters><DistanceMeters>1145.5</DistanceMeters><HeartRateBpm><Value>133</Value></HeartRateBpm><Cadence>85</Cadence><SensorState>Present</SensorState></Trackpoint><Trackpoint><Time>2025-07-31T12:33:55.905Z</Time><Position><LatitudeDegrees>43.34804</LatitudeDegrees><LongitudeDegrees>-2.83041667</LongitudeDegrees></Position><AltitudeMeters>53.95</AltitudeMeters><DistanceMeters>1148.4000244140625</DistanceMeters><HeartRateBpm><Value>133</Value></HeartRateBpm><Cadence>85</Cadence><SensorState>Present</SensorState></Trackpoint><Trackpoint><Time>2025-07-31T12:33:56.905Z</Time><Position><LatitudeDegrees>43.34802833</LatitudeDegrees><LongitudeDegrees>-2.83038667</LongitudeDegrees></Position><AltitudeMeters>54.103</AltitudeMeters><DistanceMeters>1151.4000244140625</DistanceMeters><HeartRateBpm><Value>133</Value></HeartRateBpm><Cadence>85</Cadence><SensorState>Present</SensorState></Trackpoint><Trackpoint><Time>2025-07-31T12:33:57.905Z</Time><Position><LatitudeDegrees>43.34801667</LatitudeDegrees><LongitudeDegrees>-2.83035667</LongitudeDegrees></Position><AltitudeMeters>54.103</AltitudeMeters><DistanceMeters>1154.0999755859375</DistanceMeters><HeartRateBpm><Value>133</Value></HeartRateBpm><Cadence>85</Cadence><SensorState>Present</SensorState></Trackpoint><Trackpoint><Time>2025-07-31T12:33:58.905Z</Time><Position><LatitudeDegrees>43.348005</LatitudeDegrees><LongitudeDegrees>-2.83032333</LongitudeDegrees></Position><AltitudeMeters>54.103</AltitudeMeters><DistanceMeters>1156.9000244140625</DistanceMeters><HeartRateBpm><Value>134</Value></HeartRateBpm><Cadence>85</Cadence><SensorState>Present</SensorState></Trackpoint><Trackpoint><Time>2025-07-31T12:33:59.905Z</Time><Position><LatitudeDegrees>43.34799333</LatitudeDegrees><LongitudeDegrees>-2.83029167</LongitudeDegrees></Position><AltitudeMeters>54.255</AltitudeMeters><DistanceMeters>1159.699951171875</DistanceMeters><HeartRateBpm><Value>134</Value></HeartRateBpm><Cadence>85</Cadence><SensorState>Present</SensorState></Trackpoint><Trackpoint><Time>2025-07-31T12:34:00.905Z</Time><Position><LatitudeDegrees>43.34798</LatitudeDegrees><LongitudeDegrees>-2.83026</LongitudeDegrees></Position><AltitudeMeters>54.255</AltitudeMeters><DistanceMeters>1162.699951171875</DistanceMeters><HeartRateBpm><Value>134</Value></HeartRateBpm><Cadence>85</Cadence><SensorState>Present</SensorState></Trackpoint><Trackpoint><Time>2025-07-31T12:34:01.905Z</Time><Position><LatitudeDegrees>43.34796833</LatitudeDegrees><LongitudeDegrees>-2.83022833</LongitudeDegrees></Position><AltitudeMeters>54.255</AltitudeMeters><DistanceMeters>1165.4000244140625</DistanceMeters><HeartRateBpm><Value>134</Value></HeartRateBpm><Cadence>85</Cadence><SensorState>Present</SensorState></Trackpoint><Trackpoint><Time>2025-07-31T12:34:02.905Z</Time><Position><LatitudeDegrees>43.34795833</LatitudeDegrees><LongitudeDegrees>-2.83019667</LongitudeDegrees></Position><AltitudeMeters>54.407</AltitudeMeters><DistanceMeters>1168.4000244140625</DistanceMeters><HeartRateBpm><Value>134</Value></HeartRateBpm><Cadence>85</Cadence><SensorState>Present</SensorState></Trackpoint><Trackpoint><Time>2025-07-31T12:34:03.905Z</Time><Position><LatitudeDegrees>43.34794667</LatitudeDegrees><LongitudeDegrees>-2.83016333</LongitudeDegrees></Position><AltitudeMeters>54.407</AltitudeMeters><DistanceMeters>1171.5</DistanceMeters><HeartRateBpm><Value>134</Value></HeartRateBpm><Cadence>87</Cadence><SensorState>Present</SensorState></Trackpoint><Trackpoint><Time>2025-07-31T12:34:04.905Z</Time><Position><LatitudeDegrees>43.34793833</LatitudeDegrees><LongitudeDegrees>-2.83013333</LongitudeDegrees></Position><AltitudeMeters>54.407</AltitudeMeters><DistanceMeters>1174.199951171875</DistanceMeters><HeartRateBpm><Value>134</Value></HeartRateBpm><Cadence>86</Cadence><SensorState>Present</SensorState></Trackpoint><Trackpoint><Time>2025-07-31T12:34:05.905Z</Time><Position><LatitudeDegrees>43.34792833</LatitudeDegrees><LongitudeDegrees>-2.83009833</LongitudeDegrees></Position><AltitudeMeters>54.56</AltitudeMeters><DistanceMeters>1177.199951171875</DistanceMeters><HeartRateBpm><Value>134</Value></HeartRateBpm><Cadence>86</Cadence><SensorState>Present</SensorState></Trackpoint><Trackpoint><Time>2025-07-31T12:34:06.905Z</Time><Position><LatitudeDegrees>43.34792167</LatitudeDegrees><LongitudeDegrees>-2.83006</LongitudeDegrees></Position><AltitudeMeters>54.56</AltitudeMeters><DistanceMeters>1180.0999755859375</DistanceMeters><HeartRateBpm><Value>134</Value></HeartRateBpm><Cadence>86</Cadence><SensorState>Present</SensorState></Trackpoint><Trackpoint><Time>2025-07-31T12:34:07.905Z</Time><Position><LatitudeDegrees>43.347915</LatitudeDegrees><LongitudeDegrees>-2.83002833</LongitudeDegrees></Position><AltitudeMeters>54.712</AltitudeMeters><DistanceMeters>1183.0999755859375</DistanceMeters><HeartRateBpm><Value>134</Value></HeartRateBpm><Cadence>86</Cadence><SensorState>Present</SensorState></Trackpoint><Trackpoint><Time>2025-07-31T12:34:08.905Z</Time><Position><LatitudeDegrees>43.34790667</LatitudeDegrees><LongitudeDegrees>-2.82999333</LongitudeDegrees></Position><AltitudeMeters>54.712</AltitudeMeters><DistanceMeters>1186.300048828125</DistanceMeters><HeartRateBpm><Value>134</Value></HeartRateBpm><Cadence>86</Cadence><SensorState>Present</SensorState></Trackpoint><Trackpoint><Time>2025-07-31T12:34:09.905Z</Time><Position><LatitudeDegrees>43.34789833</LatitudeDegrees><LongitudeDegrees>-2.82996167</LongitudeDegrees></Position><AltitudeMeters>54.712</AltitudeMeters><DistanceMeters>1189.0</DistanceMeters><HeartRateBpm><Value>134</Value></HeartRateBpm><Cadence>87</Cadence><SensorState>Present</SensorState></Trackpoint><Trackpoint><Time>2025-07-31T12:34:10.905Z</Time><Position><LatitudeDegrees>43.347885</LatitudeDegrees><LongitudeDegrees>-2.82993167</LongitudeDegrees></Position><AltitudeMeters>54.865</AltitudeMeters><DistanceMeters>1191.9000244140625</DistanceMeters><HeartRateBpm><Value>134</Value></HeartRateBpm><Cadence>88</Cadence><SensorState>Present</SensorState></Trackpoint><Trackpoint><Time>2025-07-31T12:34:11.905Z</Time><Position><LatitudeDegrees>43.34787167</LatitudeDegrees><LongitudeDegrees>-2.82989833</LongitudeDegrees></Position><AltitudeMeters>54.865</AltitudeMeters><DistanceMeters>1194.800048828125</DistanceMeters><HeartRateBpm><Value>134</Value></HeartRateBpm><Cadence>88</Cadence><SensorState>Present</SensorState></Trackpoint><Trackpoint><Time>2025-07-31T12:34:12.905Z</Time><Position><LatitudeDegrees>43.34785667</LatitudeDegrees><LongitudeDegrees>-2.82986667</LongitudeDegrees></Position><AltitudeMeters>55.017</AltitudeMeters><DistanceMeters>1197.5999755859375</DistanceMeters><HeartRateBpm><Value>134</Value></HeartRateBpm><Cadence>88</Cadence><SensorState>Present</SensorState></Trackpoint><Trackpoint><Time>2025-07-31T12:34:13.905Z</Time><Position><LatitudeDegrees>43.34784167</LatitudeDegrees><LongitudeDegrees>-2.82983667</LongitudeDegrees></Position><AltitudeMeters>55.017</AltitudeMeters><DistanceMeters>1200.5999755859375</DistanceMeters><HeartRateBpm><Value>134</Value></HeartRateBpm><Cadence>88</Cadence><SensorState>Present</SensorState></Trackpoint><Trackpoint><Time>2025-07-31T12:34:14.905Z</Time><Position><LatitudeDegrees>43.34783</LatitudeDegrees><LongitudeDegrees>-2.82980333</LongitudeDegrees></Position><AltitudeMeters>55.169</AltitudeMeters><DistanceMeters>1203.5999755859375</DistanceMeters><HeartRateBpm><Value>134</Value></HeartRateBpm><Cadence>88</Cadence><SensorState>Present</SensorState></Trackpoint><Trackpoint><Time>2025-07-31T12:34:15.905Z</Time><Position><LatitudeDegrees>43.34782167</LatitudeDegrees><LongitudeDegrees>-2.829775</LongitudeDegrees></Position><AltitudeMeters>55.169</AltitudeMeters><DistanceMeters>1206.699951171875</DistanceMeters><HeartRateBpm><Value>134</Value></HeartRateBpm><Cadence>87</Cadence><SensorState>Present</SensorState></Trackpoint><Trackpoint><Time>2025-07-31T12:34:16.905Z</Time><Position><LatitudeDegrees>43.34781167</LatitudeDegrees><LongitudeDegrees>-2.82974333</LongitudeDegrees></Position><AltitudeMeters>55.322</AltitudeMeters><DistanceMeters>1209.5999755859375</DistanceMeters><HeartRateBpm><Value>134</Value></HeartRateBpm><Cadence>86</Cadence><SensorState>Present</SensorState></Trackpoint><Trackpoint><Time>2025-07-31T12:34:17.905Z</Time><Position><LatitudeDegrees>43.3478</LatitudeDegrees><LongitudeDegrees>-2.82971333</LongitudeDegrees></Position><AltitudeMeters>55.322</AltitudeMeters><DistanceMeters>1212.0999755859375</DistanceMeters><HeartRateBpm><Value>134</Value></HeartRateBpm><Cadence>86</Cadence><SensorState>Present</SensorState></Trackpoint><Trackpoint><Time>2025-07-31T12:34:18.905Z</Time><Position><LatitudeDegrees>43.34778667</LatitudeDegrees><LongitudeDegrees>-2.82967833</LongitudeDegrees></Position><AltitudeMeters>55.322</AltitudeMeters><DistanceMeters>1215.0999755859375</DistanceMeters><HeartRateBpm><Value>135</Value></HeartRateBpm><Cadence>86</Cadence><SensorState>Present</SensorState></Trackpoint><Trackpoint><Time>2025-07-31T12:34:19.905Z</Time><Position><LatitudeDegrees>43.34778</LatitudeDegrees><LongitudeDegrees>-2.82964333</LongitudeDegrees></Position><AltitudeMeters>55.474</AltitudeMeters><DistanceMeters>1217.9000244140625</DistanceMeters><HeartRateBpm><Value>135</Value></HeartRateBpm><Cadence>86</Cadence><SensorState>Present</SensorState></Trackpoint><Trackpoint><Time>2025-07-31T12:34:20.905Z</Time><Position><LatitudeDegrees>43.347775</LatitudeDegrees><LongitudeDegrees>-2.82960667</LongitudeDegrees></Position><AltitudeMeters>55.474</AltitudeMeters><DistanceMeters>1221.0</DistanceMeters><HeartRateBpm><Value>135</Value></HeartRateBpm><Cadence>86</Cadence><SensorState>Present</SensorState></Trackpoint><Trackpoint><Time>2025-07-31T12:34:21.905Z</Time><Position><LatitudeDegrees>43.34776833</LatitudeDegrees><LongitudeDegrees>-2.82957167</LongitudeDegrees></Position><AltitudeMeters>55.627</AltitudeMeters><DistanceMeters>1223.9000244140625</DistanceMeters><HeartRateBpm><Value>135</Value></HeartRateBpm><Cadence>86</Cadence><SensorState>Present</SensorState></Trackpoint><Trackpoint><Time>2025-07-31T12:34:22.905Z</Time><Position><LatitudeDegrees>43.34776333</LatitudeDegrees><LongitudeDegrees>-2.82953667</LongitudeDegrees></Position><AltitudeMeters>55.627</AltitudeMeters><DistanceMeters>1226.699951171875</DistanceMeters><HeartRateBpm><Value>135</Value></HeartRateBpm><Cadence>86</Cadence><SensorState>Present</SensorState></Trackpoint><Trackpoint><Time>2025-07-31T12:34:23.905Z</Time><Position><LatitudeDegrees>43.34775833</LatitudeDegrees><LongitudeDegrees>-2.829505</LongitudeDegrees></Position><AltitudeMeters>55.627</AltitudeMeters><DistanceMeters>1229.5999755859375</DistanceMeters><HeartRateBpm><Value>135</Value></HeartRateBpm><Cadence>86</Cadence><SensorState>Present</SensorState></Trackpoint><Trackpoint><Time>2025-07-31T12:34:24.905Z</Time><Position><LatitudeDegrees>43.34774833</LatitudeDegrees><LongitudeDegrees>-2.82946667</LongitudeDegrees></Position><AltitudeMeters>55.779</AltitudeMeters><DistanceMeters>1232.5</DistanceMeters><HeartRateBpm><Value>135</Value></HeartRateBpm><Cadence>86</Cadence><SensorState>Present</SensorState></Trackpoint><Trackpoint><Time>2025-07-31T12:34:25.905Z</Time><Position><LatitudeDegrees>43.34774333</LatitudeDegrees><LongitudeDegrees>-2.82943167</LongitudeDegrees></Position><AltitudeMeters>55.779</AltitudeMeters><DistanceMeters>1235.199951171875</DistanceMeters><HeartRateBpm><Value>135</Value></HeartRateBpm><Cadence>87</Cadence><SensorState>Present</SensorState></Trackpoint><Trackpoint><Time>2025-07-31T12:34:26.905Z</Time><Position><LatitudeDegrees>43.34773833</LatitudeDegrees><LongitudeDegrees>-2.82939667</LongitudeDegrees></Position><AltitudeMeters>55.931</AltitudeMeters><DistanceMeters>1238.5</DistanceMeters><HeartRateBpm><Value>135</Value></HeartRateBpm><Cadence>86</Cadence><SensorState>Present</SensorState></Trackpoint><Trackpoint><Time>2025-07-31T12:34:27.905Z</Time><Position><LatitudeDegrees>43.34773167</LatitudeDegrees><LongitudeDegrees>-2.82936</LongitudeDegrees></Position><AltitudeMeters>55.931</AltitudeMeters><DistanceMeters>1241.5</DistanceMeters><HeartRateBpm><Value>135</Value></HeartRateBpm><Cadence>87</Cadence><SensorState>Present</SensorState></Trackpoint><Trackpoint><Time>2025-07-31T12:34:28.905Z</Time><Position><LatitudeDegrees>43.347725</LatitudeDegrees><LongitudeDegrees>-2.82932667</LongitudeDegrees></Position><AltitudeMeters>56.084</AltitudeMeters><DistanceMeters>1244.5999755859375</DistanceMeters><HeartRateBpm><Value>135</Value></HeartRateBpm><Cadence>86</Cadence><SensorState>Present</SensorState></Trackpoint><Trackpoint><Time>2025-07-31T12:34:29.905Z</Time><Position><LatitudeDegrees>43.34772</LatitudeDegrees><LongitudeDegrees>-2.82929333</LongitudeDegrees></Position><AltitudeMeters>56.084</AltitudeMeters><DistanceMeters>1247.5</DistanceMeters><HeartRateBpm><Value>135</Value></HeartRateBpm><Cadence>87</Cadence><SensorState>Present</SensorState></Trackpoint><Trackpoint><Time>2025-07-31T12:34:30.905Z</Time><Position><LatitudeDegrees>43.34771333</LatitudeDegrees><LongitudeDegrees>-2.82926</LongitudeDegrees></Position><AltitudeMeters>56.084</AltitudeMeters><DistanceMeters>1250.5</DistanceMeters><HeartRateBpm><Value>135</Value></HeartRateBpm><Cadence>88</Cadence><SensorState>Present</SensorState></Trackpoint><Trackpoint><Time>2025-07-31T12:34:31.905Z</Time><Position><LatitudeDegrees>43.34770833</LatitudeDegrees><LongitudeDegrees>-2.829225</LongitudeDegrees></Position><AltitudeMeters>56.236</AltitudeMeters><DistanceMeters>1253.0999755859375</DistanceMeters><HeartRateBpm><Value>135</Value></HeartRateBpm><Cadence>88</Cadence><SensorState>Present</SensorState></Trackpoint><Trackpoint><Time>2025-07-31T12:34:32.905Z</Time><Position><LatitudeDegrees>43.34770333</LatitudeDegrees><LongitudeDegrees>-2.829195</LongitudeDegrees></Position><AltitudeMeters>56.236</AltitudeMeters><DistanceMeters>1256.0999755859375</DistanceMeters><HeartRateBpm><Value>135</Value></HeartRateBpm><Cadence>88</Cadence><SensorState>Present</SensorState></Trackpoint><Trackpoint><Time>2025-07-31T12:34:33.905Z</Time><Position><LatitudeDegrees>43.34769833</LatitudeDegrees><LongitudeDegrees>-2.82916333</LongitudeDegrees></Position><AltitudeMeters>56.389</AltitudeMeters><DistanceMeters>1258.9000244140625</DistanceMeters><HeartRateBpm><Value>135</Value></HeartRateBpm><Cadence>88</Cadence><SensorState>Present</SensorState></Trackpoint><Trackpoint><Time>2025-07-31T12:34:34.905Z</Time><Position><LatitudeDegrees>43.34769333</LatitudeDegrees><LongitudeDegrees>-2.82913</LongitudeDegrees></Position><AltitudeMeters>56.389</AltitudeMeters><DistanceMeters>1261.699951171875</DistanceMeters><HeartRateBpm><Value>135</Value></HeartRateBpm><Cadence>88</Cadence><SensorState>Present</SensorState></Trackpoint><Trackpoint><Time>2025-07-31T12:34:35.905Z</Time><Position><LatitudeDegrees>43.34768667</LatitudeDegrees><LongitudeDegrees>-2.82909333</LongitudeDegrees></Position><AltitudeMeters>56.389</AltitudeMeters><DistanceMeters>1264.0999755859375</DistanceMeters><HeartRateBpm><Value>136</Value></HeartRateBpm><Cadence>88</Cadence><SensorState>Present</SensorState></Trackpoint><Trackpoint><Time>2025-07-31T12:34:36.905Z</Time><Position><LatitudeDegrees>43.34768</LatitudeDegrees><LongitudeDegrees>-2.82905833</LongitudeDegrees></Position><AltitudeMeters>56.541</AltitudeMeters><DistanceMeters>1266.9000244140625</DistanceMeters><HeartRateBpm><Value>135</Value></HeartRateBpm><Cadence>88</Cadence><SensorState>Present</SensorState></Trackpoint><Trackpoint><Time>2025-07-31T12:34:37.905Z</Time><Position><LatitudeDegrees>43.34767333</LatitudeDegrees><LongitudeDegrees>-2.82902167</LongitudeDegrees></Position><AltitudeMeters>56.541</AltitudeMeters><DistanceMeters>1269.699951171875</DistanceMeters><HeartRateBpm><Value>135</Value></HeartRateBpm><Cadence>88</Cadence><SensorState>Present</SensorState></Trackpoint><Trackpoint><Time>2025-07-31T12:34:38.905Z</Time><Position><LatitudeDegrees>43.347665</LatitudeDegrees><LongitudeDegrees>-2.82898333</LongitudeDegrees></Position><AltitudeMeters>56.541</AltitudeMeters><DistanceMeters>1272.5</DistanceMeters><HeartRateBpm><Value>135</Value></HeartRateBpm><Cadence>88</Cadence><SensorState>Present</SensorState></Trackpoint><Trackpoint><Time>2025-07-31T12:34:39.905Z</Time><Position><LatitudeDegrees>43.34766333</LatitudeDegrees><LongitudeDegrees>-2.828945</LongitudeDegrees></Position><AltitudeMeters>56.693</AltitudeMeters><DistanceMeters>1275.5</DistanceMeters><HeartRateBpm><Value>135</Value></HeartRateBpm><Cadence>88</Cadence><SensorState>Present</SensorState></Trackpoint><Trackpoint><Time>2025-07-31T12:34:40.905Z</Time><Position><LatitudeDegrees>43.34765667</LatitudeDegrees><LongitudeDegrees>-2.82891</LongitudeDegrees></Position><AltitudeMeters>56.693</AltitudeMeters><DistanceMeters>1278.5999755859375</DistanceMeters><HeartRateBpm><Value>135</Value></HeartRateBpm><Cadence>88</Cadence><SensorState>Present</SensorState></Trackpoint><Trackpoint><Time>2025-07-31T12:34:41.905Z</Time><Position><LatitudeDegrees>43.34765</LatitudeDegrees><LongitudeDegrees>-2.82887333</LongitudeDegrees></Position><AltitudeMeters>56.693</AltitudeMeters><DistanceMeters>1281.699951171875</DistanceMeters><HeartRateBpm><Value>135</Value></HeartRateBpm><Cadence>88</Cadence><SensorState>Present</SensorState></Trackpoint><Trackpoint><Time>2025-07-31T12:34:42.905Z</Time><Position><LatitudeDegrees>43.34764167</LatitudeDegrees><LongitudeDegrees>-2.82883833</LongitudeDegrees></Position><AltitudeMeters>56.693</AltitudeMeters><DistanceMeters>1284.800048828125</DistanceMeters><HeartRateBpm><Value>135</Value></HeartRateBpm><Cadence>87</Cadence><SensorState>Present</SensorState></Trackpoint><Trackpoint><Time>2025-07-31T12:34:43.905Z</Time><Position><LatitudeDegrees>43.34763333</LatitudeDegrees><LongitudeDegrees>-2.82880333</LongitudeDegrees></Position><AltitudeMeters>56.846</AltitudeMeters><DistanceMeters>1288.0</DistanceMeters><HeartRateBpm><Value>135</Value></HeartRateBpm><Cadence>86</Cadence><SensorState>Present</SensorState></Trackpoint><Trackpoint><Time>2025-07-31T12:34:44.905Z</Time><Position><LatitudeDegrees>43.34762667</LatitudeDegrees><LongitudeDegrees>-2.82876833</LongitudeDegrees></Position><AltitudeMeters>56.846</AltitudeMeters><DistanceMeters>1291.300048828125</DistanceMeters><HeartRateBpm><Value>135</Value></HeartRateBpm><Cadence>86</Cadence><SensorState>Present</SensorState></Trackpoint><Trackpoint><Time>2025-07-31T12:34:45.905Z</Time><Position><LatitudeDegrees>43.34761833</LatitudeDegrees><LongitudeDegrees>-2.82873333</LongitudeDegrees></Position><AltitudeMeters>56.846</AltitudeMeters><DistanceMeters>1294.5</DistanceMeters><HeartRateBpm><Value>135</Value></HeartRateBpm><Cadence>86</Cadence><SensorState>Present</SensorState></Trackpoint><Trackpoint><Time>2025-07-31T12:34:46.905Z</Time><Position><LatitudeDegrees>43.34761167</LatitudeDegrees><LongitudeDegrees>-2.8287</LongitudeDegrees></Position><AltitudeMeters>56.846</AltitudeMeters><DistanceMeters>1297.4000244140625</DistanceMeters><HeartRateBpm><Value>135</Value></HeartRateBpm><Cadence>86</Cadence><SensorState>Present</SensorState></Trackpoint><Trackpoint><Time>2025-07-31T12:34:47.905Z</Time><Position><LatitudeDegrees>43.347605</LatitudeDegrees><LongitudeDegrees>-2.82866667</LongitudeDegrees></Position><AltitudeMeters>56.998</AltitudeMeters><DistanceMeters>1300.5</DistanceMeters><HeartRateBpm><Value>135</Value></HeartRateBpm><Cadence>86</Cadence><SensorState>Present</SensorState></Trackpoint><Trackpoint><Time>2025-07-31T12:34:48.905Z</Time><Position><LatitudeDegrees>43.3476</LatitudeDegrees><LongitudeDegrees>-2.82863333</LongitudeDegrees></Position><AltitudeMeters>56.998</AltitudeMeters><DistanceMeters>1303.300048828125</DistanceMeters><HeartRateBpm><Value>135</Value></HeartRateBpm><Cadence>86</Cadence><SensorState>Present</SensorState></Trackpoint><Trackpoint><Time>2025-07-31T12:34:49.905Z</Time><Position><LatitudeDegrees>43.34759833</LatitudeDegrees><LongitudeDegrees>-2.82859667</LongitudeDegrees></Position><AltitudeMeters>56.998</AltitudeMeters><DistanceMeters>1306.0</DistanceMeters><HeartRateBpm><Value>135</Value></HeartRateBpm><Cadence>87</Cadence><SensorState>Present</SensorState></Trackpoint><Trackpoint><Time>2025-07-31T12:34:50.905Z</Time><Position><LatitudeDegrees>43.34759667</LatitudeDegrees><LongitudeDegrees>-2.82856</LongitudeDegrees></Position><AltitudeMeters>56.998</AltitudeMeters><DistanceMeters>1308.800048828125</DistanceMeters><HeartRateBpm><Value>135</Value></HeartRateBpm><Cadence>88</Cadence><SensorState>Present</SensorState></Trackpoint><Trackpoint><Time>2025-07-31T12:34:51.905Z</Time><Position><LatitudeDegrees>43.34758667</LatitudeDegrees><LongitudeDegrees>-2.828525</LongitudeDegrees></Position><AltitudeMeters>57.151</AltitudeMeters><DistanceMeters>1311.699951171875</DistanceMeters><HeartRateBpm><Value>135</Value></HeartRateBpm><Cadence>88</Cadence><SensorState>Present</SensorState></Trackpoint><Trackpoint><Time>2025-07-31T12:34:52.905Z</Time><Position><LatitudeDegrees>43.34757833</LatitudeDegrees><LongitudeDegrees>-2.82849167</LongitudeDegrees></Position><AltitudeMeters>57.151</AltitudeMeters><DistanceMeters>1314.699951171875</DistanceMeters><HeartRateBpm><Value>135</Value></HeartRateBpm><Cadence>88</Cadence><SensorState>Present</SensorState></Trackpoint><Trackpoint><Time>2025-07-31T12:34:53.905Z</Time><Position><LatitudeDegrees>43.34757167</LatitudeDegrees><LongitudeDegrees>-2.828455</LongitudeDegrees></Position><AltitudeMeters>57.151</AltitudeMeters><DistanceMeters>1317.5999755859375</DistanceMeters><HeartRateBpm><Value>135</Value></HeartRateBpm><Cadence>86</Cadence><SensorState>Present</SensorState></Trackpoint><Trackpoint><Time>2025-07-31T12:34:54.905Z</Time><Position><LatitudeDegrees>43.34756167</LatitudeDegrees><LongitudeDegrees>-2.82842</LongitudeDegrees></Position><AltitudeMeters>57.151</AltitudeMeters><DistanceMeters>1320.4000244140625</DistanceMeters><HeartRateBpm><Value>135</Value></HeartRateBpm><Cadence>86</Cadence><SensorState>Present</SensorState></Trackpoint><Trackpoint><Time>2025-07-31T12:34:55.905Z</Time><Position><LatitudeDegrees>43.34755333</LatitudeDegrees><LongitudeDegrees>-2.82838667</LongitudeDegrees></Position><AltitudeMeters>57.303</AltitudeMeters><DistanceMeters>1323.300048828125</DistanceMeters><HeartRateBpm><Value>135</Value></HeartRateBpm><Cadence>86</Cadence><SensorState>Present</SensorState></Trackpoint><Trackpoint><Time>2025-07-31T12:34:56.905Z</Time><Position><LatitudeDegrees>43.34754667</LatitudeDegrees><LongitudeDegrees>-2.82835333</LongitudeDegrees></Position><AltitudeMeters>57.303</AltitudeMeters><DistanceMeters>1326.300048828125</DistanceMeters><HeartRateBpm><Value>135</Value></HeartRateBpm><Cadence>86</Cadence><SensorState>Present</SensorState></Trackpoint><Trackpoint><Time>2025-07-31T12:34:57.905Z</Time><Position><LatitudeDegrees>43.34754</LatitudeDegrees><LongitudeDegrees>-2.82832</LongitudeDegrees></Position><AltitudeMeters>57.303</AltitudeMeters><DistanceMeters>1329.300048828125</DistanceMeters><HeartRateBpm><Value>135</Value></HeartRateBpm><Cadence>86</Cadence><SensorState>Present</SensorState></Trackpoint><Trackpoint><Time>2025-07-31T12:34:58.905Z</Time><Position><LatitudeDegrees>43.34753167</LatitudeDegrees><LongitudeDegrees>-2.82828833</LongitudeDegrees></Position><AltitudeMeters>57.303</AltitudeMeters><DistanceMeters>1332.199951171875</DistanceMeters><HeartRateBpm><Value>135</Value></HeartRateBpm><Cadence>86</Cadence><SensorState>Present</SensorState></Trackpoint><Trackpoint><Time>2025-07-31T12:34:59.905Z</Time><Position><LatitudeDegrees>43.34752167</LatitudeDegrees><LongitudeDegrees>-2.82825667</LongitudeDegrees></Position><AltitudeMeters>57.455</AltitudeMeters><DistanceMeters>1335.0999755859375</DistanceMeters><HeartRateBpm><Value>135</Value></HeartRateBpm><Cadence>86</Cadence><SensorState>Present</SensorState></Trackpoint><Trackpoint><Time>2025-07-31T12:35:00.905Z</Time><Position><LatitudeDegrees>43.34751333</LatitudeDegrees><LongitudeDegrees>-2.82822333</LongitudeDegrees></Position><AltitudeMeters>57.455</AltitudeMeters><DistanceMeters>1337.9000244140625</DistanceMeters><HeartRateBpm><Value>135</Value></HeartRateBpm><Cadence>87</Cadence><SensorState>Present</SensorState></Trackpoint><Trackpoint><Time>2025-07-31T12:35:01.905Z</Time><Position><LatitudeDegrees>43.347505</LatitudeDegrees><LongitudeDegrees>-2.82819333</LongitudeDegrees></Position><AltitudeMeters>57.455</AltitudeMeters><DistanceMeters>1340.699951171875</DistanceMeters><HeartRateBpm><Value>135</Value></HeartRateBpm><Cadence>86</Cadence><SensorState>Present</SensorState></Trackpoint><Trackpoint><Time>2025-07-31T12:35:02.905Z</Time><Position><LatitudeDegrees>43.34749833</LatitudeDegrees><LongitudeDegrees>-2.82816833</LongitudeDegrees></Position><AltitudeMeters>57.455</AltitudeMeters><DistanceMeters>1343.5999755859375</DistanceMeters><HeartRateBpm><Value>135</Value></HeartRateBpm><Cadence>87</Cadence><SensorState>Present</SensorState></Trackpoint><Trackpoint><Time>2025-07-31T12:35:03.905Z</Time><Position><LatitudeDegrees>43.34748833</LatitudeDegrees><LongitudeDegrees>-2.82814</LongitudeDegrees></Position><AltitudeMeters>57.455</AltitudeMeters><DistanceMeters>1346.300048828125</DistanceMeters><HeartRateBpm><Value>135</Value></HeartRateBpm><Cadence>86</Cadence><SensorState>Present</SensorState></Trackpoint><Trackpoint><Time>2025-07-31T12:35:04.905Z</Time><Position><LatitudeDegrees>43.34747667</LatitudeDegrees><LongitudeDegrees>-2.82811167</LongitudeDegrees></Position><AltitudeMeters>57.455</AltitudeMeters><DistanceMeters>1348.4000244140625</DistanceMeters><HeartRateBpm><Value>135</Value></HeartRateBpm><Cadence>86</Cadence><SensorState>Present</SensorState></Trackpoint><Trackpoint><Time>2025-07-31T12:35:05.905Z</Time><Position><LatitudeDegrees>43.347465</LatitudeDegrees><LongitudeDegrees>-2.828085</LongitudeDegrees></Position><AltitudeMeters>57.608</AltitudeMeters><DistanceMeters>1350.9000244140625</DistanceMeters><HeartRateBpm><Value>135</Value></HeartRateBpm><Cadence>86</Cadence><SensorState>Present</SensorState></Trackpoint><Trackpoint><Time>2025-07-31T12:35:06.905Z</Time><Position><LatitudeDegrees>43.347455</LatitudeDegrees><LongitudeDegrees>-2.82806</LongitudeDegrees></Position><AltitudeMeters>57.608</AltitudeMeters><DistanceMeters>1353.4000244140625</DistanceMeters><HeartRateBpm><Value>135</Value></HeartRateBpm><Cadence>86</Cadence><SensorState>Present</SensorState></Trackpoint><Trackpoint><Time>2025-07-31T12:35:07.905Z</Time><Position><LatitudeDegrees>43.34744667</LatitudeDegrees><LongitudeDegrees>-2.82803</LongitudeDegrees></Position><AltitudeMeters>57.608</AltitudeMeters><DistanceMeters>1355.800048828125</DistanceMeters><HeartRateBpm><Value>135</Value></HeartRateBpm><Cadence>86</Cadence><SensorState>Present</SensorState></Trackpoint><Trackpoint><Time>2025-07-31T12:35:08.905Z</Time><Position><LatitudeDegrees>43.34743667</LatitudeDegrees><LongitudeDegrees>-2.82799833</LongitudeDegrees></Position><AltitudeMeters>57.608</AltitudeMeters><DistanceMeters>1358.0999755859375</DistanceMeters><HeartRateBpm><Value>135</Value></HeartRateBpm><Cadence>86</Cadence><SensorState>Present</SensorState></Trackpoint><Trackpoint><Time>2025-07-31T12:35:09.905Z</Time><Position><LatitudeDegrees>43.347425</LatitudeDegrees><LongitudeDegrees>-2.82796833</LongitudeDegrees></Position><AltitudeMeters>57.608</AltitudeMeters><DistanceMeters>1360.5</DistanceMeters><HeartRateBpm><Value>135</Value></HeartRateBpm><Cadence>87</Cadence><SensorState>Present</SensorState></Trackpoint><Trackpoint><Time>2025-07-31T12:35:10.905Z</Time><Position><LatitudeDegrees>43.347415</LatitudeDegrees><LongitudeDegrees>-2.82793833</LongitudeDegrees></Position><AltitudeMeters>57.608</AltitudeMeters><DistanceMeters>1363.0</DistanceMeters><HeartRateBpm><Value>135</Value></HeartRateBpm><Cadence>86</Cadence><SensorState>Present</SensorState></Trackpoint><Trackpoint><Time>2025-07-31T12:35:11.905Z</Time><Position><LatitudeDegrees>43.347405</LatitudeDegrees><LongitudeDegrees>-2.827915</LongitudeDegrees></Position><AltitudeMeters>57.608</AltitudeMeters><DistanceMeters>1365.5999755859375</DistanceMeters><HeartRateBpm><Value>135</Value></HeartRateBpm><Cadence>86</Cadence><SensorState>Present</SensorState></Trackpoint><Trackpoint><Time>2025-07-31T12:35:12.905Z</Time><Position><LatitudeDegrees>43.34739667</LatitudeDegrees><LongitudeDegrees>-2.82789</LongitudeDegrees></Position><AltitudeMeters>57.76</AltitudeMeters><DistanceMeters>1368.199951171875</DistanceMeters><HeartRateBpm><Value>135</Value></HeartRateBpm><Cadence>86</Cadence><SensorState>Present</SensorState></Trackpoint><Trackpoint><Time>2025-07-31T12:35:13.905Z</Time><Position><LatitudeDegrees>43.34738667</LatitudeDegrees><LongitudeDegrees>-2.827865</LongitudeDegrees></Position><AltitudeMeters>57.76</AltitudeMeters><DistanceMeters>1370.800048828125</DistanceMeters><HeartRateBpm><Value>135</Value></HeartRateBpm><Cadence>84</Cadence><SensorState>Present</SensorState></Trackpoint><Trackpoint><Time>2025-07-31T12:35:14.905Z</Time><Position><LatitudeDegrees>43.34737667</LatitudeDegrees><LongitudeDegrees>-2.82783833</LongitudeDegrees></Position><AltitudeMeters>57.76</AltitudeMeters><DistanceMeters>1373.199951171875</DistanceMeters><HeartRateBpm><Value>135</Value></HeartRateBpm><Cadence>84</Cadence><SensorState>Present</SensorState></Trackpoint><Trackpoint><Time>2025-07-31T12:35:15.905Z</Time><Position><LatitudeDegrees>43.34736833</LatitudeDegrees><LongitudeDegrees>-2.82780833</LongitudeDegrees></Position><AltitudeMeters>57.76</AltitudeMeters><DistanceMeters>1375.5</DistanceMeters><HeartRateBpm><Value>136</Value></HeartRateBpm><Cadence>84</Cadence><SensorState>Present</SensorState></Trackpoint><Trackpoint><Time>2025-07-31T12:35:16.905Z</Time><Position><LatitudeDegrees>43.34735833</LatitudeDegrees><LongitudeDegrees>-2.82778</LongitudeDegrees></Position><AltitudeMeters>57.913</AltitudeMeters><DistanceMeters>1377.9000244140625</DistanceMeters><HeartRateBpm><Value>136</Value></HeartRateBpm><Cadence>86</Cadence><SensorState>Present</SensorState></Trackpoint><Trackpoint><Time>2025-07-31T12:35:17.905Z</Time><Position><LatitudeDegrees>43.34734833</LatitudeDegrees><LongitudeDegrees>-2.82774833</LongitudeDegrees></Position><AltitudeMeters>57.913</AltitudeMeters><DistanceMeters>1380.5</DistanceMeters><HeartRateBpm><Value>135</Value></HeartRateBpm><Cadence>87</Cadence><SensorState>Present</SensorState></Trackpoint><Trackpoint><Time>2025-07-31T12:35:18.905Z</Time><Position><LatitudeDegrees>43.347335</LatitudeDegrees><LongitudeDegrees>-2.827715</LongitudeDegrees></Position><AltitudeMeters>57.913</AltitudeMeters><DistanceMeters>1383.0</DistanceMeters><HeartRateBpm><Value>135</Value></HeartRateBpm><Cadence>88</Cadence><SensorState>Present</SensorState></Trackpoint><Trackpoint><Time>2025-07-31T12:35:19.905Z</Time><Position><LatitudeDegrees>43.34732333</LatitudeDegrees><LongitudeDegrees>-2.82768333</LongitudeDegrees></Position><AltitudeMeters>57.913</AltitudeMeters><DistanceMeters>1385.5</DistanceMeters><HeartRateBpm><Value>135</Value></HeartRateBpm><Cadence>87</Cadence><SensorState>Present</SensorState></Trackpoint><Trackpoint><Time>2025-07-31T12:35:20.905Z</Time><Position><LatitudeDegrees>43.34731333</LatitudeDegrees><LongitudeDegrees>-2.827655</LongitudeDegrees></Position><AltitudeMeters>57.913</AltitudeMeters><DistanceMeters>1388.300048828125</DistanceMeters><HeartRateBpm><Value>135</Value></HeartRateBpm><Cadence>86</Cadence><SensorState>Present</SensorState></Trackpoint><Trackpoint><Time>2025-07-31T12:35:21.905Z</Time><Position><LatitudeDegrees>43.34730333</LatitudeDegrees><LongitudeDegrees>-2.82762833</LongitudeDegrees></Position><AltitudeMeters>58.065</AltitudeMeters><DistanceMeters>1391.0999755859375</DistanceMeters><HeartRateBpm><Value>135</Value></HeartRateBpm><Cadence>86</Cadence><SensorState>Present</SensorState></Trackpoint><Trackpoint><Time>2025-07-31T12:35:22.905Z</Time><Position><LatitudeDegrees>43.347295</LatitudeDegrees><LongitudeDegrees>-2.82760167</LongitudeDegrees></Position><AltitudeMeters>58.065</AltitudeMeters><DistanceMeters>1393.800048828125</DistanceMeters><HeartRateBpm><Value>135</Value></HeartRateBpm><Cadence>86</Cadence><SensorState>Present</SensorState></Trackpoint><Trackpoint><Time>2025-07-31T12:35:23.905Z</Time><Position><LatitudeDegrees>43.34728667</LatitudeDegrees><LongitudeDegrees>-2.827575</LongitudeDegrees></Position><AltitudeMeters>58.065</AltitudeMeters><DistanceMeters>1396.699951171875</DistanceMeters><HeartRateBpm><Value>136</Value></HeartRateBpm><Cadence>86</Cadence><SensorState>Present</SensorState></Trackpoint><Trackpoint><Time>2025-07-31T12:35:24.905Z</Time><Position><LatitudeDegrees>43.34727833</LatitudeDegrees><LongitudeDegrees>-2.82754833</LongitudeDegrees></Position><AltitudeMeters>58.065</AltitudeMeters><DistanceMeters>1399.4000244140625</DistanceMeters><HeartRateBpm><Value>136</Value></HeartRateBpm><Cadence>86</Cadence><SensorState>Present</SensorState></Trackpoint><Trackpoint><Time>2025-07-31T12:35:25.905Z</Time><Position><LatitudeDegrees>43.34727167</LatitudeDegrees><LongitudeDegrees>-2.82752167</LongitudeDegrees></Position><AltitudeMeters>58.065</AltitudeMeters><DistanceMeters>1401.9000244140625</DistanceMeters><HeartRateBpm><Value>136</Value></HeartRateBpm><Cadence>86</Cadence><SensorState>Present</SensorState></Trackpoint><Trackpoint><Time>2025-07-31T12:35:26.905Z</Time><Position><LatitudeDegrees>43.347265</LatitudeDegrees><LongitudeDegrees>-2.82749167</LongitudeDegrees></Position><AltitudeMeters>58.218</AltitudeMeters><DistanceMeters>1404.300048828125</DistanceMeters><HeartRateBpm><Value>136</Value></HeartRateBpm><Cadence>85</Cadence><SensorState>Present</SensorState></Trackpoint><Trackpoint><Time>2025-07-31T12:35:27.905Z</Time><Position><LatitudeDegrees>43.34726</LatitudeDegrees><LongitudeDegrees>-2.82746167</LongitudeDegrees></Position><AltitudeMeters>58.218</AltitudeMeters><DistanceMeters>1406.699951171875</DistanceMeters><HeartRateBpm><Value>136</Value></HeartRateBpm><Cadence>84</Cadence><SensorState>Present</SensorState></Trackpoint><Trackpoint><Time>2025-07-31T12:35:28.905Z</Time><Position><LatitudeDegrees>43.34725667</LatitudeDegrees><LongitudeDegrees>-2.82743</LongitudeDegrees></Position><AltitudeMeters>58.218</AltitudeMeters><DistanceMeters>1408.9000244140625</DistanceMeters><HeartRateBpm><Value>135</Value></HeartRateBpm><Cadence>84</Cadence><SensorState>Present</SensorState></Trackpoint><Trackpoint><Time>2025-07-31T12:35:29.905Z</Time><Position><LatitudeDegrees>43.34725167</LatitudeDegrees><LongitudeDegrees>-2.82740333</LongitudeDegrees></Position><AltitudeMeters>58.218</AltitudeMeters><DistanceMeters>1411.199951171875</DistanceMeters><HeartRateBpm><Value>135</Value></HeartRateBpm><Cadence>84</Cadence><SensorState>Present</SensorState></Trackpoint><Trackpoint><Time>2025-07-31T12:35:30.905Z</Time><Position><LatitudeDegrees>43.34724667</LatitudeDegrees><LongitudeDegrees>-2.82737833</LongitudeDegrees></Position><AltitudeMeters>58.218</AltitudeMeters><DistanceMeters>1413.4000244140625</DistanceMeters><HeartRateBpm><Value>135</Value></HeartRateBpm><Cadence>84</Cadence><SensorState>Present</SensorState></Trackpoint><Trackpoint><Time>2025-07-31T12:35:31.905Z</Time><Position><LatitudeDegrees>43.34724833</LatitudeDegrees><LongitudeDegrees>-2.82734</LongitudeDegrees></Position><AltitudeMeters>58.218</AltitudeMeters><DistanceMeters>1415.699951171875</DistanceMeters><HeartRateBpm><Value>135</Value></HeartRateBpm><Cadence>84</Cadence><SensorState>Present</SensorState></Trackpoint><Trackpoint><Time>2025-07-31T12:35:32.905Z</Time><Position><LatitudeDegrees>43.34724333</LatitudeDegrees><LongitudeDegrees>-2.82731833</LongitudeDegrees></Position><AltitudeMeters>58.37</AltitudeMeters><DistanceMeters>1417.9000244140625</DistanceMeters><HeartRateBpm><Value>135</Value></HeartRateBpm><Cadence>86</Cadence><SensorState>Present</SensorState></Trackpoint><Trackpoint><Time>2025-07-31T12:35:33.905Z</Time><Position><LatitudeDegrees>43.34723333</LatitudeDegrees><LongitudeDegrees>-2.82730167</LongitudeDegrees></Position><AltitudeMeters>58.37</AltitudeMeters><DistanceMeters>1420.699951171875</DistanceMeters><HeartRateBpm><Value>135</Value></HeartRateBpm><Cadence>86</Cadence><SensorState>Present</SensorState></Trackpoint><Trackpoint><Time>2025-07-31T12:35:34.905Z</Time><Position><LatitudeDegrees>43.347225</LatitudeDegrees><LongitudeDegrees>-2.82728167</LongitudeDegrees></Position><AltitudeMeters>58.37</AltitudeMeters><DistanceMeters>1422.699951171875</DistanceMeters><HeartRateBpm><Value>135</Value></HeartRateBpm><Cadence>87</Cadence><SensorState>Present</SensorState></Trackpoint><Trackpoint><Time>2025-07-31T12:35:35.905Z</Time><Position><LatitudeDegrees>43.347215</LatitudeDegrees><LongitudeDegrees>-2.82726333</LongitudeDegrees></Position><AltitudeMeters>58.522</AltitudeMeters><DistanceMeters>1424.5999755859375</DistanceMeters><HeartRateBpm><Value>135</Value></HeartRateBpm><Cadence>87</Cadence><SensorState>Present</SensorState></Trackpoint><Trackpoint><Time>2025-07-31T12:35:36.905Z</Time><Position><LatitudeDegrees>43.34720333</LatitudeDegrees><LongitudeDegrees>-2.82724333</LongitudeDegrees></Position><AltitudeMeters>58.522</AltitudeMeters><DistanceMeters>1426.4000244140625</DistanceMeters><HeartRateBpm><Value>135</Value></HeartRateBpm><Cadence>86</Cadence><SensorState>Present</SensorState></Trackpoint><Trackpoint><Time>2025-07-31T12:35:37.905Z</Time><Position><LatitudeDegrees>43.34719333</LatitudeDegrees><LongitudeDegrees>-2.82721667</LongitudeDegrees></Position><AltitudeMeters>58.522</AltitudeMeters><DistanceMeters>1428.0999755859375</DistanceMeters><HeartRateBpm><Value>135</Value></HeartRateBpm><Cadence>86</Cadence><SensorState>Present</SensorState></Trackpoint><Trackpoint><Time>2025-07-31T12:35:38.905Z</Time><Position><LatitudeDegrees>43.347185</LatitudeDegrees><LongitudeDegrees>-2.82719333</LongitudeDegrees></Position><AltitudeMeters>58.675</AltitudeMeters><DistanceMeters>1430.0999755859375</DistanceMeters><HeartRateBpm><Value>136</Value></HeartRateBpm><Cadence>86</Cadence><SensorState>Present</SensorState></Trackpoint><Trackpoint><Time>2025-07-31T12:35:39.905Z</Time><Position><LatitudeDegrees>43.34717667</LatitudeDegrees><LongitudeDegrees>-2.82716833</LongitudeDegrees></Position><AltitudeMeters>58.675</AltitudeMeters><DistanceMeters>1431.800048828125</DistanceMeters><HeartRateBpm><Value>136</Value></HeartRateBpm><Cadence>85</Cadence><SensorState>Present</SensorState></Trackpoint><Trackpoint><Time>2025-07-31T12:35:40.905Z</Time><Position><LatitudeDegrees>43.34717</LatitudeDegrees><LongitudeDegrees>-2.82714333</LongitudeDegrees></Position><AltitudeMeters>58.675</AltitudeMeters><DistanceMeters>1433.800048828125</DistanceMeters><HeartRateBpm><Value>136</Value></HeartRateBpm><Cadence>84</Cadence><SensorState>Present</SensorState></Trackpoint><Trackpoint><Time>2025-07-31T12:35:41.905Z</Time><Position><LatitudeDegrees>43.347165</LatitudeDegrees><LongitudeDegrees>-2.827115</LongitudeDegrees></Position><AltitudeMeters>58.827</AltitudeMeters><DistanceMeters>1436.0</DistanceMeters><HeartRateBpm><Value>136</Value></HeartRateBpm><Cadence>84</Cadence><SensorState>Present</SensorState></Trackpoint><Trackpoint><Time>2025-07-31T12:35:42.905Z</Time><Position><LatitudeDegrees>43.34715667</LatitudeDegrees><LongitudeDegrees>-2.82708333</LongitudeDegrees></Position><AltitudeMeters>58.827</AltitudeMeters><DistanceMeters>1437.800048828125</DistanceMeters><HeartRateBpm><Value>137</Value></HeartRateBpm><Cadence>84</Cadence><SensorState>Present</SensorState></Trackpoint><Trackpoint><Time>2025-07-31T12:35:43.905Z</Time><Position><LatitudeDegrees>43.34714667</LatitudeDegrees><LongitudeDegrees>-2.82705</LongitudeDegrees></Position><AltitudeMeters>58.98</AltitudeMeters><DistanceMeters>1440.199951171875</DistanceMeters><HeartRateBpm><Value>137</Value></HeartRateBpm><Cadence>84</Cadence><SensorState>Present</SensorState></Trackpoint><Trackpoint><Time>2025-07-31T12:35:44.905Z</Time><Position><LatitudeDegrees>43.34713667</LatitudeDegrees><LongitudeDegrees>-2.827015</LongitudeDegrees></Position><AltitudeMeters>58.98</AltitudeMeters><DistanceMeters>1443.0</DistanceMeters><HeartRateBpm><Value>137</Value></HeartRateBpm><Cadence>84</Cadence><SensorState>Present</SensorState></Trackpoint><Trackpoint><Time>2025-07-31T12:35:45.905Z</Time><Position><LatitudeDegrees>43.34713167</LatitudeDegrees><LongitudeDegrees>-2.82698833</LongitudeDegrees></Position><AltitudeMeters>58.98</AltitudeMeters><DistanceMeters>1446.0</DistanceMeters><HeartRateBpm><Value>137</Value></HeartRateBpm><Cadence>84</Cadence><SensorState>Present</SensorState></Trackpoint><Trackpoint><Time>2025-07-31T12:35:46.905Z</Time><Position><LatitudeDegrees>43.34712</LatitudeDegrees><LongitudeDegrees>-2.82696</LongitudeDegrees></Position><AltitudeMeters>59.132</AltitudeMeters><DistanceMeters>1449.0999755859375</DistanceMeters><HeartRateBpm><Value>137</Value></HeartRateBpm><Cadence>84</Cadence><SensorState>Present</SensorState></Trackpoint><Trackpoint><Time>2025-07-31T12:35:47.905Z</Time><Position><LatitudeDegrees>43.347105</LatitudeDegrees><LongitudeDegrees>-2.82693</LongitudeDegrees></Position><AltitudeMeters>59.132</AltitudeMeters><DistanceMeters>1451.800048828125</DistanceMeters><HeartRateBpm><Value>137</Value></HeartRateBpm><Cadence>84</Cadence><SensorState>Present</SensorState></Trackpoint><Trackpoint><Time>2025-07-31T12:35:48.905Z</Time><Position><LatitudeDegrees>43.34709333</LatitudeDegrees><LongitudeDegrees>-2.8269</LongitudeDegrees></Position><AltitudeMeters>59.284</AltitudeMeters><DistanceMeters>1454.5</DistanceMeters><HeartRateBpm><Value>138</Value></HeartRateBpm><Cadence>85</Cadence><SensorState>Present</SensorState></Trackpoint><Trackpoint><Time>2025-07-31T12:35:49.905Z</Time><Position><LatitudeDegrees>43.34707833</LatitudeDegrees><LongitudeDegrees>-2.82687</LongitudeDegrees></Position><AltitudeMeters>59.284</AltitudeMeters><DistanceMeters>1457.5</DistanceMeters><HeartRateBpm><Value>138</Value></HeartRateBpm><Cadence>85</Cadence><SensorState>Present</SensorState></Trackpoint><Trackpoint><Time>2025-07-31T12:35:50.905Z</Time><Position><LatitudeDegrees>43.347065</LatitudeDegrees><LongitudeDegrees>-2.826845</LongitudeDegrees></Position><AltitudeMeters>59.284</AltitudeMeters><DistanceMeters>1460.5</DistanceMeters><HeartRateBpm><Value>138</Value></HeartRateBpm><Cadence>85</Cadence><SensorState>Present</SensorState></Trackpoint><Trackpoint><Time>2025-07-31T12:35:51.905Z</Time><Position><LatitudeDegrees>43.34704833</LatitudeDegrees><LongitudeDegrees>-2.826815</LongitudeDegrees></Position><AltitudeMeters>59.437</AltitudeMeters><DistanceMeters>1463.699951171875</DistanceMeters><HeartRateBpm><Value>138</Value></HeartRateBpm><Cadence>85</Cadence><SensorState>Present</SensorState></Trackpoint><Trackpoint><Time>2025-07-31T12:35:52.905Z</Time><Position><LatitudeDegrees>43.34703167</LatitudeDegrees><LongitudeDegrees>-2.82678667</LongitudeDegrees></Position><AltitudeMeters>59.437</AltitudeMeters><DistanceMeters>1466.5999755859375</DistanceMeters><HeartRateBpm><Value>139</Value></HeartRateBpm><Cadence>85</Cadence><SensorState>Present</SensorState></Trackpoint><Trackpoint><Time>2025-07-31T12:35:53.905Z</Time><Position><LatitudeDegrees>43.34701667</LatitudeDegrees><LongitudeDegrees>-2.82675833</LongitudeDegrees></Position><AltitudeMeters>59.589</AltitudeMeters><DistanceMeters>1469.5</DistanceMeters><HeartRateBpm><Value>139</Value></HeartRateBpm><Cadence>85</Cadence><SensorState>Present</SensorState></Trackpoint><Trackpoint><Time>2025-07-31T12:35:54.905Z</Time><Position><LatitudeDegrees>43.347005</LatitudeDegrees><LongitudeDegrees>-2.826725</LongitudeDegrees></Position><AltitudeMeters>59.589</AltitudeMeters><DistanceMeters>1472.300048828125</DistanceMeters><HeartRateBpm><Value>139</Value></HeartRateBpm><Cadence>84</Cadence><SensorState>Present</SensorState></Trackpoint><Trackpoint><Time>2025-07-31T12:35:55.905Z</Time><Position><LatitudeDegrees>43.34699167</LatitudeDegrees><LongitudeDegrees>-2.82669833</LongitudeDegrees></Position><AltitudeMeters>59.742</AltitudeMeters><DistanceMeters>1475.0999755859375</DistanceMeters><HeartRateBpm><Value>139</Value></HeartRateBpm><Cadence>84</Cadence><SensorState>Present</SensorState></Trackpoint><Trackpoint><Time>2025-07-31T12:35:56.905Z</Time><Position><LatitudeDegrees>43.34698</LatitudeDegrees><LongitudeDegrees>-2.826665</LongitudeDegrees></Position><AltitudeMeters>59.742</AltitudeMeters><DistanceMeters>1478.300048828125</DistanceMeters><HeartRateBpm><Value>140</Value></HeartRateBpm><Cadence>84</Cadence><SensorState>Present</SensorState></Trackpoint><Trackpoint><Time>2025-07-31T12:35:57.905Z</Time><Position><LatitudeDegrees>43.346965</LatitudeDegrees><LongitudeDegrees>-2.826635</LongitudeDegrees></Position><AltitudeMeters>59.894</AltitudeMeters><DistanceMeters>1481.199951171875</DistanceMeters><HeartRateBpm><Value>140</Value></HeartRateBpm><Cadence>84</Cadence><SensorState>Present</SensorState></Trackpoint><Trackpoint><Time>2025-07-31T12:35:58.905Z</Time><Position><LatitudeDegrees>43.34694833</LatitudeDegrees><LongitudeDegrees>-2.82660667</LongitudeDegrees></Position><AltitudeMeters>59.894</AltitudeMeters><DistanceMeters>1484.0999755859375</DistanceMeters><HeartRateBpm><Value>140</Value></HeartRateBpm><Cadence>84</Cadence><SensorState>Present</SensorState></Trackpoint><Trackpoint><Time>2025-07-31T12:35:59.905Z</Time><Position><LatitudeDegrees>43.34693167</LatitudeDegrees><LongitudeDegrees>-2.82658167</LongitudeDegrees></Position><AltitudeMeters>60.046</AltitudeMeters><DistanceMeters>1487.199951171875</DistanceMeters><HeartRateBpm><Value>141</Value></HeartRateBpm><Cadence>84</Cadence><SensorState>Present</SensorState></Trackpoint><Trackpoint><Time>2025-07-31T12:36:00.905Z</Time><Position><LatitudeDegrees>43.34691333</LatitudeDegrees><LongitudeDegrees>-2.82655667</LongitudeDegrees></Position><AltitudeMeters>60.046</AltitudeMeters><DistanceMeters>1490.0999755859375</DistanceMeters><HeartRateBpm><Value>141</Value></HeartRateBpm><Cadence>85</Cadence><SensorState>Present</SensorState></Trackpoint><Trackpoint><Time>2025-07-31T12:36:01.905Z</Time><Position><LatitudeDegrees>43.346895</LatitudeDegrees><LongitudeDegrees>-2.82652833</LongitudeDegrees></Position><AltitudeMeters>60.046</AltitudeMeters><DistanceMeters>1493.0</DistanceMeters><HeartRateBpm><Value>141</Value></HeartRateBpm><Cadence>85</Cadence><SensorState>Present</SensorState></Trackpoint><Trackpoint><Time>2025-07-31T12:36:02.905Z</Time><Position><LatitudeDegrees>43.34687333</LatitudeDegrees><LongitudeDegrees>-2.82650167</LongitudeDegrees></Position><AltitudeMeters>60.199</AltitudeMeters><DistanceMeters>1495.9000244140625</DistanceMeters><HeartRateBpm><Value>141</Value></HeartRateBpm><Cadence>85</Cadence><SensorState>Present</SensorState></Trackpoint><Trackpoint><Time>2025-07-31T12:36:03.905Z</Time><Position><LatitudeDegrees>43.34685667</LatitudeDegrees><LongitudeDegrees>-2.82648167</LongitudeDegrees></Position><AltitudeMeters>60.199</AltitudeMeters><DistanceMeters>1498.9000244140625</DistanceMeters><HeartRateBpm><Value>141</Value></HeartRateBpm><Cadence>85</Cadence><SensorState>Present</SensorState></Trackpoint><Trackpoint><Time>2025-07-31T12:36:04.905Z</Time><Position><LatitudeDegrees>43.346835</LatitudeDegrees><LongitudeDegrees>-2.826465</LongitudeDegrees></Position><AltitudeMeters>60.199</AltitudeMeters><DistanceMeters>1501.9000244140625</DistanceMeters><HeartRateBpm><Value>141</Value></HeartRateBpm><Cadence>85</Cadence><SensorState>Present</SensorState></Trackpoint><Trackpoint><Time>2025-07-31T12:36:05.905Z</Time><Position><LatitudeDegrees>43.346815</LatitudeDegrees><LongitudeDegrees>-2.826445</LongitudeDegrees></Position><AltitudeMeters>60.351</AltitudeMeters><DistanceMeters>1504.5999755859375</DistanceMeters><HeartRateBpm><Value>141</Value></HeartRateBpm><Cadence>85</Cadence><SensorState>Present</SensorState></Trackpoint><Trackpoint><Time>2025-07-31T12:36:06.905Z</Time><Position><LatitudeDegrees>43.34678333</LatitudeDegrees><LongitudeDegrees>-2.82641333</LongitudeDegrees></Position><AltitudeMeters>60.351</AltitudeMeters><DistanceMeters>1507.5</DistanceMeters><HeartRateBpm><Value>141</Value></HeartRateBpm><Cadence>85</Cadence><SensorState>Present</SensorState></Trackpoint><Trackpoint><Time>2025-07-31T12:36:07.905Z</Time><Position><LatitudeDegrees>43.34676</LatitudeDegrees><LongitudeDegrees>-2.82638833</LongitudeDegrees></Position><AltitudeMeters>60.504</AltitudeMeters><DistanceMeters>1510.300048828125</DistanceMeters><HeartRateBpm><Value>141</Value></HeartRateBpm><Cadence>85</Cadence><SensorState>Present</SensorState></Trackpoint><Trackpoint><Time>2025-07-31T12:36:08.905Z</Time><Position><LatitudeDegrees>43.34673667</LatitudeDegrees><LongitudeDegrees>-2.826365</LongitudeDegrees></Position><AltitudeMeters>60.504</AltitudeMeters><DistanceMeters>1514.0999755859375</DistanceMeters><HeartRateBpm><Value>141</Value></HeartRateBpm><Cadence>87</Cadence><SensorState>Present</SensorState></Trackpoint><Trackpoint><Time>2025-07-31T12:36:09.905Z</Time><Position><LatitudeDegrees>43.34670833</LatitudeDegrees><LongitudeDegrees>-2.82633833</LongitudeDegrees></Position><AltitudeMeters>60.656</AltitudeMeters><DistanceMeters>1517.4000244140625</DistanceMeters><HeartRateBpm><Value>140</Value></HeartRateBpm><Cadence>86</Cadence><SensorState>Present</SensorState></Trackpoint><Trackpoint><Time>2025-07-31T12:36:10.905Z</Time><Position><LatitudeDegrees>43.346685</LatitudeDegrees><LongitudeDegrees>-2.826315</LongitudeDegrees></Position><AltitudeMeters>60.656</AltitudeMeters><DistanceMeters>1520.800048828125</DistanceMeters><HeartRateBpm><Value>140</Value></HeartRateBpm><Cadence>86</Cadence><SensorState>Present</SensorState></Trackpoint><Trackpoint><Time>2025-07-31T12:36:11.905Z</Time><Position><LatitudeDegrees>43.34666333</LatitudeDegrees><LongitudeDegrees>-2.82629167</LongitudeDegrees></Position><AltitudeMeters>60.808</AltitudeMeters><DistanceMeters>1524.5999755859375</DistanceMeters><HeartRateBpm><Value>140</Value></HeartRateBpm><Cadence>86</Cadence><SensorState>Present</SensorState></Trackpoint><Trackpoint><Time>2025-07-31T12:36:12.905Z</Time><Position><LatitudeDegrees>43.34664167</LatitudeDegrees><LongitudeDegrees>-2.82626833</LongitudeDegrees></Position><AltitudeMeters>60.808</AltitudeMeters><DistanceMeters>1528.0999755859375</DistanceMeters><HeartRateBpm><Value>140</Value></HeartRateBpm><Cadence>86</Cadence><SensorState>Present</SensorState></Trackpoint><Trackpoint><Time>2025-07-31T12:36:13.905Z</Time><Position><LatitudeDegrees>43.34662167</LatitudeDegrees><LongitudeDegrees>-2.82624667</LongitudeDegrees></Position><AltitudeMeters>60.808</AltitudeMeters><DistanceMeters>1531.5</DistanceMeters><HeartRateBpm><Value>140</Value></HeartRateBpm><Cadence>86</Cadence><SensorState>Present</SensorState></Trackpoint><Trackpoint><Time>2025-07-31T12:36:14.905Z</Time><Position><LatitudeDegrees>43.3466</LatitudeDegrees><LongitudeDegrees>-2.82622333</LongitudeDegrees></Position><AltitudeMeters>60.961</AltitudeMeters><DistanceMeters>1535.0</DistanceMeters><HeartRateBpm><Value>140</Value></HeartRateBpm><Cadence>88</Cadence><SensorState>Present</SensorState></Trackpoint><Trackpoint><Time>2025-07-31T12:36:15.905Z</Time><Position><LatitudeDegrees>43.34657833</LatitudeDegrees><LongitudeDegrees>-2.82620167</LongitudeDegrees></Position><AltitudeMeters>60.961</AltitudeMeters><DistanceMeters>1538.300048828125</DistanceMeters><HeartRateBpm><Value>140</Value></HeartRateBpm><Cadence>87</Cadence><SensorState>Present</SensorState></Trackpoint><Trackpoint><Time>2025-07-31T12:36:16.905Z</Time><Position><LatitudeDegrees>43.346555</LatitudeDegrees><LongitudeDegrees>-2.82617667</LongitudeDegrees></Position><AltitudeMeters>61.113</AltitudeMeters><DistanceMeters>1541.5999755859375</DistanceMeters><HeartRateBpm><Value>139</Value></HeartRateBpm><Cadence>87</Cadence><SensorState>Present</SensorState></Trackpoint><Trackpoint><Time>2025-07-31T12:36:17.905Z</Time><Position><LatitudeDegrees>43.34653167</LatitudeDegrees><LongitudeDegrees>-2.82615333</LongitudeDegrees></Position><AltitudeMeters>61.113</AltitudeMeters><DistanceMeters>1544.199951171875</DistanceMeters><HeartRateBpm><Value>139</Value></HeartRateBpm><Cadence>86</Cadence><SensorState>Present</SensorState></Trackpoint><Trackpoint><Time>2025-07-31T12:36:18.905Z</Time><Position><LatitudeDegrees>43.34650833</LatitudeDegrees><LongitudeDegrees>-2.82612833</LongitudeDegrees></Position><AltitudeMeters>61.113</AltitudeMeters><DistanceMeters>1547.300048828125</DistanceMeters><HeartRateBpm><Value>139</Value></HeartRateBpm><Cadence>88</Cadence><SensorState>Present</SensorState></Trackpoint><Trackpoint><Time>2025-07-31T12:36:19.905Z</Time><Position><LatitudeDegrees>43.346485</LatitudeDegrees><LongitudeDegrees>-2.82610333</LongitudeDegrees></Position><AltitudeMeters>61.266</AltitudeMeters><DistanceMeters>1550.4000244140625</DistanceMeters><HeartRateBpm><Value>139</Value></HeartRateBpm><Cadence>88</Cadence><SensorState>Present</SensorState></Trackpoint><Trackpoint><Time>2025-07-31T12:36:20.905Z</Time><Position><LatitudeDegrees>43.34646167</LatitudeDegrees><LongitudeDegrees>-2.82608167</LongitudeDegrees></Position><AltitudeMeters>61.266</AltitudeMeters><DistanceMeters>1553.300048828125</DistanceMeters><HeartRateBpm><Value>139</Value></HeartRateBpm><Cadence>88</Cadence><SensorState>Present</SensorState></Trackpoint><Trackpoint><Time>2025-07-31T12:36:21.905Z</Time><Position><LatitudeDegrees>43.34643667</LatitudeDegrees><LongitudeDegrees>-2.82606</LongitudeDegrees></Position><AltitudeMeters>61.266</AltitudeMeters><DistanceMeters>1556.5</DistanceMeters><HeartRateBpm><Value>139</Value></HeartRateBpm><Cadence>87</Cadence><SensorState>Present</SensorState></Trackpoint><Trackpoint><Time>2025-07-31T12:36:22.905Z</Time><Position><LatitudeDegrees>43.34641167</LatitudeDegrees><LongitudeDegrees>-2.82603667</LongitudeDegrees></Position><AltitudeMeters>61.418</AltitudeMeters><DistanceMeters>1559.699951171875</DistanceMeters><HeartRateBpm><Value>139</Value></HeartRateBpm><Cadence>88</Cadence><SensorState>Present</SensorState></Trackpoint><Trackpoint><Time>2025-07-31T12:36:23.905Z</Time><Position><LatitudeDegrees>43.34639</LatitudeDegrees><LongitudeDegrees>-2.82601667</LongitudeDegrees></Position><AltitudeMeters>61.418</AltitudeMeters><DistanceMeters>1563.199951171875</DistanceMeters><HeartRateBpm><Value>139</Value></HeartRateBpm><Cadence>88</Cadence><SensorState>Present</SensorState></Trackpoint><Trackpoint><Time>2025-07-31T12:36:24.905Z</Time><Position><LatitudeDegrees>43.34636667</LatitudeDegrees><LongitudeDegrees>-2.82599333</LongitudeDegrees></Position><AltitudeMeters>61.418</AltitudeMeters><DistanceMeters>1566.699951171875</DistanceMeters><HeartRateBpm><Value>139</Value></HeartRateBpm><Cadence>87</Cadence><SensorState>Present</SensorState></Trackpoint><Trackpoint><Time>2025-07-31T12:36:25.905Z</Time><Position><LatitudeDegrees>43.34634333</LatitudeDegrees><LongitudeDegrees>-2.82597</LongitudeDegrees></Position><AltitudeMeters>61.57</AltitudeMeters><DistanceMeters>1569.800048828125</DistanceMeters><HeartRateBpm><Value>139</Value></HeartRateBpm><Cadence>86</Cadence><SensorState>Present</SensorState></Trackpoint><Trackpoint><Time>2025-07-31T12:36:26.905Z</Time><Position><LatitudeDegrees>43.34632167</LatitudeDegrees><LongitudeDegrees>-2.82594667</LongitudeDegrees></Position><AltitudeMeters>61.57</AltitudeMeters><DistanceMeters>1573.0999755859375</DistanceMeters><HeartRateBpm><Value>139</Value></HeartRateBpm><Cadence>87</Cadence><SensorState>Present</SensorState></Trackpoint><Trackpoint><Time>2025-07-31T12:36:27.905Z</Time><Position><LatitudeDegrees>43.34630333</LatitudeDegrees><LongitudeDegrees>-2.82592333</LongitudeDegrees></Position><AltitudeMeters>61.57</AltitudeMeters><DistanceMeters>1576.300048828125</DistanceMeters><HeartRateBpm><Value>139</Value></HeartRateBpm><Cadence>86</Cadence><SensorState>Present</SensorState></Trackpoint><Trackpoint><Time>2025-07-31T12:36:28.905Z</Time><Position><LatitudeDegrees>43.34628667</LatitudeDegrees><LongitudeDegrees>-2.82589833</LongitudeDegrees></Position><AltitudeMeters>61.57</AltitudeMeters><DistanceMeters>1579.300048828125</DistanceMeters><HeartRateBpm><Value>139</Value></HeartRateBpm><Cadence>86</Cadence><SensorState>Present</SensorState></Trackpoint><Trackpoint><Time>2025-07-31T12:36:29.905Z</Time><Position><LatitudeDegrees>43.34627</LatitudeDegrees><LongitudeDegrees>-2.82587</LongitudeDegrees></Position><AltitudeMeters>61.57</AltitudeMeters><DistanceMeters>1582.199951171875</DistanceMeters><HeartRateBpm><Value>139</Value></HeartRateBpm><Cadence>86</Cadence><SensorState>Present</SensorState></Trackpoint><Trackpoint><Time>2025-07-31T12:36:30.905Z</Time><Position><LatitudeDegrees>43.346255</LatitudeDegrees><LongitudeDegrees>-2.82584</LongitudeDegrees></Position><AltitudeMeters>61.57</AltitudeMeters><DistanceMeters>1585.0</DistanceMeters><HeartRateBpm><Value>139</Value></HeartRateBpm><Cadence>86</Cadence><SensorState>Present</SensorState></Trackpoint><Trackpoint><Time>2025-07-31T12:36:31.905Z</Time><Position><LatitudeDegrees>43.34624333</LatitudeDegrees><LongitudeDegrees>-2.82581</LongitudeDegrees></Position><AltitudeMeters>61.57</AltitudeMeters><DistanceMeters>1587.800048828125</DistanceMeters><HeartRateBpm><Value>139</Value></HeartRateBpm><Cadence>86</Cadence><SensorState>Present</SensorState></Trackpoint><Trackpoint><Time>2025-07-31T12:36:32.905Z</Time><Position><LatitudeDegrees>43.34623333</LatitudeDegrees><LongitudeDegrees>-2.825775</LongitudeDegrees></Position><AltitudeMeters>61.57</AltitudeMeters><DistanceMeters>1590.699951171875</DistanceMeters><HeartRateBpm><Value>139</Value></HeartRateBpm><Cadence>87</Cadence><SensorState>Present</SensorState></Trackpoint><Trackpoint><Time>2025-07-31T12:36:33.905Z</Time><Position><LatitudeDegrees>43.34622333</LatitudeDegrees><LongitudeDegrees>-2.82574</LongitudeDegrees></Position><AltitudeMeters>61.57</AltitudeMeters><DistanceMeters>1593.300048828125</DistanceMeters><HeartRateBpm><Value>138</Value></HeartRateBpm><Cadence>86</Cadence><SensorState>Present</SensorState></Trackpoint><Trackpoint><Time>2025-07-31T12:36:34.905Z</Time><Position><LatitudeDegrees>43.346215</LatitudeDegrees><LongitudeDegrees>-2.82570167</LongitudeDegrees></Position><AltitudeMeters>61.57</AltitudeMeters><DistanceMeters>1596.0999755859375</DistanceMeters><HeartRateBpm><Value>138</Value></HeartRateBpm><Cadence>86</Cadence><SensorState>Present</SensorState></Trackpoint><Trackpoint><Time>2025-07-31T12:36:35.905Z</Time><Position><LatitudeDegrees>43.346205</LatitudeDegrees><LongitudeDegrees>-2.825665</LongitudeDegrees></Position><AltitudeMeters>61.57</AltitudeMeters><DistanceMeters>1599.0999755859375</DistanceMeters><HeartRateBpm><Value>138</Value></HeartRateBpm><Cadence>87</Cadence><SensorState>Present</SensorState></Trackpoint><Trackpoint><Time>2025-07-31T12:36:36.905Z</Time><Position><LatitudeDegrees>43.34619167</LatitudeDegrees><LongitudeDegrees>-2.82562833</LongitudeDegrees></Position><AltitudeMeters>61.418</AltitudeMeters><DistanceMeters>1602.0</DistanceMeters><HeartRateBpm><Value>138</Value></HeartRateBpm><Cadence>86</Cadence><SensorState>Present</SensorState></Trackpoint><Trackpoint><Time>2025-07-31T12:36:37.905Z</Time><Position><LatitudeDegrees>43.34617167</LatitudeDegrees><LongitudeDegrees>-2.82559667</LongitudeDegrees></Position><AltitudeMeters>61.418</AltitudeMeters><DistanceMeters>1605.0</DistanceMeters><HeartRateBpm><Value>138</Value></HeartRateBpm><Cadence>88</Cadence><SensorState>Present</SensorState></Trackpoint><Trackpoint><Time>2025-07-31T12:36:38.905Z</Time><Position><LatitudeDegrees>43.34614833</LatitudeDegrees><LongitudeDegrees>-2.82557833</LongitudeDegrees></Position><AltitudeMeters>61.418</AltitudeMeters><DistanceMeters>1608.4000244140625</DistanceMeters><HeartRateBpm><Value>138</Value></HeartRateBpm><Cadence>88</Cadence><SensorState>Present</SensorState></Trackpoint><Trackpoint><Time>2025-07-31T12:36:39.905Z</Time><Position><LatitudeDegrees>43.34611833</LatitudeDegrees><LongitudeDegrees>-2.82556667</LongitudeDegrees></Position><AltitudeMeters>61.418</AltitudeMeters><DistanceMeters>1611.699951171875</DistanceMeters><HeartRateBpm><Value>137</Value></HeartRateBpm><Cadence>88</Cadence><SensorState>Present</SensorState></Trackpoint><Trackpoint><Time>2025-07-31T12:36:40.905Z</Time><Position><LatitudeDegrees>43.346085</LatitudeDegrees><LongitudeDegrees>-2.82556667</LongitudeDegrees></Position><AltitudeMeters>61.266</AltitudeMeters><DistanceMeters>1614.5999755859375</DistanceMeters><HeartRateBpm><Value>137</Value></HeartRateBpm><Cadence>88</Cadence><SensorState>Present</SensorState></Trackpoint><Trackpoint><Time>2025-07-31T12:36:41.905Z</Time><Position><LatitudeDegrees>43.346055</LatitudeDegrees><LongitudeDegrees>-2.82557833</LongitudeDegrees></Position><AltitudeMeters>61.266</AltitudeMeters><DistanceMeters>1617.9000244140625</DistanceMeters><HeartRateBpm><Value>137</Value></HeartRateBpm><Cadence>88</Cadence><SensorState>Present</SensorState></Trackpoint><Trackpoint><Time>2025-07-31T12:36:42.905Z</Time><Position><LatitudeDegrees>43.34602167</LatitudeDegrees><LongitudeDegrees>-2.82559333</LongitudeDegrees></Position><AltitudeMeters>61.266</AltitudeMeters><DistanceMeters>1621.4000244140625</DistanceMeters><HeartRateBpm><Value>137</Value></HeartRateBpm><Cadence>88</Cadence><SensorState>Present</SensorState></Trackpoint><Trackpoint><Time>2025-07-31T12:36:43.905Z</Time><Position><LatitudeDegrees>43.34599</LatitudeDegrees><LongitudeDegrees>-2.82560833</LongitudeDegrees></Position><AltitudeMeters>61.266</AltitudeMeters><DistanceMeters>1624.5</DistanceMeters><HeartRateBpm><Value>137</Value></HeartRateBpm><Cadence>88</Cadence><SensorState>Present</SensorState></Trackpoint><Trackpoint><Time>2025-07-31T12:36:44.905Z</Time><Position><LatitudeDegrees>43.34596167</LatitudeDegrees><LongitudeDegrees>-2.82562167</LongitudeDegrees></Position><AltitudeMeters>61.266</AltitudeMeters><DistanceMeters>1628.0</DistanceMeters><HeartRateBpm><Value>137</Value></HeartRateBpm><Cadence>88</Cadence><SensorState>Present</SensorState></Trackpoint><Trackpoint><Time>2025-07-31T12:36:45.905Z</Time><Position><LatitudeDegrees>43.34593</LatitudeDegrees><LongitudeDegrees>-2.82563667</LongitudeDegrees></Position><AltitudeMeters>61.266</AltitudeMeters><DistanceMeters>1631.300048828125</DistanceMeters><HeartRateBpm><Value>136</Value></HeartRateBpm><Cadence>88</Cadence><SensorState>Present</SensorState></Trackpoint><Trackpoint><Time>2025-07-31T12:36:46.905Z</Time><Position><LatitudeDegrees>43.34589833</LatitudeDegrees><LongitudeDegrees>-2.82564667</LongitudeDegrees></Position><AltitudeMeters>61.266</AltitudeMeters><DistanceMeters>1634.5999755859375</DistanceMeters><HeartRateBpm><Value>136</Value></HeartRateBpm><Cadence>88</Cadence><SensorState>Present</SensorState></Trackpoint><Trackpoint><Time>2025-07-31T12:36:47.905Z</Time><Position><LatitudeDegrees>43.34586</LatitudeDegrees><LongitudeDegrees>-2.825655</LongitudeDegrees></Position><AltitudeMeters>61.113</AltitudeMeters><DistanceMeters>1638.300048828125</DistanceMeters><HeartRateBpm><Value>136</Value></HeartRateBpm><Cadence>88</Cadence><SensorState>Present</SensorState></Trackpoint><Trackpoint><Time>2025-07-31T12:36:48.905Z</Time><Position><LatitudeDegrees>43.34583</LatitudeDegrees><LongitudeDegrees>-2.82565833</LongitudeDegrees></Position><AltitudeMeters>61.113</AltitudeMeters><DistanceMeters>1642.300048828125</DistanceMeters><HeartRateBpm><Value>136</Value></HeartRateBpm><Cadence>88</Cadence><SensorState>Present</SensorState></Trackpoint><Trackpoint><Time>2025-07-31T12:36:49.905Z</Time><Position><LatitudeDegrees>43.34579833</LatitudeDegrees><LongitudeDegrees>-2.82566</LongitudeDegrees></Position><AltitudeMeters>61.113</AltitudeMeters><DistanceMeters>1646.699951171875</DistanceMeters><HeartRateBpm><Value>137</Value></HeartRateBpm><Cadence>88</Cadence><SensorState>Present</SensorState></Trackpoint><Trackpoint><Time>2025-07-31T12:36:50.905Z</Time><Position><LatitudeDegrees>43.34577</LatitudeDegrees><LongitudeDegrees>-2.82565167</LongitudeDegrees></Position><AltitudeMeters>61.113</AltitudeMeters><DistanceMeters>1650.5999755859375</DistanceMeters><HeartRateBpm><Value>137</Value></HeartRateBpm><Cadence>88</Cadence><SensorState>Present</SensorState></Trackpoint><Trackpoint><Time>2025-07-31T12:36:51.905Z</Time><Position><LatitudeDegrees>43.345745</LatitudeDegrees><LongitudeDegrees>-2.82565167</LongitudeDegrees></Position><AltitudeMeters>61.113</AltitudeMeters><DistanceMeters>1654.199951171875</DistanceMeters><HeartRateBpm><Value>137</Value></HeartRateBpm><Cadence>88</Cadence><SensorState>Present</SensorState></Trackpoint><Trackpoint><Time>2025-07-31T12:36:52.905Z</Time><Position><LatitudeDegrees>43.34572</LatitudeDegrees><LongitudeDegrees>-2.82565667</LongitudeDegrees></Position><AltitudeMeters>60.961</AltitudeMeters><DistanceMeters>1657.5</DistanceMeters><HeartRateBpm><Value>137</Value></HeartRateBpm><Cadence>88</Cadence><SensorState>Present</SensorState></Trackpoint><Trackpoint><Time>2025-07-31T12:36:53.905Z</Time><Position><LatitudeDegrees>43.34569</LatitudeDegrees><LongitudeDegrees>-2.82565833</LongitudeDegrees></Position><AltitudeMeters>60.961</AltitudeMeters><DistanceMeters>1660.4000244140625</DistanceMeters><HeartRateBpm><Value>137</Value></HeartRateBpm><Cadence>88</Cadence><SensorState>Present</SensorState></Trackpoint><Trackpoint><Time>2025-07-31T12:36:54.905Z</Time><Position><LatitudeDegrees>43.34566167</LatitudeDegrees><LongitudeDegrees>-2.82566167</LongitudeDegrees></Position><AltitudeMeters>60.808</AltitudeMeters><DistanceMeters>1663.300048828125</DistanceMeters><HeartRateBpm><Value>137</Value></HeartRateBpm><Cadence>88</Cadence><SensorState>Present</SensorState></Trackpoint><Trackpoint><Time>2025-07-31T12:36:55.905Z</Time><Position><LatitudeDegrees>43.345635</LatitudeDegrees><LongitudeDegrees>-2.82566333</LongitudeDegrees></Position><AltitudeMeters>60.808</AltitudeMeters><DistanceMeters>1666.5</DistanceMeters><HeartRateBpm><Value>137</Value></HeartRateBpm><Cadence>88</Cadence><SensorState>Present</SensorState></Trackpoint><Trackpoint><Time>2025-07-31T12:36:56.905Z</Time><Position><LatitudeDegrees>43.34561</LatitudeDegrees><LongitudeDegrees>-2.82566333</LongitudeDegrees></Position><AltitudeMeters>60.656</AltitudeMeters><DistanceMeters>1669.4000244140625</DistanceMeters><HeartRateBpm><Value>137</Value></HeartRateBpm><Cadence>88</Cadence><SensorState>Present</SensorState></Trackpoint><Trackpoint><Time>2025-07-31T12:36:57.905Z</Time><Position><LatitudeDegrees>43.34558667</LatitudeDegrees><LongitudeDegrees>-2.82566667</LongitudeDegrees></Position><AltitudeMeters>60.656</AltitudeMeters><DistanceMeters>1672.300048828125</DistanceMeters><HeartRateBpm><Value>137</Value></HeartRateBpm><Cadence>88</Cadence><SensorState>Present</SensorState></Trackpoint><Trackpoint><Time>2025-07-31T12:36:58.905Z</Time><Position><LatitudeDegrees>43.34557167</LatitudeDegrees><LongitudeDegrees>-2.82567333</LongitudeDegrees></Position><AltitudeMeters>60.504</AltitudeMeters><DistanceMeters>1674.5999755859375</DistanceMeters><HeartRateBpm><Value>137</Value></HeartRateBpm><Cadence>88</Cadence><SensorState>Present</SensorState></Trackpoint><Trackpoint><Time>2025-07-31T12:36:59.905Z</Time><Position><LatitudeDegrees>43.345555</LatitudeDegrees><LongitudeDegrees>-2.82567833</LongitudeDegrees></Position><AltitudeMeters>60.504</AltitudeMeters><DistanceMeters>1677.0999755859375</DistanceMeters><HeartRateBpm><Value>137</Value></HeartRateBpm><Cadence>88</Cadence><SensorState>Present</SensorState></Trackpoint><Trackpoint><Time>2025-07-31T12:37:00.905Z</Time><Position><LatitudeDegrees>43.34553667</LatitudeDegrees><LongitudeDegrees>-2.82568667</LongitudeDegrees></Position><AltitudeMeters>60.351</AltitudeMeters><DistanceMeters>1679.0</DistanceMeters><HeartRateBpm><Value>138</Value></HeartRateBpm><Cadence>88</Cadence><SensorState>Present</SensorState></Trackpoint><Trackpoint><Time>2025-07-31T12:37:01.905Z</Time><Position><LatitudeDegrees>43.34552167</LatitudeDegrees><LongitudeDegrees>-2.82569833</LongitudeDegrees></Position><AltitudeMeters>60.351</AltitudeMeters><DistanceMeters>1680.9000244140625</DistanceMeters><HeartRateBpm><Value>138</Value></HeartRateBpm><Cadence>88</Cadence><SensorState>Present</SensorState></Trackpoint><Trackpoint><Time>2025-07-31T12:37:02.905Z</Time><Position><LatitudeDegrees>43.345505</LatitudeDegrees><LongitudeDegrees>-2.82571333</LongitudeDegrees></Position><AltitudeMeters>60.199</AltitudeMeters><DistanceMeters>1682.9000244140625</DistanceMeters><HeartRateBpm><Value>138</Value></HeartRateBpm><Cadence>88</Cadence><SensorState>Present</SensorState></Trackpoint><Trackpoint><Time>2025-07-31T12:37:03.905Z</Time><Position><LatitudeDegrees>43.345485</LatitudeDegrees><LongitudeDegrees>-2.82573</LongitudeDegrees></Position><AltitudeMeters>60.046</AltitudeMeters><DistanceMeters>1684.5</DistanceMeters><HeartRateBpm><Value>138</Value></HeartRateBpm><Cadence>88</Cadence><SensorState>Present</SensorState></Trackpoint><Trackpoint><Time>2025-07-31T12:37:04.905Z</Time><Position><LatitudeDegrees>43.34546</LatitudeDegrees><LongitudeDegrees>-2.82574333</LongitudeDegrees></Position><AltitudeMeters>60.046</AltitudeMeters><DistanceMeters>1686.0</DistanceMeters><HeartRateBpm><Value>138</Value></HeartRateBpm><Cadence>88</Cadence><SensorState>Present</SensorState></Trackpoint><Trackpoint><Time>2025-07-31T12:37:05.905Z</Time><Position><LatitudeDegrees>43.34544</LatitudeDegrees><LongitudeDegrees>-2.82576</LongitudeDegrees></Position><AltitudeMeters>59.894</AltitudeMeters><DistanceMeters>1688.0999755859375</DistanceMeters><HeartRateBpm><Value>138</Value></HeartRateBpm><Cadence>88</Cadence><SensorState>Present</SensorState></Trackpoint><Trackpoint><Time>2025-07-31T12:37:06.905Z</Time><Position><LatitudeDegrees>43.34541833</LatitudeDegrees><LongitudeDegrees>-2.825775</LongitudeDegrees></Position><AltitudeMeters>59.894</AltitudeMeters><DistanceMeters>1690.4000244140625</DistanceMeters><HeartRateBpm><Value>139</Value></HeartRateBpm><Cadence>88</Cadence><SensorState>Present</SensorState></Trackpoint><Trackpoint><Time>2025-07-31T12:37:07.905Z</Time><Position><LatitudeDegrees>43.345395</LatitudeDegrees><LongitudeDegrees>-2.82578833</LongitudeDegrees></Position><AltitudeMeters>59.742</AltitudeMeters><DistanceMeters>1692.5999755859375</DistanceMeters><HeartRateBpm><Value>138</Value></HeartRateBpm><Cadence>88</Cadence><SensorState>Present</SensorState></Trackpoint><Trackpoint><Time>2025-07-31T12:37:08.905Z</Time><Position><LatitudeDegrees>43.34536667</LatitudeDegrees><LongitudeDegrees>-2.82580667</LongitudeDegrees></Position><AltitudeMeters>59.742</AltitudeMeters><DistanceMeters>1695.300048828125</DistanceMeters><HeartRateBpm><Value>138</Value></HeartRateBpm><Cadence>88</Cadence><SensorState>Present</SensorState></Trackpoint><Trackpoint><Time>2025-07-31T12:37:09.905Z</Time><Position><LatitudeDegrees>43.34534</LatitudeDegrees><LongitudeDegrees>-2.82582333</LongitudeDegrees></Position><AltitudeMeters>59.589</AltitudeMeters><DistanceMeters>1698.4000244140625</DistanceMeters><HeartRateBpm><Value>138</Value></HeartRateBpm><Cadence>88</Cadence><SensorState>Present</SensorState></Trackpoint><Trackpoint><Time>2025-07-31T12:37:10.905Z</Time><Position><LatitudeDegrees>43.34530667</LatitudeDegrees><LongitudeDegrees>-2.82583333</LongitudeDegrees></Position><AltitudeMeters>59.589</AltitudeMeters><DistanceMeters>1702.0</DistanceMeters><HeartRateBpm><Value>138</Value></HeartRateBpm><Cadence>88</Cadence><SensorState>Present</SensorState></Trackpoint><Trackpoint><Time>2025-07-31T12:37:11.905Z</Time><Position><LatitudeDegrees>43.34528167</LatitudeDegrees><LongitudeDegrees>-2.82584333</LongitudeDegrees></Position><AltitudeMeters>59.437</AltitudeMeters><DistanceMeters>1705.5</DistanceMeters><HeartRateBpm><Value>138</Value></HeartRateBpm><Cadence>88</Cadence><SensorState>Present</SensorState></Trackpoint><Trackpoint><Time>2025-07-31T12:37:12.905Z</Time><Position><LatitudeDegrees>43.34525</LatitudeDegrees><LongitudeDegrees>-2.82584833</LongitudeDegrees></Position><AltitudeMeters>59.437</AltitudeMeters><DistanceMeters>1709.5</DistanceMeters><HeartRateBpm><Value>138</Value></HeartRateBpm><Cadence>88</Cadence><SensorState>Present</SensorState></Trackpoint><Trackpoint><Time>2025-07-31T12:37:13.905Z</Time><Position><LatitudeDegrees>43.34522333</LatitudeDegrees><LongitudeDegrees>-2.825855</LongitudeDegrees></Position><AltitudeMeters>59.284</AltitudeMeters><DistanceMeters>1712.9000244140625</DistanceMeters><HeartRateBpm><Value>137</Value></HeartRateBpm><Cadence>88</Cadence><SensorState>Present</SensorState></Trackpoint><Trackpoint><Time>2025-07-31T12:37:14.905Z</Time><Position><LatitudeDegrees>43.34519667</LatitudeDegrees><LongitudeDegrees>-2.825855</LongitudeDegrees></Position><AltitudeMeters>59.284</AltitudeMeters><DistanceMeters>1716.5999755859375</DistanceMeters><HeartRateBpm><Value>137</Value></HeartRateBpm><Cadence>88</Cadence><SensorState>Present</SensorState></Trackpoint><Trackpoint><Time>2025-07-31T12:37:15.905Z</Time><Position><LatitudeDegrees>43.34517</LatitudeDegrees><LongitudeDegrees>-2.82585167</LongitudeDegrees></Position><AltitudeMeters>59.132</AltitudeMeters><DistanceMeters>1719.9000244140625</DistanceMeters><HeartRateBpm><Value>137</Value></HeartRateBpm><Cadence>88</Cadence><SensorState>Present</SensorState></Trackpoint><Trackpoint><Time>2025-07-31T12:37:16.905Z</Time><Position><LatitudeDegrees>43.34514</LatitudeDegrees><LongitudeDegrees>-2.82584333</LongitudeDegrees></Position><AltitudeMeters>59.132</AltitudeMeters><DistanceMeters>1723.199951171875</DistanceMeters><HeartRateBpm><Value>137</Value></HeartRateBpm><Cadence>88</Cadence><SensorState>Present</SensorState></Trackpoint><Trackpoint><Time>2025-07-31T12:37:17.905Z</Time><Position><LatitudeDegrees>43.34511</LatitudeDegrees><LongitudeDegrees>-2.82583667</LongitudeDegrees></Position><AltitudeMeters>58.98</AltitudeMeters><DistanceMeters>1726.699951171875</DistanceMeters><HeartRateBpm><Value>137</Value></HeartRateBpm><Cadence>88</Cadence><SensorState>Present</SensorState></Trackpoint><Trackpoint><Time>2025-07-31T12:37:18.905Z</Time><Position><LatitudeDegrees>43.34508167</LatitudeDegrees><LongitudeDegrees>-2.82583167</LongitudeDegrees></Position><AltitudeMeters>58.98</AltitudeMeters><DistanceMeters>1730.0999755859375</DistanceMeters><HeartRateBpm><Value>136</Value></HeartRateBpm><Cadence>88</Cadence><SensorState>Present</SensorState></Trackpoint><Trackpoint><Time>2025-07-31T12:37:19.905Z</Time><Position><LatitudeDegrees>43.34505333</LatitudeDegrees><LongitudeDegrees>-2.82583833</LongitudeDegrees></Position><AltitudeMeters>58.98</AltitudeMeters><DistanceMeters>1733.300048828125</DistanceMeters><HeartRateBpm><Value>136</Value></HeartRateBpm><Cadence>88</Cadence><SensorState>Present</SensorState></Trackpoint><Trackpoint><Time>2025-07-31T12:37:20.905Z</Time><Position><LatitudeDegrees>43.34502833</LatitudeDegrees><LongitudeDegrees>-2.82585167</LongitudeDegrees></Position><AltitudeMeters>58.827</AltitudeMeters><DistanceMeters>1736.4000244140625</DistanceMeters><HeartRateBpm><Value>136</Value></HeartRateBpm><Cadence>88</Cadence><SensorState>Present</SensorState></Trackpoint><Trackpoint><Time>2025-07-31T12:37:21.905Z</Time><Position><LatitudeDegrees>43.34500167</LatitudeDegrees><LongitudeDegrees>-2.825865</LongitudeDegrees></Position><AltitudeMeters>58.827</AltitudeMeters><DistanceMeters>1739.199951171875</DistanceMeters><HeartRateBpm><Value>136</Value></HeartRateBpm><Cadence>88</Cadence><SensorState>Present</SensorState></Trackpoint><Trackpoint><Time>2025-07-31T12:37:22.905Z</Time><Position><LatitudeDegrees>43.34497</LatitudeDegrees><LongitudeDegrees>-2.82586667</LongitudeDegrees></Position><AltitudeMeters>58.827</AltitudeMeters><DistanceMeters>1742.199951171875</DistanceMeters><HeartRateBpm><Value>136</Value></HeartRateBpm><Cadence>88</Cadence><SensorState>Present</SensorState></Trackpoint><Trackpoint><Time>2025-07-31T12:37:23.905Z</Time><Position><LatitudeDegrees>43.34494167</LatitudeDegrees><LongitudeDegrees>-2.82587167</LongitudeDegrees></Position><AltitudeMeters>58.675</AltitudeMeters><DistanceMeters>1745.300048828125</DistanceMeters><HeartRateBpm><Value>136</Value></HeartRateBpm><Cadence>88</Cadence><SensorState>Present</SensorState></Trackpoint><Trackpoint><Time>2025-07-31T12:37:24.905Z</Time><Position><LatitudeDegrees>43.34491</LatitudeDegrees><LongitudeDegrees>-2.82587333</LongitudeDegrees></Position><AltitudeMeters>58.675</AltitudeMeters><DistanceMeters>1748.800048828125</DistanceMeters><HeartRateBpm><Value>136</Value></HeartRateBpm><Cadence>88</Cadence><SensorState>Present</SensorState></Trackpoint><Trackpoint><Time>2025-07-31T12:37:25.905Z</Time><Position><LatitudeDegrees>43.344885</LatitudeDegrees><LongitudeDegrees>-2.82587833</LongitudeDegrees></Position><AltitudeMeters>58.675</AltitudeMeters><DistanceMeters>1752.0</DistanceMeters><HeartRateBpm><Value>136</Value></HeartRateBpm><Cadence>88</Cadence><SensorState>Present</SensorState></Trackpoint><Trackpoint><Time>2025-07-31T12:37:26.905Z</Time><Position><LatitudeDegrees>43.34485833</LatitudeDegrees><LongitudeDegrees>-2.82587833</LongitudeDegrees></Position><AltitudeMeters>58.522</AltitudeMeters><DistanceMeters>1755.4000244140625</DistanceMeters><HeartRateBpm><Value>136</Value></HeartRateBpm><Cadence>88</Cadence><SensorState>Present</SensorState></Trackpoint><Trackpoint><Time>2025-07-31T12:37:27.905Z</Time><Position><LatitudeDegrees>43.34483</LatitudeDegrees><LongitudeDegrees>-2.82588167</LongitudeDegrees></Position><AltitudeMeters>58.522</AltitudeMeters><DistanceMeters>1758.5</DistanceMeters><HeartRateBpm><Value>136</Value></HeartRateBpm><Cadence>88</Cadence><SensorState>Present</SensorState></Trackpoint><Trackpoint><Time>2025-07-31T12:37:28.905Z</Time><Position><LatitudeDegrees>43.34479833</LatitudeDegrees><LongitudeDegrees>-2.825885</LongitudeDegrees></Position><AltitudeMeters>58.522</AltitudeMeters><DistanceMeters>1761.4000244140625</DistanceMeters><HeartRateBpm><Value>136</Value></HeartRateBpm><Cadence>88</Cadence><SensorState>Present</SensorState></Trackpoint><Trackpoint><Time>2025-07-31T12:37:29.905Z</Time><Position><LatitudeDegrees>43.34477167</LatitudeDegrees><LongitudeDegrees>-2.82589333</LongitudeDegrees></Position><AltitudeMeters>58.522</AltitudeMeters><DistanceMeters>1764.800048828125</DistanceMeters><HeartRateBpm><Value>136</Value></HeartRateBpm><Cadence>87</Cadence><SensorState>Present</SensorState></Trackpoint><Trackpoint><Time>2025-07-31T12:37:30.905Z</Time><Position><LatitudeDegrees>43.34474333</LatitudeDegrees><LongitudeDegrees>-2.82590333</LongitudeDegrees></Position><AltitudeMeters>58.37</AltitudeMeters><DistanceMeters>1768.0</DistanceMeters><HeartRateBpm><Value>136</Value></HeartRateBpm><Cadence>87</Cadence><SensorState>Present</SensorState></Trackpoint><Trackpoint><Time>2025-07-31T12:37:31.905Z</Time><Position><LatitudeDegrees>43.34471833</LatitudeDegrees><LongitudeDegrees>-2.82591333</LongitudeDegrees></Position><AltitudeMeters>58.37</AltitudeMeters><DistanceMeters>1771.300048828125</DistanceMeters><HeartRateBpm><Value>136</Value></HeartRateBpm><Cadence>86</Cadence><SensorState>Present</SensorState></Trackpoint><Trackpoint><Time>2025-07-31T12:37:32.905Z</Time><Position><LatitudeDegrees>43.34469167</LatitudeDegrees><LongitudeDegrees>-2.825925</LongitudeDegrees></Position><AltitudeMeters>58.37</AltitudeMeters><DistanceMeters>1774.5999755859375</DistanceMeters><HeartRateBpm><Value>136</Value></HeartRateBpm><Cadence>86</Cadence><SensorState>Present</SensorState></Trackpoint><Trackpoint><Time>2025-07-31T12:37:33.905Z</Time><Position><LatitudeDegrees>43.344665</LatitudeDegrees><LongitudeDegrees>-2.82593833</LongitudeDegrees></Position><AltitudeMeters>58.37</AltitudeMeters><DistanceMeters>1777.5</DistanceMeters><HeartRateBpm><Value>136</Value></HeartRateBpm><Cadence>86</Cadence><SensorState>Present</SensorState></Trackpoint><Trackpoint><Time>2025-07-31T12:37:34.905Z</Time><Position><LatitudeDegrees>43.34464</LatitudeDegrees><LongitudeDegrees>-2.82595</LongitudeDegrees></Position><AltitudeMeters>58.37</AltitudeMeters><DistanceMeters>1780.5</DistanceMeters><HeartRateBpm><Value>136</Value></HeartRateBpm><Cadence>84</Cadence><SensorState>Present</SensorState></Trackpoint><Trackpoint><Time>2025-07-31T12:37:35.905Z</Time><Position><LatitudeDegrees>43.344615</LatitudeDegrees><LongitudeDegrees>-2.82596</LongitudeDegrees></Position><AltitudeMeters>58.37</AltitudeMeters><DistanceMeters>1783.5</DistanceMeters><HeartRateBpm><Value>136</Value></HeartRateBpm><Cadence>84</Cadence><SensorState>Present</SensorState></Trackpoint><Trackpoint><Time>2025-07-31T12:37:36.905Z</Time><Position><LatitudeDegrees>43.34459167</LatitudeDegrees><LongitudeDegrees>-2.82597333</LongitudeDegrees></Position><AltitudeMeters>58.37</AltitudeMeters><DistanceMeters>1786.699951171875</DistanceMeters><HeartRateBpm><Value>136</Value></HeartRateBpm><Cadence>84</Cadence><SensorState>Present</SensorState></Trackpoint><Trackpoint><Time>2025-07-31T12:37:37.905Z</Time><Position><LatitudeDegrees>43.34456667</LatitudeDegrees><LongitudeDegrees>-2.82599333</LongitudeDegrees></Position><AltitudeMeters>58.37</AltitudeMeters><DistanceMeters>1789.699951171875</DistanceMeters><HeartRateBpm><Value>136</Value></HeartRateBpm><Cadence>85</Cadence><SensorState>Present</SensorState></Trackpoint><Trackpoint><Time>2025-07-31T12:37:38.905Z</Time><Position><LatitudeDegrees>43.34454</LatitudeDegrees><LongitudeDegrees>-2.82601167</LongitudeDegrees></Position><AltitudeMeters>58.37</AltitudeMeters><DistanceMeters>1792.5999755859375</DistanceMeters><HeartRateBpm><Value>136</Value></HeartRateBpm><Cadence>85</Cadence><SensorState>Present</SensorState></Trackpoint><Trackpoint><Time>2025-07-31T12:37:39.905Z</Time><Position><LatitudeDegrees>43.34451167</LatitudeDegrees><LongitudeDegrees>-2.82601833</LongitudeDegrees></Position><AltitudeMeters>58.37</AltitudeMeters><DistanceMeters>1795.5</DistanceMeters><HeartRateBpm><Value>136</Value></HeartRateBpm><Cadence>85</Cadence><SensorState>Present</SensorState></Trackpoint><Trackpoint><Time>2025-07-31T12:37:40.905Z</Time><Position><LatitudeDegrees>43.34448333</LatitudeDegrees><LongitudeDegrees>-2.82602333</LongitudeDegrees></Position><AltitudeMeters>58.37</AltitudeMeters><DistanceMeters>1798.699951171875</DistanceMeters><HeartRateBpm><Value>136</Value></HeartRateBpm><Cadence>85</Cadence><SensorState>Present</SensorState></Trackpoint><Trackpoint><Time>2025-07-31T12:37:41.905Z</Time><Position><LatitudeDegrees>43.344455</LatitudeDegrees><LongitudeDegrees>-2.826025</LongitudeDegrees></Position><AltitudeMeters>58.37</AltitudeMeters><DistanceMeters>1801.699951171875</DistanceMeters><HeartRateBpm><Value>136</Value></HeartRateBpm><Cadence>85</Cadence><SensorState>Present</SensorState></Trackpoint><Trackpoint><Time>2025-07-31T12:37:42.905Z</Time><Position><LatitudeDegrees>43.34442333</LatitudeDegrees><LongitudeDegrees>-2.82602667</LongitudeDegrees></Position><AltitudeMeters>58.522</AltitudeMeters><DistanceMeters>1804.9000244140625</DistanceMeters><HeartRateBpm><Value>136</Value></HeartRateBpm><Cadence>85</Cadence><SensorState>Present</SensorState></Trackpoint><Trackpoint><Time>2025-07-31T12:37:43.905Z</Time><Position><LatitudeDegrees>43.34439667</LatitudeDegrees><LongitudeDegrees>-2.82603833</LongitudeDegrees></Position><AltitudeMeters>58.522</AltitudeMeters><DistanceMeters>1807.9000244140625</DistanceMeters><HeartRateBpm><Value>137</Value></HeartRateBpm><Cadence>85</Cadence><SensorState>Present</SensorState></Trackpoint><Trackpoint><Time>2025-07-31T12:37:44.905Z</Time><Position><LatitudeDegrees>43.34437</LatitudeDegrees><LongitudeDegrees>-2.826045</LongitudeDegrees></Position><AltitudeMeters>58.522</AltitudeMeters><DistanceMeters>1811.4000244140625</DistanceMeters><HeartRateBpm><Value>137</Value></HeartRateBpm><Cadence>85</Cadence><SensorState>Present</SensorState></Trackpoint><Trackpoint><Time>2025-07-31T12:37:45.905Z</Time><Position><LatitudeDegrees>43.34434167</LatitudeDegrees><LongitudeDegrees>-2.82604833</LongitudeDegrees></Position><AltitudeMeters>58.522</AltitudeMeters><DistanceMeters>1814.5999755859375</DistanceMeters><HeartRateBpm><Value>138</Value></HeartRateBpm><Cadence>85</Cadence><SensorState>Present</SensorState></Trackpoint><Trackpoint><Time>2025-07-31T12:37:46.905Z</Time><Position><LatitudeDegrees>43.34430833</LatitudeDegrees><LongitudeDegrees>-2.82606167</LongitudeDegrees></Position><AltitudeMeters>58.522</AltitudeMeters><DistanceMeters>1817.9000244140625</DistanceMeters><HeartRateBpm><Value>138</Value></HeartRateBpm><Cadence>85</Cadence><SensorState>Present</SensorState></Trackpoint><Trackpoint><Time>2025-07-31T12:37:47.905Z</Time><Position><LatitudeDegrees>43.34427333</LatitudeDegrees><LongitudeDegrees>-2.82607833</LongitudeDegrees></Position><AltitudeMeters>58.522</AltitudeMeters><DistanceMeters>1821.199951171875</DistanceMeters><HeartRateBpm><Value>138</Value></HeartRateBpm><Cadence>85</Cadence><SensorState>Present</SensorState></Trackpoint><Trackpoint><Time>2025-07-31T12:37:48.905Z</Time><Position><LatitudeDegrees>43.344245</LatitudeDegrees><LongitudeDegrees>-2.826095</LongitudeDegrees></Position><AltitudeMeters>58.522</AltitudeMeters><DistanceMeters>1824.9000244140625</DistanceMeters><HeartRateBpm><Value>139</Value></HeartRateBpm><Cadence>88</Cadence><SensorState>Present</SensorState></Trackpoint><Trackpoint><Time>2025-07-31T12:37:49.905Z</Time><Position><LatitudeDegrees>43.34421667</LatitudeDegrees><LongitudeDegrees>-2.82611667</LongitudeDegrees></Position><AltitudeMeters>58.522</AltitudeMeters><DistanceMeters>1828.699951171875</DistanceMeters><HeartRateBpm><Value>139</Value></HeartRateBpm><Cadence>88</Cadence><SensorState>Present</SensorState></Trackpoint><Trackpoint><Time>2025-07-31T12:37:50.905Z</Time><Position><LatitudeDegrees>43.34419167</LatitudeDegrees><LongitudeDegrees>-2.826135</LongitudeDegrees></Position><AltitudeMeters>58.522</AltitudeMeters><DistanceMeters>1832.300048828125</DistanceMeters><HeartRateBpm><Value>139</Value></HeartRateBpm><Cadence>86</Cadence><SensorState>Present</SensorState></Trackpoint><Trackpoint><Time>2025-07-31T12:37:51.905Z</Time><Position><LatitudeDegrees>43.34416667</LatitudeDegrees><LongitudeDegrees>-2.82615667</LongitudeDegrees></Position><AltitudeMeters>58.522</AltitudeMeters><DistanceMeters>1836.0</DistanceMeters><HeartRateBpm><Value>140</Value></HeartRateBpm><Cadence>86</Cadence><SensorState>Present</SensorState></Trackpoint><Trackpoint><Time>2025-07-31T12:37:52.905Z</Time><Position><LatitudeDegrees>43.34416667</LatitudeDegrees><LongitudeDegrees>-2.82615667</LongitudeDegrees></Position><AltitudeMeters>58.522</AltitudeMeters><DistanceMeters>1839.5</DistanceMeters><HeartRateBpm><Value>140</Value></HeartRateBpm><Cadence>86</Cadence><SensorState>Present</SensorState></Trackpoint><Trackpoint><Time>2025-07-31T12:37:53.905Z</Time><Position><LatitudeDegrees>43.34411667</LatitudeDegrees><LongitudeDegrees>-2.8262</LongitudeDegrees></Position><AltitudeMeters>58.675</AltitudeMeters><DistanceMeters>1842.199951171875</DistanceMeters><HeartRateBpm><Value>140</Value></HeartRateBpm><Cadence>86</Cadence><SensorState>Present</SensorState></Trackpoint><Trackpoint><Time>2025-07-31T12:37:54.905Z</Time><Position><LatitudeDegrees>43.34409167</LatitudeDegrees><LongitudeDegrees>-2.826225</LongitudeDegrees></Position><AltitudeMeters>58.675</AltitudeMeters><DistanceMeters>1846.5</DistanceMeters><HeartRateBpm><Value>140</Value></HeartRateBpm><Cadence>87</Cadence><SensorState>Present</SensorState></Trackpoint><Trackpoint><Time>2025-07-31T12:37:55.905Z</Time><Position><LatitudeDegrees>43.34406833</LatitudeDegrees><LongitudeDegrees>-2.82624667</LongitudeDegrees></Position><AltitudeMeters>58.675</AltitudeMeters><DistanceMeters>1849.9000244140625</DistanceMeters><HeartRateBpm><Value>140</Value></HeartRateBpm><Cadence>88</Cadence><SensorState>Present</SensorState></Trackpoint><Trackpoint><Time>2025-07-31T12:37:56.905Z</Time><Position><LatitudeDegrees>43.344045</LatitudeDegrees><LongitudeDegrees>-2.82627333</LongitudeDegrees></Position><AltitudeMeters>58.675</AltitudeMeters><DistanceMeters>1853.5</DistanceMeters><HeartRateBpm><Value>140</Value></HeartRateBpm><Cadence>88</Cadence><SensorState>Present</SensorState></Trackpoint><Trackpoint><Time>2025-07-31T12:37:57.905Z</Time><Position><LatitudeDegrees>43.34402167</LatitudeDegrees><LongitudeDegrees>-2.82629667</LongitudeDegrees></Position><AltitudeMeters>58.675</AltitudeMeters><DistanceMeters>1856.5999755859375</DistanceMeters><HeartRateBpm><Value>140</Value></HeartRateBpm><Cadence>88</Cadence><SensorState>Present</SensorState></Trackpoint><Trackpoint><Time>2025-07-31T12:37:58.905Z</Time><Position><LatitudeDegrees>43.34399833</LatitudeDegrees><LongitudeDegrees>-2.826325</LongitudeDegrees></Position><AltitudeMeters>58.675</AltitudeMeters><DistanceMeters>1859.4000244140625</DistanceMeters><HeartRateBpm><Value>140</Value></HeartRateBpm><Cadence>88</Cadence><SensorState>Present</SensorState></Trackpoint><Trackpoint><Time>2025-07-31T12:37:59.905Z</Time><Position><LatitudeDegrees>43.34397333</LatitudeDegrees><LongitudeDegrees>-2.82635</LongitudeDegrees></Position><AltitudeMeters>58.675</AltitudeMeters><DistanceMeters>1862.699951171875</DistanceMeters><HeartRateBpm><Value>140</Value></HeartRateBpm><Cadence>88</Cadence><SensorState>Present</SensorState></Trackpoint><Trackpoint><Time>2025-07-31T12:38:00.905Z</Time><Position><LatitudeDegrees>43.34394833</LatitudeDegrees><LongitudeDegrees>-2.82637833</LongitudeDegrees></Position><AltitudeMeters>58.675</AltitudeMeters><DistanceMeters>1866.0</DistanceMeters><HeartRateBpm><Value>140</Value></HeartRateBpm><Cadence>88</Cadence><SensorState>Present</SensorState></Trackpoint><Trackpoint><Time>2025-07-31T12:38:01.905Z</Time><Position><LatitudeDegrees>43.343925</LatitudeDegrees><LongitudeDegrees>-2.82640167</LongitudeDegrees></Position><AltitudeMeters>58.675</AltitudeMeters><DistanceMeters>1869.4000244140625</DistanceMeters><HeartRateBpm><Value>140</Value></HeartRateBpm><Cadence>88</Cadence><SensorState>Present</SensorState></Trackpoint><Trackpoint><Time>2025-07-31T12:38:02.905Z</Time><Position><LatitudeDegrees>43.34390167</LatitudeDegrees><LongitudeDegrees>-2.82642</LongitudeDegrees></Position><AltitudeMeters>58.675</AltitudeMeters><DistanceMeters>1873.0</DistanceMeters><HeartRateBpm><Value>140</Value></HeartRateBpm><Cadence>86</Cadence><SensorState>Present</SensorState></Trackpoint><Trackpoint><Time>2025-07-31T12:38:03.905Z</Time><Position><LatitudeDegrees>43.34387667</LatitudeDegrees><LongitudeDegrees>-2.82643667</LongitudeDegrees></Position><AltitudeMeters>58.675</AltitudeMeters><DistanceMeters>1876.300048828125</DistanceMeters><HeartRateBpm><Value>140</Value></HeartRateBpm><Cadence>86</Cadence><SensorState>Present</SensorState></Trackpoint><Trackpoint><Time>2025-07-31T12:38:04.905Z</Time><Position><LatitudeDegrees>43.34385167</LatitudeDegrees><LongitudeDegrees>-2.82645833</LongitudeDegrees></Position><AltitudeMeters>58.675</AltitudeMeters><DistanceMeters>1879.4000244140625</DistanceMeters><HeartRateBpm><Value>140</Value></HeartRateBpm><Cadence>86</Cadence><SensorState>Present</SensorState></Trackpoint><Trackpoint><Time>2025-07-31T12:38:05.905Z</Time><Position><LatitudeDegrees>43.34382667</LatitudeDegrees><LongitudeDegrees>-2.82648167</LongitudeDegrees></Position><AltitudeMeters>58.675</AltitudeMeters><DistanceMeters>1882.5999755859375</DistanceMeters><HeartRateBpm><Value>140</Value></HeartRateBpm><Cadence>86</Cadence><SensorState>Present</SensorState></Trackpoint><Trackpoint><Time>2025-07-31T12:38:06.905Z</Time><Position><LatitudeDegrees>43.343805</LatitudeDegrees><LongitudeDegrees>-2.82650667</LongitudeDegrees></Position><AltitudeMeters>58.522</AltitudeMeters><DistanceMeters>1886.0</DistanceMeters><HeartRateBpm><Value>140</Value></HeartRateBpm><Cadence>86</Cadence><SensorState>Present</SensorState></Trackpoint><Trackpoint><Time>2025-07-31T12:38:07.905Z</Time><Position><LatitudeDegrees>43.34378333</LatitudeDegrees><LongitudeDegrees>-2.82653</LongitudeDegrees></Position><AltitudeMeters>58.522</AltitudeMeters><DistanceMeters>1889.199951171875</DistanceMeters><HeartRateBpm><Value>140</Value></HeartRateBpm><Cadence>86</Cadence><SensorState>Present</SensorState></Trackpoint><Trackpoint><Time>2025-07-31T12:38:08.905Z</Time><Position><LatitudeDegrees>43.34376</LatitudeDegrees><LongitudeDegrees>-2.826555</LongitudeDegrees></Position><AltitudeMeters>58.522</AltitudeMeters><DistanceMeters>1892.5</DistanceMeters><HeartRateBpm><Value>140</Value></HeartRateBpm><Cadence>86</Cadence><SensorState>Present</SensorState></Trackpoint><Trackpoint><Time>2025-07-31T12:38:09.905Z</Time><Position><LatitudeDegrees>43.34374</LatitudeDegrees><LongitudeDegrees>-2.82658</LongitudeDegrees></Position><AltitudeMeters>58.522</AltitudeMeters><DistanceMeters>1895.5</DistanceMeters><HeartRateBpm><Value>140</Value></HeartRateBpm><Cadence>87</Cadence><SensorState>Present</SensorState></Trackpoint><Trackpoint><Time>2025-07-31T12:38:10.905Z</Time><Position><LatitudeDegrees>43.343715</LatitudeDegrees><LongitudeDegrees>-2.82659667</LongitudeDegrees></Position><AltitudeMeters>58.522</AltitudeMeters><DistanceMeters>1898.5999755859375</DistanceMeters><HeartRateBpm><Value>139</Value></HeartRateBpm><Cadence>86</Cadence><SensorState>Present</SensorState></Trackpoint><Trackpoint><Time>2025-07-31T12:38:11.905Z</Time><Position><LatitudeDegrees>43.34369333</LatitudeDegrees><LongitudeDegrees>-2.82660833</LongitudeDegrees></Position><AltitudeMeters>58.37</AltitudeMeters><DistanceMeters>1901.5999755859375</DistanceMeters><HeartRateBpm><Value>139</Value></HeartRateBpm><Cadence>86</Cadence><SensorState>Present</SensorState></Trackpoint><Trackpoint><Time>2025-07-31T12:38:12.905Z</Time><Position><LatitudeDegrees>43.34367167</LatitudeDegrees><LongitudeDegrees>-2.82661333</LongitudeDegrees></Position><AltitudeMeters>58.37</AltitudeMeters><DistanceMeters>1904.5999755859375</DistanceMeters><HeartRateBpm><Value>139</Value></HeartRateBpm><Cadence>86</Cadence><SensorState>Present</SensorState></Trackpoint><Trackpoint><Time>2025-07-31T12:38:13.905Z</Time><Position><LatitudeDegrees>43.34365667</LatitudeDegrees><LongitudeDegrees>-2.82660333</LongitudeDegrees></Position><AltitudeMeters>58.37</AltitudeMeters><DistanceMeters>1907.4000244140625</DistanceMeters><HeartRateBpm><Value>139</Value></HeartRateBpm><Cadence>86</Cadence><SensorState>Present</SensorState></Trackpoint><Trackpoint><Time>2025-07-31T12:38:14.905Z</Time><Position><LatitudeDegrees>43.34364333</LatitudeDegrees><LongitudeDegrees>-2.82658333</LongitudeDegrees></Position><AltitudeMeters>58.37</AltitudeMeters><DistanceMeters>1909.9000244140625</DistanceMeters><HeartRateBpm><Value>138</Value></HeartRateBpm><Cadence>86</Cadence><SensorState>Present</SensorState></Trackpoint><Trackpoint><Time>2025-07-31T12:38:15.905Z</Time><Position><LatitudeDegrees>43.34362833</LatitudeDegrees><LongitudeDegrees>-2.82655</LongitudeDegrees></Position><AltitudeMeters>58.218</AltitudeMeters><DistanceMeters>1911.5999755859375</DistanceMeters><HeartRateBpm><Value>138</Value></HeartRateBpm><Cadence>86</Cadence><SensorState>Present</SensorState></Trackpoint><Trackpoint><Time>2025-07-31T12:38:16.905Z</Time><Position><LatitudeDegrees>43.34361333</LatitudeDegrees><LongitudeDegrees>-2.82651333</LongitudeDegrees></Position><AltitudeMeters>58.218</AltitudeMeters><DistanceMeters>1912.9000244140625</DistanceMeters><HeartRateBpm><Value>138</Value></HeartRateBpm><Cadence>86</Cadence><SensorState>Present</SensorState></Trackpoint><Trackpoint><Time>2025-07-31T12:38:17.905Z</Time><Position><LatitudeDegrees>43.34360167</LatitudeDegrees><LongitudeDegrees>-2.82648167</LongitudeDegrees></Position><AltitudeMeters>58.218</AltitudeMeters><DistanceMeters>1915.0</DistanceMeters><HeartRateBpm><Value>138</Value></HeartRateBpm><Cadence>86</Cadence><SensorState>Present</SensorState></Trackpoint><Trackpoint><Time>2025-07-31T12:38:18.905Z</Time><Position><LatitudeDegrees>43.343595</LatitudeDegrees><LongitudeDegrees>-2.82644833</LongitudeDegrees></Position><AltitudeMeters>58.218</AltitudeMeters><DistanceMeters>1917.5999755859375</DistanceMeters><HeartRateBpm><Value>138</Value></HeartRateBpm><Cadence>86</Cadence><SensorState>Present</SensorState></Trackpoint><Trackpoint><Time>2025-07-31T12:38:19.905Z</Time><Position><LatitudeDegrees>43.343585</LatitudeDegrees><LongitudeDegrees>-2.82641167</LongitudeDegrees></Position><AltitudeMeters>58.065</AltitudeMeters><DistanceMeters>1919.4000244140625</DistanceMeters><HeartRateBpm><Value>138</Value></HeartRateBpm><Cadence>86</Cadence><SensorState>Present</SensorState></Trackpoint><Trackpoint><Time>2025-07-31T12:38:20.905Z</Time><Position><LatitudeDegrees>43.34357833</LatitudeDegrees><LongitudeDegrees>-2.826375</LongitudeDegrees></Position><AltitudeMeters>58.065</AltitudeMeters><DistanceMeters>1921.5</DistanceMeters><HeartRateBpm><Value>138</Value></HeartRateBpm><Cadence>86</Cadence><SensorState>Present</SensorState></Trackpoint><Trackpoint><Time>2025-07-31T12:38:21.905Z</Time><Position><LatitudeDegrees>43.34357</LatitudeDegrees><LongitudeDegrees>-2.82633333</LongitudeDegrees></Position><AltitudeMeters>58.065</AltitudeMeters><DistanceMeters>1924.0</DistanceMeters><HeartRateBpm><Value>137</Value></HeartRateBpm><Cadence>86</Cadence><SensorState>Present</SensorState></Trackpoint><Trackpoint><Time>2025-07-31T12:38:22.905Z</Time><Position><LatitudeDegrees>43.34356167</LatitudeDegrees><LongitudeDegrees>-2.82629</LongitudeDegrees></Position><AltitudeMeters>58.065</AltitudeMeters><DistanceMeters>1927.4000244140625</DistanceMeters><HeartRateBpm><Value>137</Value></HeartRateBpm><Cadence>86</Cadence><SensorState>Present</SensorState></Trackpoint><Trackpoint><Time>2025-07-31T12:38:23.905Z</Time><Position><LatitudeDegrees>43.343555</LatitudeDegrees><LongitudeDegrees>-2.82624667</LongitudeDegrees></Position><AltitudeMeters>58.065</AltitudeMeters><DistanceMeters>1931.4000244140625</DistanceMeters><HeartRateBpm><Value>137</Value></HeartRateBpm><Cadence>88</Cadence><SensorState>Present</SensorState></Trackpoint><Trackpoint><Time>2025-07-31T12:38:24.905Z</Time><Position><LatitudeDegrees>43.343545</LatitudeDegrees><LongitudeDegrees>-2.82619833</LongitudeDegrees></Position><AltitudeMeters>58.065</AltitudeMeters><DistanceMeters>1935.5999755859375</DistanceMeters><HeartRateBpm><Value>136</Value></HeartRateBpm><Cadence>88</Cadence><SensorState>Present</SensorState></Trackpoint><Trackpoint><Time>2025-07-31T12:38:25.905Z</Time><Position><LatitudeDegrees>43.34353667</LatitudeDegrees><LongitudeDegrees>-2.82615167</LongitudeDegrees></Position><AltitudeMeters>58.065</AltitudeMeters><DistanceMeters>1939.5999755859375</DistanceMeters><HeartRateBpm><Value>136</Value></HeartRateBpm><Cadence>88</Cadence><SensorState>Present</SensorState></Trackpoint><Trackpoint><Time>2025-07-31T12:38:26.905Z</Time><Position><LatitudeDegrees>43.34353</LatitudeDegrees><LongitudeDegrees>-2.82610333</LongitudeDegrees></Position><AltitudeMeters>57.913</AltitudeMeters><DistanceMeters>1943.699951171875</DistanceMeters><HeartRateBpm><Value>136</Value></HeartRateBpm><Cadence>88</Cadence><SensorState>Present</SensorState></Trackpoint><Trackpoint><Time>2025-07-31T12:38:27.905Z</Time><Position><LatitudeDegrees>43.34352167</LatitudeDegrees><LongitudeDegrees>-2.82605</LongitudeDegrees></Position><AltitudeMeters>57.913</AltitudeMeters><DistanceMeters>1947.5</DistanceMeters><HeartRateBpm><Value>135</Value></HeartRateBpm><Cadence>88</Cadence><SensorState>Present</SensorState></Trackpoint><Trackpoint><Time>2025-07-31T12:38:28.905Z</Time><Position><LatitudeDegrees>43.343515</LatitudeDegrees><LongitudeDegrees>-2.826</LongitudeDegrees></Position><AltitudeMeters>57.913</AltitudeMeters><DistanceMeters>1951.800048828125</DistanceMeters><HeartRateBpm><Value>135</Value></HeartRateBpm><Cadence>88</Cadence><SensorState>Present</SensorState></Trackpoint><Trackpoint><Time>2025-07-31T12:38:29.905Z</Time><Position><LatitudeDegrees>43.34350667</LatitudeDegrees><LongitudeDegrees>-2.82595</LongitudeDegrees></Position><AltitudeMeters>57.913</AltitudeMeters><DistanceMeters>1956.5</DistanceMeters><HeartRateBpm><Value>135</Value></HeartRateBpm><Cadence>88</Cadence><SensorState>Present</SensorState></Trackpoint><Trackpoint><Time>2025-07-31T12:38:30.905Z</Time><Position><LatitudeDegrees>43.34349667</LatitudeDegrees><LongitudeDegrees>-2.82590167</LongitudeDegrees></Position><AltitudeMeters>57.913</AltitudeMeters><DistanceMeters>1961.0999755859375</DistanceMeters><HeartRateBpm><Value>135</Value></HeartRateBpm><Cadence>88</Cadence><SensorState>Present</SensorState></Trackpoint><Trackpoint><Time>2025-07-31T12:38:31.905Z</Time><Position><LatitudeDegrees>43.34348833</LatitudeDegrees><LongitudeDegrees>-2.82585</LongitudeDegrees></Position><AltitudeMeters>57.76</AltitudeMeters><DistanceMeters>1965.5999755859375</DistanceMeters><HeartRateBpm><Value>135</Value></HeartRateBpm><Cadence>88</Cadence><SensorState>Present</SensorState></Trackpoint><Trackpoint><Time>2025-07-31T12:38:32.905Z</Time><Position><LatitudeDegrees>43.34348167</LatitudeDegrees><LongitudeDegrees>-2.82579833</LongitudeDegrees></Position><AltitudeMeters>57.76</AltitudeMeters><DistanceMeters>1970.0999755859375</DistanceMeters><HeartRateBpm><Value>135</Value></HeartRateBpm><Cadence>88</Cadence><SensorState>Present</SensorState></Trackpoint><Trackpoint><Time>2025-07-31T12:38:33.905Z</Time><Position><LatitudeDegrees>43.34347167</LatitudeDegrees><LongitudeDegrees>-2.82574667</LongitudeDegrees></Position><AltitudeMeters>57.608</AltitudeMeters><DistanceMeters>1974.5999755859375</DistanceMeters><HeartRateBpm><Value>135</Value></HeartRateBpm><Cadence>86</Cadence><SensorState>Present</SensorState></Trackpoint><Trackpoint><Time>2025-07-31T12:38:34.905Z</Time><Position><LatitudeDegrees>43.34346167</LatitudeDegrees><LongitudeDegrees>-2.82569333</LongitudeDegrees></Position><AltitudeMeters>57.608</AltitudeMeters><DistanceMeters>1979.0999755859375</DistanceMeters><HeartRateBpm><Value>135</Value></HeartRateBpm><Cadence>86</Cadence><SensorState>Present</SensorState></Trackpoint><Trackpoint><Time>2025-07-31T12:38:35.905Z</Time><Position><LatitudeDegrees>43.34345333</LatitudeDegrees><LongitudeDegrees>-2.82563833</LongitudeDegrees></Position><AltitudeMeters>57.455</AltitudeMeters><DistanceMeters>1983.5999755859375</DistanceMeters><HeartRateBpm><Value>135</Value></HeartRateBpm><Cadence>88</Cadence><SensorState>Present</SensorState></Trackpoint><Trackpoint><Time>2025-07-31T12:38:36.905Z</Time><Position><LatitudeDegrees>43.34344667</LatitudeDegrees><LongitudeDegrees>-2.82558667</LongitudeDegrees></Position><AltitudeMeters>57.455</AltitudeMeters><DistanceMeters>1988.300048828125</DistanceMeters><HeartRateBpm><Value>136</Value></HeartRateBpm><Cadence>88</Cadence><SensorState>Present</SensorState></Trackpoint><Trackpoint><Time>2025-07-31T12:38:37.905Z</Time><Position><LatitudeDegrees>43.34343833</LatitudeDegrees><LongitudeDegrees>-2.82553667</LongitudeDegrees></Position><AltitudeMeters>57.303</AltitudeMeters><DistanceMeters>1992.9000244140625</DistanceMeters><HeartRateBpm><Value>136</Value></HeartRateBpm><Cadence>88</Cadence><SensorState>Present</SensorState></Trackpoint><Trackpoint><Time>2025-07-31T12:38:38.905Z</Time><Position><LatitudeDegrees>43.34343167</LatitudeDegrees><LongitudeDegrees>-2.82548833</LongitudeDegrees></Position><AltitudeMeters>57.151</AltitudeMeters><DistanceMeters>1997.199951171875</DistanceMeters><HeartRateBpm><Value>136</Value></HeartRateBpm><Cadence>88</Cadence><SensorState>Present</SensorState></Trackpoint></Track><Extensions><LX xmlns="http://www.garmin.com/xmlschemas/ActivityExtension/v2"><AvgSpeed>2.9562446806165905</AvgSpeed></LX></Extensions></Lap><Lap xmlns="http://www.garmin.com/xmlschemas/TrainingCenterDatabase/v2" StartTime="2025-07-31T12:38:39.905Z"><TotalTimeSeconds>318.0</TotalTimeSeconds><DistanceMeters>1000.0</DistanceMeters><MaximumSpeed>4.349191188812256</MaximumSpeed><Calories>0</Calories><AverageHeartRateBpm><Value>140</Value></AverageHeartRateBpm><MaximumHeartRateBpm><Value>150</Value></MaximumHeartRateBpm><Intensity>Active</Intensity><Cadence>87</Cadence><TriggerMethod>Distance</TriggerMethod><Track><Trackpoint><Time>2025-07-31T12:38:39.905Z</Time><Position><LatitudeDegrees>43.34342167</LatitudeDegrees><LongitudeDegrees>-2.82544</LongitudeDegrees></Position><AltitudeMeters>57.151</AltitudeMeters><DistanceMeters>2001.5999755859375</DistanceMeters><HeartRateBpm><Value>136</Value></HeartRateBpm><Cadence>88</Cadence><SensorState>Present</SensorState></Trackpoint><Trackpoint><Time>2025-07-31T12:38:40.905Z</Time><Position><LatitudeDegrees>43.34341333</LatitudeDegrees><LongitudeDegrees>-2.82538833</LongitudeDegrees></Position><AltitudeMeters>56.998</AltitudeMeters><DistanceMeters>2005.699951171875</DistanceMeters><HeartRateBpm><Value>135</Value></HeartRateBpm><Cadence>88</Cadence><SensorState>Present</SensorState></Trackpoint><Trackpoint><Time>2025-07-31T12:38:41.905Z</Time><Position><LatitudeDegrees>43.34340667</LatitudeDegrees><LongitudeDegrees>-2.82533833</LongitudeDegrees></Position><AltitudeMeters>56.846</AltitudeMeters><DistanceMeters>2010.0</DistanceMeters><HeartRateBpm><Value>135</Value></HeartRateBpm><Cadence>88</Cadence><SensorState>Present</SensorState></Trackpoint><Trackpoint><Time>2025-07-31T12:38:42.905Z</Time><Position><LatitudeDegrees>43.34340333</LatitudeDegrees><LongitudeDegrees>-2.82528833</LongitudeDegrees></Position><AltitudeMeters>56.846</AltitudeMeters><DistanceMeters>2014.199951171875</DistanceMeters><HeartRateBpm><Value>135</Value></HeartRateBpm><Cadence>88</Cadence><SensorState>Present</SensorState></Trackpoint><Trackpoint><Time>2025-07-31T12:38:43.905Z</Time><Position><LatitudeDegrees>43.343395</LatitudeDegrees><LongitudeDegrees>-2.82524</LongitudeDegrees></Position><AltitudeMeters>56.693</AltitudeMeters><DistanceMeters>2018.300048828125</DistanceMeters><HeartRateBpm><Value>135</Value></HeartRateBpm><Cadence>87</Cadence><SensorState>Present</SensorState></Trackpoint><Trackpoint><Time>2025-07-31T12:38:44.905Z</Time><Position><LatitudeDegrees>43.34338833</LatitudeDegrees><LongitudeDegrees>-2.82519167</LongitudeDegrees></Position><AltitudeMeters>56.541</AltitudeMeters><DistanceMeters>2022.4000244140625</DistanceMeters><HeartRateBpm><Value>135</Value></HeartRateBpm><Cadence>86</Cadence><SensorState>Present</SensorState></Trackpoint><Trackpoint><Time>2025-07-31T12:38:45.905Z</Time><Position><LatitudeDegrees>43.34337667</LatitudeDegrees><LongitudeDegrees>-2.825145</LongitudeDegrees></Position><AltitudeMeters>56.389</AltitudeMeters><DistanceMeters>2026.199951171875</DistanceMeters><HeartRateBpm><Value>135</Value></HeartRateBpm><Cadence>86</Cadence><SensorState>Present</SensorState></Trackpoint><Trackpoint><Time>2025-07-31T12:38:46.905Z</Time><Position><LatitudeDegrees>43.34336333</LatitudeDegrees><LongitudeDegrees>-2.825105</LongitudeDegrees></Position><AltitudeMeters>56.236</AltitudeMeters><DistanceMeters>2030.0999755859375</DistanceMeters><HeartRateBpm><Value>135</Value></HeartRateBpm><Cadence>86</Cadence><SensorState>Present</SensorState></Trackpoint><Trackpoint><Time>2025-07-31T12:38:47.905Z</Time><Position><LatitudeDegrees>43.34334333</LatitudeDegrees><LongitudeDegrees>-2.82506833</LongitudeDegrees></Position><AltitudeMeters>56.084</AltitudeMeters><DistanceMeters>2034.0</DistanceMeters><HeartRateBpm><Value>135</Value></HeartRateBpm><Cadence>86</Cadence><SensorState>Present</SensorState></Trackpoint><Trackpoint><Time>2025-07-31T12:38:48.905Z</Time><Position><LatitudeDegrees>43.34332167</LatitudeDegrees><LongitudeDegrees>-2.825035</LongitudeDegrees></Position><AltitudeMeters>56.084</AltitudeMeters><DistanceMeters>2037.699951171875</DistanceMeters><HeartRateBpm><Value>135</Value></HeartRateBpm><Cadence>86</Cadence><SensorState>Present</SensorState></Trackpoint><Trackpoint><Time>2025-07-31T12:38:49.905Z</Time><Position><LatitudeDegrees>43.34329667</LatitudeDegrees><LongitudeDegrees>-2.82500333</LongitudeDegrees></Position><AltitudeMeters>55.931</AltitudeMeters><DistanceMeters>2041.199951171875</DistanceMeters><HeartRateBpm><Value>135</Value></HeartRateBpm><Cadence>87</Cadence><SensorState>Present</SensorState></Trackpoint><Trackpoint><Time>2025-07-31T12:38:50.905Z</Time><Position><LatitudeDegrees>43.34326667</LatitudeDegrees><LongitudeDegrees>-2.82498</LongitudeDegrees></Position><AltitudeMeters>55.779</AltitudeMeters><DistanceMeters>2044.800048828125</DistanceMeters><HeartRateBpm><Value>135</Value></HeartRateBpm><Cadence>88</Cadence><SensorState>Present</SensorState></Trackpoint><Trackpoint><Time>2025-07-31T12:38:51.905Z</Time><Position><LatitudeDegrees>43.343235</LatitudeDegrees><LongitudeDegrees>-2.82496333</LongitudeDegrees></Position><AltitudeMeters>55.627</AltitudeMeters><DistanceMeters>2048.199951171875</DistanceMeters><HeartRateBpm><Value>135</Value></HeartRateBpm><Cadence>87</Cadence><SensorState>Present</SensorState></Trackpoint><Trackpoint><Time>2025-07-31T12:38:52.905Z</Time><Position><LatitudeDegrees>43.34320167</LatitudeDegrees><LongitudeDegrees>-2.82495</LongitudeDegrees></Position><AltitudeMeters>55.474</AltitudeMeters><DistanceMeters>2051.5</DistanceMeters><HeartRateBpm><Value>135</Value></HeartRateBpm><Cadence>86</Cadence><SensorState>Present</SensorState></Trackpoint><Trackpoint><Time>2025-07-31T12:38:53.905Z</Time><Position><LatitudeDegrees>43.343165</LatitudeDegrees><LongitudeDegrees>-2.82494167</LongitudeDegrees></Position><AltitudeMeters>55.322</AltitudeMeters><DistanceMeters>2054.89990234375</DistanceMeters><HeartRateBpm><Value>135</Value></HeartRateBpm><Cadence>86</Cadence><SensorState>Present</SensorState></Trackpoint><Trackpoint><Time>2025-07-31T12:38:54.905Z</Time><Position><LatitudeDegrees>43.34312833</LatitudeDegrees><LongitudeDegrees>-2.82494</LongitudeDegrees></Position><AltitudeMeters>55.169</AltitudeMeters><DistanceMeters>2058.39990234375</DistanceMeters><HeartRateBpm><Value>135</Value></HeartRateBpm><Cadence>86</Cadence><SensorState>Present</SensorState></Trackpoint><Trackpoint><Time>2025-07-31T12:38:55.905Z</Time><Position><LatitudeDegrees>43.343095</LatitudeDegrees><LongitudeDegrees>-2.82494</LongitudeDegrees></Position><AltitudeMeters>55.017</AltitudeMeters><DistanceMeters>2062.199951171875</DistanceMeters><HeartRateBpm><Value>135</Value></HeartRateBpm><Cadence>88</Cadence><SensorState>Present</SensorState></Trackpoint><Trackpoint><Time>2025-07-31T12:38:56.905Z</Time><Position><LatitudeDegrees>43.34306</LatitudeDegrees><LongitudeDegrees>-2.824945</LongitudeDegrees></Position><AltitudeMeters>54.865</AltitudeMeters><DistanceMeters>2066.0</DistanceMeters><HeartRateBpm><Value>135</Value></HeartRateBpm><Cadence>88</Cadence><SensorState>Present</SensorState></Trackpoint><Trackpoint><Time>2025-07-31T12:38:57.905Z</Time><Position><LatitudeDegrees>43.34302667</LatitudeDegrees><LongitudeDegrees>-2.82495167</LongitudeDegrees></Position><AltitudeMeters>54.712</AltitudeMeters><DistanceMeters>2069.800048828125</DistanceMeters><HeartRateBpm><Value>135</Value></HeartRateBpm><Cadence>88</Cadence><SensorState>Present</SensorState></Trackpoint><Trackpoint><Time>2025-07-31T12:38:58.905Z</Time><Position><LatitudeDegrees>43.34299333</LatitudeDegrees><LongitudeDegrees>-2.82495333</LongitudeDegrees></Position><AltitudeMeters>54.56</AltitudeMeters><DistanceMeters>2073.60009765625</DistanceMeters><HeartRateBpm><Value>135</Value></HeartRateBpm><Cadence>88</Cadence><SensorState>Present</SensorState></Trackpoint><Trackpoint><Time>2025-07-31T12:38:59.905Z</Time><Position><LatitudeDegrees>43.34296167</LatitudeDegrees><LongitudeDegrees>-2.82495833</LongitudeDegrees></Position><AltitudeMeters>54.407</AltitudeMeters><DistanceMeters>2077.699951171875</DistanceMeters><HeartRateBpm><Value>135</Value></HeartRateBpm><Cadence>88</Cadence><SensorState>Present</SensorState></Trackpoint><Trackpoint><Time>2025-07-31T12:39:00.905Z</Time><Position><LatitudeDegrees>43.34293</LatitudeDegrees><LongitudeDegrees>-2.82496167</LongitudeDegrees></Position><AltitudeMeters>54.255</AltitudeMeters><DistanceMeters>2081.5</DistanceMeters><HeartRateBpm><Value>135</Value></HeartRateBpm><Cadence>88</Cadence><SensorState>Present</SensorState></Trackpoint><Trackpoint><Time>2025-07-31T12:39:01.905Z</Time><Position><LatitudeDegrees>43.3429</LatitudeDegrees><LongitudeDegrees>-2.82496833</LongitudeDegrees></Position><AltitudeMeters>54.103</AltitudeMeters><DistanceMeters>2085.10009765625</DistanceMeters><HeartRateBpm><Value>135</Value></HeartRateBpm><Cadence>88</Cadence><SensorState>Present</SensorState></Trackpoint><Trackpoint><Time>2025-07-31T12:39:02.905Z</Time><Position><LatitudeDegrees>43.34287</LatitudeDegrees><LongitudeDegrees>-2.824975</LongitudeDegrees></Position><AltitudeMeters>53.95</AltitudeMeters><DistanceMeters>2088.89990234375</DistanceMeters><HeartRateBpm><Value>135</Value></HeartRateBpm><Cadence>88</Cadence><SensorState>Present</SensorState></Trackpoint><Trackpoint><Time>2025-07-31T12:39:03.905Z</Time><Position><LatitudeDegrees>43.34284</LatitudeDegrees><LongitudeDegrees>-2.82497667</LongitudeDegrees></Position><AltitudeMeters>53.798</AltitudeMeters><DistanceMeters>2092.39990234375</DistanceMeters><HeartRateBpm><Value>135</Value></HeartRateBpm><Cadence>88</Cadence><SensorState>Present</SensorState></Trackpoint><Trackpoint><Time>2025-07-31T12:39:04.905Z</Time><Position><LatitudeDegrees>43.34281</LatitudeDegrees><LongitudeDegrees>-2.82497833</LongitudeDegrees></Position><AltitudeMeters>53.645</AltitudeMeters><DistanceMeters>2095.5</DistanceMeters><HeartRateBpm><Value>134</Value></HeartRateBpm><Cadence>88</Cadence><SensorState>Present</SensorState></Trackpoint><Trackpoint><Time>2025-07-31T12:39:05.905Z</Time><Position><LatitudeDegrees>43.34278</LatitudeDegrees><LongitudeDegrees>-2.82497833</LongitudeDegrees></Position><AltitudeMeters>53.493</AltitudeMeters><DistanceMeters>2098.800048828125</DistanceMeters><HeartRateBpm><Value>134</Value></HeartRateBpm><Cadence>88</Cadence><SensorState>Present</SensorState></Trackpoint><Trackpoint><Time>2025-07-31T12:39:06.905Z</Time><Position><LatitudeDegrees>43.34275</LatitudeDegrees><LongitudeDegrees>-2.82497833</LongitudeDegrees></Position><AltitudeMeters>53.341</AltitudeMeters><DistanceMeters>2102.10009765625</DistanceMeters><HeartRateBpm><Value>134</Value></HeartRateBpm><Cadence>88</Cadence><SensorState>Present</SensorState></Trackpoint><Trackpoint><Time>2025-07-31T12:39:07.905Z</Time><Position><LatitudeDegrees>43.34272</LatitudeDegrees><LongitudeDegrees>-2.82497333</LongitudeDegrees></Position><AltitudeMeters>53.188</AltitudeMeters><DistanceMeters>2105.199951171875</DistanceMeters><HeartRateBpm><Value>135</Value></HeartRateBpm><Cadence>88</Cadence><SensorState>Present</SensorState></Trackpoint><Trackpoint><Time>2025-07-31T12:39:08.905Z</Time><Position><LatitudeDegrees>43.34269</LatitudeDegrees><LongitudeDegrees>-2.824965</LongitudeDegrees></Position><AltitudeMeters>53.036</AltitudeMeters><DistanceMeters>2108.5</DistanceMeters><HeartRateBpm><Value>135</Value></HeartRateBpm><Cadence>88</Cadence><SensorState>Present</SensorState></Trackpoint><Trackpoint><Time>2025-07-31T12:39:09.905Z</Time><Position><LatitudeDegrees>43.34265833</LatitudeDegrees><LongitudeDegrees>-2.82495667</LongitudeDegrees></Position><AltitudeMeters>52.883</AltitudeMeters><DistanceMeters>2111.699951171875</DistanceMeters><HeartRateBpm><Value>135</Value></HeartRateBpm><Cadence>88</Cadence><SensorState>Present</SensorState></Trackpoint><Trackpoint><Time>2025-07-31T12:39:10.905Z</Time><Position><LatitudeDegrees>43.34262833</LatitudeDegrees><LongitudeDegrees>-2.824945</LongitudeDegrees></Position><AltitudeMeters>52.731</AltitudeMeters><DistanceMeters>2114.89990234375</DistanceMeters><HeartRateBpm><Value>135</Value></HeartRateBpm><Cadence>88</Cadence><SensorState>Present</SensorState></Trackpoint><Trackpoint><Time>2025-07-31T12:39:11.905Z</Time><Position><LatitudeDegrees>43.3426</LatitudeDegrees><LongitudeDegrees>-2.82493333</LongitudeDegrees></Position><AltitudeMeters>52.579</AltitudeMeters><DistanceMeters>2118.39990234375</DistanceMeters><HeartRateBpm><Value>135</Value></HeartRateBpm><Cadence>88</Cadence><SensorState>Present</SensorState></Trackpoint><Trackpoint><Time>2025-07-31T12:39:12.905Z</Time><Position><LatitudeDegrees>43.34257</LatitudeDegrees><LongitudeDegrees>-2.82492</LongitudeDegrees></Position><AltitudeMeters>52.426</AltitudeMeters><DistanceMeters>2121.800048828125</DistanceMeters><HeartRateBpm><Value>135</Value></HeartRateBpm><Cadence>88</Cadence><SensorState>Present</SensorState></Trackpoint><Trackpoint><Time>2025-07-31T12:39:13.905Z</Time><Position><LatitudeDegrees>43.34254</LatitudeDegrees><LongitudeDegrees>-2.824905</LongitudeDegrees></Position><AltitudeMeters>52.274</AltitudeMeters><DistanceMeters>2125.199951171875</DistanceMeters><HeartRateBpm><Value>135</Value></HeartRateBpm><Cadence>89</Cadence><SensorState>Present</SensorState></Trackpoint><Trackpoint><Time>2025-07-31T12:39:14.905Z</Time><Position><LatitudeDegrees>43.34250833</LatitudeDegrees><LongitudeDegrees>-2.82488667</LongitudeDegrees></Position><AltitudeMeters>52.121</AltitudeMeters><DistanceMeters>2128.699951171875</DistanceMeters><HeartRateBpm><Value>135</Value></HeartRateBpm><Cadence>90</Cadence><SensorState>Present</SensorState></Trackpoint><Trackpoint><Time>2025-07-31T12:39:15.905Z</Time><Position><LatitudeDegrees>43.34247833</LatitudeDegrees><LongitudeDegrees>-2.82487</LongitudeDegrees></Position><AltitudeMeters>51.969</AltitudeMeters><DistanceMeters>2132.300048828125</DistanceMeters><HeartRateBpm><Value>135</Value></HeartRateBpm><Cadence>90</Cadence><SensorState>Present</SensorState></Trackpoint><Trackpoint><Time>2025-07-31T12:39:16.905Z</Time><Position><LatitudeDegrees>43.34244833</LatitudeDegrees><LongitudeDegrees>-2.82485167</LongitudeDegrees></Position><AltitudeMeters>51.817</AltitudeMeters><DistanceMeters>2136.0</DistanceMeters><HeartRateBpm><Value>135</Value></HeartRateBpm><Cadence>89</Cadence><SensorState>Present</SensorState></Trackpoint><Trackpoint><Time>2025-07-31T12:39:17.905Z</Time><Position><LatitudeDegrees>43.34242167</LatitudeDegrees><LongitudeDegrees>-2.824835</LongitudeDegrees></Position><AltitudeMeters>51.512</AltitudeMeters><DistanceMeters>2139.699951171875</DistanceMeters><HeartRateBpm><Value>135</Value></HeartRateBpm><Cadence>89</Cadence><SensorState>Present</SensorState></Trackpoint><Trackpoint><Time>2025-07-31T12:39:18.905Z</Time><Position><LatitudeDegrees>43.34239667</LatitudeDegrees><LongitudeDegrees>-2.82482</LongitudeDegrees></Position><AltitudeMeters>51.359</AltitudeMeters><DistanceMeters>2143.39990234375</DistanceMeters><HeartRateBpm><Value>135</Value></HeartRateBpm><Cadence>89</Cadence><SensorState>Present</SensorState></Trackpoint><Trackpoint><Time>2025-07-31T12:39:19.905Z</Time><Position><LatitudeDegrees>43.34237</LatitudeDegrees><LongitudeDegrees>-2.82480333</LongitudeDegrees></Position><AltitudeMeters>51.207</AltitudeMeters><DistanceMeters>2146.800048828125</DistanceMeters><HeartRateBpm><Value>135</Value></HeartRateBpm><Cadence>89</Cadence><SensorState>Present</SensorState></Trackpoint><Trackpoint><Time>2025-07-31T12:39:20.905Z</Time><Position><LatitudeDegrees>43.34234333</LatitudeDegrees><LongitudeDegrees>-2.824785</LongitudeDegrees></Position><AltitudeMeters>51.055</AltitudeMeters><DistanceMeters>2150.199951171875</DistanceMeters><HeartRateBpm><Value>135</Value></HeartRateBpm><Cadence>89</Cadence><SensorState>Present</SensorState></Trackpoint><Trackpoint><Time>2025-07-31T12:39:21.905Z</Time><Position><LatitudeDegrees>43.34231667</LatitudeDegrees><LongitudeDegrees>-2.82476833</LongitudeDegrees></Position><AltitudeMeters>50.902</AltitudeMeters><DistanceMeters>2153.39990234375</DistanceMeters><HeartRateBpm><Value>135</Value></HeartRateBpm><Cadence>89</Cadence><SensorState>Present</SensorState></Trackpoint><Trackpoint><Time>2025-07-31T12:39:22.905Z</Time><Position><LatitudeDegrees>43.34229</LatitudeDegrees><LongitudeDegrees>-2.82475167</LongitudeDegrees></Position><AltitudeMeters>50.75</AltitudeMeters><DistanceMeters>2156.800048828125</DistanceMeters><HeartRateBpm><Value>135</Value></HeartRateBpm><Cadence>86</Cadence><SensorState>Present</SensorState></Trackpoint><Trackpoint><Time>2025-07-31T12:39:23.905Z</Time><Position><LatitudeDegrees>43.34226333</LatitudeDegrees><LongitudeDegrees>-2.82473167</LongitudeDegrees></Position><AltitudeMeters>50.597</AltitudeMeters><DistanceMeters>2160.10009765625</DistanceMeters><HeartRateBpm><Value>135</Value></HeartRateBpm><Cadence>86</Cadence><SensorState>Present</SensorState></Trackpoint><Trackpoint><Time>2025-07-31T12:39:24.905Z</Time><Position><LatitudeDegrees>43.34223833</LatitudeDegrees><LongitudeDegrees>-2.82471333</LongitudeDegrees></Position><AltitudeMeters>50.445</AltitudeMeters><DistanceMeters>2163.199951171875</DistanceMeters><HeartRateBpm><Value>135</Value></HeartRateBpm><Cadence>86</Cadence><SensorState>Present</SensorState></Trackpoint><Trackpoint><Time>2025-07-31T12:39:25.905Z</Time><Position><LatitudeDegrees>43.34221</LatitudeDegrees><LongitudeDegrees>-2.824695</LongitudeDegrees></Position><AltitudeMeters>50.293</AltitudeMeters><DistanceMeters>2166.300048828125</DistanceMeters><HeartRateBpm><Value>135</Value></HeartRateBpm><Cadence>86</Cadence><SensorState>Present</SensorState></Trackpoint><Trackpoint><Time>2025-07-31T12:39:26.905Z</Time><Position><LatitudeDegrees>43.34218167</LatitudeDegrees><LongitudeDegrees>-2.82467833</LongitudeDegrees></Position><AltitudeMeters>50.14</AltitudeMeters><DistanceMeters>2169.39990234375</DistanceMeters><HeartRateBpm><Value>135</Value></HeartRateBpm><Cadence>86</Cadence><SensorState>Present</SensorState></Trackpoint><Trackpoint><Time>2025-07-31T12:39:27.905Z</Time><Position><LatitudeDegrees>43.342155</LatitudeDegrees><LongitudeDegrees>-2.82466667</LongitudeDegrees></Position><AltitudeMeters>49.835</AltitudeMeters><DistanceMeters>2172.699951171875</DistanceMeters><HeartRateBpm><Value>135</Value></HeartRateBpm><Cadence>86</Cadence><SensorState>Present</SensorState></Trackpoint><Trackpoint><Time>2025-07-31T12:39:28.905Z</Time><Position><LatitudeDegrees>43.34212833</LatitudeDegrees><LongitudeDegrees>-2.824655</LongitudeDegrees></Position><AltitudeMeters>49.683</AltitudeMeters><DistanceMeters>2176.10009765625</DistanceMeters><HeartRateBpm><Value>135</Value></HeartRateBpm><Cadence>86</Cadence><SensorState>Present</SensorState></Trackpoint><Trackpoint><Time>2025-07-31T12:39:29.905Z</Time><Position><LatitudeDegrees>43.34210167</LatitudeDegrees><LongitudeDegrees>-2.82464333</LongitudeDegrees></Position><AltitudeMeters>49.531</AltitudeMeters><DistanceMeters>2179.39990234375</DistanceMeters><HeartRateBpm><Value>135</Value></HeartRateBpm><Cadence>86</Cadence><SensorState>Present</SensorState></Trackpoint><Trackpoint><Time>2025-07-31T12:39:30.905Z</Time><Position><LatitudeDegrees>43.34207333</LatitudeDegrees><LongitudeDegrees>-2.82463167</LongitudeDegrees></Position><AltitudeMeters>49.378</AltitudeMeters><DistanceMeters>2182.60009765625</DistanceMeters><HeartRateBpm><Value>135</Value></HeartRateBpm><Cadence>86</Cadence><SensorState>Present</SensorState></Trackpoint><Trackpoint><Time>2025-07-31T12:39:31.905Z</Time><Position><LatitudeDegrees>43.34204667</LatitudeDegrees><LongitudeDegrees>-2.82462167</LongitudeDegrees></Position><AltitudeMeters>49.226</AltitudeMeters><DistanceMeters>2185.699951171875</DistanceMeters><HeartRateBpm><Value>135</Value></HeartRateBpm><Cadence>86</Cadence><SensorState>Present</SensorState></Trackpoint><Trackpoint><Time>2025-07-31T12:39:32.905Z</Time><Position><LatitudeDegrees>43.34202</LatitudeDegrees><LongitudeDegrees>-2.82461167</LongitudeDegrees></Position><AltitudeMeters>49.073</AltitudeMeters><DistanceMeters>2189.10009765625</DistanceMeters><HeartRateBpm><Value>135</Value></HeartRateBpm><Cadence>86</Cadence><SensorState>Present</SensorState></Trackpoint><Trackpoint><Time>2025-07-31T12:39:33.905Z</Time><Position><LatitudeDegrees>43.34199167</LatitudeDegrees><LongitudeDegrees>-2.82460167</LongitudeDegrees></Position><AltitudeMeters>48.769</AltitudeMeters><DistanceMeters>2192.199951171875</DistanceMeters><HeartRateBpm><Value>135</Value></HeartRateBpm><Cadence>86</Cadence><SensorState>Present</SensorState></Trackpoint><Trackpoint><Time>2025-07-31T12:39:34.905Z</Time><Position><LatitudeDegrees>43.34196667</LatitudeDegrees><LongitudeDegrees>-2.824595</LongitudeDegrees></Position><AltitudeMeters>48.616</AltitudeMeters><DistanceMeters>2195.0</DistanceMeters><HeartRateBpm><Value>136</Value></HeartRateBpm><Cadence>86</Cadence><SensorState>Present</SensorState></Trackpoint><Trackpoint><Time>2025-07-31T12:39:35.905Z</Time><Position><LatitudeDegrees>43.34193667</LatitudeDegrees><LongitudeDegrees>-2.82458833</LongitudeDegrees></Position><AltitudeMeters>48.464</AltitudeMeters><DistanceMeters>2198.39990234375</DistanceMeters><HeartRateBpm><Value>136</Value></HeartRateBpm><Cadence>86</Cadence><SensorState>Present</SensorState></Trackpoint><Trackpoint><Time>2025-07-31T12:39:36.905Z</Time><Position><LatitudeDegrees>43.34191</LatitudeDegrees><LongitudeDegrees>-2.82458167</LongitudeDegrees></Position><AltitudeMeters>48.311</AltitudeMeters><DistanceMeters>2201.199951171875</DistanceMeters><HeartRateBpm><Value>136</Value></HeartRateBpm><Cadence>86</Cadence><SensorState>Present</SensorState></Trackpoint><Trackpoint><Time>2025-07-31T12:39:37.905Z</Time><Position><LatitudeDegrees>43.34188</LatitudeDegrees><LongitudeDegrees>-2.824575</LongitudeDegrees></Position><AltitudeMeters>48.159</AltitudeMeters><DistanceMeters>2204.199951171875</DistanceMeters><HeartRateBpm><Value>136</Value></HeartRateBpm><Cadence>86</Cadence><SensorState>Present</SensorState></Trackpoint><Trackpoint><Time>2025-07-31T12:39:38.905Z</Time><Position><LatitudeDegrees>43.34185333</LatitudeDegrees><LongitudeDegrees>-2.82457</LongitudeDegrees></Position><AltitudeMeters>48.007</AltitudeMeters><DistanceMeters>2207.60009765625</DistanceMeters><HeartRateBpm><Value>136</Value></HeartRateBpm><Cadence>86</Cadence><SensorState>Present</SensorState></Trackpoint><Trackpoint><Time>2025-07-31T12:39:39.905Z</Time><Position><LatitudeDegrees>43.341825</LatitudeDegrees><LongitudeDegrees>-2.82456167</LongitudeDegrees></Position><AltitudeMeters>47.854</AltitudeMeters><DistanceMeters>2210.89990234375</DistanceMeters><HeartRateBpm><Value>136</Value></HeartRateBpm><Cadence>86</Cadence><SensorState>Present</SensorState></Trackpoint><Trackpoint><Time>2025-07-31T12:39:40.905Z</Time><Position><LatitudeDegrees>43.34180167</LatitudeDegrees><LongitudeDegrees>-2.82455333</LongitudeDegrees></Position><AltitudeMeters>47.702</AltitudeMeters><DistanceMeters>2213.89990234375</DistanceMeters><HeartRateBpm><Value>136</Value></HeartRateBpm><Cadence>86</Cadence><SensorState>Present</SensorState></Trackpoint><Trackpoint><Time>2025-07-31T12:39:41.905Z</Time><Position><LatitudeDegrees>43.341785</LatitudeDegrees><LongitudeDegrees>-2.82454167</LongitudeDegrees></Position><AltitudeMeters>47.549</AltitudeMeters><DistanceMeters>2217.10009765625</DistanceMeters><HeartRateBpm><Value>136</Value></HeartRateBpm><Cadence>90</Cadence><SensorState>Present</SensorState></Trackpoint><Trackpoint><Time>2025-07-31T12:39:42.905Z</Time><Position><LatitudeDegrees>43.34177</LatitudeDegrees><LongitudeDegrees>-2.82452667</LongitudeDegrees></Position><AltitudeMeters>47.549</AltitudeMeters><DistanceMeters>2219.800048828125</DistanceMeters><HeartRateBpm><Value>136</Value></HeartRateBpm><Cadence>92</Cadence><SensorState>Present</SensorState></Trackpoint><Trackpoint><Time>2025-07-31T12:39:43.905Z</Time><Position><LatitudeDegrees>43.34176167</LatitudeDegrees><LongitudeDegrees>-2.824505</LongitudeDegrees></Position><AltitudeMeters>47.397</AltitudeMeters><DistanceMeters>2222.300048828125</DistanceMeters><HeartRateBpm><Value>136</Value></HeartRateBpm><Cadence>91</Cadence><SensorState>Present</SensorState></Trackpoint><Trackpoint><Time>2025-07-31T12:39:44.905Z</Time><Position><LatitudeDegrees>43.34175333</LatitudeDegrees><LongitudeDegrees>-2.82447667</LongitudeDegrees></Position><AltitudeMeters>47.245</AltitudeMeters><DistanceMeters>2224.10009765625</DistanceMeters><HeartRateBpm><Value>136</Value></HeartRateBpm><Cadence>88</Cadence><SensorState>Present</SensorState></Trackpoint><Trackpoint><Time>2025-07-31T12:39:45.905Z</Time><Position><LatitudeDegrees>43.34174667</LatitudeDegrees><LongitudeDegrees>-2.82444833</LongitudeDegrees></Position><AltitudeMeters>47.245</AltitudeMeters><DistanceMeters>2225.699951171875</DistanceMeters><HeartRateBpm><Value>136</Value></HeartRateBpm><Cadence>86</Cadence><SensorState>Present</SensorState></Trackpoint><Trackpoint><Time>2025-07-31T12:39:46.905Z</Time><Position><LatitudeDegrees>43.34174333</LatitudeDegrees><LongitudeDegrees>-2.824405</LongitudeDegrees></Position><AltitudeMeters>47.092</AltitudeMeters><DistanceMeters>2227.5</DistanceMeters><HeartRateBpm><Value>136</Value></HeartRateBpm><Cadence>86</Cadence><SensorState>Present</SensorState></Trackpoint><Trackpoint><Time>2025-07-31T12:39:47.905Z</Time><Position><LatitudeDegrees>43.34174333</LatitudeDegrees><LongitudeDegrees>-2.82437167</LongitudeDegrees></Position><AltitudeMeters>46.94</AltitudeMeters><DistanceMeters>2229.60009765625</DistanceMeters><HeartRateBpm><Value>136</Value></HeartRateBpm><Cadence>86</Cadence><SensorState>Present</SensorState></Trackpoint><Trackpoint><Time>2025-07-31T12:39:48.905Z</Time><Position><LatitudeDegrees>43.34174667</LatitudeDegrees><LongitudeDegrees>-2.82433833</LongitudeDegrees></Position><AltitudeMeters>46.94</AltitudeMeters><DistanceMeters>2232.0</DistanceMeters><HeartRateBpm><Value>137</Value></HeartRateBpm><Cadence>86</Cadence><SensorState>Present</SensorState></Trackpoint><Trackpoint><Time>2025-07-31T12:39:49.905Z</Time><Position><LatitudeDegrees>43.34174833</LatitudeDegrees><LongitudeDegrees>-2.82430333</LongitudeDegrees></Position><AltitudeMeters>46.787</AltitudeMeters><DistanceMeters>2234.0</DistanceMeters><HeartRateBpm><Value>137</Value></HeartRateBpm><Cadence>86</Cadence><SensorState>Present</SensorState></Trackpoint><Trackpoint><Time>2025-07-31T12:39:50.905Z</Time><Position><LatitudeDegrees>43.341745</LatitudeDegrees><LongitudeDegrees>-2.82426667</LongitudeDegrees></Position><AltitudeMeters>46.635</AltitudeMeters><DistanceMeters>2236.10009765625</DistanceMeters><HeartRateBpm><Value>138</Value></HeartRateBpm><Cadence>86</Cadence><SensorState>Present</SensorState></Trackpoint><Trackpoint><Time>2025-07-31T12:39:51.905Z</Time><Position><LatitudeDegrees>43.34173</LatitudeDegrees><LongitudeDegrees>-2.82423167</LongitudeDegrees></Position><AltitudeMeters>46.635</AltitudeMeters><DistanceMeters>2238.89990234375</DistanceMeters><HeartRateBpm><Value>138</Value></HeartRateBpm><Cadence>86</Cadence><SensorState>Present</SensorState></Trackpoint><Trackpoint><Time>2025-07-31T12:39:52.905Z</Time><Position><LatitudeDegrees>43.34171333</LatitudeDegrees><LongitudeDegrees>-2.82419833</LongitudeDegrees></Position><AltitudeMeters>46.483</AltitudeMeters><DistanceMeters>2242.199951171875</DistanceMeters><HeartRateBpm><Value>139</Value></HeartRateBpm><Cadence>87</Cadence><SensorState>Present</SensorState></Trackpoint><Trackpoint><Time>2025-07-31T12:39:53.905Z</Time><Position><LatitudeDegrees>43.34169167</LatitudeDegrees><LongitudeDegrees>-2.82417833</LongitudeDegrees></Position><AltitudeMeters>46.483</AltitudeMeters><DistanceMeters>2245.60009765625</DistanceMeters><HeartRateBpm><Value>139</Value></HeartRateBpm><Cadence>88</Cadence><SensorState>Present</SensorState></Trackpoint><Trackpoint><Time>2025-07-31T12:39:54.905Z</Time><Position><LatitudeDegrees>43.34166667</LatitudeDegrees><LongitudeDegrees>-2.824165</LongitudeDegrees></Position><AltitudeMeters>46.33</AltitudeMeters><DistanceMeters>2249.199951171875</DistanceMeters><HeartRateBpm><Value>139</Value></HeartRateBpm><Cadence>88</Cadence><SensorState>Present</SensorState></Trackpoint><Trackpoint><Time>2025-07-31T12:39:55.905Z</Time><Position><LatitudeDegrees>43.34164167</LatitudeDegrees><LongitudeDegrees>-2.824155</LongitudeDegrees></Position><AltitudeMeters>46.33</AltitudeMeters><DistanceMeters>2252.10009765625</DistanceMeters><HeartRateBpm><Value>139</Value></HeartRateBpm><Cadence>88</Cadence><SensorState>Present</SensorState></Trackpoint><Trackpoint><Time>2025-07-31T12:39:56.905Z</Time><Position><LatitudeDegrees>43.34161167</LatitudeDegrees><LongitudeDegrees>-2.824145</LongitudeDegrees></Position><AltitudeMeters>46.178</AltitudeMeters><DistanceMeters>2255.300048828125</DistanceMeters><HeartRateBpm><Value>140</Value></HeartRateBpm><Cadence>88</Cadence><SensorState>Present</SensorState></Trackpoint><Trackpoint><Time>2025-07-31T12:39:57.905Z</Time><Position><LatitudeDegrees>43.34158333</LatitudeDegrees><LongitudeDegrees>-2.82413833</LongitudeDegrees></Position><AltitudeMeters>46.178</AltitudeMeters><DistanceMeters>2257.60009765625</DistanceMeters><HeartRateBpm><Value>140</Value></HeartRateBpm><Cadence>88</Cadence><SensorState>Present</SensorState></Trackpoint><Trackpoint><Time>2025-07-31T12:39:58.905Z</Time><Position><LatitudeDegrees>43.34155667</LatitudeDegrees><LongitudeDegrees>-2.824135</LongitudeDegrees></Position><AltitudeMeters>46.025</AltitudeMeters><DistanceMeters>2260.699951171875</DistanceMeters><HeartRateBpm><Value>140</Value></HeartRateBpm><Cadence>88</Cadence><SensorState>Present</SensorState></Trackpoint><Trackpoint><Time>2025-07-31T12:39:59.905Z</Time><Position><LatitudeDegrees>43.34153</LatitudeDegrees><LongitudeDegrees>-2.82413</LongitudeDegrees></Position><AltitudeMeters>46.025</AltitudeMeters><DistanceMeters>2263.800048828125</DistanceMeters><HeartRateBpm><Value>140</Value></HeartRateBpm><Cadence>88</Cadence><SensorState>Present</SensorState></Trackpoint><Trackpoint><Time>2025-07-31T12:40:00.905Z</Time><Position><LatitudeDegrees>43.341505</LatitudeDegrees><LongitudeDegrees>-2.82412667</LongitudeDegrees></Position><AltitudeMeters>45.873</AltitudeMeters><DistanceMeters>2266.800048828125</DistanceMeters><HeartRateBpm><Value>140</Value></HeartRateBpm><Cadence>88</Cadence><SensorState>Present</SensorState></Trackpoint><Trackpoint><Time>2025-07-31T12:40:01.905Z</Time><Position><LatitudeDegrees>43.34148</LatitudeDegrees><LongitudeDegrees>-2.824125</LongitudeDegrees></Position><AltitudeMeters>45.873</AltitudeMeters><DistanceMeters>2269.89990234375</DistanceMeters><HeartRateBpm><Value>140</Value></HeartRateBpm><Cadence>88</Cadence><SensorState>Present</SensorState></Trackpoint><Trackpoint><Time>2025-07-31T12:40:02.905Z</Time><Position><LatitudeDegrees>43.341455</LatitudeDegrees><LongitudeDegrees>-2.82412333</LongitudeDegrees></Position><AltitudeMeters>45.873</AltitudeMeters><DistanceMeters>2272.800048828125</DistanceMeters><HeartRateBpm><Value>141</Value></HeartRateBpm><Cadence>88</Cadence><SensorState>Present</SensorState></Trackpoint><Trackpoint><Time>2025-07-31T12:40:03.905Z</Time><Position><LatitudeDegrees>43.34143167</LatitudeDegrees><LongitudeDegrees>-2.82412</LongitudeDegrees></Position><AltitudeMeters>45.721</AltitudeMeters><DistanceMeters>2275.800048828125</DistanceMeters><HeartRateBpm><Value>141</Value></HeartRateBpm><Cadence>88</Cadence><SensorState>Present</SensorState></Trackpoint><Trackpoint><Time>2025-07-31T12:40:04.905Z</Time><Position><LatitudeDegrees>43.34140667</LatitudeDegrees><LongitudeDegrees>-2.82411833</LongitudeDegrees></Position><AltitudeMeters>45.721</AltitudeMeters><DistanceMeters>2278.60009765625</DistanceMeters><HeartRateBpm><Value>141</Value></HeartRateBpm><Cadence>88</Cadence><SensorState>Present</SensorState></Trackpoint><Trackpoint><Time>2025-07-31T12:40:05.905Z</Time><Position><LatitudeDegrees>43.34138167</LatitudeDegrees><LongitudeDegrees>-2.82411667</LongitudeDegrees></Position><AltitudeMeters>45.721</AltitudeMeters><DistanceMeters>2281.5</DistanceMeters><HeartRateBpm><Value>141</Value></HeartRateBpm><Cadence>87</Cadence><SensorState>Present</SensorState></Trackpoint><Trackpoint><Time>2025-07-31T12:40:06.905Z</Time><Position><LatitudeDegrees>43.34135333</LatitudeDegrees><LongitudeDegrees>-2.824115</LongitudeDegrees></Position><AltitudeMeters>45.568</AltitudeMeters><DistanceMeters>2284.300048828125</DistanceMeters><HeartRateBpm><Value>142</Value></HeartRateBpm><Cadence>86</Cadence><SensorState>Present</SensorState></Trackpoint><Trackpoint><Time>2025-07-31T12:40:07.905Z</Time><Position><LatitudeDegrees>43.34132667</LatitudeDegrees><LongitudeDegrees>-2.82411167</LongitudeDegrees></Position><AltitudeMeters>45.568</AltitudeMeters><DistanceMeters>2286.699951171875</DistanceMeters><HeartRateBpm><Value>142</Value></HeartRateBpm><Cadence>87</Cadence><SensorState>Present</SensorState></Trackpoint><Trackpoint><Time>2025-07-31T12:40:08.905Z</Time><Position><LatitudeDegrees>43.34129833</LatitudeDegrees><LongitudeDegrees>-2.82410667</LongitudeDegrees></Position><AltitudeMeters>45.568</AltitudeMeters><DistanceMeters>2289.60009765625</DistanceMeters><HeartRateBpm><Value>142</Value></HeartRateBpm><Cadence>88</Cadence><SensorState>Present</SensorState></Trackpoint><Trackpoint><Time>2025-07-31T12:40:09.905Z</Time><Position><LatitudeDegrees>43.34127333</LatitudeDegrees><LongitudeDegrees>-2.82410167</LongitudeDegrees></Position><AltitudeMeters>45.416</AltitudeMeters><DistanceMeters>2292.5</DistanceMeters><HeartRateBpm><Value>142</Value></HeartRateBpm><Cadence>88</Cadence><SensorState>Present</SensorState></Trackpoint><Trackpoint><Time>2025-07-31T12:40:10.905Z</Time><Position><LatitudeDegrees>43.341245</LatitudeDegrees><LongitudeDegrees>-2.82409667</LongitudeDegrees></Position><AltitudeMeters>45.416</AltitudeMeters><DistanceMeters>2295.5</DistanceMeters><HeartRateBpm><Value>142</Value></HeartRateBpm><Cadence>88</Cadence><SensorState>Present</SensorState></Trackpoint><Trackpoint><Time>2025-07-31T12:40:11.905Z</Time><Position><LatitudeDegrees>43.34122333</LatitudeDegrees><LongitudeDegrees>-2.82409333</LongitudeDegrees></Position><AltitudeMeters>45.416</AltitudeMeters><DistanceMeters>2298.5</DistanceMeters><HeartRateBpm><Value>142</Value></HeartRateBpm><Cadence>88</Cadence><SensorState>Present</SensorState></Trackpoint><Trackpoint><Time>2025-07-31T12:40:12.905Z</Time><Position><LatitudeDegrees>43.34119167</LatitudeDegrees><LongitudeDegrees>-2.82408667</LongitudeDegrees></Position><AltitudeMeters>45.416</AltitudeMeters><DistanceMeters>2301.60009765625</DistanceMeters><HeartRateBpm><Value>143</Value></HeartRateBpm><Cadence>88</Cadence><SensorState>Present</SensorState></Trackpoint><Trackpoint><Time>2025-07-31T12:40:13.905Z</Time><Position><LatitudeDegrees>43.341165</LatitudeDegrees><LongitudeDegrees>-2.82408167</LongitudeDegrees></Position><AltitudeMeters>45.416</AltitudeMeters><DistanceMeters>2304.300048828125</DistanceMeters><HeartRateBpm><Value>143</Value></HeartRateBpm><Cadence>88</Cadence><SensorState>Present</SensorState></Trackpoint><Trackpoint><Time>2025-07-31T12:40:14.905Z</Time><Position><LatitudeDegrees>43.34114</LatitudeDegrees><LongitudeDegrees>-2.82408</LongitudeDegrees></Position><AltitudeMeters>45.263</AltitudeMeters><DistanceMeters>2307.89990234375</DistanceMeters><HeartRateBpm><Value>143</Value></HeartRateBpm><Cadence>88</Cadence><SensorState>Present</SensorState></Trackpoint><Trackpoint><Time>2025-07-31T12:40:15.905Z</Time><Position><LatitudeDegrees>43.341115</LatitudeDegrees><LongitudeDegrees>-2.82408</LongitudeDegrees></Position><AltitudeMeters>45.263</AltitudeMeters><DistanceMeters>2311.0</DistanceMeters><HeartRateBpm><Value>143</Value></HeartRateBpm><Cadence>88</Cadence><SensorState>Present</SensorState></Trackpoint><Trackpoint><Time>2025-07-31T12:40:16.905Z</Time><Position><LatitudeDegrees>43.34109167</LatitudeDegrees><LongitudeDegrees>-2.82408667</LongitudeDegrees></Position><AltitudeMeters>45.263</AltitudeMeters><DistanceMeters>2314.10009765625</DistanceMeters><HeartRateBpm><Value>143</Value></HeartRateBpm><Cadence>87</Cadence><SensorState>Present</SensorState></Trackpoint><Trackpoint><Time>2025-07-31T12:40:17.905Z</Time><Position><LatitudeDegrees>43.34106667</LatitudeDegrees><LongitudeDegrees>-2.8241</LongitudeDegrees></Position><AltitudeMeters>45.263</AltitudeMeters><DistanceMeters>2316.800048828125</DistanceMeters><HeartRateBpm><Value>143</Value></HeartRateBpm><Cadence>86</Cadence><SensorState>Present</SensorState></Trackpoint><Trackpoint><Time>2025-07-31T12:40:18.905Z</Time><Position><LatitudeDegrees>43.341045</LatitudeDegrees><LongitudeDegrees>-2.824115</LongitudeDegrees></Position><AltitudeMeters>45.263</AltitudeMeters><DistanceMeters>2319.5</DistanceMeters><HeartRateBpm><Value>143</Value></HeartRateBpm><Cadence>86</Cadence><SensorState>Present</SensorState></Trackpoint><Trackpoint><Time>2025-07-31T12:40:19.905Z</Time><Position><LatitudeDegrees>43.34102333</LatitudeDegrees><LongitudeDegrees>-2.82413</LongitudeDegrees></Position><AltitudeMeters>45.263</AltitudeMeters><DistanceMeters>2322.199951171875</DistanceMeters><HeartRateBpm><Value>143</Value></HeartRateBpm><Cadence>86</Cadence><SensorState>Present</SensorState></Trackpoint><Trackpoint><Time>2025-07-31T12:40:20.905Z</Time><Position><LatitudeDegrees>43.341</LatitudeDegrees><LongitudeDegrees>-2.82414667</LongitudeDegrees></Position><AltitudeMeters>45.263</AltitudeMeters><DistanceMeters>2324.89990234375</DistanceMeters><HeartRateBpm><Value>143</Value></HeartRateBpm><Cadence>86</Cadence><SensorState>Present</SensorState></Trackpoint><Trackpoint><Time>2025-07-31T12:40:21.905Z</Time><Position><LatitudeDegrees>43.34097833</LatitudeDegrees><LongitudeDegrees>-2.82416167</LongitudeDegrees></Position><AltitudeMeters>45.263</AltitudeMeters><DistanceMeters>2327.5</DistanceMeters><HeartRateBpm><Value>143</Value></HeartRateBpm><Cadence>86</Cadence><SensorState>Present</SensorState></Trackpoint><Trackpoint><Time>2025-07-31T12:40:22.905Z</Time><Position><LatitudeDegrees>43.340955</LatitudeDegrees><LongitudeDegrees>-2.82417167</LongitudeDegrees></Position><AltitudeMeters>45.263</AltitudeMeters><DistanceMeters>2330.5</DistanceMeters><HeartRateBpm><Value>144</Value></HeartRateBpm><Cadence>86</Cadence><SensorState>Present</SensorState></Trackpoint><Trackpoint><Time>2025-07-31T12:40:23.905Z</Time><Position><LatitudeDegrees>43.34093167</LatitudeDegrees><LongitudeDegrees>-2.82417667</LongitudeDegrees></Position><AltitudeMeters>45.263</AltitudeMeters><DistanceMeters>2332.60009765625</DistanceMeters><HeartRateBpm><Value>144</Value></HeartRateBpm><Cadence>87</Cadence><SensorState>Present</SensorState></Trackpoint><Trackpoint><Time>2025-07-31T12:40:24.905Z</Time><Position><LatitudeDegrees>43.340905</LatitudeDegrees><LongitudeDegrees>-2.82417833</LongitudeDegrees></Position><AltitudeMeters>45.263</AltitudeMeters><DistanceMeters>2335.300048828125</DistanceMeters><HeartRateBpm><Value>144</Value></HeartRateBpm><Cadence>88</Cadence><SensorState>Present</SensorState></Trackpoint><Trackpoint><Time>2025-07-31T12:40:25.905Z</Time><Position><LatitudeDegrees>43.34088</LatitudeDegrees><LongitudeDegrees>-2.82417667</LongitudeDegrees></Position><AltitudeMeters>45.263</AltitudeMeters><DistanceMeters>2337.89990234375</DistanceMeters><HeartRateBpm><Value>144</Value></HeartRateBpm><Cadence>88</Cadence><SensorState>Present</SensorState></Trackpoint><Trackpoint><Time>2025-07-31T12:40:26.905Z</Time><Position><LatitudeDegrees>43.340855</LatitudeDegrees><LongitudeDegrees>-2.82417</LongitudeDegrees></Position><AltitudeMeters>45.263</AltitudeMeters><DistanceMeters>2340.89990234375</DistanceMeters><HeartRateBpm><Value>144</Value></HeartRateBpm><Cadence>88</Cadence><SensorState>Present</SensorState></Trackpoint><Trackpoint><Time>2025-07-31T12:40:27.905Z</Time><Position><LatitudeDegrees>43.34083167</LatitudeDegrees><LongitudeDegrees>-2.824165</LongitudeDegrees></Position><AltitudeMeters>45.263</AltitudeMeters><DistanceMeters>2343.699951171875</DistanceMeters><HeartRateBpm><Value>144</Value></HeartRateBpm><Cadence>87</Cadence><SensorState>Present</SensorState></Trackpoint><Trackpoint><Time>2025-07-31T12:40:28.905Z</Time><Position><LatitudeDegrees>43.34081</LatitudeDegrees><LongitudeDegrees>-2.82415667</LongitudeDegrees></Position><AltitudeMeters>45.263</AltitudeMeters><DistanceMeters>2346.300048828125</DistanceMeters><HeartRateBpm><Value>144</Value></HeartRateBpm><Cadence>86</Cadence><SensorState>Present</SensorState></Trackpoint><Trackpoint><Time>2025-07-31T12:40:29.905Z</Time><Position><LatitudeDegrees>43.34078833</LatitudeDegrees><LongitudeDegrees>-2.82415</LongitudeDegrees></Position><AltitudeMeters>45.263</AltitudeMeters><DistanceMeters>2349.0</DistanceMeters><HeartRateBpm><Value>144</Value></HeartRateBpm><Cadence>86</Cadence><SensorState>Present</SensorState></Trackpoint><Trackpoint><Time>2025-07-31T12:40:30.905Z</Time><Position><LatitudeDegrees>43.340765</LatitudeDegrees><LongitudeDegrees>-2.82414333</LongitudeDegrees></Position><AltitudeMeters>45.263</AltitudeMeters><DistanceMeters>2351.60009765625</DistanceMeters><HeartRateBpm><Value>144</Value></HeartRateBpm><Cadence>86</Cadence><SensorState>Present</SensorState></Trackpoint><Trackpoint><Time>2025-07-31T12:40:31.905Z</Time><Position><LatitudeDegrees>43.34074333</LatitudeDegrees><LongitudeDegrees>-2.82413667</LongitudeDegrees></Position><AltitudeMeters>45.263</AltitudeMeters><DistanceMeters>2353.89990234375</DistanceMeters><HeartRateBpm><Value>144</Value></HeartRateBpm><Cadence>86</Cadence><SensorState>Present</SensorState></Trackpoint><Trackpoint><Time>2025-07-31T12:40:32.905Z</Time><Position><LatitudeDegrees>43.34072333</LatitudeDegrees><LongitudeDegrees>-2.82412833</LongitudeDegrees></Position><AltitudeMeters>45.263</AltitudeMeters><DistanceMeters>2356.699951171875</DistanceMeters><HeartRateBpm><Value>144</Value></HeartRateBpm><Cadence>86</Cadence><SensorState>Present</SensorState></Trackpoint><Trackpoint><Time>2025-07-31T12:40:33.905Z</Time><Position><LatitudeDegrees>43.34070167</LatitudeDegrees><LongitudeDegrees>-2.82412</LongitudeDegrees></Position><AltitudeMeters>45.263</AltitudeMeters><DistanceMeters>2359.10009765625</DistanceMeters><HeartRateBpm><Value>144</Value></HeartRateBpm><Cadence>86</Cadence><SensorState>Present</SensorState></Trackpoint><Trackpoint><Time>2025-07-31T12:40:34.905Z</Time><Position><LatitudeDegrees>43.34068167</LatitudeDegrees><LongitudeDegrees>-2.82411167</LongitudeDegrees></Position><AltitudeMeters>45.263</AltitudeMeters><DistanceMeters>2361.39990234375</DistanceMeters><HeartRateBpm><Value>144</Value></HeartRateBpm><Cadence>86</Cadence><SensorState>Present</SensorState></Trackpoint><Trackpoint><Time>2025-07-31T12:40:35.905Z</Time><Position><LatitudeDegrees>43.34065667</LatitudeDegrees><LongitudeDegrees>-2.8241</LongitudeDegrees></Position><AltitudeMeters>45.416</AltitudeMeters><DistanceMeters>2363.89990234375</DistanceMeters><HeartRateBpm><Value>144</Value></HeartRateBpm><Cadence>87</Cadence><SensorState>Present</SensorState></Trackpoint><Trackpoint><Time>2025-07-31T12:40:36.905Z</Time><Position><LatitudeDegrees>43.34063333</LatitudeDegrees><LongitudeDegrees>-2.82409</LongitudeDegrees></Position><AltitudeMeters>45.416</AltitudeMeters><DistanceMeters>2366.199951171875</DistanceMeters><HeartRateBpm><Value>145</Value></HeartRateBpm><Cadence>88</Cadence><SensorState>Present</SensorState></Trackpoint><Trackpoint><Time>2025-07-31T12:40:37.905Z</Time><Position><LatitudeDegrees>43.34061167</LatitudeDegrees><LongitudeDegrees>-2.82407833</LongitudeDegrees></Position><AltitudeMeters>45.416</AltitudeMeters><DistanceMeters>2368.800048828125</DistanceMeters><HeartRateBpm><Value>145</Value></HeartRateBpm><Cadence>88</Cadence><SensorState>Present</SensorState></Trackpoint><Trackpoint><Time>2025-07-31T12:40:38.905Z</Time><Position><LatitudeDegrees>43.34059167</LatitudeDegrees><LongitudeDegrees>-2.82407167</LongitudeDegrees></Position><AltitudeMeters>45.568</AltitudeMeters><DistanceMeters>2371.39990234375</DistanceMeters><HeartRateBpm><Value>145</Value></HeartRateBpm><Cadence>86</Cadence><SensorState>Present</SensorState></Trackpoint><Trackpoint><Time>2025-07-31T12:40:39.905Z</Time><Position><LatitudeDegrees>43.34057333</LatitudeDegrees><LongitudeDegrees>-2.824065</LongitudeDegrees></Position><AltitudeMeters>45.568</AltitudeMeters><DistanceMeters>2374.0</DistanceMeters><HeartRateBpm><Value>145</Value></HeartRateBpm><Cadence>86</Cadence><SensorState>Present</SensorState></Trackpoint><Trackpoint><Time>2025-07-31T12:40:40.905Z</Time><Position><LatitudeDegrees>43.34055667</LatitudeDegrees><LongitudeDegrees>-2.82405667</LongitudeDegrees></Position><AltitudeMeters>45.721</AltitudeMeters><DistanceMeters>2376.300048828125</DistanceMeters><HeartRateBpm><Value>145</Value></HeartRateBpm><Cadence>85</Cadence><SensorState>Present</SensorState></Trackpoint><Trackpoint><Time>2025-07-31T12:40:41.905Z</Time><Position><LatitudeDegrees>43.340535</LatitudeDegrees><LongitudeDegrees>-2.82404833</LongitudeDegrees></Position><AltitudeMeters>45.721</AltitudeMeters><DistanceMeters>2378.60009765625</DistanceMeters><HeartRateBpm><Value>145</Value></HeartRateBpm><Cadence>85</Cadence><SensorState>Present</SensorState></Trackpoint><Trackpoint><Time>2025-07-31T12:40:42.905Z</Time><Position><LatitudeDegrees>43.340515</LatitudeDegrees><LongitudeDegrees>-2.82403833</LongitudeDegrees></Position><AltitudeMeters>45.873</AltitudeMeters><DistanceMeters>2380.800048828125</DistanceMeters><HeartRateBpm><Value>145</Value></HeartRateBpm><Cadence>85</Cadence><SensorState>Present</SensorState></Trackpoint><Trackpoint><Time>2025-07-31T12:40:43.905Z</Time><Position><LatitudeDegrees>43.3405</LatitudeDegrees><LongitudeDegrees>-2.82402667</LongitudeDegrees></Position><AltitudeMeters>45.873</AltitudeMeters><DistanceMeters>2383.300048828125</DistanceMeters><HeartRateBpm><Value>145</Value></HeartRateBpm><Cadence>85</Cadence><SensorState>Present</SensorState></Trackpoint><Trackpoint><Time>2025-07-31T12:40:44.905Z</Time><Position><LatitudeDegrees>43.34048333</LatitudeDegrees><LongitudeDegrees>-2.82401</LongitudeDegrees></Position><AltitudeMeters>46.025</AltitudeMeters><DistanceMeters>2385.5</DistanceMeters><HeartRateBpm><Value>146</Value></HeartRateBpm><Cadence>85</Cadence><SensorState>Present</SensorState></Trackpoint><Trackpoint><Time>2025-07-31T12:40:45.905Z</Time><Position><LatitudeDegrees>43.340465</LatitudeDegrees><LongitudeDegrees>-2.823995</LongitudeDegrees></Position><AltitudeMeters>46.178</AltitudeMeters><DistanceMeters>2387.5</DistanceMeters><HeartRateBpm><Value>146</Value></HeartRateBpm><Cadence>85</Cadence><SensorState>Present</SensorState></Trackpoint><Trackpoint><Time>2025-07-31T12:40:46.905Z</Time><Position><LatitudeDegrees>43.340445</LatitudeDegrees><LongitudeDegrees>-2.82397833</LongitudeDegrees></Position><AltitudeMeters>46.178</AltitudeMeters><DistanceMeters>2389.300048828125</DistanceMeters><HeartRateBpm><Value>146</Value></HeartRateBpm><Cadence>85</Cadence><SensorState>Present</SensorState></Trackpoint><Trackpoint><Time>2025-07-31T12:40:47.905Z</Time><Position><LatitudeDegrees>43.34042833</LatitudeDegrees><LongitudeDegrees>-2.82396</LongitudeDegrees></Position><AltitudeMeters>46.33</AltitudeMeters><DistanceMeters>2391.5</DistanceMeters><HeartRateBpm><Value>146</Value></HeartRateBpm><Cadence>84</Cadence><SensorState>Present</SensorState></Trackpoint><Trackpoint><Time>2025-07-31T12:40:48.905Z</Time><Position><LatitudeDegrees>43.340415</LatitudeDegrees><LongitudeDegrees>-2.82394167</LongitudeDegrees></Position><AltitudeMeters>46.33</AltitudeMeters><DistanceMeters>2393.800048828125</DistanceMeters><HeartRateBpm><Value>147</Value></HeartRateBpm><Cadence>84</Cadence><SensorState>Present</SensorState></Trackpoint><Trackpoint><Time>2025-07-31T12:40:49.905Z</Time><Position><LatitudeDegrees>43.3404</LatitudeDegrees><LongitudeDegrees>-2.82392333</LongitudeDegrees></Position><AltitudeMeters>46.483</AltitudeMeters><DistanceMeters>2396.10009765625</DistanceMeters><HeartRateBpm><Value>147</Value></HeartRateBpm><Cadence>84</Cadence><SensorState>Present</SensorState></Trackpoint><Trackpoint><Time>2025-07-31T12:40:50.905Z</Time><Position><LatitudeDegrees>43.340385</LatitudeDegrees><LongitudeDegrees>-2.823905</LongitudeDegrees></Position><AltitudeMeters>46.635</AltitudeMeters><DistanceMeters>2398.39990234375</DistanceMeters><HeartRateBpm><Value>147</Value></HeartRateBpm><Cadence>84</Cadence><SensorState>Present</SensorState></Trackpoint><Trackpoint><Time>2025-07-31T12:40:51.905Z</Time><Position><LatitudeDegrees>43.34036833</LatitudeDegrees><LongitudeDegrees>-2.823885</LongitudeDegrees></Position><AltitudeMeters>46.635</AltitudeMeters><DistanceMeters>2400.699951171875</DistanceMeters><HeartRateBpm><Value>147</Value></HeartRateBpm><Cadence>85</Cadence><SensorState>Present</SensorState></Trackpoint><Trackpoint><Time>2025-07-31T12:40:52.905Z</Time><Position><LatitudeDegrees>43.34035333</LatitudeDegrees><LongitudeDegrees>-2.82386</LongitudeDegrees></Position><AltitudeMeters>46.787</AltitudeMeters><DistanceMeters>2402.89990234375</DistanceMeters><HeartRateBpm><Value>147</Value></HeartRateBpm><Cadence>84</Cadence><SensorState>Present</SensorState></Trackpoint><Trackpoint><Time>2025-07-31T12:40:53.905Z</Time><Position><LatitudeDegrees>43.34034</LatitudeDegrees><LongitudeDegrees>-2.823835</LongitudeDegrees></Position><AltitudeMeters>46.787</AltitudeMeters><DistanceMeters>2405.300048828125</DistanceMeters><HeartRateBpm><Value>147</Value></HeartRateBpm><Cadence>85</Cadence><SensorState>Present</SensorState></Trackpoint><Trackpoint><Time>2025-07-31T12:40:54.905Z</Time><Position><LatitudeDegrees>43.34034</LatitudeDegrees><LongitudeDegrees>-2.823835</LongitudeDegrees></Position><AltitudeMeters>46.94</AltitudeMeters><DistanceMeters>2408.10009765625</DistanceMeters><HeartRateBpm><Value>147</Value></HeartRateBpm><Cadence>85</Cadence><SensorState>Present</SensorState></Trackpoint><Trackpoint><Time>2025-07-31T12:40:55.905Z</Time><Position><LatitudeDegrees>43.34031167</LatitudeDegrees><LongitudeDegrees>-2.823785</LongitudeDegrees></Position><AltitudeMeters>47.092</AltitudeMeters><DistanceMeters>2410.0</DistanceMeters><HeartRateBpm><Value>147</Value></HeartRateBpm><Cadence>85</Cadence><SensorState>Present</SensorState></Trackpoint><Trackpoint><Time>2025-07-31T12:40:56.905Z</Time><Position><LatitudeDegrees>43.340295</LatitudeDegrees><LongitudeDegrees>-2.82375833</LongitudeDegrees></Position><AltitudeMeters>47.092</AltitudeMeters><DistanceMeters>2413.300048828125</DistanceMeters><HeartRateBpm><Value>147</Value></HeartRateBpm><Cadence>85</Cadence><SensorState>Present</SensorState></Trackpoint><Trackpoint><Time>2025-07-31T12:40:57.905Z</Time><Position><LatitudeDegrees>43.34028167</LatitudeDegrees><LongitudeDegrees>-2.82373</LongitudeDegrees></Position><AltitudeMeters>47.245</AltitudeMeters><DistanceMeters>2415.699951171875</DistanceMeters><HeartRateBpm><Value>147</Value></HeartRateBpm><Cadence>85</Cadence><SensorState>Present</SensorState></Trackpoint><Trackpoint><Time>2025-07-31T12:40:58.905Z</Time><Position><LatitudeDegrees>43.340265</LatitudeDegrees><LongitudeDegrees>-2.823705</LongitudeDegrees></Position><AltitudeMeters>47.397</AltitudeMeters><DistanceMeters>2418.39990234375</DistanceMeters><HeartRateBpm><Value>147</Value></HeartRateBpm><Cadence>85</Cadence><SensorState>Present</SensorState></Trackpoint><Trackpoint><Time>2025-07-31T12:40:59.905Z</Time><Position><LatitudeDegrees>43.340245</LatitudeDegrees><LongitudeDegrees>-2.82368</LongitudeDegrees></Position><AltitudeMeters>47.397</AltitudeMeters><DistanceMeters>2421.39990234375</DistanceMeters><HeartRateBpm><Value>147</Value></HeartRateBpm><Cadence>85</Cadence><SensorState>Present</SensorState></Trackpoint><Trackpoint><Time>2025-07-31T12:41:00.905Z</Time><Position><LatitudeDegrees>43.34023167</LatitudeDegrees><LongitudeDegrees>-2.82365167</LongitudeDegrees></Position><AltitudeMeters>47.549</AltitudeMeters><DistanceMeters>2424.300048828125</DistanceMeters><HeartRateBpm><Value>148</Value></HeartRateBpm><Cadence>85</Cadence><SensorState>Present</SensorState></Trackpoint><Trackpoint><Time>2025-07-31T12:41:01.905Z</Time><Position><LatitudeDegrees>43.34021667</LatitudeDegrees><LongitudeDegrees>-2.82362333</LongitudeDegrees></Position><AltitudeMeters>47.702</AltitudeMeters><DistanceMeters>2427.300048828125</DistanceMeters><HeartRateBpm><Value>148</Value></HeartRateBpm><Cadence>85</Cadence><SensorState>Present</SensorState></Trackpoint><Trackpoint><Time>2025-07-31T12:41:02.905Z</Time><Position><LatitudeDegrees>43.34020167</LatitudeDegrees><LongitudeDegrees>-2.82359667</LongitudeDegrees></Position><AltitudeMeters>47.854</AltitudeMeters><DistanceMeters>2430.300048828125</DistanceMeters><HeartRateBpm><Value>148</Value></HeartRateBpm><Cadence>85</Cadence><SensorState>Present</SensorState></Trackpoint><Trackpoint><Time>2025-07-31T12:41:03.905Z</Time><Position><LatitudeDegrees>43.34018667</LatitudeDegrees><LongitudeDegrees>-2.82357167</LongitudeDegrees></Position><AltitudeMeters>47.854</AltitudeMeters><DistanceMeters>2433.199951171875</DistanceMeters><HeartRateBpm><Value>148</Value></HeartRateBpm><Cadence>85</Cadence><SensorState>Present</SensorState></Trackpoint><Trackpoint><Time>2025-07-31T12:41:04.905Z</Time><Position><LatitudeDegrees>43.34017167</LatitudeDegrees><LongitudeDegrees>-2.82354667</LongitudeDegrees></Position><AltitudeMeters>48.007</AltitudeMeters><DistanceMeters>2436.10009765625</DistanceMeters><HeartRateBpm><Value>148</Value></HeartRateBpm><Cadence>85</Cadence><SensorState>Present</SensorState></Trackpoint><Trackpoint><Time>2025-07-31T12:41:05.905Z</Time><Position><LatitudeDegrees>43.340155</LatitudeDegrees><LongitudeDegrees>-2.82352</LongitudeDegrees></Position><AltitudeMeters>48.159</AltitudeMeters><DistanceMeters>2438.89990234375</DistanceMeters><HeartRateBpm><Value>148</Value></HeartRateBpm><Cadence>85</Cadence><SensorState>Present</SensorState></Trackpoint><Trackpoint><Time>2025-07-31T12:41:06.905Z</Time><Position><LatitudeDegrees>43.34014</LatitudeDegrees><LongitudeDegrees>-2.823495</LongitudeDegrees></Position><AltitudeMeters>48.311</AltitudeMeters><DistanceMeters>2441.699951171875</DistanceMeters><HeartRateBpm><Value>148</Value></HeartRateBpm><Cadence>85</Cadence><SensorState>Present</SensorState></Trackpoint><Trackpoint><Time>2025-07-31T12:41:07.905Z</Time><Position><LatitudeDegrees>43.340125</LatitudeDegrees><LongitudeDegrees>-2.82346833</LongitudeDegrees></Position><AltitudeMeters>48.311</AltitudeMeters><DistanceMeters>2444.39990234375</DistanceMeters><HeartRateBpm><Value>148</Value></HeartRateBpm><Cadence>85</Cadence><SensorState>Present</SensorState></Trackpoint><Trackpoint><Time>2025-07-31T12:41:08.905Z</Time><Position><LatitudeDegrees>43.34010833</LatitudeDegrees><LongitudeDegrees>-2.82344333</LongitudeDegrees></Position><AltitudeMeters>48.464</AltitudeMeters><DistanceMeters>2447.10009765625</DistanceMeters><HeartRateBpm><Value>148</Value></HeartRateBpm><Cadence>87</Cadence><SensorState>Present</SensorState></Trackpoint><Trackpoint><Time>2025-07-31T12:41:09.905Z</Time><Position><LatitudeDegrees>43.34009333</LatitudeDegrees><LongitudeDegrees>-2.82342</LongitudeDegrees></Position><AltitudeMeters>48.616</AltitudeMeters><DistanceMeters>2449.89990234375</DistanceMeters><HeartRateBpm><Value>148</Value></HeartRateBpm><Cadence>86</Cadence><SensorState>Present</SensorState></Trackpoint><Trackpoint><Time>2025-07-31T12:41:10.905Z</Time><Position><LatitudeDegrees>43.340075</LatitudeDegrees><LongitudeDegrees>-2.82339667</LongitudeDegrees></Position><AltitudeMeters>48.769</AltitudeMeters><DistanceMeters>2452.5</DistanceMeters><HeartRateBpm><Value>148</Value></HeartRateBpm><Cadence>86</Cadence><SensorState>Present</SensorState></Trackpoint><Trackpoint><Time>2025-07-31T12:41:11.905Z</Time><Position><LatitudeDegrees>43.34006167</LatitudeDegrees><LongitudeDegrees>-2.82336833</LongitudeDegrees></Position><AltitudeMeters>48.921</AltitudeMeters><DistanceMeters>2455.10009765625</DistanceMeters><HeartRateBpm><Value>148</Value></HeartRateBpm><Cadence>86</Cadence><SensorState>Present</SensorState></Trackpoint><Trackpoint><Time>2025-07-31T12:41:12.905Z</Time><Position><LatitudeDegrees>43.34004833</LatitudeDegrees><LongitudeDegrees>-2.82333833</LongitudeDegrees></Position><AltitudeMeters>49.073</AltitudeMeters><DistanceMeters>2457.800048828125</DistanceMeters><HeartRateBpm><Value>148</Value></HeartRateBpm><Cadence>86</Cadence><SensorState>Present</SensorState></Trackpoint><Trackpoint><Time>2025-07-31T12:41:13.905Z</Time><Position><LatitudeDegrees>43.34003833</LatitudeDegrees><LongitudeDegrees>-2.82330667</LongitudeDegrees></Position><AltitudeMeters>49.226</AltitudeMeters><DistanceMeters>2460.5</DistanceMeters><HeartRateBpm><Value>148</Value></HeartRateBpm><Cadence>86</Cadence><SensorState>Present</SensorState></Trackpoint><Trackpoint><Time>2025-07-31T12:41:14.905Z</Time><Position><LatitudeDegrees>43.340025</LatitudeDegrees><LongitudeDegrees>-2.82327833</LongitudeDegrees></Position><AltitudeMeters>49.378</AltitudeMeters><DistanceMeters>2463.300048828125</DistanceMeters><HeartRateBpm><Value>148</Value></HeartRateBpm><Cadence>86</Cadence><SensorState>Present</SensorState></Trackpoint><Trackpoint><Time>2025-07-31T12:41:15.905Z</Time><Position><LatitudeDegrees>43.34000667</LatitudeDegrees><LongitudeDegrees>-2.82324833</LongitudeDegrees></Position><AltitudeMeters>49.378</AltitudeMeters><DistanceMeters>2466.10009765625</DistanceMeters><HeartRateBpm><Value>149</Value></HeartRateBpm><Cadence>86</Cadence><SensorState>Present</SensorState></Trackpoint><Trackpoint><Time>2025-07-31T12:41:16.905Z</Time><Position><LatitudeDegrees>43.33998833</LatitudeDegrees><LongitudeDegrees>-2.82322167</LongitudeDegrees></Position><AltitudeMeters>49.531</AltitudeMeters><DistanceMeters>2468.800048828125</DistanceMeters><HeartRateBpm><Value>149</Value></HeartRateBpm><Cadence>86</Cadence><SensorState>Present</SensorState></Trackpoint><Trackpoint><Time>2025-07-31T12:41:17.905Z</Time><Position><LatitudeDegrees>43.33997167</LatitudeDegrees><LongitudeDegrees>-2.823195</LongitudeDegrees></Position><AltitudeMeters>49.683</AltitudeMeters><DistanceMeters>2471.89990234375</DistanceMeters><HeartRateBpm><Value>149</Value></HeartRateBpm><Cadence>86</Cadence><SensorState>Present</SensorState></Trackpoint><Trackpoint><Time>2025-07-31T12:41:18.905Z</Time><Position><LatitudeDegrees>43.33995333</LatitudeDegrees><LongitudeDegrees>-2.82317</LongitudeDegrees></Position><AltitudeMeters>49.835</AltitudeMeters><DistanceMeters>2474.800048828125</DistanceMeters><HeartRateBpm><Value>149</Value></HeartRateBpm><Cadence>86</Cadence><SensorState>Present</SensorState></Trackpoint><Trackpoint><Time>2025-07-31T12:41:19.905Z</Time><Position><LatitudeDegrees>43.339935</LatitudeDegrees><LongitudeDegrees>-2.82314333</LongitudeDegrees></Position><AltitudeMeters>49.988</AltitudeMeters><DistanceMeters>2477.699951171875</DistanceMeters><HeartRateBpm><Value>150</Value></HeartRateBpm><Cadence>86</Cadence><SensorState>Present</SensorState></Trackpoint><Trackpoint><Time>2025-07-31T12:41:20.905Z</Time><Position><LatitudeDegrees>43.33991833</LatitudeDegrees><LongitudeDegrees>-2.82311833</LongitudeDegrees></Position><AltitudeMeters>50.14</AltitudeMeters><DistanceMeters>2480.800048828125</DistanceMeters><HeartRateBpm><Value>150</Value></HeartRateBpm><Cadence>86</Cadence><SensorState>Present</SensorState></Trackpoint><Trackpoint><Time>2025-07-31T12:41:21.905Z</Time><Position><LatitudeDegrees>43.3399</LatitudeDegrees><LongitudeDegrees>-2.82309167</LongitudeDegrees></Position><AltitudeMeters>50.14</AltitudeMeters><DistanceMeters>2483.800048828125</DistanceMeters><HeartRateBpm><Value>150</Value></HeartRateBpm><Cadence>85</Cadence><SensorState>Present</SensorState></Trackpoint><Trackpoint><Time>2025-07-31T12:41:22.905Z</Time><Position><LatitudeDegrees>43.33988333</LatitudeDegrees><LongitudeDegrees>-2.82306667</LongitudeDegrees></Position><AltitudeMeters>50.293</AltitudeMeters><DistanceMeters>2486.699951171875</DistanceMeters><HeartRateBpm><Value>150</Value></HeartRateBpm><Cadence>84</Cadence><SensorState>Present</SensorState></Trackpoint><Trackpoint><Time>2025-07-31T12:41:23.905Z</Time><Position><LatitudeDegrees>43.33986833</LatitudeDegrees><LongitudeDegrees>-2.82304167</LongitudeDegrees></Position><AltitudeMeters>50.445</AltitudeMeters><DistanceMeters>2489.699951171875</DistanceMeters><HeartRateBpm><Value>149</Value></HeartRateBpm><Cadence>84</Cadence><SensorState>Present</SensorState></Trackpoint><Trackpoint><Time>2025-07-31T12:41:24.905Z</Time><Position><LatitudeDegrees>43.33985667</LatitudeDegrees><LongitudeDegrees>-2.82301833</LongitudeDegrees></Position><AltitudeMeters>50.597</AltitudeMeters><DistanceMeters>2492.60009765625</DistanceMeters><HeartRateBpm><Value>149</Value></HeartRateBpm><Cadence>84</Cadence><SensorState>Present</SensorState></Trackpoint><Trackpoint><Time>2025-07-31T12:41:25.905Z</Time><Position><LatitudeDegrees>43.339845</LatitudeDegrees><LongitudeDegrees>-2.82298667</LongitudeDegrees></Position><AltitudeMeters>50.75</AltitudeMeters><DistanceMeters>2495.39990234375</DistanceMeters><HeartRateBpm><Value>149</Value></HeartRateBpm><Cadence>85</Cadence><SensorState>Present</SensorState></Trackpoint><Trackpoint><Time>2025-07-31T12:41:26.905Z</Time><Position><LatitudeDegrees>43.33983167</LatitudeDegrees><LongitudeDegrees>-2.82296</LongitudeDegrees></Position><AltitudeMeters>50.902</AltitudeMeters><DistanceMeters>2497.699951171875</DistanceMeters><HeartRateBpm><Value>149</Value></HeartRateBpm><Cadence>85</Cadence><SensorState>Present</SensorState></Trackpoint><Trackpoint><Time>2025-07-31T12:41:27.905Z</Time><Position><LatitudeDegrees>43.33981833</LatitudeDegrees><LongitudeDegrees>-2.82293333</LongitudeDegrees></Position><AltitudeMeters>50.902</AltitudeMeters><DistanceMeters>2500.39990234375</DistanceMeters><HeartRateBpm><Value>148</Value></HeartRateBpm><Cadence>85</Cadence><SensorState>Present</SensorState></Trackpoint><Trackpoint><Time>2025-07-31T12:41:28.905Z</Time><Position><LatitudeDegrees>43.339805</LatitudeDegrees><LongitudeDegrees>-2.82290667</LongitudeDegrees></Position><AltitudeMeters>51.055</AltitudeMeters><DistanceMeters>2503.0</DistanceMeters><HeartRateBpm><Value>148</Value></HeartRateBpm><Cadence>85</Cadence><SensorState>Present</SensorState></Trackpoint><Trackpoint><Time>2025-07-31T12:41:29.905Z</Time><Position><LatitudeDegrees>43.33978667</LatitudeDegrees><LongitudeDegrees>-2.82288333</LongitudeDegrees></Position><AltitudeMeters>51.207</AltitudeMeters><DistanceMeters>2505.60009765625</DistanceMeters><HeartRateBpm><Value>148</Value></HeartRateBpm><Cadence>85</Cadence><SensorState>Present</SensorState></Trackpoint><Trackpoint><Time>2025-07-31T12:41:30.905Z</Time><Position><LatitudeDegrees>43.33976</LatitudeDegrees><LongitudeDegrees>-2.82286333</LongitudeDegrees></Position><AltitudeMeters>51.359</AltitudeMeters><DistanceMeters>2508.0</DistanceMeters><HeartRateBpm><Value>148</Value></HeartRateBpm><Cadence>85</Cadence><SensorState>Present</SensorState></Trackpoint><Trackpoint><Time>2025-07-31T12:41:31.905Z</Time><Position><LatitudeDegrees>43.33973333</LatitudeDegrees><LongitudeDegrees>-2.82284833</LongitudeDegrees></Position><AltitudeMeters>51.512</AltitudeMeters><DistanceMeters>2510.699951171875</DistanceMeters><HeartRateBpm><Value>148</Value></HeartRateBpm><Cadence>85</Cadence><SensorState>Present</SensorState></Trackpoint><Trackpoint><Time>2025-07-31T12:41:32.905Z</Time><Position><LatitudeDegrees>43.33971</LatitudeDegrees><LongitudeDegrees>-2.822845</LongitudeDegrees></Position><AltitudeMeters>51.512</AltitudeMeters><DistanceMeters>2513.5</DistanceMeters><HeartRateBpm><Value>148</Value></HeartRateBpm><Cadence>85</Cadence><SensorState>Present</SensorState></Trackpoint><Trackpoint><Time>2025-07-31T12:41:33.905Z</Time><Position><LatitudeDegrees>43.33968667</LatitudeDegrees><LongitudeDegrees>-2.82284</LongitudeDegrees></Position><AltitudeMeters>51.664</AltitudeMeters><DistanceMeters>2516.5</DistanceMeters><HeartRateBpm><Value>148</Value></HeartRateBpm><Cadence>85</Cadence><SensorState>Present</SensorState></Trackpoint><Trackpoint><Time>2025-07-31T12:41:34.905Z</Time><Position><LatitudeDegrees>43.33966</LatitudeDegrees><LongitudeDegrees>-2.82283833</LongitudeDegrees></Position><AltitudeMeters>51.817</AltitudeMeters><DistanceMeters>2519.199951171875</DistanceMeters><HeartRateBpm><Value>148</Value></HeartRateBpm><Cadence>85</Cadence><SensorState>Present</SensorState></Trackpoint><Trackpoint><Time>2025-07-31T12:41:35.905Z</Time><Position><LatitudeDegrees>43.33963667</LatitudeDegrees><LongitudeDegrees>-2.82284333</LongitudeDegrees></Position><AltitudeMeters>51.969</AltitudeMeters><DistanceMeters>2522.199951171875</DistanceMeters><HeartRateBpm><Value>148</Value></HeartRateBpm><Cadence>85</Cadence><SensorState>Present</SensorState></Trackpoint><Trackpoint><Time>2025-07-31T12:41:36.905Z</Time><Position><LatitudeDegrees>43.33961167</LatitudeDegrees><LongitudeDegrees>-2.82285833</LongitudeDegrees></Position><AltitudeMeters>51.969</AltitudeMeters><DistanceMeters>2524.89990234375</DistanceMeters><HeartRateBpm><Value>148</Value></HeartRateBpm><Cadence>84</Cadence><SensorState>Present</SensorState></Trackpoint><Trackpoint><Time>2025-07-31T12:41:37.905Z</Time><Position><LatitudeDegrees>43.33958833</LatitudeDegrees><LongitudeDegrees>-2.82288167</LongitudeDegrees></Position><AltitudeMeters>52.121</AltitudeMeters><DistanceMeters>2527.60009765625</DistanceMeters><HeartRateBpm><Value>148</Value></HeartRateBpm><Cadence>84</Cadence><SensorState>Present</SensorState></Trackpoint><Trackpoint><Time>2025-07-31T12:41:38.905Z</Time><Position><LatitudeDegrees>43.33957</LatitudeDegrees><LongitudeDegrees>-2.82291</LongitudeDegrees></Position><AltitudeMeters>52.274</AltitudeMeters><DistanceMeters>2530.300048828125</DistanceMeters><HeartRateBpm><Value>148</Value></HeartRateBpm><Cadence>84</Cadence><SensorState>Present</SensorState></Trackpoint><Trackpoint><Time>2025-07-31T12:41:39.905Z</Time><Position><LatitudeDegrees>43.339555</LatitudeDegrees><LongitudeDegrees>-2.822945</LongitudeDegrees></Position><AltitudeMeters>52.274</AltitudeMeters><DistanceMeters>2533.39990234375</DistanceMeters><HeartRateBpm><Value>147</Value></HeartRateBpm><Cadence>84</Cadence><SensorState>Present</SensorState></Trackpoint><Trackpoint><Time>2025-07-31T12:41:40.905Z</Time><Position><LatitudeDegrees>43.33954</LatitudeDegrees><LongitudeDegrees>-2.82298</LongitudeDegrees></Position><AltitudeMeters>52.426</AltitudeMeters><DistanceMeters>2536.199951171875</DistanceMeters><HeartRateBpm><Value>147</Value></HeartRateBpm><Cadence>84</Cadence><SensorState>Present</SensorState></Trackpoint><Trackpoint><Time>2025-07-31T12:41:41.905Z</Time><Position><LatitudeDegrees>43.33952667</LatitudeDegrees><LongitudeDegrees>-2.823015</LongitudeDegrees></Position><AltitudeMeters>52.579</AltitudeMeters><DistanceMeters>2539.0</DistanceMeters><HeartRateBpm><Value>147</Value></HeartRateBpm><Cadence>85</Cadence><SensorState>Present</SensorState></Trackpoint><Trackpoint><Time>2025-07-31T12:41:42.905Z</Time><Position><LatitudeDegrees>43.33951167</LatitudeDegrees><LongitudeDegrees>-2.82304833</LongitudeDegrees></Position><AltitudeMeters>52.579</AltitudeMeters><DistanceMeters>2542.0</DistanceMeters><HeartRateBpm><Value>147</Value></HeartRateBpm><Cadence>85</Cadence><SensorState>Present</SensorState></Trackpoint><Trackpoint><Time>2025-07-31T12:41:43.905Z</Time><Position><LatitudeDegrees>43.33949833</LatitudeDegrees><LongitudeDegrees>-2.82308667</LongitudeDegrees></Position><AltitudeMeters>52.731</AltitudeMeters><DistanceMeters>2545.10009765625</DistanceMeters><HeartRateBpm><Value>147</Value></HeartRateBpm><Cadence>85</Cadence><SensorState>Present</SensorState></Trackpoint><Trackpoint><Time>2025-07-31T12:41:44.905Z</Time><Position><LatitudeDegrees>43.33949</LatitudeDegrees><LongitudeDegrees>-2.82312833</LongitudeDegrees></Position><AltitudeMeters>52.731</AltitudeMeters><DistanceMeters>2548.39990234375</DistanceMeters><HeartRateBpm><Value>146</Value></HeartRateBpm><Cadence>85</Cadence><SensorState>Present</SensorState></Trackpoint><Trackpoint><Time>2025-07-31T12:41:45.905Z</Time><Position><LatitudeDegrees>43.33948333</LatitudeDegrees><LongitudeDegrees>-2.823165</LongitudeDegrees></Position><AltitudeMeters>52.883</AltitudeMeters><DistanceMeters>2551.89990234375</DistanceMeters><HeartRateBpm><Value>146</Value></HeartRateBpm><Cadence>85</Cadence><SensorState>Present</SensorState></Trackpoint><Trackpoint><Time>2025-07-31T12:41:46.905Z</Time><Position><LatitudeDegrees>43.33947667</LatitudeDegrees><LongitudeDegrees>-2.8232</LongitudeDegrees></Position><AltitudeMeters>52.883</AltitudeMeters><DistanceMeters>2555.60009765625</DistanceMeters><HeartRateBpm><Value>146</Value></HeartRateBpm><Cadence>85</Cadence><SensorState>Present</SensorState></Trackpoint><Trackpoint><Time>2025-07-31T12:41:47.905Z</Time><Position><LatitudeDegrees>43.33947167</LatitudeDegrees><LongitudeDegrees>-2.82323833</LongitudeDegrees></Position><AltitudeMeters>53.036</AltitudeMeters><DistanceMeters>2559.0</DistanceMeters><HeartRateBpm><Value>146</Value></HeartRateBpm><Cadence>85</Cadence><SensorState>Present</SensorState></Trackpoint><Trackpoint><Time>2025-07-31T12:41:48.905Z</Time><Position><LatitudeDegrees>43.33946667</LatitudeDegrees><LongitudeDegrees>-2.82328</LongitudeDegrees></Position><AltitudeMeters>53.036</AltitudeMeters><DistanceMeters>2562.199951171875</DistanceMeters><HeartRateBpm><Value>146</Value></HeartRateBpm><Cadence>85</Cadence><SensorState>Present</SensorState></Trackpoint><Trackpoint><Time>2025-07-31T12:41:49.905Z</Time><Position><LatitudeDegrees>43.33946333</LatitudeDegrees><LongitudeDegrees>-2.82332333</LongitudeDegrees></Position><AltitudeMeters>53.036</AltitudeMeters><DistanceMeters>2565.39990234375</DistanceMeters><HeartRateBpm><Value>146</Value></HeartRateBpm><Cadence>85</Cadence><SensorState>Present</SensorState></Trackpoint><Trackpoint><Time>2025-07-31T12:41:50.905Z</Time><Position><LatitudeDegrees>43.33945667</LatitudeDegrees><LongitudeDegrees>-2.82337167</LongitudeDegrees></Position><AltitudeMeters>53.188</AltitudeMeters><DistanceMeters>2568.699951171875</DistanceMeters><HeartRateBpm><Value>146</Value></HeartRateBpm><Cadence>85</Cadence><SensorState>Present</SensorState></Trackpoint><Trackpoint><Time>2025-07-31T12:41:51.905Z</Time><Position><LatitudeDegrees>43.33944833</LatitudeDegrees><LongitudeDegrees>-2.82341833</LongitudeDegrees></Position><AltitudeMeters>53.188</AltitudeMeters><DistanceMeters>2572.10009765625</DistanceMeters><HeartRateBpm><Value>146</Value></HeartRateBpm><Cadence>85</Cadence><SensorState>Present</SensorState></Trackpoint><Trackpoint><Time>2025-07-31T12:41:52.905Z</Time><Position><LatitudeDegrees>43.33943667</LatitudeDegrees><LongitudeDegrees>-2.82346333</LongitudeDegrees></Position><AltitudeMeters>53.188</AltitudeMeters><DistanceMeters>2575.800048828125</DistanceMeters><HeartRateBpm><Value>145</Value></HeartRateBpm><Cadence>85</Cadence><SensorState>Present</SensorState></Trackpoint><Trackpoint><Time>2025-07-31T12:41:53.905Z</Time><Position><LatitudeDegrees>43.339425</LatitudeDegrees><LongitudeDegrees>-2.82350667</LongitudeDegrees></Position><AltitudeMeters>53.188</AltitudeMeters><DistanceMeters>2579.89990234375</DistanceMeters><HeartRateBpm><Value>146</Value></HeartRateBpm><Cadence>85</Cadence><SensorState>Present</SensorState></Trackpoint><Trackpoint><Time>2025-07-31T12:41:54.905Z</Time><Position><LatitudeDegrees>43.33941333</LatitudeDegrees><LongitudeDegrees>-2.82355333</LongitudeDegrees></Position><AltitudeMeters>53.188</AltitudeMeters><DistanceMeters>2583.800048828125</DistanceMeters><HeartRateBpm><Value>145</Value></HeartRateBpm><Cadence>87</Cadence><SensorState>Present</SensorState></Trackpoint><Trackpoint><Time>2025-07-31T12:41:55.905Z</Time><Position><LatitudeDegrees>43.33940667</LatitudeDegrees><LongitudeDegrees>-2.82360167</LongitudeDegrees></Position><AltitudeMeters>53.188</AltitudeMeters><DistanceMeters>2587.60009765625</DistanceMeters><HeartRateBpm><Value>145</Value></HeartRateBpm><Cadence>88</Cadence><SensorState>Present</SensorState></Trackpoint><Trackpoint><Time>2025-07-31T12:41:56.905Z</Time><Position><LatitudeDegrees>43.33939833</LatitudeDegrees><LongitudeDegrees>-2.82365333</LongitudeDegrees></Position><AltitudeMeters>53.188</AltitudeMeters><DistanceMeters>2592.0</DistanceMeters><HeartRateBpm><Value>145</Value></HeartRateBpm><Cadence>88</Cadence><SensorState>Present</SensorState></Trackpoint><Trackpoint><Time>2025-07-31T12:41:57.905Z</Time><Position><LatitudeDegrees>43.33939</LatitudeDegrees><LongitudeDegrees>-2.82370333</LongitudeDegrees></Position><AltitudeMeters>53.188</AltitudeMeters><DistanceMeters>2596.39990234375</DistanceMeters><HeartRateBpm><Value>145</Value></HeartRateBpm><Cadence>88</Cadence><SensorState>Present</SensorState></Trackpoint><Trackpoint><Time>2025-07-31T12:41:58.905Z</Time><Position><LatitudeDegrees>43.33938</LatitudeDegrees><LongitudeDegrees>-2.82375333</LongitudeDegrees></Position><AltitudeMeters>53.188</AltitudeMeters><DistanceMeters>2600.800048828125</DistanceMeters><HeartRateBpm><Value>144</Value></HeartRateBpm><Cadence>88</Cadence><SensorState>Present</SensorState></Trackpoint><Trackpoint><Time>2025-07-31T12:41:59.905Z</Time><Position><LatitudeDegrees>43.33937167</LatitudeDegrees><LongitudeDegrees>-2.8238</LongitudeDegrees></Position><AltitudeMeters>53.188</AltitudeMeters><DistanceMeters>2605.300048828125</DistanceMeters><HeartRateBpm><Value>144</Value></HeartRateBpm><Cadence>88</Cadence><SensorState>Present</SensorState></Trackpoint><Trackpoint><Time>2025-07-31T12:42:00.905Z</Time><Position><LatitudeDegrees>43.33936167</LatitudeDegrees><LongitudeDegrees>-2.82384833</LongitudeDegrees></Position><AltitudeMeters>53.188</AltitudeMeters><DistanceMeters>2609.800048828125</DistanceMeters><HeartRateBpm><Value>143</Value></HeartRateBpm><Cadence>88</Cadence><SensorState>Present</SensorState></Trackpoint><Trackpoint><Time>2025-07-31T12:42:01.905Z</Time><Position><LatitudeDegrees>43.33935333</LatitudeDegrees><LongitudeDegrees>-2.82389667</LongitudeDegrees></Position><AltitudeMeters>53.036</AltitudeMeters><DistanceMeters>2613.800048828125</DistanceMeters><HeartRateBpm><Value>143</Value></HeartRateBpm><Cadence>88</Cadence><SensorState>Present</SensorState></Trackpoint><Trackpoint><Time>2025-07-31T12:42:02.905Z</Time><Position><LatitudeDegrees>43.339345</LatitudeDegrees><LongitudeDegrees>-2.82394333</LongitudeDegrees></Position><AltitudeMeters>53.036</AltitudeMeters><DistanceMeters>2617.89990234375</DistanceMeters><HeartRateBpm><Value>143</Value></HeartRateBpm><Cadence>88</Cadence><SensorState>Present</SensorState></Trackpoint><Trackpoint><Time>2025-07-31T12:42:03.905Z</Time><Position><LatitudeDegrees>43.33933667</LatitudeDegrees><LongitudeDegrees>-2.82398667</LongitudeDegrees></Position><AltitudeMeters>53.036</AltitudeMeters><DistanceMeters>2622.10009765625</DistanceMeters><HeartRateBpm><Value>143</Value></HeartRateBpm><Cadence>88</Cadence><SensorState>Present</SensorState></Trackpoint><Trackpoint><Time>2025-07-31T12:42:04.905Z</Time><Position><LatitudeDegrees>43.33932833</LatitudeDegrees><LongitudeDegrees>-2.82402833</LongitudeDegrees></Position><AltitudeMeters>52.883</AltitudeMeters><DistanceMeters>2626.199951171875</DistanceMeters><HeartRateBpm><Value>143</Value></HeartRateBpm><Cadence>88</Cadence><SensorState>Present</SensorState></Trackpoint><Trackpoint><Time>2025-07-31T12:42:05.905Z</Time><Position><LatitudeDegrees>43.33932</LatitudeDegrees><LongitudeDegrees>-2.82407</LongitudeDegrees></Position><AltitudeMeters>52.883</AltitudeMeters><DistanceMeters>2630.10009765625</DistanceMeters><HeartRateBpm><Value>142</Value></HeartRateBpm><Cadence>88</Cadence><SensorState>Present</SensorState></Trackpoint><Trackpoint><Time>2025-07-31T12:42:06.905Z</Time><Position><LatitudeDegrees>43.33931167</LatitudeDegrees><LongitudeDegrees>-2.82411167</LongitudeDegrees></Position><AltitudeMeters>52.731</AltitudeMeters><DistanceMeters>2633.699951171875</DistanceMeters><HeartRateBpm><Value>142</Value></HeartRateBpm><Cadence>88</Cadence><SensorState>Present</SensorState></Trackpoint><Trackpoint><Time>2025-07-31T12:42:07.905Z</Time><Position><LatitudeDegrees>43.33930333</LatitudeDegrees><LongitudeDegrees>-2.824155</LongitudeDegrees></Position><AltitudeMeters>52.731</AltitudeMeters><DistanceMeters>2636.89990234375</DistanceMeters><HeartRateBpm><Value>142</Value></HeartRateBpm><Cadence>88</Cadence><SensorState>Present</SensorState></Trackpoint><Trackpoint><Time>2025-07-31T12:42:08.905Z</Time><Position><LatitudeDegrees>43.33929667</LatitudeDegrees><LongitudeDegrees>-2.824195</LongitudeDegrees></Position><AltitudeMeters>52.579</AltitudeMeters><DistanceMeters>2640.300048828125</DistanceMeters><HeartRateBpm><Value>142</Value></HeartRateBpm><Cadence>88</Cadence><SensorState>Present</SensorState></Trackpoint><Trackpoint><Time>2025-07-31T12:42:09.905Z</Time><Position><LatitudeDegrees>43.33928833</LatitudeDegrees><LongitudeDegrees>-2.824235</LongitudeDegrees></Position><AltitudeMeters>52.579</AltitudeMeters><DistanceMeters>2643.699951171875</DistanceMeters><HeartRateBpm><Value>142</Value></HeartRateBpm><Cadence>88</Cadence><SensorState>Present</SensorState></Trackpoint><Trackpoint><Time>2025-07-31T12:42:10.905Z</Time><Position><LatitudeDegrees>43.33927833</LatitudeDegrees><LongitudeDegrees>-2.824275</LongitudeDegrees></Position><AltitudeMeters>52.426</AltitudeMeters><DistanceMeters>2647.0</DistanceMeters><HeartRateBpm><Value>141</Value></HeartRateBpm><Cadence>88</Cadence><SensorState>Present</SensorState></Trackpoint><Trackpoint><Time>2025-07-31T12:42:11.905Z</Time><Position><LatitudeDegrees>43.33926833</LatitudeDegrees><LongitudeDegrees>-2.824315</LongitudeDegrees></Position><AltitudeMeters>52.274</AltitudeMeters><DistanceMeters>2650.199951171875</DistanceMeters><HeartRateBpm><Value>141</Value></HeartRateBpm><Cadence>88</Cadence><SensorState>Present</SensorState></Trackpoint><Trackpoint><Time>2025-07-31T12:42:12.905Z</Time><Position><LatitudeDegrees>43.33926167</LatitudeDegrees><LongitudeDegrees>-2.824355</LongitudeDegrees></Position><AltitudeMeters>52.121</AltitudeMeters><DistanceMeters>2653.300048828125</DistanceMeters><HeartRateBpm><Value>141</Value></HeartRateBpm><Cadence>88</Cadence><SensorState>Present</SensorState></Trackpoint><Trackpoint><Time>2025-07-31T12:42:13.905Z</Time><Position><LatitudeDegrees>43.33925833</LatitudeDegrees><LongitudeDegrees>-2.82439333</LongitudeDegrees></Position><AltitudeMeters>52.121</AltitudeMeters><DistanceMeters>2656.5</DistanceMeters><HeartRateBpm><Value>141</Value></HeartRateBpm><Cadence>88</Cadence><SensorState>Present</SensorState></Trackpoint><Trackpoint><Time>2025-07-31T12:42:14.905Z</Time><Position><LatitudeDegrees>43.33925</LatitudeDegrees><LongitudeDegrees>-2.82443</LongitudeDegrees></Position><AltitudeMeters>51.969</AltitudeMeters><DistanceMeters>2659.800048828125</DistanceMeters><HeartRateBpm><Value>141</Value></HeartRateBpm><Cadence>88</Cadence><SensorState>Present</SensorState></Trackpoint><Trackpoint><Time>2025-07-31T12:42:15.905Z</Time><Position><LatitudeDegrees>43.33924</LatitudeDegrees><LongitudeDegrees>-2.82446833</LongitudeDegrees></Position><AltitudeMeters>51.817</AltitudeMeters><DistanceMeters>2663.0</DistanceMeters><HeartRateBpm><Value>141</Value></HeartRateBpm><Cadence>88</Cadence><SensorState>Present</SensorState></Trackpoint><Trackpoint><Time>2025-07-31T12:42:16.905Z</Time><Position><LatitudeDegrees>43.33922833</LatitudeDegrees><LongitudeDegrees>-2.82450167</LongitudeDegrees></Position><AltitudeMeters>51.817</AltitudeMeters><DistanceMeters>2666.199951171875</DistanceMeters><HeartRateBpm><Value>141</Value></HeartRateBpm><Cadence>88</Cadence><SensorState>Present</SensorState></Trackpoint><Trackpoint><Time>2025-07-31T12:42:17.905Z</Time><Position><LatitudeDegrees>43.33922167</LatitudeDegrees><LongitudeDegrees>-2.82453667</LongitudeDegrees></Position><AltitudeMeters>51.664</AltitudeMeters><DistanceMeters>2669.39990234375</DistanceMeters><HeartRateBpm><Value>141</Value></HeartRateBpm><Cadence>88</Cadence><SensorState>Present</SensorState></Trackpoint><Trackpoint><Time>2025-07-31T12:42:18.905Z</Time><Position><LatitudeDegrees>43.33921</LatitudeDegrees><LongitudeDegrees>-2.82457333</LongitudeDegrees></Position><AltitudeMeters>51.512</AltitudeMeters><DistanceMeters>2672.300048828125</DistanceMeters><HeartRateBpm><Value>140</Value></HeartRateBpm><Cadence>88</Cadence><SensorState>Present</SensorState></Trackpoint><Trackpoint><Time>2025-07-31T12:42:19.905Z</Time><Position><LatitudeDegrees>43.3392</LatitudeDegrees><LongitudeDegrees>-2.82461</LongitudeDegrees></Position><AltitudeMeters>51.359</AltitudeMeters><DistanceMeters>2675.199951171875</DistanceMeters><HeartRateBpm><Value>140</Value></HeartRateBpm><Cadence>88</Cadence><SensorState>Present</SensorState></Trackpoint><Trackpoint><Time>2025-07-31T12:42:20.905Z</Time><Position><LatitudeDegrees>43.33918667</LatitudeDegrees><LongitudeDegrees>-2.82464667</LongitudeDegrees></Position><AltitudeMeters>51.359</AltitudeMeters><DistanceMeters>2678.300048828125</DistanceMeters><HeartRateBpm><Value>140</Value></HeartRateBpm><Cadence>88</Cadence><SensorState>Present</SensorState></Trackpoint><Trackpoint><Time>2025-07-31T12:42:21.905Z</Time><Position><LatitudeDegrees>43.33917</LatitudeDegrees><LongitudeDegrees>-2.824685</LongitudeDegrees></Position><AltitudeMeters>51.207</AltitudeMeters><DistanceMeters>2681.300048828125</DistanceMeters><HeartRateBpm><Value>140</Value></HeartRateBpm><Cadence>88</Cadence><SensorState>Present</SensorState></Trackpoint><Trackpoint><Time>2025-07-31T12:42:22.905Z</Time><Position><LatitudeDegrees>43.33915667</LatitudeDegrees><LongitudeDegrees>-2.82472667</LongitudeDegrees></Position><AltitudeMeters>51.055</AltitudeMeters><DistanceMeters>2684.300048828125</DistanceMeters><HeartRateBpm><Value>139</Value></HeartRateBpm><Cadence>88</Cadence><SensorState>Present</SensorState></Trackpoint><Trackpoint><Time>2025-07-31T12:42:23.905Z</Time><Position><LatitudeDegrees>43.33914333</LatitudeDegrees><LongitudeDegrees>-2.824765</LongitudeDegrees></Position><AltitudeMeters>50.902</AltitudeMeters><DistanceMeters>2687.800048828125</DistanceMeters><HeartRateBpm><Value>139</Value></HeartRateBpm><Cadence>88</Cadence><SensorState>Present</SensorState></Trackpoint><Trackpoint><Time>2025-07-31T12:42:24.905Z</Time><Position><LatitudeDegrees>43.33913167</LatitudeDegrees><LongitudeDegrees>-2.82480167</LongitudeDegrees></Position><AltitudeMeters>50.902</AltitudeMeters><DistanceMeters>2691.39990234375</DistanceMeters><HeartRateBpm><Value>139</Value></HeartRateBpm><Cadence>88</Cadence><SensorState>Present</SensorState></Trackpoint><Trackpoint><Time>2025-07-31T12:42:25.905Z</Time><Position><LatitudeDegrees>43.33911833</LatitudeDegrees><LongitudeDegrees>-2.82484167</LongitudeDegrees></Position><AltitudeMeters>50.75</AltitudeMeters><DistanceMeters>2694.800048828125</DistanceMeters><HeartRateBpm><Value>138</Value></HeartRateBpm><Cadence>88</Cadence><SensorState>Present</SensorState></Trackpoint><Trackpoint><Time>2025-07-31T12:42:26.905Z</Time><Position><LatitudeDegrees>43.33910833</LatitudeDegrees><LongitudeDegrees>-2.824885</LongitudeDegrees></Position><AltitudeMeters>50.597</AltitudeMeters><DistanceMeters>2698.300048828125</DistanceMeters><HeartRateBpm><Value>138</Value></HeartRateBpm><Cadence>88</Cadence><SensorState>Present</SensorState></Trackpoint><Trackpoint><Time>2025-07-31T12:42:27.905Z</Time><Position><LatitudeDegrees>43.33909667</LatitudeDegrees><LongitudeDegrees>-2.82493167</LongitudeDegrees></Position><AltitudeMeters>50.597</AltitudeMeters><DistanceMeters>2702.0</DistanceMeters><HeartRateBpm><Value>138</Value></HeartRateBpm><Cadence>88</Cadence><SensorState>Present</SensorState></Trackpoint><Trackpoint><Time>2025-07-31T12:42:28.905Z</Time><Position><LatitudeDegrees>43.33908333</LatitudeDegrees><LongitudeDegrees>-2.82497333</LongitudeDegrees></Position><AltitudeMeters>50.445</AltitudeMeters><DistanceMeters>2705.800048828125</DistanceMeters><HeartRateBpm><Value>138</Value></HeartRateBpm><Cadence>88</Cadence><SensorState>Present</SensorState></Trackpoint><Trackpoint><Time>2025-07-31T12:42:29.905Z</Time><Position><LatitudeDegrees>43.33907167</LatitudeDegrees><LongitudeDegrees>-2.82501667</LongitudeDegrees></Position><AltitudeMeters>50.293</AltitudeMeters><DistanceMeters>2709.89990234375</DistanceMeters><HeartRateBpm><Value>138</Value></HeartRateBpm><Cadence>88</Cadence><SensorState>Present</SensorState></Trackpoint><Trackpoint><Time>2025-07-31T12:42:30.905Z</Time><Position><LatitudeDegrees>43.33906167</LatitudeDegrees><LongitudeDegrees>-2.82506</LongitudeDegrees></Position><AltitudeMeters>50.14</AltitudeMeters><DistanceMeters>2713.800048828125</DistanceMeters><HeartRateBpm><Value>137</Value></HeartRateBpm><Cadence>88</Cadence><SensorState>Present</SensorState></Trackpoint><Trackpoint><Time>2025-07-31T12:42:31.905Z</Time><Position><LatitudeDegrees>43.339055</LatitudeDegrees><LongitudeDegrees>-2.8251</LongitudeDegrees></Position><AltitudeMeters>50.14</AltitudeMeters><DistanceMeters>2717.60009765625</DistanceMeters><HeartRateBpm><Value>137</Value></HeartRateBpm><Cadence>90</Cadence><SensorState>Present</SensorState></Trackpoint><Trackpoint><Time>2025-07-31T12:42:32.905Z</Time><Position><LatitudeDegrees>43.33905</LatitudeDegrees><LongitudeDegrees>-2.82514333</LongitudeDegrees></Position><AltitudeMeters>49.988</AltitudeMeters><DistanceMeters>2721.39990234375</DistanceMeters><HeartRateBpm><Value>137</Value></HeartRateBpm><Cadence>89</Cadence><SensorState>Present</SensorState></Trackpoint><Trackpoint><Time>2025-07-31T12:42:33.905Z</Time><Position><LatitudeDegrees>43.33904333</LatitudeDegrees><LongitudeDegrees>-2.825185</LongitudeDegrees></Position><AltitudeMeters>49.835</AltitudeMeters><DistanceMeters>2724.89990234375</DistanceMeters><HeartRateBpm><Value>137</Value></HeartRateBpm><Cadence>89</Cadence><SensorState>Present</SensorState></Trackpoint><Trackpoint><Time>2025-07-31T12:42:34.905Z</Time><Position><LatitudeDegrees>43.33903667</LatitudeDegrees><LongitudeDegrees>-2.825225</LongitudeDegrees></Position><AltitudeMeters>49.683</AltitudeMeters><DistanceMeters>2728.5</DistanceMeters><HeartRateBpm><Value>137</Value></HeartRateBpm><Cadence>89</Cadence><SensorState>Present</SensorState></Trackpoint><Trackpoint><Time>2025-07-31T12:42:35.905Z</Time><Position><LatitudeDegrees>43.33903167</LatitudeDegrees><LongitudeDegrees>-2.82527</LongitudeDegrees></Position><AltitudeMeters>49.683</AltitudeMeters><DistanceMeters>2732.300048828125</DistanceMeters><HeartRateBpm><Value>137</Value></HeartRateBpm><Cadence>89</Cadence><SensorState>Present</SensorState></Trackpoint><Trackpoint><Time>2025-07-31T12:42:36.905Z</Time><Position><LatitudeDegrees>43.33902333</LatitudeDegrees><LongitudeDegrees>-2.82531</LongitudeDegrees></Position><AltitudeMeters>49.531</AltitudeMeters><DistanceMeters>2735.800048828125</DistanceMeters><HeartRateBpm><Value>137</Value></HeartRateBpm><Cadence>89</Cadence><SensorState>Present</SensorState></Trackpoint><Trackpoint><Time>2025-07-31T12:42:37.905Z</Time><Position><LatitudeDegrees>43.33901667</LatitudeDegrees><LongitudeDegrees>-2.82535333</LongitudeDegrees></Position><AltitudeMeters>49.378</AltitudeMeters><DistanceMeters>2739.300048828125</DistanceMeters><HeartRateBpm><Value>137</Value></HeartRateBpm><Cadence>89</Cadence><SensorState>Present</SensorState></Trackpoint><Trackpoint><Time>2025-07-31T12:42:38.905Z</Time><Position><LatitudeDegrees>43.33901167</LatitudeDegrees><LongitudeDegrees>-2.82539667</LongitudeDegrees></Position><AltitudeMeters>49.226</AltitudeMeters><DistanceMeters>2742.5</DistanceMeters><HeartRateBpm><Value>137</Value></HeartRateBpm><Cadence>89</Cadence><SensorState>Present</SensorState></Trackpoint><Trackpoint><Time>2025-07-31T12:42:39.905Z</Time><Position><LatitudeDegrees>43.33900667</LatitudeDegrees><LongitudeDegrees>-2.82543833</LongitudeDegrees></Position><AltitudeMeters>49.073</AltitudeMeters><DistanceMeters>2746.0</DistanceMeters><HeartRateBpm><Value>137</Value></HeartRateBpm><Cadence>89</Cadence><SensorState>Present</SensorState></Trackpoint><Trackpoint><Time>2025-07-31T12:42:40.905Z</Time><Position><LatitudeDegrees>43.33899833</LatitudeDegrees><LongitudeDegrees>-2.82548333</LongitudeDegrees></Position><AltitudeMeters>49.073</AltitudeMeters><DistanceMeters>2749.300048828125</DistanceMeters><HeartRateBpm><Value>137</Value></HeartRateBpm><Cadence>86</Cadence><SensorState>Present</SensorState></Trackpoint><Trackpoint><Time>2025-07-31T12:42:41.905Z</Time><Position><LatitudeDegrees>43.33899333</LatitudeDegrees><LongitudeDegrees>-2.82552833</LongitudeDegrees></Position><AltitudeMeters>48.921</AltitudeMeters><DistanceMeters>2752.800048828125</DistanceMeters><HeartRateBpm><Value>136</Value></HeartRateBpm><Cadence>86</Cadence><SensorState>Present</SensorState></Trackpoint><Trackpoint><Time>2025-07-31T12:42:42.905Z</Time><Position><LatitudeDegrees>43.33898667</LatitudeDegrees><LongitudeDegrees>-2.82557</LongitudeDegrees></Position><AltitudeMeters>48.769</AltitudeMeters><DistanceMeters>2756.60009765625</DistanceMeters><HeartRateBpm><Value>136</Value></HeartRateBpm><Cadence>86</Cadence><SensorState>Present</SensorState></Trackpoint><Trackpoint><Time>2025-07-31T12:42:43.905Z</Time><Position><LatitudeDegrees>43.33898</LatitudeDegrees><LongitudeDegrees>-2.82561</LongitudeDegrees></Position><AltitudeMeters>48.616</AltitudeMeters><DistanceMeters>2760.199951171875</DistanceMeters><HeartRateBpm><Value>136</Value></HeartRateBpm><Cadence>86</Cadence><SensorState>Present</SensorState></Trackpoint><Trackpoint><Time>2025-07-31T12:42:44.905Z</Time><Position><LatitudeDegrees>43.33897</LatitudeDegrees><LongitudeDegrees>-2.82565167</LongitudeDegrees></Position><AltitudeMeters>48.464</AltitudeMeters><DistanceMeters>2763.800048828125</DistanceMeters><HeartRateBpm><Value>136</Value></HeartRateBpm><Cadence>86</Cadence><SensorState>Present</SensorState></Trackpoint><Trackpoint><Time>2025-07-31T12:42:45.905Z</Time><Position><LatitudeDegrees>43.33895667</LatitudeDegrees><LongitudeDegrees>-2.82569167</LongitudeDegrees></Position><AltitudeMeters>48.464</AltitudeMeters><DistanceMeters>2767.39990234375</DistanceMeters><HeartRateBpm><Value>136</Value></HeartRateBpm><Cadence>86</Cadence><SensorState>Present</SensorState></Trackpoint><Trackpoint><Time>2025-07-31T12:42:46.905Z</Time><Position><LatitudeDegrees>43.33894</LatitudeDegrees><LongitudeDegrees>-2.82573333</LongitudeDegrees></Position><AltitudeMeters>48.311</AltitudeMeters><DistanceMeters>2770.800048828125</DistanceMeters><HeartRateBpm><Value>136</Value></HeartRateBpm><Cadence>86</Cadence><SensorState>Present</SensorState></Trackpoint><Trackpoint><Time>2025-07-31T12:42:47.905Z</Time><Position><LatitudeDegrees>43.33892167</LatitudeDegrees><LongitudeDegrees>-2.82577167</LongitudeDegrees></Position><AltitudeMeters>48.159</AltitudeMeters><DistanceMeters>2774.5</DistanceMeters><HeartRateBpm><Value>136</Value></HeartRateBpm><Cadence>87</Cadence><SensorState>Present</SensorState></Trackpoint><Trackpoint><Time>2025-07-31T12:42:48.905Z</Time><Position><LatitudeDegrees>43.33890667</LatitudeDegrees><LongitudeDegrees>-2.82580833</LongitudeDegrees></Position><AltitudeMeters>48.007</AltitudeMeters><DistanceMeters>2778.199951171875</DistanceMeters><HeartRateBpm><Value>136</Value></HeartRateBpm><Cadence>88</Cadence><SensorState>Present</SensorState></Trackpoint><Trackpoint><Time>2025-07-31T12:42:49.905Z</Time><Position><LatitudeDegrees>43.33889</LatitudeDegrees><LongitudeDegrees>-2.82584333</LongitudeDegrees></Position><AltitudeMeters>47.854</AltitudeMeters><DistanceMeters>2781.800048828125</DistanceMeters><HeartRateBpm><Value>136</Value></HeartRateBpm><Cadence>88</Cadence><SensorState>Present</SensorState></Trackpoint><Trackpoint><Time>2025-07-31T12:42:50.905Z</Time><Position><LatitudeDegrees>43.33887167</LatitudeDegrees><LongitudeDegrees>-2.82587833</LongitudeDegrees></Position><AltitudeMeters>47.702</AltitudeMeters><DistanceMeters>2785.39990234375</DistanceMeters><HeartRateBpm><Value>136</Value></HeartRateBpm><Cadence>88</Cadence><SensorState>Present</SensorState></Trackpoint><Trackpoint><Time>2025-07-31T12:42:51.905Z</Time><Position><LatitudeDegrees>43.338855</LatitudeDegrees><LongitudeDegrees>-2.82591167</LongitudeDegrees></Position><AltitudeMeters>47.549</AltitudeMeters><DistanceMeters>2788.699951171875</DistanceMeters><HeartRateBpm><Value>136</Value></HeartRateBpm><Cadence>88</Cadence><SensorState>Present</SensorState></Trackpoint><Trackpoint><Time>2025-07-31T12:42:52.905Z</Time><Position><LatitudeDegrees>43.33883833</LatitudeDegrees><LongitudeDegrees>-2.82594333</LongitudeDegrees></Position><AltitudeMeters>47.397</AltitudeMeters><DistanceMeters>2792.199951171875</DistanceMeters><HeartRateBpm><Value>135</Value></HeartRateBpm><Cadence>88</Cadence><SensorState>Present</SensorState></Trackpoint><Trackpoint><Time>2025-07-31T12:42:53.905Z</Time><Position><LatitudeDegrees>43.33882167</LatitudeDegrees><LongitudeDegrees>-2.82597333</LongitudeDegrees></Position><AltitudeMeters>47.245</AltitudeMeters><DistanceMeters>2795.699951171875</DistanceMeters><HeartRateBpm><Value>135</Value></HeartRateBpm><Cadence>88</Cadence><SensorState>Present</SensorState></Trackpoint><Trackpoint><Time>2025-07-31T12:42:54.905Z</Time><Position><LatitudeDegrees>43.338805</LatitudeDegrees><LongitudeDegrees>-2.826005</LongitudeDegrees></Position><AltitudeMeters>47.092</AltitudeMeters><DistanceMeters>2799.10009765625</DistanceMeters><HeartRateBpm><Value>135</Value></HeartRateBpm><Cadence>88</Cadence><SensorState>Present</SensorState></Trackpoint><Trackpoint><Time>2025-07-31T12:42:55.905Z</Time><Position><LatitudeDegrees>43.338795</LatitudeDegrees><LongitudeDegrees>-2.82603</LongitudeDegrees></Position><AltitudeMeters>47.092</AltitudeMeters><DistanceMeters>2802.199951171875</DistanceMeters><HeartRateBpm><Value>135</Value></HeartRateBpm><Cadence>88</Cadence><SensorState>Present</SensorState></Trackpoint><Trackpoint><Time>2025-07-31T12:42:56.905Z</Time><Position><LatitudeDegrees>43.33878333</LatitudeDegrees><LongitudeDegrees>-2.82607167</LongitudeDegrees></Position><AltitudeMeters>46.94</AltitudeMeters><DistanceMeters>2805.300048828125</DistanceMeters><HeartRateBpm><Value>135</Value></HeartRateBpm><Cadence>88</Cadence><SensorState>Present</SensorState></Trackpoint><Trackpoint><Time>2025-07-31T12:42:57.905Z</Time><Position><LatitudeDegrees>43.33877167</LatitudeDegrees><LongitudeDegrees>-2.82610833</LongitudeDegrees></Position><AltitudeMeters>46.787</AltitudeMeters><DistanceMeters>2807.699951171875</DistanceMeters><HeartRateBpm><Value>135</Value></HeartRateBpm><Cadence>88</Cadence><SensorState>Present</SensorState></Trackpoint><Trackpoint><Time>2025-07-31T12:42:58.905Z</Time><Position><LatitudeDegrees>43.33876167</LatitudeDegrees><LongitudeDegrees>-2.82613833</LongitudeDegrees></Position><AltitudeMeters>46.635</AltitudeMeters><DistanceMeters>2810.699951171875</DistanceMeters><HeartRateBpm><Value>134</Value></HeartRateBpm><Cadence>88</Cadence><SensorState>Present</SensorState></Trackpoint><Trackpoint><Time>2025-07-31T12:42:59.905Z</Time><Position><LatitudeDegrees>43.33875333</LatitudeDegrees><LongitudeDegrees>-2.82616833</LongitudeDegrees></Position><AltitudeMeters>46.635</AltitudeMeters><DistanceMeters>2813.800048828125</DistanceMeters><HeartRateBpm><Value>134</Value></HeartRateBpm><Cadence>88</Cadence><SensorState>Present</SensorState></Trackpoint><Trackpoint><Time>2025-07-31T12:43:00.905Z</Time><Position><LatitudeDegrees>43.33874</LatitudeDegrees><LongitudeDegrees>-2.82620667</LongitudeDegrees></Position><AltitudeMeters>46.483</AltitudeMeters><DistanceMeters>2816.5</DistanceMeters><HeartRateBpm><Value>134</Value></HeartRateBpm><Cadence>88</Cadence><SensorState>Present</SensorState></Trackpoint><Trackpoint><Time>2025-07-31T12:43:01.905Z</Time><Position><LatitudeDegrees>43.33872333</LatitudeDegrees><LongitudeDegrees>-2.826245</LongitudeDegrees></Position><AltitudeMeters>46.33</AltitudeMeters><DistanceMeters>2818.89990234375</DistanceMeters><HeartRateBpm><Value>134</Value></HeartRateBpm><Cadence>88</Cadence><SensorState>Present</SensorState></Trackpoint><Trackpoint><Time>2025-07-31T12:43:02.905Z</Time><Position><LatitudeDegrees>43.338705</LatitudeDegrees><LongitudeDegrees>-2.82628667</LongitudeDegrees></Position><AltitudeMeters>46.178</AltitudeMeters><DistanceMeters>2822.0</DistanceMeters><HeartRateBpm><Value>134</Value></HeartRateBpm><Cadence>88</Cadence><SensorState>Present</SensorState></Trackpoint><Trackpoint><Time>2025-07-31T12:43:03.905Z</Time><Position><LatitudeDegrees>43.33868667</LatitudeDegrees><LongitudeDegrees>-2.82633</LongitudeDegrees></Position><AltitudeMeters>46.178</AltitudeMeters><DistanceMeters>2825.39990234375</DistanceMeters><HeartRateBpm><Value>134</Value></HeartRateBpm><Cadence>88</Cadence><SensorState>Present</SensorState></Trackpoint><Trackpoint><Time>2025-07-31T12:43:04.905Z</Time><Position><LatitudeDegrees>43.338675</LatitudeDegrees><LongitudeDegrees>-2.82637667</LongitudeDegrees></Position><AltitudeMeters>46.025</AltitudeMeters><DistanceMeters>2829.10009765625</DistanceMeters><HeartRateBpm><Value>134</Value></HeartRateBpm><Cadence>87</Cadence><SensorState>Present</SensorState></Trackpoint><Trackpoint><Time>2025-07-31T12:43:05.905Z</Time><Position><LatitudeDegrees>43.33866667</LatitudeDegrees><LongitudeDegrees>-2.82641667</LongitudeDegrees></Position><AltitudeMeters>45.873</AltitudeMeters><DistanceMeters>2833.10009765625</DistanceMeters><HeartRateBpm><Value>134</Value></HeartRateBpm><Cadence>86</Cadence><SensorState>Present</SensorState></Trackpoint><Trackpoint><Time>2025-07-31T12:43:06.905Z</Time><Position><LatitudeDegrees>43.33866333</LatitudeDegrees><LongitudeDegrees>-2.82646</LongitudeDegrees></Position><AltitudeMeters>45.873</AltitudeMeters><DistanceMeters>2837.39990234375</DistanceMeters><HeartRateBpm><Value>133</Value></HeartRateBpm><Cadence>86</Cadence><SensorState>Present</SensorState></Trackpoint><Trackpoint><Time>2025-07-31T12:43:07.905Z</Time><Position><LatitudeDegrees>43.33866667</LatitudeDegrees><LongitudeDegrees>-2.82649333</LongitudeDegrees></Position><AltitudeMeters>45.721</AltitudeMeters><DistanceMeters>2840.800048828125</DistanceMeters><HeartRateBpm><Value>133</Value></HeartRateBpm><Cadence>87</Cadence><SensorState>Present</SensorState></Trackpoint><Trackpoint><Time>2025-07-31T12:43:08.905Z</Time><Position><LatitudeDegrees>43.33867167</LatitudeDegrees><LongitudeDegrees>-2.826525</LongitudeDegrees></Position><AltitudeMeters>45.568</AltitudeMeters><DistanceMeters>2844.60009765625</DistanceMeters><HeartRateBpm><Value>133</Value></HeartRateBpm><Cadence>87</Cadence><SensorState>Present</SensorState></Trackpoint><Trackpoint><Time>2025-07-31T12:43:09.905Z</Time><Position><LatitudeDegrees>43.33868167</LatitudeDegrees><LongitudeDegrees>-2.82655833</LongitudeDegrees></Position><AltitudeMeters>45.416</AltitudeMeters><DistanceMeters>2848.0</DistanceMeters><HeartRateBpm><Value>133</Value></HeartRateBpm><Cadence>88</Cadence><SensorState>Present</SensorState></Trackpoint><Trackpoint><Time>2025-07-31T12:43:10.905Z</Time><Position><LatitudeDegrees>43.33869833</LatitudeDegrees><LongitudeDegrees>-2.82659</LongitudeDegrees></Position><AltitudeMeters>45.416</AltitudeMeters><DistanceMeters>2851.300048828125</DistanceMeters><HeartRateBpm><Value>133</Value></HeartRateBpm><Cadence>87</Cadence><SensorState>Present</SensorState></Trackpoint><Trackpoint><Time>2025-07-31T12:43:11.905Z</Time><Position><LatitudeDegrees>43.33872167</LatitudeDegrees><LongitudeDegrees>-2.82661167</LongitudeDegrees></Position><AltitudeMeters>45.263</AltitudeMeters><DistanceMeters>2854.199951171875</DistanceMeters><HeartRateBpm><Value>133</Value></HeartRateBpm><Cadence>88</Cadence><SensorState>Present</SensorState></Trackpoint><Trackpoint><Time>2025-07-31T12:43:12.905Z</Time><Position><LatitudeDegrees>43.338745</LatitudeDegrees><LongitudeDegrees>-2.826625</LongitudeDegrees></Position><AltitudeMeters>45.111</AltitudeMeters><DistanceMeters>2856.800048828125</DistanceMeters><HeartRateBpm><Value>133</Value></HeartRateBpm><Cadence>86</Cadence><SensorState>Present</SensorState></Trackpoint><Trackpoint><Time>2025-07-31T12:43:13.905Z</Time><Position><LatitudeDegrees>43.33877333</LatitudeDegrees><LongitudeDegrees>-2.82663333</LongitudeDegrees></Position><AltitudeMeters>45.111</AltitudeMeters><DistanceMeters>2858.89990234375</DistanceMeters><HeartRateBpm><Value>133</Value></HeartRateBpm><Cadence>87</Cadence><SensorState>Present</SensorState></Trackpoint><Trackpoint><Time>2025-07-31T12:43:14.905Z</Time><Position><LatitudeDegrees>43.33880167</LatitudeDegrees><LongitudeDegrees>-2.82664167</LongitudeDegrees></Position><AltitudeMeters>44.959</AltitudeMeters><DistanceMeters>2861.0</DistanceMeters><HeartRateBpm><Value>133</Value></HeartRateBpm><Cadence>88</Cadence><SensorState>Present</SensorState></Trackpoint><Trackpoint><Time>2025-07-31T12:43:15.905Z</Time><Position><LatitudeDegrees>43.33883</LatitudeDegrees><LongitudeDegrees>-2.82665167</LongitudeDegrees></Position><AltitudeMeters>44.806</AltitudeMeters><DistanceMeters>2863.300048828125</DistanceMeters><HeartRateBpm><Value>133</Value></HeartRateBpm><Cadence>88</Cadence><SensorState>Present</SensorState></Trackpoint><Trackpoint><Time>2025-07-31T12:43:16.905Z</Time><Position><LatitudeDegrees>43.33885667</LatitudeDegrees><LongitudeDegrees>-2.82666</LongitudeDegrees></Position><AltitudeMeters>44.654</AltitudeMeters><DistanceMeters>2866.199951171875</DistanceMeters><HeartRateBpm><Value>133</Value></HeartRateBpm><Cadence>88</Cadence><SensorState>Present</SensorState></Trackpoint><Trackpoint><Time>2025-07-31T12:43:17.905Z</Time><Position><LatitudeDegrees>43.338885</LatitudeDegrees><LongitudeDegrees>-2.82666833</LongitudeDegrees></Position><AltitudeMeters>44.501</AltitudeMeters><DistanceMeters>2868.89990234375</DistanceMeters><HeartRateBpm><Value>133</Value></HeartRateBpm><Cadence>88</Cadence><SensorState>Present</SensorState></Trackpoint><Trackpoint><Time>2025-07-31T12:43:18.905Z</Time><Position><LatitudeDegrees>43.33891333</LatitudeDegrees><LongitudeDegrees>-2.82667</LongitudeDegrees></Position><AltitudeMeters>44.501</AltitudeMeters><DistanceMeters>2871.89990234375</DistanceMeters><HeartRateBpm><Value>133</Value></HeartRateBpm><Cadence>88</Cadence><SensorState>Present</SensorState></Trackpoint><Trackpoint><Time>2025-07-31T12:43:19.905Z</Time><Position><LatitudeDegrees>43.33894167</LatitudeDegrees><LongitudeDegrees>-2.82666</LongitudeDegrees></Position><AltitudeMeters>44.349</AltitudeMeters><DistanceMeters>2875.199951171875</DistanceMeters><HeartRateBpm><Value>133</Value></HeartRateBpm><Cadence>88</Cadence><SensorState>Present</SensorState></Trackpoint><Trackpoint><Time>2025-07-31T12:43:20.905Z</Time><Position><LatitudeDegrees>43.33897</LatitudeDegrees><LongitudeDegrees>-2.82665</LongitudeDegrees></Position><AltitudeMeters>44.197</AltitudeMeters><DistanceMeters>2878.699951171875</DistanceMeters><HeartRateBpm><Value>134</Value></HeartRateBpm><Cadence>88</Cadence><SensorState>Present</SensorState></Trackpoint><Trackpoint><Time>2025-07-31T12:43:21.905Z</Time><Position><LatitudeDegrees>43.33899667</LatitudeDegrees><LongitudeDegrees>-2.82664167</LongitudeDegrees></Position><AltitudeMeters>44.044</AltitudeMeters><DistanceMeters>2882.0</DistanceMeters><HeartRateBpm><Value>134</Value></HeartRateBpm><Cadence>88</Cadence><SensorState>Present</SensorState></Trackpoint><Trackpoint><Time>2025-07-31T12:43:22.905Z</Time><Position><LatitudeDegrees>43.33902333</LatitudeDegrees><LongitudeDegrees>-2.826635</LongitudeDegrees></Position><AltitudeMeters>43.892</AltitudeMeters><DistanceMeters>2885.10009765625</DistanceMeters><HeartRateBpm><Value>134</Value></HeartRateBpm><Cadence>88</Cadence><SensorState>Present</SensorState></Trackpoint><Trackpoint><Time>2025-07-31T12:43:23.905Z</Time><Position><LatitudeDegrees>43.33905167</LatitudeDegrees><LongitudeDegrees>-2.82663</LongitudeDegrees></Position><AltitudeMeters>43.739</AltitudeMeters><DistanceMeters>2888.60009765625</DistanceMeters><HeartRateBpm><Value>134</Value></HeartRateBpm><Cadence>88</Cadence><SensorState>Present</SensorState></Trackpoint><Trackpoint><Time>2025-07-31T12:43:24.905Z</Time><Position><LatitudeDegrees>43.33908</LatitudeDegrees><LongitudeDegrees>-2.826625</LongitudeDegrees></Position><AltitudeMeters>43.739</AltitudeMeters><DistanceMeters>2891.60009765625</DistanceMeters><HeartRateBpm><Value>135</Value></HeartRateBpm><Cadence>88</Cadence><SensorState>Present</SensorState></Trackpoint><Trackpoint><Time>2025-07-31T12:43:25.905Z</Time><Position><LatitudeDegrees>43.33910667</LatitudeDegrees><LongitudeDegrees>-2.82661833</LongitudeDegrees></Position><AltitudeMeters>43.587</AltitudeMeters><DistanceMeters>2894.5</DistanceMeters><HeartRateBpm><Value>135</Value></HeartRateBpm><Cadence>88</Cadence><SensorState>Present</SensorState></Trackpoint><Trackpoint><Time>2025-07-31T12:43:26.905Z</Time><Position><LatitudeDegrees>43.33913333</LatitudeDegrees><LongitudeDegrees>-2.82660833</LongitudeDegrees></Position><AltitudeMeters>43.435</AltitudeMeters><DistanceMeters>2897.60009765625</DistanceMeters><HeartRateBpm><Value>135</Value></HeartRateBpm><Cadence>87</Cadence><SensorState>Present</SensorState></Trackpoint><Trackpoint><Time>2025-07-31T12:43:27.905Z</Time><Position><LatitudeDegrees>43.33916</LatitudeDegrees><LongitudeDegrees>-2.82660167</LongitudeDegrees></Position><AltitudeMeters>43.435</AltitudeMeters><DistanceMeters>2900.800048828125</DistanceMeters><HeartRateBpm><Value>135</Value></HeartRateBpm><Cadence>86</Cadence><SensorState>Present</SensorState></Trackpoint><Trackpoint><Time>2025-07-31T12:43:28.905Z</Time><Position><LatitudeDegrees>43.33918667</LatitudeDegrees><LongitudeDegrees>-2.82659667</LongitudeDegrees></Position><AltitudeMeters>43.282</AltitudeMeters><DistanceMeters>2903.800048828125</DistanceMeters><HeartRateBpm><Value>135</Value></HeartRateBpm><Cadence>86</Cadence><SensorState>Present</SensorState></Trackpoint><Trackpoint><Time>2025-07-31T12:43:29.905Z</Time><Position><LatitudeDegrees>43.339215</LatitudeDegrees><LongitudeDegrees>-2.82659</LongitudeDegrees></Position><AltitudeMeters>43.13</AltitudeMeters><DistanceMeters>2907.0</DistanceMeters><HeartRateBpm><Value>135</Value></HeartRateBpm><Cadence>86</Cadence><SensorState>Present</SensorState></Trackpoint><Trackpoint><Time>2025-07-31T12:43:30.905Z</Time><Position><LatitudeDegrees>43.33924</LatitudeDegrees><LongitudeDegrees>-2.826585</LongitudeDegrees></Position><AltitudeMeters>42.977</AltitudeMeters><DistanceMeters>2910.0</DistanceMeters><HeartRateBpm><Value>136</Value></HeartRateBpm><Cadence>85</Cadence><SensorState>Present</SensorState></Trackpoint><Trackpoint><Time>2025-07-31T12:43:31.905Z</Time><Position><LatitudeDegrees>43.33927</LatitudeDegrees><LongitudeDegrees>-2.82657667</LongitudeDegrees></Position><AltitudeMeters>42.977</AltitudeMeters><DistanceMeters>2913.0</DistanceMeters><HeartRateBpm><Value>136</Value></HeartRateBpm><Cadence>85</Cadence><SensorState>Present</SensorState></Trackpoint><Trackpoint><Time>2025-07-31T12:43:32.905Z</Time><Position><LatitudeDegrees>43.3393</LatitudeDegrees><LongitudeDegrees>-2.82656833</LongitudeDegrees></Position><AltitudeMeters>42.825</AltitudeMeters><DistanceMeters>2916.0</DistanceMeters><HeartRateBpm><Value>136</Value></HeartRateBpm><Cadence>85</Cadence><SensorState>Present</SensorState></Trackpoint><Trackpoint><Time>2025-07-31T12:43:33.905Z</Time><Position><LatitudeDegrees>43.33932667</LatitudeDegrees><LongitudeDegrees>-2.82655833</LongitudeDegrees></Position><AltitudeMeters>42.673</AltitudeMeters><DistanceMeters>2919.300048828125</DistanceMeters><HeartRateBpm><Value>136</Value></HeartRateBpm><Cadence>85</Cadence><SensorState>Present</SensorState></Trackpoint><Trackpoint><Time>2025-07-31T12:43:34.905Z</Time><Position><LatitudeDegrees>43.339355</LatitudeDegrees><LongitudeDegrees>-2.826545</LongitudeDegrees></Position><AltitudeMeters>42.52</AltitudeMeters><DistanceMeters>2922.39990234375</DistanceMeters><HeartRateBpm><Value>136</Value></HeartRateBpm><Cadence>85</Cadence><SensorState>Present</SensorState></Trackpoint><Trackpoint><Time>2025-07-31T12:43:35.905Z</Time><Position><LatitudeDegrees>43.33938333</LatitudeDegrees><LongitudeDegrees>-2.826535</LongitudeDegrees></Position><AltitudeMeters>42.52</AltitudeMeters><DistanceMeters>2925.60009765625</DistanceMeters><HeartRateBpm><Value>136</Value></HeartRateBpm><Cadence>85</Cadence><SensorState>Present</SensorState></Trackpoint><Trackpoint><Time>2025-07-31T12:43:36.905Z</Time><Position><LatitudeDegrees>43.339415</LatitudeDegrees><LongitudeDegrees>-2.826525</LongitudeDegrees></Position><AltitudeMeters>42.368</AltitudeMeters><DistanceMeters>2928.89990234375</DistanceMeters><HeartRateBpm><Value>136</Value></HeartRateBpm><Cadence>85</Cadence><SensorState>Present</SensorState></Trackpoint><Trackpoint><Time>2025-07-31T12:43:37.905Z</Time><Position><LatitudeDegrees>43.33944333</LatitudeDegrees><LongitudeDegrees>-2.82651667</LongitudeDegrees></Position><AltitudeMeters>42.215</AltitudeMeters><DistanceMeters>2932.300048828125</DistanceMeters><HeartRateBpm><Value>137</Value></HeartRateBpm><Cadence>85</Cadence><SensorState>Present</SensorState></Trackpoint><Trackpoint><Time>2025-07-31T12:43:38.905Z</Time><Position><LatitudeDegrees>43.339475</LatitudeDegrees><LongitudeDegrees>-2.82651</LongitudeDegrees></Position><AltitudeMeters>42.215</AltitudeMeters><DistanceMeters>2936.0</DistanceMeters><HeartRateBpm><Value>137</Value></HeartRateBpm><Cadence>85</Cadence><SensorState>Present</SensorState></Trackpoint><Trackpoint><Time>2025-07-31T12:43:39.905Z</Time><Position><LatitudeDegrees>43.339505</LatitudeDegrees><LongitudeDegrees>-2.82650333</LongitudeDegrees></Position><AltitudeMeters>42.063</AltitudeMeters><DistanceMeters>2939.39990234375</DistanceMeters><HeartRateBpm><Value>137</Value></HeartRateBpm><Cadence>85</Cadence><SensorState>Present</SensorState></Trackpoint><Trackpoint><Time>2025-07-31T12:43:40.905Z</Time><Position><LatitudeDegrees>43.33953333</LatitudeDegrees><LongitudeDegrees>-2.82649833</LongitudeDegrees></Position><AltitudeMeters>41.911</AltitudeMeters><DistanceMeters>2942.800048828125</DistanceMeters><HeartRateBpm><Value>137</Value></HeartRateBpm><Cadence>85</Cadence><SensorState>Present</SensorState></Trackpoint><Trackpoint><Time>2025-07-31T12:43:41.905Z</Time><Position><LatitudeDegrees>43.33956333</LatitudeDegrees><LongitudeDegrees>-2.82649167</LongitudeDegrees></Position><AltitudeMeters>41.911</AltitudeMeters><DistanceMeters>2946.60009765625</DistanceMeters><HeartRateBpm><Value>138</Value></HeartRateBpm><Cadence>87</Cadence><SensorState>Present</SensorState></Trackpoint><Trackpoint><Time>2025-07-31T12:43:42.905Z</Time><Position><LatitudeDegrees>43.33959333</LatitudeDegrees><LongitudeDegrees>-2.82648167</LongitudeDegrees></Position><AltitudeMeters>41.758</AltitudeMeters><DistanceMeters>2949.89990234375</DistanceMeters><HeartRateBpm><Value>138</Value></HeartRateBpm><Cadence>88</Cadence><SensorState>Present</SensorState></Trackpoint><Trackpoint><Time>2025-07-31T12:43:43.905Z</Time><Position><LatitudeDegrees>43.33962333</LatitudeDegrees><LongitudeDegrees>-2.82647333</LongitudeDegrees></Position><AltitudeMeters>41.606</AltitudeMeters><DistanceMeters>2953.10009765625</DistanceMeters><HeartRateBpm><Value>138</Value></HeartRateBpm><Cadence>88</Cadence><SensorState>Present</SensorState></Trackpoint><Trackpoint><Time>2025-07-31T12:43:44.905Z</Time><Position><LatitudeDegrees>43.33965333</LatitudeDegrees><LongitudeDegrees>-2.826465</LongitudeDegrees></Position><AltitudeMeters>41.606</AltitudeMeters><DistanceMeters>2956.800048828125</DistanceMeters><HeartRateBpm><Value>138</Value></HeartRateBpm><Cadence>88</Cadence><SensorState>Present</SensorState></Trackpoint><Trackpoint><Time>2025-07-31T12:43:45.905Z</Time><Position><LatitudeDegrees>43.33968333</LatitudeDegrees><LongitudeDegrees>-2.82645833</LongitudeDegrees></Position><AltitudeMeters>41.453</AltitudeMeters><DistanceMeters>2960.199951171875</DistanceMeters><HeartRateBpm><Value>138</Value></HeartRateBpm><Cadence>88</Cadence><SensorState>Present</SensorState></Trackpoint><Trackpoint><Time>2025-07-31T12:43:46.905Z</Time><Position><LatitudeDegrees>43.33971333</LatitudeDegrees><LongitudeDegrees>-2.82644833</LongitudeDegrees></Position><AltitudeMeters>41.301</AltitudeMeters><DistanceMeters>2963.60009765625</DistanceMeters><HeartRateBpm><Value>138</Value></HeartRateBpm><Cadence>88</Cadence><SensorState>Present</SensorState></Trackpoint><Trackpoint><Time>2025-07-31T12:43:47.905Z</Time><Position><LatitudeDegrees>43.339745</LatitudeDegrees><LongitudeDegrees>-2.826435</LongitudeDegrees></Position><AltitudeMeters>41.301</AltitudeMeters><DistanceMeters>2967.0</DistanceMeters><HeartRateBpm><Value>139</Value></HeartRateBpm><Cadence>88</Cadence><SensorState>Present</SensorState></Trackpoint><Trackpoint><Time>2025-07-31T12:43:48.905Z</Time><Position><LatitudeDegrees>43.33977667</LatitudeDegrees><LongitudeDegrees>-2.826425</LongitudeDegrees></Position><AltitudeMeters>41.148</AltitudeMeters><DistanceMeters>2970.5</DistanceMeters><HeartRateBpm><Value>139</Value></HeartRateBpm><Cadence>88</Cadence><SensorState>Present</SensorState></Trackpoint><Trackpoint><Time>2025-07-31T12:43:49.905Z</Time><Position><LatitudeDegrees>43.33980667</LatitudeDegrees><LongitudeDegrees>-2.826415</LongitudeDegrees></Position><AltitudeMeters>40.996</AltitudeMeters><DistanceMeters>2974.0</DistanceMeters><HeartRateBpm><Value>139</Value></HeartRateBpm><Cadence>88</Cadence><SensorState>Present</SensorState></Trackpoint><Trackpoint><Time>2025-07-31T12:43:50.905Z</Time><Position><LatitudeDegrees>43.339835</LatitudeDegrees><LongitudeDegrees>-2.82640333</LongitudeDegrees></Position><AltitudeMeters>40.996</AltitudeMeters><DistanceMeters>2977.60009765625</DistanceMeters><HeartRateBpm><Value>139</Value></HeartRateBpm><Cadence>88</Cadence><SensorState>Present</SensorState></Trackpoint><Trackpoint><Time>2025-07-31T12:43:51.905Z</Time><Position><LatitudeDegrees>43.33986167</LatitudeDegrees><LongitudeDegrees>-2.82639167</LongitudeDegrees></Position><AltitudeMeters>40.844</AltitudeMeters><DistanceMeters>2981.199951171875</DistanceMeters><HeartRateBpm><Value>139</Value></HeartRateBpm><Cadence>88</Cadence><SensorState>Present</SensorState></Trackpoint><Trackpoint><Time>2025-07-31T12:43:52.905Z</Time><Position><LatitudeDegrees>43.33989</LatitudeDegrees><LongitudeDegrees>-2.82638</LongitudeDegrees></Position><AltitudeMeters>40.844</AltitudeMeters><DistanceMeters>2984.5</DistanceMeters><HeartRateBpm><Value>139</Value></HeartRateBpm><Cadence>88</Cadence><SensorState>Present</SensorState></Trackpoint><Trackpoint><Time>2025-07-31T12:43:53.905Z</Time><Position><LatitudeDegrees>43.33991667</LatitudeDegrees><LongitudeDegrees>-2.82636667</LongitudeDegrees></Position><AltitudeMeters>40.691</AltitudeMeters><DistanceMeters>2987.89990234375</DistanceMeters><HeartRateBpm><Value>139</Value></HeartRateBpm><Cadence>88</Cadence><SensorState>Present</SensorState></Trackpoint><Trackpoint><Time>2025-07-31T12:43:54.905Z</Time><Position><LatitudeDegrees>43.339945</LatitudeDegrees><LongitudeDegrees>-2.82635167</LongitudeDegrees></Position><AltitudeMeters>40.691</AltitudeMeters><DistanceMeters>2991.300048828125</DistanceMeters><HeartRateBpm><Value>139</Value></HeartRateBpm><Cadence>88</Cadence><SensorState>Present</SensorState></Trackpoint><Trackpoint><Time>2025-07-31T12:43:55.905Z</Time><Position><LatitudeDegrees>43.33997167</LatitudeDegrees><LongitudeDegrees>-2.82633667</LongitudeDegrees></Position><AltitudeMeters>40.539</AltitudeMeters><DistanceMeters>2994.5</DistanceMeters><HeartRateBpm><Value>139</Value></HeartRateBpm><Cadence>88</Cadence><SensorState>Present</SensorState></Trackpoint><Trackpoint><Time>2025-07-31T12:43:56.905Z</Time><Position><LatitudeDegrees>43.34</LatitudeDegrees><LongitudeDegrees>-2.82631833</LongitudeDegrees></Position><AltitudeMeters>40.539</AltitudeMeters><DistanceMeters>2997.89990234375</DistanceMeters><HeartRateBpm><Value>140</Value></HeartRateBpm><Cadence>88</Cadence><SensorState>Present</SensorState></Trackpoint></Track><Extensions><LX xmlns="http://www.garmin.com/xmlschemas/ActivityExtension/v2"><AvgSpeed>3.144693639543321</AvgSpeed></LX></Extensions></Lap><Lap xmlns="http://www.garmin.com/xmlschemas/TrainingCenterDatabase/v2" StartTime="2025-07-31T12:43:57.905Z"><TotalTimeSeconds>388.0</TotalTimeSeconds><DistanceMeters>1000.0</DistanceMeters><MaximumSpeed>3.8857324918111162</MaximumSpeed><Calories>0</Calories><AverageHeartRateBpm><Value>143</Value></AverageHeartRateBpm><MaximumHeartRateBpm><Value>150</Value></MaximumHeartRateBpm><Intensity>Active</Intensity><Cadence>85</Cadence><TriggerMethod>Distance</TriggerMethod><Track><Trackpoint><Time>2025-07-31T12:43:57.905Z</Time><Position><LatitudeDegrees>43.34002667</LatitudeDegrees><LongitudeDegrees>-2.82630167</LongitudeDegrees></Position><AltitudeMeters>40.386</AltitudeMeters><DistanceMeters>3001.199951171875</DistanceMeters><HeartRateBpm><Value>140</Value></HeartRateBpm><Cadence>88</Cadence><SensorState>Present</SensorState></Trackpoint><Trackpoint><Time>2025-07-31T12:43:58.905Z</Time><Position><LatitudeDegrees>43.340055</LatitudeDegrees><LongitudeDegrees>-2.82628667</LongitudeDegrees></Position><AltitudeMeters>40.386</AltitudeMeters><DistanceMeters>3004.199951171875</DistanceMeters><HeartRateBpm><Value>140</Value></HeartRateBpm><Cadence>88</Cadence><SensorState>Present</SensorState></Trackpoint><Trackpoint><Time>2025-07-31T12:43:59.905Z</Time><Position><LatitudeDegrees>43.34008167</LatitudeDegrees><LongitudeDegrees>-2.82627333</LongitudeDegrees></Position><AltitudeMeters>40.234</AltitudeMeters><DistanceMeters>3007.5</DistanceMeters><HeartRateBpm><Value>140</Value></HeartRateBpm><Cadence>88</Cadence><SensorState>Present</SensorState></Trackpoint><Trackpoint><Time>2025-07-31T12:44:00.905Z</Time><Position><LatitudeDegrees>43.34011</LatitudeDegrees><LongitudeDegrees>-2.826265</LongitudeDegrees></Position><AltitudeMeters>40.234</AltitudeMeters><DistanceMeters>3010.699951171875</DistanceMeters><HeartRateBpm><Value>141</Value></HeartRateBpm><Cadence>88</Cadence><SensorState>Present</SensorState></Trackpoint><Trackpoint><Time>2025-07-31T12:44:01.905Z</Time><Position><LatitudeDegrees>43.34013833</LatitudeDegrees><LongitudeDegrees>-2.82626</LongitudeDegrees></Position><AltitudeMeters>40.082</AltitudeMeters><DistanceMeters>3013.89990234375</DistanceMeters><HeartRateBpm><Value>141</Value></HeartRateBpm><Cadence>88</Cadence><SensorState>Present</SensorState></Trackpoint><Trackpoint><Time>2025-07-31T12:44:02.905Z</Time><Position><LatitudeDegrees>43.34016833</LatitudeDegrees><LongitudeDegrees>-2.82625667</LongitudeDegrees></Position><AltitudeMeters>40.082</AltitudeMeters><DistanceMeters>3017.39990234375</DistanceMeters><HeartRateBpm><Value>141</Value></HeartRateBpm><Cadence>87</Cadence><SensorState>Present</SensorState></Trackpoint><Trackpoint><Time>2025-07-31T12:44:03.905Z</Time><Position><LatitudeDegrees>43.34019833</LatitudeDegrees><LongitudeDegrees>-2.82626</LongitudeDegrees></Position><AltitudeMeters>39.929</AltitudeMeters><DistanceMeters>3020.5</DistanceMeters><HeartRateBpm><Value>141</Value></HeartRateBpm><Cadence>85</Cadence><SensorState>Present</SensorState></Trackpoint><Trackpoint><Time>2025-07-31T12:44:04.905Z</Time><Position><LatitudeDegrees>43.34022667</LatitudeDegrees><LongitudeDegrees>-2.826265</LongitudeDegrees></Position><AltitudeMeters>39.929</AltitudeMeters><DistanceMeters>3023.800048828125</DistanceMeters><HeartRateBpm><Value>142</Value></HeartRateBpm><Cadence>84</Cadence><SensorState>Present</SensorState></Trackpoint><Trackpoint><Time>2025-07-31T12:44:05.905Z</Time><Position><LatitudeDegrees>43.34025333</LatitudeDegrees><LongitudeDegrees>-2.82628167</LongitudeDegrees></Position><AltitudeMeters>39.929</AltitudeMeters><DistanceMeters>3027.199951171875</DistanceMeters><HeartRateBpm><Value>142</Value></HeartRateBpm><Cadence>85</Cadence><SensorState>Present</SensorState></Trackpoint><Trackpoint><Time>2025-07-31T12:44:06.905Z</Time><Position><LatitudeDegrees>43.34027833</LatitudeDegrees><LongitudeDegrees>-2.826305</LongitudeDegrees></Position><AltitudeMeters>39.777</AltitudeMeters><DistanceMeters>3030.300048828125</DistanceMeters><HeartRateBpm><Value>142</Value></HeartRateBpm><Cadence>85</Cadence><SensorState>Present</SensorState></Trackpoint><Trackpoint><Time>2025-07-31T12:44:07.905Z</Time><Position><LatitudeDegrees>43.34030167</LatitudeDegrees><LongitudeDegrees>-2.826335</LongitudeDegrees></Position><AltitudeMeters>39.777</AltitudeMeters><DistanceMeters>3033.199951171875</DistanceMeters><HeartRateBpm><Value>142</Value></HeartRateBpm><Cadence>85</Cadence><SensorState>Present</SensorState></Trackpoint><Trackpoint><Time>2025-07-31T12:44:08.905Z</Time><Position><LatitudeDegrees>43.34032333</LatitudeDegrees><LongitudeDegrees>-2.82636833</LongitudeDegrees></Position><AltitudeMeters>39.777</AltitudeMeters><DistanceMeters>3036.39990234375</DistanceMeters><HeartRateBpm><Value>141</Value></HeartRateBpm><Cadence>85</Cadence><SensorState>Present</SensorState></Trackpoint><Trackpoint><Time>2025-07-31T12:44:09.905Z</Time><Position><LatitudeDegrees>43.34034167</LatitudeDegrees><LongitudeDegrees>-2.8264</LongitudeDegrees></Position><AltitudeMeters>39.624</AltitudeMeters><DistanceMeters>3039.5</DistanceMeters><HeartRateBpm><Value>141</Value></HeartRateBpm><Cadence>85</Cadence><SensorState>Present</SensorState></Trackpoint><Trackpoint><Time>2025-07-31T12:44:10.905Z</Time><Position><LatitudeDegrees>43.34036</LatitudeDegrees><LongitudeDegrees>-2.82643167</LongitudeDegrees></Position><AltitudeMeters>39.624</AltitudeMeters><DistanceMeters>3043.199951171875</DistanceMeters><HeartRateBpm><Value>141</Value></HeartRateBpm><Cadence>85</Cadence><SensorState>Present</SensorState></Trackpoint><Trackpoint><Time>2025-07-31T12:44:11.905Z</Time><Position><LatitudeDegrees>43.34037667</LatitudeDegrees><LongitudeDegrees>-2.826465</LongitudeDegrees></Position><AltitudeMeters>39.472</AltitudeMeters><DistanceMeters>3046.300048828125</DistanceMeters><HeartRateBpm><Value>141</Value></HeartRateBpm><Cadence>85</Cadence><SensorState>Present</SensorState></Trackpoint><Trackpoint><Time>2025-07-31T12:44:12.905Z</Time><Position><LatitudeDegrees>43.34039667</LatitudeDegrees><LongitudeDegrees>-2.826495</LongitudeDegrees></Position><AltitudeMeters>39.472</AltitudeMeters><DistanceMeters>3049.60009765625</DistanceMeters><HeartRateBpm><Value>141</Value></HeartRateBpm><Cadence>87</Cadence><SensorState>Present</SensorState></Trackpoint><Trackpoint><Time>2025-07-31T12:44:13.905Z</Time><Position><LatitudeDegrees>43.340415</LatitudeDegrees><LongitudeDegrees>-2.826525</LongitudeDegrees></Position><AltitudeMeters>39.32</AltitudeMeters><DistanceMeters>3052.699951171875</DistanceMeters><HeartRateBpm><Value>141</Value></HeartRateBpm><Cadence>87</Cadence><SensorState>Present</SensorState></Trackpoint><Trackpoint><Time>2025-07-31T12:44:14.905Z</Time><Position><LatitudeDegrees>43.340435</LatitudeDegrees><LongitudeDegrees>-2.82655167</LongitudeDegrees></Position><AltitudeMeters>39.32</AltitudeMeters><DistanceMeters>3056.10009765625</DistanceMeters><HeartRateBpm><Value>141</Value></HeartRateBpm><Cadence>86</Cadence><SensorState>Present</SensorState></Trackpoint><Trackpoint><Time>2025-07-31T12:44:15.905Z</Time><Position><LatitudeDegrees>43.340455</LatitudeDegrees><LongitudeDegrees>-2.82657667</LongitudeDegrees></Position><AltitudeMeters>39.167</AltitudeMeters><DistanceMeters>3059.60009765625</DistanceMeters><HeartRateBpm><Value>141</Value></HeartRateBpm><Cadence>86</Cadence><SensorState>Present</SensorState></Trackpoint><Trackpoint><Time>2025-07-31T12:44:16.905Z</Time><Position><LatitudeDegrees>43.340475</LatitudeDegrees><LongitudeDegrees>-2.82660333</LongitudeDegrees></Position><AltitudeMeters>39.167</AltitudeMeters><DistanceMeters>3062.89990234375</DistanceMeters><HeartRateBpm><Value>140</Value></HeartRateBpm><Cadence>87</Cadence><SensorState>Present</SensorState></Trackpoint><Trackpoint><Time>2025-07-31T12:44:17.905Z</Time><Position><LatitudeDegrees>43.340495</LatitudeDegrees><LongitudeDegrees>-2.82663</LongitudeDegrees></Position><AltitudeMeters>39.015</AltitudeMeters><DistanceMeters>3066.0</DistanceMeters><HeartRateBpm><Value>140</Value></HeartRateBpm><Cadence>88</Cadence><SensorState>Present</SensorState></Trackpoint><Trackpoint><Time>2025-07-31T12:44:18.905Z</Time><Position><LatitudeDegrees>43.34051333</LatitudeDegrees><LongitudeDegrees>-2.826655</LongitudeDegrees></Position><AltitudeMeters>39.015</AltitudeMeters><DistanceMeters>3069.0</DistanceMeters><HeartRateBpm><Value>140</Value></HeartRateBpm><Cadence>88</Cadence><SensorState>Present</SensorState></Trackpoint><Trackpoint><Time>2025-07-31T12:44:19.905Z</Time><Position><LatitudeDegrees>43.340535</LatitudeDegrees><LongitudeDegrees>-2.82668</LongitudeDegrees></Position><AltitudeMeters>38.862</AltitudeMeters><DistanceMeters>3071.800048828125</DistanceMeters><HeartRateBpm><Value>140</Value></HeartRateBpm><Cadence>88</Cadence><SensorState>Present</SensorState></Trackpoint><Trackpoint><Time>2025-07-31T12:44:20.905Z</Time><Position><LatitudeDegrees>43.340555</LatitudeDegrees><LongitudeDegrees>-2.82670667</LongitudeDegrees></Position><AltitudeMeters>38.71</AltitudeMeters><DistanceMeters>3074.699951171875</DistanceMeters><HeartRateBpm><Value>140</Value></HeartRateBpm><Cadence>88</Cadence><SensorState>Present</SensorState></Trackpoint><Trackpoint><Time>2025-07-31T12:44:21.905Z</Time><Position><LatitudeDegrees>43.34057667</LatitudeDegrees><LongitudeDegrees>-2.826735</LongitudeDegrees></Position><AltitudeMeters>38.558</AltitudeMeters><DistanceMeters>3077.699951171875</DistanceMeters><HeartRateBpm><Value>141</Value></HeartRateBpm><Cadence>88</Cadence><SensorState>Present</SensorState></Trackpoint><Trackpoint><Time>2025-07-31T12:44:22.905Z</Time><Position><LatitudeDegrees>43.34059833</LatitudeDegrees><LongitudeDegrees>-2.82676167</LongitudeDegrees></Position><AltitudeMeters>38.558</AltitudeMeters><DistanceMeters>3080.699951171875</DistanceMeters><HeartRateBpm><Value>141</Value></HeartRateBpm><Cadence>88</Cadence><SensorState>Present</SensorState></Trackpoint><Trackpoint><Time>2025-07-31T12:44:23.905Z</Time><Position><LatitudeDegrees>43.34062167</LatitudeDegrees><LongitudeDegrees>-2.82678667</LongitudeDegrees></Position><AltitudeMeters>38.405</AltitudeMeters><DistanceMeters>3084.0</DistanceMeters><HeartRateBpm><Value>141</Value></HeartRateBpm><Cadence>88</Cadence><SensorState>Present</SensorState></Trackpoint><Trackpoint><Time>2025-07-31T12:44:24.905Z</Time><Position><LatitudeDegrees>43.34064167</LatitudeDegrees><LongitudeDegrees>-2.82681167</LongitudeDegrees></Position><AltitudeMeters>38.253</AltitudeMeters><DistanceMeters>3087.199951171875</DistanceMeters><HeartRateBpm><Value>140</Value></HeartRateBpm><Cadence>88</Cadence><SensorState>Present</SensorState></Trackpoint><Trackpoint><Time>2025-07-31T12:44:25.905Z</Time><Position><LatitudeDegrees>43.34066167</LatitudeDegrees><LongitudeDegrees>-2.82683667</LongitudeDegrees></Position><AltitudeMeters>38.1</AltitudeMeters><DistanceMeters>3090.300048828125</DistanceMeters><HeartRateBpm><Value>140</Value></HeartRateBpm><Cadence>88</Cadence><SensorState>Present</SensorState></Trackpoint><Trackpoint><Time>2025-07-31T12:44:26.905Z</Time><Position><LatitudeDegrees>43.34068</LatitudeDegrees><LongitudeDegrees>-2.82686333</LongitudeDegrees></Position><AltitudeMeters>38.1</AltitudeMeters><DistanceMeters>3093.60009765625</DistanceMeters><HeartRateBpm><Value>140</Value></HeartRateBpm><Cadence>88</Cadence><SensorState>Present</SensorState></Trackpoint><Trackpoint><Time>2025-07-31T12:44:27.905Z</Time><Position><LatitudeDegrees>43.3407</LatitudeDegrees><LongitudeDegrees>-2.82689167</LongitudeDegrees></Position><AltitudeMeters>37.948</AltitudeMeters><DistanceMeters>3096.699951171875</DistanceMeters><HeartRateBpm><Value>140</Value></HeartRateBpm><Cadence>86</Cadence><SensorState>Present</SensorState></Trackpoint><Trackpoint><Time>2025-07-31T12:44:28.905Z</Time><Position><LatitudeDegrees>43.34071833</LatitudeDegrees><LongitudeDegrees>-2.82692</LongitudeDegrees></Position><AltitudeMeters>37.796</AltitudeMeters><DistanceMeters>3099.699951171875</DistanceMeters><HeartRateBpm><Value>140</Value></HeartRateBpm><Cadence>87</Cadence><SensorState>Present</SensorState></Trackpoint><Trackpoint><Time>2025-07-31T12:44:29.905Z</Time><Position><LatitudeDegrees>43.34073667</LatitudeDegrees><LongitudeDegrees>-2.82694667</LongitudeDegrees></Position><AltitudeMeters>37.796</AltitudeMeters><DistanceMeters>3103.10009765625</DistanceMeters><HeartRateBpm><Value>140</Value></HeartRateBpm><Cadence>88</Cadence><SensorState>Present</SensorState></Trackpoint><Trackpoint><Time>2025-07-31T12:44:30.905Z</Time><Position><LatitudeDegrees>43.340755</LatitudeDegrees><LongitudeDegrees>-2.82697333</LongitudeDegrees></Position><AltitudeMeters>37.643</AltitudeMeters><DistanceMeters>3106.199951171875</DistanceMeters><HeartRateBpm><Value>139</Value></HeartRateBpm><Cadence>88</Cadence><SensorState>Present</SensorState></Trackpoint><Trackpoint><Time>2025-07-31T12:44:31.905Z</Time><Position><LatitudeDegrees>43.34077333</LatitudeDegrees><LongitudeDegrees>-2.82700167</LongitudeDegrees></Position><AltitudeMeters>37.643</AltitudeMeters><DistanceMeters>3109.10009765625</DistanceMeters><HeartRateBpm><Value>139</Value></HeartRateBpm><Cadence>87</Cadence><SensorState>Present</SensorState></Trackpoint><Trackpoint><Time>2025-07-31T12:44:32.905Z</Time><Position><LatitudeDegrees>43.34079333</LatitudeDegrees><LongitudeDegrees>-2.82702833</LongitudeDegrees></Position><AltitudeMeters>37.491</AltitudeMeters><DistanceMeters>3112.10009765625</DistanceMeters><HeartRateBpm><Value>139</Value></HeartRateBpm><Cadence>86</Cadence><SensorState>Present</SensorState></Trackpoint><Trackpoint><Time>2025-07-31T12:44:33.905Z</Time><Position><LatitudeDegrees>43.34081333</LatitudeDegrees><LongitudeDegrees>-2.82705333</LongitudeDegrees></Position><AltitudeMeters>37.491</AltitudeMeters><DistanceMeters>3115.10009765625</DistanceMeters><HeartRateBpm><Value>139</Value></HeartRateBpm><Cadence>86</Cadence><SensorState>Present</SensorState></Trackpoint><Trackpoint><Time>2025-07-31T12:44:34.905Z</Time><Position><LatitudeDegrees>43.34083333</LatitudeDegrees><LongitudeDegrees>-2.82707833</LongitudeDegrees></Position><AltitudeMeters>37.338</AltitudeMeters><DistanceMeters>3117.89990234375</DistanceMeters><HeartRateBpm><Value>139</Value></HeartRateBpm><Cadence>86</Cadence><SensorState>Present</SensorState></Trackpoint><Trackpoint><Time>2025-07-31T12:44:35.905Z</Time><Position><LatitudeDegrees>43.34085333</LatitudeDegrees><LongitudeDegrees>-2.82710333</LongitudeDegrees></Position><AltitudeMeters>37.338</AltitudeMeters><DistanceMeters>3121.10009765625</DistanceMeters><HeartRateBpm><Value>139</Value></HeartRateBpm><Cadence>86</Cadence><SensorState>Present</SensorState></Trackpoint><Trackpoint><Time>2025-07-31T12:44:36.905Z</Time><Position><LatitudeDegrees>43.34086667</LatitudeDegrees><LongitudeDegrees>-2.82712167</LongitudeDegrees></Position><AltitudeMeters>37.338</AltitudeMeters><DistanceMeters>3124.199951171875</DistanceMeters><HeartRateBpm><Value>139</Value></HeartRateBpm><Cadence>87</Cadence><SensorState>Present</SensorState></Trackpoint><Trackpoint><Time>2025-07-31T12:44:37.905Z</Time><Position><LatitudeDegrees>43.34088667</LatitudeDegrees><LongitudeDegrees>-2.827155</LongitudeDegrees></Position><AltitudeMeters>37.338</AltitudeMeters><DistanceMeters>3127.199951171875</DistanceMeters><HeartRateBpm><Value>139</Value></HeartRateBpm><Cadence>86</Cadence><SensorState>Present</SensorState></Trackpoint><Trackpoint><Time>2025-07-31T12:44:38.905Z</Time><Position><LatitudeDegrees>43.34090333</LatitudeDegrees><LongitudeDegrees>-2.82718</LongitudeDegrees></Position><AltitudeMeters>37.338</AltitudeMeters><DistanceMeters>3129.60009765625</DistanceMeters><HeartRateBpm><Value>139</Value></HeartRateBpm><Cadence>88</Cadence><SensorState>Present</SensorState></Trackpoint><Trackpoint><Time>2025-07-31T12:44:39.905Z</Time><Position><LatitudeDegrees>43.34092167</LatitudeDegrees><LongitudeDegrees>-2.827205</LongitudeDegrees></Position><AltitudeMeters>37.338</AltitudeMeters><DistanceMeters>3132.800048828125</DistanceMeters><HeartRateBpm><Value>140</Value></HeartRateBpm><Cadence>87</Cadence><SensorState>Present</SensorState></Trackpoint><Trackpoint><Time>2025-07-31T12:44:40.905Z</Time><Position><LatitudeDegrees>43.34094</LatitudeDegrees><LongitudeDegrees>-2.82723167</LongitudeDegrees></Position><AltitudeMeters>37.338</AltitudeMeters><DistanceMeters>3135.39990234375</DistanceMeters><HeartRateBpm><Value>140</Value></HeartRateBpm><Cadence>86</Cadence><SensorState>Present</SensorState></Trackpoint><Trackpoint><Time>2025-07-31T12:44:41.905Z</Time><Position><LatitudeDegrees>43.34095833</LatitudeDegrees><LongitudeDegrees>-2.82725833</LongitudeDegrees></Position><AltitudeMeters>37.338</AltitudeMeters><DistanceMeters>3138.39990234375</DistanceMeters><HeartRateBpm><Value>140</Value></HeartRateBpm><Cadence>86</Cadence><SensorState>Present</SensorState></Trackpoint><Trackpoint><Time>2025-07-31T12:44:42.905Z</Time><Position><LatitudeDegrees>43.34097667</LatitudeDegrees><LongitudeDegrees>-2.82728333</LongitudeDegrees></Position><AltitudeMeters>37.338</AltitudeMeters><DistanceMeters>3141.199951171875</DistanceMeters><HeartRateBpm><Value>140</Value></HeartRateBpm><Cadence>86</Cadence><SensorState>Present</SensorState></Trackpoint><Trackpoint><Time>2025-07-31T12:44:43.905Z</Time><Position><LatitudeDegrees>43.34099333</LatitudeDegrees><LongitudeDegrees>-2.82730833</LongitudeDegrees></Position><AltitudeMeters>37.338</AltitudeMeters><DistanceMeters>3144.10009765625</DistanceMeters><HeartRateBpm><Value>140</Value></HeartRateBpm><Cadence>86</Cadence><SensorState>Present</SensorState></Trackpoint><Trackpoint><Time>2025-07-31T12:44:44.905Z</Time><Position><LatitudeDegrees>43.34101167</LatitudeDegrees><LongitudeDegrees>-2.827335</LongitudeDegrees></Position><AltitudeMeters>37.186</AltitudeMeters><DistanceMeters>3146.89990234375</DistanceMeters><HeartRateBpm><Value>140</Value></HeartRateBpm><Cadence>86</Cadence><SensorState>Present</SensorState></Trackpoint><Trackpoint><Time>2025-07-31T12:44:45.905Z</Time><Position><LatitudeDegrees>43.34103</LatitudeDegrees><LongitudeDegrees>-2.82735833</LongitudeDegrees></Position><AltitudeMeters>37.186</AltitudeMeters><DistanceMeters>3149.699951171875</DistanceMeters><HeartRateBpm><Value>140</Value></HeartRateBpm><Cadence>86</Cadence><SensorState>Present</SensorState></Trackpoint><Trackpoint><Time>2025-07-31T12:44:46.905Z</Time><Position><LatitudeDegrees>43.34104833</LatitudeDegrees><LongitudeDegrees>-2.82738167</LongitudeDegrees></Position><AltitudeMeters>37.186</AltitudeMeters><DistanceMeters>3152.60009765625</DistanceMeters><HeartRateBpm><Value>140</Value></HeartRateBpm><Cadence>86</Cadence><SensorState>Present</SensorState></Trackpoint><Trackpoint><Time>2025-07-31T12:44:47.905Z</Time><Position><LatitudeDegrees>43.34106667</LatitudeDegrees><LongitudeDegrees>-2.82740333</LongitudeDegrees></Position><AltitudeMeters>37.186</AltitudeMeters><DistanceMeters>3155.800048828125</DistanceMeters><HeartRateBpm><Value>140</Value></HeartRateBpm><Cadence>86</Cadence><SensorState>Present</SensorState></Trackpoint><Trackpoint><Time>2025-07-31T12:44:48.905Z</Time><Position><LatitudeDegrees>43.341085</LatitudeDegrees><LongitudeDegrees>-2.82742667</LongitudeDegrees></Position><AltitudeMeters>37.186</AltitudeMeters><DistanceMeters>3158.39990234375</DistanceMeters><HeartRateBpm><Value>140</Value></HeartRateBpm><Cadence>86</Cadence><SensorState>Present</SensorState></Trackpoint><Trackpoint><Time>2025-07-31T12:44:49.905Z</Time><Position><LatitudeDegrees>43.3411</LatitudeDegrees><LongitudeDegrees>-2.82744667</LongitudeDegrees></Position><AltitudeMeters>37.186</AltitudeMeters><DistanceMeters>3161.10009765625</DistanceMeters><HeartRateBpm><Value>140</Value></HeartRateBpm><Cadence>86</Cadence><SensorState>Present</SensorState></Trackpoint><Trackpoint><Time>2025-07-31T12:44:50.905Z</Time><Position><LatitudeDegrees>43.34111667</LatitudeDegrees><LongitudeDegrees>-2.82746833</LongitudeDegrees></Position><AltitudeMeters>37.186</AltitudeMeters><DistanceMeters>3163.800048828125</DistanceMeters><HeartRateBpm><Value>140</Value></HeartRateBpm><Cadence>86</Cadence><SensorState>Present</SensorState></Trackpoint><Trackpoint><Time>2025-07-31T12:44:51.905Z</Time><Position><LatitudeDegrees>43.34113333</LatitudeDegrees><LongitudeDegrees>-2.82749</LongitudeDegrees></Position><AltitudeMeters>37.186</AltitudeMeters><DistanceMeters>3166.300048828125</DistanceMeters><HeartRateBpm><Value>140</Value></HeartRateBpm><Cadence>86</Cadence><SensorState>Present</SensorState></Trackpoint><Trackpoint><Time>2025-07-31T12:44:52.905Z</Time><Position><LatitudeDegrees>43.34114833</LatitudeDegrees><LongitudeDegrees>-2.82751333</LongitudeDegrees></Position><AltitudeMeters>37.186</AltitudeMeters><DistanceMeters>3168.699951171875</DistanceMeters><HeartRateBpm><Value>141</Value></HeartRateBpm><Cadence>86</Cadence><SensorState>Present</SensorState></Trackpoint><Trackpoint><Time>2025-07-31T12:44:53.905Z</Time><Position><LatitudeDegrees>43.341165</LatitudeDegrees><LongitudeDegrees>-2.82753833</LongitudeDegrees></Position><AltitudeMeters>37.186</AltitudeMeters><DistanceMeters>3171.300048828125</DistanceMeters><HeartRateBpm><Value>141</Value></HeartRateBpm><Cadence>86</Cadence><SensorState>Present</SensorState></Trackpoint><Trackpoint><Time>2025-07-31T12:44:54.905Z</Time><Position><LatitudeDegrees>43.34118167</LatitudeDegrees><LongitudeDegrees>-2.82756</LongitudeDegrees></Position><AltitudeMeters>37.186</AltitudeMeters><DistanceMeters>3173.699951171875</DistanceMeters><HeartRateBpm><Value>141</Value></HeartRateBpm><Cadence>86</Cadence><SensorState>Present</SensorState></Trackpoint><Trackpoint><Time>2025-07-31T12:44:55.905Z</Time><Position><LatitudeDegrees>43.34119667</LatitudeDegrees><LongitudeDegrees>-2.82758</LongitudeDegrees></Position><AltitudeMeters>37.186</AltitudeMeters><DistanceMeters>3176.10009765625</DistanceMeters><HeartRateBpm><Value>141</Value></HeartRateBpm><Cadence>86</Cadence><SensorState>Present</SensorState></Trackpoint><Trackpoint><Time>2025-07-31T12:44:56.905Z</Time><Position><LatitudeDegrees>43.34121333</LatitudeDegrees><LongitudeDegrees>-2.8276</LongitudeDegrees></Position><AltitudeMeters>37.186</AltitudeMeters><DistanceMeters>3178.699951171875</DistanceMeters><HeartRateBpm><Value>142</Value></HeartRateBpm><Cadence>86</Cadence><SensorState>Present</SensorState></Trackpoint><Trackpoint><Time>2025-07-31T12:44:57.905Z</Time><Position><LatitudeDegrees>43.341225</LatitudeDegrees><LongitudeDegrees>-2.82762833</LongitudeDegrees></Position><AltitudeMeters>37.186</AltitudeMeters><DistanceMeters>3181.0</DistanceMeters><HeartRateBpm><Value>142</Value></HeartRateBpm><Cadence>86</Cadence><SensorState>Present</SensorState></Trackpoint><Trackpoint><Time>2025-07-31T12:44:58.905Z</Time><Position><LatitudeDegrees>43.34124</LatitudeDegrees><LongitudeDegrees>-2.82764833</LongitudeDegrees></Position><AltitudeMeters>37.186</AltitudeMeters><DistanceMeters>3183.300048828125</DistanceMeters><HeartRateBpm><Value>143</Value></HeartRateBpm><Cadence>86</Cadence><SensorState>Present</SensorState></Trackpoint><Trackpoint><Time>2025-07-31T12:44:59.905Z</Time><Position><LatitudeDegrees>43.341255</LatitudeDegrees><LongitudeDegrees>-2.82767</LongitudeDegrees></Position><AltitudeMeters>37.186</AltitudeMeters><DistanceMeters>3185.699951171875</DistanceMeters><HeartRateBpm><Value>144</Value></HeartRateBpm><Cadence>86</Cadence><SensorState>Present</SensorState></Trackpoint><Trackpoint><Time>2025-07-31T12:45:00.905Z</Time><Position><LatitudeDegrees>43.34127167</LatitudeDegrees><LongitudeDegrees>-2.82769167</LongitudeDegrees></Position><AltitudeMeters>37.186</AltitudeMeters><DistanceMeters>3188.199951171875</DistanceMeters><HeartRateBpm><Value>144</Value></HeartRateBpm><Cadence>86</Cadence><SensorState>Present</SensorState></Trackpoint><Trackpoint><Time>2025-07-31T12:45:01.905Z</Time><Position><LatitudeDegrees>43.34129</LatitudeDegrees><LongitudeDegrees>-2.82771333</LongitudeDegrees></Position><AltitudeMeters>37.186</AltitudeMeters><DistanceMeters>3190.60009765625</DistanceMeters><HeartRateBpm><Value>144</Value></HeartRateBpm><Cadence>87</Cadence><SensorState>Present</SensorState></Trackpoint><Trackpoint><Time>2025-07-31T12:45:02.905Z</Time><Position><LatitudeDegrees>43.34130667</LatitudeDegrees><LongitudeDegrees>-2.82773167</LongitudeDegrees></Position><AltitudeMeters>37.186</AltitudeMeters><DistanceMeters>3193.199951171875</DistanceMeters><HeartRateBpm><Value>145</Value></HeartRateBpm><Cadence>88</Cadence><SensorState>Present</SensorState></Trackpoint><Trackpoint><Time>2025-07-31T12:45:03.905Z</Time><Position><LatitudeDegrees>43.341325</LatitudeDegrees><LongitudeDegrees>-2.82775</LongitudeDegrees></Position><AltitudeMeters>37.186</AltitudeMeters><DistanceMeters>3195.699951171875</DistanceMeters><HeartRateBpm><Value>145</Value></HeartRateBpm><Cadence>86</Cadence><SensorState>Present</SensorState></Trackpoint><Trackpoint><Time>2025-07-31T12:45:04.905Z</Time><Position><LatitudeDegrees>43.34134</LatitudeDegrees><LongitudeDegrees>-2.82777</LongitudeDegrees></Position><AltitudeMeters>37.338</AltitudeMeters><DistanceMeters>3197.89990234375</DistanceMeters><HeartRateBpm><Value>145</Value></HeartRateBpm><Cadence>84</Cadence><SensorState>Present</SensorState></Trackpoint><Trackpoint><Time>2025-07-31T12:45:05.905Z</Time><Position><LatitudeDegrees>43.34135833</LatitudeDegrees><LongitudeDegrees>-2.82778833</LongitudeDegrees></Position><AltitudeMeters>37.338</AltitudeMeters><DistanceMeters>3200.5</DistanceMeters><HeartRateBpm><Value>145</Value></HeartRateBpm><Cadence>84</Cadence><SensorState>Present</SensorState></Trackpoint><Trackpoint><Time>2025-07-31T12:45:06.905Z</Time><Position><LatitudeDegrees>43.341375</LatitudeDegrees><LongitudeDegrees>-2.82780667</LongitudeDegrees></Position><AltitudeMeters>37.338</AltitudeMeters><DistanceMeters>3203.0</DistanceMeters><HeartRateBpm><Value>145</Value></HeartRateBpm><Cadence>84</Cadence><SensorState>Present</SensorState></Trackpoint><Trackpoint><Time>2025-07-31T12:45:07.905Z</Time><Position><LatitudeDegrees>43.34139</LatitudeDegrees><LongitudeDegrees>-2.82782333</LongitudeDegrees></Position><AltitudeMeters>37.491</AltitudeMeters><DistanceMeters>3205.39990234375</DistanceMeters><HeartRateBpm><Value>145</Value></HeartRateBpm><Cadence>84</Cadence><SensorState>Present</SensorState></Trackpoint><Trackpoint><Time>2025-07-31T12:45:08.905Z</Time><Position><LatitudeDegrees>43.34140667</LatitudeDegrees><LongitudeDegrees>-2.82784333</LongitudeDegrees></Position><AltitudeMeters>37.491</AltitudeMeters><DistanceMeters>3207.800048828125</DistanceMeters><HeartRateBpm><Value>145</Value></HeartRateBpm><Cadence>84</Cadence><SensorState>Present</SensorState></Trackpoint><Trackpoint><Time>2025-07-31T12:45:09.905Z</Time><Position><LatitudeDegrees>43.34142</LatitudeDegrees><LongitudeDegrees>-2.82786167</LongitudeDegrees></Position><AltitudeMeters>37.491</AltitudeMeters><DistanceMeters>3210.199951171875</DistanceMeters><HeartRateBpm><Value>144</Value></HeartRateBpm><Cadence>84</Cadence><SensorState>Present</SensorState></Trackpoint><Trackpoint><Time>2025-07-31T12:45:10.905Z</Time><Position><LatitudeDegrees>43.341435</LatitudeDegrees><LongitudeDegrees>-2.82788</LongitudeDegrees></Position><AltitudeMeters>37.491</AltitudeMeters><DistanceMeters>3212.60009765625</DistanceMeters><HeartRateBpm><Value>145</Value></HeartRateBpm><Cadence>84</Cadence><SensorState>Present</SensorState></Trackpoint><Trackpoint><Time>2025-07-31T12:45:11.905Z</Time><Position><LatitudeDegrees>43.34145</LatitudeDegrees><LongitudeDegrees>-2.82789833</LongitudeDegrees></Position><AltitudeMeters>37.643</AltitudeMeters><DistanceMeters>3214.699951171875</DistanceMeters><HeartRateBpm><Value>145</Value></HeartRateBpm><Cadence>84</Cadence><SensorState>Present</SensorState></Trackpoint><Trackpoint><Time>2025-07-31T12:45:12.905Z</Time><Position><LatitudeDegrees>43.34146333</LatitudeDegrees><LongitudeDegrees>-2.82791667</LongitudeDegrees></Position><AltitudeMeters>37.643</AltitudeMeters><DistanceMeters>3216.800048828125</DistanceMeters><HeartRateBpm><Value>145</Value></HeartRateBpm><Cadence>84</Cadence><SensorState>Present</SensorState></Trackpoint><Trackpoint><Time>2025-07-31T12:45:13.905Z</Time><Position><LatitudeDegrees>43.34147667</LatitudeDegrees><LongitudeDegrees>-2.82793667</LongitudeDegrees></Position><AltitudeMeters>37.643</AltitudeMeters><DistanceMeters>3219.0</DistanceMeters><HeartRateBpm><Value>145</Value></HeartRateBpm><Cadence>84</Cadence><SensorState>Present</SensorState></Trackpoint><Trackpoint><Time>2025-07-31T12:45:14.905Z</Time><Position><LatitudeDegrees>43.34149167</LatitudeDegrees><LongitudeDegrees>-2.82795667</LongitudeDegrees></Position><AltitudeMeters>37.796</AltitudeMeters><DistanceMeters>3221.0</DistanceMeters><HeartRateBpm><Value>146</Value></HeartRateBpm><Cadence>84</Cadence><SensorState>Present</SensorState></Trackpoint><Trackpoint><Time>2025-07-31T12:45:15.905Z</Time><Position><LatitudeDegrees>43.341505</LatitudeDegrees><LongitudeDegrees>-2.82797833</LongitudeDegrees></Position><AltitudeMeters>37.796</AltitudeMeters><DistanceMeters>3223.199951171875</DistanceMeters><HeartRateBpm><Value>146</Value></HeartRateBpm><Cadence>84</Cadence><SensorState>Present</SensorState></Trackpoint><Trackpoint><Time>2025-07-31T12:45:16.905Z</Time><Position><LatitudeDegrees>43.34152</LatitudeDegrees><LongitudeDegrees>-2.828</LongitudeDegrees></Position><AltitudeMeters>37.796</AltitudeMeters><DistanceMeters>3225.300048828125</DistanceMeters><HeartRateBpm><Value>146</Value></HeartRateBpm><Cadence>84</Cadence><SensorState>Present</SensorState></Trackpoint><Trackpoint><Time>2025-07-31T12:45:17.905Z</Time><Position><LatitudeDegrees>43.341535</LatitudeDegrees><LongitudeDegrees>-2.82801833</LongitudeDegrees></Position><AltitudeMeters>37.796</AltitudeMeters><DistanceMeters>3227.5</DistanceMeters><HeartRateBpm><Value>146</Value></HeartRateBpm><Cadence>84</Cadence><SensorState>Present</SensorState></Trackpoint><Trackpoint><Time>2025-07-31T12:45:18.905Z</Time><Position><LatitudeDegrees>43.34154833</LatitudeDegrees><LongitudeDegrees>-2.82804</LongitudeDegrees></Position><AltitudeMeters>37.948</AltitudeMeters><DistanceMeters>3229.89990234375</DistanceMeters><HeartRateBpm><Value>146</Value></HeartRateBpm><Cadence>83</Cadence><SensorState>Present</SensorState></Trackpoint><Trackpoint><Time>2025-07-31T12:45:19.905Z</Time><Position><LatitudeDegrees>43.34156333</LatitudeDegrees><LongitudeDegrees>-2.82806</LongitudeDegrees></Position><AltitudeMeters>37.948</AltitudeMeters><DistanceMeters>3232.10009765625</DistanceMeters><HeartRateBpm><Value>146</Value></HeartRateBpm><Cadence>83</Cadence><SensorState>Present</SensorState></Trackpoint><Trackpoint><Time>2025-07-31T12:45:20.905Z</Time><Position><LatitudeDegrees>43.34157667</LatitudeDegrees><LongitudeDegrees>-2.82807833</LongitudeDegrees></Position><AltitudeMeters>37.948</AltitudeMeters><DistanceMeters>3234.5</DistanceMeters><HeartRateBpm><Value>147</Value></HeartRateBpm><Cadence>82</Cadence><SensorState>Present</SensorState></Trackpoint><Trackpoint><Time>2025-07-31T12:45:21.905Z</Time><Position><LatitudeDegrees>43.34159167</LatitudeDegrees><LongitudeDegrees>-2.82809833</LongitudeDegrees></Position><AltitudeMeters>37.948</AltitudeMeters><DistanceMeters>3236.800048828125</DistanceMeters><HeartRateBpm><Value>147</Value></HeartRateBpm><Cadence>82</Cadence><SensorState>Present</SensorState></Trackpoint><Trackpoint><Time>2025-07-31T12:45:22.905Z</Time><Position><LatitudeDegrees>43.341605</LatitudeDegrees><LongitudeDegrees>-2.82811833</LongitudeDegrees></Position><AltitudeMeters>38.1</AltitudeMeters><DistanceMeters>3239.0</DistanceMeters><HeartRateBpm><Value>147</Value></HeartRateBpm><Cadence>82</Cadence><SensorState>Present</SensorState></Trackpoint><Trackpoint><Time>2025-07-31T12:45:23.905Z</Time><Position><LatitudeDegrees>43.34161667</LatitudeDegrees><LongitudeDegrees>-2.82814167</LongitudeDegrees></Position><AltitudeMeters>38.1</AltitudeMeters><DistanceMeters>3241.5</DistanceMeters><HeartRateBpm><Value>147</Value></HeartRateBpm><Cadence>82</Cadence><SensorState>Present</SensorState></Trackpoint><Trackpoint><Time>2025-07-31T12:45:24.905Z</Time><Position><LatitudeDegrees>43.34163</LatitudeDegrees><LongitudeDegrees>-2.82816667</LongitudeDegrees></Position><AltitudeMeters>38.1</AltitudeMeters><DistanceMeters>3243.800048828125</DistanceMeters><HeartRateBpm><Value>147</Value></HeartRateBpm><Cadence>83</Cadence><SensorState>Present</SensorState></Trackpoint><Trackpoint><Time>2025-07-31T12:45:25.905Z</Time><Position><LatitudeDegrees>43.34164167</LatitudeDegrees><LongitudeDegrees>-2.82818833</LongitudeDegrees></Position><AltitudeMeters>38.253</AltitudeMeters><DistanceMeters>3246.0</DistanceMeters><HeartRateBpm><Value>147</Value></HeartRateBpm><Cadence>83</Cadence><SensorState>Present</SensorState></Trackpoint><Trackpoint><Time>2025-07-31T12:45:26.905Z</Time><Position><LatitudeDegrees>43.341655</LatitudeDegrees><LongitudeDegrees>-2.82820667</LongitudeDegrees></Position><AltitudeMeters>38.253</AltitudeMeters><DistanceMeters>3248.5</DistanceMeters><HeartRateBpm><Value>147</Value></HeartRateBpm><Cadence>83</Cadence><SensorState>Present</SensorState></Trackpoint><Trackpoint><Time>2025-07-31T12:45:27.905Z</Time><Position><LatitudeDegrees>43.34166833</LatitudeDegrees><LongitudeDegrees>-2.82823</LongitudeDegrees></Position><AltitudeMeters>38.405</AltitudeMeters><DistanceMeters>3250.60009765625</DistanceMeters><HeartRateBpm><Value>147</Value></HeartRateBpm><Cadence>83</Cadence><SensorState>Present</SensorState></Trackpoint><Trackpoint><Time>2025-07-31T12:45:28.905Z</Time><Position><LatitudeDegrees>43.34168167</LatitudeDegrees><LongitudeDegrees>-2.82825167</LongitudeDegrees></Position><AltitudeMeters>38.405</AltitudeMeters><DistanceMeters>3252.800048828125</DistanceMeters><HeartRateBpm><Value>147</Value></HeartRateBpm><Cadence>83</Cadence><SensorState>Present</SensorState></Trackpoint><Trackpoint><Time>2025-07-31T12:45:29.905Z</Time><Position><LatitudeDegrees>43.341695</LatitudeDegrees><LongitudeDegrees>-2.82827667</LongitudeDegrees></Position><AltitudeMeters>38.558</AltitudeMeters><DistanceMeters>3255.199951171875</DistanceMeters><HeartRateBpm><Value>148</Value></HeartRateBpm><Cadence>83</Cadence><SensorState>Present</SensorState></Trackpoint><Trackpoint><Time>2025-07-31T12:45:30.905Z</Time><Position><LatitudeDegrees>43.34171</LatitudeDegrees><LongitudeDegrees>-2.82829833</LongitudeDegrees></Position><AltitudeMeters>38.558</AltitudeMeters><DistanceMeters>3257.5</DistanceMeters><HeartRateBpm><Value>148</Value></HeartRateBpm><Cadence>83</Cadence><SensorState>Present</SensorState></Trackpoint><Trackpoint><Time>2025-07-31T12:45:31.905Z</Time><Position><LatitudeDegrees>43.341725</LatitudeDegrees><LongitudeDegrees>-2.82831833</LongitudeDegrees></Position><AltitudeMeters>38.71</AltitudeMeters><DistanceMeters>3259.89990234375</DistanceMeters><HeartRateBpm><Value>148</Value></HeartRateBpm><Cadence>82</Cadence><SensorState>Present</SensorState></Trackpoint><Trackpoint><Time>2025-07-31T12:45:32.905Z</Time><Position><LatitudeDegrees>43.34173667</LatitudeDegrees><LongitudeDegrees>-2.82833833</LongitudeDegrees></Position><AltitudeMeters>38.71</AltitudeMeters><DistanceMeters>3262.39990234375</DistanceMeters><HeartRateBpm><Value>148</Value></HeartRateBpm><Cadence>83</Cadence><SensorState>Present</SensorState></Trackpoint><Trackpoint><Time>2025-07-31T12:45:33.905Z</Time><Position><LatitudeDegrees>43.34175167</LatitudeDegrees><LongitudeDegrees>-2.82835833</LongitudeDegrees></Position><AltitudeMeters>38.862</AltitudeMeters><DistanceMeters>3264.800048828125</DistanceMeters><HeartRateBpm><Value>148</Value></HeartRateBpm><Cadence>82</Cadence><SensorState>Present</SensorState></Trackpoint><Trackpoint><Time>2025-07-31T12:45:34.905Z</Time><Position><LatitudeDegrees>43.341765</LatitudeDegrees><LongitudeDegrees>-2.828375</LongitudeDegrees></Position><AltitudeMeters>39.015</AltitudeMeters><DistanceMeters>3267.0</DistanceMeters><HeartRateBpm><Value>148</Value></HeartRateBpm><Cadence>83</Cadence><SensorState>Present</SensorState></Trackpoint><Trackpoint><Time>2025-07-31T12:45:35.905Z</Time><Position><LatitudeDegrees>43.34177833</LatitudeDegrees><LongitudeDegrees>-2.82839</LongitudeDegrees></Position><AltitudeMeters>39.167</AltitudeMeters><DistanceMeters>3269.300048828125</DistanceMeters><HeartRateBpm><Value>148</Value></HeartRateBpm><Cadence>83</Cadence><SensorState>Present</SensorState></Trackpoint><Trackpoint><Time>2025-07-31T12:45:36.905Z</Time><Position><LatitudeDegrees>43.34179333</LatitudeDegrees><LongitudeDegrees>-2.82840167</LongitudeDegrees></Position><AltitudeMeters>39.167</AltitudeMeters><DistanceMeters>3271.39990234375</DistanceMeters><HeartRateBpm><Value>148</Value></HeartRateBpm><Cadence>83</Cadence><SensorState>Present</SensorState></Trackpoint><Trackpoint><Time>2025-07-31T12:45:37.905Z</Time><Position><LatitudeDegrees>43.34181</LatitudeDegrees><LongitudeDegrees>-2.82841333</LongitudeDegrees></Position><AltitudeMeters>39.32</AltitudeMeters><DistanceMeters>3273.60009765625</DistanceMeters><HeartRateBpm><Value>148</Value></HeartRateBpm><Cadence>83</Cadence><SensorState>Present</SensorState></Trackpoint><Trackpoint><Time>2025-07-31T12:45:38.905Z</Time><Position><LatitudeDegrees>43.34182333</LatitudeDegrees><LongitudeDegrees>-2.82842833</LongitudeDegrees></Position><AltitudeMeters>39.472</AltitudeMeters><DistanceMeters>3275.39990234375</DistanceMeters><HeartRateBpm><Value>148</Value></HeartRateBpm><Cadence>83</Cadence><SensorState>Present</SensorState></Trackpoint><Trackpoint><Time>2025-07-31T12:45:39.905Z</Time><Position><LatitudeDegrees>43.34183833</LatitudeDegrees><LongitudeDegrees>-2.82844</LongitudeDegrees></Position><AltitudeMeters>39.624</AltitudeMeters><DistanceMeters>3277.300048828125</DistanceMeters><HeartRateBpm><Value>149</Value></HeartRateBpm><Cadence>83</Cadence><SensorState>Present</SensorState></Trackpoint><Trackpoint><Time>2025-07-31T12:45:40.905Z</Time><Position><LatitudeDegrees>43.341855</LatitudeDegrees><LongitudeDegrees>-2.82845</LongitudeDegrees></Position><AltitudeMeters>39.624</AltitudeMeters><DistanceMeters>3279.10009765625</DistanceMeters><HeartRateBpm><Value>149</Value></HeartRateBpm><Cadence>83</Cadence><SensorState>Present</SensorState></Trackpoint><Trackpoint><Time>2025-07-31T12:45:41.905Z</Time><Position><LatitudeDegrees>43.34187167</LatitudeDegrees><LongitudeDegrees>-2.82845667</LongitudeDegrees></Position><AltitudeMeters>39.777</AltitudeMeters><DistanceMeters>3280.800048828125</DistanceMeters><HeartRateBpm><Value>149</Value></HeartRateBpm><Cadence>83</Cadence><SensorState>Present</SensorState></Trackpoint><Trackpoint><Time>2025-07-31T12:45:42.905Z</Time><Position><LatitudeDegrees>43.341885</LatitudeDegrees><LongitudeDegrees>-2.82846333</LongitudeDegrees></Position><AltitudeMeters>39.929</AltitudeMeters><DistanceMeters>3282.60009765625</DistanceMeters><HeartRateBpm><Value>149</Value></HeartRateBpm><Cadence>83</Cadence><SensorState>Present</SensorState></Trackpoint><Trackpoint><Time>2025-07-31T12:45:43.905Z</Time><Position><LatitudeDegrees>43.34190167</LatitudeDegrees><LongitudeDegrees>-2.82847167</LongitudeDegrees></Position><AltitudeMeters>40.082</AltitudeMeters><DistanceMeters>3284.39990234375</DistanceMeters><HeartRateBpm><Value>149</Value></HeartRateBpm><Cadence>83</Cadence><SensorState>Present</SensorState></Trackpoint><Trackpoint><Time>2025-07-31T12:45:44.905Z</Time><Position><LatitudeDegrees>43.34191667</LatitudeDegrees><LongitudeDegrees>-2.82847667</LongitudeDegrees></Position><AltitudeMeters>40.234</AltitudeMeters><DistanceMeters>3286.0</DistanceMeters><HeartRateBpm><Value>150</Value></HeartRateBpm><Cadence>83</Cadence><SensorState>Present</SensorState></Trackpoint><Trackpoint><Time>2025-07-31T12:45:45.905Z</Time><Position><LatitudeDegrees>43.34193167</LatitudeDegrees><LongitudeDegrees>-2.82848</LongitudeDegrees></Position><AltitudeMeters>40.386</AltitudeMeters><DistanceMeters>3287.89990234375</DistanceMeters><HeartRateBpm><Value>149</Value></HeartRateBpm><Cadence>82</Cadence><SensorState>Present</SensorState></Trackpoint><Trackpoint><Time>2025-07-31T12:45:46.905Z</Time><Position><LatitudeDegrees>43.34194667</LatitudeDegrees><LongitudeDegrees>-2.82847833</LongitudeDegrees></Position><AltitudeMeters>40.539</AltitudeMeters><DistanceMeters>3289.699951171875</DistanceMeters><HeartRateBpm><Value>150</Value></HeartRateBpm><Cadence>82</Cadence><SensorState>Present</SensorState></Trackpoint><Trackpoint><Time>2025-07-31T12:45:47.905Z</Time><Position><LatitudeDegrees>43.34196167</LatitudeDegrees><LongitudeDegrees>-2.828475</LongitudeDegrees></Position><AltitudeMeters>40.691</AltitudeMeters><DistanceMeters>3291.199951171875</DistanceMeters><HeartRateBpm><Value>150</Value></HeartRateBpm><Cadence>82</Cadence><SensorState>Present</SensorState></Trackpoint><Trackpoint><Time>2025-07-31T12:45:48.905Z</Time><Position><LatitudeDegrees>43.34197833</LatitudeDegrees><LongitudeDegrees>-2.828475</LongitudeDegrees></Position><AltitudeMeters>40.844</AltitudeMeters><DistanceMeters>3292.800048828125</DistanceMeters><HeartRateBpm><Value>150</Value></HeartRateBpm><Cadence>82</Cadence><SensorState>Present</SensorState></Trackpoint><Trackpoint><Time>2025-07-31T12:45:49.905Z</Time><Position><LatitudeDegrees>43.341995</LatitudeDegrees><LongitudeDegrees>-2.82847167</LongitudeDegrees></Position><AltitudeMeters>40.996</AltitudeMeters><DistanceMeters>3294.39990234375</DistanceMeters><HeartRateBpm><Value>150</Value></HeartRateBpm><Cadence>82</Cadence><SensorState>Present</SensorState></Trackpoint><Trackpoint><Time>2025-07-31T12:45:50.905Z</Time><Position><LatitudeDegrees>43.34200833</LatitudeDegrees><LongitudeDegrees>-2.82846667</LongitudeDegrees></Position><AltitudeMeters>41.148</AltitudeMeters><DistanceMeters>3296.10009765625</DistanceMeters><HeartRateBpm><Value>149</Value></HeartRateBpm><Cadence>82</Cadence><SensorState>Present</SensorState></Trackpoint><Trackpoint><Time>2025-07-31T12:45:51.905Z</Time><Position><LatitudeDegrees>43.34202667</LatitudeDegrees><LongitudeDegrees>-2.82846167</LongitudeDegrees></Position><AltitudeMeters>41.301</AltitudeMeters><DistanceMeters>3297.800048828125</DistanceMeters><HeartRateBpm><Value>149</Value></HeartRateBpm><Cadence>82</Cadence><SensorState>Present</SensorState></Trackpoint><Trackpoint><Time>2025-07-31T12:45:52.905Z</Time><Position><LatitudeDegrees>43.34204333</LatitudeDegrees><LongitudeDegrees>-2.82845167</LongitudeDegrees></Position><AltitudeMeters>41.453</AltitudeMeters><DistanceMeters>3299.199951171875</DistanceMeters><HeartRateBpm><Value>149</Value></HeartRateBpm><Cadence>83</Cadence><SensorState>Present</SensorState></Trackpoint><Trackpoint><Time>2025-07-31T12:45:53.905Z</Time><Position><LatitudeDegrees>43.34206</LatitudeDegrees><LongitudeDegrees>-2.82843833</LongitudeDegrees></Position><AltitudeMeters>41.758</AltitudeMeters><DistanceMeters>3301.199951171875</DistanceMeters><HeartRateBpm><Value>149</Value></HeartRateBpm><Cadence>83</Cadence><SensorState>Present</SensorState></Trackpoint><Trackpoint><Time>2025-07-31T12:45:54.905Z</Time><Position><LatitudeDegrees>43.342075</LatitudeDegrees><LongitudeDegrees>-2.82842667</LongitudeDegrees></Position><AltitudeMeters>41.911</AltitudeMeters><DistanceMeters>3303.199951171875</DistanceMeters><HeartRateBpm><Value>149</Value></HeartRateBpm><Cadence>82</Cadence><SensorState>Present</SensorState></Trackpoint><Trackpoint><Time>2025-07-31T12:45:55.905Z</Time><Position><LatitudeDegrees>43.34208667</LatitudeDegrees><LongitudeDegrees>-2.82841333</LongitudeDegrees></Position><AltitudeMeters>42.063</AltitudeMeters><DistanceMeters>3305.300048828125</DistanceMeters><HeartRateBpm><Value>149</Value></HeartRateBpm><Cadence>82</Cadence><SensorState>Present</SensorState></Trackpoint><Trackpoint><Time>2025-07-31T12:45:56.905Z</Time><Position><LatitudeDegrees>43.34209333</LatitudeDegrees><LongitudeDegrees>-2.828405</LongitudeDegrees></Position><AltitudeMeters>42.368</AltitudeMeters><DistanceMeters>3307.39990234375</DistanceMeters><HeartRateBpm><Value>149</Value></HeartRateBpm><Cadence>83</Cadence><SensorState>Present</SensorState></Trackpoint><Trackpoint><Time>2025-07-31T12:45:57.905Z</Time><Position><LatitudeDegrees>43.34209667</LatitudeDegrees><LongitudeDegrees>-2.82839667</LongitudeDegrees></Position><AltitudeMeters>42.52</AltitudeMeters><DistanceMeters>3309.199951171875</DistanceMeters><HeartRateBpm><Value>149</Value></HeartRateBpm><Cadence>83</Cadence><SensorState>Present</SensorState></Trackpoint><Trackpoint><Time>2025-07-31T12:45:58.905Z</Time><Position><LatitudeDegrees>43.342105</LatitudeDegrees><LongitudeDegrees>-2.828385</LongitudeDegrees></Position><AltitudeMeters>42.825</AltitudeMeters><DistanceMeters>3310.5</DistanceMeters><HeartRateBpm><Value>149</Value></HeartRateBpm><Cadence>83</Cadence><SensorState>Present</SensorState></Trackpoint><Trackpoint><Time>2025-07-31T12:45:59.905Z</Time><Position><LatitudeDegrees>43.34211833</LatitudeDegrees><LongitudeDegrees>-2.82837</LongitudeDegrees></Position><AltitudeMeters>42.977</AltitudeMeters><DistanceMeters>3311.60009765625</DistanceMeters><HeartRateBpm><Value>149</Value></HeartRateBpm><Cadence>83</Cadence><SensorState>Present</SensorState></Trackpoint><Trackpoint><Time>2025-07-31T12:46:00.905Z</Time><Position><LatitudeDegrees>43.34213333</LatitudeDegrees><LongitudeDegrees>-2.828355</LongitudeDegrees></Position><AltitudeMeters>43.13</AltitudeMeters><DistanceMeters>3312.800048828125</DistanceMeters><HeartRateBpm><Value>149</Value></HeartRateBpm><Cadence>83</Cadence><SensorState>Present</SensorState></Trackpoint><Trackpoint><Time>2025-07-31T12:46:01.905Z</Time><Position><LatitudeDegrees>43.34214667</LatitudeDegrees><LongitudeDegrees>-2.82834333</LongitudeDegrees></Position><AltitudeMeters>43.435</AltitudeMeters><DistanceMeters>3314.5</DistanceMeters><HeartRateBpm><Value>149</Value></HeartRateBpm><Cadence>83</Cadence><SensorState>Present</SensorState></Trackpoint><Trackpoint><Time>2025-07-31T12:46:02.905Z</Time><Position><LatitudeDegrees>43.34216167</LatitudeDegrees><LongitudeDegrees>-2.82833</LongitudeDegrees></Position><AltitudeMeters>43.587</AltitudeMeters><DistanceMeters>3316.0</DistanceMeters><HeartRateBpm><Value>149</Value></HeartRateBpm><Cadence>83</Cadence><SensorState>Present</SensorState></Trackpoint><Trackpoint><Time>2025-07-31T12:46:03.905Z</Time><Position><LatitudeDegrees>43.34217833</LatitudeDegrees><LongitudeDegrees>-2.82831667</LongitudeDegrees></Position><AltitudeMeters>43.739</AltitudeMeters><DistanceMeters>3317.39990234375</DistanceMeters><HeartRateBpm><Value>149</Value></HeartRateBpm><Cadence>83</Cadence><SensorState>Present</SensorState></Trackpoint><Trackpoint><Time>2025-07-31T12:46:04.905Z</Time><Position><LatitudeDegrees>43.342195</LatitudeDegrees><LongitudeDegrees>-2.828305</LongitudeDegrees></Position><AltitudeMeters>43.892</AltitudeMeters><DistanceMeters>3319.0</DistanceMeters><HeartRateBpm><Value>149</Value></HeartRateBpm><Cadence>83</Cadence><SensorState>Present</SensorState></Trackpoint><Trackpoint><Time>2025-07-31T12:46:05.905Z</Time><Position><LatitudeDegrees>43.34221167</LatitudeDegrees><LongitudeDegrees>-2.82829333</LongitudeDegrees></Position><AltitudeMeters>44.197</AltitudeMeters><DistanceMeters>3321.0</DistanceMeters><HeartRateBpm><Value>149</Value></HeartRateBpm><Cadence>83</Cadence><SensorState>Present</SensorState></Trackpoint><Trackpoint><Time>2025-07-31T12:46:06.905Z</Time><Position><LatitudeDegrees>43.34222667</LatitudeDegrees><LongitudeDegrees>-2.82828333</LongitudeDegrees></Position><AltitudeMeters>44.349</AltitudeMeters><DistanceMeters>3323.0</DistanceMeters><HeartRateBpm><Value>149</Value></HeartRateBpm><Cadence>83</Cadence><SensorState>Present</SensorState></Trackpoint><Trackpoint><Time>2025-07-31T12:46:07.905Z</Time><Position><LatitudeDegrees>43.34224333</LatitudeDegrees><LongitudeDegrees>-2.82827</LongitudeDegrees></Position><AltitudeMeters>44.501</AltitudeMeters><DistanceMeters>3325.39990234375</DistanceMeters><HeartRateBpm><Value>149</Value></HeartRateBpm><Cadence>83</Cadence><SensorState>Present</SensorState></Trackpoint><Trackpoint><Time>2025-07-31T12:46:08.905Z</Time><Position><LatitudeDegrees>43.34226</LatitudeDegrees><LongitudeDegrees>-2.828255</LongitudeDegrees></Position><AltitudeMeters>44.654</AltitudeMeters><DistanceMeters>3328.10009765625</DistanceMeters><HeartRateBpm><Value>149</Value></HeartRateBpm><Cadence>83</Cadence><SensorState>Present</SensorState></Trackpoint><Trackpoint><Time>2025-07-31T12:46:09.905Z</Time><Position><LatitudeDegrees>43.34227667</LatitudeDegrees><LongitudeDegrees>-2.82824</LongitudeDegrees></Position><AltitudeMeters>44.806</AltitudeMeters><DistanceMeters>3330.60009765625</DistanceMeters><HeartRateBpm><Value>149</Value></HeartRateBpm><Cadence>83</Cadence><SensorState>Present</SensorState></Trackpoint><Trackpoint><Time>2025-07-31T12:46:10.905Z</Time><Position><LatitudeDegrees>43.34229667</LatitudeDegrees><LongitudeDegrees>-2.828225</LongitudeDegrees></Position><AltitudeMeters>44.959</AltitudeMeters><DistanceMeters>3332.800048828125</DistanceMeters><HeartRateBpm><Value>149</Value></HeartRateBpm><Cadence>83</Cadence><SensorState>Present</SensorState></Trackpoint><Trackpoint><Time>2025-07-31T12:46:11.905Z</Time><Position><LatitudeDegrees>43.34231333</LatitudeDegrees><LongitudeDegrees>-2.82821333</LongitudeDegrees></Position><AltitudeMeters>45.111</AltitudeMeters><DistanceMeters>3335.0</DistanceMeters><HeartRateBpm><Value>149</Value></HeartRateBpm><Cadence>83</Cadence><SensorState>Present</SensorState></Trackpoint><Trackpoint><Time>2025-07-31T12:46:12.905Z</Time><Position><LatitudeDegrees>43.34233333</LatitudeDegrees><LongitudeDegrees>-2.82819833</LongitudeDegrees></Position><AltitudeMeters>45.263</AltitudeMeters><DistanceMeters>3337.5</DistanceMeters><HeartRateBpm><Value>149</Value></HeartRateBpm><Cadence>84</Cadence><SensorState>Present</SensorState></Trackpoint><Trackpoint><Time>2025-07-31T12:46:13.905Z</Time><Position><LatitudeDegrees>43.34235</LatitudeDegrees><LongitudeDegrees>-2.82818667</LongitudeDegrees></Position><AltitudeMeters>45.416</AltitudeMeters><DistanceMeters>3339.800048828125</DistanceMeters><HeartRateBpm><Value>149</Value></HeartRateBpm><Cadence>85</Cadence><SensorState>Present</SensorState></Trackpoint><Trackpoint><Time>2025-07-31T12:46:14.905Z</Time><Position><LatitudeDegrees>43.34237167</LatitudeDegrees><LongitudeDegrees>-2.82818</LongitudeDegrees></Position><AltitudeMeters>45.568</AltitudeMeters><DistanceMeters>3342.199951171875</DistanceMeters><HeartRateBpm><Value>149</Value></HeartRateBpm><Cadence>84</Cadence><SensorState>Present</SensorState></Trackpoint><Trackpoint><Time>2025-07-31T12:46:15.905Z</Time><Position><LatitudeDegrees>43.34239167</LatitudeDegrees><LongitudeDegrees>-2.82817167</LongitudeDegrees></Position><AltitudeMeters>45.721</AltitudeMeters><DistanceMeters>3344.5</DistanceMeters><HeartRateBpm><Value>149</Value></HeartRateBpm><Cadence>84</Cadence><SensorState>Present</SensorState></Trackpoint><Trackpoint><Time>2025-07-31T12:46:16.905Z</Time><Position><LatitudeDegrees>43.342415</LatitudeDegrees><LongitudeDegrees>-2.82816333</LongitudeDegrees></Position><AltitudeMeters>45.873</AltitudeMeters><DistanceMeters>3346.89990234375</DistanceMeters><HeartRateBpm><Value>149</Value></HeartRateBpm><Cadence>84</Cadence><SensorState>Present</SensorState></Trackpoint><Trackpoint><Time>2025-07-31T12:46:17.905Z</Time><Position><LatitudeDegrees>43.342435</LatitudeDegrees><LongitudeDegrees>-2.82816167</LongitudeDegrees></Position><AltitudeMeters>46.025</AltitudeMeters><DistanceMeters>3349.5</DistanceMeters><HeartRateBpm><Value>148</Value></HeartRateBpm><Cadence>84</Cadence><SensorState>Present</SensorState></Trackpoint><Trackpoint><Time>2025-07-31T12:46:18.905Z</Time><Position><LatitudeDegrees>43.342455</LatitudeDegrees><LongitudeDegrees>-2.82816</LongitudeDegrees></Position><AltitudeMeters>46.025</AltitudeMeters><DistanceMeters>3352.199951171875</DistanceMeters><HeartRateBpm><Value>148</Value></HeartRateBpm><Cadence>84</Cadence><SensorState>Present</SensorState></Trackpoint><Trackpoint><Time>2025-07-31T12:46:19.905Z</Time><Position><LatitudeDegrees>43.34247333</LatitudeDegrees><LongitudeDegrees>-2.82816167</LongitudeDegrees></Position><AltitudeMeters>46.178</AltitudeMeters><DistanceMeters>3354.5</DistanceMeters><HeartRateBpm><Value>148</Value></HeartRateBpm><Cadence>84</Cadence><SensorState>Present</SensorState></Trackpoint><Trackpoint><Time>2025-07-31T12:46:20.905Z</Time><Position><LatitudeDegrees>43.342495</LatitudeDegrees><LongitudeDegrees>-2.82816167</LongitudeDegrees></Position><AltitudeMeters>46.33</AltitudeMeters><DistanceMeters>3356.800048828125</DistanceMeters><HeartRateBpm><Value>148</Value></HeartRateBpm><Cadence>83</Cadence><SensorState>Present</SensorState></Trackpoint><Trackpoint><Time>2025-07-31T12:46:21.905Z</Time><Position><LatitudeDegrees>43.34251667</LatitudeDegrees><LongitudeDegrees>-2.82816333</LongitudeDegrees></Position><AltitudeMeters>46.483</AltitudeMeters><DistanceMeters>3358.800048828125</DistanceMeters><HeartRateBpm><Value>148</Value></HeartRateBpm><Cadence>82</Cadence><SensorState>Present</SensorState></Trackpoint><Trackpoint><Time>2025-07-31T12:46:22.905Z</Time><Position><LatitudeDegrees>43.34253833</LatitudeDegrees><LongitudeDegrees>-2.82816333</LongitudeDegrees></Position><AltitudeMeters>46.483</AltitudeMeters><DistanceMeters>3361.300048828125</DistanceMeters><HeartRateBpm><Value>148</Value></HeartRateBpm><Cadence>83</Cadence><SensorState>Present</SensorState></Trackpoint><Trackpoint><Time>2025-07-31T12:46:23.905Z</Time><Position><LatitudeDegrees>43.34256333</LatitudeDegrees><LongitudeDegrees>-2.82815833</LongitudeDegrees></Position><AltitudeMeters>46.635</AltitudeMeters><DistanceMeters>3363.60009765625</DistanceMeters><HeartRateBpm><Value>148</Value></HeartRateBpm><Cadence>83</Cadence><SensorState>Present</SensorState></Trackpoint><Trackpoint><Time>2025-07-31T12:46:24.905Z</Time><Position><LatitudeDegrees>43.34258667</LatitudeDegrees><LongitudeDegrees>-2.82816</LongitudeDegrees></Position><AltitudeMeters>46.787</AltitudeMeters><DistanceMeters>3366.199951171875</DistanceMeters><HeartRateBpm><Value>148</Value></HeartRateBpm><Cadence>82</Cadence><SensorState>Present</SensorState></Trackpoint><Trackpoint><Time>2025-07-31T12:46:25.905Z</Time><Position><LatitudeDegrees>43.34261</LatitudeDegrees><LongitudeDegrees>-2.82816667</LongitudeDegrees></Position><AltitudeMeters>46.94</AltitudeMeters><DistanceMeters>3368.60009765625</DistanceMeters><HeartRateBpm><Value>148</Value></HeartRateBpm><Cadence>83</Cadence><SensorState>Present</SensorState></Trackpoint><Trackpoint><Time>2025-07-31T12:46:26.905Z</Time><Position><LatitudeDegrees>43.342635</LatitudeDegrees><LongitudeDegrees>-2.82817833</LongitudeDegrees></Position><AltitudeMeters>47.092</AltitudeMeters><DistanceMeters>3371.300048828125</DistanceMeters><HeartRateBpm><Value>149</Value></HeartRateBpm><Cadence>83</Cadence><SensorState>Present</SensorState></Trackpoint><Trackpoint><Time>2025-07-31T12:46:27.905Z</Time><Position><LatitudeDegrees>43.34266</LatitudeDegrees><LongitudeDegrees>-2.82819</LongitudeDegrees></Position><AltitudeMeters>47.092</AltitudeMeters><DistanceMeters>3373.89990234375</DistanceMeters><HeartRateBpm><Value>149</Value></HeartRateBpm><Cadence>82</Cadence><SensorState>Present</SensorState></Trackpoint><Trackpoint><Time>2025-07-31T12:46:28.905Z</Time><Position><LatitudeDegrees>43.34268667</LatitudeDegrees><LongitudeDegrees>-2.82820167</LongitudeDegrees></Position><AltitudeMeters>47.245</AltitudeMeters><DistanceMeters>3376.699951171875</DistanceMeters><HeartRateBpm><Value>149</Value></HeartRateBpm><Cadence>83</Cadence><SensorState>Present</SensorState></Trackpoint><Trackpoint><Time>2025-07-31T12:46:29.905Z</Time><Position><LatitudeDegrees>43.342715</LatitudeDegrees><LongitudeDegrees>-2.82821333</LongitudeDegrees></Position><AltitudeMeters>47.397</AltitudeMeters><DistanceMeters>3379.89990234375</DistanceMeters><HeartRateBpm><Value>149</Value></HeartRateBpm><Cadence>83</Cadence><SensorState>Present</SensorState></Trackpoint><Trackpoint><Time>2025-07-31T12:46:30.905Z</Time><Position><LatitudeDegrees>43.34274167</LatitudeDegrees><LongitudeDegrees>-2.82822667</LongitudeDegrees></Position><AltitudeMeters>47.549</AltitudeMeters><DistanceMeters>3383.300048828125</DistanceMeters><HeartRateBpm><Value>150</Value></HeartRateBpm><Cadence>83</Cadence><SensorState>Present</SensorState></Trackpoint><Trackpoint><Time>2025-07-31T12:46:31.905Z</Time><Position><LatitudeDegrees>43.34277167</LatitudeDegrees><LongitudeDegrees>-2.82823667</LongitudeDegrees></Position><AltitudeMeters>47.549</AltitudeMeters><DistanceMeters>3386.60009765625</DistanceMeters><HeartRateBpm><Value>150</Value></HeartRateBpm><Cadence>83</Cadence><SensorState>Present</SensorState></Trackpoint><Trackpoint><Time>2025-07-31T12:46:32.905Z</Time><Position><LatitudeDegrees>43.3428</LatitudeDegrees><LongitudeDegrees>-2.82824833</LongitudeDegrees></Position><AltitudeMeters>47.702</AltitudeMeters><DistanceMeters>3390.10009765625</DistanceMeters><HeartRateBpm><Value>150</Value></HeartRateBpm><Cadence>83</Cadence><SensorState>Present</SensorState></Trackpoint><Trackpoint><Time>2025-07-31T12:46:33.905Z</Time><Position><LatitudeDegrees>43.34283</LatitudeDegrees><LongitudeDegrees>-2.82826</LongitudeDegrees></Position><AltitudeMeters>47.854</AltitudeMeters><DistanceMeters>3393.699951171875</DistanceMeters><HeartRateBpm><Value>149</Value></HeartRateBpm><Cadence>83</Cadence><SensorState>Present</SensorState></Trackpoint><Trackpoint><Time>2025-07-31T12:46:34.905Z</Time><Position><LatitudeDegrees>43.34285833</LatitudeDegrees><LongitudeDegrees>-2.82827333</LongitudeDegrees></Position><AltitudeMeters>47.854</AltitudeMeters><DistanceMeters>3397.199951171875</DistanceMeters><HeartRateBpm><Value>149</Value></HeartRateBpm><Cadence>84</Cadence><SensorState>Present</SensorState></Trackpoint><Trackpoint><Time>2025-07-31T12:46:35.905Z</Time><Position><LatitudeDegrees>43.34288667</LatitudeDegrees><LongitudeDegrees>-2.82829167</LongitudeDegrees></Position><AltitudeMeters>48.007</AltitudeMeters><DistanceMeters>3401.0</DistanceMeters><HeartRateBpm><Value>149</Value></HeartRateBpm><Cadence>85</Cadence><SensorState>Present</SensorState></Trackpoint><Trackpoint><Time>2025-07-31T12:46:36.905Z</Time><Position><LatitudeDegrees>43.34291667</LatitudeDegrees><LongitudeDegrees>-2.82831</LongitudeDegrees></Position><AltitudeMeters>48.007</AltitudeMeters><DistanceMeters>3404.699951171875</DistanceMeters><HeartRateBpm><Value>149</Value></HeartRateBpm><Cadence>85</Cadence><SensorState>Present</SensorState></Trackpoint><Trackpoint><Time>2025-07-31T12:46:37.905Z</Time><Position><LatitudeDegrees>43.34294667</LatitudeDegrees><LongitudeDegrees>-2.82832667</LongitudeDegrees></Position><AltitudeMeters>48.159</AltitudeMeters><DistanceMeters>3408.300048828125</DistanceMeters><HeartRateBpm><Value>148</Value></HeartRateBpm><Cadence>85</Cadence><SensorState>Present</SensorState></Trackpoint><Trackpoint><Time>2025-07-31T12:46:38.905Z</Time><Position><LatitudeDegrees>43.34297667</LatitudeDegrees><LongitudeDegrees>-2.82834</LongitudeDegrees></Position><AltitudeMeters>48.159</AltitudeMeters><DistanceMeters>3412.199951171875</DistanceMeters><HeartRateBpm><Value>147</Value></HeartRateBpm><Cadence>85</Cadence><SensorState>Present</SensorState></Trackpoint><Trackpoint><Time>2025-07-31T12:46:39.905Z</Time><Position><LatitudeDegrees>43.34300833</LatitudeDegrees><LongitudeDegrees>-2.82835167</LongitudeDegrees></Position><AltitudeMeters>48.311</AltitudeMeters><DistanceMeters>3415.89990234375</DistanceMeters><HeartRateBpm><Value>147</Value></HeartRateBpm><Cadence>85</Cadence><SensorState>Present</SensorState></Trackpoint><Trackpoint><Time>2025-07-31T12:46:40.905Z</Time><Position><LatitudeDegrees>43.34304</LatitudeDegrees><LongitudeDegrees>-2.82836667</LongitudeDegrees></Position><AltitudeMeters>48.311</AltitudeMeters><DistanceMeters>3419.5</DistanceMeters><HeartRateBpm><Value>147</Value></HeartRateBpm><Cadence>87</Cadence><SensorState>Present</SensorState></Trackpoint><Trackpoint><Time>2025-07-31T12:46:41.905Z</Time><Position><LatitudeDegrees>43.34307</LatitudeDegrees><LongitudeDegrees>-2.82838167</LongitudeDegrees></Position><AltitudeMeters>48.311</AltitudeMeters><DistanceMeters>3423.300048828125</DistanceMeters><HeartRateBpm><Value>147</Value></HeartRateBpm><Cadence>88</Cadence><SensorState>Present</SensorState></Trackpoint><Trackpoint><Time>2025-07-31T12:46:42.905Z</Time><Position><LatitudeDegrees>43.34310333</LatitudeDegrees><LongitudeDegrees>-2.82839333</LongitudeDegrees></Position><AltitudeMeters>48.464</AltitudeMeters><DistanceMeters>3427.10009765625</DistanceMeters><HeartRateBpm><Value>147</Value></HeartRateBpm><Cadence>88</Cadence><SensorState>Present</SensorState></Trackpoint><Trackpoint><Time>2025-07-31T12:46:43.905Z</Time><Position><LatitudeDegrees>43.34313667</LatitudeDegrees><LongitudeDegrees>-2.82840333</LongitudeDegrees></Position><AltitudeMeters>48.464</AltitudeMeters><DistanceMeters>3430.800048828125</DistanceMeters><HeartRateBpm><Value>146</Value></HeartRateBpm><Cadence>88</Cadence><SensorState>Present</SensorState></Trackpoint><Trackpoint><Time>2025-07-31T12:46:44.905Z</Time><Position><LatitudeDegrees>43.34317167</LatitudeDegrees><LongitudeDegrees>-2.82840833</LongitudeDegrees></Position><AltitudeMeters>48.464</AltitudeMeters><DistanceMeters>3434.699951171875</DistanceMeters><HeartRateBpm><Value>146</Value></HeartRateBpm><Cadence>88</Cadence><SensorState>Present</SensorState></Trackpoint><Trackpoint><Time>2025-07-31T12:46:45.905Z</Time><Position><LatitudeDegrees>43.34320667</LatitudeDegrees><LongitudeDegrees>-2.82840833</LongitudeDegrees></Position><AltitudeMeters>48.464</AltitudeMeters><DistanceMeters>3438.60009765625</DistanceMeters><HeartRateBpm><Value>146</Value></HeartRateBpm><Cadence>88</Cadence><SensorState>Present</SensorState></Trackpoint><Trackpoint><Time>2025-07-31T12:46:46.905Z</Time><Position><LatitudeDegrees>43.34324</LatitudeDegrees><LongitudeDegrees>-2.82841</LongitudeDegrees></Position><AltitudeMeters>48.616</AltitudeMeters><DistanceMeters>3442.60009765625</DistanceMeters><HeartRateBpm><Value>146</Value></HeartRateBpm><Cadence>88</Cadence><SensorState>Present</SensorState></Trackpoint><Trackpoint><Time>2025-07-31T12:46:47.905Z</Time><Position><LatitudeDegrees>43.343275</LatitudeDegrees><LongitudeDegrees>-2.82841</LongitudeDegrees></Position><AltitudeMeters>48.464</AltitudeMeters><DistanceMeters>3446.5</DistanceMeters><HeartRateBpm><Value>146</Value></HeartRateBpm><Cadence>89</Cadence><SensorState>Present</SensorState></Trackpoint><Trackpoint><Time>2025-07-31T12:46:48.905Z</Time><Position><LatitudeDegrees>43.34331</LatitudeDegrees><LongitudeDegrees>-2.82841</LongitudeDegrees></Position><AltitudeMeters>48.464</AltitudeMeters><DistanceMeters>3450.300048828125</DistanceMeters><HeartRateBpm><Value>145</Value></HeartRateBpm><Cadence>89</Cadence><SensorState>Present</SensorState></Trackpoint><Trackpoint><Time>2025-07-31T12:46:49.905Z</Time><Position><LatitudeDegrees>43.34334333</LatitudeDegrees><LongitudeDegrees>-2.82840667</LongitudeDegrees></Position><AltitudeMeters>48.464</AltitudeMeters><DistanceMeters>3454.199951171875</DistanceMeters><HeartRateBpm><Value>145</Value></HeartRateBpm><Cadence>90</Cadence><SensorState>Present</SensorState></Trackpoint><Trackpoint><Time>2025-07-31T12:46:50.905Z</Time><Position><LatitudeDegrees>43.343375</LatitudeDegrees><LongitudeDegrees>-2.82840333</LongitudeDegrees></Position><AltitudeMeters>48.464</AltitudeMeters><DistanceMeters>3458.199951171875</DistanceMeters><HeartRateBpm><Value>144</Value></HeartRateBpm><Cadence>90</Cadence><SensorState>Present</SensorState></Trackpoint><Trackpoint><Time>2025-07-31T12:46:51.905Z</Time><Position><LatitudeDegrees>43.34340667</LatitudeDegrees><LongitudeDegrees>-2.82840333</LongitudeDegrees></Position><AltitudeMeters>48.464</AltitudeMeters><DistanceMeters>3461.89990234375</DistanceMeters><HeartRateBpm><Value>143</Value></HeartRateBpm><Cadence>89</Cadence><SensorState>Present</SensorState></Trackpoint><Trackpoint><Time>2025-07-31T12:46:52.905Z</Time><Position><LatitudeDegrees>43.34343667</LatitudeDegrees><LongitudeDegrees>-2.82840333</LongitudeDegrees></Position><AltitudeMeters>48.311</AltitudeMeters><DistanceMeters>3465.699951171875</DistanceMeters><HeartRateBpm><Value>142</Value></HeartRateBpm><Cadence>89</Cadence><SensorState>Present</SensorState></Trackpoint><Trackpoint><Time>2025-07-31T12:46:53.905Z</Time><Position><LatitudeDegrees>43.34346667</LatitudeDegrees><LongitudeDegrees>-2.82840333</LongitudeDegrees></Position><AltitudeMeters>48.311</AltitudeMeters><DistanceMeters>3469.39990234375</DistanceMeters><HeartRateBpm><Value>142</Value></HeartRateBpm><Cadence>89</Cadence><SensorState>Present</SensorState></Trackpoint><Trackpoint><Time>2025-07-31T12:46:54.905Z</Time><Position><LatitudeDegrees>43.34349667</LatitudeDegrees><LongitudeDegrees>-2.828405</LongitudeDegrees></Position><AltitudeMeters>48.159</AltitudeMeters><DistanceMeters>3472.800048828125</DistanceMeters><HeartRateBpm><Value>141</Value></HeartRateBpm><Cadence>89</Cadence><SensorState>Present</SensorState></Trackpoint><Trackpoint><Time>2025-07-31T12:46:55.905Z</Time><Position><LatitudeDegrees>43.34352833</LatitudeDegrees><LongitudeDegrees>-2.82841167</LongitudeDegrees></Position><AltitudeMeters>48.007</AltitudeMeters><DistanceMeters>3476.0</DistanceMeters><HeartRateBpm><Value>141</Value></HeartRateBpm><Cadence>89</Cadence><SensorState>Present</SensorState></Trackpoint><Trackpoint><Time>2025-07-31T12:46:56.905Z</Time><Position><LatitudeDegrees>43.34356167</LatitudeDegrees><LongitudeDegrees>-2.82842</LongitudeDegrees></Position><AltitudeMeters>48.007</AltitudeMeters><DistanceMeters>3479.39990234375</DistanceMeters><HeartRateBpm><Value>140</Value></HeartRateBpm><Cadence>89</Cadence><SensorState>Present</SensorState></Trackpoint><Trackpoint><Time>2025-07-31T12:46:57.905Z</Time><Position><LatitudeDegrees>43.34359333</LatitudeDegrees><LongitudeDegrees>-2.82842667</LongitudeDegrees></Position><AltitudeMeters>47.854</AltitudeMeters><DistanceMeters>3482.699951171875</DistanceMeters><HeartRateBpm><Value>140</Value></HeartRateBpm><Cadence>89</Cadence><SensorState>Present</SensorState></Trackpoint><Trackpoint><Time>2025-07-31T12:46:58.905Z</Time><Position><LatitudeDegrees>43.343625</LatitudeDegrees><LongitudeDegrees>-2.82843333</LongitudeDegrees></Position><AltitudeMeters>47.702</AltitudeMeters><DistanceMeters>3486.10009765625</DistanceMeters><HeartRateBpm><Value>140</Value></HeartRateBpm><Cadence>89</Cadence><SensorState>Present</SensorState></Trackpoint><Trackpoint><Time>2025-07-31T12:46:59.905Z</Time><Position><LatitudeDegrees>43.343655</LatitudeDegrees><LongitudeDegrees>-2.828445</LongitudeDegrees></Position><AltitudeMeters>47.549</AltitudeMeters><DistanceMeters>3489.5</DistanceMeters><HeartRateBpm><Value>140</Value></HeartRateBpm><Cadence>89</Cadence><SensorState>Present</SensorState></Trackpoint><Trackpoint><Time>2025-07-31T12:47:00.905Z</Time><Position><LatitudeDegrees>43.34368333</LatitudeDegrees><LongitudeDegrees>-2.82845833</LongitudeDegrees></Position><AltitudeMeters>47.397</AltitudeMeters><DistanceMeters>3493.0</DistanceMeters><HeartRateBpm><Value>140</Value></HeartRateBpm><Cadence>89</Cadence><SensorState>Present</SensorState></Trackpoint><Trackpoint><Time>2025-07-31T12:47:01.905Z</Time><Position><LatitudeDegrees>43.34371333</LatitudeDegrees><LongitudeDegrees>-2.82847167</LongitudeDegrees></Position><AltitudeMeters>47.245</AltitudeMeters><DistanceMeters>3496.39990234375</DistanceMeters><HeartRateBpm><Value>140</Value></HeartRateBpm><Cadence>89</Cadence><SensorState>Present</SensorState></Trackpoint><Trackpoint><Time>2025-07-31T12:47:02.905Z</Time><Position><LatitudeDegrees>43.34374</LatitudeDegrees><LongitudeDegrees>-2.82848667</LongitudeDegrees></Position><AltitudeMeters>47.092</AltitudeMeters><DistanceMeters>3500.0</DistanceMeters><HeartRateBpm><Value>139</Value></HeartRateBpm><Cadence>89</Cadence><SensorState>Present</SensorState></Trackpoint><Trackpoint><Time>2025-07-31T12:47:03.905Z</Time><Position><LatitudeDegrees>43.343765</LatitudeDegrees><LongitudeDegrees>-2.828505</LongitudeDegrees></Position><AltitudeMeters>46.94</AltitudeMeters><DistanceMeters>3503.5</DistanceMeters><HeartRateBpm><Value>139</Value></HeartRateBpm><Cadence>89</Cadence><SensorState>Present</SensorState></Trackpoint><Trackpoint><Time>2025-07-31T12:47:04.905Z</Time><Position><LatitudeDegrees>43.34379167</LatitudeDegrees><LongitudeDegrees>-2.828525</LongitudeDegrees></Position><AltitudeMeters>46.94</AltitudeMeters><DistanceMeters>3506.800048828125</DistanceMeters><HeartRateBpm><Value>139</Value></HeartRateBpm><Cadence>89</Cadence><SensorState>Present</SensorState></Trackpoint><Trackpoint><Time>2025-07-31T12:47:05.905Z</Time><Position><LatitudeDegrees>43.34381667</LatitudeDegrees><LongitudeDegrees>-2.82854667</LongitudeDegrees></Position><AltitudeMeters>46.787</AltitudeMeters><DistanceMeters>3510.199951171875</DistanceMeters><HeartRateBpm><Value>139</Value></HeartRateBpm><Cadence>89</Cadence><SensorState>Present</SensorState></Trackpoint><Trackpoint><Time>2025-07-31T12:47:06.905Z</Time><Position><LatitudeDegrees>43.34384</LatitudeDegrees><LongitudeDegrees>-2.82856667</LongitudeDegrees></Position><AltitudeMeters>46.635</AltitudeMeters><DistanceMeters>3513.5</DistanceMeters><HeartRateBpm><Value>138</Value></HeartRateBpm><Cadence>89</Cadence><SensorState>Present</SensorState></Trackpoint><Trackpoint><Time>2025-07-31T12:47:07.905Z</Time><Position><LatitudeDegrees>43.343865</LatitudeDegrees><LongitudeDegrees>-2.828585</LongitudeDegrees></Position><AltitudeMeters>46.483</AltitudeMeters><DistanceMeters>3516.60009765625</DistanceMeters><HeartRateBpm><Value>138</Value></HeartRateBpm><Cadence>86</Cadence><SensorState>Present</SensorState></Trackpoint><Trackpoint><Time>2025-07-31T12:47:08.905Z</Time><Position><LatitudeDegrees>43.34389</LatitudeDegrees><LongitudeDegrees>-2.82860167</LongitudeDegrees></Position><AltitudeMeters>46.33</AltitudeMeters><DistanceMeters>3519.60009765625</DistanceMeters><HeartRateBpm><Value>138</Value></HeartRateBpm><Cadence>86</Cadence><SensorState>Present</SensorState></Trackpoint><Trackpoint><Time>2025-07-31T12:47:09.905Z</Time><Position><LatitudeDegrees>43.343915</LatitudeDegrees><LongitudeDegrees>-2.82861667</LongitudeDegrees></Position><AltitudeMeters>46.178</AltitudeMeters><DistanceMeters>3522.699951171875</DistanceMeters><HeartRateBpm><Value>137</Value></HeartRateBpm><Cadence>86</Cadence><SensorState>Present</SensorState></Trackpoint><Trackpoint><Time>2025-07-31T12:47:10.905Z</Time><Position><LatitudeDegrees>43.34394</LatitudeDegrees><LongitudeDegrees>-2.828635</LongitudeDegrees></Position><AltitudeMeters>46.025</AltitudeMeters><DistanceMeters>3525.699951171875</DistanceMeters><HeartRateBpm><Value>137</Value></HeartRateBpm><Cadence>86</Cadence><SensorState>Present</SensorState></Trackpoint><Trackpoint><Time>2025-07-31T12:47:11.905Z</Time><Position><LatitudeDegrees>43.343965</LatitudeDegrees><LongitudeDegrees>-2.82865167</LongitudeDegrees></Position><AltitudeMeters>46.025</AltitudeMeters><DistanceMeters>3528.699951171875</DistanceMeters><HeartRateBpm><Value>137</Value></HeartRateBpm><Cadence>86</Cadence><SensorState>Present</SensorState></Trackpoint><Trackpoint><Time>2025-07-31T12:47:12.905Z</Time><Position><LatitudeDegrees>43.34399</LatitudeDegrees><LongitudeDegrees>-2.82866667</LongitudeDegrees></Position><AltitudeMeters>45.873</AltitudeMeters><DistanceMeters>3531.699951171875</DistanceMeters><HeartRateBpm><Value>137</Value></HeartRateBpm><Cadence>86</Cadence><SensorState>Present</SensorState></Trackpoint><Trackpoint><Time>2025-07-31T12:47:13.905Z</Time><Position><LatitudeDegrees>43.344015</LatitudeDegrees><LongitudeDegrees>-2.82868333</LongitudeDegrees></Position><AltitudeMeters>45.721</AltitudeMeters><DistanceMeters>3534.800048828125</DistanceMeters><HeartRateBpm><Value>137</Value></HeartRateBpm><Cadence>86</Cadence><SensorState>Present</SensorState></Trackpoint><Trackpoint><Time>2025-07-31T12:47:14.905Z</Time><Position><LatitudeDegrees>43.34404</LatitudeDegrees><LongitudeDegrees>-2.82870333</LongitudeDegrees></Position><AltitudeMeters>45.568</AltitudeMeters><DistanceMeters>3537.89990234375</DistanceMeters><HeartRateBpm><Value>137</Value></HeartRateBpm><Cadence>86</Cadence><SensorState>Present</SensorState></Trackpoint><Trackpoint><Time>2025-07-31T12:47:15.905Z</Time><Position><LatitudeDegrees>43.344065</LatitudeDegrees><LongitudeDegrees>-2.82872167</LongitudeDegrees></Position><AltitudeMeters>45.568</AltitudeMeters><DistanceMeters>3540.89990234375</DistanceMeters><HeartRateBpm><Value>136</Value></HeartRateBpm><Cadence>86</Cadence><SensorState>Present</SensorState></Trackpoint><Trackpoint><Time>2025-07-31T12:47:16.905Z</Time><Position><LatitudeDegrees>43.34409</LatitudeDegrees><LongitudeDegrees>-2.82874</LongitudeDegrees></Position><AltitudeMeters>45.416</AltitudeMeters><DistanceMeters>3543.89990234375</DistanceMeters><HeartRateBpm><Value>136</Value></HeartRateBpm><Cadence>86</Cadence><SensorState>Present</SensorState></Trackpoint><Trackpoint><Time>2025-07-31T12:47:17.905Z</Time><Position><LatitudeDegrees>43.344115</LatitudeDegrees><LongitudeDegrees>-2.828755</LongitudeDegrees></Position><AltitudeMeters>45.263</AltitudeMeters><DistanceMeters>3547.10009765625</DistanceMeters><HeartRateBpm><Value>136</Value></HeartRateBpm><Cadence>87</Cadence><SensorState>Present</SensorState></Trackpoint><Trackpoint><Time>2025-07-31T12:47:18.905Z</Time><Position><LatitudeDegrees>43.34414</LatitudeDegrees><LongitudeDegrees>-2.82876667</LongitudeDegrees></Position><AltitudeMeters>45.111</AltitudeMeters><DistanceMeters>3550.300048828125</DistanceMeters><HeartRateBpm><Value>136</Value></HeartRateBpm><Cadence>87</Cadence><SensorState>Present</SensorState></Trackpoint><Trackpoint><Time>2025-07-31T12:47:19.905Z</Time><Position><LatitudeDegrees>43.344165</LatitudeDegrees><LongitudeDegrees>-2.82878</LongitudeDegrees></Position><AltitudeMeters>44.959</AltitudeMeters><DistanceMeters>3553.300048828125</DistanceMeters><HeartRateBpm><Value>136</Value></HeartRateBpm><Cadence>88</Cadence><SensorState>Present</SensorState></Trackpoint><Trackpoint><Time>2025-07-31T12:47:20.905Z</Time><Position><LatitudeDegrees>43.34419</LatitudeDegrees><LongitudeDegrees>-2.82879167</LongitudeDegrees></Position><AltitudeMeters>44.806</AltitudeMeters><DistanceMeters>3556.300048828125</DistanceMeters><HeartRateBpm><Value>136</Value></HeartRateBpm><Cadence>87</Cadence><SensorState>Present</SensorState></Trackpoint><Trackpoint><Time>2025-07-31T12:47:21.905Z</Time><Position><LatitudeDegrees>43.34421333</LatitudeDegrees><LongitudeDegrees>-2.828805</LongitudeDegrees></Position><AltitudeMeters>44.806</AltitudeMeters><DistanceMeters>3559.300048828125</DistanceMeters><HeartRateBpm><Value>136</Value></HeartRateBpm><Cadence>86</Cadence><SensorState>Present</SensorState></Trackpoint><Trackpoint><Time>2025-07-31T12:47:22.905Z</Time><Position><LatitudeDegrees>43.34423833</LatitudeDegrees><LongitudeDegrees>-2.82882</LongitudeDegrees></Position><AltitudeMeters>44.654</AltitudeMeters><DistanceMeters>3562.300048828125</DistanceMeters><HeartRateBpm><Value>137</Value></HeartRateBpm><Cadence>86</Cadence><SensorState>Present</SensorState></Trackpoint><Trackpoint><Time>2025-07-31T12:47:23.905Z</Time><Position><LatitudeDegrees>43.34426167</LatitudeDegrees><LongitudeDegrees>-2.82883667</LongitudeDegrees></Position><AltitudeMeters>44.501</AltitudeMeters><DistanceMeters>3565.300048828125</DistanceMeters><HeartRateBpm><Value>137</Value></HeartRateBpm><Cadence>86</Cadence><SensorState>Present</SensorState></Trackpoint><Trackpoint><Time>2025-07-31T12:47:24.905Z</Time><Position><LatitudeDegrees>43.34428333</LatitudeDegrees><LongitudeDegrees>-2.828855</LongitudeDegrees></Position><AltitudeMeters>44.349</AltitudeMeters><DistanceMeters>3568.300048828125</DistanceMeters><HeartRateBpm><Value>137</Value></HeartRateBpm><Cadence>86</Cadence><SensorState>Present</SensorState></Trackpoint><Trackpoint><Time>2025-07-31T12:47:25.905Z</Time><Position><LatitudeDegrees>43.34430667</LatitudeDegrees><LongitudeDegrees>-2.82887333</LongitudeDegrees></Position><AltitudeMeters>44.197</AltitudeMeters><DistanceMeters>3571.0</DistanceMeters><HeartRateBpm><Value>137</Value></HeartRateBpm><Cadence>88</Cadence><SensorState>Present</SensorState></Trackpoint><Trackpoint><Time>2025-07-31T12:47:26.905Z</Time><Position><LatitudeDegrees>43.34433</LatitudeDegrees><LongitudeDegrees>-2.82889167</LongitudeDegrees></Position><AltitudeMeters>44.044</AltitudeMeters><DistanceMeters>3573.800048828125</DistanceMeters><HeartRateBpm><Value>137</Value></HeartRateBpm><Cadence>88</Cadence><SensorState>Present</SensorState></Trackpoint><Trackpoint><Time>2025-07-31T12:47:27.905Z</Time><Position><LatitudeDegrees>43.34435333</LatitudeDegrees><LongitudeDegrees>-2.82891167</LongitudeDegrees></Position><AltitudeMeters>44.044</AltitudeMeters><DistanceMeters>3576.699951171875</DistanceMeters><HeartRateBpm><Value>137</Value></HeartRateBpm><Cadence>88</Cadence><SensorState>Present</SensorState></Trackpoint><Trackpoint><Time>2025-07-31T12:47:28.905Z</Time><Position><LatitudeDegrees>43.34437667</LatitudeDegrees><LongitudeDegrees>-2.82893</LongitudeDegrees></Position><AltitudeMeters>43.892</AltitudeMeters><DistanceMeters>3579.60009765625</DistanceMeters><HeartRateBpm><Value>137</Value></HeartRateBpm><Cadence>86</Cadence><SensorState>Present</SensorState></Trackpoint><Trackpoint><Time>2025-07-31T12:47:29.905Z</Time><Position><LatitudeDegrees>43.3444</LatitudeDegrees><LongitudeDegrees>-2.82894667</LongitudeDegrees></Position><AltitudeMeters>43.739</AltitudeMeters><DistanceMeters>3582.800048828125</DistanceMeters><HeartRateBpm><Value>137</Value></HeartRateBpm><Cadence>87</Cadence><SensorState>Present</SensorState></Trackpoint><Trackpoint><Time>2025-07-31T12:47:30.905Z</Time><Position><LatitudeDegrees>43.34442333</LatitudeDegrees><LongitudeDegrees>-2.82896167</LongitudeDegrees></Position><AltitudeMeters>43.739</AltitudeMeters><DistanceMeters>3585.699951171875</DistanceMeters><HeartRateBpm><Value>137</Value></HeartRateBpm><Cadence>86</Cadence><SensorState>Present</SensorState></Trackpoint><Trackpoint><Time>2025-07-31T12:47:31.905Z</Time><Position><LatitudeDegrees>43.344445</LatitudeDegrees><LongitudeDegrees>-2.82897667</LongitudeDegrees></Position><AltitudeMeters>43.587</AltitudeMeters><DistanceMeters>3588.60009765625</DistanceMeters><HeartRateBpm><Value>137</Value></HeartRateBpm><Cadence>87</Cadence><SensorState>Present</SensorState></Trackpoint><Trackpoint><Time>2025-07-31T12:47:32.905Z</Time><Position><LatitudeDegrees>43.34446833</LatitudeDegrees><LongitudeDegrees>-2.82898833</LongitudeDegrees></Position><AltitudeMeters>43.587</AltitudeMeters><DistanceMeters>3591.699951171875</DistanceMeters><HeartRateBpm><Value>137</Value></HeartRateBpm><Cadence>86</Cadence><SensorState>Present</SensorState></Trackpoint><Trackpoint><Time>2025-07-31T12:47:33.905Z</Time><Position><LatitudeDegrees>43.34449167</LatitudeDegrees><LongitudeDegrees>-2.82900333</LongitudeDegrees></Position><AltitudeMeters>43.435</AltitudeMeters><DistanceMeters>3594.39990234375</DistanceMeters><HeartRateBpm><Value>137</Value></HeartRateBpm><Cadence>86</Cadence><SensorState>Present</SensorState></Trackpoint><Trackpoint><Time>2025-07-31T12:47:34.905Z</Time><Position><LatitudeDegrees>43.34451333</LatitudeDegrees><LongitudeDegrees>-2.82902333</LongitudeDegrees></Position><AltitudeMeters>43.435</AltitudeMeters><DistanceMeters>3597.10009765625</DistanceMeters><HeartRateBpm><Value>136</Value></HeartRateBpm><Cadence>87</Cadence><SensorState>Present</SensorState></Trackpoint><Trackpoint><Time>2025-07-31T12:47:35.905Z</Time><Position><LatitudeDegrees>43.344535</LatitudeDegrees><LongitudeDegrees>-2.82904333</LongitudeDegrees></Position><AltitudeMeters>43.282</AltitudeMeters><DistanceMeters>3600.10009765625</DistanceMeters><HeartRateBpm><Value>136</Value></HeartRateBpm><Cadence>87</Cadence><SensorState>Present</SensorState></Trackpoint><Trackpoint><Time>2025-07-31T12:47:36.905Z</Time><Position><LatitudeDegrees>43.34455333</LatitudeDegrees><LongitudeDegrees>-2.82906667</LongitudeDegrees></Position><AltitudeMeters>43.282</AltitudeMeters><DistanceMeters>3602.89990234375</DistanceMeters><HeartRateBpm><Value>137</Value></HeartRateBpm><Cadence>88</Cadence><SensorState>Present</SensorState></Trackpoint><Trackpoint><Time>2025-07-31T12:47:37.905Z</Time><Position><LatitudeDegrees>43.34457167</LatitudeDegrees><LongitudeDegrees>-2.82909167</LongitudeDegrees></Position><AltitudeMeters>43.13</AltitudeMeters><DistanceMeters>3605.699951171875</DistanceMeters><HeartRateBpm><Value>137</Value></HeartRateBpm><Cadence>87</Cadence><SensorState>Present</SensorState></Trackpoint><Trackpoint><Time>2025-07-31T12:47:38.905Z</Time><Position><LatitudeDegrees>43.34458667</LatitudeDegrees><LongitudeDegrees>-2.82911667</LongitudeDegrees></Position><AltitudeMeters>43.13</AltitudeMeters><DistanceMeters>3608.39990234375</DistanceMeters><HeartRateBpm><Value>137</Value></HeartRateBpm><Cadence>86</Cadence><SensorState>Present</SensorState></Trackpoint><Trackpoint><Time>2025-07-31T12:47:39.905Z</Time><Position><LatitudeDegrees>43.344595</LatitudeDegrees><LongitudeDegrees>-2.82914333</LongitudeDegrees></Position><AltitudeMeters>42.977</AltitudeMeters><DistanceMeters>3611.199951171875</DistanceMeters><HeartRateBpm><Value>137</Value></HeartRateBpm><Cadence>86</Cadence><SensorState>Present</SensorState></Trackpoint><Trackpoint><Time>2025-07-31T12:47:40.905Z</Time><Position><LatitudeDegrees>43.34460833</LatitudeDegrees><LongitudeDegrees>-2.82916833</LongitudeDegrees></Position><AltitudeMeters>42.977</AltitudeMeters><DistanceMeters>3613.800048828125</DistanceMeters><HeartRateBpm><Value>137</Value></HeartRateBpm><Cadence>85</Cadence><SensorState>Present</SensorState></Trackpoint><Trackpoint><Time>2025-07-31T12:47:41.905Z</Time><Position><LatitudeDegrees>43.34462167</LatitudeDegrees><LongitudeDegrees>-2.82919167</LongitudeDegrees></Position><AltitudeMeters>42.825</AltitudeMeters><DistanceMeters>3616.10009765625</DistanceMeters><HeartRateBpm><Value>137</Value></HeartRateBpm><Cadence>84</Cadence><SensorState>Present</SensorState></Trackpoint><Trackpoint><Time>2025-07-31T12:47:42.905Z</Time><Position><LatitudeDegrees>43.344635</LatitudeDegrees><LongitudeDegrees>-2.829215</LongitudeDegrees></Position><AltitudeMeters>42.825</AltitudeMeters><DistanceMeters>3618.60009765625</DistanceMeters><HeartRateBpm><Value>137</Value></HeartRateBpm><Cadence>84</Cadence><SensorState>Present</SensorState></Trackpoint><Trackpoint><Time>2025-07-31T12:47:43.905Z</Time><Position><LatitudeDegrees>43.344645</LatitudeDegrees><LongitudeDegrees>-2.82924</LongitudeDegrees></Position><AltitudeMeters>42.673</AltitudeMeters><DistanceMeters>3621.0</DistanceMeters><HeartRateBpm><Value>137</Value></HeartRateBpm><Cadence>84</Cadence><SensorState>Present</SensorState></Trackpoint><Trackpoint><Time>2025-07-31T12:47:44.905Z</Time><Position><LatitudeDegrees>43.344655</LatitudeDegrees><LongitudeDegrees>-2.82926833</LongitudeDegrees></Position><AltitudeMeters>42.673</AltitudeMeters><DistanceMeters>3623.300048828125</DistanceMeters><HeartRateBpm><Value>138</Value></HeartRateBpm><Cadence>84</Cadence><SensorState>Present</SensorState></Trackpoint><Trackpoint><Time>2025-07-31T12:47:45.905Z</Time><Position><LatitudeDegrees>43.34466667</LatitudeDegrees><LongitudeDegrees>-2.82929667</LongitudeDegrees></Position><AltitudeMeters>42.673</AltitudeMeters><DistanceMeters>3625.39990234375</DistanceMeters><HeartRateBpm><Value>138</Value></HeartRateBpm><Cadence>84</Cadence><SensorState>Present</SensorState></Trackpoint><Trackpoint><Time>2025-07-31T12:47:46.905Z</Time><Position><LatitudeDegrees>43.34467833</LatitudeDegrees><LongitudeDegrees>-2.82932167</LongitudeDegrees></Position><AltitudeMeters>42.673</AltitudeMeters><DistanceMeters>3627.699951171875</DistanceMeters><HeartRateBpm><Value>138</Value></HeartRateBpm><Cadence>83</Cadence><SensorState>Present</SensorState></Trackpoint><Trackpoint><Time>2025-07-31T12:47:47.905Z</Time><Position><LatitudeDegrees>43.34468833</LatitudeDegrees><LongitudeDegrees>-2.82934667</LongitudeDegrees></Position><AltitudeMeters>42.673</AltitudeMeters><DistanceMeters>3630.10009765625</DistanceMeters><HeartRateBpm><Value>139</Value></HeartRateBpm><Cadence>82</Cadence><SensorState>Present</SensorState></Trackpoint><Trackpoint><Time>2025-07-31T12:47:48.905Z</Time><Position><LatitudeDegrees>43.3447</LatitudeDegrees><LongitudeDegrees>-2.82937</LongitudeDegrees></Position><AltitudeMeters>42.673</AltitudeMeters><DistanceMeters>3632.39990234375</DistanceMeters><HeartRateBpm><Value>139</Value></HeartRateBpm><Cadence>82</Cadence><SensorState>Present</SensorState></Trackpoint><Trackpoint><Time>2025-07-31T12:47:49.905Z</Time><Position><LatitudeDegrees>43.34471</LatitudeDegrees><LongitudeDegrees>-2.82939333</LongitudeDegrees></Position><AltitudeMeters>42.673</AltitudeMeters><DistanceMeters>3634.60009765625</DistanceMeters><HeartRateBpm><Value>139</Value></HeartRateBpm><Cadence>82</Cadence><SensorState>Present</SensorState></Trackpoint><Trackpoint><Time>2025-07-31T12:47:50.905Z</Time><Position><LatitudeDegrees>43.34472167</LatitudeDegrees><LongitudeDegrees>-2.82941833</LongitudeDegrees></Position><AltitudeMeters>42.673</AltitudeMeters><DistanceMeters>3637.0</DistanceMeters><HeartRateBpm><Value>140</Value></HeartRateBpm><Cadence>83</Cadence><SensorState>Present</SensorState></Trackpoint><Trackpoint><Time>2025-07-31T12:47:51.905Z</Time><Position><LatitudeDegrees>43.34473333</LatitudeDegrees><LongitudeDegrees>-2.82944167</LongitudeDegrees></Position><AltitudeMeters>42.673</AltitudeMeters><DistanceMeters>3639.199951171875</DistanceMeters><HeartRateBpm><Value>140</Value></HeartRateBpm><Cadence>83</Cadence><SensorState>Present</SensorState></Trackpoint><Trackpoint><Time>2025-07-31T12:47:52.905Z</Time><Position><LatitudeDegrees>43.34474333</LatitudeDegrees><LongitudeDegrees>-2.82946333</LongitudeDegrees></Position><AltitudeMeters>42.673</AltitudeMeters><DistanceMeters>3641.5</DistanceMeters><HeartRateBpm><Value>139</Value></HeartRateBpm><Cadence>83</Cadence><SensorState>Present</SensorState></Trackpoint><Trackpoint><Time>2025-07-31T12:47:53.905Z</Time><Position><LatitudeDegrees>43.34475333</LatitudeDegrees><LongitudeDegrees>-2.82948833</LongitudeDegrees></Position><AltitudeMeters>42.673</AltitudeMeters><DistanceMeters>3643.89990234375</DistanceMeters><HeartRateBpm><Value>139</Value></HeartRateBpm><Cadence>83</Cadence><SensorState>Present</SensorState></Trackpoint><Trackpoint><Time>2025-07-31T12:47:54.905Z</Time><Position><LatitudeDegrees>43.34476333</LatitudeDegrees><LongitudeDegrees>-2.82951333</LongitudeDegrees></Position><AltitudeMeters>42.673</AltitudeMeters><DistanceMeters>3646.199951171875</DistanceMeters><HeartRateBpm><Value>139</Value></HeartRateBpm><Cadence>83</Cadence><SensorState>Present</SensorState></Trackpoint><Trackpoint><Time>2025-07-31T12:47:55.905Z</Time><Position><LatitudeDegrees>43.344775</LatitudeDegrees><LongitudeDegrees>-2.82953667</LongitudeDegrees></Position><AltitudeMeters>42.673</AltitudeMeters><DistanceMeters>3648.199951171875</DistanceMeters><HeartRateBpm><Value>140</Value></HeartRateBpm><Cadence>83</Cadence><SensorState>Present</SensorState></Trackpoint><Trackpoint><Time>2025-07-31T12:47:56.905Z</Time><Position><LatitudeDegrees>43.34478667</LatitudeDegrees><LongitudeDegrees>-2.82956</LongitudeDegrees></Position><AltitudeMeters>42.825</AltitudeMeters><DistanceMeters>3650.5</DistanceMeters><HeartRateBpm><Value>140</Value></HeartRateBpm><Cadence>83</Cadence><SensorState>Present</SensorState></Trackpoint><Trackpoint><Time>2025-07-31T12:47:57.905Z</Time><Position><LatitudeDegrees>43.34479667</LatitudeDegrees><LongitudeDegrees>-2.829585</LongitudeDegrees></Position><AltitudeMeters>42.825</AltitudeMeters><DistanceMeters>3652.60009765625</DistanceMeters><HeartRateBpm><Value>140</Value></HeartRateBpm><Cadence>83</Cadence><SensorState>Present</SensorState></Trackpoint><Trackpoint><Time>2025-07-31T12:47:58.905Z</Time><Position><LatitudeDegrees>43.34480667</LatitudeDegrees><LongitudeDegrees>-2.82960833</LongitudeDegrees></Position><AltitudeMeters>42.825</AltitudeMeters><DistanceMeters>3654.89990234375</DistanceMeters><HeartRateBpm><Value>140</Value></HeartRateBpm><Cadence>83</Cadence><SensorState>Present</SensorState></Trackpoint><Trackpoint><Time>2025-07-31T12:47:59.905Z</Time><Position><LatitudeDegrees>43.34481333</LatitudeDegrees><LongitudeDegrees>-2.82963167</LongitudeDegrees></Position><AltitudeMeters>42.825</AltitudeMeters><DistanceMeters>3657.199951171875</DistanceMeters><HeartRateBpm><Value>141</Value></HeartRateBpm><Cadence>83</Cadence><SensorState>Present</SensorState></Trackpoint><Trackpoint><Time>2025-07-31T12:48:00.905Z</Time><Position><LatitudeDegrees>43.34482333</LatitudeDegrees><LongitudeDegrees>-2.82965333</LongitudeDegrees></Position><AltitudeMeters>42.825</AltitudeMeters><DistanceMeters>3659.39990234375</DistanceMeters><HeartRateBpm><Value>141</Value></HeartRateBpm><Cadence>83</Cadence><SensorState>Present</SensorState></Trackpoint><Trackpoint><Time>2025-07-31T12:48:01.905Z</Time><Position><LatitudeDegrees>43.34483667</LatitudeDegrees><LongitudeDegrees>-2.82967833</LongitudeDegrees></Position><AltitudeMeters>42.977</AltitudeMeters><DistanceMeters>3661.39990234375</DistanceMeters><HeartRateBpm><Value>141</Value></HeartRateBpm><Cadence>83</Cadence><SensorState>Present</SensorState></Trackpoint><Trackpoint><Time>2025-07-31T12:48:02.905Z</Time><Position><LatitudeDegrees>43.34484667</LatitudeDegrees><LongitudeDegrees>-2.8297</LongitudeDegrees></Position><AltitudeMeters>42.977</AltitudeMeters><DistanceMeters>3663.60009765625</DistanceMeters><HeartRateBpm><Value>141</Value></HeartRateBpm><Cadence>83</Cadence><SensorState>Present</SensorState></Trackpoint><Trackpoint><Time>2025-07-31T12:48:03.905Z</Time><Position><LatitudeDegrees>43.34485667</LatitudeDegrees><LongitudeDegrees>-2.82972333</LongitudeDegrees></Position><AltitudeMeters>42.977</AltitudeMeters><DistanceMeters>3666.10009765625</DistanceMeters><HeartRateBpm><Value>142</Value></HeartRateBpm><Cadence>83</Cadence><SensorState>Present</SensorState></Trackpoint><Trackpoint><Time>2025-07-31T12:48:04.905Z</Time><Position><LatitudeDegrees>43.34486667</LatitudeDegrees><LongitudeDegrees>-2.829745</LongitudeDegrees></Position><AltitudeMeters>43.13</AltitudeMeters><DistanceMeters>3668.10009765625</DistanceMeters><HeartRateBpm><Value>142</Value></HeartRateBpm><Cadence>83</Cadence><SensorState>Present</SensorState></Trackpoint><Trackpoint><Time>2025-07-31T12:48:05.905Z</Time><Position><LatitudeDegrees>43.34487667</LatitudeDegrees><LongitudeDegrees>-2.82976667</LongitudeDegrees></Position><AltitudeMeters>43.13</AltitudeMeters><DistanceMeters>3670.300048828125</DistanceMeters><HeartRateBpm><Value>143</Value></HeartRateBpm><Cadence>83</Cadence><SensorState>Present</SensorState></Trackpoint><Trackpoint><Time>2025-07-31T12:48:06.905Z</Time><Position><LatitudeDegrees>43.344885</LatitudeDegrees><LongitudeDegrees>-2.82978667</LongitudeDegrees></Position><AltitudeMeters>43.282</AltitudeMeters><DistanceMeters>3672.39990234375</DistanceMeters><HeartRateBpm><Value>143</Value></HeartRateBpm><Cadence>83</Cadence><SensorState>Present</SensorState></Trackpoint><Trackpoint><Time>2025-07-31T12:48:07.905Z</Time><Position><LatitudeDegrees>43.344895</LatitudeDegrees><LongitudeDegrees>-2.82981</LongitudeDegrees></Position><AltitudeMeters>43.282</AltitudeMeters><DistanceMeters>3674.39990234375</DistanceMeters><HeartRateBpm><Value>143</Value></HeartRateBpm><Cadence>83</Cadence><SensorState>Present</SensorState></Trackpoint><Trackpoint><Time>2025-07-31T12:48:08.905Z</Time><Position><LatitudeDegrees>43.34490667</LatitudeDegrees><LongitudeDegrees>-2.82983</LongitudeDegrees></Position><AltitudeMeters>43.282</AltitudeMeters><DistanceMeters>3676.300048828125</DistanceMeters><HeartRateBpm><Value>144</Value></HeartRateBpm><Cadence>82</Cadence><SensorState>Present</SensorState></Trackpoint><Trackpoint><Time>2025-07-31T12:48:09.905Z</Time><Position><LatitudeDegrees>43.34491833</LatitudeDegrees><LongitudeDegrees>-2.82985167</LongitudeDegrees></Position><AltitudeMeters>43.435</AltitudeMeters><DistanceMeters>3678.39990234375</DistanceMeters><HeartRateBpm><Value>144</Value></HeartRateBpm><Cadence>82</Cadence><SensorState>Present</SensorState></Trackpoint><Trackpoint><Time>2025-07-31T12:48:10.905Z</Time><Position><LatitudeDegrees>43.34493167</LatitudeDegrees><LongitudeDegrees>-2.82987167</LongitudeDegrees></Position><AltitudeMeters>43.435</AltitudeMeters><DistanceMeters>3680.5</DistanceMeters><HeartRateBpm><Value>144</Value></HeartRateBpm><Cadence>83</Cadence><SensorState>Present</SensorState></Trackpoint><Trackpoint><Time>2025-07-31T12:48:11.905Z</Time><Position><LatitudeDegrees>43.344945</LatitudeDegrees><LongitudeDegrees>-2.82989</LongitudeDegrees></Position><AltitudeMeters>43.435</AltitudeMeters><DistanceMeters>3682.699951171875</DistanceMeters><HeartRateBpm><Value>145</Value></HeartRateBpm><Cadence>83</Cadence><SensorState>Present</SensorState></Trackpoint><Trackpoint><Time>2025-07-31T12:48:12.905Z</Time><Position><LatitudeDegrees>43.34495667</LatitudeDegrees><LongitudeDegrees>-2.82991</LongitudeDegrees></Position><AltitudeMeters>43.587</AltitudeMeters><DistanceMeters>3684.60009765625</DistanceMeters><HeartRateBpm><Value>145</Value></HeartRateBpm><Cadence>82</Cadence><SensorState>Present</SensorState></Trackpoint><Trackpoint><Time>2025-07-31T12:48:13.905Z</Time><Position><LatitudeDegrees>43.34496833</LatitudeDegrees><LongitudeDegrees>-2.82993</LongitudeDegrees></Position><AltitudeMeters>43.587</AltitudeMeters><DistanceMeters>3686.89990234375</DistanceMeters><HeartRateBpm><Value>145</Value></HeartRateBpm><Cadence>83</Cadence><SensorState>Present</SensorState></Trackpoint><Trackpoint><Time>2025-07-31T12:48:14.905Z</Time><Position><LatitudeDegrees>43.34498</LatitudeDegrees><LongitudeDegrees>-2.82995</LongitudeDegrees></Position><AltitudeMeters>43.587</AltitudeMeters><DistanceMeters>3688.89990234375</DistanceMeters><HeartRateBpm><Value>145</Value></HeartRateBpm><Cadence>83</Cadence><SensorState>Present</SensorState></Trackpoint><Trackpoint><Time>2025-07-31T12:48:15.905Z</Time><Position><LatitudeDegrees>43.34499167</LatitudeDegrees><LongitudeDegrees>-2.82997333</LongitudeDegrees></Position><AltitudeMeters>43.587</AltitudeMeters><DistanceMeters>3691.0</DistanceMeters><HeartRateBpm><Value>145</Value></HeartRateBpm><Cadence>83</Cadence><SensorState>Present</SensorState></Trackpoint><Trackpoint><Time>2025-07-31T12:48:16.905Z</Time><Position><LatitudeDegrees>43.34500333</LatitudeDegrees><LongitudeDegrees>-2.82999667</LongitudeDegrees></Position><AltitudeMeters>43.739</AltitudeMeters><DistanceMeters>3693.10009765625</DistanceMeters><HeartRateBpm><Value>144</Value></HeartRateBpm><Cadence>83</Cadence><SensorState>Present</SensorState></Trackpoint><Trackpoint><Time>2025-07-31T12:48:17.905Z</Time><Position><LatitudeDegrees>43.345015</LatitudeDegrees><LongitudeDegrees>-2.83002</LongitudeDegrees></Position><AltitudeMeters>43.739</AltitudeMeters><DistanceMeters>3695.5</DistanceMeters><HeartRateBpm><Value>144</Value></HeartRateBpm><Cadence>83</Cadence><SensorState>Present</SensorState></Trackpoint><Trackpoint><Time>2025-07-31T12:48:18.905Z</Time><Position><LatitudeDegrees>43.34502667</LatitudeDegrees><LongitudeDegrees>-2.83004333</LongitudeDegrees></Position><AltitudeMeters>43.739</AltitudeMeters><DistanceMeters>3697.699951171875</DistanceMeters><HeartRateBpm><Value>145</Value></HeartRateBpm><Cadence>83</Cadence><SensorState>Present</SensorState></Trackpoint><Trackpoint><Time>2025-07-31T12:48:19.905Z</Time><Position><LatitudeDegrees>43.34503833</LatitudeDegrees><LongitudeDegrees>-2.830065</LongitudeDegrees></Position><AltitudeMeters>43.739</AltitudeMeters><DistanceMeters>3700.10009765625</DistanceMeters><HeartRateBpm><Value>145</Value></HeartRateBpm><Cadence>83</Cadence><SensorState>Present</SensorState></Trackpoint><Trackpoint><Time>2025-07-31T12:48:20.905Z</Time><Position><LatitudeDegrees>43.34505167</LatitudeDegrees><LongitudeDegrees>-2.830085</LongitudeDegrees></Position><AltitudeMeters>43.892</AltitudeMeters><DistanceMeters>3702.300048828125</DistanceMeters><HeartRateBpm><Value>145</Value></HeartRateBpm><Cadence>83</Cadence><SensorState>Present</SensorState></Trackpoint><Trackpoint><Time>2025-07-31T12:48:21.905Z</Time><Position><LatitudeDegrees>43.34506333</LatitudeDegrees><LongitudeDegrees>-2.83010667</LongitudeDegrees></Position><AltitudeMeters>43.892</AltitudeMeters><DistanceMeters>3704.5</DistanceMeters><HeartRateBpm><Value>145</Value></HeartRateBpm><Cadence>83</Cadence><SensorState>Present</SensorState></Trackpoint><Trackpoint><Time>2025-07-31T12:48:22.905Z</Time><Position><LatitudeDegrees>43.345075</LatitudeDegrees><LongitudeDegrees>-2.830125</LongitudeDegrees></Position><AltitudeMeters>44.044</AltitudeMeters><DistanceMeters>3706.699951171875</DistanceMeters><HeartRateBpm><Value>146</Value></HeartRateBpm><Cadence>83</Cadence><SensorState>Present</SensorState></Trackpoint><Trackpoint><Time>2025-07-31T12:48:23.905Z</Time><Position><LatitudeDegrees>43.34508667</LatitudeDegrees><LongitudeDegrees>-2.83014</LongitudeDegrees></Position><AltitudeMeters>44.044</AltitudeMeters><DistanceMeters>3709.10009765625</DistanceMeters><HeartRateBpm><Value>146</Value></HeartRateBpm><Cadence>84</Cadence><SensorState>Present</SensorState></Trackpoint><Trackpoint><Time>2025-07-31T12:48:24.905Z</Time><Position><LatitudeDegrees>43.34509667</LatitudeDegrees><LongitudeDegrees>-2.83015667</LongitudeDegrees></Position><AltitudeMeters>44.197</AltitudeMeters><DistanceMeters>3711.300048828125</DistanceMeters><HeartRateBpm><Value>146</Value></HeartRateBpm><Cadence>83</Cadence><SensorState>Present</SensorState></Trackpoint><Trackpoint><Time>2025-07-31T12:48:25.905Z</Time><Position><LatitudeDegrees>43.34510833</LatitudeDegrees><LongitudeDegrees>-2.830175</LongitudeDegrees></Position><AltitudeMeters>44.197</AltitudeMeters><DistanceMeters>3713.10009765625</DistanceMeters><HeartRateBpm><Value>146</Value></HeartRateBpm><Cadence>82</Cadence><SensorState>Present</SensorState></Trackpoint><Trackpoint><Time>2025-07-31T12:48:26.905Z</Time><Position><LatitudeDegrees>43.34512</LatitudeDegrees><LongitudeDegrees>-2.83019667</LongitudeDegrees></Position><AltitudeMeters>44.197</AltitudeMeters><DistanceMeters>3715.0</DistanceMeters><HeartRateBpm><Value>146</Value></HeartRateBpm><Cadence>82</Cadence><SensorState>Present</SensorState></Trackpoint><Trackpoint><Time>2025-07-31T12:48:27.905Z</Time><Position><LatitudeDegrees>43.34512667</LatitudeDegrees><LongitudeDegrees>-2.83021667</LongitudeDegrees></Position><AltitudeMeters>44.349</AltitudeMeters><DistanceMeters>3716.800048828125</DistanceMeters><HeartRateBpm><Value>146</Value></HeartRateBpm><Cadence>82</Cadence><SensorState>Present</SensorState></Trackpoint><Trackpoint><Time>2025-07-31T12:48:28.905Z</Time><Position><LatitudeDegrees>43.34513333</LatitudeDegrees><LongitudeDegrees>-2.83023833</LongitudeDegrees></Position><AltitudeMeters>44.349</AltitudeMeters><DistanceMeters>3718.60009765625</DistanceMeters><HeartRateBpm><Value>146</Value></HeartRateBpm><Cadence>83</Cadence><SensorState>Present</SensorState></Trackpoint><Trackpoint><Time>2025-07-31T12:48:29.905Z</Time><Position><LatitudeDegrees>43.34513667</LatitudeDegrees><LongitudeDegrees>-2.83026333</LongitudeDegrees></Position><AltitudeMeters>44.501</AltitudeMeters><DistanceMeters>3720.39990234375</DistanceMeters><HeartRateBpm><Value>146</Value></HeartRateBpm><Cadence>83</Cadence><SensorState>Present</SensorState></Trackpoint><Trackpoint><Time>2025-07-31T12:48:30.905Z</Time><Position><LatitudeDegrees>43.34514</LatitudeDegrees><LongitudeDegrees>-2.83029167</LongitudeDegrees></Position><AltitudeMeters>44.501</AltitudeMeters><DistanceMeters>3722.199951171875</DistanceMeters><HeartRateBpm><Value>146</Value></HeartRateBpm><Cadence>83</Cadence><SensorState>Present</SensorState></Trackpoint><Trackpoint><Time>2025-07-31T12:48:31.905Z</Time><Position><LatitudeDegrees>43.34514</LatitudeDegrees><LongitudeDegrees>-2.83031667</LongitudeDegrees></Position><AltitudeMeters>44.501</AltitudeMeters><DistanceMeters>3724.0</DistanceMeters><HeartRateBpm><Value>146</Value></HeartRateBpm><Cadence>83</Cadence><SensorState>Present</SensorState></Trackpoint><Trackpoint><Time>2025-07-31T12:48:32.905Z</Time><Position><LatitudeDegrees>43.34514167</LatitudeDegrees><LongitudeDegrees>-2.83034167</LongitudeDegrees></Position><AltitudeMeters>44.654</AltitudeMeters><DistanceMeters>3726.10009765625</DistanceMeters><HeartRateBpm><Value>145</Value></HeartRateBpm><Cadence>83</Cadence><SensorState>Present</SensorState></Trackpoint><Trackpoint><Time>2025-07-31T12:48:33.905Z</Time><Position><LatitudeDegrees>43.345145</LatitudeDegrees><LongitudeDegrees>-2.83036833</LongitudeDegrees></Position><AltitudeMeters>44.806</AltitudeMeters><DistanceMeters>3728.0</DistanceMeters><HeartRateBpm><Value>145</Value></HeartRateBpm><Cadence>83</Cadence><SensorState>Present</SensorState></Trackpoint><Trackpoint><Time>2025-07-31T12:48:34.905Z</Time><Position><LatitudeDegrees>43.34514833</LatitudeDegrees><LongitudeDegrees>-2.83039333</LongitudeDegrees></Position><AltitudeMeters>44.806</AltitudeMeters><DistanceMeters>3730.199951171875</DistanceMeters><HeartRateBpm><Value>145</Value></HeartRateBpm><Cadence>82</Cadence><SensorState>Present</SensorState></Trackpoint><Trackpoint><Time>2025-07-31T12:48:35.905Z</Time><Position><LatitudeDegrees>43.34515333</LatitudeDegrees><LongitudeDegrees>-2.83042167</LongitudeDegrees></Position><AltitudeMeters>44.959</AltitudeMeters><DistanceMeters>3732.39990234375</DistanceMeters><HeartRateBpm><Value>145</Value></HeartRateBpm><Cadence>83</Cadence><SensorState>Present</SensorState></Trackpoint><Trackpoint><Time>2025-07-31T12:48:36.905Z</Time><Position><LatitudeDegrees>43.34515833</LatitudeDegrees><LongitudeDegrees>-2.83044667</LongitudeDegrees></Position><AltitudeMeters>45.111</AltitudeMeters><DistanceMeters>3734.5</DistanceMeters><HeartRateBpm><Value>145</Value></HeartRateBpm><Cadence>82</Cadence><SensorState>Present</SensorState></Trackpoint><Trackpoint><Time>2025-07-31T12:48:37.905Z</Time><Position><LatitudeDegrees>43.34516167</LatitudeDegrees><LongitudeDegrees>-2.83047333</LongitudeDegrees></Position><AltitudeMeters>45.263</AltitudeMeters><DistanceMeters>3736.800048828125</DistanceMeters><HeartRateBpm><Value>145</Value></HeartRateBpm><Cadence>83</Cadence><SensorState>Present</SensorState></Trackpoint><Trackpoint><Time>2025-07-31T12:48:38.905Z</Time><Position><LatitudeDegrees>43.34516833</LatitudeDegrees><LongitudeDegrees>-2.83049833</LongitudeDegrees></Position><AltitudeMeters>45.416</AltitudeMeters><DistanceMeters>3739.10009765625</DistanceMeters><HeartRateBpm><Value>145</Value></HeartRateBpm><Cadence>83</Cadence><SensorState>Present</SensorState></Trackpoint><Trackpoint><Time>2025-07-31T12:48:39.905Z</Time><Position><LatitudeDegrees>43.34517333</LatitudeDegrees><LongitudeDegrees>-2.83052</LongitudeDegrees></Position><AltitudeMeters>45.568</AltitudeMeters><DistanceMeters>3741.5</DistanceMeters><HeartRateBpm><Value>145</Value></HeartRateBpm><Cadence>83</Cadence><SensorState>Present</SensorState></Trackpoint><Trackpoint><Time>2025-07-31T12:48:40.905Z</Time><Position><LatitudeDegrees>43.345175</LatitudeDegrees><LongitudeDegrees>-2.83054167</LongitudeDegrees></Position><AltitudeMeters>45.721</AltitudeMeters><DistanceMeters>3743.60009765625</DistanceMeters><HeartRateBpm><Value>145</Value></HeartRateBpm><Cadence>82</Cadence><SensorState>Present</SensorState></Trackpoint><Trackpoint><Time>2025-07-31T12:48:41.905Z</Time><Position><LatitudeDegrees>43.34518</LatitudeDegrees><LongitudeDegrees>-2.830565</LongitudeDegrees></Position><AltitudeMeters>45.873</AltitudeMeters><DistanceMeters>3745.5</DistanceMeters><HeartRateBpm><Value>145</Value></HeartRateBpm><Cadence>83</Cadence><SensorState>Present</SensorState></Trackpoint><Trackpoint><Time>2025-07-31T12:48:42.905Z</Time><Position><LatitudeDegrees>43.345185</LatitudeDegrees><LongitudeDegrees>-2.83059</LongitudeDegrees></Position><AltitudeMeters>46.025</AltitudeMeters><DistanceMeters>3747.39990234375</DistanceMeters><HeartRateBpm><Value>145</Value></HeartRateBpm><Cadence>83</Cadence><SensorState>Present</SensorState></Trackpoint><Trackpoint><Time>2025-07-31T12:48:43.905Z</Time><Position><LatitudeDegrees>43.34519</LatitudeDegrees><LongitudeDegrees>-2.830615</LongitudeDegrees></Position><AltitudeMeters>46.178</AltitudeMeters><DistanceMeters>3749.5</DistanceMeters><HeartRateBpm><Value>144</Value></HeartRateBpm><Cadence>83</Cadence><SensorState>Present</SensorState></Trackpoint><Trackpoint><Time>2025-07-31T12:48:44.905Z</Time><Position><LatitudeDegrees>43.34519333</LatitudeDegrees><LongitudeDegrees>-2.83064</LongitudeDegrees></Position><AltitudeMeters>46.33</AltitudeMeters><DistanceMeters>3751.5</DistanceMeters><HeartRateBpm><Value>144</Value></HeartRateBpm><Cadence>83</Cadence><SensorState>Present</SensorState></Trackpoint><Trackpoint><Time>2025-07-31T12:48:45.905Z</Time><Position><LatitudeDegrees>43.345195</LatitudeDegrees><LongitudeDegrees>-2.83066667</LongitudeDegrees></Position><AltitudeMeters>46.483</AltitudeMeters><DistanceMeters>3753.60009765625</DistanceMeters><HeartRateBpm><Value>144</Value></HeartRateBpm><Cadence>83</Cadence><SensorState>Present</SensorState></Trackpoint><Trackpoint><Time>2025-07-31T12:48:46.905Z</Time><Position><LatitudeDegrees>43.34519833</LatitudeDegrees><LongitudeDegrees>-2.83069167</LongitudeDegrees></Position><AltitudeMeters>46.635</AltitudeMeters><DistanceMeters>3755.5</DistanceMeters><HeartRateBpm><Value>144</Value></HeartRateBpm><Cadence>83</Cadence><SensorState>Present</SensorState></Trackpoint><Trackpoint><Time>2025-07-31T12:48:47.905Z</Time><Position><LatitudeDegrees>43.34520167</LatitudeDegrees><LongitudeDegrees>-2.83071667</LongitudeDegrees></Position><AltitudeMeters>46.787</AltitudeMeters><DistanceMeters>3757.39990234375</DistanceMeters><HeartRateBpm><Value>144</Value></HeartRateBpm><Cadence>83</Cadence><SensorState>Present</SensorState></Trackpoint><Trackpoint><Time>2025-07-31T12:48:48.905Z</Time><Position><LatitudeDegrees>43.345205</LatitudeDegrees><LongitudeDegrees>-2.83074</LongitudeDegrees></Position><AltitudeMeters>46.94</AltitudeMeters><DistanceMeters>3759.39990234375</DistanceMeters><HeartRateBpm><Value>144</Value></HeartRateBpm><Cadence>83</Cadence><SensorState>Present</SensorState></Trackpoint><Trackpoint><Time>2025-07-31T12:48:49.905Z</Time><Position><LatitudeDegrees>43.34520833</LatitudeDegrees><LongitudeDegrees>-2.83076667</LongitudeDegrees></Position><AltitudeMeters>47.092</AltitudeMeters><DistanceMeters>3761.39990234375</DistanceMeters><HeartRateBpm><Value>144</Value></HeartRateBpm><Cadence>82</Cadence><SensorState>Present</SensorState></Trackpoint><Trackpoint><Time>2025-07-31T12:48:50.905Z</Time><Position><LatitudeDegrees>43.34520833</LatitudeDegrees><LongitudeDegrees>-2.83079</LongitudeDegrees></Position><AltitudeMeters>47.092</AltitudeMeters><DistanceMeters>3763.60009765625</DistanceMeters><HeartRateBpm><Value>144</Value></HeartRateBpm><Cadence>82</Cadence><SensorState>Present</SensorState></Trackpoint><Trackpoint><Time>2025-07-31T12:48:51.905Z</Time><Position><LatitudeDegrees>43.34521</LatitudeDegrees><LongitudeDegrees>-2.83081333</LongitudeDegrees></Position><AltitudeMeters>47.397</AltitudeMeters><DistanceMeters>3765.800048828125</DistanceMeters><HeartRateBpm><Value>144</Value></HeartRateBpm><Cadence>82</Cadence><SensorState>Present</SensorState></Trackpoint><Trackpoint><Time>2025-07-31T12:48:52.905Z</Time><Position><LatitudeDegrees>43.34521167</LatitudeDegrees><LongitudeDegrees>-2.83083667</LongitudeDegrees></Position><AltitudeMeters>47.549</AltitudeMeters><DistanceMeters>3767.800048828125</DistanceMeters><HeartRateBpm><Value>144</Value></HeartRateBpm><Cadence>83</Cadence><SensorState>Present</SensorState></Trackpoint><Trackpoint><Time>2025-07-31T12:48:53.905Z</Time><Position><LatitudeDegrees>43.345215</LatitudeDegrees><LongitudeDegrees>-2.83086</LongitudeDegrees></Position><AltitudeMeters>47.702</AltitudeMeters><DistanceMeters>3769.89990234375</DistanceMeters><HeartRateBpm><Value>144</Value></HeartRateBpm><Cadence>83</Cadence><SensorState>Present</SensorState></Trackpoint><Trackpoint><Time>2025-07-31T12:48:54.905Z</Time><Position><LatitudeDegrees>43.34522</LatitudeDegrees><LongitudeDegrees>-2.830885</LongitudeDegrees></Position><AltitudeMeters>47.854</AltitudeMeters><DistanceMeters>3771.800048828125</DistanceMeters><HeartRateBpm><Value>143</Value></HeartRateBpm><Cadence>82</Cadence><SensorState>Present</SensorState></Trackpoint><Trackpoint><Time>2025-07-31T12:48:55.905Z</Time><Position><LatitudeDegrees>43.345225</LatitudeDegrees><LongitudeDegrees>-2.83090833</LongitudeDegrees></Position><AltitudeMeters>48.007</AltitudeMeters><DistanceMeters>3773.60009765625</DistanceMeters><HeartRateBpm><Value>143</Value></HeartRateBpm><Cadence>82</Cadence><SensorState>Present</SensorState></Trackpoint><Trackpoint><Time>2025-07-31T12:48:56.905Z</Time><Position><LatitudeDegrees>43.345225</LatitudeDegrees><LongitudeDegrees>-2.83090833</LongitudeDegrees></Position><AltitudeMeters>48.159</AltitudeMeters><DistanceMeters>3775.60009765625</DistanceMeters><HeartRateBpm><Value>143</Value></HeartRateBpm><Cadence>82</Cadence><SensorState>Present</SensorState></Trackpoint><Trackpoint><Time>2025-07-31T12:48:57.905Z</Time><Position><LatitudeDegrees>43.34523833</LatitudeDegrees><LongitudeDegrees>-2.83095833</LongitudeDegrees></Position><AltitudeMeters>48.464</AltitudeMeters><DistanceMeters>3777.39990234375</DistanceMeters><HeartRateBpm><Value>144</Value></HeartRateBpm><Cadence>82</Cadence><SensorState>Present</SensorState></Trackpoint><Trackpoint><Time>2025-07-31T12:48:58.905Z</Time><Position><LatitudeDegrees>43.34524667</LatitudeDegrees><LongitudeDegrees>-2.83098333</LongitudeDegrees></Position><AltitudeMeters>48.616</AltitudeMeters><DistanceMeters>3779.39990234375</DistanceMeters><HeartRateBpm><Value>144</Value></HeartRateBpm><Cadence>84</Cadence><SensorState>Present</SensorState></Trackpoint><Trackpoint><Time>2025-07-31T12:48:59.905Z</Time><Position><LatitudeDegrees>43.34525167</LatitudeDegrees><LongitudeDegrees>-2.83100833</LongitudeDegrees></Position><AltitudeMeters>48.769</AltitudeMeters><DistanceMeters>3781.699951171875</DistanceMeters><HeartRateBpm><Value>144</Value></HeartRateBpm><Cadence>85</Cadence><SensorState>Present</SensorState></Trackpoint><Trackpoint><Time>2025-07-31T12:49:00.905Z</Time><Position><LatitudeDegrees>43.34525833</LatitudeDegrees><LongitudeDegrees>-2.83103333</LongitudeDegrees></Position><AltitudeMeters>49.073</AltitudeMeters><DistanceMeters>3783.699951171875</DistanceMeters><HeartRateBpm><Value>144</Value></HeartRateBpm><Cadence>85</Cadence><SensorState>Present</SensorState></Trackpoint><Trackpoint><Time>2025-07-31T12:49:01.905Z</Time><Position><LatitudeDegrees>43.345265</LatitudeDegrees><LongitudeDegrees>-2.83106</LongitudeDegrees></Position><AltitudeMeters>49.226</AltitudeMeters><DistanceMeters>3786.0</DistanceMeters><HeartRateBpm><Value>144</Value></HeartRateBpm><Cadence>85</Cadence><SensorState>Present</SensorState></Trackpoint><Trackpoint><Time>2025-07-31T12:49:02.905Z</Time><Position><LatitudeDegrees>43.34527167</LatitudeDegrees><LongitudeDegrees>-2.83108333</LongitudeDegrees></Position><AltitudeMeters>49.378</AltitudeMeters><DistanceMeters>3788.199951171875</DistanceMeters><HeartRateBpm><Value>145</Value></HeartRateBpm><Cadence>84</Cadence><SensorState>Present</SensorState></Trackpoint><Trackpoint><Time>2025-07-31T12:49:03.905Z</Time><Position><LatitudeDegrees>43.34528</LatitudeDegrees><LongitudeDegrees>-2.83110667</LongitudeDegrees></Position><AltitudeMeters>49.531</AltitudeMeters><DistanceMeters>3790.60009765625</DistanceMeters><HeartRateBpm><Value>145</Value></HeartRateBpm><Cadence>84</Cadence><SensorState>Present</SensorState></Trackpoint><Trackpoint><Time>2025-07-31T12:49:04.905Z</Time><Position><LatitudeDegrees>43.34528667</LatitudeDegrees><LongitudeDegrees>-2.83112833</LongitudeDegrees></Position><AltitudeMeters>49.683</AltitudeMeters><DistanceMeters>3792.800048828125</DistanceMeters><HeartRateBpm><Value>145</Value></HeartRateBpm><Cadence>83</Cadence><SensorState>Present</SensorState></Trackpoint><Trackpoint><Time>2025-07-31T12:49:05.905Z</Time><Position><LatitudeDegrees>43.34529333</LatitudeDegrees><LongitudeDegrees>-2.83115167</LongitudeDegrees></Position><AltitudeMeters>49.835</AltitudeMeters><DistanceMeters>3794.89990234375</DistanceMeters><HeartRateBpm><Value>145</Value></HeartRateBpm><Cadence>83</Cadence><SensorState>Present</SensorState></Trackpoint><Trackpoint><Time>2025-07-31T12:49:06.905Z</Time><Position><LatitudeDegrees>43.34529667</LatitudeDegrees><LongitudeDegrees>-2.83117667</LongitudeDegrees></Position><AltitudeMeters>49.988</AltitudeMeters><DistanceMeters>3797.0</DistanceMeters><HeartRateBpm><Value>145</Value></HeartRateBpm><Cadence>83</Cadence><SensorState>Present</SensorState></Trackpoint><Trackpoint><Time>2025-07-31T12:49:07.905Z</Time><Position><LatitudeDegrees>43.3453</LatitudeDegrees><LongitudeDegrees>-2.8312</LongitudeDegrees></Position><AltitudeMeters>50.14</AltitudeMeters><DistanceMeters>3799.10009765625</DistanceMeters><HeartRateBpm><Value>145</Value></HeartRateBpm><Cadence>83</Cadence><SensorState>Present</SensorState></Trackpoint><Trackpoint><Time>2025-07-31T12:49:08.905Z</Time><Position><LatitudeDegrees>43.345305</LatitudeDegrees><LongitudeDegrees>-2.83122667</LongitudeDegrees></Position><AltitudeMeters>50.293</AltitudeMeters><DistanceMeters>3801.10009765625</DistanceMeters><HeartRateBpm><Value>145</Value></HeartRateBpm><Cadence>83</Cadence><SensorState>Present</SensorState></Trackpoint><Trackpoint><Time>2025-07-31T12:49:09.905Z</Time><Position><LatitudeDegrees>43.34531167</LatitudeDegrees><LongitudeDegrees>-2.83125</LongitudeDegrees></Position><AltitudeMeters>50.445</AltitudeMeters><DistanceMeters>3803.0</DistanceMeters><HeartRateBpm><Value>145</Value></HeartRateBpm><Cadence>83</Cadence><SensorState>Present</SensorState></Trackpoint><Trackpoint><Time>2025-07-31T12:49:10.905Z</Time><Position><LatitudeDegrees>43.34531833</LatitudeDegrees><LongitudeDegrees>-2.831275</LongitudeDegrees></Position><AltitudeMeters>50.445</AltitudeMeters><DistanceMeters>3805.10009765625</DistanceMeters><HeartRateBpm><Value>145</Value></HeartRateBpm><Cadence>83</Cadence><SensorState>Present</SensorState></Trackpoint><Trackpoint><Time>2025-07-31T12:49:11.905Z</Time><Position><LatitudeDegrees>43.34532167</LatitudeDegrees><LongitudeDegrees>-2.8313</LongitudeDegrees></Position><AltitudeMeters>50.597</AltitudeMeters><DistanceMeters>3807.10009765625</DistanceMeters><HeartRateBpm><Value>145</Value></HeartRateBpm><Cadence>83</Cadence><SensorState>Present</SensorState></Trackpoint><Trackpoint><Time>2025-07-31T12:49:12.905Z</Time><Position><LatitudeDegrees>43.345325</LatitudeDegrees><LongitudeDegrees>-2.831325</LongitudeDegrees></Position><AltitudeMeters>50.75</AltitudeMeters><DistanceMeters>3809.10009765625</DistanceMeters><HeartRateBpm><Value>145</Value></HeartRateBpm><Cadence>82</Cadence><SensorState>Present</SensorState></Trackpoint><Trackpoint><Time>2025-07-31T12:49:13.905Z</Time><Position><LatitudeDegrees>43.34532833</LatitudeDegrees><LongitudeDegrees>-2.83135333</LongitudeDegrees></Position><AltitudeMeters>50.902</AltitudeMeters><DistanceMeters>3811.10009765625</DistanceMeters><HeartRateBpm><Value>145</Value></HeartRateBpm><Cadence>83</Cadence><SensorState>Present</SensorState></Trackpoint><Trackpoint><Time>2025-07-31T12:49:14.905Z</Time><Position><LatitudeDegrees>43.34533167</LatitudeDegrees><LongitudeDegrees>-2.83138167</LongitudeDegrees></Position><AltitudeMeters>50.902</AltitudeMeters><DistanceMeters>3813.199951171875</DistanceMeters><HeartRateBpm><Value>145</Value></HeartRateBpm><Cadence>83</Cadence><SensorState>Present</SensorState></Trackpoint><Trackpoint><Time>2025-07-31T12:49:15.905Z</Time><Position><LatitudeDegrees>43.345335</LatitudeDegrees><LongitudeDegrees>-2.83140833</LongitudeDegrees></Position><AltitudeMeters>51.055</AltitudeMeters><DistanceMeters>3815.60009765625</DistanceMeters><HeartRateBpm><Value>145</Value></HeartRateBpm><Cadence>83</Cadence><SensorState>Present</SensorState></Trackpoint><Trackpoint><Time>2025-07-31T12:49:16.905Z</Time><Position><LatitudeDegrees>43.34533833</LatitudeDegrees><LongitudeDegrees>-2.831435</LongitudeDegrees></Position><AltitudeMeters>51.207</AltitudeMeters><DistanceMeters>3817.89990234375</DistanceMeters><HeartRateBpm><Value>145</Value></HeartRateBpm><Cadence>83</Cadence><SensorState>Present</SensorState></Trackpoint><Trackpoint><Time>2025-07-31T12:49:17.905Z</Time><Position><LatitudeDegrees>43.34534167</LatitudeDegrees><LongitudeDegrees>-2.83146</LongitudeDegrees></Position><AltitudeMeters>51.207</AltitudeMeters><DistanceMeters>3820.10009765625</DistanceMeters><HeartRateBpm><Value>145</Value></HeartRateBpm><Cadence>83</Cadence><SensorState>Present</SensorState></Trackpoint><Trackpoint><Time>2025-07-31T12:49:18.905Z</Time><Position><LatitudeDegrees>43.34534667</LatitudeDegrees><LongitudeDegrees>-2.831485</LongitudeDegrees></Position><AltitudeMeters>51.359</AltitudeMeters><DistanceMeters>3822.39990234375</DistanceMeters><HeartRateBpm><Value>145</Value></HeartRateBpm><Cadence>83</Cadence><SensorState>Present</SensorState></Trackpoint><Trackpoint><Time>2025-07-31T12:49:19.905Z</Time><Position><LatitudeDegrees>43.34534833</LatitudeDegrees><LongitudeDegrees>-2.83151</LongitudeDegrees></Position><AltitudeMeters>51.359</AltitudeMeters><DistanceMeters>3824.5</DistanceMeters><HeartRateBpm><Value>145</Value></HeartRateBpm><Cadence>83</Cadence><SensorState>Present</SensorState></Trackpoint><Trackpoint><Time>2025-07-31T12:49:20.905Z</Time><Position><LatitudeDegrees>43.34535</LatitudeDegrees><LongitudeDegrees>-2.831535</LongitudeDegrees></Position><AltitudeMeters>51.512</AltitudeMeters><DistanceMeters>3826.800048828125</DistanceMeters><HeartRateBpm><Value>145</Value></HeartRateBpm><Cadence>83</Cadence><SensorState>Present</SensorState></Trackpoint><Trackpoint><Time>2025-07-31T12:49:21.905Z</Time><Position><LatitudeDegrees>43.34535</LatitudeDegrees><LongitudeDegrees>-2.83156</LongitudeDegrees></Position><AltitudeMeters>51.512</AltitudeMeters><DistanceMeters>3828.800048828125</DistanceMeters><HeartRateBpm><Value>145</Value></HeartRateBpm><Cadence>83</Cadence><SensorState>Present</SensorState></Trackpoint><Trackpoint><Time>2025-07-31T12:49:22.905Z</Time><Position><LatitudeDegrees>43.34534833</LatitudeDegrees><LongitudeDegrees>-2.83158833</LongitudeDegrees></Position><AltitudeMeters>51.664</AltitudeMeters><DistanceMeters>3830.89990234375</DistanceMeters><HeartRateBpm><Value>145</Value></HeartRateBpm><Cadence>84</Cadence><SensorState>Present</SensorState></Trackpoint><Trackpoint><Time>2025-07-31T12:49:23.905Z</Time><Position><LatitudeDegrees>43.34534667</LatitudeDegrees><LongitudeDegrees>-2.831615</LongitudeDegrees></Position><AltitudeMeters>51.664</AltitudeMeters><DistanceMeters>3833.10009765625</DistanceMeters><HeartRateBpm><Value>145</Value></HeartRateBpm><Cadence>84</Cadence><SensorState>Present</SensorState></Trackpoint><Trackpoint><Time>2025-07-31T12:49:24.905Z</Time><Position><LatitudeDegrees>43.34534167</LatitudeDegrees><LongitudeDegrees>-2.83164167</LongitudeDegrees></Position><AltitudeMeters>51.817</AltitudeMeters><DistanceMeters>3835.199951171875</DistanceMeters><HeartRateBpm><Value>145</Value></HeartRateBpm><Cadence>84</Cadence><SensorState>Present</SensorState></Trackpoint><Trackpoint><Time>2025-07-31T12:49:25.905Z</Time><Position><LatitudeDegrees>43.34533667</LatitudeDegrees><LongitudeDegrees>-2.83167</LongitudeDegrees></Position><AltitudeMeters>51.817</AltitudeMeters><DistanceMeters>3837.199951171875</DistanceMeters><HeartRateBpm><Value>145</Value></HeartRateBpm><Cadence>84</Cadence><SensorState>Present</SensorState></Trackpoint><Trackpoint><Time>2025-07-31T12:49:26.905Z</Time><Position><LatitudeDegrees>43.34533167</LatitudeDegrees><LongitudeDegrees>-2.83169833</LongitudeDegrees></Position><AltitudeMeters>51.969</AltitudeMeters><DistanceMeters>3839.300048828125</DistanceMeters><HeartRateBpm><Value>144</Value></HeartRateBpm><Cadence>84</Cadence><SensorState>Present</SensorState></Trackpoint><Trackpoint><Time>2025-07-31T12:49:27.905Z</Time><Position><LatitudeDegrees>43.34532833</LatitudeDegrees><LongitudeDegrees>-2.83172667</LongitudeDegrees></Position><AltitudeMeters>52.121</AltitudeMeters><DistanceMeters>3841.60009765625</DistanceMeters><HeartRateBpm><Value>144</Value></HeartRateBpm><Cadence>84</Cadence><SensorState>Present</SensorState></Trackpoint><Trackpoint><Time>2025-07-31T12:49:28.905Z</Time><Position><LatitudeDegrees>43.34532167</LatitudeDegrees><LongitudeDegrees>-2.83175333</LongitudeDegrees></Position><AltitudeMeters>52.121</AltitudeMeters><DistanceMeters>3843.89990234375</DistanceMeters><HeartRateBpm><Value>144</Value></HeartRateBpm><Cadence>84</Cadence><SensorState>Present</SensorState></Trackpoint><Trackpoint><Time>2025-07-31T12:49:29.905Z</Time><Position><LatitudeDegrees>43.34531667</LatitudeDegrees><LongitudeDegrees>-2.83178</LongitudeDegrees></Position><AltitudeMeters>52.274</AltitudeMeters><DistanceMeters>3846.39990234375</DistanceMeters><HeartRateBpm><Value>144</Value></HeartRateBpm><Cadence>84</Cadence><SensorState>Present</SensorState></Trackpoint><Trackpoint><Time>2025-07-31T12:49:30.905Z</Time><Position><LatitudeDegrees>43.34531</LatitudeDegrees><LongitudeDegrees>-2.83180833</LongitudeDegrees></Position><AltitudeMeters>52.426</AltitudeMeters><DistanceMeters>3848.800048828125</DistanceMeters><HeartRateBpm><Value>144</Value></HeartRateBpm><Cadence>84</Cadence><SensorState>Present</SensorState></Trackpoint><Trackpoint><Time>2025-07-31T12:49:31.905Z</Time><Position><LatitudeDegrees>43.34530333</LatitudeDegrees><LongitudeDegrees>-2.831835</LongitudeDegrees></Position><AltitudeMeters>52.426</AltitudeMeters><DistanceMeters>3851.10009765625</DistanceMeters><HeartRateBpm><Value>144</Value></HeartRateBpm><Cadence>85</Cadence><SensorState>Present</SensorState></Trackpoint><Trackpoint><Time>2025-07-31T12:49:32.905Z</Time><Position><LatitudeDegrees>43.34529667</LatitudeDegrees><LongitudeDegrees>-2.83186167</LongitudeDegrees></Position><AltitudeMeters>52.579</AltitudeMeters><DistanceMeters>3853.699951171875</DistanceMeters><HeartRateBpm><Value>144</Value></HeartRateBpm><Cadence>85</Cadence><SensorState>Present</SensorState></Trackpoint><Trackpoint><Time>2025-07-31T12:49:33.905Z</Time><Position><LatitudeDegrees>43.34529</LatitudeDegrees><LongitudeDegrees>-2.83189</LongitudeDegrees></Position><AltitudeMeters>52.731</AltitudeMeters><DistanceMeters>3856.0</DistanceMeters><HeartRateBpm><Value>144</Value></HeartRateBpm><Cadence>85</Cadence><SensorState>Present</SensorState></Trackpoint><Trackpoint><Time>2025-07-31T12:49:34.905Z</Time><Position><LatitudeDegrees>43.34528</LatitudeDegrees><LongitudeDegrees>-2.83191667</LongitudeDegrees></Position><AltitudeMeters>52.731</AltitudeMeters><DistanceMeters>3858.300048828125</DistanceMeters><HeartRateBpm><Value>144</Value></HeartRateBpm><Cadence>85</Cadence><SensorState>Present</SensorState></Trackpoint><Trackpoint><Time>2025-07-31T12:49:35.905Z</Time><Position><LatitudeDegrees>43.34527</LatitudeDegrees><LongitudeDegrees>-2.83194333</LongitudeDegrees></Position><AltitudeMeters>52.883</AltitudeMeters><DistanceMeters>3860.800048828125</DistanceMeters><HeartRateBpm><Value>144</Value></HeartRateBpm><Cadence>85</Cadence><SensorState>Present</SensorState></Trackpoint><Trackpoint><Time>2025-07-31T12:49:36.905Z</Time><Position><LatitudeDegrees>43.34526</LatitudeDegrees><LongitudeDegrees>-2.83197</LongitudeDegrees></Position><AltitudeMeters>53.036</AltitudeMeters><DistanceMeters>3863.199951171875</DistanceMeters><HeartRateBpm><Value>144</Value></HeartRateBpm><Cadence>85</Cadence><SensorState>Present</SensorState></Trackpoint><Trackpoint><Time>2025-07-31T12:49:37.905Z</Time><Position><LatitudeDegrees>43.34525</LatitudeDegrees><LongitudeDegrees>-2.83199833</LongitudeDegrees></Position><AltitudeMeters>53.036</AltitudeMeters><DistanceMeters>3865.60009765625</DistanceMeters><HeartRateBpm><Value>144</Value></HeartRateBpm><Cadence>85</Cadence><SensorState>Present</SensorState></Trackpoint><Trackpoint><Time>2025-07-31T12:49:38.905Z</Time><Position><LatitudeDegrees>43.34524</LatitudeDegrees><LongitudeDegrees>-2.83202667</LongitudeDegrees></Position><AltitudeMeters>53.188</AltitudeMeters><DistanceMeters>3868.10009765625</DistanceMeters><HeartRateBpm><Value>144</Value></HeartRateBpm><Cadence>88</Cadence><SensorState>Present</SensorState></Trackpoint><Trackpoint><Time>2025-07-31T12:49:39.905Z</Time><Position><LatitudeDegrees>43.34523</LatitudeDegrees><LongitudeDegrees>-2.83205667</LongitudeDegrees></Position><AltitudeMeters>53.341</AltitudeMeters><DistanceMeters>3870.60009765625</DistanceMeters><HeartRateBpm><Value>144</Value></HeartRateBpm><Cadence>87</Cadence><SensorState>Present</SensorState></Trackpoint><Trackpoint><Time>2025-07-31T12:49:40.905Z</Time><Position><LatitudeDegrees>43.34521833</LatitudeDegrees><LongitudeDegrees>-2.83208667</LongitudeDegrees></Position><AltitudeMeters>53.493</AltitudeMeters><DistanceMeters>3873.300048828125</DistanceMeters><HeartRateBpm><Value>144</Value></HeartRateBpm><Cadence>87</Cadence><SensorState>Present</SensorState></Trackpoint><Trackpoint><Time>2025-07-31T12:49:41.905Z</Time><Position><LatitudeDegrees>43.345205</LatitudeDegrees><LongitudeDegrees>-2.832115</LongitudeDegrees></Position><AltitudeMeters>53.645</AltitudeMeters><DistanceMeters>3876.0</DistanceMeters><HeartRateBpm><Value>144</Value></HeartRateBpm><Cadence>85</Cadence><SensorState>Present</SensorState></Trackpoint><Trackpoint><Time>2025-07-31T12:49:42.905Z</Time><Position><LatitudeDegrees>43.34519167</LatitudeDegrees><LongitudeDegrees>-2.832145</LongitudeDegrees></Position><AltitudeMeters>53.798</AltitudeMeters><DistanceMeters>3878.699951171875</DistanceMeters><HeartRateBpm><Value>144</Value></HeartRateBpm><Cadence>84</Cadence><SensorState>Present</SensorState></Trackpoint><Trackpoint><Time>2025-07-31T12:49:43.905Z</Time><Position><LatitudeDegrees>43.34518</LatitudeDegrees><LongitudeDegrees>-2.832175</LongitudeDegrees></Position><AltitudeMeters>53.95</AltitudeMeters><DistanceMeters>3881.60009765625</DistanceMeters><HeartRateBpm><Value>144</Value></HeartRateBpm><Cadence>84</Cadence><SensorState>Present</SensorState></Trackpoint><Trackpoint><Time>2025-07-31T12:49:44.905Z</Time><Position><LatitudeDegrees>43.34516667</LatitudeDegrees><LongitudeDegrees>-2.83220333</LongitudeDegrees></Position><AltitudeMeters>54.103</AltitudeMeters><DistanceMeters>3884.60009765625</DistanceMeters><HeartRateBpm><Value>144</Value></HeartRateBpm><Cadence>84</Cadence><SensorState>Present</SensorState></Trackpoint><Trackpoint><Time>2025-07-31T12:49:45.905Z</Time><Position><LatitudeDegrees>43.34515</LatitudeDegrees><LongitudeDegrees>-2.83223167</LongitudeDegrees></Position><AltitudeMeters>54.255</AltitudeMeters><DistanceMeters>3887.39990234375</DistanceMeters><HeartRateBpm><Value>144</Value></HeartRateBpm><Cadence>85</Cadence><SensorState>Present</SensorState></Trackpoint><Trackpoint><Time>2025-07-31T12:49:46.905Z</Time><Position><LatitudeDegrees>43.34513333</LatitudeDegrees><LongitudeDegrees>-2.83226167</LongitudeDegrees></Position><AltitudeMeters>54.407</AltitudeMeters><DistanceMeters>3890.300048828125</DistanceMeters><HeartRateBpm><Value>144</Value></HeartRateBpm><Cadence>87</Cadence><SensorState>Present</SensorState></Trackpoint><Trackpoint><Time>2025-07-31T12:49:47.905Z</Time><Position><LatitudeDegrees>43.34511833</LatitudeDegrees><LongitudeDegrees>-2.83229333</LongitudeDegrees></Position><AltitudeMeters>54.56</AltitudeMeters><DistanceMeters>3893.300048828125</DistanceMeters><HeartRateBpm><Value>144</Value></HeartRateBpm><Cadence>86</Cadence><SensorState>Present</SensorState></Trackpoint><Trackpoint><Time>2025-07-31T12:49:48.905Z</Time><Position><LatitudeDegrees>43.34510333</LatitudeDegrees><LongitudeDegrees>-2.83232167</LongitudeDegrees></Position><AltitudeMeters>54.712</AltitudeMeters><DistanceMeters>3896.39990234375</DistanceMeters><HeartRateBpm><Value>144</Value></HeartRateBpm><Cadence>86</Cadence><SensorState>Present</SensorState></Trackpoint><Trackpoint><Time>2025-07-31T12:49:49.905Z</Time><Position><LatitudeDegrees>43.34508833</LatitudeDegrees><LongitudeDegrees>-2.83234833</LongitudeDegrees></Position><AltitudeMeters>54.865</AltitudeMeters><DistanceMeters>3899.60009765625</DistanceMeters><HeartRateBpm><Value>144</Value></HeartRateBpm><Cadence>86</Cadence><SensorState>Present</SensorState></Trackpoint><Trackpoint><Time>2025-07-31T12:49:50.905Z</Time><Position><LatitudeDegrees>43.345075</LatitudeDegrees><LongitudeDegrees>-2.832375</LongitudeDegrees></Position><AltitudeMeters>55.169</AltitudeMeters><DistanceMeters>3902.5</DistanceMeters><HeartRateBpm><Value>144</Value></HeartRateBpm><Cadence>86</Cadence><SensorState>Present</SensorState></Trackpoint><Trackpoint><Time>2025-07-31T12:49:51.905Z</Time><Position><LatitudeDegrees>43.34505833</LatitudeDegrees><LongitudeDegrees>-2.83240333</LongitudeDegrees></Position><AltitudeMeters>55.322</AltitudeMeters><DistanceMeters>3905.39990234375</DistanceMeters><HeartRateBpm><Value>144</Value></HeartRateBpm><Cadence>87</Cadence><SensorState>Present</SensorState></Trackpoint><Trackpoint><Time>2025-07-31T12:49:52.905Z</Time><Position><LatitudeDegrees>43.345045</LatitudeDegrees><LongitudeDegrees>-2.83243167</LongitudeDegrees></Position><AltitudeMeters>55.474</AltitudeMeters><DistanceMeters>3908.199951171875</DistanceMeters><HeartRateBpm><Value>144</Value></HeartRateBpm><Cadence>88</Cadence><SensorState>Present</SensorState></Trackpoint><Trackpoint><Time>2025-07-31T12:49:53.905Z</Time><Position><LatitudeDegrees>43.34503167</LatitudeDegrees><LongitudeDegrees>-2.83246167</LongitudeDegrees></Position><AltitudeMeters>55.627</AltitudeMeters><DistanceMeters>3911.300048828125</DistanceMeters><HeartRateBpm><Value>143</Value></HeartRateBpm><Cadence>88</Cadence><SensorState>Present</SensorState></Trackpoint><Trackpoint><Time>2025-07-31T12:49:54.905Z</Time><Position><LatitudeDegrees>43.34501333</LatitudeDegrees><LongitudeDegrees>-2.83248667</LongitudeDegrees></Position><AltitudeMeters>55.931</AltitudeMeters><DistanceMeters>3914.10009765625</DistanceMeters><HeartRateBpm><Value>143</Value></HeartRateBpm><Cadence>88</Cadence><SensorState>Present</SensorState></Trackpoint><Trackpoint><Time>2025-07-31T12:49:55.905Z</Time><Position><LatitudeDegrees>43.34499667</LatitudeDegrees><LongitudeDegrees>-2.83251667</LongitudeDegrees></Position><AltitudeMeters>56.084</AltitudeMeters><DistanceMeters>3917.0</DistanceMeters><HeartRateBpm><Value>143</Value></HeartRateBpm><Cadence>88</Cadence><SensorState>Present</SensorState></Trackpoint><Trackpoint><Time>2025-07-31T12:49:56.905Z</Time><Position><LatitudeDegrees>43.34497833</LatitudeDegrees><LongitudeDegrees>-2.83254167</LongitudeDegrees></Position><AltitudeMeters>56.236</AltitudeMeters><DistanceMeters>3919.800048828125</DistanceMeters><HeartRateBpm><Value>143</Value></HeartRateBpm><Cadence>87</Cadence><SensorState>Present</SensorState></Trackpoint><Trackpoint><Time>2025-07-31T12:49:57.905Z</Time><Position><LatitudeDegrees>43.34497833</LatitudeDegrees><LongitudeDegrees>-2.83254167</LongitudeDegrees></Position><AltitudeMeters>56.389</AltitudeMeters><DistanceMeters>3922.699951171875</DistanceMeters><HeartRateBpm><Value>143</Value></HeartRateBpm><Cadence>86</Cadence><SensorState>Present</SensorState></Trackpoint><Trackpoint><Time>2025-07-31T12:49:58.905Z</Time><Position><LatitudeDegrees>43.34494833</LatitudeDegrees><LongitudeDegrees>-2.83259333</LongitudeDegrees></Position><AltitudeMeters>56.541</AltitudeMeters><DistanceMeters>3924.60009765625</DistanceMeters><HeartRateBpm><Value>143</Value></HeartRateBpm><Cadence>86</Cadence><SensorState>Present</SensorState></Trackpoint><Trackpoint><Time>2025-07-31T12:49:59.905Z</Time><Position><LatitudeDegrees>43.344935</LatitudeDegrees><LongitudeDegrees>-2.832625</LongitudeDegrees></Position><AltitudeMeters>56.693</AltitudeMeters><DistanceMeters>3928.300048828125</DistanceMeters><HeartRateBpm><Value>143</Value></HeartRateBpm><Cadence>87</Cadence><SensorState>Present</SensorState></Trackpoint><Trackpoint><Time>2025-07-31T12:50:00.905Z</Time><Position><LatitudeDegrees>43.344925</LatitudeDegrees><LongitudeDegrees>-2.83265833</LongitudeDegrees></Position><AltitudeMeters>56.846</AltitudeMeters><DistanceMeters>3931.0</DistanceMeters><HeartRateBpm><Value>143</Value></HeartRateBpm><Cadence>88</Cadence><SensorState>Present</SensorState></Trackpoint><Trackpoint><Time>2025-07-31T12:50:01.905Z</Time><Position><LatitudeDegrees>43.34491667</LatitudeDegrees><LongitudeDegrees>-2.83269167</LongitudeDegrees></Position><AltitudeMeters>57.151</AltitudeMeters><DistanceMeters>3933.89990234375</DistanceMeters><HeartRateBpm><Value>143</Value></HeartRateBpm><Cadence>86</Cadence><SensorState>Present</SensorState></Trackpoint><Trackpoint><Time>2025-07-31T12:50:02.905Z</Time><Position><LatitudeDegrees>43.34491167</LatitudeDegrees><LongitudeDegrees>-2.832725</LongitudeDegrees></Position><AltitudeMeters>57.303</AltitudeMeters><DistanceMeters>3936.800048828125</DistanceMeters><HeartRateBpm><Value>143</Value></HeartRateBpm><Cadence>86</Cadence><SensorState>Present</SensorState></Trackpoint><Trackpoint><Time>2025-07-31T12:50:03.905Z</Time><Position><LatitudeDegrees>43.344905</LatitudeDegrees><LongitudeDegrees>-2.83275833</LongitudeDegrees></Position><AltitudeMeters>57.303</AltitudeMeters><DistanceMeters>3939.699951171875</DistanceMeters><HeartRateBpm><Value>143</Value></HeartRateBpm><Cadence>86</Cadence><SensorState>Present</SensorState></Trackpoint><Trackpoint><Time>2025-07-31T12:50:04.905Z</Time><Position><LatitudeDegrees>43.34489833</LatitudeDegrees><LongitudeDegrees>-2.83279</LongitudeDegrees></Position><AltitudeMeters>57.455</AltitudeMeters><DistanceMeters>3942.39990234375</DistanceMeters><HeartRateBpm><Value>143</Value></HeartRateBpm><Cadence>86</Cadence><SensorState>Present</SensorState></Trackpoint><Trackpoint><Time>2025-07-31T12:50:05.905Z</Time><Position><LatitudeDegrees>43.34489</LatitudeDegrees><LongitudeDegrees>-2.83282167</LongitudeDegrees></Position><AltitudeMeters>57.608</AltitudeMeters><DistanceMeters>3945.199951171875</DistanceMeters><HeartRateBpm><Value>143</Value></HeartRateBpm><Cadence>87</Cadence><SensorState>Present</SensorState></Trackpoint><Trackpoint><Time>2025-07-31T12:50:06.905Z</Time><Position><LatitudeDegrees>43.344885</LatitudeDegrees><LongitudeDegrees>-2.83285667</LongitudeDegrees></Position><AltitudeMeters>57.76</AltitudeMeters><DistanceMeters>3947.800048828125</DistanceMeters><HeartRateBpm><Value>143</Value></HeartRateBpm><Cadence>87</Cadence><SensorState>Present</SensorState></Trackpoint><Trackpoint><Time>2025-07-31T12:50:07.905Z</Time><Position><LatitudeDegrees>43.34488</LatitudeDegrees><LongitudeDegrees>-2.83289167</LongitudeDegrees></Position><AltitudeMeters>57.913</AltitudeMeters><DistanceMeters>3950.5</DistanceMeters><HeartRateBpm><Value>142</Value></HeartRateBpm><Cadence>88</Cadence><SensorState>Present</SensorState></Trackpoint><Trackpoint><Time>2025-07-31T12:50:08.905Z</Time><Position><LatitudeDegrees>43.34487667</LatitudeDegrees><LongitudeDegrees>-2.83292667</LongitudeDegrees></Position><AltitudeMeters>57.913</AltitudeMeters><DistanceMeters>3953.39990234375</DistanceMeters><HeartRateBpm><Value>142</Value></HeartRateBpm><Cadence>88</Cadence><SensorState>Present</SensorState></Trackpoint><Trackpoint><Time>2025-07-31T12:50:09.905Z</Time><Position><LatitudeDegrees>43.344875</LatitudeDegrees><LongitudeDegrees>-2.83296167</LongitudeDegrees></Position><AltitudeMeters>58.065</AltitudeMeters><DistanceMeters>3956.39990234375</DistanceMeters><HeartRateBpm><Value>142</Value></HeartRateBpm><Cadence>88</Cadence><SensorState>Present</SensorState></Trackpoint><Trackpoint><Time>2025-07-31T12:50:10.905Z</Time><Position><LatitudeDegrees>43.34487333</LatitudeDegrees><LongitudeDegrees>-2.832995</LongitudeDegrees></Position><AltitudeMeters>58.065</AltitudeMeters><DistanceMeters>3959.10009765625</DistanceMeters><HeartRateBpm><Value>142</Value></HeartRateBpm><Cadence>88</Cadence><SensorState>Present</SensorState></Trackpoint><Trackpoint><Time>2025-07-31T12:50:11.905Z</Time><Position><LatitudeDegrees>43.34487</LatitudeDegrees><LongitudeDegrees>-2.83303167</LongitudeDegrees></Position><AltitudeMeters>58.218</AltitudeMeters><DistanceMeters>3961.89990234375</DistanceMeters><HeartRateBpm><Value>142</Value></HeartRateBpm><Cadence>88</Cadence><SensorState>Present</SensorState></Trackpoint><Trackpoint><Time>2025-07-31T12:50:12.905Z</Time><Position><LatitudeDegrees>43.34487</LatitudeDegrees><LongitudeDegrees>-2.83306667</LongitudeDegrees></Position><AltitudeMeters>58.218</AltitudeMeters><DistanceMeters>3964.699951171875</DistanceMeters><HeartRateBpm><Value>142</Value></HeartRateBpm><Cadence>89</Cadence><SensorState>Present</SensorState></Trackpoint><Trackpoint><Time>2025-07-31T12:50:13.905Z</Time><Position><LatitudeDegrees>43.34487333</LatitudeDegrees><LongitudeDegrees>-2.8331</LongitudeDegrees></Position><AltitudeMeters>58.218</AltitudeMeters><DistanceMeters>3967.5</DistanceMeters><HeartRateBpm><Value>142</Value></HeartRateBpm><Cadence>89</Cadence><SensorState>Present</SensorState></Trackpoint><Trackpoint><Time>2025-07-31T12:50:14.905Z</Time><Position><LatitudeDegrees>43.34487333</LatitudeDegrees><LongitudeDegrees>-2.833135</LongitudeDegrees></Position><AltitudeMeters>58.218</AltitudeMeters><DistanceMeters>3970.5</DistanceMeters><HeartRateBpm><Value>142</Value></HeartRateBpm><Cadence>89</Cadence><SensorState>Present</SensorState></Trackpoint><Trackpoint><Time>2025-07-31T12:50:15.905Z</Time><Position><LatitudeDegrees>43.34487333</LatitudeDegrees><LongitudeDegrees>-2.83316833</LongitudeDegrees></Position><AltitudeMeters>58.37</AltitudeMeters><DistanceMeters>3973.300048828125</DistanceMeters><HeartRateBpm><Value>142</Value></HeartRateBpm><Cadence>89</Cadence><SensorState>Present</SensorState></Trackpoint><Trackpoint><Time>2025-07-31T12:50:16.905Z</Time><Position><LatitudeDegrees>43.34487167</LatitudeDegrees><LongitudeDegrees>-2.833205</LongitudeDegrees></Position><AltitudeMeters>58.37</AltitudeMeters><DistanceMeters>3976.10009765625</DistanceMeters><HeartRateBpm><Value>142</Value></HeartRateBpm><Cadence>87</Cadence><SensorState>Present</SensorState></Trackpoint><Trackpoint><Time>2025-07-31T12:50:17.905Z</Time><Position><LatitudeDegrees>43.34487</LatitudeDegrees><LongitudeDegrees>-2.83324</LongitudeDegrees></Position><AltitudeMeters>58.37</AltitudeMeters><DistanceMeters>3979.0</DistanceMeters><HeartRateBpm><Value>142</Value></HeartRateBpm><Cadence>86</Cadence><SensorState>Present</SensorState></Trackpoint><Trackpoint><Time>2025-07-31T12:50:18.905Z</Time><Position><LatitudeDegrees>43.34487167</LatitudeDegrees><LongitudeDegrees>-2.83327667</LongitudeDegrees></Position><AltitudeMeters>58.37</AltitudeMeters><DistanceMeters>3981.89990234375</DistanceMeters><HeartRateBpm><Value>142</Value></HeartRateBpm><Cadence>86</Cadence><SensorState>Present</SensorState></Trackpoint><Trackpoint><Time>2025-07-31T12:50:19.905Z</Time><Position><LatitudeDegrees>43.34487167</LatitudeDegrees><LongitudeDegrees>-2.83331167</LongitudeDegrees></Position><AltitudeMeters>58.37</AltitudeMeters><DistanceMeters>3984.60009765625</DistanceMeters><HeartRateBpm><Value>142</Value></HeartRateBpm><Cadence>88</Cadence><SensorState>Present</SensorState></Trackpoint><Trackpoint><Time>2025-07-31T12:50:20.905Z</Time><Position><LatitudeDegrees>43.34487333</LatitudeDegrees><LongitudeDegrees>-2.83334667</LongitudeDegrees></Position><AltitudeMeters>58.37</AltitudeMeters><DistanceMeters>3987.5</DistanceMeters><HeartRateBpm><Value>142</Value></HeartRateBpm><Cadence>88</Cadence><SensorState>Present</SensorState></Trackpoint><Trackpoint><Time>2025-07-31T12:50:21.905Z</Time><Position><LatitudeDegrees>43.34487667</LatitudeDegrees><LongitudeDegrees>-2.83338167</LongitudeDegrees></Position><AltitudeMeters>58.522</AltitudeMeters><DistanceMeters>3990.39990234375</DistanceMeters><HeartRateBpm><Value>142</Value></HeartRateBpm><Cadence>88</Cadence><SensorState>Present</SensorState></Trackpoint><Trackpoint><Time>2025-07-31T12:50:22.905Z</Time><Position><LatitudeDegrees>43.34487667</LatitudeDegrees><LongitudeDegrees>-2.83341667</LongitudeDegrees></Position><AltitudeMeters>58.522</AltitudeMeters><DistanceMeters>3993.199951171875</DistanceMeters><HeartRateBpm><Value>142</Value></HeartRateBpm><Cadence>88</Cadence><SensorState>Present</SensorState></Trackpoint><Trackpoint><Time>2025-07-31T12:50:23.905Z</Time><Position><LatitudeDegrees>43.34487833</LatitudeDegrees><LongitudeDegrees>-2.83345333</LongitudeDegrees></Position><AltitudeMeters>58.522</AltitudeMeters><DistanceMeters>3996.199951171875</DistanceMeters><HeartRateBpm><Value>142</Value></HeartRateBpm><Cadence>88</Cadence><SensorState>Present</SensorState></Trackpoint><Trackpoint><Time>2025-07-31T12:50:24.905Z</Time><Position><LatitudeDegrees>43.34487833</LatitudeDegrees><LongitudeDegrees>-2.83349</LongitudeDegrees></Position><AltitudeMeters>58.522</AltitudeMeters><DistanceMeters>3999.199951171875</DistanceMeters><HeartRateBpm><Value>142</Value></HeartRateBpm><Cadence>88</Cadence><SensorState>Present</SensorState></Trackpoint></Track><Extensions><LX xmlns="http://www.garmin.com/xmlschemas/ActivityExtension/v2"><AvgSpeed>2.5796466403537326</AvgSpeed></LX></Extensions></Lap><Lap xmlns="http://www.garmin.com/xmlschemas/TrainingCenterDatabase/v2" StartTime="2025-07-31T12:50:25.905Z"><TotalTimeSeconds>315.0</TotalTimeSeconds><DistanceMeters>1000.0</DistanceMeters><MaximumSpeed>3.6964681413438583</MaximumSpeed><Calories>0</Calories><AverageHeartRateBpm><Value>142</Value></AverageHeartRateBpm><MaximumHeartRateBpm><Value>149</Value></MaximumHeartRateBpm><Intensity>Active</Intensity><Cadence>87</Cadence><TriggerMethod>Distance</TriggerMethod><Track><Trackpoint><Time>2025-07-31T12:50:25.905Z</Time><Position><LatitudeDegrees>43.34488</LatitudeDegrees><LongitudeDegrees>-2.83352333</LongitudeDegrees></Position><AltitudeMeters>58.522</AltitudeMeters><DistanceMeters>4002.0</DistanceMeters><HeartRateBpm><Value>142</Value></HeartRateBpm><Cadence>88</Cadence><SensorState>Present</SensorState></Trackpoint><Trackpoint><Time>2025-07-31T12:50:26.905Z</Time><Position><LatitudeDegrees>43.34488167</LatitudeDegrees><LongitudeDegrees>-2.83355833</LongitudeDegrees></Position><AltitudeMeters>58.522</AltitudeMeters><DistanceMeters>4005.199951171875</DistanceMeters><HeartRateBpm><Value>142</Value></HeartRateBpm><Cadence>88</Cadence><SensorState>Present</SensorState></Trackpoint><Trackpoint><Time>2025-07-31T12:50:27.905Z</Time><Position><LatitudeDegrees>43.34488333</LatitudeDegrees><LongitudeDegrees>-2.833595</LongitudeDegrees></Position><AltitudeMeters>58.522</AltitudeMeters><DistanceMeters>4007.89990234375</DistanceMeters><HeartRateBpm><Value>142</Value></HeartRateBpm><Cadence>88</Cadence><SensorState>Present</SensorState></Trackpoint><Trackpoint><Time>2025-07-31T12:50:28.905Z</Time><Position><LatitudeDegrees>43.344885</LatitudeDegrees><LongitudeDegrees>-2.83363167</LongitudeDegrees></Position><AltitudeMeters>58.675</AltitudeMeters><DistanceMeters>4010.699951171875</DistanceMeters><HeartRateBpm><Value>142</Value></HeartRateBpm><Cadence>88</Cadence><SensorState>Present</SensorState></Trackpoint><Trackpoint><Time>2025-07-31T12:50:29.905Z</Time><Position><LatitudeDegrees>43.344885</LatitudeDegrees><LongitudeDegrees>-2.83366667</LongitudeDegrees></Position><AltitudeMeters>58.675</AltitudeMeters><DistanceMeters>4013.699951171875</DistanceMeters><HeartRateBpm><Value>142</Value></HeartRateBpm><Cadence>88</Cadence><SensorState>Present</SensorState></Trackpoint><Trackpoint><Time>2025-07-31T12:50:30.905Z</Time><Position><LatitudeDegrees>43.344885</LatitudeDegrees><LongitudeDegrees>-2.83370167</LongitudeDegrees></Position><AltitudeMeters>58.675</AltitudeMeters><DistanceMeters>4016.699951171875</DistanceMeters><HeartRateBpm><Value>142</Value></HeartRateBpm><Cadence>88</Cadence><SensorState>Present</SensorState></Trackpoint><Trackpoint><Time>2025-07-31T12:50:31.905Z</Time><Position><LatitudeDegrees>43.34488667</LatitudeDegrees><LongitudeDegrees>-2.83373667</LongitudeDegrees></Position><AltitudeMeters>58.675</AltitudeMeters><DistanceMeters>4019.5</DistanceMeters><HeartRateBpm><Value>142</Value></HeartRateBpm><Cadence>88</Cadence><SensorState>Present</SensorState></Trackpoint><Trackpoint><Time>2025-07-31T12:50:32.905Z</Time><Position><LatitudeDegrees>43.34488833</LatitudeDegrees><LongitudeDegrees>-2.833775</LongitudeDegrees></Position><AltitudeMeters>58.675</AltitudeMeters><DistanceMeters>4022.5</DistanceMeters><HeartRateBpm><Value>142</Value></HeartRateBpm><Cadence>88</Cadence><SensorState>Present</SensorState></Trackpoint><Trackpoint><Time>2025-07-31T12:50:33.905Z</Time><Position><LatitudeDegrees>43.34489</LatitudeDegrees><LongitudeDegrees>-2.83381</LongitudeDegrees></Position><AltitudeMeters>58.675</AltitudeMeters><DistanceMeters>4025.39990234375</DistanceMeters><HeartRateBpm><Value>142</Value></HeartRateBpm><Cadence>88</Cadence><SensorState>Present</SensorState></Trackpoint><Trackpoint><Time>2025-07-31T12:50:34.905Z</Time><Position><LatitudeDegrees>43.344895</LatitudeDegrees><LongitudeDegrees>-2.833845</LongitudeDegrees></Position><AltitudeMeters>58.675</AltitudeMeters><DistanceMeters>4028.300048828125</DistanceMeters><HeartRateBpm><Value>142</Value></HeartRateBpm><Cadence>88</Cadence><SensorState>Present</SensorState></Trackpoint><Trackpoint><Time>2025-07-31T12:50:35.905Z</Time><Position><LatitudeDegrees>43.3449</LatitudeDegrees><LongitudeDegrees>-2.83388167</LongitudeDegrees></Position><AltitudeMeters>58.675</AltitudeMeters><DistanceMeters>4031.199951171875</DistanceMeters><HeartRateBpm><Value>142</Value></HeartRateBpm><Cadence>88</Cadence><SensorState>Present</SensorState></Trackpoint><Trackpoint><Time>2025-07-31T12:50:36.905Z</Time><Position><LatitudeDegrees>43.34490333</LatitudeDegrees><LongitudeDegrees>-2.833915</LongitudeDegrees></Position><AltitudeMeters>58.675</AltitudeMeters><DistanceMeters>4034.199951171875</DistanceMeters><HeartRateBpm><Value>143</Value></HeartRateBpm><Cadence>88</Cadence><SensorState>Present</SensorState></Trackpoint><Trackpoint><Time>2025-07-31T12:50:37.905Z</Time><Position><LatitudeDegrees>43.344905</LatitudeDegrees><LongitudeDegrees>-2.83395</LongitudeDegrees></Position><AltitudeMeters>58.675</AltitudeMeters><DistanceMeters>4037.199951171875</DistanceMeters><HeartRateBpm><Value>143</Value></HeartRateBpm><Cadence>88</Cadence><SensorState>Present</SensorState></Trackpoint><Trackpoint><Time>2025-07-31T12:50:38.905Z</Time><Position><LatitudeDegrees>43.34490833</LatitudeDegrees><LongitudeDegrees>-2.833985</LongitudeDegrees></Position><AltitudeMeters>58.675</AltitudeMeters><DistanceMeters>4040.0</DistanceMeters><HeartRateBpm><Value>143</Value></HeartRateBpm><Cadence>87</Cadence><SensorState>Present</SensorState></Trackpoint><Trackpoint><Time>2025-07-31T12:50:39.905Z</Time><Position><LatitudeDegrees>43.34491333</LatitudeDegrees><LongitudeDegrees>-2.834015</LongitudeDegrees></Position><AltitudeMeters>58.827</AltitudeMeters><DistanceMeters>4042.89990234375</DistanceMeters><HeartRateBpm><Value>143</Value></HeartRateBpm><Cadence>86</Cadence><SensorState>Present</SensorState></Trackpoint><Trackpoint><Time>2025-07-31T12:50:40.905Z</Time><Position><LatitudeDegrees>43.34492</LatitudeDegrees><LongitudeDegrees>-2.83404667</LongitudeDegrees></Position><AltitudeMeters>58.827</AltitudeMeters><DistanceMeters>4045.699951171875</DistanceMeters><HeartRateBpm><Value>143</Value></HeartRateBpm><Cadence>86</Cadence><SensorState>Present</SensorState></Trackpoint><Trackpoint><Time>2025-07-31T12:50:41.905Z</Time><Position><LatitudeDegrees>43.344925</LatitudeDegrees><LongitudeDegrees>-2.83407667</LongitudeDegrees></Position><AltitudeMeters>58.827</AltitudeMeters><DistanceMeters>4048.39990234375</DistanceMeters><HeartRateBpm><Value>143</Value></HeartRateBpm><Cadence>86</Cadence><SensorState>Present</SensorState></Trackpoint><Trackpoint><Time>2025-07-31T12:50:42.905Z</Time><Position><LatitudeDegrees>43.34493</LatitudeDegrees><LongitudeDegrees>-2.834105</LongitudeDegrees></Position><AltitudeMeters>58.827</AltitudeMeters><DistanceMeters>4051.10009765625</DistanceMeters><HeartRateBpm><Value>143</Value></HeartRateBpm><Cadence>86</Cadence><SensorState>Present</SensorState></Trackpoint><Trackpoint><Time>2025-07-31T12:50:43.905Z</Time><Position><LatitudeDegrees>43.34493333</LatitudeDegrees><LongitudeDegrees>-2.83413167</LongitudeDegrees></Position><AltitudeMeters>58.98</AltitudeMeters><DistanceMeters>4053.5</DistanceMeters><HeartRateBpm><Value>143</Value></HeartRateBpm><Cadence>86</Cadence><SensorState>Present</SensorState></Trackpoint><Trackpoint><Time>2025-07-31T12:50:44.905Z</Time><Position><LatitudeDegrees>43.34494</LatitudeDegrees><LongitudeDegrees>-2.83416</LongitudeDegrees></Position><AltitudeMeters>58.98</AltitudeMeters><DistanceMeters>4055.89990234375</DistanceMeters><HeartRateBpm><Value>143</Value></HeartRateBpm><Cadence>86</Cadence><SensorState>Present</SensorState></Trackpoint><Trackpoint><Time>2025-07-31T12:50:45.905Z</Time><Position><LatitudeDegrees>43.34494333</LatitudeDegrees><LongitudeDegrees>-2.83418833</LongitudeDegrees></Position><AltitudeMeters>58.98</AltitudeMeters><DistanceMeters>4058.199951171875</DistanceMeters><HeartRateBpm><Value>143</Value></HeartRateBpm><Cadence>86</Cadence><SensorState>Present</SensorState></Trackpoint><Trackpoint><Time>2025-07-31T12:50:46.905Z</Time><Position><LatitudeDegrees>43.34494833</LatitudeDegrees><LongitudeDegrees>-2.83422</LongitudeDegrees></Position><AltitudeMeters>59.132</AltitudeMeters><DistanceMeters>4060.300048828125</DistanceMeters><HeartRateBpm><Value>143</Value></HeartRateBpm><Cadence>86</Cadence><SensorState>Present</SensorState></Trackpoint><Trackpoint><Time>2025-07-31T12:50:47.905Z</Time><Position><LatitudeDegrees>43.34495167</LatitudeDegrees><LongitudeDegrees>-2.83424667</LongitudeDegrees></Position><AltitudeMeters>59.132</AltitudeMeters><DistanceMeters>4062.5</DistanceMeters><HeartRateBpm><Value>144</Value></HeartRateBpm><Cadence>86</Cadence><SensorState>Present</SensorState></Trackpoint><Trackpoint><Time>2025-07-31T12:50:48.905Z</Time><Position><LatitudeDegrees>43.34496</LatitudeDegrees><LongitudeDegrees>-2.83427333</LongitudeDegrees></Position><AltitudeMeters>59.132</AltitudeMeters><DistanceMeters>4064.89990234375</DistanceMeters><HeartRateBpm><Value>144</Value></HeartRateBpm><Cadence>86</Cadence><SensorState>Present</SensorState></Trackpoint><Trackpoint><Time>2025-07-31T12:50:49.905Z</Time><Position><LatitudeDegrees>43.34496667</LatitudeDegrees><LongitudeDegrees>-2.83430333</LongitudeDegrees></Position><AltitudeMeters>59.284</AltitudeMeters><DistanceMeters>4066.800048828125</DistanceMeters><HeartRateBpm><Value>144</Value></HeartRateBpm><Cadence>86</Cadence><SensorState>Present</SensorState></Trackpoint><Trackpoint><Time>2025-07-31T12:50:50.905Z</Time><Position><LatitudeDegrees>43.34497167</LatitudeDegrees><LongitudeDegrees>-2.83433667</LongitudeDegrees></Position><AltitudeMeters>59.284</AltitudeMeters><DistanceMeters>4069.10009765625</DistanceMeters><HeartRateBpm><Value>144</Value></HeartRateBpm><Cadence>86</Cadence><SensorState>Present</SensorState></Trackpoint><Trackpoint><Time>2025-07-31T12:50:51.905Z</Time><Position><LatitudeDegrees>43.34497667</LatitudeDegrees><LongitudeDegrees>-2.83436833</LongitudeDegrees></Position><AltitudeMeters>59.284</AltitudeMeters><DistanceMeters>4071.5</DistanceMeters><HeartRateBpm><Value>144</Value></HeartRateBpm><Cadence>87</Cadence><SensorState>Present</SensorState></Trackpoint><Trackpoint><Time>2025-07-31T12:50:52.905Z</Time><Position><LatitudeDegrees>43.344985</LatitudeDegrees><LongitudeDegrees>-2.8344</LongitudeDegrees></Position><AltitudeMeters>59.437</AltitudeMeters><DistanceMeters>4074.10009765625</DistanceMeters><HeartRateBpm><Value>144</Value></HeartRateBpm><Cadence>86</Cadence><SensorState>Present</SensorState></Trackpoint><Trackpoint><Time>2025-07-31T12:50:53.905Z</Time><Position><LatitudeDegrees>43.34499167</LatitudeDegrees><LongitudeDegrees>-2.83442833</LongitudeDegrees></Position><AltitudeMeters>59.437</AltitudeMeters><DistanceMeters>4076.699951171875</DistanceMeters><HeartRateBpm><Value>144</Value></HeartRateBpm><Cadence>86</Cadence><SensorState>Present</SensorState></Trackpoint><Trackpoint><Time>2025-07-31T12:50:54.905Z</Time><Position><LatitudeDegrees>43.34499667</LatitudeDegrees><LongitudeDegrees>-2.834455</LongitudeDegrees></Position><AltitudeMeters>59.589</AltitudeMeters><DistanceMeters>4079.60009765625</DistanceMeters><HeartRateBpm><Value>144</Value></HeartRateBpm><Cadence>86</Cadence><SensorState>Present</SensorState></Trackpoint><Trackpoint><Time>2025-07-31T12:50:55.905Z</Time><Position><LatitudeDegrees>43.34500333</LatitudeDegrees><LongitudeDegrees>-2.83447833</LongitudeDegrees></Position><AltitudeMeters>59.589</AltitudeMeters><DistanceMeters>4082.10009765625</DistanceMeters><HeartRateBpm><Value>144</Value></HeartRateBpm><Cadence>86</Cadence><SensorState>Present</SensorState></Trackpoint><Trackpoint><Time>2025-07-31T12:50:56.905Z</Time><Position><LatitudeDegrees>43.34501167</LatitudeDegrees><LongitudeDegrees>-2.83450167</LongitudeDegrees></Position><AltitudeMeters>59.742</AltitudeMeters><DistanceMeters>4084.60009765625</DistanceMeters><HeartRateBpm><Value>144</Value></HeartRateBpm><Cadence>86</Cadence><SensorState>Present</SensorState></Trackpoint><Trackpoint><Time>2025-07-31T12:50:57.905Z</Time><Position><LatitudeDegrees>43.345015</LatitudeDegrees><LongitudeDegrees>-2.83452667</LongitudeDegrees></Position><AltitudeMeters>59.742</AltitudeMeters><DistanceMeters>4086.699951171875</DistanceMeters><HeartRateBpm><Value>144</Value></HeartRateBpm><Cadence>86</Cadence><SensorState>Present</SensorState></Trackpoint><Trackpoint><Time>2025-07-31T12:50:58.905Z</Time><Position><LatitudeDegrees>43.34501833</LatitudeDegrees><LongitudeDegrees>-2.83455667</LongitudeDegrees></Position><AltitudeMeters>59.894</AltitudeMeters><DistanceMeters>4089.0</DistanceMeters><HeartRateBpm><Value>144</Value></HeartRateBpm><Cadence>86</Cadence><SensorState>Present</SensorState></Trackpoint><Trackpoint><Time>2025-07-31T12:50:59.905Z</Time><Position><LatitudeDegrees>43.34502333</LatitudeDegrees><LongitudeDegrees>-2.83459</LongitudeDegrees></Position><AltitudeMeters>59.894</AltitudeMeters><DistanceMeters>4091.199951171875</DistanceMeters><HeartRateBpm><Value>144</Value></HeartRateBpm><Cadence>86</Cadence><SensorState>Present</SensorState></Trackpoint><Trackpoint><Time>2025-07-31T12:51:00.905Z</Time><Position><LatitudeDegrees>43.34503167</LatitudeDegrees><LongitudeDegrees>-2.83462333</LongitudeDegrees></Position><AltitudeMeters>59.894</AltitudeMeters><DistanceMeters>4093.39990234375</DistanceMeters><HeartRateBpm><Value>144</Value></HeartRateBpm><Cadence>86</Cadence><SensorState>Present</SensorState></Trackpoint><Trackpoint><Time>2025-07-31T12:51:01.905Z</Time><Position><LatitudeDegrees>43.34503667</LatitudeDegrees><LongitudeDegrees>-2.83465833</LongitudeDegrees></Position><AltitudeMeters>59.894</AltitudeMeters><DistanceMeters>4095.699951171875</DistanceMeters><HeartRateBpm><Value>144</Value></HeartRateBpm><Cadence>86</Cadence><SensorState>Present</SensorState></Trackpoint><Trackpoint><Time>2025-07-31T12:51:02.905Z</Time><Position><LatitudeDegrees>43.34504167</LatitudeDegrees><LongitudeDegrees>-2.834695</LongitudeDegrees></Position><AltitudeMeters>60.046</AltitudeMeters><DistanceMeters>4098.2998046875</DistanceMeters><HeartRateBpm><Value>144</Value></HeartRateBpm><Cadence>86</Cadence><SensorState>Present</SensorState></Trackpoint><Trackpoint><Time>2025-07-31T12:51:03.905Z</Time><Position><LatitudeDegrees>43.34504833</LatitudeDegrees><LongitudeDegrees>-2.83473</LongitudeDegrees></Position><AltitudeMeters>60.046</AltitudeMeters><DistanceMeters>4100.89990234375</DistanceMeters><HeartRateBpm><Value>144</Value></HeartRateBpm><Cadence>86</Cadence><SensorState>Present</SensorState></Trackpoint><Trackpoint><Time>2025-07-31T12:51:04.905Z</Time><Position><LatitudeDegrees>43.34505333</LatitudeDegrees><LongitudeDegrees>-2.83476833</LongitudeDegrees></Position><AltitudeMeters>60.046</AltitudeMeters><DistanceMeters>4103.7001953125</DistanceMeters><HeartRateBpm><Value>144</Value></HeartRateBpm><Cadence>86</Cadence><SensorState>Present</SensorState></Trackpoint><Trackpoint><Time>2025-07-31T12:51:05.905Z</Time><Position><LatitudeDegrees>43.34505667</LatitudeDegrees><LongitudeDegrees>-2.83480667</LongitudeDegrees></Position><AltitudeMeters>60.046</AltitudeMeters><DistanceMeters>4106.89990234375</DistanceMeters><HeartRateBpm><Value>144</Value></HeartRateBpm><Cadence>86</Cadence><SensorState>Present</SensorState></Trackpoint><Trackpoint><Time>2025-07-31T12:51:06.905Z</Time><Position><LatitudeDegrees>43.34506</LatitudeDegrees><LongitudeDegrees>-2.83484667</LongitudeDegrees></Position><AltitudeMeters>60.046</AltitudeMeters><DistanceMeters>4110.2998046875</DistanceMeters><HeartRateBpm><Value>144</Value></HeartRateBpm><Cadence>86</Cadence><SensorState>Present</SensorState></Trackpoint><Trackpoint><Time>2025-07-31T12:51:07.905Z</Time><Position><LatitudeDegrees>43.34506167</LatitudeDegrees><LongitudeDegrees>-2.834885</LongitudeDegrees></Position><AltitudeMeters>60.046</AltitudeMeters><DistanceMeters>4113.7998046875</DistanceMeters><HeartRateBpm><Value>144</Value></HeartRateBpm><Cadence>86</Cadence><SensorState>Present</SensorState></Trackpoint><Trackpoint><Time>2025-07-31T12:51:08.905Z</Time><Position><LatitudeDegrees>43.34506167</LatitudeDegrees><LongitudeDegrees>-2.834925</LongitudeDegrees></Position><AltitudeMeters>60.046</AltitudeMeters><DistanceMeters>4117.5</DistanceMeters><HeartRateBpm><Value>144</Value></HeartRateBpm><Cadence>87</Cadence><SensorState>Present</SensorState></Trackpoint><Trackpoint><Time>2025-07-31T12:51:09.905Z</Time><Position><LatitudeDegrees>43.34506333</LatitudeDegrees><LongitudeDegrees>-2.83496833</LongitudeDegrees></Position><AltitudeMeters>60.046</AltitudeMeters><DistanceMeters>4120.89990234375</DistanceMeters><HeartRateBpm><Value>144</Value></HeartRateBpm><Cadence>88</Cadence><SensorState>Present</SensorState></Trackpoint><Trackpoint><Time>2025-07-31T12:51:10.905Z</Time><Position><LatitudeDegrees>43.34506667</LatitudeDegrees><LongitudeDegrees>-2.83501</LongitudeDegrees></Position><AltitudeMeters>60.046</AltitudeMeters><DistanceMeters>4124.2998046875</DistanceMeters><HeartRateBpm><Value>144</Value></HeartRateBpm><Cadence>88</Cadence><SensorState>Present</SensorState></Trackpoint><Trackpoint><Time>2025-07-31T12:51:11.905Z</Time><Position><LatitudeDegrees>43.34506833</LatitudeDegrees><LongitudeDegrees>-2.83505167</LongitudeDegrees></Position><AltitudeMeters>60.199</AltitudeMeters><DistanceMeters>4127.7998046875</DistanceMeters><HeartRateBpm><Value>144</Value></HeartRateBpm><Cadence>88</Cadence><SensorState>Present</SensorState></Trackpoint><Trackpoint><Time>2025-07-31T12:51:12.905Z</Time><Position><LatitudeDegrees>43.34507167</LatitudeDegrees><LongitudeDegrees>-2.83509333</LongitudeDegrees></Position><AltitudeMeters>60.199</AltitudeMeters><DistanceMeters>4131.39990234375</DistanceMeters><HeartRateBpm><Value>144</Value></HeartRateBpm><Cadence>88</Cadence><SensorState>Present</SensorState></Trackpoint><Trackpoint><Time>2025-07-31T12:51:13.905Z</Time><Position><LatitudeDegrees>43.345075</LatitudeDegrees><LongitudeDegrees>-2.83513333</LongitudeDegrees></Position><AltitudeMeters>60.199</AltitudeMeters><DistanceMeters>4134.89990234375</DistanceMeters><HeartRateBpm><Value>143</Value></HeartRateBpm><Cadence>88</Cadence><SensorState>Present</SensorState></Trackpoint><Trackpoint><Time>2025-07-31T12:51:14.905Z</Time><Position><LatitudeDegrees>43.34507667</LatitudeDegrees><LongitudeDegrees>-2.835175</LongitudeDegrees></Position><AltitudeMeters>60.199</AltitudeMeters><DistanceMeters>4138.60009765625</DistanceMeters><HeartRateBpm><Value>143</Value></HeartRateBpm><Cadence>88</Cadence><SensorState>Present</SensorState></Trackpoint><Trackpoint><Time>2025-07-31T12:51:15.905Z</Time><Position><LatitudeDegrees>43.34507667</LatitudeDegrees><LongitudeDegrees>-2.83521833</LongitudeDegrees></Position><AltitudeMeters>60.199</AltitudeMeters><DistanceMeters>4142.0</DistanceMeters><HeartRateBpm><Value>143</Value></HeartRateBpm><Cadence>88</Cadence><SensorState>Present</SensorState></Trackpoint><Trackpoint><Time>2025-07-31T12:51:16.905Z</Time><Position><LatitudeDegrees>43.34507833</LatitudeDegrees><LongitudeDegrees>-2.83526</LongitudeDegrees></Position><AltitudeMeters>60.199</AltitudeMeters><DistanceMeters>4145.5</DistanceMeters><HeartRateBpm><Value>143</Value></HeartRateBpm><Cadence>88</Cadence><SensorState>Present</SensorState></Trackpoint><Trackpoint><Time>2025-07-31T12:51:17.905Z</Time><Position><LatitudeDegrees>43.34508</LatitudeDegrees><LongitudeDegrees>-2.83530333</LongitudeDegrees></Position><AltitudeMeters>60.199</AltitudeMeters><DistanceMeters>4149.0</DistanceMeters><HeartRateBpm><Value>143</Value></HeartRateBpm><Cadence>88</Cadence><SensorState>Present</SensorState></Trackpoint><Trackpoint><Time>2025-07-31T12:51:18.905Z</Time><Position><LatitudeDegrees>43.34508</LatitudeDegrees><LongitudeDegrees>-2.835345</LongitudeDegrees></Position><AltitudeMeters>60.351</AltitudeMeters><DistanceMeters>4152.60009765625</DistanceMeters><HeartRateBpm><Value>143</Value></HeartRateBpm><Cadence>88</Cadence><SensorState>Present</SensorState></Trackpoint><Trackpoint><Time>2025-07-31T12:51:19.905Z</Time><Position><LatitudeDegrees>43.34508</LatitudeDegrees><LongitudeDegrees>-2.83538667</LongitudeDegrees></Position><AltitudeMeters>60.351</AltitudeMeters><DistanceMeters>4156.10009765625</DistanceMeters><HeartRateBpm><Value>143</Value></HeartRateBpm><Cadence>88</Cadence><SensorState>Present</SensorState></Trackpoint><Trackpoint><Time>2025-07-31T12:51:20.905Z</Time><Position><LatitudeDegrees>43.34508333</LatitudeDegrees><LongitudeDegrees>-2.83542</LongitudeDegrees></Position><AltitudeMeters>60.351</AltitudeMeters><DistanceMeters>4159.5</DistanceMeters><HeartRateBpm><Value>143</Value></HeartRateBpm><Cadence>88</Cadence><SensorState>Present</SensorState></Trackpoint><Trackpoint><Time>2025-07-31T12:51:21.905Z</Time><Position><LatitudeDegrees>43.34508833</LatitudeDegrees><LongitudeDegrees>-2.83547167</LongitudeDegrees></Position><AltitudeMeters>60.351</AltitudeMeters><DistanceMeters>4162.89990234375</DistanceMeters><HeartRateBpm><Value>143</Value></HeartRateBpm><Cadence>88</Cadence><SensorState>Present</SensorState></Trackpoint><Trackpoint><Time>2025-07-31T12:51:22.905Z</Time><Position><LatitudeDegrees>43.34509167</LatitudeDegrees><LongitudeDegrees>-2.83551333</LongitudeDegrees></Position><AltitudeMeters>60.351</AltitudeMeters><DistanceMeters>4165.89990234375</DistanceMeters><HeartRateBpm><Value>143</Value></HeartRateBpm><Cadence>88</Cadence><SensorState>Present</SensorState></Trackpoint><Trackpoint><Time>2025-07-31T12:51:23.905Z</Time><Position><LatitudeDegrees>43.345095</LatitudeDegrees><LongitudeDegrees>-2.835555</LongitudeDegrees></Position><AltitudeMeters>60.351</AltitudeMeters><DistanceMeters>4169.7998046875</DistanceMeters><HeartRateBpm><Value>143</Value></HeartRateBpm><Cadence>88</Cadence><SensorState>Present</SensorState></Trackpoint><Trackpoint><Time>2025-07-31T12:51:24.905Z</Time><Position><LatitudeDegrees>43.34509667</LatitudeDegrees><LongitudeDegrees>-2.83559833</LongitudeDegrees></Position><AltitudeMeters>60.351</AltitudeMeters><DistanceMeters>4173.2998046875</DistanceMeters><HeartRateBpm><Value>142</Value></HeartRateBpm><Cadence>88</Cadence><SensorState>Present</SensorState></Trackpoint><Trackpoint><Time>2025-07-31T12:51:25.905Z</Time><Position><LatitudeDegrees>43.3451</LatitudeDegrees><LongitudeDegrees>-2.83564167</LongitudeDegrees></Position><AltitudeMeters>60.351</AltitudeMeters><DistanceMeters>4176.7001953125</DistanceMeters><HeartRateBpm><Value>142</Value></HeartRateBpm><Cadence>87</Cadence><SensorState>Present</SensorState></Trackpoint><Trackpoint><Time>2025-07-31T12:51:26.905Z</Time><Position><LatitudeDegrees>43.345105</LatitudeDegrees><LongitudeDegrees>-2.835685</LongitudeDegrees></Position><AltitudeMeters>60.351</AltitudeMeters><DistanceMeters>4180.2998046875</DistanceMeters><HeartRateBpm><Value>142</Value></HeartRateBpm><Cadence>86</Cadence><SensorState>Present</SensorState></Trackpoint><Trackpoint><Time>2025-07-31T12:51:27.905Z</Time><Position><LatitudeDegrees>43.34510833</LatitudeDegrees><LongitudeDegrees>-2.83572833</LongitudeDegrees></Position><AltitudeMeters>60.351</AltitudeMeters><DistanceMeters>4183.7998046875</DistanceMeters><HeartRateBpm><Value>141</Value></HeartRateBpm><Cadence>86</Cadence><SensorState>Present</SensorState></Trackpoint><Trackpoint><Time>2025-07-31T12:51:28.905Z</Time><Position><LatitudeDegrees>43.34511333</LatitudeDegrees><LongitudeDegrees>-2.83577333</LongitudeDegrees></Position><AltitudeMeters>60.351</AltitudeMeters><DistanceMeters>4187.2998046875</DistanceMeters><HeartRateBpm><Value>141</Value></HeartRateBpm><Cadence>86</Cadence><SensorState>Present</SensorState></Trackpoint><Trackpoint><Time>2025-07-31T12:51:29.905Z</Time><Position><LatitudeDegrees>43.34512167</LatitudeDegrees><LongitudeDegrees>-2.83581667</LongitudeDegrees></Position><AltitudeMeters>60.351</AltitudeMeters><DistanceMeters>4191.0</DistanceMeters><HeartRateBpm><Value>141</Value></HeartRateBpm><Cadence>86</Cadence><SensorState>Present</SensorState></Trackpoint><Trackpoint><Time>2025-07-31T12:51:30.905Z</Time><Position><LatitudeDegrees>43.34513167</LatitudeDegrees><LongitudeDegrees>-2.83586</LongitudeDegrees></Position><AltitudeMeters>60.351</AltitudeMeters><DistanceMeters>4194.7001953125</DistanceMeters><HeartRateBpm><Value>140</Value></HeartRateBpm><Cadence>87</Cadence><SensorState>Present</SensorState></Trackpoint><Trackpoint><Time>2025-07-31T12:51:31.905Z</Time><Position><LatitudeDegrees>43.34514333</LatitudeDegrees><LongitudeDegrees>-2.83590167</LongitudeDegrees></Position><AltitudeMeters>60.351</AltitudeMeters><DistanceMeters>4198.7001953125</DistanceMeters><HeartRateBpm><Value>140</Value></HeartRateBpm><Cadence>88</Cadence><SensorState>Present</SensorState></Trackpoint><Trackpoint><Time>2025-07-31T12:51:32.905Z</Time><Position><LatitudeDegrees>43.34515333</LatitudeDegrees><LongitudeDegrees>-2.83594333</LongitudeDegrees></Position><AltitudeMeters>60.199</AltitudeMeters><DistanceMeters>4202.10009765625</DistanceMeters><HeartRateBpm><Value>139</Value></HeartRateBpm><Cadence>88</Cadence><SensorState>Present</SensorState></Trackpoint><Trackpoint><Time>2025-07-31T12:51:33.905Z</Time><Position><LatitudeDegrees>43.34516167</LatitudeDegrees><LongitudeDegrees>-2.83598833</LongitudeDegrees></Position><AltitudeMeters>60.199</AltitudeMeters><DistanceMeters>4205.89990234375</DistanceMeters><HeartRateBpm><Value>139</Value></HeartRateBpm><Cadence>88</Cadence><SensorState>Present</SensorState></Trackpoint><Trackpoint><Time>2025-07-31T12:51:34.905Z</Time><Position><LatitudeDegrees>43.34516833</LatitudeDegrees><LongitudeDegrees>-2.83603167</LongitudeDegrees></Position><AltitudeMeters>60.199</AltitudeMeters><DistanceMeters>4209.5</DistanceMeters><HeartRateBpm><Value>139</Value></HeartRateBpm><Cadence>88</Cadence><SensorState>Present</SensorState></Trackpoint><Trackpoint><Time>2025-07-31T12:51:35.905Z</Time><Position><LatitudeDegrees>43.345175</LatitudeDegrees><LongitudeDegrees>-2.83607167</LongitudeDegrees></Position><AltitudeMeters>60.046</AltitudeMeters><DistanceMeters>4213.2998046875</DistanceMeters><HeartRateBpm><Value>139</Value></HeartRateBpm><Cadence>88</Cadence><SensorState>Present</SensorState></Trackpoint><Trackpoint><Time>2025-07-31T12:51:36.905Z</Time><Position><LatitudeDegrees>43.34518</LatitudeDegrees><LongitudeDegrees>-2.83611333</LongitudeDegrees></Position><AltitudeMeters>60.046</AltitudeMeters><DistanceMeters>4217.0</DistanceMeters><HeartRateBpm><Value>139</Value></HeartRateBpm><Cadence>86</Cadence><SensorState>Present</SensorState></Trackpoint><Trackpoint><Time>2025-07-31T12:51:37.905Z</Time><Position><LatitudeDegrees>43.345185</LatitudeDegrees><LongitudeDegrees>-2.83615167</LongitudeDegrees></Position><AltitudeMeters>59.894</AltitudeMeters><DistanceMeters>4220.5</DistanceMeters><HeartRateBpm><Value>139</Value></HeartRateBpm><Cadence>87</Cadence><SensorState>Present</SensorState></Trackpoint><Trackpoint><Time>2025-07-31T12:51:38.905Z</Time><Position><LatitudeDegrees>43.34519167</LatitudeDegrees><LongitudeDegrees>-2.83619</LongitudeDegrees></Position><AltitudeMeters>59.742</AltitudeMeters><DistanceMeters>4224.0</DistanceMeters><HeartRateBpm><Value>139</Value></HeartRateBpm><Cadence>88</Cadence><SensorState>Present</SensorState></Trackpoint><Trackpoint><Time>2025-07-31T12:51:39.905Z</Time><Position><LatitudeDegrees>43.34519833</LatitudeDegrees><LongitudeDegrees>-2.836225</LongitudeDegrees></Position><AltitudeMeters>59.742</AltitudeMeters><DistanceMeters>4227.10009765625</DistanceMeters><HeartRateBpm><Value>138</Value></HeartRateBpm><Cadence>88</Cadence><SensorState>Present</SensorState></Trackpoint><Trackpoint><Time>2025-07-31T12:51:40.905Z</Time><Position><LatitudeDegrees>43.345205</LatitudeDegrees><LongitudeDegrees>-2.83626</LongitudeDegrees></Position><AltitudeMeters>59.589</AltitudeMeters><DistanceMeters>4230.2001953125</DistanceMeters><HeartRateBpm><Value>138</Value></HeartRateBpm><Cadence>88</Cadence><SensorState>Present</SensorState></Trackpoint><Trackpoint><Time>2025-07-31T12:51:41.905Z</Time><Position><LatitudeDegrees>43.34521167</LatitudeDegrees><LongitudeDegrees>-2.836295</LongitudeDegrees></Position><AltitudeMeters>59.437</AltitudeMeters><DistanceMeters>4233.2998046875</DistanceMeters><HeartRateBpm><Value>138</Value></HeartRateBpm><Cadence>90</Cadence><SensorState>Present</SensorState></Trackpoint><Trackpoint><Time>2025-07-31T12:51:42.905Z</Time><Position><LatitudeDegrees>43.34521</LatitudeDegrees><LongitudeDegrees>-2.83632667</LongitudeDegrees></Position><AltitudeMeters>59.437</AltitudeMeters><DistanceMeters>4236.10009765625</DistanceMeters><HeartRateBpm><Value>138</Value></HeartRateBpm><Cadence>89</Cadence><SensorState>Present</SensorState></Trackpoint><Trackpoint><Time>2025-07-31T12:51:43.905Z</Time><Position><LatitudeDegrees>43.34520833</LatitudeDegrees><LongitudeDegrees>-2.83636167</LongitudeDegrees></Position><AltitudeMeters>59.284</AltitudeMeters><DistanceMeters>4239.10009765625</DistanceMeters><HeartRateBpm><Value>138</Value></HeartRateBpm><Cadence>89</Cadence><SensorState>Present</SensorState></Trackpoint><Trackpoint><Time>2025-07-31T12:51:44.905Z</Time><Position><LatitudeDegrees>43.34521</LatitudeDegrees><LongitudeDegrees>-2.83640333</LongitudeDegrees></Position><AltitudeMeters>59.132</AltitudeMeters><DistanceMeters>4241.39990234375</DistanceMeters><HeartRateBpm><Value>137</Value></HeartRateBpm><Cadence>89</Cadence><SensorState>Present</SensorState></Trackpoint><Trackpoint><Time>2025-07-31T12:51:45.905Z</Time><Position><LatitudeDegrees>43.34521167</LatitudeDegrees><LongitudeDegrees>-2.836445</LongitudeDegrees></Position><AltitudeMeters>59.132</AltitudeMeters><DistanceMeters>4243.89990234375</DistanceMeters><HeartRateBpm><Value>137</Value></HeartRateBpm><Cadence>89</Cadence><SensorState>Present</SensorState></Trackpoint><Trackpoint><Time>2025-07-31T12:51:46.905Z</Time><Position><LatitudeDegrees>43.34521667</LatitudeDegrees><LongitudeDegrees>-2.83648667</LongitudeDegrees></Position><AltitudeMeters>58.98</AltitudeMeters><DistanceMeters>4247.0</DistanceMeters><HeartRateBpm><Value>137</Value></HeartRateBpm><Cadence>89</Cadence><SensorState>Present</SensorState></Trackpoint><Trackpoint><Time>2025-07-31T12:51:47.905Z</Time><Position><LatitudeDegrees>43.34522167</LatitudeDegrees><LongitudeDegrees>-2.83653167</LongitudeDegrees></Position><AltitudeMeters>58.827</AltitudeMeters><DistanceMeters>4250.0</DistanceMeters><HeartRateBpm><Value>137</Value></HeartRateBpm><Cadence>89</Cadence><SensorState>Present</SensorState></Trackpoint><Trackpoint><Time>2025-07-31T12:51:48.905Z</Time><Position><LatitudeDegrees>43.34523</LatitudeDegrees><LongitudeDegrees>-2.836575</LongitudeDegrees></Position><AltitudeMeters>58.827</AltitudeMeters><DistanceMeters>4253.10009765625</DistanceMeters><HeartRateBpm><Value>137</Value></HeartRateBpm><Cadence>89</Cadence><SensorState>Present</SensorState></Trackpoint><Trackpoint><Time>2025-07-31T12:51:49.905Z</Time><Position><LatitudeDegrees>43.34523833</LatitudeDegrees><LongitudeDegrees>-2.83662667</LongitudeDegrees></Position><AltitudeMeters>58.675</AltitudeMeters><DistanceMeters>4256.5</DistanceMeters><HeartRateBpm><Value>136</Value></HeartRateBpm><Cadence>89</Cadence><SensorState>Present</SensorState></Trackpoint><Trackpoint><Time>2025-07-31T12:51:50.905Z</Time><Position><LatitudeDegrees>43.34524833</LatitudeDegrees><LongitudeDegrees>-2.83667667</LongitudeDegrees></Position><AltitudeMeters>58.675</AltitudeMeters><DistanceMeters>4260.2001953125</DistanceMeters><HeartRateBpm><Value>136</Value></HeartRateBpm><Cadence>89</Cadence><SensorState>Present</SensorState></Trackpoint><Trackpoint><Time>2025-07-31T12:51:51.905Z</Time><Position><LatitudeDegrees>43.34525667</LatitudeDegrees><LongitudeDegrees>-2.83672333</LongitudeDegrees></Position><AltitudeMeters>58.522</AltitudeMeters><DistanceMeters>4264.39990234375</DistanceMeters><HeartRateBpm><Value>136</Value></HeartRateBpm><Cadence>86</Cadence><SensorState>Present</SensorState></Trackpoint><Trackpoint><Time>2025-07-31T12:51:52.905Z</Time><Position><LatitudeDegrees>43.34526333</LatitudeDegrees><LongitudeDegrees>-2.83677167</LongitudeDegrees></Position><AltitudeMeters>58.37</AltitudeMeters><DistanceMeters>4268.7001953125</DistanceMeters><HeartRateBpm><Value>136</Value></HeartRateBpm><Cadence>87</Cadence><SensorState>Present</SensorState></Trackpoint><Trackpoint><Time>2025-07-31T12:51:53.905Z</Time><Position><LatitudeDegrees>43.34526833</LatitudeDegrees><LongitudeDegrees>-2.83682</LongitudeDegrees></Position><AltitudeMeters>58.37</AltitudeMeters><DistanceMeters>4273.2998046875</DistanceMeters><HeartRateBpm><Value>136</Value></HeartRateBpm><Cadence>86</Cadence><SensorState>Present</SensorState></Trackpoint><Trackpoint><Time>2025-07-31T12:51:54.905Z</Time><Position><LatitudeDegrees>43.34527333</LatitudeDegrees><LongitudeDegrees>-2.83686667</LongitudeDegrees></Position><AltitudeMeters>58.218</AltitudeMeters><DistanceMeters>4277.7998046875</DistanceMeters><HeartRateBpm><Value>135</Value></HeartRateBpm><Cadence>88</Cadence><SensorState>Present</SensorState></Trackpoint><Trackpoint><Time>2025-07-31T12:51:55.905Z</Time><Position><LatitudeDegrees>43.34527667</LatitudeDegrees><LongitudeDegrees>-2.83691333</LongitudeDegrees></Position><AltitudeMeters>58.065</AltitudeMeters><DistanceMeters>4282.10009765625</DistanceMeters><HeartRateBpm><Value>135</Value></HeartRateBpm><Cadence>87</Cadence><SensorState>Present</SensorState></Trackpoint><Trackpoint><Time>2025-07-31T12:51:56.905Z</Time><Position><LatitudeDegrees>43.34528</LatitudeDegrees><LongitudeDegrees>-2.83696</LongitudeDegrees></Position><AltitudeMeters>57.913</AltitudeMeters><DistanceMeters>4286.39990234375</DistanceMeters><HeartRateBpm><Value>135</Value></HeartRateBpm><Cadence>87</Cadence><SensorState>Present</SensorState></Trackpoint><Trackpoint><Time>2025-07-31T12:51:57.905Z</Time><Position><LatitudeDegrees>43.345285</LatitudeDegrees><LongitudeDegrees>-2.83700833</LongitudeDegrees></Position><AltitudeMeters>57.76</AltitudeMeters><DistanceMeters>4290.5</DistanceMeters><HeartRateBpm><Value>135</Value></HeartRateBpm><Cadence>88</Cadence><SensorState>Present</SensorState></Trackpoint><Trackpoint><Time>2025-07-31T12:51:58.905Z</Time><Position><LatitudeDegrees>43.34529167</LatitudeDegrees><LongitudeDegrees>-2.83705333</LongitudeDegrees></Position><AltitudeMeters>57.608</AltitudeMeters><DistanceMeters>4294.39990234375</DistanceMeters><HeartRateBpm><Value>135</Value></HeartRateBpm><Cadence>88</Cadence><SensorState>Present</SensorState></Trackpoint><Trackpoint><Time>2025-07-31T12:51:59.905Z</Time><Position><LatitudeDegrees>43.34529833</LatitudeDegrees><LongitudeDegrees>-2.83709667</LongitudeDegrees></Position><AltitudeMeters>57.608</AltitudeMeters><DistanceMeters>4298.60009765625</DistanceMeters><HeartRateBpm><Value>135</Value></HeartRateBpm><Cadence>88</Cadence><SensorState>Present</SensorState></Trackpoint><Trackpoint><Time>2025-07-31T12:52:00.905Z</Time><Position><LatitudeDegrees>43.34530667</LatitudeDegrees><LongitudeDegrees>-2.83714</LongitudeDegrees></Position><AltitudeMeters>57.455</AltitudeMeters><DistanceMeters>4302.2001953125</DistanceMeters><HeartRateBpm><Value>135</Value></HeartRateBpm><Cadence>88</Cadence><SensorState>Present</SensorState></Trackpoint><Trackpoint><Time>2025-07-31T12:52:01.905Z</Time><Position><LatitudeDegrees>43.34531333</LatitudeDegrees><LongitudeDegrees>-2.83718333</LongitudeDegrees></Position><AltitudeMeters>57.303</AltitudeMeters><DistanceMeters>4305.5</DistanceMeters><HeartRateBpm><Value>134</Value></HeartRateBpm><Cadence>86</Cadence><SensorState>Present</SensorState></Trackpoint><Trackpoint><Time>2025-07-31T12:52:02.905Z</Time><Position><LatitudeDegrees>43.34531833</LatitudeDegrees><LongitudeDegrees>-2.83722667</LongitudeDegrees></Position><AltitudeMeters>57.151</AltitudeMeters><DistanceMeters>4309.2998046875</DistanceMeters><HeartRateBpm><Value>134</Value></HeartRateBpm><Cadence>86</Cadence><SensorState>Present</SensorState></Trackpoint><Trackpoint><Time>2025-07-31T12:52:03.905Z</Time><Position><LatitudeDegrees>43.34532333</LatitudeDegrees><LongitudeDegrees>-2.83727</LongitudeDegrees></Position><AltitudeMeters>56.998</AltitudeMeters><DistanceMeters>4312.7998046875</DistanceMeters><HeartRateBpm><Value>134</Value></HeartRateBpm><Cadence>86</Cadence><SensorState>Present</SensorState></Trackpoint><Trackpoint><Time>2025-07-31T12:52:04.905Z</Time><Position><LatitudeDegrees>43.34533333</LatitudeDegrees><LongitudeDegrees>-2.83731333</LongitudeDegrees></Position><AltitudeMeters>56.846</AltitudeMeters><DistanceMeters>4316.2001953125</DistanceMeters><HeartRateBpm><Value>134</Value></HeartRateBpm><Cadence>87</Cadence><SensorState>Present</SensorState></Trackpoint><Trackpoint><Time>2025-07-31T12:52:05.905Z</Time><Position><LatitudeDegrees>43.34534333</LatitudeDegrees><LongitudeDegrees>-2.837355</LongitudeDegrees></Position><AltitudeMeters>56.693</AltitudeMeters><DistanceMeters>4319.89990234375</DistanceMeters><HeartRateBpm><Value>134</Value></HeartRateBpm><Cadence>88</Cadence><SensorState>Present</SensorState></Trackpoint><Trackpoint><Time>2025-07-31T12:52:06.905Z</Time><Position><LatitudeDegrees>43.34535333</LatitudeDegrees><LongitudeDegrees>-2.83739833</LongitudeDegrees></Position><AltitudeMeters>56.541</AltitudeMeters><DistanceMeters>4323.39990234375</DistanceMeters><HeartRateBpm><Value>134</Value></HeartRateBpm><Cadence>88</Cadence><SensorState>Present</SensorState></Trackpoint><Trackpoint><Time>2025-07-31T12:52:07.905Z</Time><Position><LatitudeDegrees>43.34536833</LatitudeDegrees><LongitudeDegrees>-2.83743833</LongitudeDegrees></Position><AltitudeMeters>56.389</AltitudeMeters><DistanceMeters>4326.89990234375</DistanceMeters><HeartRateBpm><Value>135</Value></HeartRateBpm><Cadence>88</Cadence><SensorState>Present</SensorState></Trackpoint><Trackpoint><Time>2025-07-31T12:52:08.905Z</Time><Position><LatitudeDegrees>43.34538667</LatitudeDegrees><LongitudeDegrees>-2.83747833</LongitudeDegrees></Position><AltitudeMeters>56.236</AltitudeMeters><DistanceMeters>4330.39990234375</DistanceMeters><HeartRateBpm><Value>135</Value></HeartRateBpm><Cadence>86</Cadence><SensorState>Present</SensorState></Trackpoint><Trackpoint><Time>2025-07-31T12:52:09.905Z</Time><Position><LatitudeDegrees>43.34540333</LatitudeDegrees><LongitudeDegrees>-2.83751833</LongitudeDegrees></Position><AltitudeMeters>55.931</AltitudeMeters><DistanceMeters>4334.0</DistanceMeters><HeartRateBpm><Value>135</Value></HeartRateBpm><Cadence>87</Cadence><SensorState>Present</SensorState></Trackpoint><Trackpoint><Time>2025-07-31T12:52:10.905Z</Time><Position><LatitudeDegrees>43.34541833</LatitudeDegrees><LongitudeDegrees>-2.83756</LongitudeDegrees></Position><AltitudeMeters>55.779</AltitudeMeters><DistanceMeters>4337.7001953125</DistanceMeters><HeartRateBpm><Value>135</Value></HeartRateBpm><Cadence>88</Cadence><SensorState>Present</SensorState></Trackpoint><Trackpoint><Time>2025-07-31T12:52:11.905Z</Time><Position><LatitudeDegrees>43.34543833</LatitudeDegrees><LongitudeDegrees>-2.83759833</LongitudeDegrees></Position><AltitudeMeters>55.627</AltitudeMeters><DistanceMeters>4341.5</DistanceMeters><HeartRateBpm><Value>135</Value></HeartRateBpm><Cadence>88</Cadence><SensorState>Present</SensorState></Trackpoint><Trackpoint><Time>2025-07-31T12:52:12.905Z</Time><Position><LatitudeDegrees>43.34545333</LatitudeDegrees><LongitudeDegrees>-2.83763667</LongitudeDegrees></Position><AltitudeMeters>55.474</AltitudeMeters><DistanceMeters>4345.2998046875</DistanceMeters><HeartRateBpm><Value>136</Value></HeartRateBpm><Cadence>88</Cadence><SensorState>Present</SensorState></Trackpoint><Trackpoint><Time>2025-07-31T12:52:13.905Z</Time><Position><LatitudeDegrees>43.34546833</LatitudeDegrees><LongitudeDegrees>-2.83767667</LongitudeDegrees></Position><AltitudeMeters>55.322</AltitudeMeters><DistanceMeters>4349.0</DistanceMeters><HeartRateBpm><Value>136</Value></HeartRateBpm><Cadence>88</Cadence><SensorState>Present</SensorState></Trackpoint><Trackpoint><Time>2025-07-31T12:52:14.905Z</Time><Position><LatitudeDegrees>43.34548167</LatitudeDegrees><LongitudeDegrees>-2.83771833</LongitudeDegrees></Position><AltitudeMeters>55.017</AltitudeMeters><DistanceMeters>4352.7998046875</DistanceMeters><HeartRateBpm><Value>136</Value></HeartRateBpm><Cadence>86</Cadence><SensorState>Present</SensorState></Trackpoint><Trackpoint><Time>2025-07-31T12:52:15.905Z</Time><Position><LatitudeDegrees>43.345495</LatitudeDegrees><LongitudeDegrees>-2.83776</LongitudeDegrees></Position><AltitudeMeters>54.865</AltitudeMeters><DistanceMeters>4356.5</DistanceMeters><HeartRateBpm><Value>136</Value></HeartRateBpm><Cadence>86</Cadence><SensorState>Present</SensorState></Trackpoint><Trackpoint><Time>2025-07-31T12:52:16.905Z</Time><Position><LatitudeDegrees>43.34550833</LatitudeDegrees><LongitudeDegrees>-2.83780167</LongitudeDegrees></Position><AltitudeMeters>54.712</AltitudeMeters><DistanceMeters>4360.2998046875</DistanceMeters><HeartRateBpm><Value>136</Value></HeartRateBpm><Cadence>86</Cadence><SensorState>Present</SensorState></Trackpoint><Trackpoint><Time>2025-07-31T12:52:17.905Z</Time><Position><LatitudeDegrees>43.34552167</LatitudeDegrees><LongitudeDegrees>-2.83784</LongitudeDegrees></Position><AltitudeMeters>54.56</AltitudeMeters><DistanceMeters>4364.0</DistanceMeters><HeartRateBpm><Value>136</Value></HeartRateBpm><Cadence>87</Cadence><SensorState>Present</SensorState></Trackpoint><Trackpoint><Time>2025-07-31T12:52:18.905Z</Time><Position><LatitudeDegrees>43.34553667</LatitudeDegrees><LongitudeDegrees>-2.83788</LongitudeDegrees></Position><AltitudeMeters>54.407</AltitudeMeters><DistanceMeters>4367.7001953125</DistanceMeters><HeartRateBpm><Value>135</Value></HeartRateBpm><Cadence>88</Cadence><SensorState>Present</SensorState></Trackpoint><Trackpoint><Time>2025-07-31T12:52:19.905Z</Time><Position><LatitudeDegrees>43.34554833</LatitudeDegrees><LongitudeDegrees>-2.837915</LongitudeDegrees></Position><AltitudeMeters>54.255</AltitudeMeters><DistanceMeters>4371.2001953125</DistanceMeters><HeartRateBpm><Value>135</Value></HeartRateBpm><Cadence>88</Cadence><SensorState>Present</SensorState></Trackpoint><Trackpoint><Time>2025-07-31T12:52:20.905Z</Time><Position><LatitudeDegrees>43.34556167</LatitudeDegrees><LongitudeDegrees>-2.837955</LongitudeDegrees></Position><AltitudeMeters>54.103</AltitudeMeters><DistanceMeters>4374.7998046875</DistanceMeters><HeartRateBpm><Value>135</Value></HeartRateBpm><Cadence>88</Cadence><SensorState>Present</SensorState></Trackpoint><Trackpoint><Time>2025-07-31T12:52:21.905Z</Time><Position><LatitudeDegrees>43.345575</LatitudeDegrees><LongitudeDegrees>-2.83799333</LongitudeDegrees></Position><AltitudeMeters>53.798</AltitudeMeters><DistanceMeters>4378.0</DistanceMeters><HeartRateBpm><Value>135</Value></HeartRateBpm><Cadence>88</Cadence><SensorState>Present</SensorState></Trackpoint><Trackpoint><Time>2025-07-31T12:52:22.905Z</Time><Position><LatitudeDegrees>43.34558667</LatitudeDegrees><LongitudeDegrees>-2.83803</LongitudeDegrees></Position><AltitudeMeters>53.645</AltitudeMeters><DistanceMeters>4381.39990234375</DistanceMeters><HeartRateBpm><Value>135</Value></HeartRateBpm><Cadence>88</Cadence><SensorState>Present</SensorState></Trackpoint><Trackpoint><Time>2025-07-31T12:52:23.905Z</Time><Position><LatitudeDegrees>43.34560333</LatitudeDegrees><LongitudeDegrees>-2.838065</LongitudeDegrees></Position><AltitudeMeters>53.493</AltitudeMeters><DistanceMeters>4384.89990234375</DistanceMeters><HeartRateBpm><Value>135</Value></HeartRateBpm><Cadence>88</Cadence><SensorState>Present</SensorState></Trackpoint><Trackpoint><Time>2025-07-31T12:52:24.905Z</Time><Position><LatitudeDegrees>43.34562</LatitudeDegrees><LongitudeDegrees>-2.83809667</LongitudeDegrees></Position><AltitudeMeters>53.188</AltitudeMeters><DistanceMeters>4388.2998046875</DistanceMeters><HeartRateBpm><Value>135</Value></HeartRateBpm><Cadence>88</Cadence><SensorState>Present</SensorState></Trackpoint><Trackpoint><Time>2025-07-31T12:52:25.905Z</Time><Position><LatitudeDegrees>43.34563667</LatitudeDegrees><LongitudeDegrees>-2.83812667</LongitudeDegrees></Position><AltitudeMeters>53.036</AltitudeMeters><DistanceMeters>4391.39990234375</DistanceMeters><HeartRateBpm><Value>135</Value></HeartRateBpm><Cadence>86</Cadence><SensorState>Present</SensorState></Trackpoint><Trackpoint><Time>2025-07-31T12:52:26.905Z</Time><Position><LatitudeDegrees>43.345655</LatitudeDegrees><LongitudeDegrees>-2.83815333</LongitudeDegrees></Position><AltitudeMeters>52.883</AltitudeMeters><DistanceMeters>4394.60009765625</DistanceMeters><HeartRateBpm><Value>135</Value></HeartRateBpm><Cadence>86</Cadence><SensorState>Present</SensorState></Trackpoint><Trackpoint><Time>2025-07-31T12:52:27.905Z</Time><Position><LatitudeDegrees>43.34567333</LatitudeDegrees><LongitudeDegrees>-2.83818</LongitudeDegrees></Position><AltitudeMeters>52.579</AltitudeMeters><DistanceMeters>4397.60009765625</DistanceMeters><HeartRateBpm><Value>135</Value></HeartRateBpm><Cadence>86</Cadence><SensorState>Present</SensorState></Trackpoint><Trackpoint><Time>2025-07-31T12:52:28.905Z</Time><Position><LatitudeDegrees>43.34569333</LatitudeDegrees><LongitudeDegrees>-2.83820667</LongitudeDegrees></Position><AltitudeMeters>52.426</AltitudeMeters><DistanceMeters>4400.5</DistanceMeters><HeartRateBpm><Value>136</Value></HeartRateBpm><Cadence>86</Cadence><SensorState>Present</SensorState></Trackpoint><Trackpoint><Time>2025-07-31T12:52:29.905Z</Time><Position><LatitudeDegrees>43.34571333</LatitudeDegrees><LongitudeDegrees>-2.83823167</LongitudeDegrees></Position><AltitudeMeters>52.274</AltitudeMeters><DistanceMeters>4403.39990234375</DistanceMeters><HeartRateBpm><Value>136</Value></HeartRateBpm><Cadence>86</Cadence><SensorState>Present</SensorState></Trackpoint><Trackpoint><Time>2025-07-31T12:52:30.905Z</Time><Position><LatitudeDegrees>43.34573333</LatitudeDegrees><LongitudeDegrees>-2.83825667</LongitudeDegrees></Position><AltitudeMeters>52.121</AltitudeMeters><DistanceMeters>4406.5</DistanceMeters><HeartRateBpm><Value>136</Value></HeartRateBpm><Cadence>86</Cadence><SensorState>Present</SensorState></Trackpoint><Trackpoint><Time>2025-07-31T12:52:31.905Z</Time><Position><LatitudeDegrees>43.34575333</LatitudeDegrees><LongitudeDegrees>-2.83828</LongitudeDegrees></Position><AltitudeMeters>51.817</AltitudeMeters><DistanceMeters>4409.2001953125</DistanceMeters><HeartRateBpm><Value>136</Value></HeartRateBpm><Cadence>86</Cadence><SensorState>Present</SensorState></Trackpoint><Trackpoint><Time>2025-07-31T12:52:32.905Z</Time><Position><LatitudeDegrees>43.34577333</LatitudeDegrees><LongitudeDegrees>-2.83830333</LongitudeDegrees></Position><AltitudeMeters>51.664</AltitudeMeters><DistanceMeters>4412.0</DistanceMeters><HeartRateBpm><Value>136</Value></HeartRateBpm><Cadence>86</Cadence><SensorState>Present</SensorState></Trackpoint><Trackpoint><Time>2025-07-31T12:52:33.905Z</Time><Position><LatitudeDegrees>43.345795</LatitudeDegrees><LongitudeDegrees>-2.838325</LongitudeDegrees></Position><AltitudeMeters>51.512</AltitudeMeters><DistanceMeters>4414.89990234375</DistanceMeters><HeartRateBpm><Value>136</Value></HeartRateBpm><Cadence>86</Cadence><SensorState>Present</SensorState></Trackpoint><Trackpoint><Time>2025-07-31T12:52:34.905Z</Time><Position><LatitudeDegrees>43.34581667</LatitudeDegrees><LongitudeDegrees>-2.838345</LongitudeDegrees></Position><AltitudeMeters>51.207</AltitudeMeters><DistanceMeters>4417.60009765625</DistanceMeters><HeartRateBpm><Value>136</Value></HeartRateBpm><Cadence>86</Cadence><SensorState>Present</SensorState></Trackpoint><Trackpoint><Time>2025-07-31T12:52:35.905Z</Time><Position><LatitudeDegrees>43.34583833</LatitudeDegrees><LongitudeDegrees>-2.83836667</LongitudeDegrees></Position><AltitudeMeters>51.055</AltitudeMeters><DistanceMeters>4420.60009765625</DistanceMeters><HeartRateBpm><Value>136</Value></HeartRateBpm><Cadence>86</Cadence><SensorState>Present</SensorState></Trackpoint><Trackpoint><Time>2025-07-31T12:52:36.905Z</Time><Position><LatitudeDegrees>43.34585833</LatitudeDegrees><LongitudeDegrees>-2.83838667</LongitudeDegrees></Position><AltitudeMeters>50.902</AltitudeMeters><DistanceMeters>4423.5</DistanceMeters><HeartRateBpm><Value>136</Value></HeartRateBpm><Cadence>86</Cadence><SensorState>Present</SensorState></Trackpoint><Trackpoint><Time>2025-07-31T12:52:37.905Z</Time><Position><LatitudeDegrees>43.34587833</LatitudeDegrees><LongitudeDegrees>-2.83840833</LongitudeDegrees></Position><AltitudeMeters>50.75</AltitudeMeters><DistanceMeters>4426.5</DistanceMeters><HeartRateBpm><Value>137</Value></HeartRateBpm><Cadence>86</Cadence><SensorState>Present</SensorState></Trackpoint><Trackpoint><Time>2025-07-31T12:52:38.905Z</Time><Position><LatitudeDegrees>43.34589833</LatitudeDegrees><LongitudeDegrees>-2.83843</LongitudeDegrees></Position><AltitudeMeters>50.445</AltitudeMeters><DistanceMeters>4429.2998046875</DistanceMeters><HeartRateBpm><Value>137</Value></HeartRateBpm><Cadence>86</Cadence><SensorState>Present</SensorState></Trackpoint><Trackpoint><Time>2025-07-31T12:52:39.905Z</Time><Position><LatitudeDegrees>43.34591833</LatitudeDegrees><LongitudeDegrees>-2.838455</LongitudeDegrees></Position><AltitudeMeters>50.293</AltitudeMeters><DistanceMeters>4432.0</DistanceMeters><HeartRateBpm><Value>137</Value></HeartRateBpm><Cadence>86</Cadence><SensorState>Present</SensorState></Trackpoint><Trackpoint><Time>2025-07-31T12:52:40.905Z</Time><Position><LatitudeDegrees>43.34593667</LatitudeDegrees><LongitudeDegrees>-2.83847833</LongitudeDegrees></Position><AltitudeMeters>50.14</AltitudeMeters><DistanceMeters>4434.7001953125</DistanceMeters><HeartRateBpm><Value>137</Value></HeartRateBpm><Cadence>86</Cadence><SensorState>Present</SensorState></Trackpoint><Trackpoint><Time>2025-07-31T12:52:41.905Z</Time><Position><LatitudeDegrees>43.345955</LatitudeDegrees><LongitudeDegrees>-2.83850333</LongitudeDegrees></Position><AltitudeMeters>49.988</AltitudeMeters><DistanceMeters>4437.7001953125</DistanceMeters><HeartRateBpm><Value>137</Value></HeartRateBpm><Cadence>86</Cadence><SensorState>Present</SensorState></Trackpoint><Trackpoint><Time>2025-07-31T12:52:42.905Z</Time><Position><LatitudeDegrees>43.34597167</LatitudeDegrees><LongitudeDegrees>-2.83853</LongitudeDegrees></Position><AltitudeMeters>49.683</AltitudeMeters><DistanceMeters>4440.60009765625</DistanceMeters><HeartRateBpm><Value>137</Value></HeartRateBpm><Cadence>86</Cadence><SensorState>Present</SensorState></Trackpoint><Trackpoint><Time>2025-07-31T12:52:43.905Z</Time><Position><LatitudeDegrees>43.34598833</LatitudeDegrees><LongitudeDegrees>-2.83855667</LongitudeDegrees></Position><AltitudeMeters>49.531</AltitudeMeters><DistanceMeters>4443.39990234375</DistanceMeters><HeartRateBpm><Value>137</Value></HeartRateBpm><Cadence>86</Cadence><SensorState>Present</SensorState></Trackpoint><Trackpoint><Time>2025-07-31T12:52:44.905Z</Time><Position><LatitudeDegrees>43.346005</LatitudeDegrees><LongitudeDegrees>-2.83858333</LongitudeDegrees></Position><AltitudeMeters>49.378</AltitudeMeters><DistanceMeters>4446.2001953125</DistanceMeters><HeartRateBpm><Value>137</Value></HeartRateBpm><Cadence>86</Cadence><SensorState>Present</SensorState></Trackpoint><Trackpoint><Time>2025-07-31T12:52:45.905Z</Time><Position><LatitudeDegrees>43.34602167</LatitudeDegrees><LongitudeDegrees>-2.83861</LongitudeDegrees></Position><AltitudeMeters>49.226</AltitudeMeters><DistanceMeters>4449.10009765625</DistanceMeters><HeartRateBpm><Value>137</Value></HeartRateBpm><Cadence>86</Cadence><SensorState>Present</SensorState></Trackpoint><Trackpoint><Time>2025-07-31T12:52:46.905Z</Time><Position><LatitudeDegrees>43.34603667</LatitudeDegrees><LongitudeDegrees>-2.83863667</LongitudeDegrees></Position><AltitudeMeters>49.073</AltitudeMeters><DistanceMeters>4451.7998046875</DistanceMeters><HeartRateBpm><Value>138</Value></HeartRateBpm><Cadence>86</Cadence><SensorState>Present</SensorState></Trackpoint><Trackpoint><Time>2025-07-31T12:52:47.905Z</Time><Position><LatitudeDegrees>43.34605167</LatitudeDegrees><LongitudeDegrees>-2.83866333</LongitudeDegrees></Position><AltitudeMeters>48.921</AltitudeMeters><DistanceMeters>4454.7001953125</DistanceMeters><HeartRateBpm><Value>138</Value></HeartRateBpm><Cadence>86</Cadence><SensorState>Present</SensorState></Trackpoint><Trackpoint><Time>2025-07-31T12:52:48.905Z</Time><Position><LatitudeDegrees>43.34606833</LatitudeDegrees><LongitudeDegrees>-2.83868833</LongitudeDegrees></Position><AltitudeMeters>48.769</AltitudeMeters><DistanceMeters>4457.5</DistanceMeters><HeartRateBpm><Value>138</Value></HeartRateBpm><Cadence>86</Cadence><SensorState>Present</SensorState></Trackpoint><Trackpoint><Time>2025-07-31T12:52:49.905Z</Time><Position><LatitudeDegrees>43.34608333</LatitudeDegrees><LongitudeDegrees>-2.83871333</LongitudeDegrees></Position><AltitudeMeters>48.769</AltitudeMeters><DistanceMeters>4460.2998046875</DistanceMeters><HeartRateBpm><Value>139</Value></HeartRateBpm><Cadence>86</Cadence><SensorState>Present</SensorState></Trackpoint><Trackpoint><Time>2025-07-31T12:52:50.905Z</Time><Position><LatitudeDegrees>43.34609667</LatitudeDegrees><LongitudeDegrees>-2.83874</LongitudeDegrees></Position><AltitudeMeters>48.616</AltitudeMeters><DistanceMeters>4462.89990234375</DistanceMeters><HeartRateBpm><Value>139</Value></HeartRateBpm><Cadence>86</Cadence><SensorState>Present</SensorState></Trackpoint><Trackpoint><Time>2025-07-31T12:52:51.905Z</Time><Position><LatitudeDegrees>43.34610833</LatitudeDegrees><LongitudeDegrees>-2.83876833</LongitudeDegrees></Position><AltitudeMeters>48.616</AltitudeMeters><DistanceMeters>4465.60009765625</DistanceMeters><HeartRateBpm><Value>140</Value></HeartRateBpm><Cadence>86</Cadence><SensorState>Present</SensorState></Trackpoint><Trackpoint><Time>2025-07-31T12:52:52.905Z</Time><Position><LatitudeDegrees>43.34612167</LatitudeDegrees><LongitudeDegrees>-2.838795</LongitudeDegrees></Position><AltitudeMeters>48.464</AltitudeMeters><DistanceMeters>4468.2001953125</DistanceMeters><HeartRateBpm><Value>140</Value></HeartRateBpm><Cadence>87</Cadence><SensorState>Present</SensorState></Trackpoint><Trackpoint><Time>2025-07-31T12:52:53.905Z</Time><Position><LatitudeDegrees>43.346135</LatitudeDegrees><LongitudeDegrees>-2.83882333</LongitudeDegrees></Position><AltitudeMeters>48.464</AltitudeMeters><DistanceMeters>4470.7998046875</DistanceMeters><HeartRateBpm><Value>141</Value></HeartRateBpm><Cadence>88</Cadence><SensorState>Present</SensorState></Trackpoint><Trackpoint><Time>2025-07-31T12:52:54.905Z</Time><Position><LatitudeDegrees>43.34615</LatitudeDegrees><LongitudeDegrees>-2.83885</LongitudeDegrees></Position><AltitudeMeters>48.311</AltitudeMeters><DistanceMeters>4473.39990234375</DistanceMeters><HeartRateBpm><Value>141</Value></HeartRateBpm><Cadence>86</Cadence><SensorState>Present</SensorState></Trackpoint><Trackpoint><Time>2025-07-31T12:52:55.905Z</Time><Position><LatitudeDegrees>43.346165</LatitudeDegrees><LongitudeDegrees>-2.83887667</LongitudeDegrees></Position><AltitudeMeters>48.311</AltitudeMeters><DistanceMeters>4476.0</DistanceMeters><HeartRateBpm><Value>141</Value></HeartRateBpm><Cadence>86</Cadence><SensorState>Present</SensorState></Trackpoint><Trackpoint><Time>2025-07-31T12:52:56.905Z</Time><Position><LatitudeDegrees>43.34617667</LatitudeDegrees><LongitudeDegrees>-2.83890333</LongitudeDegrees></Position><AltitudeMeters>48.311</AltitudeMeters><DistanceMeters>4478.7001953125</DistanceMeters><HeartRateBpm><Value>141</Value></HeartRateBpm><Cadence>86</Cadence><SensorState>Present</SensorState></Trackpoint><Trackpoint><Time>2025-07-31T12:52:57.905Z</Time><Position><LatitudeDegrees>43.34619167</LatitudeDegrees><LongitudeDegrees>-2.83893167</LongitudeDegrees></Position><AltitudeMeters>48.159</AltitudeMeters><DistanceMeters>4481.39990234375</DistanceMeters><HeartRateBpm><Value>142</Value></HeartRateBpm><Cadence>87</Cadence><SensorState>Present</SensorState></Trackpoint><Trackpoint><Time>2025-07-31T12:52:58.905Z</Time><Position><LatitudeDegrees>43.346205</LatitudeDegrees><LongitudeDegrees>-2.83896</LongitudeDegrees></Position><AltitudeMeters>48.159</AltitudeMeters><DistanceMeters>4483.89990234375</DistanceMeters><HeartRateBpm><Value>142</Value></HeartRateBpm><Cadence>88</Cadence><SensorState>Present</SensorState></Trackpoint><Trackpoint><Time>2025-07-31T12:52:59.905Z</Time><Position><LatitudeDegrees>43.34622</LatitudeDegrees><LongitudeDegrees>-2.83899167</LongitudeDegrees></Position><AltitudeMeters>48.159</AltitudeMeters><DistanceMeters>4486.7001953125</DistanceMeters><HeartRateBpm><Value>143</Value></HeartRateBpm><Cadence>88</Cadence><SensorState>Present</SensorState></Trackpoint><Trackpoint><Time>2025-07-31T12:53:00.905Z</Time><Position><LatitudeDegrees>43.346235</LatitudeDegrees><LongitudeDegrees>-2.83902167</LongitudeDegrees></Position><AltitudeMeters>48.159</AltitudeMeters><DistanceMeters>4489.60009765625</DistanceMeters><HeartRateBpm><Value>143</Value></HeartRateBpm><Cadence>87</Cadence><SensorState>Present</SensorState></Trackpoint><Trackpoint><Time>2025-07-31T12:53:01.905Z</Time><Position><LatitudeDegrees>43.34624833</LatitudeDegrees><LongitudeDegrees>-2.83905</LongitudeDegrees></Position><AltitudeMeters>48.159</AltitudeMeters><DistanceMeters>4492.5</DistanceMeters><HeartRateBpm><Value>144</Value></HeartRateBpm><Cadence>87</Cadence><SensorState>Present</SensorState></Trackpoint><Trackpoint><Time>2025-07-31T12:53:02.905Z</Time><Position><LatitudeDegrees>43.34626333</LatitudeDegrees><LongitudeDegrees>-2.83908</LongitudeDegrees></Position><AltitudeMeters>48.159</AltitudeMeters><DistanceMeters>4495.5</DistanceMeters><HeartRateBpm><Value>144</Value></HeartRateBpm><Cadence>88</Cadence><SensorState>Present</SensorState></Trackpoint><Trackpoint><Time>2025-07-31T12:53:03.905Z</Time><Position><LatitudeDegrees>43.34627833</LatitudeDegrees><LongitudeDegrees>-2.83911</LongitudeDegrees></Position><AltitudeMeters>48.159</AltitudeMeters><DistanceMeters>4498.39990234375</DistanceMeters><HeartRateBpm><Value>145</Value></HeartRateBpm><Cadence>88</Cadence><SensorState>Present</SensorState></Trackpoint><Trackpoint><Time>2025-07-31T12:53:04.905Z</Time><Position><LatitudeDegrees>43.346295</LatitudeDegrees><LongitudeDegrees>-2.83913333</LongitudeDegrees></Position><AltitudeMeters>48.159</AltitudeMeters><DistanceMeters>4501.2998046875</DistanceMeters><HeartRateBpm><Value>145</Value></HeartRateBpm><Cadence>88</Cadence><SensorState>Present</SensorState></Trackpoint><Trackpoint><Time>2025-07-31T12:53:05.905Z</Time><Position><LatitudeDegrees>43.34631167</LatitudeDegrees><LongitudeDegrees>-2.83915667</LongitudeDegrees></Position><AltitudeMeters>48.159</AltitudeMeters><DistanceMeters>4504.39990234375</DistanceMeters><HeartRateBpm><Value>146</Value></HeartRateBpm><Cadence>88</Cadence><SensorState>Present</SensorState></Trackpoint><Trackpoint><Time>2025-07-31T12:53:06.905Z</Time><Position><LatitudeDegrees>43.34633</LatitudeDegrees><LongitudeDegrees>-2.83918333</LongitudeDegrees></Position><AltitudeMeters>48.159</AltitudeMeters><DistanceMeters>4507.2001953125</DistanceMeters><HeartRateBpm><Value>146</Value></HeartRateBpm><Cadence>88</Cadence><SensorState>Present</SensorState></Trackpoint><Trackpoint><Time>2025-07-31T12:53:07.905Z</Time><Position><LatitudeDegrees>43.346345</LatitudeDegrees><LongitudeDegrees>-2.83921</LongitudeDegrees></Position><AltitudeMeters>48.159</AltitudeMeters><DistanceMeters>4510.10009765625</DistanceMeters><HeartRateBpm><Value>147</Value></HeartRateBpm><Cadence>88</Cadence><SensorState>Present</SensorState></Trackpoint><Trackpoint><Time>2025-07-31T12:53:08.905Z</Time><Position><LatitudeDegrees>43.34636167</LatitudeDegrees><LongitudeDegrees>-2.83923667</LongitudeDegrees></Position><AltitudeMeters>48.159</AltitudeMeters><DistanceMeters>4513.0</DistanceMeters><HeartRateBpm><Value>147</Value></HeartRateBpm><Cadence>87</Cadence><SensorState>Present</SensorState></Trackpoint><Trackpoint><Time>2025-07-31T12:53:09.905Z</Time><Position><LatitudeDegrees>43.34637833</LatitudeDegrees><LongitudeDegrees>-2.83926167</LongitudeDegrees></Position><AltitudeMeters>48.159</AltitudeMeters><DistanceMeters>4515.7998046875</DistanceMeters><HeartRateBpm><Value>147</Value></HeartRateBpm><Cadence>88</Cadence><SensorState>Present</SensorState></Trackpoint><Trackpoint><Time>2025-07-31T12:53:10.905Z</Time><Position><LatitudeDegrees>43.34639333</LatitudeDegrees><LongitudeDegrees>-2.83928833</LongitudeDegrees></Position><AltitudeMeters>48.159</AltitudeMeters><DistanceMeters>4518.5</DistanceMeters><HeartRateBpm><Value>148</Value></HeartRateBpm><Cadence>88</Cadence><SensorState>Present</SensorState></Trackpoint><Trackpoint><Time>2025-07-31T12:53:11.905Z</Time><Position><LatitudeDegrees>43.34641</LatitudeDegrees><LongitudeDegrees>-2.83931667</LongitudeDegrees></Position><AltitudeMeters>48.311</AltitudeMeters><DistanceMeters>4521.2001953125</DistanceMeters><HeartRateBpm><Value>148</Value></HeartRateBpm><Cadence>88</Cadence><SensorState>Present</SensorState></Trackpoint><Trackpoint><Time>2025-07-31T12:53:12.905Z</Time><Position><LatitudeDegrees>43.34642333</LatitudeDegrees><LongitudeDegrees>-2.839345</LongitudeDegrees></Position><AltitudeMeters>48.311</AltitudeMeters><DistanceMeters>4524.0</DistanceMeters><HeartRateBpm><Value>149</Value></HeartRateBpm><Cadence>88</Cadence><SensorState>Present</SensorState></Trackpoint><Trackpoint><Time>2025-07-31T12:53:13.905Z</Time><Position><LatitudeDegrees>43.34643667</LatitudeDegrees><LongitudeDegrees>-2.83938167</LongitudeDegrees></Position><AltitudeMeters>48.311</AltitudeMeters><DistanceMeters>4526.7998046875</DistanceMeters><HeartRateBpm><Value>149</Value></HeartRateBpm><Cadence>87</Cadence><SensorState>Present</SensorState></Trackpoint><Trackpoint><Time>2025-07-31T12:53:14.905Z</Time><Position><LatitudeDegrees>43.34645167</LatitudeDegrees><LongitudeDegrees>-2.839415</LongitudeDegrees></Position><AltitudeMeters>48.311</AltitudeMeters><DistanceMeters>4529.60009765625</DistanceMeters><HeartRateBpm><Value>149</Value></HeartRateBpm><Cadence>88</Cadence><SensorState>Present</SensorState></Trackpoint><Trackpoint><Time>2025-07-31T12:53:15.905Z</Time><Position><LatitudeDegrees>43.346465</LatitudeDegrees><LongitudeDegrees>-2.83945</LongitudeDegrees></Position><AltitudeMeters>48.311</AltitudeMeters><DistanceMeters>4532.7998046875</DistanceMeters><HeartRateBpm><Value>149</Value></HeartRateBpm><Cadence>88</Cadence><SensorState>Present</SensorState></Trackpoint><Trackpoint><Time>2025-07-31T12:53:16.905Z</Time><Position><LatitudeDegrees>43.34647833</LatitudeDegrees><LongitudeDegrees>-2.83948333</LongitudeDegrees></Position><AltitudeMeters>48.311</AltitudeMeters><DistanceMeters>4536.0</DistanceMeters><HeartRateBpm><Value>149</Value></HeartRateBpm><Cadence>88</Cadence><SensorState>Present</SensorState></Trackpoint><Trackpoint><Time>2025-07-31T12:53:17.905Z</Time><Position><LatitudeDegrees>43.34649333</LatitudeDegrees><LongitudeDegrees>-2.839515</LongitudeDegrees></Position><AltitudeMeters>48.464</AltitudeMeters><DistanceMeters>4539.10009765625</DistanceMeters><HeartRateBpm><Value>149</Value></HeartRateBpm><Cadence>88</Cadence><SensorState>Present</SensorState></Trackpoint><Trackpoint><Time>2025-07-31T12:53:18.905Z</Time><Position><LatitudeDegrees>43.34650833</LatitudeDegrees><LongitudeDegrees>-2.83954833</LongitudeDegrees></Position><AltitudeMeters>48.464</AltitudeMeters><DistanceMeters>4542.2998046875</DistanceMeters><HeartRateBpm><Value>149</Value></HeartRateBpm><Cadence>88</Cadence><SensorState>Present</SensorState></Trackpoint><Trackpoint><Time>2025-07-31T12:53:19.905Z</Time><Position><LatitudeDegrees>43.34652333</LatitudeDegrees><LongitudeDegrees>-2.83958167</LongitudeDegrees></Position><AltitudeMeters>48.464</AltitudeMeters><DistanceMeters>4545.39990234375</DistanceMeters><HeartRateBpm><Value>149</Value></HeartRateBpm><Cadence>88</Cadence><SensorState>Present</SensorState></Trackpoint><Trackpoint><Time>2025-07-31T12:53:20.905Z</Time><Position><LatitudeDegrees>43.34654</LatitudeDegrees><LongitudeDegrees>-2.83961667</LongitudeDegrees></Position><AltitudeMeters>48.464</AltitudeMeters><DistanceMeters>4548.7001953125</DistanceMeters><HeartRateBpm><Value>149</Value></HeartRateBpm><Cadence>88</Cadence><SensorState>Present</SensorState></Trackpoint><Trackpoint><Time>2025-07-31T12:53:21.905Z</Time><Position><LatitudeDegrees>43.34655667</LatitudeDegrees><LongitudeDegrees>-2.83965</LongitudeDegrees></Position><AltitudeMeters>48.464</AltitudeMeters><DistanceMeters>4552.10009765625</DistanceMeters><HeartRateBpm><Value>149</Value></HeartRateBpm><Cadence>88</Cadence><SensorState>Present</SensorState></Trackpoint><Trackpoint><Time>2025-07-31T12:53:22.905Z</Time><Position><LatitudeDegrees>43.34657333</LatitudeDegrees><LongitudeDegrees>-2.83968167</LongitudeDegrees></Position><AltitudeMeters>48.464</AltitudeMeters><DistanceMeters>4555.5</DistanceMeters><HeartRateBpm><Value>149</Value></HeartRateBpm><Cadence>88</Cadence><SensorState>Present</SensorState></Trackpoint><Trackpoint><Time>2025-07-31T12:53:23.905Z</Time><Position><LatitudeDegrees>43.34659167</LatitudeDegrees><LongitudeDegrees>-2.839715</LongitudeDegrees></Position><AltitudeMeters>48.464</AltitudeMeters><DistanceMeters>4559.0</DistanceMeters><HeartRateBpm><Value>149</Value></HeartRateBpm><Cadence>88</Cadence><SensorState>Present</SensorState></Trackpoint><Trackpoint><Time>2025-07-31T12:53:24.905Z</Time><Position><LatitudeDegrees>43.34661</LatitudeDegrees><LongitudeDegrees>-2.83974833</LongitudeDegrees></Position><AltitudeMeters>48.464</AltitudeMeters><DistanceMeters>4562.10009765625</DistanceMeters><HeartRateBpm><Value>149</Value></HeartRateBpm><Cadence>88</Cadence><SensorState>Present</SensorState></Trackpoint><Trackpoint><Time>2025-07-31T12:53:25.905Z</Time><Position><LatitudeDegrees>43.34662833</LatitudeDegrees><LongitudeDegrees>-2.83978</LongitudeDegrees></Position><AltitudeMeters>48.616</AltitudeMeters><DistanceMeters>4565.60009765625</DistanceMeters><HeartRateBpm><Value>149</Value></HeartRateBpm><Cadence>87</Cadence><SensorState>Present</SensorState></Trackpoint><Trackpoint><Time>2025-07-31T12:53:26.905Z</Time><Position><LatitudeDegrees>43.34664667</LatitudeDegrees><LongitudeDegrees>-2.83981</LongitudeDegrees></Position><AltitudeMeters>48.616</AltitudeMeters><DistanceMeters>4569.10009765625</DistanceMeters><HeartRateBpm><Value>149</Value></HeartRateBpm><Cadence>86</Cadence><SensorState>Present</SensorState></Trackpoint><Trackpoint><Time>2025-07-31T12:53:27.905Z</Time><Position><LatitudeDegrees>43.346665</LatitudeDegrees><LongitudeDegrees>-2.83984167</LongitudeDegrees></Position><AltitudeMeters>48.616</AltitudeMeters><DistanceMeters>4572.5</DistanceMeters><HeartRateBpm><Value>149</Value></HeartRateBpm><Cadence>86</Cadence><SensorState>Present</SensorState></Trackpoint><Trackpoint><Time>2025-07-31T12:53:28.905Z</Time><Position><LatitudeDegrees>43.34668167</LatitudeDegrees><LongitudeDegrees>-2.83987333</LongitudeDegrees></Position><AltitudeMeters>48.616</AltitudeMeters><DistanceMeters>4575.7001953125</DistanceMeters><HeartRateBpm><Value>149</Value></HeartRateBpm><Cadence>86</Cadence><SensorState>Present</SensorState></Trackpoint><Trackpoint><Time>2025-07-31T12:53:29.905Z</Time><Position><LatitudeDegrees>43.34669833</LatitudeDegrees><LongitudeDegrees>-2.839905</LongitudeDegrees></Position><AltitudeMeters>48.616</AltitudeMeters><DistanceMeters>4579.2001953125</DistanceMeters><HeartRateBpm><Value>149</Value></HeartRateBpm><Cadence>87</Cadence><SensorState>Present</SensorState></Trackpoint><Trackpoint><Time>2025-07-31T12:53:30.905Z</Time><Position><LatitudeDegrees>43.346715</LatitudeDegrees><LongitudeDegrees>-2.83993667</LongitudeDegrees></Position><AltitudeMeters>48.616</AltitudeMeters><DistanceMeters>4582.5</DistanceMeters><HeartRateBpm><Value>148</Value></HeartRateBpm><Cadence>88</Cadence><SensorState>Present</SensorState></Trackpoint><Trackpoint><Time>2025-07-31T12:53:31.905Z</Time><Position><LatitudeDegrees>43.34673333</LatitudeDegrees><LongitudeDegrees>-2.83997</LongitudeDegrees></Position><AltitudeMeters>48.616</AltitudeMeters><DistanceMeters>4585.5</DistanceMeters><HeartRateBpm><Value>148</Value></HeartRateBpm><Cadence>88</Cadence><SensorState>Present</SensorState></Trackpoint><Trackpoint><Time>2025-07-31T12:53:32.905Z</Time><Position><LatitudeDegrees>43.34675</LatitudeDegrees><LongitudeDegrees>-2.84</LongitudeDegrees></Position><AltitudeMeters>48.616</AltitudeMeters><DistanceMeters>4588.7998046875</DistanceMeters><HeartRateBpm><Value>148</Value></HeartRateBpm><Cadence>88</Cadence><SensorState>Present</SensorState></Trackpoint><Trackpoint><Time>2025-07-31T12:53:33.905Z</Time><Position><LatitudeDegrees>43.34676833</LatitudeDegrees><LongitudeDegrees>-2.84003333</LongitudeDegrees></Position><AltitudeMeters>48.616</AltitudeMeters><DistanceMeters>4592.2001953125</DistanceMeters><HeartRateBpm><Value>148</Value></HeartRateBpm><Cadence>88</Cadence><SensorState>Present</SensorState></Trackpoint><Trackpoint><Time>2025-07-31T12:53:34.905Z</Time><Position><LatitudeDegrees>43.34678667</LatitudeDegrees><LongitudeDegrees>-2.84006667</LongitudeDegrees></Position><AltitudeMeters>48.616</AltitudeMeters><DistanceMeters>4595.2001953125</DistanceMeters><HeartRateBpm><Value>148</Value></HeartRateBpm><Cadence>88</Cadence><SensorState>Present</SensorState></Trackpoint><Trackpoint><Time>2025-07-31T12:53:35.905Z</Time><Position><LatitudeDegrees>43.346805</LatitudeDegrees><LongitudeDegrees>-2.8401</LongitudeDegrees></Position><AltitudeMeters>48.616</AltitudeMeters><DistanceMeters>4598.5</DistanceMeters><HeartRateBpm><Value>147</Value></HeartRateBpm><Cadence>88</Cadence><SensorState>Present</SensorState></Trackpoint><Trackpoint><Time>2025-07-31T12:53:36.905Z</Time><Position><LatitudeDegrees>43.346825</LatitudeDegrees><LongitudeDegrees>-2.840135</LongitudeDegrees></Position><AltitudeMeters>48.616</AltitudeMeters><DistanceMeters>4601.7998046875</DistanceMeters><HeartRateBpm><Value>147</Value></HeartRateBpm><Cadence>88</Cadence><SensorState>Present</SensorState></Trackpoint><Trackpoint><Time>2025-07-31T12:53:37.905Z</Time><Position><LatitudeDegrees>43.346845</LatitudeDegrees><LongitudeDegrees>-2.84017</LongitudeDegrees></Position><AltitudeMeters>48.616</AltitudeMeters><DistanceMeters>4605.2001953125</DistanceMeters><HeartRateBpm><Value>147</Value></HeartRateBpm><Cadence>89</Cadence><SensorState>Present</SensorState></Trackpoint><Trackpoint><Time>2025-07-31T12:53:38.905Z</Time><Position><LatitudeDegrees>43.34686333</LatitudeDegrees><LongitudeDegrees>-2.840205</LongitudeDegrees></Position><AltitudeMeters>48.616</AltitudeMeters><DistanceMeters>4608.7998046875</DistanceMeters><HeartRateBpm><Value>147</Value></HeartRateBpm><Cadence>89</Cadence><SensorState>Present</SensorState></Trackpoint><Trackpoint><Time>2025-07-31T12:53:39.905Z</Time><Position><LatitudeDegrees>43.34688</LatitudeDegrees><LongitudeDegrees>-2.84023667</LongitudeDegrees></Position><AltitudeMeters>48.464</AltitudeMeters><DistanceMeters>4612.5</DistanceMeters><HeartRateBpm><Value>147</Value></HeartRateBpm><Cadence>89</Cadence><SensorState>Present</SensorState></Trackpoint><Trackpoint><Time>2025-07-31T12:53:40.905Z</Time><Position><LatitudeDegrees>43.34689833</LatitudeDegrees><LongitudeDegrees>-2.84027167</LongitudeDegrees></Position><AltitudeMeters>48.464</AltitudeMeters><DistanceMeters>4616.0</DistanceMeters><HeartRateBpm><Value>147</Value></HeartRateBpm><Cadence>89</Cadence><SensorState>Present</SensorState></Trackpoint><Trackpoint><Time>2025-07-31T12:53:41.905Z</Time><Position><LatitudeDegrees>43.34691167</LatitudeDegrees><LongitudeDegrees>-2.84030333</LongitudeDegrees></Position><AltitudeMeters>48.464</AltitudeMeters><DistanceMeters>4619.5</DistanceMeters><HeartRateBpm><Value>147</Value></HeartRateBpm><Cadence>89</Cadence><SensorState>Present</SensorState></Trackpoint><Trackpoint><Time>2025-07-31T12:53:42.905Z</Time><Position><LatitudeDegrees>43.34692833</LatitudeDegrees><LongitudeDegrees>-2.84033667</LongitudeDegrees></Position><AltitudeMeters>48.464</AltitudeMeters><DistanceMeters>4623.0</DistanceMeters><HeartRateBpm><Value>147</Value></HeartRateBpm><Cadence>89</Cadence><SensorState>Present</SensorState></Trackpoint><Trackpoint><Time>2025-07-31T12:53:43.905Z</Time><Position><LatitudeDegrees>43.346945</LatitudeDegrees><LongitudeDegrees>-2.84036833</LongitudeDegrees></Position><AltitudeMeters>48.464</AltitudeMeters><DistanceMeters>4626.39990234375</DistanceMeters><HeartRateBpm><Value>147</Value></HeartRateBpm><Cadence>89</Cadence><SensorState>Present</SensorState></Trackpoint><Trackpoint><Time>2025-07-31T12:53:44.905Z</Time><Position><LatitudeDegrees>43.346965</LatitudeDegrees><LongitudeDegrees>-2.8404</LongitudeDegrees></Position><AltitudeMeters>48.464</AltitudeMeters><DistanceMeters>4629.60009765625</DistanceMeters><HeartRateBpm><Value>146</Value></HeartRateBpm><Cadence>89</Cadence><SensorState>Present</SensorState></Trackpoint><Trackpoint><Time>2025-07-31T12:53:45.905Z</Time><Position><LatitudeDegrees>43.34698167</LatitudeDegrees><LongitudeDegrees>-2.84043</LongitudeDegrees></Position><AltitudeMeters>48.464</AltitudeMeters><DistanceMeters>4632.7998046875</DistanceMeters><HeartRateBpm><Value>146</Value></HeartRateBpm><Cadence>89</Cadence><SensorState>Present</SensorState></Trackpoint><Trackpoint><Time>2025-07-31T12:53:46.905Z</Time><Position><LatitudeDegrees>43.347</LatitudeDegrees><LongitudeDegrees>-2.84046</LongitudeDegrees></Position><AltitudeMeters>48.464</AltitudeMeters><DistanceMeters>4636.0</DistanceMeters><HeartRateBpm><Value>146</Value></HeartRateBpm><Cadence>89</Cadence><SensorState>Present</SensorState></Trackpoint><Trackpoint><Time>2025-07-31T12:53:47.905Z</Time><Position><LatitudeDegrees>43.347015</LatitudeDegrees><LongitudeDegrees>-2.84049167</LongitudeDegrees></Position><AltitudeMeters>48.464</AltitudeMeters><DistanceMeters>4639.10009765625</DistanceMeters><HeartRateBpm><Value>146</Value></HeartRateBpm><Cadence>89</Cadence><SensorState>Present</SensorState></Trackpoint><Trackpoint><Time>2025-07-31T12:53:48.905Z</Time><Position><LatitudeDegrees>43.34703</LatitudeDegrees><LongitudeDegrees>-2.84052667</LongitudeDegrees></Position><AltitudeMeters>48.464</AltitudeMeters><DistanceMeters>4642.10009765625</DistanceMeters><HeartRateBpm><Value>146</Value></HeartRateBpm><Cadence>89</Cadence><SensorState>Present</SensorState></Trackpoint><Trackpoint><Time>2025-07-31T12:53:49.905Z</Time><Position><LatitudeDegrees>43.347045</LatitudeDegrees><LongitudeDegrees>-2.84056</LongitudeDegrees></Position><AltitudeMeters>48.464</AltitudeMeters><DistanceMeters>4645.10009765625</DistanceMeters><HeartRateBpm><Value>146</Value></HeartRateBpm><Cadence>89</Cadence><SensorState>Present</SensorState></Trackpoint><Trackpoint><Time>2025-07-31T12:53:50.905Z</Time><Position><LatitudeDegrees>43.34705833</LatitudeDegrees><LongitudeDegrees>-2.840595</LongitudeDegrees></Position><AltitudeMeters>48.311</AltitudeMeters><DistanceMeters>4648.39990234375</DistanceMeters><HeartRateBpm><Value>146</Value></HeartRateBpm><Cadence>89</Cadence><SensorState>Present</SensorState></Trackpoint><Trackpoint><Time>2025-07-31T12:53:51.905Z</Time><Position><LatitudeDegrees>43.34707333</LatitudeDegrees><LongitudeDegrees>-2.84062833</LongitudeDegrees></Position><AltitudeMeters>48.311</AltitudeMeters><DistanceMeters>4651.39990234375</DistanceMeters><HeartRateBpm><Value>146</Value></HeartRateBpm><Cadence>89</Cadence><SensorState>Present</SensorState></Trackpoint><Trackpoint><Time>2025-07-31T12:53:52.905Z</Time><Position><LatitudeDegrees>43.34709</LatitudeDegrees><LongitudeDegrees>-2.84066333</LongitudeDegrees></Position><AltitudeMeters>48.311</AltitudeMeters><DistanceMeters>4654.60009765625</DistanceMeters><HeartRateBpm><Value>146</Value></HeartRateBpm><Cadence>89</Cadence><SensorState>Present</SensorState></Trackpoint><Trackpoint><Time>2025-07-31T12:53:53.905Z</Time><Position><LatitudeDegrees>43.347105</LatitudeDegrees><LongitudeDegrees>-2.84069833</LongitudeDegrees></Position><AltitudeMeters>48.311</AltitudeMeters><DistanceMeters>4657.7998046875</DistanceMeters><HeartRateBpm><Value>146</Value></HeartRateBpm><Cadence>89</Cadence><SensorState>Present</SensorState></Trackpoint><Trackpoint><Time>2025-07-31T12:53:54.905Z</Time><Position><LatitudeDegrees>43.34711833</LatitudeDegrees><LongitudeDegrees>-2.840735</LongitudeDegrees></Position><AltitudeMeters>48.159</AltitudeMeters><DistanceMeters>4661.10009765625</DistanceMeters><HeartRateBpm><Value>146</Value></HeartRateBpm><Cadence>89</Cadence><SensorState>Present</SensorState></Trackpoint><Trackpoint><Time>2025-07-31T12:53:55.905Z</Time><Position><LatitudeDegrees>43.34713167</LatitudeDegrees><LongitudeDegrees>-2.84077167</LongitudeDegrees></Position><AltitudeMeters>48.159</AltitudeMeters><DistanceMeters>4664.2998046875</DistanceMeters><HeartRateBpm><Value>145</Value></HeartRateBpm><Cadence>89</Cadence><SensorState>Present</SensorState></Trackpoint><Trackpoint><Time>2025-07-31T12:53:56.905Z</Time><Position><LatitudeDegrees>43.34714667</LatitudeDegrees><LongitudeDegrees>-2.840805</LongitudeDegrees></Position><AltitudeMeters>48.007</AltitudeMeters><DistanceMeters>4667.7998046875</DistanceMeters><HeartRateBpm><Value>145</Value></HeartRateBpm><Cadence>87</Cadence><SensorState>Present</SensorState></Trackpoint><Trackpoint><Time>2025-07-31T12:53:57.905Z</Time><Position><LatitudeDegrees>43.34715833</LatitudeDegrees><LongitudeDegrees>-2.84083833</LongitudeDegrees></Position><AltitudeMeters>48.007</AltitudeMeters><DistanceMeters>4671.10009765625</DistanceMeters><HeartRateBpm><Value>145</Value></HeartRateBpm><Cadence>86</Cadence><SensorState>Present</SensorState></Trackpoint><Trackpoint><Time>2025-07-31T12:53:58.905Z</Time><Position><LatitudeDegrees>43.34717167</LatitudeDegrees><LongitudeDegrees>-2.84087167</LongitudeDegrees></Position><AltitudeMeters>48.007</AltitudeMeters><DistanceMeters>4674.39990234375</DistanceMeters><HeartRateBpm><Value>145</Value></HeartRateBpm><Cadence>86</Cadence><SensorState>Present</SensorState></Trackpoint><Trackpoint><Time>2025-07-31T12:53:59.905Z</Time><Position><LatitudeDegrees>43.34718167</LatitudeDegrees><LongitudeDegrees>-2.84091</LongitudeDegrees></Position><AltitudeMeters>47.854</AltitudeMeters><DistanceMeters>4677.60009765625</DistanceMeters><HeartRateBpm><Value>145</Value></HeartRateBpm><Cadence>86</Cadence><SensorState>Present</SensorState></Trackpoint><Trackpoint><Time>2025-07-31T12:54:00.905Z</Time><Position><LatitudeDegrees>43.34719333</LatitudeDegrees><LongitudeDegrees>-2.84094667</LongitudeDegrees></Position><AltitudeMeters>47.854</AltitudeMeters><DistanceMeters>4680.7001953125</DistanceMeters><HeartRateBpm><Value>144</Value></HeartRateBpm><Cadence>87</Cadence><SensorState>Present</SensorState></Trackpoint><Trackpoint><Time>2025-07-31T12:54:01.905Z</Time><Position><LatitudeDegrees>43.347205</LatitudeDegrees><LongitudeDegrees>-2.84098333</LongitudeDegrees></Position><AltitudeMeters>47.702</AltitudeMeters><DistanceMeters>4683.7998046875</DistanceMeters><HeartRateBpm><Value>144</Value></HeartRateBpm><Cadence>88</Cadence><SensorState>Present</SensorState></Trackpoint><Trackpoint><Time>2025-07-31T12:54:02.905Z</Time><Position><LatitudeDegrees>43.34721667</LatitudeDegrees><LongitudeDegrees>-2.84101833</LongitudeDegrees></Position><AltitudeMeters>47.702</AltitudeMeters><DistanceMeters>4687.2001953125</DistanceMeters><HeartRateBpm><Value>144</Value></HeartRateBpm><Cadence>89</Cadence><SensorState>Present</SensorState></Trackpoint><Trackpoint><Time>2025-07-31T12:54:03.905Z</Time><Position><LatitudeDegrees>43.34722833</LatitudeDegrees><LongitudeDegrees>-2.84105333</LongitudeDegrees></Position><AltitudeMeters>47.702</AltitudeMeters><DistanceMeters>4690.39990234375</DistanceMeters><HeartRateBpm><Value>144</Value></HeartRateBpm><Cadence>89</Cadence><SensorState>Present</SensorState></Trackpoint><Trackpoint><Time>2025-07-31T12:54:04.905Z</Time><Position><LatitudeDegrees>43.34723833</LatitudeDegrees><LongitudeDegrees>-2.84108833</LongitudeDegrees></Position><AltitudeMeters>47.549</AltitudeMeters><DistanceMeters>4693.39990234375</DistanceMeters><HeartRateBpm><Value>144</Value></HeartRateBpm><Cadence>89</Cadence><SensorState>Present</SensorState></Trackpoint><Trackpoint><Time>2025-07-31T12:54:05.905Z</Time><Position><LatitudeDegrees>43.34725</LatitudeDegrees><LongitudeDegrees>-2.84112667</LongitudeDegrees></Position><AltitudeMeters>47.549</AltitudeMeters><DistanceMeters>4696.60009765625</DistanceMeters><HeartRateBpm><Value>144</Value></HeartRateBpm><Cadence>89</Cadence><SensorState>Present</SensorState></Trackpoint><Trackpoint><Time>2025-07-31T12:54:06.905Z</Time><Position><LatitudeDegrees>43.34726</LatitudeDegrees><LongitudeDegrees>-2.84116667</LongitudeDegrees></Position><AltitudeMeters>47.549</AltitudeMeters><DistanceMeters>4699.7001953125</DistanceMeters><HeartRateBpm><Value>144</Value></HeartRateBpm><Cadence>89</Cadence><SensorState>Present</SensorState></Trackpoint><Trackpoint><Time>2025-07-31T12:54:07.905Z</Time><Position><LatitudeDegrees>43.34727</LatitudeDegrees><LongitudeDegrees>-2.84120667</LongitudeDegrees></Position><AltitudeMeters>47.549</AltitudeMeters><DistanceMeters>4702.89990234375</DistanceMeters><HeartRateBpm><Value>144</Value></HeartRateBpm><Cadence>89</Cadence><SensorState>Present</SensorState></Trackpoint><Trackpoint><Time>2025-07-31T12:54:08.905Z</Time><Position><LatitudeDegrees>43.34728167</LatitudeDegrees><LongitudeDegrees>-2.84124333</LongitudeDegrees></Position><AltitudeMeters>47.549</AltitudeMeters><DistanceMeters>4706.39990234375</DistanceMeters><HeartRateBpm><Value>145</Value></HeartRateBpm><Cadence>89</Cadence><SensorState>Present</SensorState></Trackpoint><Trackpoint><Time>2025-07-31T12:54:09.905Z</Time><Position><LatitudeDegrees>43.34729333</LatitudeDegrees><LongitudeDegrees>-2.84128</LongitudeDegrees></Position><AltitudeMeters>47.549</AltitudeMeters><DistanceMeters>4709.89990234375</DistanceMeters><HeartRateBpm><Value>145</Value></HeartRateBpm><Cadence>89</Cadence><SensorState>Present</SensorState></Trackpoint><Trackpoint><Time>2025-07-31T12:54:10.905Z</Time><Position><LatitudeDegrees>43.347305</LatitudeDegrees><LongitudeDegrees>-2.84131667</LongitudeDegrees></Position><AltitudeMeters>47.549</AltitudeMeters><DistanceMeters>4713.10009765625</DistanceMeters><HeartRateBpm><Value>145</Value></HeartRateBpm><Cadence>89</Cadence><SensorState>Present</SensorState></Trackpoint><Trackpoint><Time>2025-07-31T12:54:11.905Z</Time><Position><LatitudeDegrees>43.347315</LatitudeDegrees><LongitudeDegrees>-2.84135333</LongitudeDegrees></Position><AltitudeMeters>47.549</AltitudeMeters><DistanceMeters>4716.39990234375</DistanceMeters><HeartRateBpm><Value>145</Value></HeartRateBpm><Cadence>89</Cadence><SensorState>Present</SensorState></Trackpoint><Trackpoint><Time>2025-07-31T12:54:12.905Z</Time><Position><LatitudeDegrees>43.34732667</LatitudeDegrees><LongitudeDegrees>-2.84139167</LongitudeDegrees></Position><AltitudeMeters>47.549</AltitudeMeters><DistanceMeters>4719.7001953125</DistanceMeters><HeartRateBpm><Value>145</Value></HeartRateBpm><Cadence>89</Cadence><SensorState>Present</SensorState></Trackpoint><Trackpoint><Time>2025-07-31T12:54:13.905Z</Time><Position><LatitudeDegrees>43.34733667</LatitudeDegrees><LongitudeDegrees>-2.84142667</LongitudeDegrees></Position><AltitudeMeters>47.549</AltitudeMeters><DistanceMeters>4722.89990234375</DistanceMeters><HeartRateBpm><Value>145</Value></HeartRateBpm><Cadence>89</Cadence><SensorState>Present</SensorState></Trackpoint><Trackpoint><Time>2025-07-31T12:54:14.905Z</Time><Position><LatitudeDegrees>43.34734667</LatitudeDegrees><LongitudeDegrees>-2.84146167</LongitudeDegrees></Position><AltitudeMeters>47.549</AltitudeMeters><DistanceMeters>4726.39990234375</DistanceMeters><HeartRateBpm><Value>144</Value></HeartRateBpm><Cadence>89</Cadence><SensorState>Present</SensorState></Trackpoint><Trackpoint><Time>2025-07-31T12:54:15.905Z</Time><Position><LatitudeDegrees>43.34735833</LatitudeDegrees><LongitudeDegrees>-2.84149667</LongitudeDegrees></Position><AltitudeMeters>47.549</AltitudeMeters><DistanceMeters>4729.7001953125</DistanceMeters><HeartRateBpm><Value>144</Value></HeartRateBpm><Cadence>89</Cadence><SensorState>Present</SensorState></Trackpoint><Trackpoint><Time>2025-07-31T12:54:16.905Z</Time><Position><LatitudeDegrees>43.34737</LatitudeDegrees><LongitudeDegrees>-2.84153167</LongitudeDegrees></Position><AltitudeMeters>47.549</AltitudeMeters><DistanceMeters>4732.7998046875</DistanceMeters><HeartRateBpm><Value>144</Value></HeartRateBpm><Cadence>89</Cadence><SensorState>Present</SensorState></Trackpoint><Trackpoint><Time>2025-07-31T12:54:17.905Z</Time><Position><LatitudeDegrees>43.34738</LatitudeDegrees><LongitudeDegrees>-2.84156833</LongitudeDegrees></Position><AltitudeMeters>47.549</AltitudeMeters><DistanceMeters>4735.7998046875</DistanceMeters><HeartRateBpm><Value>144</Value></HeartRateBpm><Cadence>89</Cadence><SensorState>Present</SensorState></Trackpoint><Trackpoint><Time>2025-07-31T12:54:18.905Z</Time><Position><LatitudeDegrees>43.34739</LatitudeDegrees><LongitudeDegrees>-2.84160667</LongitudeDegrees></Position><AltitudeMeters>47.549</AltitudeMeters><DistanceMeters>4738.89990234375</DistanceMeters><HeartRateBpm><Value>144</Value></HeartRateBpm><Cadence>89</Cadence><SensorState>Present</SensorState></Trackpoint><Trackpoint><Time>2025-07-31T12:54:19.905Z</Time><Position><LatitudeDegrees>43.34740167</LatitudeDegrees><LongitudeDegrees>-2.84164167</LongitudeDegrees></Position><AltitudeMeters>47.549</AltitudeMeters><DistanceMeters>4741.89990234375</DistanceMeters><HeartRateBpm><Value>144</Value></HeartRateBpm><Cadence>89</Cadence><SensorState>Present</SensorState></Trackpoint><Trackpoint><Time>2025-07-31T12:54:20.905Z</Time><Position><LatitudeDegrees>43.34741167</LatitudeDegrees><LongitudeDegrees>-2.84167667</LongitudeDegrees></Position><AltitudeMeters>47.549</AltitudeMeters><DistanceMeters>4745.2001953125</DistanceMeters><HeartRateBpm><Value>144</Value></HeartRateBpm><Cadence>89</Cadence><SensorState>Present</SensorState></Trackpoint><Trackpoint><Time>2025-07-31T12:54:21.905Z</Time><Position><LatitudeDegrees>43.34742333</LatitudeDegrees><LongitudeDegrees>-2.84171167</LongitudeDegrees></Position><AltitudeMeters>47.397</AltitudeMeters><DistanceMeters>4748.2998046875</DistanceMeters><HeartRateBpm><Value>144</Value></HeartRateBpm><Cadence>89</Cadence><SensorState>Present</SensorState></Trackpoint><Trackpoint><Time>2025-07-31T12:54:22.905Z</Time><Position><LatitudeDegrees>43.34743333</LatitudeDegrees><LongitudeDegrees>-2.841745</LongitudeDegrees></Position><AltitudeMeters>47.397</AltitudeMeters><DistanceMeters>4751.39990234375</DistanceMeters><HeartRateBpm><Value>144</Value></HeartRateBpm><Cadence>87</Cadence><SensorState>Present</SensorState></Trackpoint><Trackpoint><Time>2025-07-31T12:54:23.905Z</Time><Position><LatitudeDegrees>43.34744333</LatitudeDegrees><LongitudeDegrees>-2.84178</LongitudeDegrees></Position><AltitudeMeters>47.397</AltitudeMeters><DistanceMeters>4754.39990234375</DistanceMeters><HeartRateBpm><Value>144</Value></HeartRateBpm><Cadence>86</Cadence><SensorState>Present</SensorState></Trackpoint><Trackpoint><Time>2025-07-31T12:54:24.905Z</Time><Position><LatitudeDegrees>43.34745333</LatitudeDegrees><LongitudeDegrees>-2.841815</LongitudeDegrees></Position><AltitudeMeters>47.397</AltitudeMeters><DistanceMeters>4757.39990234375</DistanceMeters><HeartRateBpm><Value>144</Value></HeartRateBpm><Cadence>86</Cadence><SensorState>Present</SensorState></Trackpoint><Trackpoint><Time>2025-07-31T12:54:25.905Z</Time><Position><LatitudeDegrees>43.34746333</LatitudeDegrees><LongitudeDegrees>-2.84184833</LongitudeDegrees></Position><AltitudeMeters>47.245</AltitudeMeters><DistanceMeters>4760.5</DistanceMeters><HeartRateBpm><Value>144</Value></HeartRateBpm><Cadence>86</Cadence><SensorState>Present</SensorState></Trackpoint><Trackpoint><Time>2025-07-31T12:54:26.905Z</Time><Position><LatitudeDegrees>43.34747167</LatitudeDegrees><LongitudeDegrees>-2.841885</LongitudeDegrees></Position><AltitudeMeters>47.245</AltitudeMeters><DistanceMeters>4763.5</DistanceMeters><HeartRateBpm><Value>144</Value></HeartRateBpm><Cadence>88</Cadence><SensorState>Present</SensorState></Trackpoint><Trackpoint><Time>2025-07-31T12:54:27.905Z</Time><Position><LatitudeDegrees>43.34748167</LatitudeDegrees><LongitudeDegrees>-2.84192167</LongitudeDegrees></Position><AltitudeMeters>47.245</AltitudeMeters><DistanceMeters>4766.60009765625</DistanceMeters><HeartRateBpm><Value>144</Value></HeartRateBpm><Cadence>88</Cadence><SensorState>Present</SensorState></Trackpoint><Trackpoint><Time>2025-07-31T12:54:28.905Z</Time><Position><LatitudeDegrees>43.34749333</LatitudeDegrees><LongitudeDegrees>-2.84195667</LongitudeDegrees></Position><AltitudeMeters>47.245</AltitudeMeters><DistanceMeters>4769.5</DistanceMeters><HeartRateBpm><Value>144</Value></HeartRateBpm><Cadence>88</Cadence><SensorState>Present</SensorState></Trackpoint><Trackpoint><Time>2025-07-31T12:54:29.905Z</Time><Position><LatitudeDegrees>43.34750667</LatitudeDegrees><LongitudeDegrees>-2.84199</LongitudeDegrees></Position><AltitudeMeters>47.245</AltitudeMeters><DistanceMeters>4772.60009765625</DistanceMeters><HeartRateBpm><Value>144</Value></HeartRateBpm><Cadence>88</Cadence><SensorState>Present</SensorState></Trackpoint><Trackpoint><Time>2025-07-31T12:54:30.905Z</Time><Position><LatitudeDegrees>43.34752333</LatitudeDegrees><LongitudeDegrees>-2.84202</LongitudeDegrees></Position><AltitudeMeters>47.245</AltitudeMeters><DistanceMeters>4775.7001953125</DistanceMeters><HeartRateBpm><Value>144</Value></HeartRateBpm><Cadence>88</Cadence><SensorState>Present</SensorState></Trackpoint><Trackpoint><Time>2025-07-31T12:54:31.905Z</Time><Position><LatitudeDegrees>43.34754167</LatitudeDegrees><LongitudeDegrees>-2.84205167</LongitudeDegrees></Position><AltitudeMeters>47.245</AltitudeMeters><DistanceMeters>4778.7001953125</DistanceMeters><HeartRateBpm><Value>144</Value></HeartRateBpm><Cadence>88</Cadence><SensorState>Present</SensorState></Trackpoint><Trackpoint><Time>2025-07-31T12:54:32.905Z</Time><Position><LatitudeDegrees>43.34755833</LatitudeDegrees><LongitudeDegrees>-2.84208333</LongitudeDegrees></Position><AltitudeMeters>47.245</AltitudeMeters><DistanceMeters>4781.7998046875</DistanceMeters><HeartRateBpm><Value>144</Value></HeartRateBpm><Cadence>88</Cadence><SensorState>Present</SensorState></Trackpoint><Trackpoint><Time>2025-07-31T12:54:33.905Z</Time><Position><LatitudeDegrees>43.34757</LatitudeDegrees><LongitudeDegrees>-2.84211833</LongitudeDegrees></Position><AltitudeMeters>47.092</AltitudeMeters><DistanceMeters>4785.10009765625</DistanceMeters><HeartRateBpm><Value>144</Value></HeartRateBpm><Cadence>88</Cadence><SensorState>Present</SensorState></Trackpoint><Trackpoint><Time>2025-07-31T12:54:34.905Z</Time><Position><LatitudeDegrees>43.34758167</LatitudeDegrees><LongitudeDegrees>-2.84215333</LongitudeDegrees></Position><AltitudeMeters>47.092</AltitudeMeters><DistanceMeters>4788.2001953125</DistanceMeters><HeartRateBpm><Value>144</Value></HeartRateBpm><Cadence>88</Cadence><SensorState>Present</SensorState></Trackpoint><Trackpoint><Time>2025-07-31T12:54:35.905Z</Time><Position><LatitudeDegrees>43.347595</LatitudeDegrees><LongitudeDegrees>-2.84218833</LongitudeDegrees></Position><AltitudeMeters>47.092</AltitudeMeters><DistanceMeters>4791.39990234375</DistanceMeters><HeartRateBpm><Value>144</Value></HeartRateBpm><Cadence>88</Cadence><SensorState>Present</SensorState></Trackpoint><Trackpoint><Time>2025-07-31T12:54:36.905Z</Time><Position><LatitudeDegrees>43.34760833</LatitudeDegrees><LongitudeDegrees>-2.84222167</LongitudeDegrees></Position><AltitudeMeters>46.94</AltitudeMeters><DistanceMeters>4794.60009765625</DistanceMeters><HeartRateBpm><Value>144</Value></HeartRateBpm><Cadence>88</Cadence><SensorState>Present</SensorState></Trackpoint><Trackpoint><Time>2025-07-31T12:54:37.905Z</Time><Position><LatitudeDegrees>43.34762</LatitudeDegrees><LongitudeDegrees>-2.842255</LongitudeDegrees></Position><AltitudeMeters>46.94</AltitudeMeters><DistanceMeters>4797.7001953125</DistanceMeters><HeartRateBpm><Value>144</Value></HeartRateBpm><Cadence>88</Cadence><SensorState>Present</SensorState></Trackpoint><Trackpoint><Time>2025-07-31T12:54:38.905Z</Time><Position><LatitudeDegrees>43.34763333</LatitudeDegrees><LongitudeDegrees>-2.84228833</LongitudeDegrees></Position><AltitudeMeters>46.787</AltitudeMeters><DistanceMeters>4801.0</DistanceMeters><HeartRateBpm><Value>144</Value></HeartRateBpm><Cadence>88</Cadence><SensorState>Present</SensorState></Trackpoint><Trackpoint><Time>2025-07-31T12:54:39.905Z</Time><Position><LatitudeDegrees>43.347645</LatitudeDegrees><LongitudeDegrees>-2.84232167</LongitudeDegrees></Position><AltitudeMeters>46.635</AltitudeMeters><DistanceMeters>4804.10009765625</DistanceMeters><HeartRateBpm><Value>144</Value></HeartRateBpm><Cadence>88</Cadence><SensorState>Present</SensorState></Trackpoint><Trackpoint><Time>2025-07-31T12:54:40.905Z</Time><Position><LatitudeDegrees>43.34765333</LatitudeDegrees><LongitudeDegrees>-2.84235833</LongitudeDegrees></Position><AltitudeMeters>46.635</AltitudeMeters><DistanceMeters>4807.10009765625</DistanceMeters><HeartRateBpm><Value>144</Value></HeartRateBpm><Cadence>88</Cadence><SensorState>Present</SensorState></Trackpoint><Trackpoint><Time>2025-07-31T12:54:41.905Z</Time><Position><LatitudeDegrees>43.34766333</LatitudeDegrees><LongitudeDegrees>-2.84239667</LongitudeDegrees></Position><AltitudeMeters>46.483</AltitudeMeters><DistanceMeters>4810.2001953125</DistanceMeters><HeartRateBpm><Value>144</Value></HeartRateBpm><Cadence>88</Cadence><SensorState>Present</SensorState></Trackpoint><Trackpoint><Time>2025-07-31T12:54:42.905Z</Time><Position><LatitudeDegrees>43.34767667</LatitudeDegrees><LongitudeDegrees>-2.84243167</LongitudeDegrees></Position><AltitudeMeters>46.33</AltitudeMeters><DistanceMeters>4813.2998046875</DistanceMeters><HeartRateBpm><Value>144</Value></HeartRateBpm><Cadence>88</Cadence><SensorState>Present</SensorState></Trackpoint><Trackpoint><Time>2025-07-31T12:54:43.905Z</Time><Position><LatitudeDegrees>43.34769</LatitudeDegrees><LongitudeDegrees>-2.84246667</LongitudeDegrees></Position><AltitudeMeters>46.33</AltitudeMeters><DistanceMeters>4816.5</DistanceMeters><HeartRateBpm><Value>144</Value></HeartRateBpm><Cadence>88</Cadence><SensorState>Present</SensorState></Trackpoint><Trackpoint><Time>2025-07-31T12:54:44.905Z</Time><Position><LatitudeDegrees>43.34770167</LatitudeDegrees><LongitudeDegrees>-2.84250167</LongitudeDegrees></Position><AltitudeMeters>46.178</AltitudeMeters><DistanceMeters>4819.60009765625</DistanceMeters><HeartRateBpm><Value>143</Value></HeartRateBpm><Cadence>86</Cadence><SensorState>Present</SensorState></Trackpoint><Trackpoint><Time>2025-07-31T12:54:45.905Z</Time><Position><LatitudeDegrees>43.34771333</LatitudeDegrees><LongitudeDegrees>-2.84253333</LongitudeDegrees></Position><AltitudeMeters>46.025</AltitudeMeters><DistanceMeters>4822.7998046875</DistanceMeters><HeartRateBpm><Value>143</Value></HeartRateBpm><Cadence>86</Cadence><SensorState>Present</SensorState></Trackpoint><Trackpoint><Time>2025-07-31T12:54:46.905Z</Time><Position><LatitudeDegrees>43.34772333</LatitudeDegrees><LongitudeDegrees>-2.842565</LongitudeDegrees></Position><AltitudeMeters>46.025</AltitudeMeters><DistanceMeters>4825.7998046875</DistanceMeters><HeartRateBpm><Value>143</Value></HeartRateBpm><Cadence>86</Cadence><SensorState>Present</SensorState></Trackpoint><Trackpoint><Time>2025-07-31T12:54:47.905Z</Time><Position><LatitudeDegrees>43.34773333</LatitudeDegrees><LongitudeDegrees>-2.84259667</LongitudeDegrees></Position><AltitudeMeters>45.873</AltitudeMeters><DistanceMeters>4828.7998046875</DistanceMeters><HeartRateBpm><Value>144</Value></HeartRateBpm><Cadence>86</Cadence><SensorState>Present</SensorState></Trackpoint><Trackpoint><Time>2025-07-31T12:54:48.905Z</Time><Position><LatitudeDegrees>43.347745</LatitudeDegrees><LongitudeDegrees>-2.84262833</LongitudeDegrees></Position><AltitudeMeters>45.873</AltitudeMeters><DistanceMeters>4831.7998046875</DistanceMeters><HeartRateBpm><Value>144</Value></HeartRateBpm><Cadence>86</Cadence><SensorState>Present</SensorState></Trackpoint><Trackpoint><Time>2025-07-31T12:54:49.905Z</Time><Position><LatitudeDegrees>43.34776</LatitudeDegrees><LongitudeDegrees>-2.84265667</LongitudeDegrees></Position><AltitudeMeters>45.721</AltitudeMeters><DistanceMeters>4834.7001953125</DistanceMeters><HeartRateBpm><Value>144</Value></HeartRateBpm><Cadence>86</Cadence><SensorState>Present</SensorState></Trackpoint><Trackpoint><Time>2025-07-31T12:54:50.905Z</Time><Position><LatitudeDegrees>43.347775</LatitudeDegrees><LongitudeDegrees>-2.84268667</LongitudeDegrees></Position><AltitudeMeters>45.568</AltitudeMeters><DistanceMeters>4837.7001953125</DistanceMeters><HeartRateBpm><Value>144</Value></HeartRateBpm><Cadence>86</Cadence><SensorState>Present</SensorState></Trackpoint><Trackpoint><Time>2025-07-31T12:54:51.905Z</Time><Position><LatitudeDegrees>43.34779167</LatitudeDegrees><LongitudeDegrees>-2.842715</LongitudeDegrees></Position><AltitudeMeters>45.568</AltitudeMeters><DistanceMeters>4840.5</DistanceMeters><HeartRateBpm><Value>144</Value></HeartRateBpm><Cadence>86</Cadence><SensorState>Present</SensorState></Trackpoint><Trackpoint><Time>2025-07-31T12:54:52.905Z</Time><Position><LatitudeDegrees>43.34781</LatitudeDegrees><LongitudeDegrees>-2.84274</LongitudeDegrees></Position><AltitudeMeters>45.416</AltitudeMeters><DistanceMeters>4843.10009765625</DistanceMeters><HeartRateBpm><Value>145</Value></HeartRateBpm><Cadence>86</Cadence><SensorState>Present</SensorState></Trackpoint><Trackpoint><Time>2025-07-31T12:54:53.905Z</Time><Position><LatitudeDegrees>43.34783</LatitudeDegrees><LongitudeDegrees>-2.84276667</LongitudeDegrees></Position><AltitudeMeters>45.263</AltitudeMeters><DistanceMeters>4846.0</DistanceMeters><HeartRateBpm><Value>145</Value></HeartRateBpm><Cadence>86</Cadence><SensorState>Present</SensorState></Trackpoint><Trackpoint><Time>2025-07-31T12:54:54.905Z</Time><Position><LatitudeDegrees>43.34785</LatitudeDegrees><LongitudeDegrees>-2.84279333</LongitudeDegrees></Position><AltitudeMeters>45.263</AltitudeMeters><DistanceMeters>4848.7001953125</DistanceMeters><HeartRateBpm><Value>145</Value></HeartRateBpm><Cadence>86</Cadence><SensorState>Present</SensorState></Trackpoint><Trackpoint><Time>2025-07-31T12:54:55.905Z</Time><Position><LatitudeDegrees>43.34787</LatitudeDegrees><LongitudeDegrees>-2.84282</LongitudeDegrees></Position><AltitudeMeters>45.111</AltitudeMeters><DistanceMeters>4851.5</DistanceMeters><HeartRateBpm><Value>145</Value></HeartRateBpm><Cadence>86</Cadence><SensorState>Present</SensorState></Trackpoint><Trackpoint><Time>2025-07-31T12:54:56.905Z</Time><Position><LatitudeDegrees>43.34789167</LatitudeDegrees><LongitudeDegrees>-2.84284667</LongitudeDegrees></Position><AltitudeMeters>45.111</AltitudeMeters><DistanceMeters>4854.60009765625</DistanceMeters><HeartRateBpm><Value>145</Value></HeartRateBpm><Cadence>86</Cadence><SensorState>Present</SensorState></Trackpoint><Trackpoint><Time>2025-07-31T12:54:57.905Z</Time><Position><LatitudeDegrees>43.347915</LatitudeDegrees><LongitudeDegrees>-2.84287</LongitudeDegrees></Position><AltitudeMeters>44.959</AltitudeMeters><DistanceMeters>4857.7998046875</DistanceMeters><HeartRateBpm><Value>145</Value></HeartRateBpm><Cadence>87</Cadence><SensorState>Present</SensorState></Trackpoint><Trackpoint><Time>2025-07-31T12:54:58.905Z</Time><Position><LatitudeDegrees>43.34793667</LatitudeDegrees><LongitudeDegrees>-2.84289333</LongitudeDegrees></Position><AltitudeMeters>44.806</AltitudeMeters><DistanceMeters>4860.89990234375</DistanceMeters><HeartRateBpm><Value>145</Value></HeartRateBpm><Cadence>86</Cadence><SensorState>Present</SensorState></Trackpoint><Trackpoint><Time>2025-07-31T12:54:59.905Z</Time><Position><LatitudeDegrees>43.34795833</LatitudeDegrees><LongitudeDegrees>-2.84291333</LongitudeDegrees></Position><AltitudeMeters>44.806</AltitudeMeters><DistanceMeters>4864.2998046875</DistanceMeters><HeartRateBpm><Value>145</Value></HeartRateBpm><Cadence>86</Cadence><SensorState>Present</SensorState></Trackpoint><Trackpoint><Time>2025-07-31T12:55:00.905Z</Time><Position><LatitudeDegrees>43.34798167</LatitudeDegrees><LongitudeDegrees>-2.84293333</LongitudeDegrees></Position><AltitudeMeters>44.654</AltitudeMeters><DistanceMeters>4867.5</DistanceMeters><HeartRateBpm><Value>144</Value></HeartRateBpm><Cadence>87</Cadence><SensorState>Present</SensorState></Trackpoint><Trackpoint><Time>2025-07-31T12:55:01.905Z</Time><Position><LatitudeDegrees>43.34800333</LatitudeDegrees><LongitudeDegrees>-2.842955</LongitudeDegrees></Position><AltitudeMeters>44.654</AltitudeMeters><DistanceMeters>4870.5</DistanceMeters><HeartRateBpm><Value>144</Value></HeartRateBpm><Cadence>88</Cadence><SensorState>Present</SensorState></Trackpoint><Trackpoint><Time>2025-07-31T12:55:02.905Z</Time><Position><LatitudeDegrees>43.348025</LatitudeDegrees><LongitudeDegrees>-2.84298</LongitudeDegrees></Position><AltitudeMeters>44.501</AltitudeMeters><DistanceMeters>4873.7998046875</DistanceMeters><HeartRateBpm><Value>144</Value></HeartRateBpm><Cadence>88</Cadence><SensorState>Present</SensorState></Trackpoint><Trackpoint><Time>2025-07-31T12:55:03.905Z</Time><Position><LatitudeDegrees>43.34804667</LatitudeDegrees><LongitudeDegrees>-2.84300333</LongitudeDegrees></Position><AltitudeMeters>44.349</AltitudeMeters><DistanceMeters>4876.89990234375</DistanceMeters><HeartRateBpm><Value>144</Value></HeartRateBpm><Cadence>88</Cadence><SensorState>Present</SensorState></Trackpoint><Trackpoint><Time>2025-07-31T12:55:04.905Z</Time><Position><LatitudeDegrees>43.34807</LatitudeDegrees><LongitudeDegrees>-2.84302667</LongitudeDegrees></Position><AltitudeMeters>44.349</AltitudeMeters><DistanceMeters>4879.89990234375</DistanceMeters><HeartRateBpm><Value>144</Value></HeartRateBpm><Cadence>88</Cadence><SensorState>Present</SensorState></Trackpoint><Trackpoint><Time>2025-07-31T12:55:05.905Z</Time><Position><LatitudeDegrees>43.34809167</LatitudeDegrees><LongitudeDegrees>-2.84305</LongitudeDegrees></Position><AltitudeMeters>44.197</AltitudeMeters><DistanceMeters>4883.10009765625</DistanceMeters><HeartRateBpm><Value>144</Value></HeartRateBpm><Cadence>88</Cadence><SensorState>Present</SensorState></Trackpoint><Trackpoint><Time>2025-07-31T12:55:06.905Z</Time><Position><LatitudeDegrees>43.34811333</LatitudeDegrees><LongitudeDegrees>-2.84307167</LongitudeDegrees></Position><AltitudeMeters>44.044</AltitudeMeters><DistanceMeters>4886.2998046875</DistanceMeters><HeartRateBpm><Value>144</Value></HeartRateBpm><Cadence>88</Cadence><SensorState>Present</SensorState></Trackpoint><Trackpoint><Time>2025-07-31T12:55:07.905Z</Time><Position><LatitudeDegrees>43.348135</LatitudeDegrees><LongitudeDegrees>-2.84309667</LongitudeDegrees></Position><AltitudeMeters>44.044</AltitudeMeters><DistanceMeters>4889.2001953125</DistanceMeters><HeartRateBpm><Value>144</Value></HeartRateBpm><Cadence>88</Cadence><SensorState>Present</SensorState></Trackpoint><Trackpoint><Time>2025-07-31T12:55:08.905Z</Time><Position><LatitudeDegrees>43.348155</LatitudeDegrees><LongitudeDegrees>-2.84312333</LongitudeDegrees></Position><AltitudeMeters>43.892</AltitudeMeters><DistanceMeters>4892.2001953125</DistanceMeters><HeartRateBpm><Value>144</Value></HeartRateBpm><Cadence>87</Cadence><SensorState>Present</SensorState></Trackpoint><Trackpoint><Time>2025-07-31T12:55:09.905Z</Time><Position><LatitudeDegrees>43.34817833</LatitudeDegrees><LongitudeDegrees>-2.84314667</LongitudeDegrees></Position><AltitudeMeters>43.892</AltitudeMeters><DistanceMeters>4895.39990234375</DistanceMeters><HeartRateBpm><Value>144</Value></HeartRateBpm><Cadence>88</Cadence><SensorState>Present</SensorState></Trackpoint><Trackpoint><Time>2025-07-31T12:55:10.905Z</Time><Position><LatitudeDegrees>43.34820167</LatitudeDegrees><LongitudeDegrees>-2.84316833</LongitudeDegrees></Position><AltitudeMeters>43.739</AltitudeMeters><DistanceMeters>4898.60009765625</DistanceMeters><HeartRateBpm><Value>144</Value></HeartRateBpm><Cadence>88</Cadence><SensorState>Present</SensorState></Trackpoint><Trackpoint><Time>2025-07-31T12:55:11.905Z</Time><Position><LatitudeDegrees>43.348225</LatitudeDegrees><LongitudeDegrees>-2.84319167</LongitudeDegrees></Position><AltitudeMeters>43.739</AltitudeMeters><DistanceMeters>4901.7998046875</DistanceMeters><HeartRateBpm><Value>144</Value></HeartRateBpm><Cadence>88</Cadence><SensorState>Present</SensorState></Trackpoint><Trackpoint><Time>2025-07-31T12:55:12.905Z</Time><Position><LatitudeDegrees>43.34824833</LatitudeDegrees><LongitudeDegrees>-2.84321333</LongitudeDegrees></Position><AltitudeMeters>43.587</AltitudeMeters><DistanceMeters>4905.0</DistanceMeters><HeartRateBpm><Value>144</Value></HeartRateBpm><Cadence>88</Cadence><SensorState>Present</SensorState></Trackpoint><Trackpoint><Time>2025-07-31T12:55:13.905Z</Time><Position><LatitudeDegrees>43.34827333</LatitudeDegrees><LongitudeDegrees>-2.843235</LongitudeDegrees></Position><AltitudeMeters>43.435</AltitudeMeters><DistanceMeters>4908.2001953125</DistanceMeters><HeartRateBpm><Value>144</Value></HeartRateBpm><Cadence>88</Cadence><SensorState>Present</SensorState></Trackpoint><Trackpoint><Time>2025-07-31T12:55:14.905Z</Time><Position><LatitudeDegrees>43.34829833</LatitudeDegrees><LongitudeDegrees>-2.843255</LongitudeDegrees></Position><AltitudeMeters>43.435</AltitudeMeters><DistanceMeters>4911.39990234375</DistanceMeters><HeartRateBpm><Value>144</Value></HeartRateBpm><Cadence>88</Cadence><SensorState>Present</SensorState></Trackpoint><Trackpoint><Time>2025-07-31T12:55:15.905Z</Time><Position><LatitudeDegrees>43.34832333</LatitudeDegrees><LongitudeDegrees>-2.843275</LongitudeDegrees></Position><AltitudeMeters>43.282</AltitudeMeters><DistanceMeters>4914.60009765625</DistanceMeters><HeartRateBpm><Value>144</Value></HeartRateBpm><Cadence>88</Cadence><SensorState>Present</SensorState></Trackpoint><Trackpoint><Time>2025-07-31T12:55:16.905Z</Time><Position><LatitudeDegrees>43.34834833</LatitudeDegrees><LongitudeDegrees>-2.843295</LongitudeDegrees></Position><AltitudeMeters>43.282</AltitudeMeters><DistanceMeters>4917.89990234375</DistanceMeters><HeartRateBpm><Value>144</Value></HeartRateBpm><Cadence>88</Cadence><SensorState>Present</SensorState></Trackpoint><Trackpoint><Time>2025-07-31T12:55:17.905Z</Time><Position><LatitudeDegrees>43.34837333</LatitudeDegrees><LongitudeDegrees>-2.84331667</LongitudeDegrees></Position><AltitudeMeters>43.13</AltitudeMeters><DistanceMeters>4921.2001953125</DistanceMeters><HeartRateBpm><Value>144</Value></HeartRateBpm><Cadence>87</Cadence><SensorState>Present</SensorState></Trackpoint><Trackpoint><Time>2025-07-31T12:55:18.905Z</Time><Position><LatitudeDegrees>43.3484</LatitudeDegrees><LongitudeDegrees>-2.84333667</LongitudeDegrees></Position><AltitudeMeters>42.977</AltitudeMeters><DistanceMeters>4924.5</DistanceMeters><HeartRateBpm><Value>144</Value></HeartRateBpm><Cadence>88</Cadence><SensorState>Present</SensorState></Trackpoint><Trackpoint><Time>2025-07-31T12:55:19.905Z</Time><Position><LatitudeDegrees>43.34842833</LatitudeDegrees><LongitudeDegrees>-2.84335167</LongitudeDegrees></Position><AltitudeMeters>42.977</AltitudeMeters><DistanceMeters>4927.7001953125</DistanceMeters><HeartRateBpm><Value>144</Value></HeartRateBpm><Cadence>87</Cadence><SensorState>Present</SensorState></Trackpoint><Trackpoint><Time>2025-07-31T12:55:20.905Z</Time><Position><LatitudeDegrees>43.34845667</LatitudeDegrees><LongitudeDegrees>-2.843365</LongitudeDegrees></Position><AltitudeMeters>42.825</AltitudeMeters><DistanceMeters>4931.2001953125</DistanceMeters><HeartRateBpm><Value>144</Value></HeartRateBpm><Cadence>88</Cadence><SensorState>Present</SensorState></Trackpoint><Trackpoint><Time>2025-07-31T12:55:21.905Z</Time><Position><LatitudeDegrees>43.34848667</LatitudeDegrees><LongitudeDegrees>-2.84337667</LongitudeDegrees></Position><AltitudeMeters>42.825</AltitudeMeters><DistanceMeters>4934.60009765625</DistanceMeters><HeartRateBpm><Value>144</Value></HeartRateBpm><Cadence>88</Cadence><SensorState>Present</SensorState></Trackpoint><Trackpoint><Time>2025-07-31T12:55:22.905Z</Time><Position><LatitudeDegrees>43.34851667</LatitudeDegrees><LongitudeDegrees>-2.84338833</LongitudeDegrees></Position><AltitudeMeters>42.673</AltitudeMeters><DistanceMeters>4937.89990234375</DistanceMeters><HeartRateBpm><Value>144</Value></HeartRateBpm><Cadence>88</Cadence><SensorState>Present</SensorState></Trackpoint><Trackpoint><Time>2025-07-31T12:55:23.905Z</Time><Position><LatitudeDegrees>43.348545</LatitudeDegrees><LongitudeDegrees>-2.843395</LongitudeDegrees></Position><AltitudeMeters>42.52</AltitudeMeters><DistanceMeters>4941.39990234375</DistanceMeters><HeartRateBpm><Value>144</Value></HeartRateBpm><Cadence>88</Cadence><SensorState>Present</SensorState></Trackpoint><Trackpoint><Time>2025-07-31T12:55:24.905Z</Time><Position><LatitudeDegrees>43.34857667</LatitudeDegrees><LongitudeDegrees>-2.8434</LongitudeDegrees></Position><AltitudeMeters>42.52</AltitudeMeters><DistanceMeters>4944.89990234375</DistanceMeters><HeartRateBpm><Value>144</Value></HeartRateBpm><Cadence>88</Cadence><SensorState>Present</SensorState></Trackpoint><Trackpoint><Time>2025-07-31T12:55:25.905Z</Time><Position><LatitudeDegrees>43.348605</LatitudeDegrees><LongitudeDegrees>-2.843405</LongitudeDegrees></Position><AltitudeMeters>42.368</AltitudeMeters><DistanceMeters>4948.2001953125</DistanceMeters><HeartRateBpm><Value>144</Value></HeartRateBpm><Cadence>88</Cadence><SensorState>Present</SensorState></Trackpoint><Trackpoint><Time>2025-07-31T12:55:26.905Z</Time><Position><LatitudeDegrees>43.34863667</LatitudeDegrees><LongitudeDegrees>-2.84340667</LongitudeDegrees></Position><AltitudeMeters>42.368</AltitudeMeters><DistanceMeters>4951.7001953125</DistanceMeters><HeartRateBpm><Value>144</Value></HeartRateBpm><Cadence>88</Cadence><SensorState>Present</SensorState></Trackpoint><Trackpoint><Time>2025-07-31T12:55:27.905Z</Time><Position><LatitudeDegrees>43.34866833</LatitudeDegrees><LongitudeDegrees>-2.84341167</LongitudeDegrees></Position><AltitudeMeters>42.215</AltitudeMeters><DistanceMeters>4955.10009765625</DistanceMeters><HeartRateBpm><Value>144</Value></HeartRateBpm><Cadence>88</Cadence><SensorState>Present</SensorState></Trackpoint><Trackpoint><Time>2025-07-31T12:55:28.905Z</Time><Position><LatitudeDegrees>43.3487</LatitudeDegrees><LongitudeDegrees>-2.84341667</LongitudeDegrees></Position><AltitudeMeters>42.063</AltitudeMeters><DistanceMeters>4958.60009765625</DistanceMeters><HeartRateBpm><Value>144</Value></HeartRateBpm><Cadence>87</Cadence><SensorState>Present</SensorState></Trackpoint><Trackpoint><Time>2025-07-31T12:55:29.905Z</Time><Position><LatitudeDegrees>43.348735</LatitudeDegrees><LongitudeDegrees>-2.84342167</LongitudeDegrees></Position><AltitudeMeters>42.063</AltitudeMeters><DistanceMeters>4962.2001953125</DistanceMeters><HeartRateBpm><Value>144</Value></HeartRateBpm><Cadence>88</Cadence><SensorState>Present</SensorState></Trackpoint><Trackpoint><Time>2025-07-31T12:55:30.905Z</Time><Position><LatitudeDegrees>43.34876667</LatitudeDegrees><LongitudeDegrees>-2.84342833</LongitudeDegrees></Position><AltitudeMeters>41.911</AltitudeMeters><DistanceMeters>4965.7998046875</DistanceMeters><HeartRateBpm><Value>144</Value></HeartRateBpm><Cadence>87</Cadence><SensorState>Present</SensorState></Trackpoint><Trackpoint><Time>2025-07-31T12:55:31.905Z</Time><Position><LatitudeDegrees>43.34879667</LatitudeDegrees><LongitudeDegrees>-2.843435</LongitudeDegrees></Position><AltitudeMeters>41.758</AltitudeMeters><DistanceMeters>4969.5</DistanceMeters><HeartRateBpm><Value>144</Value></HeartRateBpm><Cadence>88</Cadence><SensorState>Present</SensorState></Trackpoint><Trackpoint><Time>2025-07-31T12:55:32.905Z</Time><Position><LatitudeDegrees>43.34882667</LatitudeDegrees><LongitudeDegrees>-2.84344</LongitudeDegrees></Position><AltitudeMeters>41.606</AltitudeMeters><DistanceMeters>4973.2001953125</DistanceMeters><HeartRateBpm><Value>144</Value></HeartRateBpm><Cadence>88</Cadence><SensorState>Present</SensorState></Trackpoint><Trackpoint><Time>2025-07-31T12:55:33.905Z</Time><Position><LatitudeDegrees>43.348855</LatitudeDegrees><LongitudeDegrees>-2.84344333</LongitudeDegrees></Position><AltitudeMeters>41.606</AltitudeMeters><DistanceMeters>4976.7001953125</DistanceMeters><HeartRateBpm><Value>144</Value></HeartRateBpm><Cadence>88</Cadence><SensorState>Present</SensorState></Trackpoint><Trackpoint><Time>2025-07-31T12:55:34.905Z</Time><Position><LatitudeDegrees>43.34888167</LatitudeDegrees><LongitudeDegrees>-2.84344333</LongitudeDegrees></Position><AltitudeMeters>41.453</AltitudeMeters><DistanceMeters>4980.2001953125</DistanceMeters><HeartRateBpm><Value>144</Value></HeartRateBpm><Cadence>88</Cadence><SensorState>Present</SensorState></Trackpoint><Trackpoint><Time>2025-07-31T12:55:35.905Z</Time><Position><LatitudeDegrees>43.34891333</LatitudeDegrees><LongitudeDegrees>-2.84345833</LongitudeDegrees></Position><AltitudeMeters>41.301</AltitudeMeters><DistanceMeters>4983.60009765625</DistanceMeters><HeartRateBpm><Value>143</Value></HeartRateBpm><Cadence>88</Cadence><SensorState>Present</SensorState></Trackpoint><Trackpoint><Time>2025-07-31T12:55:36.905Z</Time><Position><LatitudeDegrees>43.34894667</LatitudeDegrees><LongitudeDegrees>-2.84346667</LongitudeDegrees></Position><AltitudeMeters>41.148</AltitudeMeters><DistanceMeters>4987.0</DistanceMeters><HeartRateBpm><Value>143</Value></HeartRateBpm><Cadence>88</Cadence><SensorState>Present</SensorState></Trackpoint><Trackpoint><Time>2025-07-31T12:55:37.905Z</Time><Position><LatitudeDegrees>43.34898</LatitudeDegrees><LongitudeDegrees>-2.84347167</LongitudeDegrees></Position><AltitudeMeters>40.996</AltitudeMeters><DistanceMeters>4990.39990234375</DistanceMeters><HeartRateBpm><Value>143</Value></HeartRateBpm><Cadence>88</Cadence><SensorState>Present</SensorState></Trackpoint><Trackpoint><Time>2025-07-31T12:55:38.905Z</Time><Position><LatitudeDegrees>43.34901333</LatitudeDegrees><LongitudeDegrees>-2.843475</LongitudeDegrees></Position><AltitudeMeters>40.996</AltitudeMeters><DistanceMeters>4994.0</DistanceMeters><HeartRateBpm><Value>142</Value></HeartRateBpm><Cadence>88</Cadence><SensorState>Present</SensorState></Trackpoint><Trackpoint><Time>2025-07-31T12:55:39.905Z</Time><Position><LatitudeDegrees>43.349045</LatitudeDegrees><LongitudeDegrees>-2.84348833</LongitudeDegrees></Position><AltitudeMeters>40.844</AltitudeMeters><DistanceMeters>4997.60009765625</DistanceMeters><HeartRateBpm><Value>142</Value></HeartRateBpm><Cadence>88</Cadence><SensorState>Present</SensorState></Trackpoint></Track><Extensions><LX xmlns="http://www.garmin.com/xmlschemas/ActivityExtension/v2"><AvgSpeed>3.1706171565585666</AvgSpeed></LX></Extensions></Lap><Lap xmlns="http://www.garmin.com/xmlschemas/TrainingCenterDatabase/v2" StartTime="2025-07-31T12:55:40.905Z"><TotalTimeSeconds>300.0</TotalTimeSeconds><DistanceMeters>1000.0</DistanceMeters><MaximumSpeed>4.592764112684462</MaximumSpeed><Calories>0</Calories><AverageHeartRateBpm><Value>151</Value></AverageHeartRateBpm><MaximumHeartRateBpm><Value>167</Value></MaximumHeartRateBpm><Intensity>Active</Intensity><Cadence>89</Cadence><TriggerMethod>Distance</TriggerMethod><Track><Trackpoint><Time>2025-07-31T12:55:40.905Z</Time><Position><LatitudeDegrees>43.349075</LatitudeDegrees><LongitudeDegrees>-2.84349833</LongitudeDegrees></Position><AltitudeMeters>40.691</AltitudeMeters><DistanceMeters>5001.10009765625</DistanceMeters><HeartRateBpm><Value>142</Value></HeartRateBpm><Cadence>88</Cadence><SensorState>Present</SensorState></Trackpoint><Trackpoint><Time>2025-07-31T12:55:41.905Z</Time><Position><LatitudeDegrees>43.34910167</LatitudeDegrees><LongitudeDegrees>-2.84350833</LongitudeDegrees></Position><AltitudeMeters>40.539</AltitudeMeters><DistanceMeters>5004.7001953125</DistanceMeters><HeartRateBpm><Value>141</Value></HeartRateBpm><Cadence>88</Cadence><SensorState>Present</SensorState></Trackpoint><Trackpoint><Time>2025-07-31T12:55:42.905Z</Time><Position><LatitudeDegrees>43.34913333</LatitudeDegrees><LongitudeDegrees>-2.84352333</LongitudeDegrees></Position><AltitudeMeters>40.539</AltitudeMeters><DistanceMeters>5008.2998046875</DistanceMeters><HeartRateBpm><Value>141</Value></HeartRateBpm><Cadence>88</Cadence><SensorState>Present</SensorState></Trackpoint><Trackpoint><Time>2025-07-31T12:55:43.905Z</Time><Position><LatitudeDegrees>43.34916333</LatitudeDegrees><LongitudeDegrees>-2.843535</LongitudeDegrees></Position><AltitudeMeters>40.386</AltitudeMeters><DistanceMeters>5011.60009765625</DistanceMeters><HeartRateBpm><Value>141</Value></HeartRateBpm><Cadence>88</Cadence><SensorState>Present</SensorState></Trackpoint><Trackpoint><Time>2025-07-31T12:55:44.905Z</Time><Position><LatitudeDegrees>43.34919333</LatitudeDegrees><LongitudeDegrees>-2.84354667</LongitudeDegrees></Position><AltitudeMeters>40.234</AltitudeMeters><DistanceMeters>5015.60009765625</DistanceMeters><HeartRateBpm><Value>141</Value></HeartRateBpm><Cadence>88</Cadence><SensorState>Present</SensorState></Trackpoint><Trackpoint><Time>2025-07-31T12:55:45.905Z</Time><Position><LatitudeDegrees>43.34922167</LatitudeDegrees><LongitudeDegrees>-2.84355833</LongitudeDegrees></Position><AltitudeMeters>40.082</AltitudeMeters><DistanceMeters>5019.39990234375</DistanceMeters><HeartRateBpm><Value>141</Value></HeartRateBpm><Cadence>88</Cadence><SensorState>Present</SensorState></Trackpoint><Trackpoint><Time>2025-07-31T12:55:46.905Z</Time><Position><LatitudeDegrees>43.34925</LatitudeDegrees><LongitudeDegrees>-2.84357</LongitudeDegrees></Position><AltitudeMeters>40.082</AltitudeMeters><DistanceMeters>5022.7001953125</DistanceMeters><HeartRateBpm><Value>140</Value></HeartRateBpm><Cadence>88</Cadence><SensorState>Present</SensorState></Trackpoint><Trackpoint><Time>2025-07-31T12:55:47.905Z</Time><Position><LatitudeDegrees>43.34927667</LatitudeDegrees><LongitudeDegrees>-2.843585</LongitudeDegrees></Position><AltitudeMeters>39.929</AltitudeMeters><DistanceMeters>5026.0</DistanceMeters><HeartRateBpm><Value>140</Value></HeartRateBpm><Cadence>88</Cadence><SensorState>Present</SensorState></Trackpoint><Trackpoint><Time>2025-07-31T12:55:48.905Z</Time><Position><LatitudeDegrees>43.34930667</LatitudeDegrees><LongitudeDegrees>-2.843595</LongitudeDegrees></Position><AltitudeMeters>39.777</AltitudeMeters><DistanceMeters>5029.2001953125</DistanceMeters><HeartRateBpm><Value>140</Value></HeartRateBpm><Cadence>88</Cadence><SensorState>Present</SensorState></Trackpoint><Trackpoint><Time>2025-07-31T12:55:49.905Z</Time><Position><LatitudeDegrees>43.34933833</LatitudeDegrees><LongitudeDegrees>-2.8436</LongitudeDegrees></Position><AltitudeMeters>39.624</AltitudeMeters><DistanceMeters>5032.2998046875</DistanceMeters><HeartRateBpm><Value>140</Value></HeartRateBpm><Cadence>88</Cadence><SensorState>Present</SensorState></Trackpoint><Trackpoint><Time>2025-07-31T12:55:50.905Z</Time><Position><LatitudeDegrees>43.34936833</LatitudeDegrees><LongitudeDegrees>-2.84360333</LongitudeDegrees></Position><AltitudeMeters>39.472</AltitudeMeters><DistanceMeters>5035.60009765625</DistanceMeters><HeartRateBpm><Value>139</Value></HeartRateBpm><Cadence>88</Cadence><SensorState>Present</SensorState></Trackpoint><Trackpoint><Time>2025-07-31T12:55:51.905Z</Time><Position><LatitudeDegrees>43.3494</LatitudeDegrees><LongitudeDegrees>-2.84360833</LongitudeDegrees></Position><AltitudeMeters>39.32</AltitudeMeters><DistanceMeters>5039.10009765625</DistanceMeters><HeartRateBpm><Value>139</Value></HeartRateBpm><Cadence>88</Cadence><SensorState>Present</SensorState></Trackpoint><Trackpoint><Time>2025-07-31T12:55:52.905Z</Time><Position><LatitudeDegrees>43.34943333</LatitudeDegrees><LongitudeDegrees>-2.84361167</LongitudeDegrees></Position><AltitudeMeters>39.015</AltitudeMeters><DistanceMeters>5042.60009765625</DistanceMeters><HeartRateBpm><Value>139</Value></HeartRateBpm><Cadence>88</Cadence><SensorState>Present</SensorState></Trackpoint><Trackpoint><Time>2025-07-31T12:55:53.905Z</Time><Position><LatitudeDegrees>43.349465</LatitudeDegrees><LongitudeDegrees>-2.84361667</LongitudeDegrees></Position><AltitudeMeters>38.862</AltitudeMeters><DistanceMeters>5045.89990234375</DistanceMeters><HeartRateBpm><Value>139</Value></HeartRateBpm><Cadence>88</Cadence><SensorState>Present</SensorState></Trackpoint><Trackpoint><Time>2025-07-31T12:55:54.905Z</Time><Position><LatitudeDegrees>43.349495</LatitudeDegrees><LongitudeDegrees>-2.843615</LongitudeDegrees></Position><AltitudeMeters>38.71</AltitudeMeters><DistanceMeters>5049.5</DistanceMeters><HeartRateBpm><Value>138</Value></HeartRateBpm><Cadence>88</Cadence><SensorState>Present</SensorState></Trackpoint><Trackpoint><Time>2025-07-31T12:55:55.905Z</Time><Position><LatitudeDegrees>43.34952333</LatitudeDegrees><LongitudeDegrees>-2.84361667</LongitudeDegrees></Position><AltitudeMeters>38.558</AltitudeMeters><DistanceMeters>5052.89990234375</DistanceMeters><HeartRateBpm><Value>138</Value></HeartRateBpm><Cadence>88</Cadence><SensorState>Present</SensorState></Trackpoint><Trackpoint><Time>2025-07-31T12:55:56.905Z</Time><Position><LatitudeDegrees>43.34955167</LatitudeDegrees><LongitudeDegrees>-2.84362167</LongitudeDegrees></Position><AltitudeMeters>38.253</AltitudeMeters><DistanceMeters>5056.5</DistanceMeters><HeartRateBpm><Value>138</Value></HeartRateBpm><Cadence>88</Cadence><SensorState>Present</SensorState></Trackpoint><Trackpoint><Time>2025-07-31T12:55:57.905Z</Time><Position><LatitudeDegrees>43.34958167</LatitudeDegrees><LongitudeDegrees>-2.843625</LongitudeDegrees></Position><AltitudeMeters>38.1</AltitudeMeters><DistanceMeters>5059.89990234375</DistanceMeters><HeartRateBpm><Value>138</Value></HeartRateBpm><Cadence>87</Cadence><SensorState>Present</SensorState></Trackpoint><Trackpoint><Time>2025-07-31T12:55:58.905Z</Time><Position><LatitudeDegrees>43.34960833</LatitudeDegrees><LongitudeDegrees>-2.84363</LongitudeDegrees></Position><AltitudeMeters>37.796</AltitudeMeters><DistanceMeters>5063.2001953125</DistanceMeters><HeartRateBpm><Value>138</Value></HeartRateBpm><Cadence>87</Cadence><SensorState>Present</SensorState></Trackpoint><Trackpoint><Time>2025-07-31T12:55:59.905Z</Time><Position><LatitudeDegrees>43.349635</LatitudeDegrees><LongitudeDegrees>-2.843645</LongitudeDegrees></Position><AltitudeMeters>37.643</AltitudeMeters><DistanceMeters>5066.7001953125</DistanceMeters><HeartRateBpm><Value>138</Value></HeartRateBpm><Cadence>88</Cadence><SensorState>Present</SensorState></Trackpoint><Trackpoint><Time>2025-07-31T12:56:00.905Z</Time><Position><LatitudeDegrees>43.34965833</LatitudeDegrees><LongitudeDegrees>-2.84366167</LongitudeDegrees></Position><AltitudeMeters>37.491</AltitudeMeters><DistanceMeters>5069.7001953125</DistanceMeters><HeartRateBpm><Value>138</Value></HeartRateBpm><Cadence>88</Cadence><SensorState>Present</SensorState></Trackpoint><Trackpoint><Time>2025-07-31T12:56:01.905Z</Time><Position><LatitudeDegrees>43.34967667</LatitudeDegrees><LongitudeDegrees>-2.843695</LongitudeDegrees></Position><AltitudeMeters>37.186</AltitudeMeters><DistanceMeters>5072.89990234375</DistanceMeters><HeartRateBpm><Value>138</Value></HeartRateBpm><Cadence>88</Cadence><SensorState>Present</SensorState></Trackpoint><Trackpoint><Time>2025-07-31T12:56:02.905Z</Time><Position><LatitudeDegrees>43.34969167</LatitudeDegrees><LongitudeDegrees>-2.84372833</LongitudeDegrees></Position><AltitudeMeters>37.034</AltitudeMeters><DistanceMeters>5075.7001953125</DistanceMeters><HeartRateBpm><Value>138</Value></HeartRateBpm><Cadence>88</Cadence><SensorState>Present</SensorState></Trackpoint><Trackpoint><Time>2025-07-31T12:56:03.905Z</Time><Position><LatitudeDegrees>43.34971333</LatitudeDegrees><LongitudeDegrees>-2.84376</LongitudeDegrees></Position><AltitudeMeters>36.729</AltitudeMeters><DistanceMeters>5078.39990234375</DistanceMeters><HeartRateBpm><Value>138</Value></HeartRateBpm><Cadence>89</Cadence><SensorState>Present</SensorState></Trackpoint><Trackpoint><Time>2025-07-31T12:56:04.905Z</Time><Position><LatitudeDegrees>43.34973667</LatitudeDegrees><LongitudeDegrees>-2.843785</LongitudeDegrees></Position><AltitudeMeters>36.576</AltitudeMeters><DistanceMeters>5081.10009765625</DistanceMeters><HeartRateBpm><Value>138</Value></HeartRateBpm><Cadence>90</Cadence><SensorState>Present</SensorState></Trackpoint><Trackpoint><Time>2025-07-31T12:56:05.905Z</Time><Position><LatitudeDegrees>43.349765</LatitudeDegrees><LongitudeDegrees>-2.84380167</LongitudeDegrees></Position><AltitudeMeters>36.272</AltitudeMeters><DistanceMeters>5084.39990234375</DistanceMeters><HeartRateBpm><Value>138</Value></HeartRateBpm><Cadence>90</Cadence><SensorState>Present</SensorState></Trackpoint><Trackpoint><Time>2025-07-31T12:56:06.905Z</Time><Position><LatitudeDegrees>43.34979</LatitudeDegrees><LongitudeDegrees>-2.843805</LongitudeDegrees></Position><AltitudeMeters>36.119</AltitudeMeters><DistanceMeters>5087.7001953125</DistanceMeters><HeartRateBpm><Value>138</Value></HeartRateBpm><Cadence>90</Cadence><SensorState>Present</SensorState></Trackpoint><Trackpoint><Time>2025-07-31T12:56:07.905Z</Time><Position><LatitudeDegrees>43.34981667</LatitudeDegrees><LongitudeDegrees>-2.84381333</LongitudeDegrees></Position><AltitudeMeters>35.814</AltitudeMeters><DistanceMeters>5090.39990234375</DistanceMeters><HeartRateBpm><Value>138</Value></HeartRateBpm><Cadence>90</Cadence><SensorState>Present</SensorState></Trackpoint><Trackpoint><Time>2025-07-31T12:56:08.905Z</Time><Position><LatitudeDegrees>43.34985167</LatitudeDegrees><LongitudeDegrees>-2.84382167</LongitudeDegrees></Position><AltitudeMeters>35.662</AltitudeMeters><DistanceMeters>5093.2001953125</DistanceMeters><HeartRateBpm><Value>138</Value></HeartRateBpm><Cadence>90</Cadence><SensorState>Present</SensorState></Trackpoint><Trackpoint><Time>2025-07-31T12:56:09.905Z</Time><Position><LatitudeDegrees>43.34987833</LatitudeDegrees><LongitudeDegrees>-2.84383</LongitudeDegrees></Position><AltitudeMeters>35.357</AltitudeMeters><DistanceMeters>5096.7001953125</DistanceMeters><HeartRateBpm><Value>138</Value></HeartRateBpm><Cadence>90</Cadence><SensorState>Present</SensorState></Trackpoint><Trackpoint><Time>2025-07-31T12:56:10.905Z</Time><Position><LatitudeDegrees>43.34991333</LatitudeDegrees><LongitudeDegrees>-2.84383333</LongitudeDegrees></Position><AltitudeMeters>35.205</AltitudeMeters><DistanceMeters>5100.39990234375</DistanceMeters><HeartRateBpm><Value>138</Value></HeartRateBpm><Cadence>90</Cadence><SensorState>Present</SensorState></Trackpoint><Trackpoint><Time>2025-07-31T12:56:11.905Z</Time><Position><LatitudeDegrees>43.34994833</LatitudeDegrees><LongitudeDegrees>-2.84383667</LongitudeDegrees></Position><AltitudeMeters>35.052</AltitudeMeters><DistanceMeters>5103.7001953125</DistanceMeters><HeartRateBpm><Value>138</Value></HeartRateBpm><Cadence>90</Cadence><SensorState>Present</SensorState></Trackpoint><Trackpoint><Time>2025-07-31T12:56:12.905Z</Time><Position><LatitudeDegrees>43.34998</LatitudeDegrees><LongitudeDegrees>-2.84383667</LongitudeDegrees></Position><AltitudeMeters>34.748</AltitudeMeters><DistanceMeters>5107.0</DistanceMeters><HeartRateBpm><Value>138</Value></HeartRateBpm><Cadence>89</Cadence><SensorState>Present</SensorState></Trackpoint><Trackpoint><Time>2025-07-31T12:56:13.905Z</Time><Position><LatitudeDegrees>43.35000833</LatitudeDegrees><LongitudeDegrees>-2.84383</LongitudeDegrees></Position><AltitudeMeters>34.595</AltitudeMeters><DistanceMeters>5110.89990234375</DistanceMeters><HeartRateBpm><Value>138</Value></HeartRateBpm><Cadence>89</Cadence><SensorState>Present</SensorState></Trackpoint><Trackpoint><Time>2025-07-31T12:56:14.905Z</Time><Position><LatitudeDegrees>43.35003833</LatitudeDegrees><LongitudeDegrees>-2.843825</LongitudeDegrees></Position><AltitudeMeters>34.443</AltitudeMeters><DistanceMeters>5114.5</DistanceMeters><HeartRateBpm><Value>138</Value></HeartRateBpm><Cadence>89</Cadence><SensorState>Present</SensorState></Trackpoint><Trackpoint><Time>2025-07-31T12:56:15.905Z</Time><Position><LatitudeDegrees>43.35006667</LatitudeDegrees><LongitudeDegrees>-2.84382167</LongitudeDegrees></Position><AltitudeMeters>34.29</AltitudeMeters><DistanceMeters>5118.10009765625</DistanceMeters><HeartRateBpm><Value>139</Value></HeartRateBpm><Cadence>89</Cadence><SensorState>Present</SensorState></Trackpoint><Trackpoint><Time>2025-07-31T12:56:16.905Z</Time><Position><LatitudeDegrees>43.350095</LatitudeDegrees><LongitudeDegrees>-2.843825</LongitudeDegrees></Position><AltitudeMeters>34.138</AltitudeMeters><DistanceMeters>5121.39990234375</DistanceMeters><HeartRateBpm><Value>139</Value></HeartRateBpm><Cadence>89</Cadence><SensorState>Present</SensorState></Trackpoint><Trackpoint><Time>2025-07-31T12:56:17.905Z</Time><Position><LatitudeDegrees>43.350125</LatitudeDegrees><LongitudeDegrees>-2.84383833</LongitudeDegrees></Position><AltitudeMeters>33.986</AltitudeMeters><DistanceMeters>5125.2001953125</DistanceMeters><HeartRateBpm><Value>139</Value></HeartRateBpm><Cadence>89</Cadence><SensorState>Present</SensorState></Trackpoint><Trackpoint><Time>2025-07-31T12:56:18.905Z</Time><Position><LatitudeDegrees>43.350155</LatitudeDegrees><LongitudeDegrees>-2.84386167</LongitudeDegrees></Position><AltitudeMeters>33.833</AltitudeMeters><DistanceMeters>5128.7001953125</DistanceMeters><HeartRateBpm><Value>139</Value></HeartRateBpm><Cadence>89</Cadence><SensorState>Present</SensorState></Trackpoint><Trackpoint><Time>2025-07-31T12:56:19.905Z</Time><Position><LatitudeDegrees>43.35018667</LatitudeDegrees><LongitudeDegrees>-2.84388833</LongitudeDegrees></Position><AltitudeMeters>33.681</AltitudeMeters><DistanceMeters>5131.7001953125</DistanceMeters><HeartRateBpm><Value>140</Value></HeartRateBpm><Cadence>89</Cadence><SensorState>Present</SensorState></Trackpoint><Trackpoint><Time>2025-07-31T12:56:20.905Z</Time><Position><LatitudeDegrees>43.35021167</LatitudeDegrees><LongitudeDegrees>-2.84391333</LongitudeDegrees></Position><AltitudeMeters>33.528</AltitudeMeters><DistanceMeters>5135.39990234375</DistanceMeters><HeartRateBpm><Value>140</Value></HeartRateBpm><Cadence>89</Cadence><SensorState>Present</SensorState></Trackpoint><Trackpoint><Time>2025-07-31T12:56:21.905Z</Time><Position><LatitudeDegrees>43.350235</LatitudeDegrees><LongitudeDegrees>-2.84394333</LongitudeDegrees></Position><AltitudeMeters>33.376</AltitudeMeters><DistanceMeters>5139.0</DistanceMeters><HeartRateBpm><Value>140</Value></HeartRateBpm><Cadence>89</Cadence><SensorState>Present</SensorState></Trackpoint><Trackpoint><Time>2025-07-31T12:56:22.905Z</Time><AltitudeMeters>33.224</AltitudeMeters><DistanceMeters>5142.10009765625</DistanceMeters><HeartRateBpm><Value>140</Value></HeartRateBpm><Cadence>89</Cadence><SensorState>Present</SensorState></Trackpoint><Trackpoint><Time>2025-07-31T12:56:23.905Z</Time><Position><LatitudeDegrees>43.35026</LatitudeDegrees><LongitudeDegrees>-2.84397333</LongitudeDegrees></Position><AltitudeMeters>33.224</AltitudeMeters><DistanceMeters>5145.60009765625</DistanceMeters><HeartRateBpm><Value>139</Value></HeartRateBpm><Cadence>89</Cadence><SensorState>Present</SensorState></Trackpoint><Trackpoint><Time>2025-07-31T12:56:24.905Z</Time><Position><LatitudeDegrees>43.350285</LatitudeDegrees><LongitudeDegrees>-2.84399667</LongitudeDegrees></Position><AltitudeMeters>33.071</AltitudeMeters><DistanceMeters>5149.2001953125</DistanceMeters><HeartRateBpm><Value>139</Value></HeartRateBpm><Cadence>89</Cadence><SensorState>Present</SensorState></Trackpoint><Trackpoint><Time>2025-07-31T12:56:25.905Z</Time><Position><LatitudeDegrees>43.35030833</LatitudeDegrees><LongitudeDegrees>-2.84401833</LongitudeDegrees></Position><AltitudeMeters>32.919</AltitudeMeters><DistanceMeters>5152.7001953125</DistanceMeters><HeartRateBpm><Value>139</Value></HeartRateBpm><Cadence>89</Cadence><SensorState>Present</SensorState></Trackpoint><Trackpoint><Time>2025-07-31T12:56:26.905Z</Time><Position><LatitudeDegrees>43.35033167</LatitudeDegrees><LongitudeDegrees>-2.84404167</LongitudeDegrees></Position><AltitudeMeters>32.766</AltitudeMeters><DistanceMeters>5156.2998046875</DistanceMeters><HeartRateBpm><Value>139</Value></HeartRateBpm><Cadence>89</Cadence><SensorState>Present</SensorState></Trackpoint><Trackpoint><Time>2025-07-31T12:56:27.905Z</Time><Position><LatitudeDegrees>43.35035667</LatitudeDegrees><LongitudeDegrees>-2.84406667</LongitudeDegrees></Position><AltitudeMeters>32.766</AltitudeMeters><DistanceMeters>5159.89990234375</DistanceMeters><HeartRateBpm><Value>139</Value></HeartRateBpm><Cadence>89</Cadence><SensorState>Present</SensorState></Trackpoint><Trackpoint><Time>2025-07-31T12:56:28.905Z</Time><Position><LatitudeDegrees>43.35038167</LatitudeDegrees><LongitudeDegrees>-2.84409333</LongitudeDegrees></Position><AltitudeMeters>32.614</AltitudeMeters><DistanceMeters>5163.39990234375</DistanceMeters><HeartRateBpm><Value>140</Value></HeartRateBpm><Cadence>89</Cadence><SensorState>Present</SensorState></Trackpoint><Trackpoint><Time>2025-07-31T12:56:29.905Z</Time><Position><LatitudeDegrees>43.35040667</LatitudeDegrees><LongitudeDegrees>-2.84411833</LongitudeDegrees></Position><AltitudeMeters>32.462</AltitudeMeters><DistanceMeters>5166.7998046875</DistanceMeters><HeartRateBpm><Value>140</Value></HeartRateBpm><Cadence>89</Cadence><SensorState>Present</SensorState></Trackpoint><Trackpoint><Time>2025-07-31T12:56:30.905Z</Time><Position><LatitudeDegrees>43.35043167</LatitudeDegrees><LongitudeDegrees>-2.84414167</LongitudeDegrees></Position><AltitudeMeters>32.462</AltitudeMeters><DistanceMeters>5169.89990234375</DistanceMeters><HeartRateBpm><Value>140</Value></HeartRateBpm><Cadence>89</Cadence><SensorState>Present</SensorState></Trackpoint><Trackpoint><Time>2025-07-31T12:56:31.905Z</Time><Position><LatitudeDegrees>43.35046333</LatitudeDegrees><LongitudeDegrees>-2.84416833</LongitudeDegrees></Position><AltitudeMeters>32.309</AltitudeMeters><DistanceMeters>5173.2001953125</DistanceMeters><HeartRateBpm><Value>141</Value></HeartRateBpm><Cadence>89</Cadence><SensorState>Present</SensorState></Trackpoint><Trackpoint><Time>2025-07-31T12:56:32.905Z</Time><Position><LatitudeDegrees>43.35048333</LatitudeDegrees><LongitudeDegrees>-2.8442</LongitudeDegrees></Position><AltitudeMeters>32.309</AltitudeMeters><DistanceMeters>5177.10009765625</DistanceMeters><HeartRateBpm><Value>141</Value></HeartRateBpm><Cadence>90</Cadence><SensorState>Present</SensorState></Trackpoint><Trackpoint><Time>2025-07-31T12:56:33.905Z</Time><Position><LatitudeDegrees>43.35049333</LatitudeDegrees><LongitudeDegrees>-2.84421167</LongitudeDegrees></Position><AltitudeMeters>32.157</AltitudeMeters><DistanceMeters>5180.2998046875</DistanceMeters><HeartRateBpm><Value>141</Value></HeartRateBpm><Cadence>90</Cadence><SensorState>Present</SensorState></Trackpoint><Trackpoint><Time>2025-07-31T12:56:34.905Z</Time><Position><LatitudeDegrees>43.35049667</LatitudeDegrees><LongitudeDegrees>-2.84421</LongitudeDegrees></Position><AltitudeMeters>32.157</AltitudeMeters><DistanceMeters>5182.39990234375</DistanceMeters><HeartRateBpm><Value>141</Value></HeartRateBpm><Cadence>89</Cadence><SensorState>Present</SensorState></Trackpoint></Track><Track><Trackpoint><Time>2025-07-31T12:56:40.224Z</Time><Position><LatitudeDegrees>43.35050167</LatitudeDegrees><LongitudeDegrees>-2.84420833</LongitudeDegrees></Position><AltitudeMeters>31.852</AltitudeMeters><DistanceMeters>5185.0</DistanceMeters><HeartRateBpm><Value>142</Value></HeartRateBpm><Cadence>89</Cadence><SensorState>Present</SensorState></Trackpoint><Trackpoint><Time>2025-07-31T12:56:41.224Z</Time><Position><LatitudeDegrees>43.35063333</LatitudeDegrees><LongitudeDegrees>-2.84425</LongitudeDegrees></Position><AltitudeMeters>31.852</AltitudeMeters><DistanceMeters>5185.39990234375</DistanceMeters><HeartRateBpm><Value>142</Value></HeartRateBpm><Cadence>89</Cadence><SensorState>Present</SensorState></Trackpoint><Trackpoint><Time>2025-07-31T12:56:42.224Z</Time><Position><LatitudeDegrees>43.35066</LatitudeDegrees><LongitudeDegrees>-2.844265</LongitudeDegrees></Position><AltitudeMeters>31.852</AltitudeMeters><DistanceMeters>5186.0</DistanceMeters><HeartRateBpm><Value>142</Value></HeartRateBpm><Cadence>90</Cadence><SensorState>Present</SensorState></Trackpoint><Trackpoint><Time>2025-07-31T12:56:43.224Z</Time><Position><LatitudeDegrees>43.350685</LatitudeDegrees><LongitudeDegrees>-2.84428167</LongitudeDegrees></Position><AltitudeMeters>32.004</AltitudeMeters><DistanceMeters>5188.2001953125</DistanceMeters><HeartRateBpm><Value>142</Value></HeartRateBpm><Cadence>90</Cadence><SensorState>Present</SensorState></Trackpoint><Trackpoint><Time>2025-07-31T12:56:44.224Z</Time><Position><LatitudeDegrees>43.35071</LatitudeDegrees><LongitudeDegrees>-2.84429667</LongitudeDegrees></Position><AltitudeMeters>32.004</AltitudeMeters><DistanceMeters>5190.60009765625</DistanceMeters><HeartRateBpm><Value>142</Value></HeartRateBpm><Cadence>90</Cadence><SensorState>Present</SensorState></Trackpoint><Trackpoint><Time>2025-07-31T12:56:45.224Z</Time><Position><LatitudeDegrees>43.35073667</LatitudeDegrees><LongitudeDegrees>-2.844315</LongitudeDegrees></Position><AltitudeMeters>32.004</AltitudeMeters><DistanceMeters>5193.39990234375</DistanceMeters><HeartRateBpm><Value>142</Value></HeartRateBpm><Cadence>90</Cadence><SensorState>Present</SensorState></Trackpoint><Trackpoint><Time>2025-07-31T12:56:46.224Z</Time><Position><LatitudeDegrees>43.350765</LatitudeDegrees><LongitudeDegrees>-2.84432833</LongitudeDegrees></Position><AltitudeMeters>32.004</AltitudeMeters><DistanceMeters>5196.7998046875</DistanceMeters><HeartRateBpm><Value>142</Value></HeartRateBpm><Cadence>90</Cadence><SensorState>Present</SensorState></Trackpoint><Trackpoint><Time>2025-07-31T12:56:47.224Z</Time><Position><LatitudeDegrees>43.350795</LatitudeDegrees><LongitudeDegrees>-2.84433833</LongitudeDegrees></Position><AltitudeMeters>32.157</AltitudeMeters><DistanceMeters>5200.89990234375</DistanceMeters><HeartRateBpm><Value>143</Value></HeartRateBpm><Cadence>90</Cadence><SensorState>Present</SensorState></Trackpoint><Trackpoint><Time>2025-07-31T12:56:48.224Z</Time><Position><LatitudeDegrees>43.35083</LatitudeDegrees><LongitudeDegrees>-2.84435833</LongitudeDegrees></Position><AltitudeMeters>32.157</AltitudeMeters><DistanceMeters>5205.39990234375</DistanceMeters><HeartRateBpm><Value>143</Value></HeartRateBpm><Cadence>90</Cadence><SensorState>Present</SensorState></Trackpoint><Trackpoint><Time>2025-07-31T12:56:49.224Z</Time><Position><LatitudeDegrees>43.35087167</LatitudeDegrees><LongitudeDegrees>-2.84439167</LongitudeDegrees></Position><AltitudeMeters>32.309</AltitudeMeters><DistanceMeters>5210.60009765625</DistanceMeters><HeartRateBpm><Value>144</Value></HeartRateBpm><Cadence>90</Cadence><SensorState>Present</SensorState></Trackpoint><Trackpoint><Time>2025-07-31T12:56:50.224Z</Time><Position><LatitudeDegrees>43.35091</LatitudeDegrees><LongitudeDegrees>-2.844435</LongitudeDegrees></Position><AltitudeMeters>32.309</AltitudeMeters><DistanceMeters>5217.0</DistanceMeters><HeartRateBpm><Value>144</Value></HeartRateBpm><Cadence>89</Cadence><SensorState>Present</SensorState></Trackpoint><Trackpoint><Time>2025-07-31T12:56:51.224Z</Time><Position><LatitudeDegrees>43.35093667</LatitudeDegrees><LongitudeDegrees>-2.84449167</LongitudeDegrees></Position><AltitudeMeters>32.462</AltitudeMeters><DistanceMeters>5223.7001953125</DistanceMeters><HeartRateBpm><Value>144</Value></HeartRateBpm><Cadence>89</Cadence><SensorState>Present</SensorState></Trackpoint><Trackpoint><Time>2025-07-31T12:56:52.224Z</Time><Position><LatitudeDegrees>43.35095167</LatitudeDegrees><LongitudeDegrees>-2.84453667</LongitudeDegrees></Position><AltitudeMeters>32.614</AltitudeMeters><DistanceMeters>5228.89990234375</DistanceMeters><HeartRateBpm><Value>144</Value></HeartRateBpm><Cadence>89</Cadence><SensorState>Present</SensorState></Trackpoint><Trackpoint><Time>2025-07-31T12:56:53.224Z</Time><Position><LatitudeDegrees>43.35096167</LatitudeDegrees><LongitudeDegrees>-2.84457667</LongitudeDegrees></Position><AltitudeMeters>32.614</AltitudeMeters><DistanceMeters>5233.7001953125</DistanceMeters><HeartRateBpm><Value>144</Value></HeartRateBpm><Cadence>89</Cadence><SensorState>Present</SensorState></Trackpoint><Trackpoint><Time>2025-07-31T12:56:54.224Z</Time><Position><LatitudeDegrees>43.35097333</LatitudeDegrees><LongitudeDegrees>-2.844615</LongitudeDegrees></Position><AltitudeMeters>32.766</AltitudeMeters><DistanceMeters>5238.2998046875</DistanceMeters><HeartRateBpm><Value>145</Value></HeartRateBpm><Cadence>90</Cadence><SensorState>Present</SensorState></Trackpoint><Trackpoint><Time>2025-07-31T12:56:55.224Z</Time><Position><LatitudeDegrees>43.35098</LatitudeDegrees><LongitudeDegrees>-2.84465833</LongitudeDegrees></Position><AltitudeMeters>32.766</AltitudeMeters><DistanceMeters>5242.60009765625</DistanceMeters><HeartRateBpm><Value>145</Value></HeartRateBpm><Cadence>90</Cadence><SensorState>Present</SensorState></Trackpoint><Trackpoint><Time>2025-07-31T12:56:56.224Z</Time><Position><LatitudeDegrees>43.35099</LatitudeDegrees><LongitudeDegrees>-2.84469667</LongitudeDegrees></Position><AltitudeMeters>32.766</AltitudeMeters><DistanceMeters>5246.5</DistanceMeters><HeartRateBpm><Value>145</Value></HeartRateBpm><Cadence>90</Cadence><SensorState>Present</SensorState></Trackpoint><Trackpoint><Time>2025-07-31T12:56:57.224Z</Time><Position><LatitudeDegrees>43.35100167</LatitudeDegrees><LongitudeDegrees>-2.84474</LongitudeDegrees></Position><AltitudeMeters>32.766</AltitudeMeters><DistanceMeters>5250.39990234375</DistanceMeters><HeartRateBpm><Value>145</Value></HeartRateBpm><Cadence>90</Cadence><SensorState>Present</SensorState></Trackpoint><Trackpoint><Time>2025-07-31T12:56:58.224Z</Time><Position><LatitudeDegrees>43.35101667</LatitudeDegrees><LongitudeDegrees>-2.84478167</LongitudeDegrees></Position><AltitudeMeters>32.766</AltitudeMeters><DistanceMeters>5254.0</DistanceMeters><HeartRateBpm><Value>144</Value></HeartRateBpm><Cadence>90</Cadence><SensorState>Present</SensorState></Trackpoint><Trackpoint><Time>2025-07-31T12:56:59.224Z</Time><Position><LatitudeDegrees>43.35103667</LatitudeDegrees><LongitudeDegrees>-2.84481833</LongitudeDegrees></Position><AltitudeMeters>32.766</AltitudeMeters><DistanceMeters>5257.10009765625</DistanceMeters><HeartRateBpm><Value>144</Value></HeartRateBpm><Cadence>90</Cadence><SensorState>Present</SensorState></Trackpoint><Trackpoint><Time>2025-07-31T12:57:00.224Z</Time><Position><LatitudeDegrees>43.35106167</LatitudeDegrees><LongitudeDegrees>-2.84485</LongitudeDegrees></Position><AltitudeMeters>32.766</AltitudeMeters><DistanceMeters>5259.89990234375</DistanceMeters><HeartRateBpm><Value>144</Value></HeartRateBpm><Cadence>90</Cadence><SensorState>Present</SensorState></Trackpoint><Trackpoint><Time>2025-07-31T12:57:01.224Z</Time><Position><LatitudeDegrees>43.35109</LatitudeDegrees><LongitudeDegrees>-2.84487833</LongitudeDegrees></Position><AltitudeMeters>32.766</AltitudeMeters><DistanceMeters>5262.60009765625</DistanceMeters><HeartRateBpm><Value>144</Value></HeartRateBpm><Cadence>90</Cadence><SensorState>Present</SensorState></Trackpoint><Trackpoint><Time>2025-07-31T12:57:02.224Z</Time><Position><LatitudeDegrees>43.35112167</LatitudeDegrees><LongitudeDegrees>-2.84490333</LongitudeDegrees></Position><AltitudeMeters>32.766</AltitudeMeters><DistanceMeters>5266.2001953125</DistanceMeters><HeartRateBpm><Value>144</Value></HeartRateBpm><Cadence>90</Cadence><SensorState>Present</SensorState></Trackpoint><Trackpoint><Time>2025-07-31T12:57:03.224Z</Time><Position><LatitudeDegrees>43.35115167</LatitudeDegrees><LongitudeDegrees>-2.84492167</LongitudeDegrees></Position><AltitudeMeters>32.614</AltitudeMeters><DistanceMeters>5270.10009765625</DistanceMeters><HeartRateBpm><Value>144</Value></HeartRateBpm><Cadence>90</Cadence><SensorState>Present</SensorState></Trackpoint><Trackpoint><Time>2025-07-31T12:57:04.224Z</Time><Position><LatitudeDegrees>43.35118667</LatitudeDegrees><LongitudeDegrees>-2.84492833</LongitudeDegrees></Position><AltitudeMeters>32.614</AltitudeMeters><DistanceMeters>5273.89990234375</DistanceMeters><HeartRateBpm><Value>144</Value></HeartRateBpm><Cadence>90</Cadence><SensorState>Present</SensorState></Trackpoint><Trackpoint><Time>2025-07-31T12:57:05.224Z</Time><Position><LatitudeDegrees>43.35122</LatitudeDegrees><LongitudeDegrees>-2.84492833</LongitudeDegrees></Position><AltitudeMeters>32.614</AltitudeMeters><DistanceMeters>5277.7001953125</DistanceMeters><HeartRateBpm><Value>144</Value></HeartRateBpm><Cadence>90</Cadence><SensorState>Present</SensorState></Trackpoint><Trackpoint><Time>2025-07-31T12:57:06.224Z</Time><Position><LatitudeDegrees>43.35125</LatitudeDegrees><LongitudeDegrees>-2.84492667</LongitudeDegrees></Position><AltitudeMeters>32.614</AltitudeMeters><DistanceMeters>5281.39990234375</DistanceMeters><HeartRateBpm><Value>144</Value></HeartRateBpm><Cadence>89</Cadence><SensorState>Present</SensorState></Trackpoint><Trackpoint><Time>2025-07-31T12:57:07.224Z</Time><Position><LatitudeDegrees>43.351285</LatitudeDegrees><LongitudeDegrees>-2.84492167</LongitudeDegrees></Position><AltitudeMeters>32.462</AltitudeMeters><DistanceMeters>5284.7001953125</DistanceMeters><HeartRateBpm><Value>145</Value></HeartRateBpm><Cadence>89</Cadence><SensorState>Present</SensorState></Trackpoint><Trackpoint><Time>2025-07-31T12:57:08.224Z</Time><Position><LatitudeDegrees>43.35131667</LatitudeDegrees><LongitudeDegrees>-2.84492833</LongitudeDegrees></Position><AltitudeMeters>32.462</AltitudeMeters><DistanceMeters>5288.7001953125</DistanceMeters><HeartRateBpm><Value>145</Value></HeartRateBpm><Cadence>89</Cadence><SensorState>Present</SensorState></Trackpoint><Trackpoint><Time>2025-07-31T12:57:09.224Z</Time><Position><LatitudeDegrees>43.351345</LatitudeDegrees><LongitudeDegrees>-2.844935</LongitudeDegrees></Position><AltitudeMeters>32.309</AltitudeMeters><DistanceMeters>5292.2001953125</DistanceMeters><HeartRateBpm><Value>145</Value></HeartRateBpm><Cadence>89</Cadence><SensorState>Present</SensorState></Trackpoint><Trackpoint><Time>2025-07-31T12:57:10.224Z</Time><Position><LatitudeDegrees>43.35138167</LatitudeDegrees><LongitudeDegrees>-2.84493667</LongitudeDegrees></Position><AltitudeMeters>32.309</AltitudeMeters><DistanceMeters>5295.39990234375</DistanceMeters><HeartRateBpm><Value>146</Value></HeartRateBpm><Cadence>89</Cadence><SensorState>Present</SensorState></Trackpoint><Trackpoint><Time>2025-07-31T12:57:11.224Z</Time><Position><LatitudeDegrees>43.35141333</LatitudeDegrees><LongitudeDegrees>-2.84495</LongitudeDegrees></Position><AltitudeMeters>32.157</AltitudeMeters><DistanceMeters>5299.2001953125</DistanceMeters><HeartRateBpm><Value>146</Value></HeartRateBpm><Cadence>89</Cadence><SensorState>Present</SensorState></Trackpoint><Trackpoint><Time>2025-07-31T12:57:12.224Z</Time><Position><LatitudeDegrees>43.35144333</LatitudeDegrees><LongitudeDegrees>-2.84497167</LongitudeDegrees></Position><AltitudeMeters>32.157</AltitudeMeters><DistanceMeters>5302.7001953125</DistanceMeters><HeartRateBpm><Value>147</Value></HeartRateBpm><Cadence>89</Cadence><SensorState>Present</SensorState></Trackpoint><Trackpoint><Time>2025-07-31T12:57:13.224Z</Time><Position><LatitudeDegrees>43.351475</LatitudeDegrees><LongitudeDegrees>-2.84499333</LongitudeDegrees></Position><AltitudeMeters>32.004</AltitudeMeters><DistanceMeters>5306.5</DistanceMeters><HeartRateBpm><Value>147</Value></HeartRateBpm><Cadence>87</Cadence><SensorState>Present</SensorState></Trackpoint><Trackpoint><Time>2025-07-31T12:57:14.224Z</Time><Position><LatitudeDegrees>43.35150667</LatitudeDegrees><LongitudeDegrees>-2.84500333</LongitudeDegrees></Position><AltitudeMeters>32.004</AltitudeMeters><DistanceMeters>5310.10009765625</DistanceMeters><HeartRateBpm><Value>147</Value></HeartRateBpm><Cadence>86</Cadence><SensorState>Present</SensorState></Trackpoint><Trackpoint><Time>2025-07-31T12:57:15.224Z</Time><Position><LatitudeDegrees>43.35153333</LatitudeDegrees><LongitudeDegrees>-2.84502333</LongitudeDegrees></Position><AltitudeMeters>31.852</AltitudeMeters><DistanceMeters>5313.7998046875</DistanceMeters><HeartRateBpm><Value>148</Value></HeartRateBpm><Cadence>86</Cadence><SensorState>Present</SensorState></Trackpoint><Trackpoint><Time>2025-07-31T12:57:16.224Z</Time><Position><LatitudeDegrees>43.351565</LatitudeDegrees><LongitudeDegrees>-2.84504167</LongitudeDegrees></Position><AltitudeMeters>31.7</AltitudeMeters><DistanceMeters>5317.5</DistanceMeters><HeartRateBpm><Value>148</Value></HeartRateBpm><Cadence>86</Cadence><SensorState>Present</SensorState></Trackpoint><Trackpoint><Time>2025-07-31T12:57:17.224Z</Time><Position><LatitudeDegrees>43.35159</LatitudeDegrees><LongitudeDegrees>-2.84504833</LongitudeDegrees></Position><AltitudeMeters>31.7</AltitudeMeters><DistanceMeters>5321.0</DistanceMeters><HeartRateBpm><Value>149</Value></HeartRateBpm><Cadence>86</Cadence><SensorState>Present</SensorState></Trackpoint><Trackpoint><Time>2025-07-31T12:57:18.224Z</Time><Position><LatitudeDegrees>43.35161667</LatitudeDegrees><LongitudeDegrees>-2.84506</LongitudeDegrees></Position><AltitudeMeters>31.547</AltitudeMeters><DistanceMeters>5324.2001953125</DistanceMeters><HeartRateBpm><Value>149</Value></HeartRateBpm><Cadence>86</Cadence><SensorState>Present</SensorState></Trackpoint><Trackpoint><Time>2025-07-31T12:57:19.224Z</Time><Position><LatitudeDegrees>43.35164167</LatitudeDegrees><LongitudeDegrees>-2.84507667</LongitudeDegrees></Position><AltitudeMeters>31.395</AltitudeMeters><DistanceMeters>5327.7001953125</DistanceMeters><HeartRateBpm><Value>149</Value></HeartRateBpm><Cadence>87</Cadence><SensorState>Present</SensorState></Trackpoint><Trackpoint><Time>2025-07-31T12:57:20.224Z</Time><Position><LatitudeDegrees>43.35166667</LatitudeDegrees><LongitudeDegrees>-2.84509667</LongitudeDegrees></Position><AltitudeMeters>31.242</AltitudeMeters><DistanceMeters>5330.7001953125</DistanceMeters><HeartRateBpm><Value>149</Value></HeartRateBpm><Cadence>88</Cadence><SensorState>Present</SensorState></Trackpoint><Trackpoint><Time>2025-07-31T12:57:21.224Z</Time><Position><LatitudeDegrees>43.35169167</LatitudeDegrees><LongitudeDegrees>-2.84511833</LongitudeDegrees></Position><AltitudeMeters>31.09</AltitudeMeters><DistanceMeters>5333.7998046875</DistanceMeters><HeartRateBpm><Value>149</Value></HeartRateBpm><Cadence>88</Cadence><SensorState>Present</SensorState></Trackpoint><Trackpoint><Time>2025-07-31T12:57:22.224Z</Time><Position><LatitudeDegrees>43.35171667</LatitudeDegrees><LongitudeDegrees>-2.84514167</LongitudeDegrees></Position><AltitudeMeters>31.09</AltitudeMeters><DistanceMeters>5336.7998046875</DistanceMeters><HeartRateBpm><Value>150</Value></HeartRateBpm><Cadence>88</Cadence><SensorState>Present</SensorState></Trackpoint><Trackpoint><Time>2025-07-31T12:57:23.224Z</Time><Position><LatitudeDegrees>43.35174</LatitudeDegrees><LongitudeDegrees>-2.84517333</LongitudeDegrees></Position><AltitudeMeters>30.938</AltitudeMeters><DistanceMeters>5339.7998046875</DistanceMeters><HeartRateBpm><Value>150</Value></HeartRateBpm><Cadence>88</Cadence><SensorState>Present</SensorState></Trackpoint><Trackpoint><Time>2025-07-31T12:57:24.224Z</Time><Position><LatitudeDegrees>43.35176167</LatitudeDegrees><LongitudeDegrees>-2.84520167</LongitudeDegrees></Position><AltitudeMeters>30.785</AltitudeMeters><DistanceMeters>5343.0</DistanceMeters><HeartRateBpm><Value>150</Value></HeartRateBpm><Cadence>88</Cadence><SensorState>Present</SensorState></Trackpoint><Trackpoint><Time>2025-07-31T12:57:25.224Z</Time><Position><LatitudeDegrees>43.351785</LatitudeDegrees><LongitudeDegrees>-2.84523167</LongitudeDegrees></Position><AltitudeMeters>30.633</AltitudeMeters><DistanceMeters>5346.2998046875</DistanceMeters><HeartRateBpm><Value>150</Value></HeartRateBpm><Cadence>87</Cadence><SensorState>Present</SensorState></Trackpoint><Trackpoint><Time>2025-07-31T12:57:26.224Z</Time><Position><LatitudeDegrees>43.35180833</LatitudeDegrees><LongitudeDegrees>-2.84526833</LongitudeDegrees></Position><AltitudeMeters>30.633</AltitudeMeters><DistanceMeters>5349.5</DistanceMeters><HeartRateBpm><Value>150</Value></HeartRateBpm><Cadence>88</Cadence><SensorState>Present</SensorState></Trackpoint><Trackpoint><Time>2025-07-31T12:57:27.224Z</Time><Position><LatitudeDegrees>43.35183167</LatitudeDegrees><LongitudeDegrees>-2.845295</LongitudeDegrees></Position><AltitudeMeters>30.48</AltitudeMeters><DistanceMeters>5353.5</DistanceMeters><HeartRateBpm><Value>150</Value></HeartRateBpm><Cadence>88</Cadence><SensorState>Present</SensorState></Trackpoint><Trackpoint><Time>2025-07-31T12:57:28.224Z</Time><Position><LatitudeDegrees>43.35185167</LatitudeDegrees><LongitudeDegrees>-2.84532333</LongitudeDegrees></Position><AltitudeMeters>30.328</AltitudeMeters><DistanceMeters>5357.0</DistanceMeters><HeartRateBpm><Value>150</Value></HeartRateBpm><Cadence>88</Cadence><SensorState>Present</SensorState></Trackpoint><Trackpoint><Time>2025-07-31T12:57:29.224Z</Time><Position><LatitudeDegrees>43.35187667</LatitudeDegrees><LongitudeDegrees>-2.84535167</LongitudeDegrees></Position><AltitudeMeters>30.328</AltitudeMeters><DistanceMeters>5360.7001953125</DistanceMeters><HeartRateBpm><Value>151</Value></HeartRateBpm><Cadence>88</Cadence><SensorState>Present</SensorState></Trackpoint><Trackpoint><Time>2025-07-31T12:57:30.224Z</Time><Position><LatitudeDegrees>43.35190167</LatitudeDegrees><LongitudeDegrees>-2.845375</LongitudeDegrees></Position><AltitudeMeters>30.176</AltitudeMeters><DistanceMeters>5364.39990234375</DistanceMeters><HeartRateBpm><Value>151</Value></HeartRateBpm><Cadence>87</Cadence><SensorState>Present</SensorState></Trackpoint><Trackpoint><Time>2025-07-31T12:57:31.224Z</Time><Position><LatitudeDegrees>43.35192167</LatitudeDegrees><LongitudeDegrees>-2.8454</LongitudeDegrees></Position><AltitudeMeters>30.176</AltitudeMeters><DistanceMeters>5367.7998046875</DistanceMeters><HeartRateBpm><Value>151</Value></HeartRateBpm><Cadence>86</Cadence><SensorState>Present</SensorState></Trackpoint><Trackpoint><Time>2025-07-31T12:57:32.224Z</Time><Position><LatitudeDegrees>43.35194</LatitudeDegrees><LongitudeDegrees>-2.84542</LongitudeDegrees></Position><AltitudeMeters>30.023</AltitudeMeters><DistanceMeters>5371.2001953125</DistanceMeters><HeartRateBpm><Value>151</Value></HeartRateBpm><Cadence>86</Cadence><SensorState>Present</SensorState></Trackpoint><Trackpoint><Time>2025-07-31T12:57:33.224Z</Time><Position><LatitudeDegrees>43.35196667</LatitudeDegrees><LongitudeDegrees>-2.84544333</LongitudeDegrees></Position><AltitudeMeters>30.023</AltitudeMeters><DistanceMeters>5373.89990234375</DistanceMeters><HeartRateBpm><Value>151</Value></HeartRateBpm><Cadence>87</Cadence><SensorState>Present</SensorState></Trackpoint><Trackpoint><Time>2025-07-31T12:57:34.224Z</Time><Position><LatitudeDegrees>43.35199167</LatitudeDegrees><LongitudeDegrees>-2.84546</LongitudeDegrees></Position><AltitudeMeters>30.023</AltitudeMeters><DistanceMeters>5377.2001953125</DistanceMeters><HeartRateBpm><Value>151</Value></HeartRateBpm><Cadence>88</Cadence><SensorState>Present</SensorState></Trackpoint><Trackpoint><Time>2025-07-31T12:57:35.224Z</Time><Position><LatitudeDegrees>43.352015</LatitudeDegrees><LongitudeDegrees>-2.84548</LongitudeDegrees></Position><AltitudeMeters>30.023</AltitudeMeters><DistanceMeters>5380.2998046875</DistanceMeters><HeartRateBpm><Value>151</Value></HeartRateBpm><Cadence>88</Cadence><SensorState>Present</SensorState></Trackpoint><Trackpoint><Time>2025-07-31T12:57:36.224Z</Time><Position><LatitudeDegrees>43.35203667</LatitudeDegrees><LongitudeDegrees>-2.84549667</LongitudeDegrees></Position><AltitudeMeters>29.871</AltitudeMeters><DistanceMeters>5383.0</DistanceMeters><HeartRateBpm><Value>151</Value></HeartRateBpm><Cadence>88</Cadence><SensorState>Present</SensorState></Trackpoint><Trackpoint><Time>2025-07-31T12:57:37.224Z</Time><Position><LatitudeDegrees>43.35206</LatitudeDegrees><LongitudeDegrees>-2.84552167</LongitudeDegrees></Position><AltitudeMeters>29.871</AltitudeMeters><DistanceMeters>5385.7001953125</DistanceMeters><HeartRateBpm><Value>151</Value></HeartRateBpm><Cadence>88</Cadence><SensorState>Present</SensorState></Trackpoint><Trackpoint><Time>2025-07-31T12:57:38.224Z</Time><Position><LatitudeDegrees>43.35208167</LatitudeDegrees><LongitudeDegrees>-2.84554167</LongitudeDegrees></Position><AltitudeMeters>29.871</AltitudeMeters><DistanceMeters>5388.89990234375</DistanceMeters><HeartRateBpm><Value>151</Value></HeartRateBpm><Cadence>88</Cadence><SensorState>Present</SensorState></Trackpoint><Trackpoint><Time>2025-07-31T12:57:39.224Z</Time><Position><LatitudeDegrees>43.35210333</LatitudeDegrees><LongitudeDegrees>-2.84556</LongitudeDegrees></Position><AltitudeMeters>29.871</AltitudeMeters><DistanceMeters>5391.60009765625</DistanceMeters><HeartRateBpm><Value>151</Value></HeartRateBpm><Cadence>88</Cadence><SensorState>Present</SensorState></Trackpoint><Trackpoint><Time>2025-07-31T12:57:40.224Z</Time><Position><LatitudeDegrees>43.352125</LatitudeDegrees><LongitudeDegrees>-2.84557667</LongitudeDegrees></Position><AltitudeMeters>29.871</AltitudeMeters><DistanceMeters>5394.10009765625</DistanceMeters><HeartRateBpm><Value>151</Value></HeartRateBpm><Cadence>88</Cadence><SensorState>Present</SensorState></Trackpoint><Trackpoint><Time>2025-07-31T12:57:41.224Z</Time><Position><LatitudeDegrees>43.35214667</LatitudeDegrees><LongitudeDegrees>-2.84559667</LongitudeDegrees></Position><AltitudeMeters>29.871</AltitudeMeters><DistanceMeters>5397.10009765625</DistanceMeters><HeartRateBpm><Value>151</Value></HeartRateBpm><Cadence>87</Cadence><SensorState>Present</SensorState></Trackpoint><Trackpoint><Time>2025-07-31T12:57:42.224Z</Time><Position><LatitudeDegrees>43.35216667</LatitudeDegrees><LongitudeDegrees>-2.84562</LongitudeDegrees></Position><AltitudeMeters>29.871</AltitudeMeters><DistanceMeters>5400.10009765625</DistanceMeters><HeartRateBpm><Value>151</Value></HeartRateBpm><Cadence>87</Cadence><SensorState>Present</SensorState></Trackpoint><Trackpoint><Time>2025-07-31T12:57:43.224Z</Time><Position><LatitudeDegrees>43.35218833</LatitudeDegrees><LongitudeDegrees>-2.84564833</LongitudeDegrees></Position><AltitudeMeters>29.871</AltitudeMeters><DistanceMeters>5402.7998046875</DistanceMeters><HeartRateBpm><Value>151</Value></HeartRateBpm><Cadence>86</Cadence><SensorState>Present</SensorState></Trackpoint><Trackpoint><Time>2025-07-31T12:57:44.224Z</Time><Position><LatitudeDegrees>43.35220667</LatitudeDegrees><LongitudeDegrees>-2.84567167</LongitudeDegrees></Position><AltitudeMeters>29.871</AltitudeMeters><DistanceMeters>5405.7998046875</DistanceMeters><HeartRateBpm><Value>151</Value></HeartRateBpm><Cadence>86</Cadence><SensorState>Present</SensorState></Trackpoint><Trackpoint><Time>2025-07-31T12:57:45.224Z</Time><Position><LatitudeDegrees>43.35222667</LatitudeDegrees><LongitudeDegrees>-2.84568833</LongitudeDegrees></Position><AltitudeMeters>30.023</AltitudeMeters><DistanceMeters>5408.60009765625</DistanceMeters><HeartRateBpm><Value>151</Value></HeartRateBpm><Cadence>88</Cadence><SensorState>Present</SensorState></Trackpoint><Trackpoint><Time>2025-07-31T12:57:46.224Z</Time><Position><LatitudeDegrees>43.35224833</LatitudeDegrees><LongitudeDegrees>-2.84571333</LongitudeDegrees></Position><AltitudeMeters>30.023</AltitudeMeters><DistanceMeters>5411.39990234375</DistanceMeters><HeartRateBpm><Value>150</Value></HeartRateBpm><Cadence>88</Cadence><SensorState>Present</SensorState></Trackpoint><Trackpoint><Time>2025-07-31T12:57:47.224Z</Time><Position><LatitudeDegrees>43.35226833</LatitudeDegrees><LongitudeDegrees>-2.84573333</LongitudeDegrees></Position><AltitudeMeters>30.023</AltitudeMeters><DistanceMeters>5414.2001953125</DistanceMeters><HeartRateBpm><Value>150</Value></HeartRateBpm><Cadence>88</Cadence><SensorState>Present</SensorState></Trackpoint><Trackpoint><Time>2025-07-31T12:57:48.224Z</Time><Position><LatitudeDegrees>43.35229167</LatitudeDegrees><LongitudeDegrees>-2.84575333</LongitudeDegrees></Position><AltitudeMeters>30.176</AltitudeMeters><DistanceMeters>5417.10009765625</DistanceMeters><HeartRateBpm><Value>150</Value></HeartRateBpm><Cadence>88</Cadence><SensorState>Present</SensorState></Trackpoint><Trackpoint><Time>2025-07-31T12:57:49.224Z</Time><Position><LatitudeDegrees>43.35231667</LatitudeDegrees><LongitudeDegrees>-2.84577333</LongitudeDegrees></Position><AltitudeMeters>30.176</AltitudeMeters><DistanceMeters>5420.10009765625</DistanceMeters><HeartRateBpm><Value>150</Value></HeartRateBpm><Cadence>88</Cadence><SensorState>Present</SensorState></Trackpoint><Trackpoint><Time>2025-07-31T12:57:50.224Z</Time><Position><LatitudeDegrees>43.35234</LatitudeDegrees><LongitudeDegrees>-2.84578833</LongitudeDegrees></Position><AltitudeMeters>30.328</AltitudeMeters><DistanceMeters>5423.39990234375</DistanceMeters><HeartRateBpm><Value>150</Value></HeartRateBpm><Cadence>88</Cadence><SensorState>Present</SensorState></Trackpoint><Trackpoint><Time>2025-07-31T12:57:51.224Z</Time><Position><LatitudeDegrees>43.352365</LatitudeDegrees><LongitudeDegrees>-2.84581167</LongitudeDegrees></Position><AltitudeMeters>30.328</AltitudeMeters><DistanceMeters>5426.39990234375</DistanceMeters><HeartRateBpm><Value>150</Value></HeartRateBpm><Cadence>88</Cadence><SensorState>Present</SensorState></Trackpoint><Trackpoint><Time>2025-07-31T12:57:52.224Z</Time><Position><LatitudeDegrees>43.35238833</LatitudeDegrees><LongitudeDegrees>-2.84583333</LongitudeDegrees></Position><AltitudeMeters>30.48</AltitudeMeters><DistanceMeters>5429.7001953125</DistanceMeters><HeartRateBpm><Value>151</Value></HeartRateBpm><Cadence>88</Cadence><SensorState>Present</SensorState></Trackpoint><Trackpoint><Time>2025-07-31T12:57:53.224Z</Time><Position><LatitudeDegrees>43.35240667</LatitudeDegrees><LongitudeDegrees>-2.845855</LongitudeDegrees></Position><AltitudeMeters>30.48</AltitudeMeters><DistanceMeters>5432.7001953125</DistanceMeters><HeartRateBpm><Value>151</Value></HeartRateBpm><Cadence>88</Cadence><SensorState>Present</SensorState></Trackpoint><Trackpoint><Time>2025-07-31T12:57:54.224Z</Time><Position><LatitudeDegrees>43.35242167</LatitudeDegrees><LongitudeDegrees>-2.84586667</LongitudeDegrees></Position><AltitudeMeters>30.633</AltitudeMeters><DistanceMeters>5435.60009765625</DistanceMeters><HeartRateBpm><Value>151</Value></HeartRateBpm><Cadence>87</Cadence><SensorState>Present</SensorState></Trackpoint><Trackpoint><Time>2025-07-31T12:57:55.224Z</Time><Position><LatitudeDegrees>43.35243667</LatitudeDegrees><LongitudeDegrees>-2.84587667</LongitudeDegrees></Position><AltitudeMeters>30.633</AltitudeMeters><DistanceMeters>5438.0</DistanceMeters><HeartRateBpm><Value>151</Value></HeartRateBpm><Cadence>86</Cadence><SensorState>Present</SensorState></Trackpoint><Trackpoint><Time>2025-07-31T12:57:56.224Z</Time><Position><LatitudeDegrees>43.35245333</LatitudeDegrees><LongitudeDegrees>-2.84587333</LongitudeDegrees></Position><AltitudeMeters>30.785</AltitudeMeters><DistanceMeters>5439.7001953125</DistanceMeters><HeartRateBpm><Value>151</Value></HeartRateBpm><Cadence>86</Cadence><SensorState>Present</SensorState></Trackpoint><Trackpoint><Time>2025-07-31T12:57:57.224Z</Time><Position><LatitudeDegrees>43.35247333</LatitudeDegrees><LongitudeDegrees>-2.84587667</LongitudeDegrees></Position><AltitudeMeters>30.785</AltitudeMeters><DistanceMeters>5441.60009765625</DistanceMeters><HeartRateBpm><Value>151</Value></HeartRateBpm><Cadence>86</Cadence><SensorState>Present</SensorState></Trackpoint><Trackpoint><Time>2025-07-31T12:57:58.224Z</Time><Position><LatitudeDegrees>43.35249667</LatitudeDegrees><LongitudeDegrees>-2.84588833</LongitudeDegrees></Position><AltitudeMeters>30.785</AltitudeMeters><DistanceMeters>5443.2001953125</DistanceMeters><HeartRateBpm><Value>150</Value></HeartRateBpm><Cadence>87</Cadence><SensorState>Present</SensorState></Trackpoint><Trackpoint><Time>2025-07-31T12:57:59.224Z</Time><Position><LatitudeDegrees>43.35251167</LatitudeDegrees><LongitudeDegrees>-2.845895</LongitudeDegrees></Position><AltitudeMeters>30.938</AltitudeMeters><DistanceMeters>5445.2998046875</DistanceMeters><HeartRateBpm><Value>150</Value></HeartRateBpm><Cadence>87</Cadence><SensorState>Present</SensorState></Trackpoint><Trackpoint><Time>2025-07-31T12:58:00.224Z</Time><Position><LatitudeDegrees>43.35253167</LatitudeDegrees><LongitudeDegrees>-2.8459</LongitudeDegrees></Position><AltitudeMeters>30.938</AltitudeMeters><DistanceMeters>5446.7998046875</DistanceMeters><HeartRateBpm><Value>150</Value></HeartRateBpm><Cadence>86</Cadence><SensorState>Present</SensorState></Trackpoint><Trackpoint><Time>2025-07-31T12:58:01.224Z</Time><Position><LatitudeDegrees>43.35255</LatitudeDegrees><LongitudeDegrees>-2.84590667</LongitudeDegrees></Position><AltitudeMeters>31.09</AltitudeMeters><DistanceMeters>5448.2998046875</DistanceMeters><HeartRateBpm><Value>150</Value></HeartRateBpm><Cadence>86</Cadence><SensorState>Present</SensorState></Trackpoint><Trackpoint><Time>2025-07-31T12:58:02.224Z</Time><Position><LatitudeDegrees>43.35256833</LatitudeDegrees><LongitudeDegrees>-2.84591833</LongitudeDegrees></Position><AltitudeMeters>31.09</AltitudeMeters><DistanceMeters>5450.0</DistanceMeters><HeartRateBpm><Value>150</Value></HeartRateBpm><Cadence>87</Cadence><SensorState>Present</SensorState></Trackpoint><Trackpoint><Time>2025-07-31T12:58:03.224Z</Time><Position><LatitudeDegrees>43.35259</LatitudeDegrees><LongitudeDegrees>-2.84593167</LongitudeDegrees></Position><AltitudeMeters>31.09</AltitudeMeters><DistanceMeters>5452.0</DistanceMeters><HeartRateBpm><Value>150</Value></HeartRateBpm><Cadence>88</Cadence><SensorState>Present</SensorState></Trackpoint><Trackpoint><Time>2025-07-31T12:58:04.224Z</Time><Position><LatitudeDegrees>43.35261167</LatitudeDegrees><LongitudeDegrees>-2.84594833</LongitudeDegrees></Position><AltitudeMeters>31.242</AltitudeMeters><DistanceMeters>5454.60009765625</DistanceMeters><HeartRateBpm><Value>150</Value></HeartRateBpm><Cadence>88</Cadence><SensorState>Present</SensorState></Trackpoint><Trackpoint><Time>2025-07-31T12:58:05.224Z</Time><Position><LatitudeDegrees>43.35263167</LatitudeDegrees><LongitudeDegrees>-2.84596333</LongitudeDegrees></Position><AltitudeMeters>31.242</AltitudeMeters><DistanceMeters>5457.60009765625</DistanceMeters><HeartRateBpm><Value>149</Value></HeartRateBpm><Cadence>88</Cadence><SensorState>Present</SensorState></Trackpoint><Trackpoint><Time>2025-07-31T12:58:06.224Z</Time><Position><LatitudeDegrees>43.35264833</LatitudeDegrees><LongitudeDegrees>-2.84598</LongitudeDegrees></Position><AltitudeMeters>31.242</AltitudeMeters><DistanceMeters>5460.39990234375</DistanceMeters><HeartRateBpm><Value>150</Value></HeartRateBpm><Cadence>88</Cadence><SensorState>Present</SensorState></Trackpoint><Trackpoint><Time>2025-07-31T12:58:07.224Z</Time><Position><LatitudeDegrees>43.352665</LatitudeDegrees><LongitudeDegrees>-2.84599833</LongitudeDegrees></Position><AltitudeMeters>31.242</AltitudeMeters><DistanceMeters>5462.7001953125</DistanceMeters><HeartRateBpm><Value>150</Value></HeartRateBpm><Cadence>88</Cadence><SensorState>Present</SensorState></Trackpoint><Trackpoint><Time>2025-07-31T12:58:08.224Z</Time><Position><LatitudeDegrees>43.35268833</LatitudeDegrees><LongitudeDegrees>-2.84601167</LongitudeDegrees></Position><AltitudeMeters>31.242</AltitudeMeters><DistanceMeters>5465.10009765625</DistanceMeters><HeartRateBpm><Value>150</Value></HeartRateBpm><Cadence>88</Cadence><SensorState>Present</SensorState></Trackpoint><Trackpoint><Time>2025-07-31T12:58:09.224Z</Time><Position><LatitudeDegrees>43.35270667</LatitudeDegrees><LongitudeDegrees>-2.84602667</LongitudeDegrees></Position><AltitudeMeters>31.242</AltitudeMeters><DistanceMeters>5468.10009765625</DistanceMeters><HeartRateBpm><Value>150</Value></HeartRateBpm><Cadence>87</Cadence><SensorState>Present</SensorState></Trackpoint><Trackpoint><Time>2025-07-31T12:58:10.224Z</Time><Position><LatitudeDegrees>43.35272667</LatitudeDegrees><LongitudeDegrees>-2.84604333</LongitudeDegrees></Position><AltitudeMeters>31.242</AltitudeMeters><DistanceMeters>5470.7001953125</DistanceMeters><HeartRateBpm><Value>150</Value></HeartRateBpm><Cadence>86</Cadence><SensorState>Present</SensorState></Trackpoint><Trackpoint><Time>2025-07-31T12:58:11.224Z</Time><Position><LatitudeDegrees>43.35274667</LatitudeDegrees><LongitudeDegrees>-2.84606</LongitudeDegrees></Position><AltitudeMeters>31.242</AltitudeMeters><DistanceMeters>5473.5</DistanceMeters><HeartRateBpm><Value>151</Value></HeartRateBpm><Cadence>86</Cadence><SensorState>Present</SensorState></Trackpoint><Trackpoint><Time>2025-07-31T12:58:12.224Z</Time><Position><LatitudeDegrees>43.35276833</LatitudeDegrees><LongitudeDegrees>-2.84608</LongitudeDegrees></Position><AltitudeMeters>31.242</AltitudeMeters><DistanceMeters>5476.2998046875</DistanceMeters><HeartRateBpm><Value>151</Value></HeartRateBpm><Cadence>86</Cadence><SensorState>Present</SensorState></Trackpoint><Trackpoint><Time>2025-07-31T12:58:13.224Z</Time><Position><LatitudeDegrees>43.35278833</LatitudeDegrees><LongitudeDegrees>-2.84609833</LongitudeDegrees></Position><AltitudeMeters>31.242</AltitudeMeters><DistanceMeters>5479.0</DistanceMeters><HeartRateBpm><Value>152</Value></HeartRateBpm><Cadence>86</Cadence><SensorState>Present</SensorState></Trackpoint><Trackpoint><Time>2025-07-31T12:58:14.224Z</Time><Position><LatitudeDegrees>43.35281</LatitudeDegrees><LongitudeDegrees>-2.846115</LongitudeDegrees></Position><AltitudeMeters>31.242</AltitudeMeters><DistanceMeters>5481.7001953125</DistanceMeters><HeartRateBpm><Value>152</Value></HeartRateBpm><Cadence>86</Cadence><SensorState>Present</SensorState></Trackpoint><Trackpoint><Time>2025-07-31T12:58:15.224Z</Time><Position><LatitudeDegrees>43.35283333</LatitudeDegrees><LongitudeDegrees>-2.84612667</LongitudeDegrees></Position><AltitudeMeters>31.242</AltitudeMeters><DistanceMeters>5484.60009765625</DistanceMeters><HeartRateBpm><Value>152</Value></HeartRateBpm><Cadence>86</Cadence><SensorState>Present</SensorState></Trackpoint><Trackpoint><Time>2025-07-31T12:58:16.224Z</Time><Position><LatitudeDegrees>43.35285667</LatitudeDegrees><LongitudeDegrees>-2.84613833</LongitudeDegrees></Position><AltitudeMeters>31.09</AltitudeMeters><DistanceMeters>5487.5</DistanceMeters><HeartRateBpm><Value>152</Value></HeartRateBpm><Cadence>88</Cadence><SensorState>Present</SensorState></Trackpoint><Trackpoint><Time>2025-07-31T12:58:17.224Z</Time><Position><LatitudeDegrees>43.35288333</LatitudeDegrees><LongitudeDegrees>-2.84615333</LongitudeDegrees></Position><AltitudeMeters>31.09</AltitudeMeters><DistanceMeters>5490.39990234375</DistanceMeters><HeartRateBpm><Value>152</Value></HeartRateBpm><Cadence>88</Cadence><SensorState>Present</SensorState></Trackpoint><Trackpoint><Time>2025-07-31T12:58:18.224Z</Time><Position><LatitudeDegrees>43.35291167</LatitudeDegrees><LongitudeDegrees>-2.84616167</LongitudeDegrees></Position><AltitudeMeters>31.09</AltitudeMeters><DistanceMeters>5493.5</DistanceMeters><HeartRateBpm><Value>152</Value></HeartRateBpm><Cadence>87</Cadence><SensorState>Present</SensorState></Trackpoint><Trackpoint><Time>2025-07-31T12:58:19.224Z</Time><Position><LatitudeDegrees>43.352935</LatitudeDegrees><LongitudeDegrees>-2.84617</LongitudeDegrees></Position><AltitudeMeters>30.938</AltitudeMeters><DistanceMeters>5496.7998046875</DistanceMeters><HeartRateBpm><Value>152</Value></HeartRateBpm><Cadence>86</Cadence><SensorState>Present</SensorState></Trackpoint><Trackpoint><Time>2025-07-31T12:58:20.224Z</Time><Position><LatitudeDegrees>43.35295167</LatitudeDegrees><LongitudeDegrees>-2.84618167</LongitudeDegrees></Position><AltitudeMeters>30.938</AltitudeMeters><DistanceMeters>5499.7001953125</DistanceMeters><HeartRateBpm><Value>152</Value></HeartRateBpm><Cadence>86</Cadence><SensorState>Present</SensorState></Trackpoint><Trackpoint><Time>2025-07-31T12:58:21.224Z</Time><Position><LatitudeDegrees>43.352965</LatitudeDegrees><LongitudeDegrees>-2.84618667</LongitudeDegrees></Position><AltitudeMeters>30.938</AltitudeMeters><DistanceMeters>5502.10009765625</DistanceMeters><HeartRateBpm><Value>152</Value></HeartRateBpm><Cadence>86</Cadence><SensorState>Present</SensorState></Trackpoint><Trackpoint><Time>2025-07-31T12:58:22.224Z</Time><Position><LatitudeDegrees>43.352985</LatitudeDegrees><LongitudeDegrees>-2.84619667</LongitudeDegrees></Position><AltitudeMeters>30.785</AltitudeMeters><DistanceMeters>5504.0</DistanceMeters><HeartRateBpm><Value>151</Value></HeartRateBpm><Cadence>86</Cadence><SensorState>Present</SensorState></Trackpoint><Trackpoint><Time>2025-07-31T12:58:23.224Z</Time><Position><LatitudeDegrees>43.35300667</LatitudeDegrees><LongitudeDegrees>-2.846215</LongitudeDegrees></Position><AltitudeMeters>30.785</AltitudeMeters><DistanceMeters>5506.39990234375</DistanceMeters><HeartRateBpm><Value>151</Value></HeartRateBpm><Cadence>86</Cadence><SensorState>Present</SensorState></Trackpoint><Trackpoint><Time>2025-07-31T12:58:24.224Z</Time><Position><LatitudeDegrees>43.35303</LatitudeDegrees><LongitudeDegrees>-2.84621667</LongitudeDegrees></Position><AltitudeMeters>30.785</AltitudeMeters><DistanceMeters>5508.89990234375</DistanceMeters><HeartRateBpm><Value>151</Value></HeartRateBpm><Cadence>86</Cadence><SensorState>Present</SensorState></Trackpoint><Trackpoint><Time>2025-07-31T12:58:25.224Z</Time><Position><LatitudeDegrees>43.35304333</LatitudeDegrees><LongitudeDegrees>-2.84622</LongitudeDegrees></Position><AltitudeMeters>30.785</AltitudeMeters><DistanceMeters>5511.2001953125</DistanceMeters><HeartRateBpm><Value>150</Value></HeartRateBpm><Cadence>85</Cadence><SensorState>Present</SensorState></Trackpoint><Trackpoint><Time>2025-07-31T12:58:26.224Z</Time><Position><LatitudeDegrees>43.35306333</LatitudeDegrees><LongitudeDegrees>-2.84623</LongitudeDegrees></Position><AltitudeMeters>30.633</AltitudeMeters><DistanceMeters>5512.89990234375</DistanceMeters><HeartRateBpm><Value>150</Value></HeartRateBpm><Cadence>84</Cadence><SensorState>Present</SensorState></Trackpoint><Trackpoint><Time>2025-07-31T12:58:27.224Z</Time><Position><LatitudeDegrees>43.35308167</LatitudeDegrees><LongitudeDegrees>-2.84623833</LongitudeDegrees></Position><AltitudeMeters>30.633</AltitudeMeters><DistanceMeters>5514.7001953125</DistanceMeters><HeartRateBpm><Value>150</Value></HeartRateBpm><Cadence>84</Cadence><SensorState>Present</SensorState></Trackpoint><Trackpoint><Time>2025-07-31T12:58:28.224Z</Time><Position><LatitudeDegrees>43.35310167</LatitudeDegrees><LongitudeDegrees>-2.846245</LongitudeDegrees></Position><AltitudeMeters>30.633</AltitudeMeters><DistanceMeters>5516.2998046875</DistanceMeters><HeartRateBpm><Value>150</Value></HeartRateBpm><Cadence>85</Cadence><SensorState>Present</SensorState></Trackpoint><Trackpoint><Time>2025-07-31T12:58:29.224Z</Time><Position><LatitudeDegrees>43.35311667</LatitudeDegrees><LongitudeDegrees>-2.846245</LongitudeDegrees></Position><AltitudeMeters>30.633</AltitudeMeters><DistanceMeters>5518.2998046875</DistanceMeters><HeartRateBpm><Value>150</Value></HeartRateBpm><Cadence>85</Cadence><SensorState>Present</SensorState></Trackpoint><Trackpoint><Time>2025-07-31T12:58:30.224Z</Time><Position><LatitudeDegrees>43.35313667</LatitudeDegrees><LongitudeDegrees>-2.846245</LongitudeDegrees></Position><AltitudeMeters>30.785</AltitudeMeters><DistanceMeters>5520.10009765625</DistanceMeters><HeartRateBpm><Value>150</Value></HeartRateBpm><Cadence>85</Cadence><SensorState>Present</SensorState></Trackpoint><Trackpoint><Time>2025-07-31T12:58:31.224Z</Time><Position><LatitudeDegrees>43.353155</LatitudeDegrees><LongitudeDegrees>-2.846225</LongitudeDegrees></Position><AltitudeMeters>30.785</AltitudeMeters><DistanceMeters>5522.5</DistanceMeters><HeartRateBpm><Value>150</Value></HeartRateBpm><Cadence>87</Cadence><SensorState>Present</SensorState></Trackpoint><Trackpoint><Time>2025-07-31T12:58:32.224Z</Time><Position><LatitudeDegrees>43.35317167</LatitudeDegrees><LongitudeDegrees>-2.8462</LongitudeDegrees></Position><AltitudeMeters>30.785</AltitudeMeters><DistanceMeters>5524.5</DistanceMeters><HeartRateBpm><Value>150</Value></HeartRateBpm><Cadence>86</Cadence><SensorState>Present</SensorState></Trackpoint><Trackpoint><Time>2025-07-31T12:58:33.224Z</Time><Position><LatitudeDegrees>43.35319</LatitudeDegrees><LongitudeDegrees>-2.84617667</LongitudeDegrees></Position><AltitudeMeters>30.938</AltitudeMeters><DistanceMeters>5526.5</DistanceMeters><HeartRateBpm><Value>150</Value></HeartRateBpm><Cadence>86</Cadence><SensorState>Present</SensorState></Trackpoint><Trackpoint><Time>2025-07-31T12:58:34.224Z</Time><Position><LatitudeDegrees>43.353205</LatitudeDegrees><LongitudeDegrees>-2.84616</LongitudeDegrees></Position><AltitudeMeters>31.09</AltitudeMeters><DistanceMeters>5528.7998046875</DistanceMeters><HeartRateBpm><Value>150</Value></HeartRateBpm><Cadence>86</Cadence><SensorState>Present</SensorState></Trackpoint><Trackpoint><Time>2025-07-31T12:58:35.224Z</Time><Position><LatitudeDegrees>43.35321333</LatitudeDegrees><LongitudeDegrees>-2.84614</LongitudeDegrees></Position><AltitudeMeters>31.242</AltitudeMeters><DistanceMeters>5531.5</DistanceMeters><HeartRateBpm><Value>150</Value></HeartRateBpm><Cadence>86</Cadence><SensorState>Present</SensorState></Trackpoint><Trackpoint><Time>2025-07-31T12:58:36.224Z</Time><Position><LatitudeDegrees>43.35322167</LatitudeDegrees><LongitudeDegrees>-2.84611833</LongitudeDegrees></Position><AltitudeMeters>31.242</AltitudeMeters><DistanceMeters>5533.0</DistanceMeters><HeartRateBpm><Value>151</Value></HeartRateBpm><Cadence>86</Cadence><SensorState>Present</SensorState></Trackpoint><Trackpoint><Time>2025-07-31T12:58:37.224Z</Time><Position><LatitudeDegrees>43.35323</LatitudeDegrees><LongitudeDegrees>-2.84609833</LongitudeDegrees></Position><AltitudeMeters>31.547</AltitudeMeters><DistanceMeters>5534.7998046875</DistanceMeters><HeartRateBpm><Value>151</Value></HeartRateBpm><Cadence>86</Cadence><SensorState>Present</SensorState></Trackpoint><Trackpoint><Time>2025-07-31T12:58:38.224Z</Time><Position><LatitudeDegrees>43.35323833</LatitudeDegrees><LongitudeDegrees>-2.846085</LongitudeDegrees></Position><AltitudeMeters>31.7</AltitudeMeters><DistanceMeters>5536.89990234375</DistanceMeters><HeartRateBpm><Value>151</Value></HeartRateBpm><Cadence>84</Cadence><SensorState>Present</SensorState></Trackpoint><Trackpoint><Time>2025-07-31T12:58:39.224Z</Time><Position><LatitudeDegrees>43.35325167</LatitudeDegrees><LongitudeDegrees>-2.84607667</LongitudeDegrees></Position><AltitudeMeters>31.852</AltitudeMeters><DistanceMeters>5538.89990234375</DistanceMeters><HeartRateBpm><Value>151</Value></HeartRateBpm><Cadence>83</Cadence><SensorState>Present</SensorState></Trackpoint><Trackpoint><Time>2025-07-31T12:58:40.224Z</Time><Position><LatitudeDegrees>43.35326833</LatitudeDegrees><LongitudeDegrees>-2.84607167</LongitudeDegrees></Position><AltitudeMeters>32.004</AltitudeMeters><DistanceMeters>5540.60009765625</DistanceMeters><HeartRateBpm><Value>151</Value></HeartRateBpm><Cadence>83</Cadence><SensorState>Present</SensorState></Trackpoint><Trackpoint><Time>2025-07-31T12:58:41.224Z</Time><Position><LatitudeDegrees>43.353285</LatitudeDegrees><LongitudeDegrees>-2.846065</LongitudeDegrees></Position><AltitudeMeters>32.157</AltitudeMeters><DistanceMeters>5541.89990234375</DistanceMeters><HeartRateBpm><Value>151</Value></HeartRateBpm><Cadence>83</Cadence><SensorState>Present</SensorState></Trackpoint><Trackpoint><Time>2025-07-31T12:58:42.224Z</Time><Position><LatitudeDegrees>43.3533</LatitudeDegrees><LongitudeDegrees>-2.84605667</LongitudeDegrees></Position><AltitudeMeters>32.462</AltitudeMeters><DistanceMeters>5543.2998046875</DistanceMeters><HeartRateBpm><Value>151</Value></HeartRateBpm><Cadence>83</Cadence><SensorState>Present</SensorState></Trackpoint><Trackpoint><Time>2025-07-31T12:58:43.224Z</Time><Position><LatitudeDegrees>43.35332</LatitudeDegrees><LongitudeDegrees>-2.84605333</LongitudeDegrees></Position><AltitudeMeters>32.614</AltitudeMeters><DistanceMeters>5544.60009765625</DistanceMeters><HeartRateBpm><Value>151</Value></HeartRateBpm><Cadence>83</Cadence><SensorState>Present</SensorState></Trackpoint><Trackpoint><Time>2025-07-31T12:58:44.224Z</Time><Position><LatitudeDegrees>43.35334167</LatitudeDegrees><LongitudeDegrees>-2.84605</LongitudeDegrees></Position><AltitudeMeters>32.919</AltitudeMeters><DistanceMeters>5546.39990234375</DistanceMeters><HeartRateBpm><Value>151</Value></HeartRateBpm><Cadence>83</Cadence><SensorState>Present</SensorState></Trackpoint><Trackpoint><Time>2025-07-31T12:58:45.224Z</Time><Position><LatitudeDegrees>43.353365</LatitudeDegrees><LongitudeDegrees>-2.84604833</LongitudeDegrees></Position><AltitudeMeters>33.071</AltitudeMeters><DistanceMeters>5548.39990234375</DistanceMeters><HeartRateBpm><Value>151</Value></HeartRateBpm><Cadence>83</Cadence><SensorState>Present</SensorState></Trackpoint><Trackpoint><Time>2025-07-31T12:58:46.224Z</Time><Position><LatitudeDegrees>43.35338833</LatitudeDegrees><LongitudeDegrees>-2.84604333</LongitudeDegrees></Position><AltitudeMeters>33.376</AltitudeMeters><DistanceMeters>5550.7998046875</DistanceMeters><HeartRateBpm><Value>151</Value></HeartRateBpm><Cadence>83</Cadence><SensorState>Present</SensorState></Trackpoint><Trackpoint><Time>2025-07-31T12:58:47.224Z</Time><Position><LatitudeDegrees>43.35341833</LatitudeDegrees><LongitudeDegrees>-2.84603667</LongitudeDegrees></Position><AltitudeMeters>33.528</AltitudeMeters><DistanceMeters>5553.7001953125</DistanceMeters><HeartRateBpm><Value>151</Value></HeartRateBpm><Cadence>83</Cadence><SensorState>Present</SensorState></Trackpoint><Trackpoint><Time>2025-07-31T12:58:48.224Z</Time><Position><LatitudeDegrees>43.35345</LatitudeDegrees><LongitudeDegrees>-2.84603167</LongitudeDegrees></Position><AltitudeMeters>33.833</AltitudeMeters><DistanceMeters>5557.2001953125</DistanceMeters><HeartRateBpm><Value>151</Value></HeartRateBpm><Cadence>84</Cadence><SensorState>Present</SensorState></Trackpoint><Trackpoint><Time>2025-07-31T12:58:49.224Z</Time><Position><LatitudeDegrees>43.35347667</LatitudeDegrees><LongitudeDegrees>-2.84602667</LongitudeDegrees></Position><AltitudeMeters>33.986</AltitudeMeters><DistanceMeters>5561.0</DistanceMeters><HeartRateBpm><Value>151</Value></HeartRateBpm><Cadence>85</Cadence><SensorState>Present</SensorState></Trackpoint><Trackpoint><Time>2025-07-31T12:58:50.224Z</Time><Position><LatitudeDegrees>43.3535</LatitudeDegrees><LongitudeDegrees>-2.846015</LongitudeDegrees></Position><AltitudeMeters>34.138</AltitudeMeters><DistanceMeters>5564.39990234375</DistanceMeters><HeartRateBpm><Value>152</Value></HeartRateBpm><Cadence>84</Cadence><SensorState>Present</SensorState></Trackpoint><Trackpoint><Time>2025-07-31T12:58:51.224Z</Time><Position><LatitudeDegrees>43.35352167</LatitudeDegrees><LongitudeDegrees>-2.84600167</LongitudeDegrees></Position><AltitudeMeters>34.443</AltitudeMeters><DistanceMeters>5567.7998046875</DistanceMeters><HeartRateBpm><Value>152</Value></HeartRateBpm><Cadence>84</Cadence><SensorState>Present</SensorState></Trackpoint><Trackpoint><Time>2025-07-31T12:58:52.224Z</Time><Position><LatitudeDegrees>43.353545</LatitudeDegrees><LongitudeDegrees>-2.84598667</LongitudeDegrees></Position><AltitudeMeters>34.595</AltitudeMeters><DistanceMeters>5571.10009765625</DistanceMeters><HeartRateBpm><Value>152</Value></HeartRateBpm><Cadence>85</Cadence><SensorState>Present</SensorState></Trackpoint><Trackpoint><Time>2025-07-31T12:58:53.224Z</Time><Position><LatitudeDegrees>43.35357</LatitudeDegrees><LongitudeDegrees>-2.84597</LongitudeDegrees></Position><AltitudeMeters>34.748</AltitudeMeters><DistanceMeters>5574.39990234375</DistanceMeters><HeartRateBpm><Value>152</Value></HeartRateBpm><Cadence>84</Cadence><SensorState>Present</SensorState></Trackpoint><Trackpoint><Time>2025-07-31T12:58:54.224Z</Time><Position><LatitudeDegrees>43.35359333</LatitudeDegrees><LongitudeDegrees>-2.84594667</LongitudeDegrees></Position><AltitudeMeters>34.9</AltitudeMeters><DistanceMeters>5577.7998046875</DistanceMeters><HeartRateBpm><Value>153</Value></HeartRateBpm><Cadence>85</Cadence><SensorState>Present</SensorState></Trackpoint><Trackpoint><Time>2025-07-31T12:58:55.224Z</Time><Position><LatitudeDegrees>43.35360667</LatitudeDegrees><LongitudeDegrees>-2.845915</LongitudeDegrees></Position><AltitudeMeters>35.052</AltitudeMeters><DistanceMeters>5581.0</DistanceMeters><HeartRateBpm><Value>153</Value></HeartRateBpm><Cadence>85</Cadence><SensorState>Present</SensorState></Trackpoint><Trackpoint><Time>2025-07-31T12:58:56.224Z</Time><Position><LatitudeDegrees>43.35361667</LatitudeDegrees><LongitudeDegrees>-2.84587833</LongitudeDegrees></Position><AltitudeMeters>35.205</AltitudeMeters><DistanceMeters>5584.0</DistanceMeters><HeartRateBpm><Value>154</Value></HeartRateBpm><Cadence>87</Cadence><SensorState>Present</SensorState></Trackpoint><Trackpoint><Time>2025-07-31T12:58:57.224Z</Time><Position><LatitudeDegrees>43.35362</LatitudeDegrees><LongitudeDegrees>-2.84584333</LongitudeDegrees></Position><AltitudeMeters>35.51</AltitudeMeters><DistanceMeters>5586.60009765625</DistanceMeters><HeartRateBpm><Value>155</Value></HeartRateBpm><Cadence>87</Cadence><SensorState>Present</SensorState></Trackpoint><Trackpoint><Time>2025-07-31T12:58:58.224Z</Time><Position><LatitudeDegrees>43.35361667</LatitudeDegrees><LongitudeDegrees>-2.84581167</LongitudeDegrees></Position><AltitudeMeters>35.662</AltitudeMeters><DistanceMeters>5589.0</DistanceMeters><HeartRateBpm><Value>155</Value></HeartRateBpm><Cadence>88</Cadence><SensorState>Present</SensorState></Trackpoint><Trackpoint><Time>2025-07-31T12:58:59.224Z</Time><Position><LatitudeDegrees>43.35361333</LatitudeDegrees><LongitudeDegrees>-2.84578</LongitudeDegrees></Position><AltitudeMeters>35.814</AltitudeMeters><DistanceMeters>5591.60009765625</DistanceMeters><HeartRateBpm><Value>156</Value></HeartRateBpm><Cadence>91</Cadence><SensorState>Present</SensorState></Trackpoint><Trackpoint><Time>2025-07-31T12:59:00.224Z</Time><Position><LatitudeDegrees>43.35360833</LatitudeDegrees><LongitudeDegrees>-2.84575</LongitudeDegrees></Position><AltitudeMeters>35.967</AltitudeMeters><DistanceMeters>5593.7998046875</DistanceMeters><HeartRateBpm><Value>156</Value></HeartRateBpm><Cadence>90</Cadence><SensorState>Present</SensorState></Trackpoint><Trackpoint><Time>2025-07-31T12:59:01.224Z</Time><Position><LatitudeDegrees>43.35359667</LatitudeDegrees><LongitudeDegrees>-2.845725</LongitudeDegrees></Position><AltitudeMeters>36.119</AltitudeMeters><DistanceMeters>5596.10009765625</DistanceMeters><HeartRateBpm><Value>157</Value></HeartRateBpm><Cadence>89</Cadence><SensorState>Present</SensorState></Trackpoint><Trackpoint><Time>2025-07-31T12:59:02.224Z</Time><Position><LatitudeDegrees>43.35358333</LatitudeDegrees><LongitudeDegrees>-2.84570333</LongitudeDegrees></Position><AltitudeMeters>36.272</AltitudeMeters><DistanceMeters>5598.2001953125</DistanceMeters><HeartRateBpm><Value>157</Value></HeartRateBpm><Cadence>89</Cadence><SensorState>Present</SensorState></Trackpoint><Trackpoint><Time>2025-07-31T12:59:03.224Z</Time><Position><LatitudeDegrees>43.35357333</LatitudeDegrees><LongitudeDegrees>-2.84567</LongitudeDegrees></Position><AltitudeMeters>36.424</AltitudeMeters><DistanceMeters>5600.2998046875</DistanceMeters><HeartRateBpm><Value>157</Value></HeartRateBpm><Cadence>89</Cadence><SensorState>Present</SensorState></Trackpoint><Trackpoint><Time>2025-07-31T12:59:04.224Z</Time><Position><LatitudeDegrees>43.35356167</LatitudeDegrees><LongitudeDegrees>-2.84563</LongitudeDegrees></Position><AltitudeMeters>36.576</AltitudeMeters><DistanceMeters>5602.7998046875</DistanceMeters><HeartRateBpm><Value>157</Value></HeartRateBpm><Cadence>89</Cadence><SensorState>Present</SensorState></Trackpoint><Trackpoint><Time>2025-07-31T12:59:05.224Z</Time><Position><LatitudeDegrees>43.35354667</LatitudeDegrees><LongitudeDegrees>-2.84558667</LongitudeDegrees></Position><AltitudeMeters>36.729</AltitudeMeters><DistanceMeters>5606.0</DistanceMeters><HeartRateBpm><Value>158</Value></HeartRateBpm><Cadence>89</Cadence><SensorState>Present</SensorState></Trackpoint><Trackpoint><Time>2025-07-31T12:59:06.224Z</Time><Position><LatitudeDegrees>43.353535</LatitudeDegrees><LongitudeDegrees>-2.845555</LongitudeDegrees></Position><AltitudeMeters>37.034</AltitudeMeters><DistanceMeters>5609.2998046875</DistanceMeters><HeartRateBpm><Value>158</Value></HeartRateBpm><Cadence>89</Cadence><SensorState>Present</SensorState></Trackpoint><Trackpoint><Time>2025-07-31T12:59:07.224Z</Time><Position><LatitudeDegrees>43.35352167</LatitudeDegrees><LongitudeDegrees>-2.84550833</LongitudeDegrees></Position><AltitudeMeters>37.186</AltitudeMeters><DistanceMeters>5612.2998046875</DistanceMeters><HeartRateBpm><Value>158</Value></HeartRateBpm><Cadence>90</Cadence><SensorState>Present</SensorState></Trackpoint><Trackpoint><Time>2025-07-31T12:59:08.224Z</Time><Position><LatitudeDegrees>43.35351</LatitudeDegrees><LongitudeDegrees>-2.84544667</LongitudeDegrees></Position><AltitudeMeters>37.338</AltitudeMeters><DistanceMeters>5616.39990234375</DistanceMeters><HeartRateBpm><Value>158</Value></HeartRateBpm><Cadence>90</Cadence><SensorState>Present</SensorState></Trackpoint><Trackpoint><Time>2025-07-31T12:59:09.224Z</Time><Position><LatitudeDegrees>43.35350333</LatitudeDegrees><LongitudeDegrees>-2.84539333</LongitudeDegrees></Position><AltitudeMeters>37.491</AltitudeMeters><DistanceMeters>5621.60009765625</DistanceMeters><HeartRateBpm><Value>158</Value></HeartRateBpm><Cadence>90</Cadence><SensorState>Present</SensorState></Trackpoint><Trackpoint><Time>2025-07-31T12:59:10.224Z</Time><Position><LatitudeDegrees>43.353495</LatitudeDegrees><LongitudeDegrees>-2.84534833</LongitudeDegrees></Position><AltitudeMeters>37.643</AltitudeMeters><DistanceMeters>5626.60009765625</DistanceMeters><HeartRateBpm><Value>158</Value></HeartRateBpm><Cadence>90</Cadence><SensorState>Present</SensorState></Trackpoint><Trackpoint><Time>2025-07-31T12:59:11.224Z</Time><Position><LatitudeDegrees>43.35348833</LatitudeDegrees><LongitudeDegrees>-2.84530333</LongitudeDegrees></Position><AltitudeMeters>37.948</AltitudeMeters><DistanceMeters>5631.39990234375</DistanceMeters><HeartRateBpm><Value>158</Value></HeartRateBpm><Cadence>90</Cadence><SensorState>Present</SensorState></Trackpoint><Trackpoint><Time>2025-07-31T12:59:12.224Z</Time><Position><LatitudeDegrees>43.35348667</LatitudeDegrees><LongitudeDegrees>-2.84525667</LongitudeDegrees></Position><AltitudeMeters>38.1</AltitudeMeters><DistanceMeters>5636.10009765625</DistanceMeters><HeartRateBpm><Value>158</Value></HeartRateBpm><Cadence>90</Cadence><SensorState>Present</SensorState></Trackpoint><Trackpoint><Time>2025-07-31T12:59:13.224Z</Time><Position><LatitudeDegrees>43.35348167</LatitudeDegrees><LongitudeDegrees>-2.84521333</LongitudeDegrees></Position><AltitudeMeters>38.253</AltitudeMeters><DistanceMeters>5640.39990234375</DistanceMeters><HeartRateBpm><Value>158</Value></HeartRateBpm><Cadence>89</Cadence><SensorState>Present</SensorState></Trackpoint><Trackpoint><Time>2025-07-31T12:59:14.224Z</Time><Position><LatitudeDegrees>43.35347667</LatitudeDegrees><LongitudeDegrees>-2.84517667</LongitudeDegrees></Position><AltitudeMeters>38.405</AltitudeMeters><DistanceMeters>5644.2998046875</DistanceMeters><HeartRateBpm><Value>158</Value></HeartRateBpm><Cadence>89</Cadence><SensorState>Present</SensorState></Trackpoint><Trackpoint><Time>2025-07-31T12:59:15.224Z</Time><Position><LatitudeDegrees>43.35347167</LatitudeDegrees><LongitudeDegrees>-2.84514</LongitudeDegrees></Position><AltitudeMeters>38.71</AltitudeMeters><DistanceMeters>5647.39990234375</DistanceMeters><HeartRateBpm><Value>158</Value></HeartRateBpm><Cadence>89</Cadence><SensorState>Present</SensorState></Trackpoint><Trackpoint><Time>2025-07-31T12:59:16.224Z</Time><Position><LatitudeDegrees>43.353465</LatitudeDegrees><LongitudeDegrees>-2.84510167</LongitudeDegrees></Position><AltitudeMeters>38.862</AltitudeMeters><DistanceMeters>5651.0</DistanceMeters><HeartRateBpm><Value>158</Value></HeartRateBpm><Cadence>89</Cadence><SensorState>Present</SensorState></Trackpoint><Trackpoint><Time>2025-07-31T12:59:17.224Z</Time><Position><LatitudeDegrees>43.35346667</LatitudeDegrees><LongitudeDegrees>-2.84506667</LongitudeDegrees></Position><AltitudeMeters>39.015</AltitudeMeters><DistanceMeters>5654.10009765625</DistanceMeters><HeartRateBpm><Value>158</Value></HeartRateBpm><Cadence>90</Cadence><SensorState>Present</SensorState></Trackpoint><Trackpoint><Time>2025-07-31T12:59:18.224Z</Time><Position><LatitudeDegrees>43.35345667</LatitudeDegrees><LongitudeDegrees>-2.84502333</LongitudeDegrees></Position><AltitudeMeters>39.167</AltitudeMeters><DistanceMeters>5656.2001953125</DistanceMeters><HeartRateBpm><Value>158</Value></HeartRateBpm><Cadence>90</Cadence><SensorState>Present</SensorState></Trackpoint><Trackpoint><Time>2025-07-31T12:59:19.224Z</Time><Position><LatitudeDegrees>43.35344833</LatitudeDegrees><LongitudeDegrees>-2.84498167</LongitudeDegrees></Position><AltitudeMeters>39.472</AltitudeMeters><DistanceMeters>5659.0</DistanceMeters><HeartRateBpm><Value>158</Value></HeartRateBpm><Cadence>90</Cadence><SensorState>Present</SensorState></Trackpoint><Trackpoint><Time>2025-07-31T12:59:20.224Z</Time><Position><LatitudeDegrees>43.35343333</LatitudeDegrees><LongitudeDegrees>-2.84494333</LongitudeDegrees></Position><AltitudeMeters>39.624</AltitudeMeters><DistanceMeters>5662.2001953125</DistanceMeters><HeartRateBpm><Value>158</Value></HeartRateBpm><Cadence>90</Cadence><SensorState>Present</SensorState></Trackpoint><Trackpoint><Time>2025-07-31T12:59:21.224Z</Time><Position><LatitudeDegrees>43.353425</LatitudeDegrees><LongitudeDegrees>-2.84489667</LongitudeDegrees></Position><AltitudeMeters>39.777</AltitudeMeters><DistanceMeters>5665.5</DistanceMeters><HeartRateBpm><Value>158</Value></HeartRateBpm><Cadence>90</Cadence><SensorState>Present</SensorState></Trackpoint><Trackpoint><Time>2025-07-31T12:59:22.224Z</Time><Position><LatitudeDegrees>43.35341667</LatitudeDegrees><LongitudeDegrees>-2.84485</LongitudeDegrees></Position><AltitudeMeters>39.929</AltitudeMeters><DistanceMeters>5669.0</DistanceMeters><HeartRateBpm><Value>159</Value></HeartRateBpm><Cadence>90</Cadence><SensorState>Present</SensorState></Trackpoint><Trackpoint><Time>2025-07-31T12:59:23.224Z</Time><Position><LatitudeDegrees>43.35340667</LatitudeDegrees><LongitudeDegrees>-2.84480667</LongitudeDegrees></Position><AltitudeMeters>40.082</AltitudeMeters><DistanceMeters>5672.7998046875</DistanceMeters><HeartRateBpm><Value>158</Value></HeartRateBpm><Cadence>90</Cadence><SensorState>Present</SensorState></Trackpoint><Trackpoint><Time>2025-07-31T12:59:24.224Z</Time><Position><LatitudeDegrees>43.35338833</LatitudeDegrees><LongitudeDegrees>-2.84476833</LongitudeDegrees></Position><AltitudeMeters>40.234</AltitudeMeters><DistanceMeters>5676.7001953125</DistanceMeters><HeartRateBpm><Value>158</Value></HeartRateBpm><Cadence>90</Cadence><SensorState>Present</SensorState></Trackpoint><Trackpoint><Time>2025-07-31T12:59:25.224Z</Time><Position><LatitudeDegrees>43.35338167</LatitudeDegrees><LongitudeDegrees>-2.84472667</LongitudeDegrees></Position><AltitudeMeters>40.386</AltitudeMeters><DistanceMeters>5680.7001953125</DistanceMeters><HeartRateBpm><Value>158</Value></HeartRateBpm><Cadence>90</Cadence><SensorState>Present</SensorState></Trackpoint><Trackpoint><Time>2025-07-31T12:59:26.224Z</Time><Position><LatitudeDegrees>43.35337667</LatitudeDegrees><LongitudeDegrees>-2.84468333</LongitudeDegrees></Position><AltitudeMeters>40.539</AltitudeMeters><DistanceMeters>5684.39990234375</DistanceMeters><HeartRateBpm><Value>158</Value></HeartRateBpm><Cadence>90</Cadence><SensorState>Present</SensorState></Trackpoint><Trackpoint><Time>2025-07-31T12:59:27.224Z</Time><Position><LatitudeDegrees>43.353375</LatitudeDegrees><LongitudeDegrees>-2.84463</LongitudeDegrees></Position><AltitudeMeters>40.691</AltitudeMeters><DistanceMeters>5688.60009765625</DistanceMeters><HeartRateBpm><Value>158</Value></HeartRateBpm><Cadence>90</Cadence><SensorState>Present</SensorState></Trackpoint><Trackpoint><Time>2025-07-31T12:59:28.224Z</Time><Position><LatitudeDegrees>43.35337</LatitudeDegrees><LongitudeDegrees>-2.84459167</LongitudeDegrees></Position><AltitudeMeters>40.844</AltitudeMeters><DistanceMeters>5692.39990234375</DistanceMeters><HeartRateBpm><Value>158</Value></HeartRateBpm><Cadence>90</Cadence><SensorState>Present</SensorState></Trackpoint><Trackpoint><Time>2025-07-31T12:59:29.224Z</Time><Position><LatitudeDegrees>43.35336167</LatitudeDegrees><LongitudeDegrees>-2.84455333</LongitudeDegrees></Position><AltitudeMeters>40.844</AltitudeMeters><DistanceMeters>5696.0</DistanceMeters><HeartRateBpm><Value>158</Value></HeartRateBpm><Cadence>90</Cadence><SensorState>Present</SensorState></Trackpoint><Trackpoint><Time>2025-07-31T12:59:30.224Z</Time><Position><LatitudeDegrees>43.353355</LatitudeDegrees><LongitudeDegrees>-2.84451667</LongitudeDegrees></Position><AltitudeMeters>40.996</AltitudeMeters><DistanceMeters>5699.2998046875</DistanceMeters><HeartRateBpm><Value>158</Value></HeartRateBpm><Cadence>90</Cadence><SensorState>Present</SensorState></Trackpoint><Trackpoint><Time>2025-07-31T12:59:31.224Z</Time><Position><LatitudeDegrees>43.35334667</LatitudeDegrees><LongitudeDegrees>-2.84447667</LongitudeDegrees></Position><AltitudeMeters>41.148</AltitudeMeters><DistanceMeters>5702.2998046875</DistanceMeters><HeartRateBpm><Value>158</Value></HeartRateBpm><Cadence>90</Cadence><SensorState>Present</SensorState></Trackpoint><Trackpoint><Time>2025-07-31T12:59:32.224Z</Time><Position><LatitudeDegrees>43.353335</LatitudeDegrees><LongitudeDegrees>-2.84443833</LongitudeDegrees></Position><AltitudeMeters>41.301</AltitudeMeters><DistanceMeters>5705.39990234375</DistanceMeters><HeartRateBpm><Value>158</Value></HeartRateBpm><Cadence>90</Cadence><SensorState>Present</SensorState></Trackpoint><Trackpoint><Time>2025-07-31T12:59:33.224Z</Time><Position><LatitudeDegrees>43.353325</LatitudeDegrees><LongitudeDegrees>-2.8444</LongitudeDegrees></Position><AltitudeMeters>41.453</AltitudeMeters><DistanceMeters>5708.60009765625</DistanceMeters><HeartRateBpm><Value>158</Value></HeartRateBpm><Cadence>90</Cadence><SensorState>Present</SensorState></Trackpoint><Trackpoint><Time>2025-07-31T12:59:34.224Z</Time><Position><LatitudeDegrees>43.35331</LatitudeDegrees><LongitudeDegrees>-2.84436</LongitudeDegrees></Position><AltitudeMeters>41.606</AltitudeMeters><DistanceMeters>5711.7998046875</DistanceMeters><HeartRateBpm><Value>158</Value></HeartRateBpm><Cadence>90</Cadence><SensorState>Present</SensorState></Trackpoint><Trackpoint><Time>2025-07-31T12:59:35.224Z</Time><Position><LatitudeDegrees>43.353295</LatitudeDegrees><LongitudeDegrees>-2.84431667</LongitudeDegrees></Position><AltitudeMeters>41.758</AltitudeMeters><DistanceMeters>5715.39990234375</DistanceMeters><HeartRateBpm><Value>158</Value></HeartRateBpm><Cadence>90</Cadence><SensorState>Present</SensorState></Trackpoint><Trackpoint><Time>2025-07-31T12:59:36.224Z</Time><Position><LatitudeDegrees>43.35328167</LatitudeDegrees><LongitudeDegrees>-2.84427167</LongitudeDegrees></Position><AltitudeMeters>41.911</AltitudeMeters><DistanceMeters>5719.10009765625</DistanceMeters><HeartRateBpm><Value>158</Value></HeartRateBpm><Cadence>90</Cadence><SensorState>Present</SensorState></Trackpoint><Trackpoint><Time>2025-07-31T12:59:37.224Z</Time><Position><LatitudeDegrees>43.35327</LatitudeDegrees><LongitudeDegrees>-2.84422833</LongitudeDegrees></Position><AltitudeMeters>42.063</AltitudeMeters><DistanceMeters>5722.39990234375</DistanceMeters><HeartRateBpm><Value>158</Value></HeartRateBpm><Cadence>90</Cadence><SensorState>Present</SensorState></Trackpoint><Trackpoint><Time>2025-07-31T12:59:38.224Z</Time><Position><LatitudeDegrees>43.35326</LatitudeDegrees><LongitudeDegrees>-2.84418167</LongitudeDegrees></Position><AltitudeMeters>42.063</AltitudeMeters><DistanceMeters>5726.39990234375</DistanceMeters><HeartRateBpm><Value>158</Value></HeartRateBpm><Cadence>90</Cadence><SensorState>Present</SensorState></Trackpoint><Trackpoint><Time>2025-07-31T12:59:39.224Z</Time><Position><LatitudeDegrees>43.353245</LatitudeDegrees><LongitudeDegrees>-2.84413667</LongitudeDegrees></Position><AltitudeMeters>42.215</AltitudeMeters><DistanceMeters>5730.60009765625</DistanceMeters><HeartRateBpm><Value>158</Value></HeartRateBpm><Cadence>90</Cadence><SensorState>Present</SensorState></Trackpoint><Trackpoint><Time>2025-07-31T12:59:40.224Z</Time><Position><LatitudeDegrees>43.35323167</LatitudeDegrees><LongitudeDegrees>-2.844095</LongitudeDegrees></Position><AltitudeMeters>42.215</AltitudeMeters><DistanceMeters>5734.7001953125</DistanceMeters><HeartRateBpm><Value>159</Value></HeartRateBpm><Cadence>90</Cadence><SensorState>Present</SensorState></Trackpoint><Trackpoint><Time>2025-07-31T12:59:41.224Z</Time><Position><LatitudeDegrees>43.35321667</LatitudeDegrees><LongitudeDegrees>-2.84405167</LongitudeDegrees></Position><AltitudeMeters>42.368</AltitudeMeters><DistanceMeters>5738.89990234375</DistanceMeters><HeartRateBpm><Value>159</Value></HeartRateBpm><Cadence>90</Cadence><SensorState>Present</SensorState></Trackpoint><Trackpoint><Time>2025-07-31T12:59:42.224Z</Time><Position><LatitudeDegrees>43.35319667</LatitudeDegrees><LongitudeDegrees>-2.84401</LongitudeDegrees></Position><AltitudeMeters>42.368</AltitudeMeters><DistanceMeters>5743.0</DistanceMeters><HeartRateBpm><Value>159</Value></HeartRateBpm><Cadence>90</Cadence><SensorState>Present</SensorState></Trackpoint><Trackpoint><Time>2025-07-31T12:59:43.224Z</Time><Position><LatitudeDegrees>43.35317833</LatitudeDegrees><LongitudeDegrees>-2.84396833</LongitudeDegrees></Position><AltitudeMeters>42.368</AltitudeMeters><DistanceMeters>5747.2998046875</DistanceMeters><HeartRateBpm><Value>159</Value></HeartRateBpm><Cadence>90</Cadence><SensorState>Present</SensorState></Trackpoint><Trackpoint><Time>2025-07-31T12:59:44.224Z</Time><Position><LatitudeDegrees>43.35315667</LatitudeDegrees><LongitudeDegrees>-2.84392833</LongitudeDegrees></Position><AltitudeMeters>42.368</AltitudeMeters><DistanceMeters>5751.39990234375</DistanceMeters><HeartRateBpm><Value>159</Value></HeartRateBpm><Cadence>90</Cadence><SensorState>Present</SensorState></Trackpoint><Trackpoint><Time>2025-07-31T12:59:45.224Z</Time><Position><LatitudeDegrees>43.35314333</LatitudeDegrees><LongitudeDegrees>-2.843885</LongitudeDegrees></Position><AltitudeMeters>42.368</AltitudeMeters><DistanceMeters>5755.5</DistanceMeters><HeartRateBpm><Value>160</Value></HeartRateBpm><Cadence>90</Cadence><SensorState>Present</SensorState></Trackpoint><Trackpoint><Time>2025-07-31T12:59:46.224Z</Time><Position><LatitudeDegrees>43.353125</LatitudeDegrees><LongitudeDegrees>-2.84383833</LongitudeDegrees></Position><AltitudeMeters>42.368</AltitudeMeters><DistanceMeters>5759.2998046875</DistanceMeters><HeartRateBpm><Value>160</Value></HeartRateBpm><Cadence>90</Cadence><SensorState>Present</SensorState></Trackpoint><Trackpoint><Time>2025-07-31T12:59:47.224Z</Time><Position><LatitudeDegrees>43.35311167</LatitudeDegrees><LongitudeDegrees>-2.84378667</LongitudeDegrees></Position><AltitudeMeters>42.368</AltitudeMeters><DistanceMeters>5763.60009765625</DistanceMeters><HeartRateBpm><Value>160</Value></HeartRateBpm><Cadence>90</Cadence><SensorState>Present</SensorState></Trackpoint><Trackpoint><Time>2025-07-31T12:59:48.224Z</Time><Position><LatitudeDegrees>43.3531</LatitudeDegrees><LongitudeDegrees>-2.84373667</LongitudeDegrees></Position><AltitudeMeters>42.368</AltitudeMeters><DistanceMeters>5768.0</DistanceMeters><HeartRateBpm><Value>160</Value></HeartRateBpm><Cadence>93</Cadence><SensorState>Present</SensorState></Trackpoint><Trackpoint><Time>2025-07-31T12:59:49.224Z</Time><Position><LatitudeDegrees>43.353085</LatitudeDegrees><LongitudeDegrees>-2.84369333</LongitudeDegrees></Position><AltitudeMeters>42.368</AltitudeMeters><DistanceMeters>5772.2001953125</DistanceMeters><HeartRateBpm><Value>160</Value></HeartRateBpm><Cadence>93</Cadence><SensorState>Present</SensorState></Trackpoint><Trackpoint><Time>2025-07-31T12:59:50.224Z</Time><Position><LatitudeDegrees>43.35307</LatitudeDegrees><LongitudeDegrees>-2.84365</LongitudeDegrees></Position><AltitudeMeters>42.215</AltitudeMeters><DistanceMeters>5776.5</DistanceMeters><HeartRateBpm><Value>160</Value></HeartRateBpm><Cadence>92</Cadence><SensorState>Present</SensorState></Trackpoint><Trackpoint><Time>2025-07-31T12:59:51.224Z</Time><Position><LatitudeDegrees>43.35307667</LatitudeDegrees><LongitudeDegrees>-2.84361167</LongitudeDegrees></Position><AltitudeMeters>42.215</AltitudeMeters><DistanceMeters>5780.39990234375</DistanceMeters><HeartRateBpm><Value>160</Value></HeartRateBpm><Cadence>91</Cadence><SensorState>Present</SensorState></Trackpoint><Trackpoint><Time>2025-07-31T12:59:52.224Z</Time><Position><LatitudeDegrees>43.35307667</LatitudeDegrees><LongitudeDegrees>-2.84356833</LongitudeDegrees></Position><AltitudeMeters>42.215</AltitudeMeters><DistanceMeters>5783.7001953125</DistanceMeters><HeartRateBpm><Value>160</Value></HeartRateBpm><Cadence>91</Cadence><SensorState>Present</SensorState></Trackpoint><Trackpoint><Time>2025-07-31T12:59:53.224Z</Time><Position><LatitudeDegrees>43.35306333</LatitudeDegrees><LongitudeDegrees>-2.84351667</LongitudeDegrees></Position><AltitudeMeters>42.063</AltitudeMeters><DistanceMeters>5787.10009765625</DistanceMeters><HeartRateBpm><Value>160</Value></HeartRateBpm><Cadence>91</Cadence><SensorState>Present</SensorState></Trackpoint><Trackpoint><Time>2025-07-31T12:59:54.224Z</Time><Position><LatitudeDegrees>43.35305833</LatitudeDegrees><LongitudeDegrees>-2.84346667</LongitudeDegrees></Position><AltitudeMeters>42.063</AltitudeMeters><DistanceMeters>5791.2001953125</DistanceMeters><HeartRateBpm><Value>160</Value></HeartRateBpm><Cadence>91</Cadence><SensorState>Present</SensorState></Trackpoint><Trackpoint><Time>2025-07-31T12:59:55.224Z</Time><Position><LatitudeDegrees>43.35304667</LatitudeDegrees><LongitudeDegrees>-2.84342</LongitudeDegrees></Position><AltitudeMeters>41.911</AltitudeMeters><DistanceMeters>5795.2998046875</DistanceMeters><HeartRateBpm><Value>160</Value></HeartRateBpm><Cadence>91</Cadence><SensorState>Present</SensorState></Trackpoint><Trackpoint><Time>2025-07-31T12:59:56.224Z</Time><Position><LatitudeDegrees>43.35303833</LatitudeDegrees><LongitudeDegrees>-2.84337333</LongitudeDegrees></Position><AltitudeMeters>41.911</AltitudeMeters><DistanceMeters>5798.7001953125</DistanceMeters><HeartRateBpm><Value>160</Value></HeartRateBpm><Cadence>91</Cadence><SensorState>Present</SensorState></Trackpoint><Trackpoint><Time>2025-07-31T12:59:57.224Z</Time><Position><LatitudeDegrees>43.35302833</LatitudeDegrees><LongitudeDegrees>-2.84332667</LongitudeDegrees></Position><AltitudeMeters>41.758</AltitudeMeters><DistanceMeters>5802.2998046875</DistanceMeters><HeartRateBpm><Value>160</Value></HeartRateBpm><Cadence>91</Cadence><SensorState>Present</SensorState></Trackpoint><Trackpoint><Time>2025-07-31T12:59:58.224Z</Time><Position><LatitudeDegrees>43.35301833</LatitudeDegrees><LongitudeDegrees>-2.84327833</LongitudeDegrees></Position><AltitudeMeters>41.606</AltitudeMeters><DistanceMeters>5806.0</DistanceMeters><HeartRateBpm><Value>161</Value></HeartRateBpm><Cadence>91</Cadence><SensorState>Present</SensorState></Trackpoint><Trackpoint><Time>2025-07-31T12:59:59.224Z</Time><Position><LatitudeDegrees>43.35301333</LatitudeDegrees><LongitudeDegrees>-2.84323</LongitudeDegrees></Position><AltitudeMeters>41.606</AltitudeMeters><DistanceMeters>5810.10009765625</DistanceMeters><HeartRateBpm><Value>161</Value></HeartRateBpm><Cadence>91</Cadence><SensorState>Present</SensorState></Trackpoint><Trackpoint><Time>2025-07-31T13:00:00.224Z</Time><Position><LatitudeDegrees>43.35299667</LatitudeDegrees><LongitudeDegrees>-2.84318667</LongitudeDegrees></Position><AltitudeMeters>41.453</AltitudeMeters><DistanceMeters>5814.2001953125</DistanceMeters><HeartRateBpm><Value>161</Value></HeartRateBpm><Cadence>91</Cadence><SensorState>Present</SensorState></Trackpoint><Trackpoint><Time>2025-07-31T13:00:01.224Z</Time><Position><LatitudeDegrees>43.35297833</LatitudeDegrees><LongitudeDegrees>-2.843145</LongitudeDegrees></Position><AltitudeMeters>41.301</AltitudeMeters><DistanceMeters>5818.5</DistanceMeters><HeartRateBpm><Value>162</Value></HeartRateBpm><Cadence>91</Cadence><SensorState>Present</SensorState></Trackpoint><Trackpoint><Time>2025-07-31T13:00:02.224Z</Time><Position><LatitudeDegrees>43.35296</LatitudeDegrees><LongitudeDegrees>-2.84310667</LongitudeDegrees></Position><AltitudeMeters>41.148</AltitudeMeters><DistanceMeters>5822.7998046875</DistanceMeters><HeartRateBpm><Value>162</Value></HeartRateBpm><Cadence>92</Cadence><SensorState>Present</SensorState></Trackpoint><Trackpoint><Time>2025-07-31T13:00:03.224Z</Time><Position><LatitudeDegrees>43.35293167</LatitudeDegrees><LongitudeDegrees>-2.84308167</LongitudeDegrees></Position><AltitudeMeters>40.996</AltitudeMeters><DistanceMeters>5826.2998046875</DistanceMeters><HeartRateBpm><Value>162</Value></HeartRateBpm><Cadence>91</Cadence><SensorState>Present</SensorState></Trackpoint><Trackpoint><Time>2025-07-31T13:00:04.224Z</Time><Position><LatitudeDegrees>43.352895</LatitudeDegrees><LongitudeDegrees>-2.84306833</LongitudeDegrees></Position><AltitudeMeters>40.844</AltitudeMeters><DistanceMeters>5829.7998046875</DistanceMeters><HeartRateBpm><Value>162</Value></HeartRateBpm><Cadence>93</Cadence><SensorState>Present</SensorState></Trackpoint><Trackpoint><Time>2025-07-31T13:00:05.224Z</Time><Position><LatitudeDegrees>43.352855</LatitudeDegrees><LongitudeDegrees>-2.84306167</LongitudeDegrees></Position><AltitudeMeters>40.844</AltitudeMeters><DistanceMeters>5833.5</DistanceMeters><HeartRateBpm><Value>162</Value></HeartRateBpm><Cadence>93</Cadence><SensorState>Present</SensorState></Trackpoint><Trackpoint><Time>2025-07-31T13:00:06.224Z</Time><Position><LatitudeDegrees>43.352805</LatitudeDegrees><LongitudeDegrees>-2.84306667</LongitudeDegrees></Position><AltitudeMeters>40.691</AltitudeMeters><DistanceMeters>5837.39990234375</DistanceMeters><HeartRateBpm><Value>162</Value></HeartRateBpm><Cadence>93</Cadence><SensorState>Present</SensorState></Trackpoint><Trackpoint><Time>2025-07-31T13:00:07.224Z</Time><Position><LatitudeDegrees>43.35276333</LatitudeDegrees><LongitudeDegrees>-2.84306667</LongitudeDegrees></Position><AltitudeMeters>40.539</AltitudeMeters><DistanceMeters>5842.0</DistanceMeters><HeartRateBpm><Value>162</Value></HeartRateBpm><Cadence>93</Cadence><SensorState>Present</SensorState></Trackpoint><Trackpoint><Time>2025-07-31T13:00:08.224Z</Time><Position><LatitudeDegrees>43.35272333</LatitudeDegrees><LongitudeDegrees>-2.84307</LongitudeDegrees></Position><AltitudeMeters>40.386</AltitudeMeters><DistanceMeters>5846.5</DistanceMeters><HeartRateBpm><Value>162</Value></HeartRateBpm><Cadence>92</Cadence><SensorState>Present</SensorState></Trackpoint><Trackpoint><Time>2025-07-31T13:00:09.224Z</Time><Position><LatitudeDegrees>43.352685</LatitudeDegrees><LongitudeDegrees>-2.84308</LongitudeDegrees></Position><AltitudeMeters>40.234</AltitudeMeters><DistanceMeters>5850.7998046875</DistanceMeters><HeartRateBpm><Value>162</Value></HeartRateBpm><Cadence>91</Cadence><SensorState>Present</SensorState></Trackpoint><Trackpoint><Time>2025-07-31T13:00:10.224Z</Time><Position><LatitudeDegrees>43.352645</LatitudeDegrees><LongitudeDegrees>-2.84309</LongitudeDegrees></Position><AltitudeMeters>40.082</AltitudeMeters><DistanceMeters>5855.10009765625</DistanceMeters><HeartRateBpm><Value>162</Value></HeartRateBpm><Cadence>91</Cadence><SensorState>Present</SensorState></Trackpoint><Trackpoint><Time>2025-07-31T13:00:11.224Z</Time><Position><LatitudeDegrees>43.35260833</LatitudeDegrees><LongitudeDegrees>-2.84310667</LongitudeDegrees></Position><AltitudeMeters>40.082</AltitudeMeters><DistanceMeters>5859.89990234375</DistanceMeters><HeartRateBpm><Value>163</Value></HeartRateBpm><Cadence>91</Cadence><SensorState>Present</SensorState></Trackpoint><Trackpoint><Time>2025-07-31T13:00:12.224Z</Time><Position><LatitudeDegrees>43.35257167</LatitudeDegrees><LongitudeDegrees>-2.84312667</LongitudeDegrees></Position><AltitudeMeters>39.929</AltitudeMeters><DistanceMeters>5865.2001953125</DistanceMeters><HeartRateBpm><Value>163</Value></HeartRateBpm><Cadence>91</Cadence><SensorState>Present</SensorState></Trackpoint><Trackpoint><Time>2025-07-31T13:00:13.224Z</Time><Position><LatitudeDegrees>43.352535</LatitudeDegrees><LongitudeDegrees>-2.84314667</LongitudeDegrees></Position><AltitudeMeters>39.929</AltitudeMeters><DistanceMeters>5870.2001953125</DistanceMeters><HeartRateBpm><Value>163</Value></HeartRateBpm><Cadence>91</Cadence><SensorState>Present</SensorState></Trackpoint><Trackpoint><Time>2025-07-31T13:00:14.224Z</Time><Position><LatitudeDegrees>43.3525</LatitudeDegrees><LongitudeDegrees>-2.84316667</LongitudeDegrees></Position><AltitudeMeters>39.777</AltitudeMeters><DistanceMeters>5874.7998046875</DistanceMeters><HeartRateBpm><Value>163</Value></HeartRateBpm><Cadence>91</Cadence><SensorState>Present</SensorState></Trackpoint><Trackpoint><Time>2025-07-31T13:00:15.224Z</Time><Position><LatitudeDegrees>43.352465</LatitudeDegrees><LongitudeDegrees>-2.84318667</LongitudeDegrees></Position><AltitudeMeters>39.777</AltitudeMeters><DistanceMeters>5879.10009765625</DistanceMeters><HeartRateBpm><Value>164</Value></HeartRateBpm><Cadence>91</Cadence><SensorState>Present</SensorState></Trackpoint><Trackpoint><Time>2025-07-31T13:00:16.224Z</Time><Position><LatitudeDegrees>43.35242667</LatitudeDegrees><LongitudeDegrees>-2.843205</LongitudeDegrees></Position><AltitudeMeters>39.777</AltitudeMeters><DistanceMeters>5882.7001953125</DistanceMeters><HeartRateBpm><Value>164</Value></HeartRateBpm><Cadence>92</Cadence><SensorState>Present</SensorState></Trackpoint><Trackpoint><Time>2025-07-31T13:00:17.224Z</Time><Position><LatitudeDegrees>43.35238833</LatitudeDegrees><LongitudeDegrees>-2.84322833</LongitudeDegrees></Position><AltitudeMeters>39.624</AltitudeMeters><DistanceMeters>5887.0</DistanceMeters><HeartRateBpm><Value>164</Value></HeartRateBpm><Cadence>92</Cadence><SensorState>Present</SensorState></Trackpoint><Trackpoint><Time>2025-07-31T13:00:18.224Z</Time><Position><LatitudeDegrees>43.35235</LatitudeDegrees><LongitudeDegrees>-2.84325333</LongitudeDegrees></Position><AltitudeMeters>39.624</AltitudeMeters><DistanceMeters>5891.60009765625</DistanceMeters><HeartRateBpm><Value>164</Value></HeartRateBpm><Cadence>93</Cadence><SensorState>Present</SensorState></Trackpoint><Trackpoint><Time>2025-07-31T13:00:19.224Z</Time><Position><LatitudeDegrees>43.35230833</LatitudeDegrees><LongitudeDegrees>-2.84328</LongitudeDegrees></Position><AltitudeMeters>39.624</AltitudeMeters><DistanceMeters>5896.2001953125</DistanceMeters><HeartRateBpm><Value>164</Value></HeartRateBpm><Cadence>93</Cadence><SensorState>Present</SensorState></Trackpoint><Trackpoint><Time>2025-07-31T13:00:20.224Z</Time><Position><LatitudeDegrees>43.35226833</LatitudeDegrees><LongitudeDegrees>-2.843305</LongitudeDegrees></Position><AltitudeMeters>39.624</AltitudeMeters><DistanceMeters>5901.2998046875</DistanceMeters><HeartRateBpm><Value>164</Value></HeartRateBpm><Cadence>93</Cadence><SensorState>Present</SensorState></Trackpoint><Trackpoint><Time>2025-07-31T13:00:21.224Z</Time><Position><LatitudeDegrees>43.35223</LatitudeDegrees><LongitudeDegrees>-2.843325</LongitudeDegrees></Position><AltitudeMeters>39.472</AltitudeMeters><DistanceMeters>5906.2998046875</DistanceMeters><HeartRateBpm><Value>164</Value></HeartRateBpm><Cadence>93</Cadence><SensorState>Present</SensorState></Trackpoint><Trackpoint><Time>2025-07-31T13:00:22.224Z</Time><Position><LatitudeDegrees>43.35218667</LatitudeDegrees><LongitudeDegrees>-2.843345</LongitudeDegrees></Position><AltitudeMeters>39.472</AltitudeMeters><DistanceMeters>5911.2001953125</DistanceMeters><HeartRateBpm><Value>165</Value></HeartRateBpm><Cadence>92</Cadence><SensorState>Present</SensorState></Trackpoint><Trackpoint><Time>2025-07-31T13:00:23.224Z</Time><Position><LatitudeDegrees>43.35215167</LatitudeDegrees><LongitudeDegrees>-2.84337667</LongitudeDegrees></Position><AltitudeMeters>39.472</AltitudeMeters><DistanceMeters>5916.39990234375</DistanceMeters><HeartRateBpm><Value>165</Value></HeartRateBpm><Cadence>93</Cadence><SensorState>Present</SensorState></Trackpoint><Trackpoint><Time>2025-07-31T13:00:24.224Z</Time><Position><LatitudeDegrees>43.35211833</LatitudeDegrees><LongitudeDegrees>-2.84341</LongitudeDegrees></Position><AltitudeMeters>39.472</AltitudeMeters><DistanceMeters>5921.2998046875</DistanceMeters><HeartRateBpm><Value>165</Value></HeartRateBpm><Cadence>92</Cadence><SensorState>Present</SensorState></Trackpoint><Trackpoint><Time>2025-07-31T13:00:25.224Z</Time><Position><LatitudeDegrees>43.352085</LatitudeDegrees><LongitudeDegrees>-2.84345</LongitudeDegrees></Position><AltitudeMeters>39.472</AltitudeMeters><DistanceMeters>5926.2998046875</DistanceMeters><HeartRateBpm><Value>165</Value></HeartRateBpm><Cadence>91</Cadence><SensorState>Present</SensorState></Trackpoint><Trackpoint><Time>2025-07-31T13:00:26.224Z</Time><Position><LatitudeDegrees>43.352055</LatitudeDegrees><LongitudeDegrees>-2.84347833</LongitudeDegrees></Position><AltitudeMeters>39.32</AltitudeMeters><DistanceMeters>5931.2998046875</DistanceMeters><HeartRateBpm><Value>165</Value></HeartRateBpm><Cadence>92</Cadence><SensorState>Present</SensorState></Trackpoint><Trackpoint><Time>2025-07-31T13:00:27.224Z</Time><Position><LatitudeDegrees>43.35202</LatitudeDegrees><LongitudeDegrees>-2.84349833</LongitudeDegrees></Position><AltitudeMeters>39.32</AltitudeMeters><DistanceMeters>5935.7001953125</DistanceMeters><HeartRateBpm><Value>165</Value></HeartRateBpm><Cadence>93</Cadence><SensorState>Present</SensorState></Trackpoint><Trackpoint><Time>2025-07-31T13:00:28.224Z</Time><Position><LatitudeDegrees>43.35198833</LatitudeDegrees><LongitudeDegrees>-2.84352</LongitudeDegrees></Position><AltitudeMeters>39.32</AltitudeMeters><DistanceMeters>5939.7998046875</DistanceMeters><HeartRateBpm><Value>165</Value></HeartRateBpm><Cadence>92</Cadence><SensorState>Present</SensorState></Trackpoint><Trackpoint><Time>2025-07-31T13:00:29.224Z</Time><Position><LatitudeDegrees>43.351955</LatitudeDegrees><LongitudeDegrees>-2.84354667</LongitudeDegrees></Position><AltitudeMeters>39.32</AltitudeMeters><DistanceMeters>5943.60009765625</DistanceMeters><HeartRateBpm><Value>165</Value></HeartRateBpm><Cadence>92</Cadence><SensorState>Present</SensorState></Trackpoint><Trackpoint><Time>2025-07-31T13:00:30.224Z</Time><Position><LatitudeDegrees>43.35192167</LatitudeDegrees><LongitudeDegrees>-2.84357167</LongitudeDegrees></Position><AltitudeMeters>39.167</AltitudeMeters><DistanceMeters>5947.7001953125</DistanceMeters><HeartRateBpm><Value>165</Value></HeartRateBpm><Cadence>93</Cadence><SensorState>Present</SensorState></Trackpoint><Trackpoint><Time>2025-07-31T13:00:31.224Z</Time><Position><LatitudeDegrees>43.35189167</LatitudeDegrees><LongitudeDegrees>-2.84359667</LongitudeDegrees></Position><AltitudeMeters>39.167</AltitudeMeters><DistanceMeters>5951.7998046875</DistanceMeters><HeartRateBpm><Value>166</Value></HeartRateBpm><Cadence>93</Cadence><SensorState>Present</SensorState></Trackpoint><Trackpoint><Time>2025-07-31T13:00:32.224Z</Time><Position><LatitudeDegrees>43.35186</LatitudeDegrees><LongitudeDegrees>-2.843615</LongitudeDegrees></Position><AltitudeMeters>39.015</AltitudeMeters><DistanceMeters>5955.5</DistanceMeters><HeartRateBpm><Value>166</Value></HeartRateBpm><Cadence>93</Cadence><SensorState>Present</SensorState></Trackpoint><Trackpoint><Time>2025-07-31T13:00:33.224Z</Time><Position><LatitudeDegrees>43.35182833</LatitudeDegrees><LongitudeDegrees>-2.84363</LongitudeDegrees></Position><AltitudeMeters>39.015</AltitudeMeters><DistanceMeters>5959.0</DistanceMeters><HeartRateBpm><Value>166</Value></HeartRateBpm><Cadence>93</Cadence><SensorState>Present</SensorState></Trackpoint><Trackpoint><Time>2025-07-31T13:00:34.224Z</Time><Position><LatitudeDegrees>43.35179833</LatitudeDegrees><LongitudeDegrees>-2.843635</LongitudeDegrees></Position><AltitudeMeters>38.862</AltitudeMeters><DistanceMeters>5962.60009765625</DistanceMeters><HeartRateBpm><Value>166</Value></HeartRateBpm><Cadence>93</Cadence><SensorState>Present</SensorState></Trackpoint><Trackpoint><Time>2025-07-31T13:00:35.224Z</Time><Position><LatitudeDegrees>43.35176333</LatitudeDegrees><LongitudeDegrees>-2.84363</LongitudeDegrees></Position><AltitudeMeters>38.71</AltitudeMeters><DistanceMeters>5965.7998046875</DistanceMeters><HeartRateBpm><Value>166</Value></HeartRateBpm><Cadence>93</Cadence><SensorState>Present</SensorState></Trackpoint><Trackpoint><Time>2025-07-31T13:00:36.224Z</Time><Position><LatitudeDegrees>43.35172667</LatitudeDegrees><LongitudeDegrees>-2.84362167</LongitudeDegrees></Position><AltitudeMeters>38.558</AltitudeMeters><DistanceMeters>5969.5</DistanceMeters><HeartRateBpm><Value>166</Value></HeartRateBpm><Cadence>93</Cadence><SensorState>Present</SensorState></Trackpoint><Trackpoint><Time>2025-07-31T13:00:37.224Z</Time><Position><LatitudeDegrees>43.35168833</LatitudeDegrees><LongitudeDegrees>-2.843605</LongitudeDegrees></Position><AltitudeMeters>38.405</AltitudeMeters><DistanceMeters>5973.0</DistanceMeters><HeartRateBpm><Value>166</Value></HeartRateBpm><Cadence>93</Cadence><SensorState>Present</SensorState></Trackpoint><Trackpoint><Time>2025-07-31T13:00:38.224Z</Time><Position><LatitudeDegrees>43.35165</LatitudeDegrees><LongitudeDegrees>-2.84359833</LongitudeDegrees></Position><AltitudeMeters>38.253</AltitudeMeters><DistanceMeters>5977.2998046875</DistanceMeters><HeartRateBpm><Value>166</Value></HeartRateBpm><Cadence>93</Cadence><SensorState>Present</SensorState></Trackpoint><Trackpoint><Time>2025-07-31T13:00:39.224Z</Time><Position><LatitudeDegrees>43.35161</LatitudeDegrees><LongitudeDegrees>-2.84360667</LongitudeDegrees></Position><AltitudeMeters>38.1</AltitudeMeters><DistanceMeters>5981.10009765625</DistanceMeters><HeartRateBpm><Value>167</Value></HeartRateBpm><Cadence>93</Cadence><SensorState>Present</SensorState></Trackpoint><Trackpoint><Time>2025-07-31T13:00:40.224Z</Time><Position><LatitudeDegrees>43.35158333</LatitudeDegrees><LongitudeDegrees>-2.84364</LongitudeDegrees></Position><AltitudeMeters>37.948</AltitudeMeters><DistanceMeters>5984.7998046875</DistanceMeters><HeartRateBpm><Value>167</Value></HeartRateBpm><Cadence>93</Cadence><SensorState>Present</SensorState></Trackpoint><Trackpoint><Time>2025-07-31T13:00:41.224Z</Time><Position><LatitudeDegrees>43.35155667</LatitudeDegrees><LongitudeDegrees>-2.84368167</LongitudeDegrees></Position><AltitudeMeters>37.796</AltitudeMeters><DistanceMeters>5988.5</DistanceMeters><HeartRateBpm><Value>167</Value></HeartRateBpm><Cadence>93</Cadence><SensorState>Present</SensorState></Trackpoint><Trackpoint><Time>2025-07-31T13:00:42.224Z</Time><Position><LatitudeDegrees>43.35152667</LatitudeDegrees><LongitudeDegrees>-2.84372333</LongitudeDegrees></Position><AltitudeMeters>37.643</AltitudeMeters><DistanceMeters>5992.7001953125</DistanceMeters><HeartRateBpm><Value>167</Value></HeartRateBpm><Cadence>93</Cadence><SensorState>Present</SensorState></Trackpoint><Trackpoint><Time>2025-07-31T13:00:43.224Z</Time><Position><LatitudeDegrees>43.3515</LatitudeDegrees><LongitudeDegrees>-2.84376</LongitudeDegrees></Position><AltitudeMeters>37.491</AltitudeMeters><DistanceMeters>5997.5</DistanceMeters><HeartRateBpm><Value>168</Value></HeartRateBpm><Cadence>93</Cadence><SensorState>Present</SensorState></Trackpoint><Trackpoint><Time>2025-07-31T13:00:44.224Z</Time><Position><LatitudeDegrees>43.35147</LatitudeDegrees><LongitudeDegrees>-2.84379833</LongitudeDegrees></Position><AltitudeMeters>37.338</AltitudeMeters><DistanceMeters>6002.2998046875</DistanceMeters><HeartRateBpm><Value>168</Value></HeartRateBpm><Cadence>93</Cadence><SensorState>Present</SensorState></Trackpoint></Track><Extensions><LX xmlns="http://www.garmin.com/xmlschemas/ActivityExtension/v2"><AvgSpeed>3.335890769958496</AvgSpeed></LX></Extensions></Lap><Lap xmlns="http://www.garmin.com/xmlschemas/TrainingCenterDatabase/v2" StartTime="2025-07-31T13:00:45.224Z"><TotalTimeSeconds>57.0</TotalTimeSeconds><DistanceMeters>235.39990234375</DistanceMeters><MaximumSpeed>5.006722222222222</MaximumSpeed><Calories>0</Calories><AverageHeartRateBpm><Value>170</Value></AverageHeartRateBpm><MaximumHeartRateBpm><Value>175</Value></MaximumHeartRateBpm><Intensity>Active</Intensity><Cadence>93</Cadence><TriggerMethod>Distance</TriggerMethod><Track><Trackpoint><Time>2025-07-31T13:00:45.224Z</Time><Position><LatitudeDegrees>43.35144667</LatitudeDegrees><LongitudeDegrees>-2.84383667</LongitudeDegrees></Position><AltitudeMeters>37.186</AltitudeMeters><DistanceMeters>6006.10009765625</DistanceMeters><HeartRateBpm><Value>168</Value></HeartRateBpm><Cadence>93</Cadence><SensorState>Present</SensorState></Trackpoint><Trackpoint><Time>2025-07-31T13:00:46.224Z</Time><Position><LatitudeDegrees>43.35143333</LatitudeDegrees><LongitudeDegrees>-2.84387333</LongitudeDegrees></Position><AltitudeMeters>37.034</AltitudeMeters><DistanceMeters>6009.7001953125</DistanceMeters><HeartRateBpm><Value>168</Value></HeartRateBpm><Cadence>93</Cadence><SensorState>Present</SensorState></Trackpoint><Trackpoint><Time>2025-07-31T13:00:47.224Z</Time><Position><LatitudeDegrees>43.35141333</LatitudeDegrees><LongitudeDegrees>-2.84391</LongitudeDegrees></Position><AltitudeMeters>36.729</AltitudeMeters><DistanceMeters>6013.60009765625</DistanceMeters><HeartRateBpm><Value>168</Value></HeartRateBpm><Cadence>93</Cadence><SensorState>Present</SensorState></Trackpoint><Trackpoint><Time>2025-07-31T13:00:48.224Z</Time><Position><LatitudeDegrees>43.35138833</LatitudeDegrees><LongitudeDegrees>-2.84395167</LongitudeDegrees></Position><AltitudeMeters>36.576</AltitudeMeters><DistanceMeters>6017.89990234375</DistanceMeters><HeartRateBpm><Value>168</Value></HeartRateBpm><Cadence>93</Cadence><SensorState>Present</SensorState></Trackpoint><Trackpoint><Time>2025-07-31T13:00:49.224Z</Time><Position><LatitudeDegrees>43.35137333</LatitudeDegrees><LongitudeDegrees>-2.84400167</LongitudeDegrees></Position><AltitudeMeters>36.424</AltitudeMeters><DistanceMeters>6022.2998046875</DistanceMeters><HeartRateBpm><Value>168</Value></HeartRateBpm><Cadence>93</Cadence><SensorState>Present</SensorState></Trackpoint><Trackpoint><Time>2025-07-31T13:00:50.224Z</Time><Position><LatitudeDegrees>43.35135667</LatitudeDegrees><LongitudeDegrees>-2.84403667</LongitudeDegrees></Position><AltitudeMeters>36.272</AltitudeMeters><DistanceMeters>6026.5</DistanceMeters><HeartRateBpm><Value>168</Value></HeartRateBpm><Cadence>93</Cadence><SensorState>Present</SensorState></Trackpoint><Trackpoint><Time>2025-07-31T13:00:51.224Z</Time><Position><LatitudeDegrees>43.351345</LatitudeDegrees><LongitudeDegrees>-2.844065</LongitudeDegrees></Position><AltitudeMeters>36.119</AltitudeMeters><DistanceMeters>6029.7998046875</DistanceMeters><HeartRateBpm><Value>168</Value></HeartRateBpm><Cadence>93</Cadence><SensorState>Present</SensorState></Trackpoint><Trackpoint><Time>2025-07-31T13:00:52.224Z</Time><Position><LatitudeDegrees>43.351335</LatitudeDegrees><LongitudeDegrees>-2.84408833</LongitudeDegrees></Position><AltitudeMeters>35.967</AltitudeMeters><DistanceMeters>6032.39990234375</DistanceMeters><HeartRateBpm><Value>169</Value></HeartRateBpm><Cadence>93</Cadence><SensorState>Present</SensorState></Trackpoint><Trackpoint><Time>2025-07-31T13:00:53.224Z</Time><Position><LatitudeDegrees>43.351315</LatitudeDegrees><LongitudeDegrees>-2.84412667</LongitudeDegrees></Position><AltitudeMeters>35.814</AltitudeMeters><DistanceMeters>6035.0</DistanceMeters><HeartRateBpm><Value>169</Value></HeartRateBpm><Cadence>93</Cadence><SensorState>Present</SensorState></Trackpoint><Trackpoint><Time>2025-07-31T13:00:54.224Z</Time><Position><LatitudeDegrees>43.351295</LatitudeDegrees><LongitudeDegrees>-2.84415333</LongitudeDegrees></Position><AltitudeMeters>35.662</AltitudeMeters><DistanceMeters>6038.0</DistanceMeters><HeartRateBpm><Value>168</Value></HeartRateBpm><Cadence>93</Cadence><SensorState>Present</SensorState></Trackpoint><Trackpoint><Time>2025-07-31T13:00:55.224Z</Time><Position><LatitudeDegrees>43.35127833</LatitudeDegrees><LongitudeDegrees>-2.84418833</LongitudeDegrees></Position><AltitudeMeters>35.51</AltitudeMeters><DistanceMeters>6040.7001953125</DistanceMeters><HeartRateBpm><Value>168</Value></HeartRateBpm><Cadence>93</Cadence><SensorState>Present</SensorState></Trackpoint><Trackpoint><Time>2025-07-31T13:00:56.224Z</Time><Position><LatitudeDegrees>43.35126167</LatitudeDegrees><LongitudeDegrees>-2.84423333</LongitudeDegrees></Position><AltitudeMeters>35.357</AltitudeMeters><DistanceMeters>6044.10009765625</DistanceMeters><HeartRateBpm><Value>168</Value></HeartRateBpm><Cadence>93</Cadence><SensorState>Present</SensorState></Trackpoint><Trackpoint><Time>2025-07-31T13:00:57.224Z</Time><Position><LatitudeDegrees>43.35124167</LatitudeDegrees><LongitudeDegrees>-2.84426833</LongitudeDegrees></Position><AltitudeMeters>35.205</AltitudeMeters><DistanceMeters>6047.60009765625</DistanceMeters><HeartRateBpm><Value>168</Value></HeartRateBpm><Cadence>93</Cadence><SensorState>Present</SensorState></Trackpoint><Trackpoint><Time>2025-07-31T13:00:58.224Z</Time><Position><LatitudeDegrees>43.35121833</LatitudeDegrees><LongitudeDegrees>-2.8443</LongitudeDegrees></Position><AltitudeMeters>35.052</AltitudeMeters><DistanceMeters>6050.60009765625</DistanceMeters><HeartRateBpm><Value>168</Value></HeartRateBpm><Cadence>93</Cadence><SensorState>Present</SensorState></Trackpoint><Trackpoint><Time>2025-07-31T13:00:59.224Z</Time><Position><LatitudeDegrees>43.35119167</LatitudeDegrees><LongitudeDegrees>-2.84432167</LongitudeDegrees></Position><AltitudeMeters>34.9</AltitudeMeters><DistanceMeters>6053.60009765625</DistanceMeters><HeartRateBpm><Value>168</Value></HeartRateBpm><Cadence>93</Cadence><SensorState>Present</SensorState></Trackpoint><Trackpoint><Time>2025-07-31T13:01:00.224Z</Time><Position><LatitudeDegrees>43.351165</LatitudeDegrees><LongitudeDegrees>-2.84433833</LongitudeDegrees></Position><AltitudeMeters>34.748</AltitudeMeters><DistanceMeters>6057.0</DistanceMeters><HeartRateBpm><Value>168</Value></HeartRateBpm><Cadence>93</Cadence><SensorState>Present</SensorState></Trackpoint><Trackpoint><Time>2025-07-31T13:01:01.224Z</Time><Position><LatitudeDegrees>43.35113</LatitudeDegrees><LongitudeDegrees>-2.84434</LongitudeDegrees></Position><AltitudeMeters>34.595</AltitudeMeters><DistanceMeters>6060.60009765625</DistanceMeters><HeartRateBpm><Value>168</Value></HeartRateBpm><Cadence>93</Cadence><SensorState>Present</SensorState></Trackpoint><Trackpoint><Time>2025-07-31T13:01:02.224Z</Time><Position><LatitudeDegrees>43.3511</LatitudeDegrees><LongitudeDegrees>-2.84433167</LongitudeDegrees></Position><AltitudeMeters>34.443</AltitudeMeters><DistanceMeters>6064.7001953125</DistanceMeters><HeartRateBpm><Value>168</Value></HeartRateBpm><Cadence>93</Cadence><SensorState>Present</SensorState></Trackpoint><Trackpoint><Time>2025-07-31T13:01:03.224Z</Time><Position><LatitudeDegrees>43.351065</LatitudeDegrees><LongitudeDegrees>-2.84431667</LongitudeDegrees></Position><AltitudeMeters>34.29</AltitudeMeters><DistanceMeters>6067.7001953125</DistanceMeters><HeartRateBpm><Value>168</Value></HeartRateBpm><Cadence>93</Cadence><SensorState>Present</SensorState></Trackpoint><Trackpoint><Time>2025-07-31T13:01:04.224Z</Time><Position><LatitudeDegrees>43.35102833</LatitudeDegrees><LongitudeDegrees>-2.84430167</LongitudeDegrees></Position><AltitudeMeters>34.138</AltitudeMeters><DistanceMeters>6071.39990234375</DistanceMeters><HeartRateBpm><Value>169</Value></HeartRateBpm><Cadence>93</Cadence><SensorState>Present</SensorState></Trackpoint><Trackpoint><Time>2025-07-31T13:01:05.224Z</Time><Position><LatitudeDegrees>43.35099333</LatitudeDegrees><LongitudeDegrees>-2.844285</LongitudeDegrees></Position><AltitudeMeters>33.986</AltitudeMeters><DistanceMeters>6075.60009765625</DistanceMeters><HeartRateBpm><Value>169</Value></HeartRateBpm><Cadence>96</Cadence><SensorState>Present</SensorState></Trackpoint><Trackpoint><Time>2025-07-31T13:01:06.224Z</Time><Position><LatitudeDegrees>43.35094667</LatitudeDegrees><LongitudeDegrees>-2.84428167</LongitudeDegrees></Position><AltitudeMeters>33.833</AltitudeMeters><DistanceMeters>6079.10009765625</DistanceMeters><HeartRateBpm><Value>169</Value></HeartRateBpm><Cadence>96</Cadence><SensorState>Present</SensorState></Trackpoint><Trackpoint><Time>2025-07-31T13:01:07.224Z</Time><Position><LatitudeDegrees>43.35090167</LatitudeDegrees><LongitudeDegrees>-2.844275</LongitudeDegrees></Position><AltitudeMeters>33.681</AltitudeMeters><DistanceMeters>6083.5</DistanceMeters><HeartRateBpm><Value>169</Value></HeartRateBpm><Cadence>96</Cadence><SensorState>Present</SensorState></Trackpoint><Trackpoint><Time>2025-07-31T13:01:08.224Z</Time><Position><LatitudeDegrees>43.35085667</LatitudeDegrees><LongitudeDegrees>-2.84428333</LongitudeDegrees></Position><AltitudeMeters>33.528</AltitudeMeters><DistanceMeters>6088.7001953125</DistanceMeters><HeartRateBpm><Value>169</Value></HeartRateBpm><Cadence>96</Cadence><SensorState>Present</SensorState></Trackpoint><Trackpoint><Time>2025-07-31T13:01:09.224Z</Time><Position><LatitudeDegrees>43.350815</LatitudeDegrees><LongitudeDegrees>-2.84427833</LongitudeDegrees></Position><AltitudeMeters>33.376</AltitudeMeters><DistanceMeters>6094.2001953125</DistanceMeters><HeartRateBpm><Value>169</Value></HeartRateBpm><Cadence>96</Cadence><SensorState>Present</SensorState></Trackpoint><Trackpoint><Time>2025-07-31T13:01:10.224Z</Time><Position><LatitudeDegrees>43.35078</LatitudeDegrees><LongitudeDegrees>-2.84426667</LongitudeDegrees></Position><AltitudeMeters>33.224</AltitudeMeters><DistanceMeters>6099.60009765625</DistanceMeters><HeartRateBpm><Value>169</Value></HeartRateBpm><Cadence>96</Cadence><SensorState>Present</SensorState></Trackpoint><Trackpoint><Time>2025-07-31T13:01:11.224Z</Time><Position><LatitudeDegrees>43.350745</LatitudeDegrees><LongitudeDegrees>-2.84424833</LongitudeDegrees></Position><AltitudeMeters>33.071</AltitudeMeters><DistanceMeters>6104.5</DistanceMeters><HeartRateBpm><Value>170</Value></HeartRateBpm><Cadence>96</Cadence><SensorState>Present</SensorState></Trackpoint><Trackpoint><Time>2025-07-31T13:01:12.224Z</Time><Position><LatitudeDegrees>43.35071</LatitudeDegrees><LongitudeDegrees>-2.84423333</LongitudeDegrees></Position><AltitudeMeters>32.919</AltitudeMeters><DistanceMeters>6109.2998046875</DistanceMeters><HeartRateBpm><Value>170</Value></HeartRateBpm><Cadence>96</Cadence><SensorState>Present</SensorState></Trackpoint><Trackpoint><Time>2025-07-31T13:01:13.224Z</Time><Position><LatitudeDegrees>43.350675</LatitudeDegrees><LongitudeDegrees>-2.844205</LongitudeDegrees></Position><AltitudeMeters>32.766</AltitudeMeters><DistanceMeters>6113.7001953125</DistanceMeters><HeartRateBpm><Value>171</Value></HeartRateBpm><Cadence>96</Cadence><SensorState>Present</SensorState></Trackpoint><Trackpoint><Time>2025-07-31T13:01:14.224Z</Time><Position><LatitudeDegrees>43.35064</LatitudeDegrees><LongitudeDegrees>-2.84417</LongitudeDegrees></Position><AltitudeMeters>32.614</AltitudeMeters><DistanceMeters>6118.2998046875</DistanceMeters><HeartRateBpm><Value>171</Value></HeartRateBpm><Cadence>96</Cadence><SensorState>Present</SensorState></Trackpoint><Trackpoint><Time>2025-07-31T13:01:15.224Z</Time><Position><LatitudeDegrees>43.350605</LatitudeDegrees><LongitudeDegrees>-2.84413667</LongitudeDegrees></Position><AltitudeMeters>32.462</AltitudeMeters><DistanceMeters>6123.10009765625</DistanceMeters><HeartRateBpm><Value>171</Value></HeartRateBpm><Cadence>96</Cadence><SensorState>Present</SensorState></Trackpoint><Trackpoint><Time>2025-07-31T13:01:16.224Z</Time><Position><LatitudeDegrees>43.35056833</LatitudeDegrees><LongitudeDegrees>-2.84411333</LongitudeDegrees></Position><AltitudeMeters>32.462</AltitudeMeters><DistanceMeters>6127.2001953125</DistanceMeters><HeartRateBpm><Value>172</Value></HeartRateBpm><Cadence>96</Cadence><SensorState>Present</SensorState></Trackpoint><Trackpoint><Time>2025-07-31T13:01:17.224Z</Time><Position><LatitudeDegrees>43.35053</LatitudeDegrees><LongitudeDegrees>-2.84408667</LongitudeDegrees></Position><AltitudeMeters>32.309</AltitudeMeters><DistanceMeters>6131.39990234375</DistanceMeters><HeartRateBpm><Value>172</Value></HeartRateBpm><Cadence>96</Cadence><SensorState>Present</SensorState></Trackpoint><Trackpoint><Time>2025-07-31T13:01:18.224Z</Time><Position><LatitudeDegrees>43.35049833</LatitudeDegrees><LongitudeDegrees>-2.84406333</LongitudeDegrees></Position><AltitudeMeters>32.309</AltitudeMeters><DistanceMeters>6135.7998046875</DistanceMeters><HeartRateBpm><Value>172</Value></HeartRateBpm><Cadence>96</Cadence><SensorState>Present</SensorState></Trackpoint><Trackpoint><Time>2025-07-31T13:01:19.224Z</Time><Position><LatitudeDegrees>43.35046</LatitudeDegrees><LongitudeDegrees>-2.84403333</LongitudeDegrees></Position><AltitudeMeters>32.309</AltitudeMeters><DistanceMeters>6140.0</DistanceMeters><HeartRateBpm><Value>172</Value></HeartRateBpm><Cadence>96</Cadence><SensorState>Present</SensorState></Trackpoint><Trackpoint><Time>2025-07-31T13:01:20.224Z</Time><Position><LatitudeDegrees>43.35042167</LatitudeDegrees><LongitudeDegrees>-2.84400667</LongitudeDegrees></Position><AltitudeMeters>32.157</AltitudeMeters><DistanceMeters>6145.10009765625</DistanceMeters><HeartRateBpm><Value>172</Value></HeartRateBpm><Cadence>96</Cadence><SensorState>Present</SensorState></Trackpoint><Trackpoint><Time>2025-07-31T13:01:21.224Z</Time><Position><LatitudeDegrees>43.350385</LatitudeDegrees><LongitudeDegrees>-2.843975</LongitudeDegrees></Position><AltitudeMeters>32.157</AltitudeMeters><DistanceMeters>6150.10009765625</DistanceMeters><HeartRateBpm><Value>173</Value></HeartRateBpm><Cadence>96</Cadence><SensorState>Present</SensorState></Trackpoint><Trackpoint><Time>2025-07-31T13:01:22.224Z</Time><Position><LatitudeDegrees>43.35034833</LatitudeDegrees><LongitudeDegrees>-2.84394333</LongitudeDegrees></Position><AltitudeMeters>32.157</AltitudeMeters><DistanceMeters>6155.2998046875</DistanceMeters><HeartRateBpm><Value>173</Value></HeartRateBpm><Cadence>96</Cadence><SensorState>Present</SensorState></Trackpoint><Trackpoint><Time>2025-07-31T13:01:23.224Z</Time><Position><LatitudeDegrees>43.350315</LatitudeDegrees><LongitudeDegrees>-2.843915</LongitudeDegrees></Position><AltitudeMeters>32.157</AltitudeMeters><DistanceMeters>6160.10009765625</DistanceMeters><HeartRateBpm><Value>173</Value></HeartRateBpm><Cadence>96</Cadence><SensorState>Present</SensorState></Trackpoint><Trackpoint><Time>2025-07-31T13:01:24.224Z</Time><Position><LatitudeDegrees>43.350275</LatitudeDegrees><LongitudeDegrees>-2.84388167</LongitudeDegrees></Position><AltitudeMeters>32.004</AltitudeMeters><DistanceMeters>6164.60009765625</DistanceMeters><HeartRateBpm><Value>173</Value></HeartRateBpm><Cadence>96</Cadence><SensorState>Present</SensorState></Trackpoint><Trackpoint><Time>2025-07-31T13:01:25.224Z</Time><Position><LatitudeDegrees>43.350235</LatitudeDegrees><LongitudeDegrees>-2.84384667</LongitudeDegrees></Position><AltitudeMeters>32.004</AltitudeMeters><DistanceMeters>6169.5</DistanceMeters><HeartRateBpm><Value>174</Value></HeartRateBpm><Cadence>96</Cadence><SensorState>Present</SensorState></Trackpoint><Trackpoint><Time>2025-07-31T13:01:26.224Z</Time><Position><LatitudeDegrees>43.35019333</LatitudeDegrees><LongitudeDegrees>-2.84381833</LongitudeDegrees></Position><AltitudeMeters>32.004</AltitudeMeters><DistanceMeters>6175.0</DistanceMeters><HeartRateBpm><Value>174</Value></HeartRateBpm><Cadence>96</Cadence><SensorState>Present</SensorState></Trackpoint><Trackpoint><Time>2025-07-31T13:01:27.224Z</Time><Position><LatitudeDegrees>43.350155</LatitudeDegrees><LongitudeDegrees>-2.84378833</LongitudeDegrees></Position><AltitudeMeters>32.004</AltitudeMeters><DistanceMeters>6180.2998046875</DistanceMeters><HeartRateBpm><Value>174</Value></HeartRateBpm><Cadence>96</Cadence><SensorState>Present</SensorState></Trackpoint><Trackpoint><Time>2025-07-31T13:01:28.224Z</Time><Position><LatitudeDegrees>43.35011667</LatitudeDegrees><LongitudeDegrees>-2.84376333</LongitudeDegrees></Position><AltitudeMeters>31.852</AltitudeMeters><DistanceMeters>6185.7001953125</DistanceMeters><HeartRateBpm><Value>174</Value></HeartRateBpm><Cadence>96</Cadence><SensorState>Present</SensorState></Trackpoint><Trackpoint><Time>2025-07-31T13:01:29.224Z</Time><Position><LatitudeDegrees>43.35007833</LatitudeDegrees><LongitudeDegrees>-2.84375167</LongitudeDegrees></Position><AltitudeMeters>31.852</AltitudeMeters><DistanceMeters>6190.60009765625</DistanceMeters><HeartRateBpm><Value>174</Value></HeartRateBpm><Cadence>96</Cadence><SensorState>Present</SensorState></Trackpoint><Trackpoint><Time>2025-07-31T13:01:30.224Z</Time><Position><LatitudeDegrees>43.35003833</LatitudeDegrees><LongitudeDegrees>-2.84373833</LongitudeDegrees></Position><AltitudeMeters>31.852</AltitudeMeters><DistanceMeters>6195.2001953125</DistanceMeters><HeartRateBpm><Value>174</Value></HeartRateBpm><Cadence>96</Cadence><SensorState>Present</SensorState></Trackpoint><Trackpoint><Time>2025-07-31T13:01:31.224Z</Time><Position><LatitudeDegrees>43.35</LatitudeDegrees><LongitudeDegrees>-2.84373833</LongitudeDegrees></Position><AltitudeMeters>31.852</AltitudeMeters><DistanceMeters>6199.60009765625</DistanceMeters><HeartRateBpm><Value>174</Value></HeartRateBpm><Cadence>94</Cadence><SensorState>Present</SensorState></Trackpoint><Trackpoint><Time>2025-07-31T13:01:32.224Z</Time><Position><LatitudeDegrees>43.34996</LatitudeDegrees><LongitudeDegrees>-2.84374167</LongitudeDegrees></Position><AltitudeMeters>31.852</AltitudeMeters><DistanceMeters>6204.0</DistanceMeters><HeartRateBpm><Value>174</Value></HeartRateBpm><Cadence>96</Cadence><SensorState>Present</SensorState></Trackpoint><Trackpoint><Time>2025-07-31T13:01:33.224Z</Time><Position><LatitudeDegrees>43.349925</LatitudeDegrees><LongitudeDegrees>-2.84374833</LongitudeDegrees></Position><AltitudeMeters>31.852</AltitudeMeters><DistanceMeters>6208.5</DistanceMeters><HeartRateBpm><Value>174</Value></HeartRateBpm><Cadence>96</Cadence><SensorState>Present</SensorState></Trackpoint><Trackpoint><Time>2025-07-31T13:01:34.224Z</Time><Position><LatitudeDegrees>43.34988833</LatitudeDegrees><LongitudeDegrees>-2.84376</LongitudeDegrees></Position><AltitudeMeters>31.852</AltitudeMeters><DistanceMeters>6212.10009765625</DistanceMeters><HeartRateBpm><Value>174</Value></HeartRateBpm><Cadence>95</Cadence><SensorState>Present</SensorState></Trackpoint><Trackpoint><Time>2025-07-31T13:01:35.224Z</Time><Position><LatitudeDegrees>43.34985167</LatitudeDegrees><LongitudeDegrees>-2.84377167</LongitudeDegrees></Position><AltitudeMeters>31.852</AltitudeMeters><DistanceMeters>6216.0</DistanceMeters><HeartRateBpm><Value>175</Value></HeartRateBpm><Cadence>94</Cadence><SensorState>Present</SensorState></Trackpoint><Trackpoint><Time>2025-07-31T13:01:36.224Z</Time><Position><LatitudeDegrees>43.34981667</LatitudeDegrees><LongitudeDegrees>-2.84378167</LongitudeDegrees></Position><AltitudeMeters>31.852</AltitudeMeters><DistanceMeters>6219.60009765625</DistanceMeters><HeartRateBpm><Value>175</Value></HeartRateBpm><Cadence>92</Cadence><SensorState>Present</SensorState></Trackpoint><Trackpoint><Time>2025-07-31T13:01:37.224Z</Time><Position><LatitudeDegrees>43.34978167</LatitudeDegrees><LongitudeDegrees>-2.84379167</LongitudeDegrees></Position><AltitudeMeters>31.852</AltitudeMeters><DistanceMeters>6223.2001953125</DistanceMeters><HeartRateBpm><Value>175</Value></HeartRateBpm><Cadence>92</Cadence><SensorState>Present</SensorState></Trackpoint><Trackpoint><Time>2025-07-31T13:01:38.224Z</Time><Position><LatitudeDegrees>43.34975333</LatitudeDegrees><LongitudeDegrees>-2.843805</LongitudeDegrees></Position><AltitudeMeters>31.852</AltitudeMeters><DistanceMeters>6227.10009765625</DistanceMeters><HeartRateBpm><Value>175</Value></HeartRateBpm><Cadence>84</Cadence><SensorState>Present</SensorState></Trackpoint><Trackpoint><Time>2025-07-31T13:01:39.224Z</Time><Position><LatitudeDegrees>43.34973167</LatitudeDegrees><LongitudeDegrees>-2.84382333</LongitudeDegrees></Position><AltitudeMeters>31.852</AltitudeMeters><DistanceMeters>6230.5</DistanceMeters><HeartRateBpm><Value>175</Value></HeartRateBpm><Cadence>81</Cadence><SensorState>Present</SensorState></Trackpoint><Trackpoint><Time>2025-07-31T13:01:40.224Z</Time><Position><LatitudeDegrees>43.349715</LatitudeDegrees><LongitudeDegrees>-2.84384667</LongitudeDegrees></Position><AltitudeMeters>31.852</AltitudeMeters><DistanceMeters>6233.2001953125</DistanceMeters><HeartRateBpm><Value>175</Value></HeartRateBpm><Cadence>81</Cadence><SensorState>Present</SensorState></Trackpoint><Trackpoint><Time>2025-07-31T13:01:41.224Z</Time><Position><LatitudeDegrees>43.34970167</LatitudeDegrees><LongitudeDegrees>-2.84387167</LongitudeDegrees></Position><SensorState>Absent</SensorState></Trackpoint></Track><Extensions><LX xmlns="http://www.garmin.com/xmlschemas/ActivityExtension/v2"><AvgSpeed>4.273977678571428</AvgSpeed></LX></Extensions></Lap><Training xmlns="http://www.garmin.com/xmlschemas/TrainingCenterDatabase/v2" VirtualPartner="false"><Plan Type="Workout" IntervalWorkout="false"><Extensions></Extensions></Plan></Training><Creator xmlns:xsi="http://www.w3.org/2001/XMLSchema-instance" xsi:type="Device_t"><Name>Polar Pacer</Name><UnitId>0</UnitId><ProductID>256</ProductID><Version><VersionMajor>2</VersionMajor><VersionMinor>2</VersionMinor><BuildMajor>0</BuildMajor><BuildMinor>0</BuildMinor></Version></Creator></Activity></Activities><Author xmlns:xsi="http://www.w3.org/2001/XMLSchema-instance" xsi:type="Application_t"><Name>Polar Flow Mobile Viewer Android</Name><Build><Version><VersionMajor>0</VersionMajor><VersionMinor>0</VersionMinor></Version></Build><LangID>EN</LangID><PartNumber>XXX-XXXXX-XX</PartNumber></Author></TrainingCenterDatabase>