<?xml version="1.0" encoding="UTF-8"?><TrainingCenterDatabase xmlns="http://www.garmin.com/xmlschemas/TrainingCenterDatabase/v2"><Activities><Activity Sport="Other"><Id>2025-07-19T10:59:43.987Z</Id><Lap StartTime="2025-07-19T10:59:43.987Z"><TotalTimeSeconds>2515.0</TotalTimeSeconds><DistanceMeters>2000.0</DistanceMeters><MaximumSpeed>1.0964912838406033</MaximumSpeed><Calories>357</Calories><AverageHeartRateBpm><Value>130</Value></AverageHeartRateBpm><MaximumHeartRateBpm><Value>146</Value></MaximumHeartRateBpm><Intensity>Active</Intensity><Cadence>54</Cadence><TriggerMethod>Manual</TriggerMethod><Track><Trackpoint><Time>2025-07-19T10:59:44.987Z</Time><HeartRateBpm><Value>67</Value></HeartRateBpm><SensorState>Present</SensorState></Trackpoint><Trackpoint><Time>2025-07-19T10:59:45.987Z</Time><HeartRateBpm><Value>68</Value></HeartRateBpm><SensorState>Present</SensorState></Trackpoint><Trackpoint><Time>2025-07-19T10:59:46.987Z</Time><HeartRateBpm><Value>69</Value></HeartRateBpm><SensorState>Present</SensorState></Trackpoint><Trackpoint><Time>2025-07-19T10:59:47.987Z</Time><HeartRateBpm><Value>70</Value></HeartRateBpm><SensorState>Present</SensorState></Trackpoint><Trackpoint><Time>2025-07-19T10:59:48.987Z</Time><HeartRateBpm><Value>71</Value></HeartRateBpm><SensorState>Present</SensorState></Trackpoint><Trackpoint><Time>2025-07-19T10:59:49.987Z</Time><HeartRateBpm><Value>72</Value></HeartRateBpm><SensorState>Present</SensorState></Trackpoint><Trackpoint><Time>2025-07-19T10:59:50.987Z</Time><HeartRateBpm><Value>72</Value></HeartRateBpm><SensorState>Present</SensorState></Trackpoint><Trackpoint><Time>2025-07-19T10:59:51.987Z</Time><HeartRateBpm><Value>73</Value></HeartRateBpm><SensorState>Present</SensorState></Trackpoint><Trackpoint><Time>2025-07-19T10:59:52.987Z</Time><HeartRateBpm><Value>74</Value></HeartRateBpm><SensorState>Present</SensorState></Trackpoint><Trackpoint><Time>2025-07-19T10:59:53.987Z</Time><HeartRateBpm><Value>74</Value></HeartRateBpm><SensorState>Present</SensorState></Trackpoint><Trackpoint><Time>2025-07-19T10:59:54.987Z</Time><HeartRateBpm><Value>75</Value></HeartRateBpm><SensorState>Present</SensorState></Trackpoint><Trackpoint><Time>2025-07-19T10:59:55.987Z</Time><HeartRateBpm><Value>76</Value></HeartRateBpm><SensorState>Present</SensorState></Trackpoint><Trackpoint><Time>2025-07-19T10:59:56.987Z</Time><HeartRateBpm><Value>77</Value></HeartRateBpm><SensorState>Present</SensorState></Trackpoint><Trackpoint><Time>2025-07-19T10:59:57.987Z</Time><HeartRateBpm><Value>78</Value></HeartRateBpm><SensorState>Present</SensorState></Trackpoint><Trackpoint><Time>2025-07-19T10:59:58.987Z</Time><HeartRateBpm><Value>78</Value></HeartRateBpm><SensorState>Present</SensorState></Trackpoint><Trackpoint><Time>2025-07-19T10:59:59.987Z</Time><HeartRateBpm><Value>79</Value></HeartRateBpm><SensorState>Present</SensorState></Trackpoint><Trackpoint><Time>2025-07-19T11:00:00.987Z</Time><HeartRateBpm><Value>79</Value></HeartRateBpm><SensorState>Present</SensorState></Trackpoint><Trackpoint><Time>2025-07-19T11:00:01.987Z</Time><HeartRateBpm><Value>80</Value></HeartRateBpm><SensorState>Present</SensorState></Trackpoint><Trackpoint><Time>2025-07-19T11:00:02.987Z</Time><HeartRateBpm><Value>81</Value></HeartRateBpm><SensorState>Present</SensorState></Trackpoint><Trackpoint><Time>2025-07-19T11:00:03.987Z</Time><HeartRateBpm><Value>82</Value></HeartRateBpm><SensorState>Present</SensorState></Trackpoint><Trackpoint><Time>2025-07-19T11:00:04.987Z</Time><DistanceMeters>1.0964912838406033</DistanceMeters><HeartRateBpm><Value>82</Value></HeartRateBpm><SensorState>Present</SensorState></Trackpoint><Trackpoint><Time>2025-07-19T11:00:05.987Z</Time><DistanceMeters>2.1929825676812067</DistanceMeters><HeartRateBpm><Value>83</Value></HeartRateBpm><SensorState>Present</SensorState></Trackpoint><Trackpoint><Time>2025-07-19T11:00:06.987Z</Time><DistanceMeters>3.28947385152181</DistanceMeters><HeartRateBpm><Value>84</Value></HeartRateBpm><SensorState>Present</SensorState></Trackpoint><Trackpoint><Time>2025-07-19T11:00:07.987Z</Time><DistanceMeters>4.385965135362413</DistanceMeters><HeartRateBpm><Value>85</Value></HeartRateBpm><SensorState>Present</SensorState></Trackpoint><Trackpoint><Time>2025-07-19T11:00:08.987Z</Time><DistanceMeters>5.482456419203016</DistanceMeters><HeartRateBpm><Value>86</Value></HeartRateBpm><SensorState>Present</SensorState></Trackpoint><Trackpoint><Time>2025-07-19T11:00:09.987Z</Time><DistanceMeters>6.578947703043619</DistanceMeters><HeartRateBpm><Value>87</Value></HeartRateBpm><SensorState>Present</SensorState></Trackpoint><Trackpoint><Time>2025-07-19T11:00:10.987Z</Time><DistanceMeters>7.675438986884222</DistanceMeters><HeartRateBpm><Value>87</Value></HeartRateBpm><SensorState>Present</SensorState></Trackpoint><Trackpoint><Time>2025-07-19T11:00:11.987Z</Time><DistanceMeters>8.771930270724825</DistanceMeters><HeartRateBpm><Value>88</Value></HeartRateBpm><SensorState>Present</SensorState></Trackpoint><Trackpoint><Time>2025-07-19T11:00:12.987Z</Time><DistanceMeters>9.868421554565428</DistanceMeters><HeartRateBpm><Value>88</Value></HeartRateBpm><SensorState>Present</SensorState></Trackpoint><Trackpoint><Time>2025-07-19T11:00:13.987Z</Time><DistanceMeters>10.96491283840603</DistanceMeters><HeartRateBpm><Value>89</Value></HeartRateBpm><SensorState>Present</SensorState></Trackpoint><Trackpoint><Time>2025-07-19T11:00:14.987Z</Time><DistanceMeters>25.0</DistanceMeters><HeartRateBpm><Value>89</Value></HeartRateBpm><SensorState>Present</SensorState></Trackpoint><Trackpoint><Time>2025-07-19T11:00:15.987Z</Time><DistanceMeters>25.0</DistanceMeters><HeartRateBpm><Value>89</Value></HeartRateBpm><SensorState>Present</SensorState></Trackpoint><Trackpoint><Time>2025-07-19T11:00:16.987Z</Time><DistanceMeters>25.0</DistanceMeters><HeartRateBpm><Value>90</Value></HeartRateBpm><SensorState>Present</SensorState></Trackpoint><Trackpoint><Time>2025-07-19T11:00:17.987Z</Time><DistanceMeters>25.0</DistanceMeters><HeartRateBpm><Value>90</Value></HeartRateBpm><SensorState>Present</SensorState></Trackpoint><Trackpoint><Time>2025-07-19T11:00:18.987Z</Time><DistanceMeters>25.0</DistanceMeters><HeartRateBpm><Value>90</Value></HeartRateBpm><SensorState>Present</SensorState></Trackpoint><Trackpoint><Time>2025-07-19T11:00:19.987Z</Time><DistanceMeters>25.0</DistanceMeters><HeartRateBpm><Value>90</Value></HeartRateBpm><SensorState>Present</SensorState></Trackpoint><Trackpoint><Time>2025-07-19T11:00:20.987Z</Time><DistanceMeters>25.0</DistanceMeters><HeartRateBpm><Value>90</Value></HeartRateBpm><SensorState>Present</SensorState></Trackpoint><Trackpoint><Time>2025-07-19T11:00:21.987Z</Time><DistanceMeters>25.0</DistanceMeters><HeartRateBpm><Value>90</Value></HeartRateBpm><SensorState>Present</SensorState></Trackpoint><Trackpoint><Time>2025-07-19T11:00:22.987Z</Time><DistanceMeters>25.0</DistanceMeters><HeartRateBpm><Value>91</Value></HeartRateBpm><SensorState>Present</SensorState></Trackpoint><Trackpoint><Time>2025-07-19T11:00:23.987Z</Time><DistanceMeters>25.0</DistanceMeters><HeartRateBpm><Value>91</Value></HeartRateBpm><SensorState>Present</SensorState></Trackpoint><Trackpoint><Time>2025-07-19T11:00:24.987Z</Time><DistanceMeters>25.0</DistanceMeters><HeartRateBpm><Value>92</Value></HeartRateBpm><SensorState>Present</SensorState></Trackpoint><Trackpoint><Time>2025-07-19T11:00:25.987Z</Time><DistanceMeters>25.0</DistanceMeters><HeartRateBpm><Value>93</Value></HeartRateBpm><SensorState>Present</SensorState></Trackpoint><Trackpoint><Time>2025-07-19T11:00:26.987Z</Time><DistanceMeters>25.0</DistanceMeters><HeartRateBpm><Value>93</Value></HeartRateBpm><SensorState>Present</SensorState></Trackpoint><Trackpoint><Time>2025-07-19T11:00:27.987Z</Time><DistanceMeters>25.0</DistanceMeters><HeartRateBpm><Value>94</Value></HeartRateBpm><SensorState>Present</SensorState></Trackpoint><Trackpoint><Time>2025-07-19T11:00:28.987Z</Time><DistanceMeters>25.0</DistanceMeters><HeartRateBpm><Value>94</Value></HeartRateBpm><SensorState>Present</SensorState></Trackpoint><Trackpoint><Time>2025-07-19T11:00:29.987Z</Time><DistanceMeters>26.096491283840603</DistanceMeters><HeartRateBpm><Value>93</Value></HeartRateBpm><SensorState>Present</SensorState></Trackpoint><Trackpoint><Time>2025-07-19T11:00:30.987Z</Time><DistanceMeters>27.192982567681206</DistanceMeters><HeartRateBpm><Value>92</Value></HeartRateBpm><SensorState>Present</SensorState></Trackpoint><Trackpoint><Time>2025-07-19T11:00:31.987Z</Time><DistanceMeters>28.28947385152181</DistanceMeters><HeartRateBpm><Value>93</Value></HeartRateBpm><SensorState>Present</SensorState></Trackpoint><Trackpoint><Time>2025-07-19T11:00:32.987Z</Time><DistanceMeters>29.38596513536241</DistanceMeters><HeartRateBpm><Value>95</Value></HeartRateBpm><SensorState>Present</SensorState></Trackpoint><Trackpoint><Time>2025-07-19T11:00:33.987Z</Time><DistanceMeters>30.482456419203015</DistanceMeters><HeartRateBpm><Value>96</Value></HeartRateBpm><SensorState>Present</SensorState></Trackpoint><Trackpoint><Time>2025-07-19T11:00:34.987Z</Time><DistanceMeters>31.578947703043617</DistanceMeters><HeartRateBpm><Value>96</Value></HeartRateBpm><SensorState>Present</SensorState></Trackpoint><Trackpoint><Time>2025-07-19T11:00:35.987Z</Time><DistanceMeters>32.675438986884224</DistanceMeters><HeartRateBpm><Value>96</Value></HeartRateBpm><SensorState>Present</SensorState></Trackpoint><Trackpoint><Time>2025-07-19T11:00:36.987Z</Time><DistanceMeters>33.77193027072483</DistanceMeters><HeartRateBpm><Value>96</Value></HeartRateBpm><SensorState>Present</SensorState></Trackpoint><Trackpoint><Time>2025-07-19T11:00:37.987Z</Time><DistanceMeters>34.86842155456544</DistanceMeters><HeartRateBpm><Value>97</Value></HeartRateBpm><SensorState>Present</SensorState></Trackpoint><Trackpoint><Time>2025-07-19T11:00:38.987Z</Time><DistanceMeters>35.96491283840604</DistanceMeters><HeartRateBpm><Value>97</Value></HeartRateBpm><SensorState>Present</SensorState></Trackpoint><Trackpoint><Time>2025-07-19T11:00:39.987Z</Time><DistanceMeters>50.0</DistanceMeters><HeartRateBpm><Value>98</Value></HeartRateBpm><SensorState>Present</SensorState></Trackpoint><Trackpoint><Time>2025-07-19T11:00:40.987Z</Time><DistanceMeters>50.0</DistanceMeters><HeartRateBpm><Value>98</Value></HeartRateBpm><SensorState>Present</SensorState></Trackpoint><Trackpoint><Time>2025-07-19T11:00:41.987Z</Time><DistanceMeters>50.0</DistanceMeters><HeartRateBpm><Value>98</Value></HeartRateBpm><SensorState>Present</SensorState></Trackpoint><Trackpoint><Time>2025-07-19T11:00:42.987Z</Time><DistanceMeters>50.0</DistanceMeters><HeartRateBpm><Value>98</Value></HeartRateBpm><SensorState>Present</SensorState></Trackpoint><Trackpoint><Time>2025-07-19T11:00:43.987Z</Time><DistanceMeters>50.0</DistanceMeters><HeartRateBpm><Value>99</Value></HeartRateBpm><SensorState>Present</SensorState></Trackpoint><Trackpoint><Time>2025-07-19T11:00:44.987Z</Time><DistanceMeters>50.0</DistanceMeters><HeartRateBpm><Value>99</Value></HeartRateBpm><SensorState>Present</SensorState></Trackpoint><Trackpoint><Time>2025-07-19T11:00:45.987Z</Time><DistanceMeters>50.0</DistanceMeters><HeartRateBpm><Value>100</Value></HeartRateBpm><SensorState>Present</SensorState></Trackpoint><Trackpoint><Time>2025-07-19T11:00:46.987Z</Time><DistanceMeters>50.0</DistanceMeters><HeartRateBpm><Value>100</Value></HeartRateBpm><SensorState>Present</SensorState></Trackpoint><Trackpoint><Time>2025-07-19T11:00:47.987Z</Time><DistanceMeters>50.0</DistanceMeters><HeartRateBpm><Value>101</Value></HeartRateBpm><SensorState>Present</SensorState></Trackpoint><Trackpoint><Time>2025-07-19T11:00:48.987Z</Time><DistanceMeters>50.0</DistanceMeters><HeartRateBpm><Value>102</Value></HeartRateBpm><SensorState>Present</SensorState></Trackpoint><Trackpoint><Time>2025-07-19T11:00:49.987Z</Time><DistanceMeters>50.0</DistanceMeters><HeartRateBpm><Value>103</Value></HeartRateBpm><SensorState>Present</SensorState></Trackpoint><Trackpoint><Time>2025-07-19T11:00:50.987Z</Time><DistanceMeters>50.0</DistanceMeters><HeartRateBpm><Value>103</Value></HeartRateBpm><SensorState>Present</SensorState></Trackpoint><Trackpoint><Time>2025-07-19T11:00:51.987Z</Time><DistanceMeters>50.0</DistanceMeters><HeartRateBpm><Value>104</Value></HeartRateBpm><SensorState>Present</SensorState></Trackpoint><Trackpoint><Time>2025-07-19T11:00:52.987Z</Time><DistanceMeters>50.0</DistanceMeters><HeartRateBpm><Value>104</Value></HeartRateBpm><SensorState>Present</SensorState></Trackpoint><Trackpoint><Time>2025-07-19T11:00:53.987Z</Time><DistanceMeters>50.0</DistanceMeters><HeartRateBpm><Value>105</Value></HeartRateBpm><SensorState>Present</SensorState></Trackpoint><Trackpoint><Time>2025-07-19T11:00:54.987Z</Time><DistanceMeters>50.0</DistanceMeters><HeartRateBpm><Value>105</Value></HeartRateBpm><SensorState>Present</SensorState></Trackpoint><Trackpoint><Time>2025-07-19T11:00:55.987Z</Time><DistanceMeters>50.0</DistanceMeters><HeartRateBpm><Value>106</Value></HeartRateBpm><SensorState>Present</SensorState></Trackpoint><Trackpoint><Time>2025-07-19T11:00:56.987Z</Time><DistanceMeters>50.0</DistanceMeters><HeartRateBpm><Value>106</Value></HeartRateBpm><SensorState>Present</SensorState></Trackpoint><Trackpoint><Time>2025-07-19T11:00:57.987Z</Time><DistanceMeters>50.0</DistanceMeters><HeartRateBpm><Value>106</Value></HeartRateBpm><SensorState>Present</SensorState></Trackpoint><Trackpoint><Time>2025-07-19T11:00:58.987Z</Time><DistanceMeters>50.0</DistanceMeters><HeartRateBpm><Value>107</Value></HeartRateBpm><SensorState>Present</SensorState></Trackpoint><Trackpoint><Time>2025-07-19T11:00:59.987Z</Time><DistanceMeters>50.0</DistanceMeters><HeartRateBpm><Value>107</Value></HeartRateBpm><SensorState>Present</SensorState></Trackpoint><Trackpoint><Time>2025-07-19T11:01:00.987Z</Time><DistanceMeters>51.09649128384061</DistanceMeters><HeartRateBpm><Value>107</Value></HeartRateBpm><SensorState>Present</SensorState></Trackpoint><Trackpoint><Time>2025-07-19T11:01:01.987Z</Time><DistanceMeters>52.19298256768121</DistanceMeters><HeartRateBpm><Value>107</Value></HeartRateBpm><SensorState>Present</SensorState></Trackpoint><Trackpoint><Time>2025-07-19T11:01:02.987Z</Time><DistanceMeters>53.28947385152182</DistanceMeters><HeartRateBpm><Value>107</Value></HeartRateBpm><SensorState>Present</SensorState></Trackpoint><Trackpoint><Time>2025-07-19T11:01:03.987Z</Time><DistanceMeters>54.385965135362426</DistanceMeters><HeartRateBpm><Value>108</Value></HeartRateBpm><SensorState>Present</SensorState></Trackpoint><Trackpoint><Time>2025-07-19T11:01:04.987Z</Time><DistanceMeters>55.48245641920303</DistanceMeters><HeartRateBpm><Value>108</Value></HeartRateBpm><SensorState>Present</SensorState></Trackpoint><Trackpoint><Time>2025-07-19T11:01:05.987Z</Time><DistanceMeters>56.57894770304364</DistanceMeters><HeartRateBpm><Value>108</Value></HeartRateBpm><SensorState>Present</SensorState></Trackpoint><Trackpoint><Time>2025-07-19T11:01:06.987Z</Time><DistanceMeters>57.675438986884245</DistanceMeters><HeartRateBpm><Value>108</Value></HeartRateBpm><SensorState>Present</SensorState></Trackpoint><Trackpoint><Time>2025-07-19T11:01:07.987Z</Time><DistanceMeters>58.77193027072485</DistanceMeters><HeartRateBpm><Value>109</Value></HeartRateBpm><SensorState>Present</SensorState></Trackpoint><Trackpoint><Time>2025-07-19T11:01:08.987Z</Time><DistanceMeters>59.86842155456546</DistanceMeters><HeartRateBpm><Value>109</Value></HeartRateBpm><SensorState>Present</SensorState></Trackpoint><Trackpoint><Time>2025-07-19T11:01:09.987Z</Time><DistanceMeters>60.964912838406065</DistanceMeters><HeartRateBpm><Value>108</Value></HeartRateBpm><SensorState>Present</SensorState></Trackpoint><Trackpoint><Time>2025-07-19T11:01:10.987Z</Time><DistanceMeters>75.0</DistanceMeters><HeartRateBpm><Value>109</Value></HeartRateBpm><SensorState>Present</SensorState></Trackpoint><Trackpoint><Time>2025-07-19T11:01:11.987Z</Time><DistanceMeters>75.0</DistanceMeters><HeartRateBpm><Value>109</Value></HeartRateBpm><SensorState>Present</SensorState></Trackpoint><Trackpoint><Time>2025-07-19T11:01:12.987Z</Time><DistanceMeters>75.0</DistanceMeters><HeartRateBpm><Value>109</Value></HeartRateBpm><SensorState>Present</SensorState></Trackpoint><Trackpoint><Time>2025-07-19T11:01:13.987Z</Time><DistanceMeters>75.0</DistanceMeters><HeartRateBpm><Value>109</Value></HeartRateBpm><SensorState>Present</SensorState></Trackpoint><Trackpoint><Time>2025-07-19T11:01:14.987Z</Time><DistanceMeters>75.0</DistanceMeters><HeartRateBpm><Value>109</Value></HeartRateBpm><SensorState>Present</SensorState></Trackpoint><Trackpoint><Time>2025-07-19T11:01:15.987Z</Time><DistanceMeters>75.0</DistanceMeters><HeartRateBpm><Value>110</Value></HeartRateBpm><SensorState>Present</SensorState></Trackpoint><Trackpoint><Time>2025-07-19T11:01:16.987Z</Time><DistanceMeters>75.0</DistanceMeters><HeartRateBpm><Value>111</Value></HeartRateBpm><SensorState>Present</SensorState></Trackpoint><Trackpoint><Time>2025-07-19T11:01:17.987Z</Time><DistanceMeters>75.0</DistanceMeters><HeartRateBpm><Value>112</Value></HeartRateBpm><SensorState>Present</SensorState></Trackpoint><Trackpoint><Time>2025-07-19T11:01:18.987Z</Time><DistanceMeters>75.0</DistanceMeters><HeartRateBpm><Value>112</Value></HeartRateBpm><SensorState>Present</SensorState></Trackpoint><Trackpoint><Time>2025-07-19T11:01:19.987Z</Time><DistanceMeters>75.0</DistanceMeters><HeartRateBpm><Value>112</Value></HeartRateBpm><SensorState>Present</SensorState></Trackpoint><Trackpoint><Time>2025-07-19T11:01:20.987Z</Time><DistanceMeters>75.0</DistanceMeters><HeartRateBpm><Value>113</Value></HeartRateBpm><SensorState>Present</SensorState></Trackpoint><Trackpoint><Time>2025-07-19T11:01:21.987Z</Time><DistanceMeters>75.0</DistanceMeters><HeartRateBpm><Value>113</Value></HeartRateBpm><SensorState>Present</SensorState></Trackpoint><Trackpoint><Time>2025-07-19T11:01:22.987Z</Time><DistanceMeters>75.0</DistanceMeters><HeartRateBpm><Value>113</Value></HeartRateBpm><SensorState>Present</SensorState></Trackpoint><Trackpoint><Time>2025-07-19T11:01:23.987Z</Time><DistanceMeters>75.0</DistanceMeters><HeartRateBpm><Value>113</Value></HeartRateBpm><SensorState>Present</SensorState></Trackpoint><Trackpoint><Time>2025-07-19T11:01:24.987Z</Time><DistanceMeters>75.0</DistanceMeters><HeartRateBpm><Value>113</Value></HeartRateBpm><SensorState>Present</SensorState></Trackpoint><Trackpoint><Time>2025-07-19T11:01:25.987Z</Time><DistanceMeters>75.0</DistanceMeters><HeartRateBpm><Value>113</Value></HeartRateBpm><SensorState>Present</SensorState></Trackpoint><Trackpoint><Time>2025-07-19T11:01:26.987Z</Time><DistanceMeters>75.0</DistanceMeters><HeartRateBpm><Value>112</Value></HeartRateBpm><SensorState>Present</SensorState></Trackpoint><Trackpoint><Time>2025-07-19T11:01:27.987Z</Time><DistanceMeters>75.0</DistanceMeters><HeartRateBpm><Value>112</Value></HeartRateBpm><SensorState>Present</SensorState></Trackpoint><Trackpoint><Time>2025-07-19T11:01:28.987Z</Time><DistanceMeters>76.0964912838406</DistanceMeters><HeartRateBpm><Value>112</Value></HeartRateBpm><SensorState>Present</SensorState></Trackpoint><Trackpoint><Time>2025-07-19T11:01:29.987Z</Time><DistanceMeters>77.19298256768121</DistanceMeters><HeartRateBpm><Value>112</Value></HeartRateBpm><SensorState>Present</SensorState></Trackpoint><Trackpoint><Time>2025-07-19T11:01:30.987Z</Time><DistanceMeters>78.28947385152182</DistanceMeters><HeartRateBpm><Value>112</Value></HeartRateBpm><SensorState>Present</SensorState></Trackpoint><Trackpoint><Time>2025-07-19T11:01:31.987Z</Time><DistanceMeters>79.38596513536243</DistanceMeters><HeartRateBpm><Value>112</Value></HeartRateBpm><SensorState>Present</SensorState></Trackpoint><Trackpoint><Time>2025-07-19T11:01:32.987Z</Time><DistanceMeters>80.48245641920303</DistanceMeters><HeartRateBpm><Value>112</Value></HeartRateBpm><SensorState>Present</SensorState></Trackpoint><Trackpoint><Time>2025-07-19T11:01:33.987Z</Time><DistanceMeters>81.57894770304364</DistanceMeters><HeartRateBpm><Value>112</Value></HeartRateBpm><SensorState>Present</SensorState></Trackpoint><Trackpoint><Time>2025-07-19T11:01:34.987Z</Time><DistanceMeters>82.67543898688425</DistanceMeters><HeartRateBpm><Value>112</Value></HeartRateBpm><SensorState>Present</SensorState></Trackpoint><Trackpoint><Time>2025-07-19T11:01:35.987Z</Time><DistanceMeters>83.77193027072485</DistanceMeters><HeartRateBpm><Value>113</Value></HeartRateBpm><SensorState>Present</SensorState></Trackpoint><Trackpoint><Time>2025-07-19T11:01:36.987Z</Time><DistanceMeters>84.86842155456546</DistanceMeters><HeartRateBpm><Value>113</Value></HeartRateBpm><SensorState>Present</SensorState></Trackpoint><Trackpoint><Time>2025-07-19T11:01:37.987Z</Time><DistanceMeters>85.96491283840606</DistanceMeters><HeartRateBpm><Value>113</Value></HeartRateBpm><SensorState>Present</SensorState></Trackpoint><Trackpoint><Time>2025-07-19T11:01:38.987Z</Time><DistanceMeters>100.0</DistanceMeters><HeartRateBpm><Value>113</Value></HeartRateBpm><SensorState>Present</SensorState></Trackpoint><Trackpoint><Time>2025-07-19T11:01:39.987Z</Time><DistanceMeters>100.0</DistanceMeters><HeartRateBpm><Value>114</Value></HeartRateBpm><SensorState>Present</SensorState></Trackpoint><Trackpoint><Time>2025-07-19T11:01:40.987Z</Time><DistanceMeters>100.0</DistanceMeters><HeartRateBpm><Value>114</Value></HeartRateBpm><SensorState>Present</SensorState></Trackpoint><Trackpoint><Time>2025-07-19T11:01:41.987Z</Time><DistanceMeters>100.0</DistanceMeters><HeartRateBpm><Value>114</Value></HeartRateBpm><SensorState>Present</SensorState></Trackpoint><Trackpoint><Time>2025-07-19T11:01:42.987Z</Time><DistanceMeters>100.0</DistanceMeters><HeartRateBpm><Value>114</Value></HeartRateBpm><SensorState>Present</SensorState></Trackpoint><Trackpoint><Time>2025-07-19T11:01:43.987Z</Time><DistanceMeters>100.0</DistanceMeters><HeartRateBpm><Value>114</Value></HeartRateBpm><SensorState>Present</SensorState></Trackpoint><Trackpoint><Time>2025-07-19T11:01:44.987Z</Time><DistanceMeters>100.0</DistanceMeters><HeartRateBpm><Value>114</Value></HeartRateBpm><SensorState>Present</SensorState></Trackpoint><Trackpoint><Time>2025-07-19T11:01:45.987Z</Time><DistanceMeters>100.0</DistanceMeters><HeartRateBpm><Value>114</Value></HeartRateBpm><SensorState>Present</SensorState></Trackpoint><Trackpoint><Time>2025-07-19T11:01:46.987Z</Time><DistanceMeters>100.0</DistanceMeters><HeartRateBpm><Value>114</Value></HeartRateBpm><SensorState>Present</SensorState></Trackpoint><Trackpoint><Time>2025-07-19T11:01:47.987Z</Time><DistanceMeters>100.0</DistanceMeters><HeartRateBpm><Value>115</Value></HeartRateBpm><SensorState>Present</SensorState></Trackpoint><Trackpoint><Time>2025-07-19T11:01:48.987Z</Time><DistanceMeters>100.0</DistanceMeters><HeartRateBpm><Value>115</Value></HeartRateBpm><SensorState>Present</SensorState></Trackpoint><Trackpoint><Time>2025-07-19T11:01:49.987Z</Time><DistanceMeters>100.0</DistanceMeters><HeartRateBpm><Value>116</Value></HeartRateBpm><SensorState>Present</SensorState></Trackpoint><Trackpoint><Time>2025-07-19T11:01:50.987Z</Time><DistanceMeters>100.0</DistanceMeters><HeartRateBpm><Value>116</Value></HeartRateBpm><SensorState>Present</SensorState></Trackpoint><Trackpoint><Time>2025-07-19T11:01:51.987Z</Time><DistanceMeters>100.0</DistanceMeters><HeartRateBpm><Value>116</Value></HeartRateBpm><SensorState>Present</SensorState></Trackpoint><Trackpoint><Time>2025-07-19T11:01:52.987Z</Time><DistanceMeters>100.0</DistanceMeters><HeartRateBpm><Value>117</Value></HeartRateBpm><SensorState>Present</SensorState></Trackpoint><Trackpoint><Time>2025-07-19T11:01:53.987Z</Time><DistanceMeters>100.0</DistanceMeters><HeartRateBpm><Value>117</Value></HeartRateBpm><SensorState>Present</SensorState></Trackpoint><Trackpoint><Time>2025-07-19T11:01:54.987Z</Time><DistanceMeters>100.0</DistanceMeters><HeartRateBpm><Value>117</Value></HeartRateBpm><SensorState>Present</SensorState></Trackpoint><Trackpoint><Time>2025-07-19T11:01:55.987Z</Time><DistanceMeters>101.0964912838406</DistanceMeters><HeartRateBpm><Value>118</Value></HeartRateBpm><SensorState>Present</SensorState></Trackpoint><Trackpoint><Time>2025-07-19T11:01:56.987Z</Time><DistanceMeters>102.19298256768121</DistanceMeters><HeartRateBpm><Value>118</Value></HeartRateBpm><SensorState>Present</SensorState></Trackpoint><Trackpoint><Time>2025-07-19T11:01:57.987Z</Time><DistanceMeters>103.28947385152182</DistanceMeters><HeartRateBpm><Value>118</Value></HeartRateBpm><SensorState>Present</SensorState></Trackpoint><Trackpoint><Time>2025-07-19T11:01:58.987Z</Time><DistanceMeters>104.38596513536243</DistanceMeters><HeartRateBpm><Value>118</Value></HeartRateBpm><SensorState>Present</SensorState></Trackpoint><Trackpoint><Time>2025-07-19T11:01:59.987Z</Time><DistanceMeters>105.48245641920303</DistanceMeters><HeartRateBpm><Value>118</Value></HeartRateBpm><SensorState>Present</SensorState></Trackpoint><Trackpoint><Time>2025-07-19T11:02:00.987Z</Time><DistanceMeters>106.57894770304364</DistanceMeters><HeartRateBpm><Value>118</Value></HeartRateBpm><SensorState>Present</SensorState></Trackpoint><Trackpoint><Time>2025-07-19T11:02:01.987Z</Time><DistanceMeters>107.67543898688425</DistanceMeters><HeartRateBpm><Value>118</Value></HeartRateBpm><SensorState>Present</SensorState></Trackpoint><Trackpoint><Time>2025-07-19T11:02:02.987Z</Time><DistanceMeters>108.77193027072485</DistanceMeters><HeartRateBpm><Value>120</Value></HeartRateBpm><SensorState>Present</SensorState></Trackpoint><Trackpoint><Time>2025-07-19T11:02:03.987Z</Time><DistanceMeters>109.86842155456546</DistanceMeters><HeartRateBpm><Value>122</Value></HeartRateBpm><SensorState>Present</SensorState></Trackpoint><Trackpoint><Time>2025-07-19T11:02:04.987Z</Time><DistanceMeters>110.96491283840606</DistanceMeters><HeartRateBpm><Value>124</Value></HeartRateBpm><SensorState>Present</SensorState></Trackpoint><Trackpoint><Time>2025-07-19T11:02:05.987Z</Time><DistanceMeters>125.0</DistanceMeters><HeartRateBpm><Value>126</Value></HeartRateBpm><SensorState>Present</SensorState></Trackpoint><Trackpoint><Time>2025-07-19T11:02:06.987Z</Time><DistanceMeters>125.0</DistanceMeters><HeartRateBpm><Value>127</Value></HeartRateBpm><SensorState>Present</SensorState></Trackpoint><Trackpoint><Time>2025-07-19T11:02:07.987Z</Time><DistanceMeters>125.0</DistanceMeters><HeartRateBpm><Value>129</Value></HeartRateBpm><SensorState>Present</SensorState></Trackpoint><Trackpoint><Time>2025-07-19T11:02:08.987Z</Time><DistanceMeters>125.0</DistanceMeters><HeartRateBpm><Value>130</Value></HeartRateBpm><SensorState>Present</SensorState></Trackpoint><Trackpoint><Time>2025-07-19T11:02:09.987Z</Time><DistanceMeters>125.0</DistanceMeters><HeartRateBpm><Value>130</Value></HeartRateBpm><SensorState>Present</SensorState></Trackpoint><Trackpoint><Time>2025-07-19T11:02:10.987Z</Time><DistanceMeters>125.0</DistanceMeters><HeartRateBpm><Value>131</Value></HeartRateBpm><SensorState>Present</SensorState></Trackpoint><Trackpoint><Time>2025-07-19T11:02:11.987Z</Time><DistanceMeters>125.0</DistanceMeters><HeartRateBpm><Value>131</Value></HeartRateBpm><SensorState>Present</SensorState></Trackpoint><Trackpoint><Time>2025-07-19T11:02:12.987Z</Time><DistanceMeters>125.0</DistanceMeters><HeartRateBpm><Value>132</Value></HeartRateBpm><SensorState>Present</SensorState></Trackpoint><Trackpoint><Time>2025-07-19T11:02:13.987Z</Time><DistanceMeters>125.0</DistanceMeters><HeartRateBpm><Value>132</Value></HeartRateBpm><SensorState>Present</SensorState></Trackpoint><Trackpoint><Time>2025-07-19T11:02:14.987Z</Time><DistanceMeters>125.0</DistanceMeters><HeartRateBpm><Value>132</Value></HeartRateBpm><SensorState>Present</SensorState></Trackpoint><Trackpoint><Time>2025-07-19T11:02:15.987Z</Time><DistanceMeters>125.0</DistanceMeters><HeartRateBpm><Value>131</Value></HeartRateBpm><SensorState>Present</SensorState></Trackpoint><Trackpoint><Time>2025-07-19T11:02:16.987Z</Time><DistanceMeters>125.0</DistanceMeters><HeartRateBpm><Value>131</Value></HeartRateBpm><SensorState>Present</SensorState></Trackpoint><Trackpoint><Time>2025-07-19T11:02:17.987Z</Time><DistanceMeters>125.0</DistanceMeters><HeartRateBpm><Value>130</Value></HeartRateBpm><SensorState>Present</SensorState></Trackpoint><Trackpoint><Time>2025-07-19T11:02:18.987Z</Time><DistanceMeters>125.0</DistanceMeters><HeartRateBpm><Value>130</Value></HeartRateBpm><SensorState>Present</SensorState></Trackpoint><Trackpoint><Time>2025-07-19T11:02:19.987Z</Time><DistanceMeters>125.0</DistanceMeters><HeartRateBpm><Value>129</Value></HeartRateBpm><SensorState>Present</SensorState></Trackpoint><Trackpoint><Time>2025-07-19T11:02:20.987Z</Time><DistanceMeters>125.0</DistanceMeters><HeartRateBpm><Value>128</Value></HeartRateBpm><SensorState>Present</SensorState></Trackpoint><Trackpoint><Time>2025-07-19T11:02:21.987Z</Time><DistanceMeters>125.0</DistanceMeters><HeartRateBpm><Value>128</Value></HeartRateBpm><SensorState>Present</SensorState></Trackpoint><Trackpoint><Time>2025-07-19T11:02:22.987Z</Time><DistanceMeters>125.0</DistanceMeters><HeartRateBpm><Value>127</Value></HeartRateBpm><SensorState>Present</SensorState></Trackpoint><Trackpoint><Time>2025-07-19T11:02:23.987Z</Time><DistanceMeters>125.0</DistanceMeters><HeartRateBpm><Value>127</Value></HeartRateBpm><SensorState>Present</SensorState></Trackpoint><Trackpoint><Time>2025-07-19T11:02:24.987Z</Time><DistanceMeters>125.0</DistanceMeters><HeartRateBpm><Value>126</Value></HeartRateBpm><SensorState>Present</SensorState></Trackpoint><Trackpoint><Time>2025-07-19T11:02:25.987Z</Time><DistanceMeters>125.0</DistanceMeters><HeartRateBpm><Value>126</Value></HeartRateBpm><SensorState>Present</SensorState></Trackpoint><Trackpoint><Time>2025-07-19T11:02:26.987Z</Time><DistanceMeters>126.0964912838406</DistanceMeters><HeartRateBpm><Value>125</Value></HeartRateBpm><SensorState>Present</SensorState></Trackpoint><Trackpoint><Time>2025-07-19T11:02:27.987Z</Time><DistanceMeters>127.19298256768121</DistanceMeters><HeartRateBpm><Value>125</Value></HeartRateBpm><SensorState>Present</SensorState></Trackpoint><Trackpoint><Time>2025-07-19T11:02:28.987Z</Time><DistanceMeters>128.28947385152182</DistanceMeters><HeartRateBpm><Value>125</Value></HeartRateBpm><SensorState>Present</SensorState></Trackpoint><Trackpoint><Time>2025-07-19T11:02:29.987Z</Time><DistanceMeters>129.38596513536243</DistanceMeters><HeartRateBpm><Value>124</Value></HeartRateBpm><SensorState>Present</SensorState></Trackpoint><Trackpoint><Time>2025-07-19T11:02:30.987Z</Time><DistanceMeters>130.48245641920303</DistanceMeters><HeartRateBpm><Value>124</Value></HeartRateBpm><SensorState>Present</SensorState></Trackpoint><Trackpoint><Time>2025-07-19T11:02:31.987Z</Time><DistanceMeters>131.57894770304364</DistanceMeters><HeartRateBpm><Value>124</Value></HeartRateBpm><SensorState>Present</SensorState></Trackpoint><Trackpoint><Time>2025-07-19T11:02:32.987Z</Time><DistanceMeters>132.67543898688425</DistanceMeters><HeartRateBpm><Value>123</Value></HeartRateBpm><SensorState>Present</SensorState></Trackpoint><Trackpoint><Time>2025-07-19T11:02:33.987Z</Time><DistanceMeters>133.77193027072485</DistanceMeters><HeartRateBpm><Value>123</Value></HeartRateBpm><SensorState>Present</SensorState></Trackpoint><Trackpoint><Time>2025-07-19T11:02:34.987Z</Time><DistanceMeters>134.86842155456546</DistanceMeters><HeartRateBpm><Value>123</Value></HeartRateBpm><SensorState>Present</SensorState></Trackpoint><Trackpoint><Time>2025-07-19T11:02:35.987Z</Time><DistanceMeters>135.96491283840606</DistanceMeters><HeartRateBpm><Value>123</Value></HeartRateBpm><SensorState>Present</SensorState></Trackpoint><Trackpoint><Time>2025-07-19T11:02:36.987Z</Time><DistanceMeters>150.0</DistanceMeters><HeartRateBpm><Value>123</Value></HeartRateBpm><SensorState>Present</SensorState></Trackpoint><Trackpoint><Time>2025-07-19T11:02:37.987Z</Time><DistanceMeters>150.0</DistanceMeters><HeartRateBpm><Value>123</Value></HeartRateBpm><SensorState>Present</SensorState></Trackpoint><Trackpoint><Time>2025-07-19T11:02:38.987Z</Time><DistanceMeters>150.0</DistanceMeters><HeartRateBpm><Value>122</Value></HeartRateBpm><SensorState>Present</SensorState></Trackpoint><Trackpoint><Time>2025-07-19T11:02:39.987Z</Time><DistanceMeters>150.0</DistanceMeters><HeartRateBpm><Value>122</Value></HeartRateBpm><SensorState>Present</SensorState></Trackpoint><Trackpoint><Time>2025-07-19T11:02:40.987Z</Time><DistanceMeters>150.0</DistanceMeters><HeartRateBpm><Value>122</Value></HeartRateBpm><SensorState>Present</SensorState></Trackpoint><Trackpoint><Time>2025-07-19T11:02:41.987Z</Time><DistanceMeters>150.0</DistanceMeters><HeartRateBpm><Value>122</Value></HeartRateBpm><SensorState>Present</SensorState></Trackpoint><Trackpoint><Time>2025-07-19T11:02:42.987Z</Time><DistanceMeters>150.0</DistanceMeters><HeartRateBpm><Value>122</Value></HeartRateBpm><SensorState>Present</SensorState></Trackpoint><Trackpoint><Time>2025-07-19T11:02:43.987Z</Time><DistanceMeters>150.0</DistanceMeters><HeartRateBpm><Value>122</Value></HeartRateBpm><SensorState>Present</SensorState></Trackpoint><Trackpoint><Time>2025-07-19T11:02:44.987Z</Time><DistanceMeters>150.0</DistanceMeters><HeartRateBpm><Value>122</Value></HeartRateBpm><SensorState>Present</SensorState></Trackpoint><Trackpoint><Time>2025-07-19T11:02:45.987Z</Time><DistanceMeters>150.0</DistanceMeters><HeartRateBpm><Value>122</Value></HeartRateBpm><SensorState>Present</SensorState></Trackpoint><Trackpoint><Time>2025-07-19T11:02:46.987Z</Time><DistanceMeters>150.0</DistanceMeters><HeartRateBpm><Value>123</Value></HeartRateBpm><SensorState>Present</SensorState></Trackpoint><Trackpoint><Time>2025-07-19T11:02:47.987Z</Time><DistanceMeters>150.0</DistanceMeters><HeartRateBpm><Value>123</Value></HeartRateBpm><SensorState>Present</SensorState></Trackpoint><Trackpoint><Time>2025-07-19T11:02:48.987Z</Time><DistanceMeters>150.0</DistanceMeters><HeartRateBpm><Value>123</Value></HeartRateBpm><SensorState>Present</SensorState></Trackpoint><Trackpoint><Time>2025-07-19T11:02:49.987Z</Time><DistanceMeters>150.0</DistanceMeters><HeartRateBpm><Value>123</Value></HeartRateBpm><SensorState>Present</SensorState></Trackpoint><Trackpoint><Time>2025-07-19T11:02:50.987Z</Time><DistanceMeters>150.0</DistanceMeters><HeartRateBpm><Value>123</Value></HeartRateBpm><SensorState>Present</SensorState></Trackpoint><Trackpoint><Time>2025-07-19T11:02:51.987Z</Time><DistanceMeters>150.0</DistanceMeters><HeartRateBpm><Value>124</Value></HeartRateBpm><SensorState>Present</SensorState></Trackpoint><Trackpoint><Time>2025-07-19T11:02:52.987Z</Time><DistanceMeters>150.0</DistanceMeters><HeartRateBpm><Value>124</Value></HeartRateBpm><SensorState>Present</SensorState></Trackpoint><Trackpoint><Time>2025-07-19T11:02:53.987Z</Time><DistanceMeters>150.0</DistanceMeters><HeartRateBpm><Value>124</Value></HeartRateBpm><SensorState>Present</SensorState></Trackpoint><Trackpoint><Time>2025-07-19T11:02:54.987Z</Time><DistanceMeters>150.0</DistanceMeters><HeartRateBpm><Value>124</Value></HeartRateBpm><SensorState>Present</SensorState></Trackpoint><Trackpoint><Time>2025-07-19T11:02:55.987Z</Time><DistanceMeters>150.0</DistanceMeters><HeartRateBpm><Value>124</Value></HeartRateBpm><SensorState>Present</SensorState></Trackpoint><Trackpoint><Time>2025-07-19T11:02:56.987Z</Time><DistanceMeters>151.0964912838406</DistanceMeters><HeartRateBpm><Value>125</Value></HeartRateBpm><SensorState>Present</SensorState></Trackpoint><Trackpoint><Time>2025-07-19T11:02:57.987Z</Time><DistanceMeters>152.1929825676812</DistanceMeters><HeartRateBpm><Value>125</Value></HeartRateBpm><SensorState>Present</SensorState></Trackpoint><Trackpoint><Time>2025-07-19T11:02:58.987Z</Time><DistanceMeters>153.28947385152182</DistanceMeters><HeartRateBpm><Value>125</Value></HeartRateBpm><SensorState>Present</SensorState></Trackpoint><Trackpoint><Time>2025-07-19T11:02:59.987Z</Time><DistanceMeters>154.38596513536243</DistanceMeters><HeartRateBpm><Value>125</Value></HeartRateBpm><SensorState>Present</SensorState></Trackpoint><Trackpoint><Time>2025-07-19T11:03:00.987Z</Time><DistanceMeters>155.48245641920303</DistanceMeters><HeartRateBpm><Value>125</Value></HeartRateBpm><SensorState>Present</SensorState></Trackpoint><Trackpoint><Time>2025-07-19T11:03:01.987Z</Time><DistanceMeters>156.57894770304364</DistanceMeters><HeartRateBpm><Value>125</Value></HeartRateBpm><SensorState>Present</SensorState></Trackpoint><Trackpoint><Time>2025-07-19T11:03:02.987Z</Time><DistanceMeters>157.67543898688425</DistanceMeters><HeartRateBpm><Value>125</Value></HeartRateBpm><SensorState>Present</SensorState></Trackpoint><Trackpoint><Time>2025-07-19T11:03:03.987Z</Time><DistanceMeters>158.77193027072485</DistanceMeters><HeartRateBpm><Value>125</Value></HeartRateBpm><SensorState>Present</SensorState></Trackpoint><Trackpoint><Time>2025-07-19T11:03:04.987Z</Time><DistanceMeters>159.86842155456546</DistanceMeters><HeartRateBpm><Value>125</Value></HeartRateBpm><SensorState>Present</SensorState></Trackpoint><Trackpoint><Time>2025-07-19T11:03:05.987Z</Time><DistanceMeters>160.96491283840606</DistanceMeters><HeartRateBpm><Value>125</Value></HeartRateBpm><SensorState>Present</SensorState></Trackpoint><Trackpoint><Time>2025-07-19T11:03:06.987Z</Time><DistanceMeters>175.0</DistanceMeters><HeartRateBpm><Value>125</Value></HeartRateBpm><SensorState>Present</SensorState></Trackpoint><Trackpoint><Time>2025-07-19T11:03:07.987Z</Time><DistanceMeters>175.0</DistanceMeters><HeartRateBpm><Value>125</Value></HeartRateBpm><SensorState>Present</SensorState></Trackpoint><Trackpoint><Time>2025-07-19T11:03:08.987Z</Time><DistanceMeters>175.0</DistanceMeters><HeartRateBpm><Value>125</Value></HeartRateBpm><SensorState>Present</SensorState></Trackpoint><Trackpoint><Time>2025-07-19T11:03:09.987Z</Time><DistanceMeters>175.0</DistanceMeters><HeartRateBpm><Value>125</Value></HeartRateBpm><SensorState>Present</SensorState></Trackpoint><Trackpoint><Time>2025-07-19T11:03:10.987Z</Time><DistanceMeters>175.0</DistanceMeters><HeartRateBpm><Value>125</Value></HeartRateBpm><SensorState>Present</SensorState></Trackpoint><Trackpoint><Time>2025-07-19T11:03:11.987Z</Time><DistanceMeters>175.0</DistanceMeters><HeartRateBpm><Value>125</Value></HeartRateBpm><SensorState>Present</SensorState></Trackpoint><Trackpoint><Time>2025-07-19T11:03:12.987Z</Time><DistanceMeters>175.0</DistanceMeters><HeartRateBpm><Value>125</Value></HeartRateBpm><SensorState>Present</SensorState></Trackpoint><Trackpoint><Time>2025-07-19T11:03:13.987Z</Time><DistanceMeters>175.0</DistanceMeters><HeartRateBpm><Value>126</Value></HeartRateBpm><SensorState>Present</SensorState></Trackpoint><Trackpoint><Time>2025-07-19T11:03:14.987Z</Time><DistanceMeters>175.0</DistanceMeters><HeartRateBpm><Value>126</Value></HeartRateBpm><SensorState>Present</SensorState></Trackpoint><Trackpoint><Time>2025-07-19T11:03:15.987Z</Time><DistanceMeters>175.0</DistanceMeters><HeartRateBpm><Value>126</Value></HeartRateBpm><SensorState>Present</SensorState></Trackpoint><Trackpoint><Time>2025-07-19T11:03:16.987Z</Time><DistanceMeters>175.0</DistanceMeters><HeartRateBpm><Value>127</Value></HeartRateBpm><SensorState>Present</SensorState></Trackpoint><Trackpoint><Time>2025-07-19T11:03:17.987Z</Time><DistanceMeters>175.0</DistanceMeters><HeartRateBpm><Value>127</Value></HeartRateBpm><SensorState>Present</SensorState></Trackpoint><Trackpoint><Time>2025-07-19T11:03:18.987Z</Time><DistanceMeters>175.0</DistanceMeters><HeartRateBpm><Value>128</Value></HeartRateBpm><SensorState>Present</SensorState></Trackpoint><Trackpoint><Time>2025-07-19T11:03:19.987Z</Time><DistanceMeters>175.0</DistanceMeters><HeartRateBpm><Value>128</Value></HeartRateBpm><SensorState>Present</SensorState></Trackpoint><Trackpoint><Time>2025-07-19T11:03:20.987Z</Time><DistanceMeters>175.0</DistanceMeters><HeartRateBpm><Value>128</Value></HeartRateBpm><SensorState>Present</SensorState></Trackpoint><Trackpoint><Time>2025-07-19T11:03:21.987Z</Time><DistanceMeters>175.0</DistanceMeters><HeartRateBpm><Value>128</Value></HeartRateBpm><SensorState>Present</SensorState></Trackpoint><Trackpoint><Time>2025-07-19T11:03:22.987Z</Time><DistanceMeters>175.0</DistanceMeters><HeartRateBpm><Value>127</Value></HeartRateBpm><SensorState>Present</SensorState></Trackpoint><Trackpoint><Time>2025-07-19T11:03:23.987Z</Time><DistanceMeters>175.0</DistanceMeters><HeartRateBpm><Value>127</Value></HeartRateBpm><SensorState>Present</SensorState></Trackpoint><Trackpoint><Time>2025-07-19T11:03:24.987Z</Time><DistanceMeters>175.0</DistanceMeters><HeartRateBpm><Value>127</Value></HeartRateBpm><SensorState>Present</SensorState></Trackpoint><Trackpoint><Time>2025-07-19T11:03:25.987Z</Time><DistanceMeters>176.0964912838406</DistanceMeters><HeartRateBpm><Value>127</Value></HeartRateBpm><SensorState>Present</SensorState></Trackpoint><Trackpoint><Time>2025-07-19T11:03:26.987Z</Time><DistanceMeters>177.1929825676812</DistanceMeters><HeartRateBpm><Value>127</Value></HeartRateBpm><SensorState>Present</SensorState></Trackpoint><Trackpoint><Time>2025-07-19T11:03:27.987Z</Time><DistanceMeters>178.28947385152182</DistanceMeters><HeartRateBpm><Value>126</Value></HeartRateBpm><SensorState>Present</SensorState></Trackpoint><Trackpoint><Time>2025-07-19T11:03:28.987Z</Time><DistanceMeters>179.38596513536243</DistanceMeters><HeartRateBpm><Value>126</Value></HeartRateBpm><SensorState>Present</SensorState></Trackpoint><Trackpoint><Time>2025-07-19T11:03:29.987Z</Time><DistanceMeters>180.48245641920303</DistanceMeters><HeartRateBpm><Value>126</Value></HeartRateBpm><SensorState>Present</SensorState></Trackpoint><Trackpoint><Time>2025-07-19T11:03:30.987Z</Time><DistanceMeters>181.57894770304364</DistanceMeters><HeartRateBpm><Value>126</Value></HeartRateBpm><SensorState>Present</SensorState></Trackpoint><Trackpoint><Time>2025-07-19T11:03:31.987Z</Time><DistanceMeters>182.67543898688425</DistanceMeters><HeartRateBpm><Value>126</Value></HeartRateBpm><SensorState>Present</SensorState></Trackpoint><Trackpoint><Time>2025-07-19T11:03:32.987Z</Time><DistanceMeters>183.77193027072485</DistanceMeters><HeartRateBpm><Value>126</Value></HeartRateBpm><SensorState>Present</SensorState></Trackpoint><Trackpoint><Time>2025-07-19T11:03:33.987Z</Time><DistanceMeters>184.86842155456546</DistanceMeters><HeartRateBpm><Value>126</Value></HeartRateBpm><SensorState>Present</SensorState></Trackpoint><Trackpoint><Time>2025-07-19T11:03:34.987Z</Time><DistanceMeters>185.96491283840606</DistanceMeters><HeartRateBpm><Value>126</Value></HeartRateBpm><SensorState>Present</SensorState></Trackpoint><Trackpoint><Time>2025-07-19T11:03:35.987Z</Time><DistanceMeters>200.0</DistanceMeters><HeartRateBpm><Value>126</Value></HeartRateBpm><SensorState>Present</SensorState></Trackpoint><Trackpoint><Time>2025-07-19T11:03:36.987Z</Time><DistanceMeters>200.0</DistanceMeters><HeartRateBpm><Value>125</Value></HeartRateBpm><SensorState>Present</SensorState></Trackpoint><Trackpoint><Time>2025-07-19T11:03:37.987Z</Time><DistanceMeters>200.0</DistanceMeters><HeartRateBpm><Value>125</Value></HeartRateBpm><SensorState>Present</SensorState></Trackpoint><Trackpoint><Time>2025-07-19T11:03:38.987Z</Time><DistanceMeters>200.0</DistanceMeters><HeartRateBpm><Value>125</Value></HeartRateBpm><SensorState>Present</SensorState></Trackpoint><Trackpoint><Time>2025-07-19T11:03:39.987Z</Time><DistanceMeters>200.0</DistanceMeters><HeartRateBpm><Value>125</Value></HeartRateBpm><SensorState>Present</SensorState></Trackpoint><Trackpoint><Time>2025-07-19T11:03:40.987Z</Time><DistanceMeters>200.0</DistanceMeters><HeartRateBpm><Value>125</Value></HeartRateBpm><SensorState>Present</SensorState></Trackpoint><Trackpoint><Time>2025-07-19T11:03:41.987Z</Time><DistanceMeters>200.0</DistanceMeters><HeartRateBpm><Value>124</Value></HeartRateBpm><SensorState>Present</SensorState></Trackpoint><Trackpoint><Time>2025-07-19T11:03:42.987Z</Time><DistanceMeters>200.0</DistanceMeters><HeartRateBpm><Value>124</Value></HeartRateBpm><SensorState>Present</SensorState></Trackpoint><Trackpoint><Time>2025-07-19T11:03:43.987Z</Time><DistanceMeters>200.0</DistanceMeters><HeartRateBpm><Value>124</Value></HeartRateBpm><SensorState>Present</SensorState></Trackpoint><Trackpoint><Time>2025-07-19T11:03:44.987Z</Time><DistanceMeters>200.0</DistanceMeters><HeartRateBpm><Value>125</Value></HeartRateBpm><SensorState>Present</SensorState></Trackpoint><Trackpoint><Time>2025-07-19T11:03:45.987Z</Time><DistanceMeters>200.0</DistanceMeters><HeartRateBpm><Value>125</Value></HeartRateBpm><SensorState>Present</SensorState></Trackpoint><Trackpoint><Time>2025-07-19T11:03:46.987Z</Time><DistanceMeters>200.0</DistanceMeters><HeartRateBpm><Value>125</Value></HeartRateBpm><SensorState>Present</SensorState></Trackpoint><Trackpoint><Time>2025-07-19T11:03:47.987Z</Time><DistanceMeters>200.0</DistanceMeters><HeartRateBpm><Value>125</Value></HeartRateBpm><SensorState>Present</SensorState></Trackpoint><Trackpoint><Time>2025-07-19T11:03:48.987Z</Time><DistanceMeters>200.0</DistanceMeters><HeartRateBpm><Value>125</Value></HeartRateBpm><SensorState>Present</SensorState></Trackpoint><Trackpoint><Time>2025-07-19T11:03:49.987Z</Time><DistanceMeters>200.0</DistanceMeters><HeartRateBpm><Value>125</Value></HeartRateBpm><SensorState>Present</SensorState></Trackpoint><Trackpoint><Time>2025-07-19T11:03:50.987Z</Time><DistanceMeters>200.0</DistanceMeters><HeartRateBpm><Value>125</Value></HeartRateBpm><SensorState>Present</SensorState></Trackpoint><Trackpoint><Time>2025-07-19T11:03:51.987Z</Time><DistanceMeters>200.0</DistanceMeters><HeartRateBpm><Value>126</Value></HeartRateBpm><SensorState>Present</SensorState></Trackpoint><Trackpoint><Time>2025-07-19T11:03:52.987Z</Time><DistanceMeters>200.0</DistanceMeters><HeartRateBpm><Value>125</Value></HeartRateBpm><SensorState>Present</SensorState></Trackpoint><Trackpoint><Time>2025-07-19T11:03:53.987Z</Time><DistanceMeters>200.0</DistanceMeters><HeartRateBpm><Value>125</Value></HeartRateBpm><SensorState>Present</SensorState></Trackpoint><Trackpoint><Time>2025-07-19T11:03:54.987Z</Time><DistanceMeters>200.0</DistanceMeters><HeartRateBpm><Value>125</Value></HeartRateBpm><SensorState>Present</SensorState></Trackpoint><Trackpoint><Time>2025-07-19T11:03:55.987Z</Time><DistanceMeters>200.0</DistanceMeters><HeartRateBpm><Value>125</Value></HeartRateBpm><SensorState>Present</SensorState></Trackpoint><Trackpoint><Time>2025-07-19T11:03:56.987Z</Time><DistanceMeters>200.0</DistanceMeters><HeartRateBpm><Value>125</Value></HeartRateBpm><SensorState>Present</SensorState></Trackpoint><Trackpoint><Time>2025-07-19T11:03:57.987Z</Time><DistanceMeters>201.0964912838406</DistanceMeters><HeartRateBpm><Value>124</Value></HeartRateBpm><SensorState>Present</SensorState></Trackpoint><Trackpoint><Time>2025-07-19T11:03:58.987Z</Time><DistanceMeters>202.1929825676812</DistanceMeters><HeartRateBpm><Value>124</Value></HeartRateBpm><SensorState>Present</SensorState></Trackpoint><Trackpoint><Time>2025-07-19T11:03:59.987Z</Time><DistanceMeters>203.28947385152182</DistanceMeters><HeartRateBpm><Value>124</Value></HeartRateBpm><SensorState>Present</SensorState></Trackpoint><Trackpoint><Time>2025-07-19T11:04:00.987Z</Time><DistanceMeters>204.38596513536243</DistanceMeters><HeartRateBpm><Value>123</Value></HeartRateBpm><SensorState>Present</SensorState></Trackpoint><Trackpoint><Time>2025-07-19T11:04:01.987Z</Time><DistanceMeters>205.48245641920303</DistanceMeters><HeartRateBpm><Value>123</Value></HeartRateBpm><SensorState>Present</SensorState></Trackpoint><Trackpoint><Time>2025-07-19T11:04:02.987Z</Time><DistanceMeters>206.57894770304364</DistanceMeters><HeartRateBpm><Value>123</Value></HeartRateBpm><SensorState>Present</SensorState></Trackpoint><Trackpoint><Time>2025-07-19T11:04:03.987Z</Time><DistanceMeters>207.67543898688425</DistanceMeters><HeartRateBpm><Value>124</Value></HeartRateBpm><SensorState>Present</SensorState></Trackpoint><Trackpoint><Time>2025-07-19T11:04:04.987Z</Time><DistanceMeters>208.77193027072485</DistanceMeters><HeartRateBpm><Value>124</Value></HeartRateBpm><SensorState>Present</SensorState></Trackpoint><Trackpoint><Time>2025-07-19T11:04:05.987Z</Time><DistanceMeters>209.86842155456546</DistanceMeters><HeartRateBpm><Value>124</Value></HeartRateBpm><SensorState>Present</SensorState></Trackpoint><Trackpoint><Time>2025-07-19T11:04:06.987Z</Time><DistanceMeters>210.96491283840606</DistanceMeters><HeartRateBpm><Value>125</Value></HeartRateBpm><SensorState>Present</SensorState></Trackpoint><Trackpoint><Time>2025-07-19T11:04:07.987Z</Time><DistanceMeters>225.0</DistanceMeters><HeartRateBpm><Value>125</Value></HeartRateBpm><SensorState>Present</SensorState></Trackpoint><Trackpoint><Time>2025-07-19T11:04:08.987Z</Time><DistanceMeters>225.0</DistanceMeters><HeartRateBpm><Value>125</Value></HeartRateBpm><SensorState>Present</SensorState></Trackpoint><Trackpoint><Time>2025-07-19T11:04:09.987Z</Time><DistanceMeters>225.0</DistanceMeters><HeartRateBpm><Value>126</Value></HeartRateBpm><SensorState>Present</SensorState></Trackpoint><Trackpoint><Time>2025-07-19T11:04:10.987Z</Time><DistanceMeters>225.0</DistanceMeters><HeartRateBpm><Value>126</Value></HeartRateBpm><SensorState>Present</SensorState></Trackpoint><Trackpoint><Time>2025-07-19T11:04:11.987Z</Time><DistanceMeters>225.0</DistanceMeters><HeartRateBpm><Value>126</Value></HeartRateBpm><SensorState>Present</SensorState></Trackpoint><Trackpoint><Time>2025-07-19T11:04:12.987Z</Time><DistanceMeters>225.0</DistanceMeters><HeartRateBpm><Value>126</Value></HeartRateBpm><SensorState>Present</SensorState></Trackpoint><Trackpoint><Time>2025-07-19T11:04:13.987Z</Time><DistanceMeters>225.0</DistanceMeters><HeartRateBpm><Value>126</Value></HeartRateBpm><SensorState>Present</SensorState></Trackpoint><Trackpoint><Time>2025-07-19T11:04:14.987Z</Time><DistanceMeters>225.0</DistanceMeters><HeartRateBpm><Value>126</Value></HeartRateBpm><SensorState>Present</SensorState></Trackpoint><Trackpoint><Time>2025-07-19T11:04:15.987Z</Time><DistanceMeters>225.0</DistanceMeters><HeartRateBpm><Value>126</Value></HeartRateBpm><SensorState>Present</SensorState></Trackpoint><Trackpoint><Time>2025-07-19T11:04:16.987Z</Time><DistanceMeters>225.0</DistanceMeters><HeartRateBpm><Value>126</Value></HeartRateBpm><SensorState>Present</SensorState></Trackpoint><Trackpoint><Time>2025-07-19T11:04:17.987Z</Time><DistanceMeters>225.0</DistanceMeters><HeartRateBpm><Value>126</Value></HeartRateBpm><SensorState>Present</SensorState></Trackpoint><Trackpoint><Time>2025-07-19T11:04:18.987Z</Time><DistanceMeters>225.0</DistanceMeters><HeartRateBpm><Value>126</Value></HeartRateBpm><SensorState>Present</SensorState></Trackpoint><Trackpoint><Time>2025-07-19T11:04:19.987Z</Time><DistanceMeters>225.0</DistanceMeters><HeartRateBpm><Value>126</Value></HeartRateBpm><SensorState>Present</SensorState></Trackpoint><Trackpoint><Time>2025-07-19T11:04:20.987Z</Time><DistanceMeters>225.0</DistanceMeters><HeartRateBpm><Value>126</Value></HeartRateBpm><SensorState>Present</SensorState></Trackpoint><Trackpoint><Time>2025-07-19T11:04:21.987Z</Time><DistanceMeters>225.0</DistanceMeters><HeartRateBpm><Value>126</Value></HeartRateBpm><SensorState>Present</SensorState></Trackpoint><Trackpoint><Time>2025-07-19T11:04:22.987Z</Time><DistanceMeters>225.0</DistanceMeters><HeartRateBpm><Value>125</Value></HeartRateBpm><SensorState>Present</SensorState></Trackpoint><Trackpoint><Time>2025-07-19T11:04:23.987Z</Time><DistanceMeters>225.0</DistanceMeters><HeartRateBpm><Value>125</Value></HeartRateBpm><SensorState>Present</SensorState></Trackpoint><Trackpoint><Time>2025-07-19T11:04:24.987Z</Time><DistanceMeters>225.0</DistanceMeters><HeartRateBpm><Value>125</Value></HeartRateBpm><SensorState>Present</SensorState></Trackpoint><Trackpoint><Time>2025-07-19T11:04:25.987Z</Time><DistanceMeters>225.0</DistanceMeters><HeartRateBpm><Value>125</Value></HeartRateBpm><SensorState>Present</SensorState></Trackpoint><Trackpoint><Time>2025-07-19T11:04:26.987Z</Time><DistanceMeters>225.0</DistanceMeters><HeartRateBpm><Value>125</Value></HeartRateBpm><SensorState>Present</SensorState></Trackpoint><Trackpoint><Time>2025-07-19T11:04:27.987Z</Time><DistanceMeters>226.0964912838406</DistanceMeters><HeartRateBpm><Value>126</Value></HeartRateBpm><SensorState>Present</SensorState></Trackpoint><Trackpoint><Time>2025-07-19T11:04:28.987Z</Time><DistanceMeters>227.1929825676812</DistanceMeters><HeartRateBpm><Value>126</Value></HeartRateBpm><SensorState>Present</SensorState></Trackpoint><Trackpoint><Time>2025-07-19T11:04:29.987Z</Time><DistanceMeters>228.28947385152182</DistanceMeters><HeartRateBpm><Value>127</Value></HeartRateBpm><SensorState>Present</SensorState></Trackpoint><Trackpoint><Time>2025-07-19T11:04:30.987Z</Time><DistanceMeters>229.38596513536243</DistanceMeters><HeartRateBpm><Value>127</Value></HeartRateBpm><SensorState>Present</SensorState></Trackpoint><Trackpoint><Time>2025-07-19T11:04:31.987Z</Time><DistanceMeters>230.48245641920303</DistanceMeters><HeartRateBpm><Value>128</Value></HeartRateBpm><SensorState>Present</SensorState></Trackpoint><Trackpoint><Time>2025-07-19T11:04:32.987Z</Time><DistanceMeters>231.57894770304364</DistanceMeters><HeartRateBpm><Value>128</Value></HeartRateBpm><SensorState>Present</SensorState></Trackpoint><Trackpoint><Time>2025-07-19T11:04:33.987Z</Time><DistanceMeters>232.67543898688425</DistanceMeters><HeartRateBpm><Value>128</Value></HeartRateBpm><SensorState>Present</SensorState></Trackpoint><Trackpoint><Time>2025-07-19T11:04:34.987Z</Time><DistanceMeters>233.77193027072485</DistanceMeters><HeartRateBpm><Value>129</Value></HeartRateBpm><SensorState>Present</SensorState></Trackpoint><Trackpoint><Time>2025-07-19T11:04:35.987Z</Time><DistanceMeters>234.86842155456546</DistanceMeters><HeartRateBpm><Value>129</Value></HeartRateBpm><SensorState>Present</SensorState></Trackpoint><Trackpoint><Time>2025-07-19T11:04:36.987Z</Time><DistanceMeters>235.96491283840606</DistanceMeters><HeartRateBpm><Value>129</Value></HeartRateBpm><SensorState>Present</SensorState></Trackpoint><Trackpoint><Time>2025-07-19T11:04:37.987Z</Time><DistanceMeters>250.0</DistanceMeters><HeartRateBpm><Value>131</Value></HeartRateBpm><SensorState>Present</SensorState></Trackpoint><Trackpoint><Time>2025-07-19T11:04:38.987Z</Time><DistanceMeters>250.0</DistanceMeters><HeartRateBpm><Value>132</Value></HeartRateBpm><SensorState>Present</SensorState></Trackpoint><Trackpoint><Time>2025-07-19T11:04:39.987Z</Time><DistanceMeters>250.0</DistanceMeters><HeartRateBpm><Value>133</Value></HeartRateBpm><SensorState>Present</SensorState></Trackpoint><Trackpoint><Time>2025-07-19T11:04:40.987Z</Time><DistanceMeters>250.0</DistanceMeters><HeartRateBpm><Value>135</Value></HeartRateBpm><SensorState>Present</SensorState></Trackpoint><Trackpoint><Time>2025-07-19T11:04:41.987Z</Time><DistanceMeters>250.0</DistanceMeters><HeartRateBpm><Value>135</Value></HeartRateBpm><SensorState>Present</SensorState></Trackpoint><Trackpoint><Time>2025-07-19T11:04:42.987Z</Time><DistanceMeters>250.0</DistanceMeters><HeartRateBpm><Value>135</Value></HeartRateBpm><SensorState>Present</SensorState></Trackpoint><Trackpoint><Time>2025-07-19T11:04:43.987Z</Time><DistanceMeters>250.0</DistanceMeters><HeartRateBpm><Value>135</Value></HeartRateBpm><SensorState>Present</SensorState></Trackpoint><Trackpoint><Time>2025-07-19T11:04:44.987Z</Time><DistanceMeters>250.0</DistanceMeters><HeartRateBpm><Value>134</Value></HeartRateBpm><SensorState>Present</SensorState></Trackpoint><Trackpoint><Time>2025-07-19T11:04:45.987Z</Time><DistanceMeters>250.0</DistanceMeters><HeartRateBpm><Value>134</Value></HeartRateBpm><SensorState>Present</SensorState></Trackpoint><Trackpoint><Time>2025-07-19T11:04:46.987Z</Time><DistanceMeters>250.0</DistanceMeters><HeartRateBpm><Value>134</Value></HeartRateBpm><SensorState>Present</SensorState></Trackpoint><Trackpoint><Time>2025-07-19T11:04:47.987Z</Time><DistanceMeters>250.0</DistanceMeters><HeartRateBpm><Value>133</Value></HeartRateBpm><SensorState>Present</SensorState></Trackpoint><Trackpoint><Time>2025-07-19T11:04:48.987Z</Time><DistanceMeters>250.0</DistanceMeters><HeartRateBpm><Value>133</Value></HeartRateBpm><SensorState>Present</SensorState></Trackpoint><Trackpoint><Time>2025-07-19T11:04:49.987Z</Time><DistanceMeters>250.0</DistanceMeters><HeartRateBpm><Value>132</Value></HeartRateBpm><SensorState>Present</SensorState></Trackpoint><Trackpoint><Time>2025-07-19T11:04:50.987Z</Time><DistanceMeters>250.0</DistanceMeters><HeartRateBpm><Value>132</Value></HeartRateBpm><SensorState>Present</SensorState></Trackpoint><Trackpoint><Time>2025-07-19T11:04:51.987Z</Time><DistanceMeters>250.0</DistanceMeters><HeartRateBpm><Value>131</Value></HeartRateBpm><SensorState>Present</SensorState></Trackpoint><Trackpoint><Time>2025-07-19T11:04:52.987Z</Time><DistanceMeters>250.0</DistanceMeters><HeartRateBpm><Value>131</Value></HeartRateBpm><SensorState>Present</SensorState></Trackpoint><Trackpoint><Time>2025-07-19T11:04:53.987Z</Time><DistanceMeters>250.0</DistanceMeters><HeartRateBpm><Value>130</Value></HeartRateBpm><SensorState>Present</SensorState></Trackpoint><Trackpoint><Time>2025-07-19T11:04:54.987Z</Time><DistanceMeters>250.0</DistanceMeters><HeartRateBpm><Value>130</Value></HeartRateBpm><SensorState>Present</SensorState></Trackpoint><Trackpoint><Time>2025-07-19T11:04:55.987Z</Time><DistanceMeters>250.0</DistanceMeters><HeartRateBpm><Value>130</Value></HeartRateBpm><SensorState>Present</SensorState></Trackpoint><Trackpoint><Time>2025-07-19T11:04:56.987Z</Time><DistanceMeters>250.0</DistanceMeters><HeartRateBpm><Value>130</Value></HeartRateBpm><SensorState>Present</SensorState></Trackpoint><Trackpoint><Time>2025-07-19T11:04:57.987Z</Time><DistanceMeters>250.0</DistanceMeters><HeartRateBpm><Value>129</Value></HeartRateBpm><SensorState>Present</SensorState></Trackpoint><Trackpoint><Time>2025-07-19T11:04:58.987Z</Time><DistanceMeters>251.0964912838406</DistanceMeters><HeartRateBpm><Value>129</Value></HeartRateBpm><SensorState>Present</SensorState></Trackpoint><Trackpoint><Time>2025-07-19T11:04:59.987Z</Time><DistanceMeters>252.1929825676812</DistanceMeters><HeartRateBpm><Value>129</Value></HeartRateBpm><SensorState>Present</SensorState></Trackpoint><Trackpoint><Time>2025-07-19T11:05:00.987Z</Time><DistanceMeters>253.28947385152182</DistanceMeters><HeartRateBpm><Value>129</Value></HeartRateBpm><SensorState>Present</SensorState></Trackpoint><Trackpoint><Time>2025-07-19T11:05:01.987Z</Time><DistanceMeters>254.38596513536243</DistanceMeters><HeartRateBpm><Value>129</Value></HeartRateBpm><SensorState>Present</SensorState></Trackpoint><Trackpoint><Time>2025-07-19T11:05:02.987Z</Time><DistanceMeters>255.48245641920303</DistanceMeters><HeartRateBpm><Value>129</Value></HeartRateBpm><SensorState>Present</SensorState></Trackpoint><Trackpoint><Time>2025-07-19T11:05:03.987Z</Time><DistanceMeters>256.57894770304364</DistanceMeters><HeartRateBpm><Value>129</Value></HeartRateBpm><SensorState>Present</SensorState></Trackpoint><Trackpoint><Time>2025-07-19T11:05:04.987Z</Time><DistanceMeters>257.6754389868842</DistanceMeters><HeartRateBpm><Value>129</Value></HeartRateBpm><SensorState>Present</SensorState></Trackpoint><Trackpoint><Time>2025-07-19T11:05:05.987Z</Time><DistanceMeters>258.7719302707248</DistanceMeters><HeartRateBpm><Value>129</Value></HeartRateBpm><SensorState>Present</SensorState></Trackpoint><Trackpoint><Time>2025-07-19T11:05:06.987Z</Time><DistanceMeters>259.8684215545654</DistanceMeters><HeartRateBpm><Value>129</Value></HeartRateBpm><SensorState>Present</SensorState></Trackpoint><Trackpoint><Time>2025-07-19T11:05:07.987Z</Time><DistanceMeters>260.96491283840595</DistanceMeters><HeartRateBpm><Value>129</Value></HeartRateBpm><SensorState>Present</SensorState></Trackpoint><Trackpoint><Time>2025-07-19T11:05:08.987Z</Time><DistanceMeters>275.0</DistanceMeters><HeartRateBpm><Value>130</Value></HeartRateBpm><SensorState>Present</SensorState></Trackpoint><Trackpoint><Time>2025-07-19T11:05:09.987Z</Time><DistanceMeters>275.0</DistanceMeters><HeartRateBpm><Value>130</Value></HeartRateBpm><SensorState>Present</SensorState></Trackpoint><Trackpoint><Time>2025-07-19T11:05:10.987Z</Time><DistanceMeters>275.0</DistanceMeters><HeartRateBpm><Value>130</Value></HeartRateBpm><SensorState>Present</SensorState></Trackpoint><Trackpoint><Time>2025-07-19T11:05:11.987Z</Time><DistanceMeters>275.0</DistanceMeters><HeartRateBpm><Value>130</Value></HeartRateBpm><SensorState>Present</SensorState></Trackpoint><Trackpoint><Time>2025-07-19T11:05:12.987Z</Time><DistanceMeters>275.0</DistanceMeters><HeartRateBpm><Value>130</Value></HeartRateBpm><SensorState>Present</SensorState></Trackpoint><Trackpoint><Time>2025-07-19T11:05:13.987Z</Time><DistanceMeters>275.0</DistanceMeters><HeartRateBpm><Value>130</Value></HeartRateBpm><SensorState>Present</SensorState></Trackpoint><Trackpoint><Time>2025-07-19T11:05:14.987Z</Time><DistanceMeters>275.0</DistanceMeters><HeartRateBpm><Value>130</Value></HeartRateBpm><SensorState>Present</SensorState></Trackpoint><Trackpoint><Time>2025-07-19T11:05:15.987Z</Time><DistanceMeters>275.0</DistanceMeters><HeartRateBpm><Value>130</Value></HeartRateBpm><SensorState>Present</SensorState></Trackpoint><Trackpoint><Time>2025-07-19T11:05:16.987Z</Time><DistanceMeters>275.0</DistanceMeters><HeartRateBpm><Value>130</Value></HeartRateBpm><SensorState>Present</SensorState></Trackpoint><Trackpoint><Time>2025-07-19T11:05:17.987Z</Time><DistanceMeters>275.0</DistanceMeters><HeartRateBpm><Value>131</Value></HeartRateBpm><SensorState>Present</SensorState></Trackpoint><Trackpoint><Time>2025-07-19T11:05:18.987Z</Time><DistanceMeters>275.0</DistanceMeters><HeartRateBpm><Value>132</Value></HeartRateBpm><SensorState>Present</SensorState></Trackpoint><Trackpoint><Time>2025-07-19T11:05:19.987Z</Time><DistanceMeters>275.0</DistanceMeters><HeartRateBpm><Value>132</Value></HeartRateBpm><SensorState>Present</SensorState></Trackpoint><Trackpoint><Time>2025-07-19T11:05:20.987Z</Time><DistanceMeters>275.0</DistanceMeters><HeartRateBpm><Value>132</Value></HeartRateBpm><SensorState>Present</SensorState></Trackpoint><Trackpoint><Time>2025-07-19T11:05:21.987Z</Time><DistanceMeters>275.0</DistanceMeters><HeartRateBpm><Value>132</Value></HeartRateBpm><SensorState>Present</SensorState></Trackpoint><Trackpoint><Time>2025-07-19T11:05:22.987Z</Time><DistanceMeters>275.0</DistanceMeters><HeartRateBpm><Value>132</Value></HeartRateBpm><SensorState>Present</SensorState></Trackpoint><Trackpoint><Time>2025-07-19T11:05:23.987Z</Time><DistanceMeters>275.0</DistanceMeters><HeartRateBpm><Value>132</Value></HeartRateBpm><SensorState>Present</SensorState></Trackpoint><Trackpoint><Time>2025-07-19T11:05:24.987Z</Time><DistanceMeters>275.0</DistanceMeters><HeartRateBpm><Value>133</Value></HeartRateBpm><SensorState>Present</SensorState></Trackpoint><Trackpoint><Time>2025-07-19T11:05:25.987Z</Time><DistanceMeters>275.0</DistanceMeters><HeartRateBpm><Value>133</Value></HeartRateBpm><SensorState>Present</SensorState></Trackpoint><Trackpoint><Time>2025-07-19T11:05:26.987Z</Time><DistanceMeters>275.0</DistanceMeters><HeartRateBpm><Value>133</Value></HeartRateBpm><SensorState>Present</SensorState></Trackpoint><Trackpoint><Time>2025-07-19T11:05:27.987Z</Time><DistanceMeters>275.0</DistanceMeters><HeartRateBpm><Value>133</Value></HeartRateBpm><SensorState>Present</SensorState></Trackpoint><Trackpoint><Time>2025-07-19T11:05:28.987Z</Time><DistanceMeters>276.0964912838406</DistanceMeters><HeartRateBpm><Value>133</Value></HeartRateBpm><SensorState>Present</SensorState></Trackpoint><Trackpoint><Time>2025-07-19T11:05:29.987Z</Time><DistanceMeters>277.19298256768116</DistanceMeters><HeartRateBpm><Value>133</Value></HeartRateBpm><SensorState>Present</SensorState></Trackpoint><Trackpoint><Time>2025-07-19T11:05:30.987Z</Time><DistanceMeters>278.28947385152173</DistanceMeters><HeartRateBpm><Value>133</Value></HeartRateBpm><SensorState>Present</SensorState></Trackpoint><Trackpoint><Time>2025-07-19T11:05:31.987Z</Time><DistanceMeters>279.3859651353623</DistanceMeters><HeartRateBpm><Value>133</Value></HeartRateBpm><SensorState>Present</SensorState></Trackpoint><Trackpoint><Time>2025-07-19T11:05:32.987Z</Time><DistanceMeters>280.4824564192029</DistanceMeters><HeartRateBpm><Value>133</Value></HeartRateBpm><SensorState>Present</SensorState></Trackpoint><Trackpoint><Time>2025-07-19T11:05:33.987Z</Time><DistanceMeters>281.57894770304347</DistanceMeters><HeartRateBpm><Value>133</Value></HeartRateBpm><SensorState>Present</SensorState></Trackpoint><Trackpoint><Time>2025-07-19T11:05:34.987Z</Time><DistanceMeters>282.67543898688405</DistanceMeters><HeartRateBpm><Value>133</Value></HeartRateBpm><SensorState>Present</SensorState></Trackpoint><Trackpoint><Time>2025-07-19T11:05:35.987Z</Time><DistanceMeters>283.7719302707246</DistanceMeters><HeartRateBpm><Value>133</Value></HeartRateBpm><SensorState>Present</SensorState></Trackpoint><Trackpoint><Time>2025-07-19T11:05:36.987Z</Time><DistanceMeters>284.8684215545652</DistanceMeters><HeartRateBpm><Value>133</Value></HeartRateBpm><SensorState>Present</SensorState></Trackpoint><Trackpoint><Time>2025-07-19T11:05:37.987Z</Time><DistanceMeters>285.9649128384058</DistanceMeters><HeartRateBpm><Value>134</Value></HeartRateBpm><SensorState>Present</SensorState></Trackpoint><Trackpoint><Time>2025-07-19T11:05:38.987Z</Time><DistanceMeters>300.0</DistanceMeters><HeartRateBpm><Value>135</Value></HeartRateBpm><SensorState>Present</SensorState></Trackpoint><Trackpoint><Time>2025-07-19T11:05:39.987Z</Time><DistanceMeters>300.0</DistanceMeters><HeartRateBpm><Value>135</Value></HeartRateBpm><SensorState>Present</SensorState></Trackpoint><Trackpoint><Time>2025-07-19T11:05:40.987Z</Time><DistanceMeters>300.0</DistanceMeters><HeartRateBpm><Value>135</Value></HeartRateBpm><SensorState>Present</SensorState></Trackpoint><Trackpoint><Time>2025-07-19T11:05:41.987Z</Time><DistanceMeters>300.0</DistanceMeters><HeartRateBpm><Value>135</Value></HeartRateBpm><SensorState>Present</SensorState></Trackpoint><Trackpoint><Time>2025-07-19T11:05:42.987Z</Time><DistanceMeters>300.0</DistanceMeters><HeartRateBpm><Value>135</Value></HeartRateBpm><SensorState>Present</SensorState></Trackpoint><Trackpoint><Time>2025-07-19T11:05:43.987Z</Time><DistanceMeters>300.0</DistanceMeters><HeartRateBpm><Value>135</Value></HeartRateBpm><SensorState>Present</SensorState></Trackpoint><Trackpoint><Time>2025-07-19T11:05:44.987Z</Time><DistanceMeters>300.0</DistanceMeters><HeartRateBpm><Value>135</Value></HeartRateBpm><SensorState>Present</SensorState></Trackpoint><Trackpoint><Time>2025-07-19T11:05:45.987Z</Time><DistanceMeters>300.0</DistanceMeters><HeartRateBpm><Value>134</Value></HeartRateBpm><SensorState>Present</SensorState></Trackpoint><Trackpoint><Time>2025-07-19T11:05:46.987Z</Time><DistanceMeters>300.0</DistanceMeters><HeartRateBpm><Value>134</Value></HeartRateBpm><SensorState>Present</SensorState></Trackpoint><Trackpoint><Time>2025-07-19T11:05:47.987Z</Time><DistanceMeters>300.0</DistanceMeters><HeartRateBpm><Value>134</Value></HeartRateBpm><SensorState>Present</SensorState></Trackpoint><Trackpoint><Time>2025-07-19T11:05:48.987Z</Time><DistanceMeters>300.0</DistanceMeters><HeartRateBpm><Value>134</Value></HeartRateBpm><SensorState>Present</SensorState></Trackpoint><Trackpoint><Time>2025-07-19T11:05:49.987Z</Time><DistanceMeters>300.0</DistanceMeters><HeartRateBpm><Value>133</Value></HeartRateBpm><SensorState>Present</SensorState></Trackpoint><Trackpoint><Time>2025-07-19T11:05:50.987Z</Time><DistanceMeters>300.0</DistanceMeters><HeartRateBpm><Value>133</Value></HeartRateBpm><SensorState>Present</SensorState></Trackpoint><Trackpoint><Time>2025-07-19T11:05:51.987Z</Time><DistanceMeters>300.0</DistanceMeters><HeartRateBpm><Value>133</Value></HeartRateBpm><SensorState>Present</SensorState></Trackpoint><Trackpoint><Time>2025-07-19T11:05:52.987Z</Time><DistanceMeters>300.0</DistanceMeters><HeartRateBpm><Value>133</Value></HeartRateBpm><SensorState>Present</SensorState></Trackpoint><Trackpoint><Time>2025-07-19T11:05:53.987Z</Time><DistanceMeters>300.0</DistanceMeters><HeartRateBpm><Value>133</Value></HeartRateBpm><SensorState>Present</SensorState></Trackpoint><Trackpoint><Time>2025-07-19T11:05:54.987Z</Time><DistanceMeters>300.0</DistanceMeters><HeartRateBpm><Value>132</Value></HeartRateBpm><SensorState>Present</SensorState></Trackpoint><Trackpoint><Time>2025-07-19T11:05:55.987Z</Time><DistanceMeters>300.0</DistanceMeters><HeartRateBpm><Value>132</Value></HeartRateBpm><SensorState>Present</SensorState></Trackpoint><Trackpoint><Time>2025-07-19T11:05:56.987Z</Time><DistanceMeters>300.0</DistanceMeters><HeartRateBpm><Value>132</Value></HeartRateBpm><SensorState>Present</SensorState></Trackpoint><Trackpoint><Time>2025-07-19T11:05:57.987Z</Time><DistanceMeters>300.0</DistanceMeters><HeartRateBpm><Value>131</Value></HeartRateBpm><SensorState>Present</SensorState></Trackpoint><Trackpoint><Time>2025-07-19T11:05:58.987Z</Time><DistanceMeters>300.0</DistanceMeters><HeartRateBpm><Value>131</Value></HeartRateBpm><SensorState>Present</SensorState></Trackpoint><Trackpoint><Time>2025-07-19T11:05:59.987Z</Time><DistanceMeters>301.0964912838406</DistanceMeters><HeartRateBpm><Value>131</Value></HeartRateBpm><SensorState>Present</SensorState></Trackpoint><Trackpoint><Time>2025-07-19T11:06:00.987Z</Time><DistanceMeters>302.19298256768116</DistanceMeters><HeartRateBpm><Value>131</Value></HeartRateBpm><SensorState>Present</SensorState></Trackpoint><Trackpoint><Time>2025-07-19T11:06:01.987Z</Time><DistanceMeters>303.28947385152173</DistanceMeters><HeartRateBpm><Value>131</Value></HeartRateBpm><SensorState>Present</SensorState></Trackpoint><Trackpoint><Time>2025-07-19T11:06:02.987Z</Time><DistanceMeters>304.3859651353623</DistanceMeters><HeartRateBpm><Value>131</Value></HeartRateBpm><SensorState>Present</SensorState></Trackpoint><Trackpoint><Time>2025-07-19T11:06:03.987Z</Time><DistanceMeters>305.4824564192029</DistanceMeters><HeartRateBpm><Value>132</Value></HeartRateBpm><SensorState>Present</SensorState></Trackpoint><Trackpoint><Time>2025-07-19T11:06:04.987Z</Time><DistanceMeters>306.57894770304347</DistanceMeters><HeartRateBpm><Value>132</Value></HeartRateBpm><SensorState>Present</SensorState></Trackpoint><Trackpoint><Time>2025-07-19T11:06:05.987Z</Time><DistanceMeters>307.67543898688405</DistanceMeters><HeartRateBpm><Value>132</Value></HeartRateBpm><SensorState>Present</SensorState></Trackpoint><Trackpoint><Time>2025-07-19T11:06:06.987Z</Time><DistanceMeters>308.7719302707246</DistanceMeters><HeartRateBpm><Value>133</Value></HeartRateBpm><SensorState>Present</SensorState></Trackpoint><Trackpoint><Time>2025-07-19T11:06:07.987Z</Time><DistanceMeters>309.8684215545652</DistanceMeters><HeartRateBpm><Value>133</Value></HeartRateBpm><SensorState>Present</SensorState></Trackpoint><Trackpoint><Time>2025-07-19T11:06:08.987Z</Time><DistanceMeters>310.9649128384058</DistanceMeters><HeartRateBpm><Value>134</Value></HeartRateBpm><SensorState>Present</SensorState></Trackpoint><Trackpoint><Time>2025-07-19T11:06:09.987Z</Time><DistanceMeters>325.0</DistanceMeters><HeartRateBpm><Value>134</Value></HeartRateBpm><SensorState>Present</SensorState></Trackpoint><Trackpoint><Time>2025-07-19T11:06:10.987Z</Time><DistanceMeters>325.0</DistanceMeters><HeartRateBpm><Value>134</Value></HeartRateBpm><SensorState>Present</SensorState></Trackpoint><Trackpoint><Time>2025-07-19T11:06:11.987Z</Time><DistanceMeters>325.0</DistanceMeters><HeartRateBpm><Value>134</Value></HeartRateBpm><SensorState>Present</SensorState></Trackpoint><Trackpoint><Time>2025-07-19T11:06:12.987Z</Time><DistanceMeters>325.0</DistanceMeters><HeartRateBpm><Value>134</Value></HeartRateBpm><SensorState>Present</SensorState></Trackpoint><Trackpoint><Time>2025-07-19T11:06:13.987Z</Time><DistanceMeters>325.0</DistanceMeters><HeartRateBpm><Value>133</Value></HeartRateBpm><SensorState>Present</SensorState></Trackpoint><Trackpoint><Time>2025-07-19T11:06:14.987Z</Time><DistanceMeters>325.0</DistanceMeters><HeartRateBpm><Value>132</Value></HeartRateBpm><SensorState>Present</SensorState></Trackpoint><Trackpoint><Time>2025-07-19T11:06:15.987Z</Time><DistanceMeters>325.0</DistanceMeters><HeartRateBpm><Value>130</Value></HeartRateBpm><SensorState>Present</SensorState></Trackpoint><Trackpoint><Time>2025-07-19T11:06:16.987Z</Time><DistanceMeters>325.0</DistanceMeters><HeartRateBpm><Value>129</Value></HeartRateBpm><SensorState>Present</SensorState></Trackpoint><Trackpoint><Time>2025-07-19T11:06:17.987Z</Time><DistanceMeters>325.0</DistanceMeters><HeartRateBpm><Value>129</Value></HeartRateBpm><SensorState>Present</SensorState></Trackpoint><Trackpoint><Time>2025-07-19T11:06:18.987Z</Time><DistanceMeters>325.0</DistanceMeters><HeartRateBpm><Value>129</Value></HeartRateBpm><SensorState>Present</SensorState></Trackpoint><Trackpoint><Time>2025-07-19T11:06:19.987Z</Time><DistanceMeters>325.0</DistanceMeters><HeartRateBpm><Value>129</Value></HeartRateBpm><SensorState>Present</SensorState></Trackpoint><Trackpoint><Time>2025-07-19T11:06:20.987Z</Time><DistanceMeters>325.0</DistanceMeters><HeartRateBpm><Value>129</Value></HeartRateBpm><SensorState>Present</SensorState></Trackpoint><Trackpoint><Time>2025-07-19T11:06:21.987Z</Time><DistanceMeters>325.0</DistanceMeters><HeartRateBpm><Value>130</Value></HeartRateBpm><SensorState>Present</SensorState></Trackpoint><Trackpoint><Time>2025-07-19T11:06:22.987Z</Time><DistanceMeters>325.0</DistanceMeters><HeartRateBpm><Value>130</Value></HeartRateBpm><SensorState>Present</SensorState></Trackpoint><Trackpoint><Time>2025-07-19T11:06:23.987Z</Time><DistanceMeters>325.0</DistanceMeters><HeartRateBpm><Value>131</Value></HeartRateBpm><SensorState>Present</SensorState></Trackpoint><Trackpoint><Time>2025-07-19T11:06:24.987Z</Time><DistanceMeters>325.0</DistanceMeters><HeartRateBpm><Value>131</Value></HeartRateBpm><SensorState>Present</SensorState></Trackpoint><Trackpoint><Time>2025-07-19T11:06:25.987Z</Time><DistanceMeters>325.0</DistanceMeters><HeartRateBpm><Value>131</Value></HeartRateBpm><SensorState>Present</SensorState></Trackpoint><Trackpoint><Time>2025-07-19T11:06:26.987Z</Time><DistanceMeters>325.0</DistanceMeters><HeartRateBpm><Value>131</Value></HeartRateBpm><SensorState>Present</SensorState></Trackpoint><Trackpoint><Time>2025-07-19T11:06:27.987Z</Time><DistanceMeters>325.0</DistanceMeters><HeartRateBpm><Value>131</Value></HeartRateBpm><SensorState>Present</SensorState></Trackpoint><Trackpoint><Time>2025-07-19T11:06:28.987Z</Time><DistanceMeters>326.0964912838406</DistanceMeters><HeartRateBpm><Value>131</Value></HeartRateBpm><SensorState>Present</SensorState></Trackpoint><Trackpoint><Time>2025-07-19T11:06:29.987Z</Time><DistanceMeters>327.19298256768116</DistanceMeters><HeartRateBpm><Value>131</Value></HeartRateBpm><SensorState>Present</SensorState></Trackpoint><Trackpoint><Time>2025-07-19T11:06:30.987Z</Time><DistanceMeters>328.28947385152173</DistanceMeters><HeartRateBpm><Value>131</Value></HeartRateBpm><SensorState>Present</SensorState></Trackpoint><Trackpoint><Time>2025-07-19T11:06:31.987Z</Time><DistanceMeters>329.3859651353623</DistanceMeters><HeartRateBpm><Value>132</Value></HeartRateBpm><SensorState>Present</SensorState></Trackpoint><Trackpoint><Time>2025-07-19T11:06:32.987Z</Time><DistanceMeters>330.4824564192029</DistanceMeters><HeartRateBpm><Value>132</Value></HeartRateBpm><SensorState>Present</SensorState></Trackpoint><Trackpoint><Time>2025-07-19T11:06:33.987Z</Time><DistanceMeters>331.57894770304347</DistanceMeters><HeartRateBpm><Value>131</Value></HeartRateBpm><SensorState>Present</SensorState></Trackpoint><Trackpoint><Time>2025-07-19T11:06:34.987Z</Time><DistanceMeters>332.67543898688405</DistanceMeters><HeartRateBpm><Value>131</Value></HeartRateBpm><SensorState>Present</SensorState></Trackpoint><Trackpoint><Time>2025-07-19T11:06:35.987Z</Time><DistanceMeters>333.7719302707246</DistanceMeters><HeartRateBpm><Value>131</Value></HeartRateBpm><SensorState>Present</SensorState></Trackpoint><Trackpoint><Time>2025-07-19T11:06:36.987Z</Time><DistanceMeters>334.8684215545652</DistanceMeters><HeartRateBpm><Value>131</Value></HeartRateBpm><SensorState>Present</SensorState></Trackpoint><Trackpoint><Time>2025-07-19T11:06:37.987Z</Time><DistanceMeters>335.9649128384058</DistanceMeters><HeartRateBpm><Value>131</Value></HeartRateBpm><SensorState>Present</SensorState></Trackpoint><Trackpoint><Time>2025-07-19T11:06:38.987Z</Time><DistanceMeters>350.0</DistanceMeters><HeartRateBpm><Value>131</Value></HeartRateBpm><SensorState>Present</SensorState></Trackpoint><Trackpoint><Time>2025-07-19T11:06:39.987Z</Time><DistanceMeters>350.0</DistanceMeters><HeartRateBpm><Value>131</Value></HeartRateBpm><SensorState>Present</SensorState></Trackpoint><Trackpoint><Time>2025-07-19T11:06:40.987Z</Time><DistanceMeters>350.0</DistanceMeters><HeartRateBpm><Value>131</Value></HeartRateBpm><SensorState>Present</SensorState></Trackpoint><Trackpoint><Time>2025-07-19T11:06:41.987Z</Time><DistanceMeters>350.0</DistanceMeters><HeartRateBpm><Value>131</Value></HeartRateBpm><SensorState>Present</SensorState></Trackpoint><Trackpoint><Time>2025-07-19T11:06:42.987Z</Time><DistanceMeters>350.0</DistanceMeters><HeartRateBpm><Value>131</Value></HeartRateBpm><SensorState>Present</SensorState></Trackpoint><Trackpoint><Time>2025-07-19T11:06:43.987Z</Time><DistanceMeters>350.0</DistanceMeters><HeartRateBpm><Value>131</Value></HeartRateBpm><SensorState>Present</SensorState></Trackpoint><Trackpoint><Time>2025-07-19T11:06:44.987Z</Time><DistanceMeters>350.0</DistanceMeters><HeartRateBpm><Value>132</Value></HeartRateBpm><SensorState>Present</SensorState></Trackpoint><Trackpoint><Time>2025-07-19T11:06:45.987Z</Time><DistanceMeters>350.0</DistanceMeters><HeartRateBpm><Value>132</Value></HeartRateBpm><SensorState>Present</SensorState></Trackpoint><Trackpoint><Time>2025-07-19T11:06:46.987Z</Time><DistanceMeters>350.0</DistanceMeters><HeartRateBpm><Value>132</Value></HeartRateBpm><SensorState>Present</SensorState></Trackpoint><Trackpoint><Time>2025-07-19T11:06:47.987Z</Time><DistanceMeters>350.0</DistanceMeters><HeartRateBpm><Value>132</Value></HeartRateBpm><SensorState>Present</SensorState></Trackpoint><Trackpoint><Time>2025-07-19T11:06:48.987Z</Time><DistanceMeters>350.0</DistanceMeters><HeartRateBpm><Value>132</Value></HeartRateBpm><SensorState>Present</SensorState></Trackpoint><Trackpoint><Time>2025-07-19T11:06:49.987Z</Time><DistanceMeters>350.0</DistanceMeters><HeartRateBpm><Value>132</Value></HeartRateBpm><SensorState>Present</SensorState></Trackpoint><Trackpoint><Time>2025-07-19T11:06:50.987Z</Time><DistanceMeters>350.0</DistanceMeters><HeartRateBpm><Value>133</Value></HeartRateBpm><SensorState>Present</SensorState></Trackpoint><Trackpoint><Time>2025-07-19T11:06:51.987Z</Time><DistanceMeters>350.0</DistanceMeters><HeartRateBpm><Value>133</Value></HeartRateBpm><SensorState>Present</SensorState></Trackpoint><Trackpoint><Time>2025-07-19T11:06:52.987Z</Time><DistanceMeters>350.0</DistanceMeters><HeartRateBpm><Value>133</Value></HeartRateBpm><SensorState>Present</SensorState></Trackpoint><Trackpoint><Time>2025-07-19T11:06:53.987Z</Time><DistanceMeters>350.0</DistanceMeters><HeartRateBpm><Value>132</Value></HeartRateBpm><SensorState>Present</SensorState></Trackpoint><Trackpoint><Time>2025-07-19T11:06:54.987Z</Time><DistanceMeters>350.0</DistanceMeters><HeartRateBpm><Value>132</Value></HeartRateBpm><SensorState>Present</SensorState></Trackpoint><Trackpoint><Time>2025-07-19T11:06:55.987Z</Time><DistanceMeters>350.0</DistanceMeters><HeartRateBpm><Value>132</Value></HeartRateBpm><SensorState>Present</SensorState></Trackpoint><Trackpoint><Time>2025-07-19T11:06:56.987Z</Time><DistanceMeters>350.0</DistanceMeters><HeartRateBpm><Value>132</Value></HeartRateBpm><SensorState>Present</SensorState></Trackpoint><Trackpoint><Time>2025-07-19T11:06:57.987Z</Time><DistanceMeters>350.0</DistanceMeters><HeartRateBpm><Value>132</Value></HeartRateBpm><SensorState>Present</SensorState></Trackpoint><Trackpoint><Time>2025-07-19T11:06:58.987Z</Time><DistanceMeters>350.0</DistanceMeters><HeartRateBpm><Value>132</Value></HeartRateBpm><SensorState>Present</SensorState></Trackpoint><Trackpoint><Time>2025-07-19T11:06:59.987Z</Time><DistanceMeters>350.0</DistanceMeters><HeartRateBpm><Value>132</Value></HeartRateBpm><SensorState>Present</SensorState></Trackpoint><Trackpoint><Time>2025-07-19T11:07:00.987Z</Time><DistanceMeters>351.0964912838406</DistanceMeters><HeartRateBpm><Value>132</Value></HeartRateBpm><SensorState>Present</SensorState></Trackpoint><Trackpoint><Time>2025-07-19T11:07:01.987Z</Time><DistanceMeters>352.19298256768116</DistanceMeters><HeartRateBpm><Value>132</Value></HeartRateBpm><SensorState>Present</SensorState></Trackpoint><Trackpoint><Time>2025-07-19T11:07:02.987Z</Time><DistanceMeters>353.28947385152173</DistanceMeters><HeartRateBpm><Value>132</Value></HeartRateBpm><SensorState>Present</SensorState></Trackpoint><Trackpoint><Time>2025-07-19T11:07:03.987Z</Time><DistanceMeters>354.3859651353623</DistanceMeters><HeartRateBpm><Value>132</Value></HeartRateBpm><SensorState>Present</SensorState></Trackpoint><Trackpoint><Time>2025-07-19T11:07:04.987Z</Time><DistanceMeters>355.4824564192029</DistanceMeters><HeartRateBpm><Value>131</Value></HeartRateBpm><SensorState>Present</SensorState></Trackpoint><Trackpoint><Time>2025-07-19T11:07:05.987Z</Time><DistanceMeters>356.57894770304347</DistanceMeters><HeartRateBpm><Value>130</Value></HeartRateBpm><SensorState>Present</SensorState></Trackpoint><Trackpoint><Time>2025-07-19T11:07:06.987Z</Time><DistanceMeters>357.67543898688405</DistanceMeters><HeartRateBpm><Value>130</Value></HeartRateBpm><SensorState>Present</SensorState></Trackpoint><Trackpoint><Time>2025-07-19T11:07:07.987Z</Time><DistanceMeters>358.7719302707246</DistanceMeters><HeartRateBpm><Value>129</Value></HeartRateBpm><SensorState>Present</SensorState></Trackpoint><Trackpoint><Time>2025-07-19T11:07:08.987Z</Time><DistanceMeters>359.8684215545652</DistanceMeters><HeartRateBpm><Value>129</Value></HeartRateBpm><SensorState>Present</SensorState></Trackpoint><Trackpoint><Time>2025-07-19T11:07:09.987Z</Time><DistanceMeters>360.9649128384058</DistanceMeters><HeartRateBpm><Value>129</Value></HeartRateBpm><SensorState>Present</SensorState></Trackpoint><Trackpoint><Time>2025-07-19T11:07:10.987Z</Time><DistanceMeters>375.0</DistanceMeters><HeartRateBpm><Value>129</Value></HeartRateBpm><SensorState>Present</SensorState></Trackpoint><Trackpoint><Time>2025-07-19T11:07:11.987Z</Time><DistanceMeters>375.0</DistanceMeters><HeartRateBpm><Value>129</Value></HeartRateBpm><SensorState>Present</SensorState></Trackpoint><Trackpoint><Time>2025-07-19T11:07:12.987Z</Time><DistanceMeters>375.0</DistanceMeters><HeartRateBpm><Value>129</Value></HeartRateBpm><SensorState>Present</SensorState></Trackpoint><Trackpoint><Time>2025-07-19T11:07:13.987Z</Time><DistanceMeters>375.0</DistanceMeters><HeartRateBpm><Value>130</Value></HeartRateBpm><SensorState>Present</SensorState></Trackpoint><Trackpoint><Time>2025-07-19T11:07:14.987Z</Time><DistanceMeters>375.0</DistanceMeters><HeartRateBpm><Value>131</Value></HeartRateBpm><SensorState>Present</SensorState></Trackpoint><Trackpoint><Time>2025-07-19T11:07:15.987Z</Time><DistanceMeters>375.0</DistanceMeters><HeartRateBpm><Value>131</Value></HeartRateBpm><SensorState>Present</SensorState></Trackpoint><Trackpoint><Time>2025-07-19T11:07:16.987Z</Time><DistanceMeters>375.0</DistanceMeters><HeartRateBpm><Value>131</Value></HeartRateBpm><SensorState>Present</SensorState></Trackpoint><Trackpoint><Time>2025-07-19T11:07:17.987Z</Time><DistanceMeters>375.0</DistanceMeters><HeartRateBpm><Value>131</Value></HeartRateBpm><SensorState>Present</SensorState></Trackpoint><Trackpoint><Time>2025-07-19T11:07:18.987Z</Time><DistanceMeters>375.0</DistanceMeters><HeartRateBpm><Value>132</Value></HeartRateBpm><SensorState>Present</SensorState></Trackpoint><Trackpoint><Time>2025-07-19T11:07:19.987Z</Time><DistanceMeters>375.0</DistanceMeters><HeartRateBpm><Value>133</Value></HeartRateBpm><SensorState>Present</SensorState></Trackpoint><Trackpoint><Time>2025-07-19T11:07:20.987Z</Time><DistanceMeters>375.0</DistanceMeters><HeartRateBpm><Value>133</Value></HeartRateBpm><SensorState>Present</SensorState></Trackpoint><Trackpoint><Time>2025-07-19T11:07:21.987Z</Time><DistanceMeters>375.0</DistanceMeters><HeartRateBpm><Value>133</Value></HeartRateBpm><SensorState>Present</SensorState></Trackpoint><Trackpoint><Time>2025-07-19T11:07:22.987Z</Time><DistanceMeters>375.0</DistanceMeters><HeartRateBpm><Value>133</Value></HeartRateBpm><SensorState>Present</SensorState></Trackpoint><Trackpoint><Time>2025-07-19T11:07:23.987Z</Time><DistanceMeters>375.0</DistanceMeters><HeartRateBpm><Value>133</Value></HeartRateBpm><SensorState>Present</SensorState></Trackpoint><Trackpoint><Time>2025-07-19T11:07:24.987Z</Time><DistanceMeters>375.0</DistanceMeters><HeartRateBpm><Value>133</Value></HeartRateBpm><SensorState>Present</SensorState></Trackpoint><Trackpoint><Time>2025-07-19T11:07:25.987Z</Time><DistanceMeters>375.0</DistanceMeters><HeartRateBpm><Value>133</Value></HeartRateBpm><SensorState>Present</SensorState></Trackpoint><Trackpoint><Time>2025-07-19T11:07:26.987Z</Time><DistanceMeters>375.0</DistanceMeters><HeartRateBpm><Value>132</Value></HeartRateBpm><SensorState>Present</SensorState></Trackpoint><Trackpoint><Time>2025-07-19T11:07:27.987Z</Time><DistanceMeters>375.0</DistanceMeters><HeartRateBpm><Value>132</Value></HeartRateBpm><SensorState>Present</SensorState></Trackpoint><Trackpoint><Time>2025-07-19T11:07:28.987Z</Time><DistanceMeters>376.0964912838406</DistanceMeters><HeartRateBpm><Value>131</Value></HeartRateBpm><SensorState>Present</SensorState></Trackpoint><Trackpoint><Time>2025-07-19T11:07:29.987Z</Time><DistanceMeters>377.19298256768116</DistanceMeters><HeartRateBpm><Value>131</Value></HeartRateBpm><SensorState>Present</SensorState></Trackpoint><Trackpoint><Time>2025-07-19T11:07:30.987Z</Time><DistanceMeters>378.28947385152173</DistanceMeters><HeartRateBpm><Value>131</Value></HeartRateBpm><SensorState>Present</SensorState></Trackpoint><Trackpoint><Time>2025-07-19T11:07:31.987Z</Time><DistanceMeters>379.3859651353623</DistanceMeters><HeartRateBpm><Value>130</Value></HeartRateBpm><SensorState>Present</SensorState></Trackpoint><Trackpoint><Time>2025-07-19T11:07:32.987Z</Time><DistanceMeters>380.4824564192029</DistanceMeters><HeartRateBpm><Value>130</Value></HeartRateBpm><SensorState>Present</SensorState></Trackpoint><Trackpoint><Time>2025-07-19T11:07:33.987Z</Time><DistanceMeters>381.57894770304347</DistanceMeters><HeartRateBpm><Value>130</Value></HeartRateBpm><SensorState>Present</SensorState></Trackpoint><Trackpoint><Time>2025-07-19T11:07:34.987Z</Time><DistanceMeters>382.67543898688405</DistanceMeters><HeartRateBpm><Value>130</Value></HeartRateBpm><SensorState>Present</SensorState></Trackpoint><Trackpoint><Time>2025-07-19T11:07:35.987Z</Time><DistanceMeters>383.7719302707246</DistanceMeters><HeartRateBpm><Value>130</Value></HeartRateBpm><SensorState>Present</SensorState></Trackpoint><Trackpoint><Time>2025-07-19T11:07:36.987Z</Time><DistanceMeters>384.8684215545652</DistanceMeters><HeartRateBpm><Value>130</Value></HeartRateBpm><SensorState>Present</SensorState></Trackpoint><Trackpoint><Time>2025-07-19T11:07:37.987Z</Time><DistanceMeters>385.9649128384058</DistanceMeters><HeartRateBpm><Value>131</Value></HeartRateBpm><SensorState>Present</SensorState></Trackpoint><Trackpoint><Time>2025-07-19T11:07:38.987Z</Time><DistanceMeters>400.0</DistanceMeters><HeartRateBpm><Value>131</Value></HeartRateBpm><SensorState>Present</SensorState></Trackpoint><Trackpoint><Time>2025-07-19T11:07:39.987Z</Time><DistanceMeters>400.0</DistanceMeters><HeartRateBpm><Value>131</Value></HeartRateBpm><SensorState>Present</SensorState></Trackpoint><Trackpoint><Time>2025-07-19T11:07:40.987Z</Time><DistanceMeters>400.0</DistanceMeters><HeartRateBpm><Value>131</Value></HeartRateBpm><SensorState>Present</SensorState></Trackpoint><Trackpoint><Time>2025-07-19T11:07:41.987Z</Time><DistanceMeters>400.0</DistanceMeters><HeartRateBpm><Value>131</Value></HeartRateBpm><SensorState>Present</SensorState></Trackpoint><Trackpoint><Time>2025-07-19T11:07:42.987Z</Time><DistanceMeters>400.0</DistanceMeters><HeartRateBpm><Value>131</Value></HeartRateBpm><SensorState>Present</SensorState></Trackpoint><Trackpoint><Time>2025-07-19T11:07:43.987Z</Time><DistanceMeters>400.0</DistanceMeters><HeartRateBpm><Value>131</Value></HeartRateBpm><SensorState>Present</SensorState></Trackpoint><Trackpoint><Time>2025-07-19T11:07:44.987Z</Time><DistanceMeters>400.0</DistanceMeters><HeartRateBpm><Value>131</Value></HeartRateBpm><SensorState>Present</SensorState></Trackpoint><Trackpoint><Time>2025-07-19T11:07:45.987Z</Time><DistanceMeters>400.0</DistanceMeters><HeartRateBpm><Value>131</Value></HeartRateBpm><SensorState>Present</SensorState></Trackpoint><Trackpoint><Time>2025-07-19T11:07:46.987Z</Time><DistanceMeters>400.0</DistanceMeters><HeartRateBpm><Value>131</Value></HeartRateBpm><SensorState>Present</SensorState></Trackpoint><Trackpoint><Time>2025-07-19T11:07:47.987Z</Time><DistanceMeters>400.0</DistanceMeters><HeartRateBpm><Value>131</Value></HeartRateBpm><SensorState>Present</SensorState></Trackpoint><Trackpoint><Time>2025-07-19T11:07:48.987Z</Time><DistanceMeters>400.0</DistanceMeters><HeartRateBpm><Value>132</Value></HeartRateBpm><SensorState>Present</SensorState></Trackpoint><Trackpoint><Time>2025-07-19T11:07:49.987Z</Time><DistanceMeters>400.0</DistanceMeters><HeartRateBpm><Value>132</Value></HeartRateBpm><SensorState>Present</SensorState></Trackpoint><Trackpoint><Time>2025-07-19T11:07:50.987Z</Time><DistanceMeters>400.0</DistanceMeters><HeartRateBpm><Value>132</Value></HeartRateBpm><SensorState>Present</SensorState></Trackpoint><Trackpoint><Time>2025-07-19T11:07:51.987Z</Time><DistanceMeters>400.0</DistanceMeters><HeartRateBpm><Value>133</Value></HeartRateBpm><SensorState>Present</SensorState></Trackpoint><Trackpoint><Time>2025-07-19T11:07:52.987Z</Time><DistanceMeters>400.0</DistanceMeters><HeartRateBpm><Value>133</Value></HeartRateBpm><SensorState>Present</SensorState></Trackpoint><Trackpoint><Time>2025-07-19T11:07:53.987Z</Time><DistanceMeters>400.0</DistanceMeters><HeartRateBpm><Value>133</Value></HeartRateBpm><SensorState>Present</SensorState></Trackpoint><Trackpoint><Time>2025-07-19T11:07:54.987Z</Time><DistanceMeters>400.0</DistanceMeters><HeartRateBpm><Value>133</Value></HeartRateBpm><SensorState>Present</SensorState></Trackpoint><Trackpoint><Time>2025-07-19T11:07:55.987Z</Time><DistanceMeters>400.0</DistanceMeters><HeartRateBpm><Value>134</Value></HeartRateBpm><SensorState>Present</SensorState></Trackpoint><Trackpoint><Time>2025-07-19T11:07:56.987Z</Time><DistanceMeters>400.0</DistanceMeters><HeartRateBpm><Value>134</Value></HeartRateBpm><SensorState>Present</SensorState></Trackpoint><Trackpoint><Time>2025-07-19T11:07:57.987Z</Time><DistanceMeters>400.0</DistanceMeters><HeartRateBpm><Value>135</Value></HeartRateBpm><SensorState>Present</SensorState></Trackpoint><Trackpoint><Time>2025-07-19T11:07:58.987Z</Time><DistanceMeters>400.0</DistanceMeters><HeartRateBpm><Value>135</Value></HeartRateBpm><SensorState>Present</SensorState></Trackpoint><Trackpoint><Time>2025-07-19T11:07:59.987Z</Time><DistanceMeters>400.0</DistanceMeters><HeartRateBpm><Value>135</Value></HeartRateBpm><SensorState>Present</SensorState></Trackpoint><Trackpoint><Time>2025-07-19T11:08:00.987Z</Time><DistanceMeters>400.0</DistanceMeters><HeartRateBpm><Value>134</Value></HeartRateBpm><SensorState>Present</SensorState></Trackpoint><Trackpoint><Time>2025-07-19T11:08:01.987Z</Time><DistanceMeters>401.0964912838406</DistanceMeters><HeartRateBpm><Value>134</Value></HeartRateBpm><SensorState>Present</SensorState></Trackpoint><Trackpoint><Time>2025-07-19T11:08:02.987Z</Time><DistanceMeters>402.19298256768116</DistanceMeters><HeartRateBpm><Value>133</Value></HeartRateBpm><SensorState>Present</SensorState></Trackpoint><Trackpoint><Time>2025-07-19T11:08:03.987Z</Time><DistanceMeters>403.28947385152173</DistanceMeters><HeartRateBpm><Value>133</Value></HeartRateBpm><SensorState>Present</SensorState></Trackpoint><Trackpoint><Time>2025-07-19T11:08:04.987Z</Time><DistanceMeters>404.3859651353623</DistanceMeters><HeartRateBpm><Value>133</Value></HeartRateBpm><SensorState>Present</SensorState></Trackpoint><Trackpoint><Time>2025-07-19T11:08:05.987Z</Time><DistanceMeters>405.4824564192029</DistanceMeters><HeartRateBpm><Value>132</Value></HeartRateBpm><SensorState>Present</SensorState></Trackpoint><Trackpoint><Time>2025-07-19T11:08:06.987Z</Time><DistanceMeters>406.57894770304347</DistanceMeters><HeartRateBpm><Value>132</Value></HeartRateBpm><SensorState>Present</SensorState></Trackpoint><Trackpoint><Time>2025-07-19T11:08:07.987Z</Time><DistanceMeters>407.67543898688405</DistanceMeters><HeartRateBpm><Value>132</Value></HeartRateBpm><SensorState>Present</SensorState></Trackpoint><Trackpoint><Time>2025-07-19T11:08:08.987Z</Time><DistanceMeters>408.7719302707246</DistanceMeters><HeartRateBpm><Value>132</Value></HeartRateBpm><SensorState>Present</SensorState></Trackpoint><Trackpoint><Time>2025-07-19T11:08:09.987Z</Time><DistanceMeters>409.8684215545652</DistanceMeters><HeartRateBpm><Value>131</Value></HeartRateBpm><SensorState>Present</SensorState></Trackpoint><Trackpoint><Time>2025-07-19T11:08:10.987Z</Time><DistanceMeters>410.9649128384058</DistanceMeters><HeartRateBpm><Value>131</Value></HeartRateBpm><SensorState>Present</SensorState></Trackpoint><Trackpoint><Time>2025-07-19T11:08:11.987Z</Time><DistanceMeters>425.0</DistanceMeters><HeartRateBpm><Value>132</Value></HeartRateBpm><SensorState>Present</SensorState></Trackpoint><Trackpoint><Time>2025-07-19T11:08:12.987Z</Time><DistanceMeters>425.0</DistanceMeters><HeartRateBpm><Value>132</Value></HeartRateBpm><SensorState>Present</SensorState></Trackpoint><Trackpoint><Time>2025-07-19T11:08:13.987Z</Time><DistanceMeters>425.0</DistanceMeters><HeartRateBpm><Value>132</Value></HeartRateBpm><SensorState>Present</SensorState></Trackpoint><Trackpoint><Time>2025-07-19T11:08:14.987Z</Time><DistanceMeters>425.0</DistanceMeters><HeartRateBpm><Value>132</Value></HeartRateBpm><SensorState>Present</SensorState></Trackpoint><Trackpoint><Time>2025-07-19T11:08:15.987Z</Time><DistanceMeters>425.0</DistanceMeters><HeartRateBpm><Value>133</Value></HeartRateBpm><SensorState>Present</SensorState></Trackpoint><Trackpoint><Time>2025-07-19T11:08:16.987Z</Time><DistanceMeters>425.0</DistanceMeters><HeartRateBpm><Value>133</Value></HeartRateBpm><SensorState>Present</SensorState></Trackpoint><Trackpoint><Time>2025-07-19T11:08:17.987Z</Time><DistanceMeters>425.0</DistanceMeters><HeartRateBpm><Value>134</Value></HeartRateBpm><SensorState>Present</SensorState></Trackpoint><Trackpoint><Time>2025-07-19T11:08:18.987Z</Time><DistanceMeters>425.0</DistanceMeters><HeartRateBpm><Value>134</Value></HeartRateBpm><SensorState>Present</SensorState></Trackpoint><Trackpoint><Time>2025-07-19T11:08:19.987Z</Time><DistanceMeters>425.0</DistanceMeters><HeartRateBpm><Value>134</Value></HeartRateBpm><SensorState>Present</SensorState></Trackpoint><Trackpoint><Time>2025-07-19T11:08:20.987Z</Time><DistanceMeters>425.0</DistanceMeters><HeartRateBpm><Value>134</Value></HeartRateBpm><SensorState>Present</SensorState></Trackpoint><Trackpoint><Time>2025-07-19T11:08:21.987Z</Time><DistanceMeters>425.0</DistanceMeters><HeartRateBpm><Value>135</Value></HeartRateBpm><SensorState>Present</SensorState></Trackpoint><Trackpoint><Time>2025-07-19T11:08:22.987Z</Time><DistanceMeters>425.0</DistanceMeters><HeartRateBpm><Value>136</Value></HeartRateBpm><SensorState>Present</SensorState></Trackpoint><Trackpoint><Time>2025-07-19T11:08:23.987Z</Time><DistanceMeters>425.0</DistanceMeters><HeartRateBpm><Value>137</Value></HeartRateBpm><SensorState>Present</SensorState></Trackpoint><Trackpoint><Time>2025-07-19T11:08:24.987Z</Time><DistanceMeters>425.0</DistanceMeters><HeartRateBpm><Value>137</Value></HeartRateBpm><SensorState>Present</SensorState></Trackpoint><Trackpoint><Time>2025-07-19T11:08:25.987Z</Time><DistanceMeters>425.0</DistanceMeters><HeartRateBpm><Value>136</Value></HeartRateBpm><SensorState>Present</SensorState></Trackpoint><Trackpoint><Time>2025-07-19T11:08:26.987Z</Time><DistanceMeters>425.0</DistanceMeters><HeartRateBpm><Value>136</Value></HeartRateBpm><SensorState>Present</SensorState></Trackpoint><Trackpoint><Time>2025-07-19T11:08:27.987Z</Time><DistanceMeters>425.0</DistanceMeters><HeartRateBpm><Value>136</Value></HeartRateBpm><SensorState>Present</SensorState></Trackpoint><Trackpoint><Time>2025-07-19T11:08:28.987Z</Time><DistanceMeters>425.0</DistanceMeters><HeartRateBpm><Value>136</Value></HeartRateBpm><SensorState>Present</SensorState></Trackpoint><Trackpoint><Time>2025-07-19T11:08:29.987Z</Time><DistanceMeters>425.0</DistanceMeters><HeartRateBpm><Value>136</Value></HeartRateBpm><SensorState>Present</SensorState></Trackpoint><Trackpoint><Time>2025-07-19T11:08:30.987Z</Time><DistanceMeters>425.0</DistanceMeters><HeartRateBpm><Value>136</Value></HeartRateBpm><SensorState>Present</SensorState></Trackpoint><Trackpoint><Time>2025-07-19T11:08:31.987Z</Time><DistanceMeters>426.0964912838406</DistanceMeters><HeartRateBpm><Value>135</Value></HeartRateBpm><SensorState>Present</SensorState></Trackpoint><Trackpoint><Time>2025-07-19T11:08:32.987Z</Time><DistanceMeters>427.19298256768116</DistanceMeters><HeartRateBpm><Value>135</Value></HeartRateBpm><SensorState>Present</SensorState></Trackpoint><Trackpoint><Time>2025-07-19T11:08:33.987Z</Time><DistanceMeters>428.28947385152173</DistanceMeters><HeartRateBpm><Value>135</Value></HeartRateBpm><SensorState>Present</SensorState></Trackpoint><Trackpoint><Time>2025-07-19T11:08:34.987Z</Time><DistanceMeters>429.3859651353623</DistanceMeters><HeartRateBpm><Value>135</Value></HeartRateBpm><SensorState>Present</SensorState></Trackpoint><Trackpoint><Time>2025-07-19T11:08:35.987Z</Time><DistanceMeters>430.4824564192029</DistanceMeters><HeartRateBpm><Value>134</Value></HeartRateBpm><SensorState>Present</SensorState></Trackpoint><Trackpoint><Time>2025-07-19T11:08:36.987Z</Time><DistanceMeters>431.57894770304347</DistanceMeters><HeartRateBpm><Value>134</Value></HeartRateBpm><SensorState>Present</SensorState></Trackpoint><Trackpoint><Time>2025-07-19T11:08:37.987Z</Time><DistanceMeters>432.67543898688405</DistanceMeters><HeartRateBpm><Value>134</Value></HeartRateBpm><SensorState>Present</SensorState></Trackpoint><Trackpoint><Time>2025-07-19T11:08:38.987Z</Time><DistanceMeters>433.7719302707246</DistanceMeters><HeartRateBpm><Value>134</Value></HeartRateBpm><SensorState>Present</SensorState></Trackpoint><Trackpoint><Time>2025-07-19T11:08:39.987Z</Time><DistanceMeters>434.8684215545652</DistanceMeters><HeartRateBpm><Value>133</Value></HeartRateBpm><SensorState>Present</SensorState></Trackpoint><Trackpoint><Time>2025-07-19T11:08:40.987Z</Time><DistanceMeters>435.9649128384058</DistanceMeters><HeartRateBpm><Value>133</Value></HeartRateBpm><SensorState>Present</SensorState></Trackpoint><Trackpoint><Time>2025-07-19T11:08:41.987Z</Time><DistanceMeters>450.0</DistanceMeters><HeartRateBpm><Value>133</Value></HeartRateBpm><SensorState>Present</SensorState></Trackpoint><Trackpoint><Time>2025-07-19T11:08:42.987Z</Time><DistanceMeters>450.0</DistanceMeters><HeartRateBpm><Value>133</Value></HeartRateBpm><SensorState>Present</SensorState></Trackpoint><Trackpoint><Time>2025-07-19T11:08:43.987Z</Time><DistanceMeters>450.0</DistanceMeters><HeartRateBpm><Value>133</Value></HeartRateBpm><SensorState>Present</SensorState></Trackpoint><Trackpoint><Time>2025-07-19T11:08:44.987Z</Time><DistanceMeters>450.0</DistanceMeters><HeartRateBpm><Value>133</Value></HeartRateBpm><SensorState>Present</SensorState></Trackpoint><Trackpoint><Time>2025-07-19T11:08:45.987Z</Time><DistanceMeters>450.0</DistanceMeters><HeartRateBpm><Value>133</Value></HeartRateBpm><SensorState>Present</SensorState></Trackpoint><Trackpoint><Time>2025-07-19T11:08:46.987Z</Time><DistanceMeters>450.0</DistanceMeters><HeartRateBpm><Value>133</Value></HeartRateBpm><SensorState>Present</SensorState></Trackpoint><Trackpoint><Time>2025-07-19T11:08:47.987Z</Time><DistanceMeters>450.0</DistanceMeters><HeartRateBpm><Value>132</Value></HeartRateBpm><SensorState>Present</SensorState></Trackpoint><Trackpoint><Time>2025-07-19T11:08:48.987Z</Time><DistanceMeters>450.0</DistanceMeters><HeartRateBpm><Value>132</Value></HeartRateBpm><SensorState>Present</SensorState></Trackpoint><Trackpoint><Time>2025-07-19T11:08:49.987Z</Time><DistanceMeters>450.0</DistanceMeters><HeartRateBpm><Value>132</Value></HeartRateBpm><SensorState>Present</SensorState></Trackpoint><Trackpoint><Time>2025-07-19T11:08:50.987Z</Time><DistanceMeters>450.0</DistanceMeters><HeartRateBpm><Value>132</Value></HeartRateBpm><SensorState>Present</SensorState></Trackpoint><Trackpoint><Time>2025-07-19T11:08:51.987Z</Time><DistanceMeters>450.0</DistanceMeters><HeartRateBpm><Value>131</Value></HeartRateBpm><SensorState>Present</SensorState></Trackpoint><Trackpoint><Time>2025-07-19T11:08:52.987Z</Time><DistanceMeters>450.0</DistanceMeters><HeartRateBpm><Value>131</Value></HeartRateBpm><SensorState>Present</SensorState></Trackpoint><Trackpoint><Time>2025-07-19T11:08:53.987Z</Time><DistanceMeters>450.0</DistanceMeters><HeartRateBpm><Value>131</Value></HeartRateBpm><SensorState>Present</SensorState></Trackpoint><Trackpoint><Time>2025-07-19T11:08:54.987Z</Time><DistanceMeters>450.0</DistanceMeters><HeartRateBpm><Value>131</Value></HeartRateBpm><SensorState>Present</SensorState></Trackpoint><Trackpoint><Time>2025-07-19T11:08:55.987Z</Time><DistanceMeters>450.0</DistanceMeters><HeartRateBpm><Value>131</Value></HeartRateBpm><SensorState>Present</SensorState></Trackpoint><Trackpoint><Time>2025-07-19T11:08:56.987Z</Time><DistanceMeters>450.0</DistanceMeters><HeartRateBpm><Value>131</Value></HeartRateBpm><SensorState>Present</SensorState></Trackpoint><Trackpoint><Time>2025-07-19T11:08:57.987Z</Time><DistanceMeters>450.0</DistanceMeters><HeartRateBpm><Value>131</Value></HeartRateBpm><SensorState>Present</SensorState></Trackpoint><Trackpoint><Time>2025-07-19T11:08:58.987Z</Time><DistanceMeters>450.0</DistanceMeters><HeartRateBpm><Value>131</Value></HeartRateBpm><SensorState>Present</SensorState></Trackpoint><Trackpoint><Time>2025-07-19T11:08:59.987Z</Time><DistanceMeters>450.0</DistanceMeters><HeartRateBpm><Value>132</Value></HeartRateBpm><SensorState>Present</SensorState></Trackpoint><Trackpoint><Time>2025-07-19T11:09:00.987Z</Time><DistanceMeters>450.0</DistanceMeters><HeartRateBpm><Value>132</Value></HeartRateBpm><SensorState>Present</SensorState></Trackpoint><Trackpoint><Time>2025-07-19T11:09:01.987Z</Time><DistanceMeters>451.0964912838406</DistanceMeters><HeartRateBpm><Value>132</Value></HeartRateBpm><SensorState>Present</SensorState></Trackpoint><Trackpoint><Time>2025-07-19T11:09:02.987Z</Time><DistanceMeters>452.19298256768116</DistanceMeters><HeartRateBpm><Value>132</Value></HeartRateBpm><SensorState>Present</SensorState></Trackpoint><Trackpoint><Time>2025-07-19T11:09:03.987Z</Time><DistanceMeters>453.28947385152173</DistanceMeters><HeartRateBpm><Value>133</Value></HeartRateBpm><SensorState>Present</SensorState></Trackpoint><Trackpoint><Time>2025-07-19T11:09:04.987Z</Time><DistanceMeters>454.3859651353623</DistanceMeters><HeartRateBpm><Value>133</Value></HeartRateBpm><SensorState>Present</SensorState></Trackpoint><Trackpoint><Time>2025-07-19T11:09:05.987Z</Time><DistanceMeters>455.4824564192029</DistanceMeters><HeartRateBpm><Value>133</Value></HeartRateBpm><SensorState>Present</SensorState></Trackpoint><Trackpoint><Time>2025-07-19T11:09:06.987Z</Time><DistanceMeters>456.57894770304347</DistanceMeters><HeartRateBpm><Value>133</Value></HeartRateBpm><SensorState>Present</SensorState></Trackpoint><Trackpoint><Time>2025-07-19T11:09:07.987Z</Time><DistanceMeters>457.67543898688405</DistanceMeters><HeartRateBpm><Value>133</Value></HeartRateBpm><SensorState>Present</SensorState></Trackpoint><Trackpoint><Time>2025-07-19T11:09:08.987Z</Time><DistanceMeters>458.7719302707246</DistanceMeters><HeartRateBpm><Value>133</Value></HeartRateBpm><SensorState>Present</SensorState></Trackpoint><Trackpoint><Time>2025-07-19T11:09:09.987Z</Time><DistanceMeters>459.8684215545652</DistanceMeters><HeartRateBpm><Value>134</Value></HeartRateBpm><SensorState>Present</SensorState></Trackpoint><Trackpoint><Time>2025-07-19T11:09:10.987Z</Time><DistanceMeters>460.9649128384058</DistanceMeters><HeartRateBpm><Value>134</Value></HeartRateBpm><SensorState>Present</SensorState></Trackpoint><Trackpoint><Time>2025-07-19T11:09:11.987Z</Time><DistanceMeters>475.0</DistanceMeters><HeartRateBpm><Value>134</Value></HeartRateBpm><SensorState>Present</SensorState></Trackpoint><Trackpoint><Time>2025-07-19T11:09:12.987Z</Time><DistanceMeters>475.0</DistanceMeters><HeartRateBpm><Value>134</Value></HeartRateBpm><SensorState>Present</SensorState></Trackpoint><Trackpoint><Time>2025-07-19T11:09:13.987Z</Time><DistanceMeters>475.0</DistanceMeters><HeartRateBpm><Value>134</Value></HeartRateBpm><SensorState>Present</SensorState></Trackpoint><Trackpoint><Time>2025-07-19T11:09:14.987Z</Time><DistanceMeters>475.0</DistanceMeters><HeartRateBpm><Value>134</Value></HeartRateBpm><SensorState>Present</SensorState></Trackpoint><Trackpoint><Time>2025-07-19T11:09:15.987Z</Time><DistanceMeters>475.0</DistanceMeters><HeartRateBpm><Value>134</Value></HeartRateBpm><SensorState>Present</SensorState></Trackpoint><Trackpoint><Time>2025-07-19T11:09:16.987Z</Time><DistanceMeters>475.0</DistanceMeters><HeartRateBpm><Value>134</Value></HeartRateBpm><SensorState>Present</SensorState></Trackpoint><Trackpoint><Time>2025-07-19T11:09:17.987Z</Time><DistanceMeters>475.0</DistanceMeters><HeartRateBpm><Value>134</Value></HeartRateBpm><SensorState>Present</SensorState></Trackpoint><Trackpoint><Time>2025-07-19T11:09:18.987Z</Time><DistanceMeters>475.0</DistanceMeters><HeartRateBpm><Value>133</Value></HeartRateBpm><SensorState>Present</SensorState></Trackpoint><Trackpoint><Time>2025-07-19T11:09:19.987Z</Time><DistanceMeters>475.0</DistanceMeters><HeartRateBpm><Value>133</Value></HeartRateBpm><SensorState>Present</SensorState></Trackpoint><Trackpoint><Time>2025-07-19T11:09:20.987Z</Time><DistanceMeters>475.0</DistanceMeters><HeartRateBpm><Value>132</Value></HeartRateBpm><SensorState>Present</SensorState></Trackpoint><Trackpoint><Time>2025-07-19T11:09:21.987Z</Time><DistanceMeters>475.0</DistanceMeters><HeartRateBpm><Value>132</Value></HeartRateBpm><SensorState>Present</SensorState></Trackpoint><Trackpoint><Time>2025-07-19T11:09:22.987Z</Time><DistanceMeters>475.0</DistanceMeters><HeartRateBpm><Value>132</Value></HeartRateBpm><SensorState>Present</SensorState></Trackpoint><Trackpoint><Time>2025-07-19T11:09:23.987Z</Time><DistanceMeters>475.0</DistanceMeters><HeartRateBpm><Value>132</Value></HeartRateBpm><SensorState>Present</SensorState></Trackpoint><Trackpoint><Time>2025-07-19T11:09:24.987Z</Time><DistanceMeters>475.0</DistanceMeters><HeartRateBpm><Value>132</Value></HeartRateBpm><SensorState>Present</SensorState></Trackpoint><Trackpoint><Time>2025-07-19T11:09:25.987Z</Time><DistanceMeters>475.0</DistanceMeters><HeartRateBpm><Value>131</Value></HeartRateBpm><SensorState>Present</SensorState></Trackpoint><Trackpoint><Time>2025-07-19T11:09:26.987Z</Time><DistanceMeters>475.0</DistanceMeters><HeartRateBpm><Value>131</Value></HeartRateBpm><SensorState>Present</SensorState></Trackpoint><Trackpoint><Time>2025-07-19T11:09:27.987Z</Time><DistanceMeters>475.0</DistanceMeters><HeartRateBpm><Value>131</Value></HeartRateBpm><SensorState>Present</SensorState></Trackpoint><Trackpoint><Time>2025-07-19T11:09:28.987Z</Time><DistanceMeters>475.0</DistanceMeters><HeartRateBpm><Value>131</Value></HeartRateBpm><SensorState>Present</SensorState></Trackpoint><Trackpoint><Time>2025-07-19T11:09:29.987Z</Time><DistanceMeters>475.0</DistanceMeters><HeartRateBpm><Value>132</Value></HeartRateBpm><SensorState>Present</SensorState></Trackpoint><Trackpoint><Time>2025-07-19T11:09:30.987Z</Time><DistanceMeters>475.0</DistanceMeters><HeartRateBpm><Value>132</Value></HeartRateBpm><SensorState>Present</SensorState></Trackpoint><Trackpoint><Time>2025-07-19T11:09:31.987Z</Time><DistanceMeters>475.0</DistanceMeters><HeartRateBpm><Value>132</Value></HeartRateBpm><SensorState>Present</SensorState></Trackpoint><Trackpoint><Time>2025-07-19T11:09:32.987Z</Time><DistanceMeters>476.0964912838406</DistanceMeters><HeartRateBpm><Value>132</Value></HeartRateBpm><SensorState>Present</SensorState></Trackpoint><Trackpoint><Time>2025-07-19T11:09:33.987Z</Time><DistanceMeters>477.19298256768116</DistanceMeters><HeartRateBpm><Value>132</Value></HeartRateBpm><SensorState>Present</SensorState></Trackpoint><Trackpoint><Time>2025-07-19T11:09:34.987Z</Time><DistanceMeters>478.28947385152173</DistanceMeters><HeartRateBpm><Value>132</Value></HeartRateBpm><SensorState>Present</SensorState></Trackpoint><Trackpoint><Time>2025-07-19T11:09:35.987Z</Time><DistanceMeters>479.3859651353623</DistanceMeters><HeartRateBpm><Value>132</Value></HeartRateBpm><SensorState>Present</SensorState></Trackpoint><Trackpoint><Time>2025-07-19T11:09:36.987Z</Time><DistanceMeters>480.4824564192029</DistanceMeters><HeartRateBpm><Value>132</Value></HeartRateBpm><SensorState>Present</SensorState></Trackpoint><Trackpoint><Time>2025-07-19T11:09:37.987Z</Time><DistanceMeters>481.57894770304347</DistanceMeters><HeartRateBpm><Value>132</Value></HeartRateBpm><SensorState>Present</SensorState></Trackpoint><Trackpoint><Time>2025-07-19T11:09:38.987Z</Time><DistanceMeters>482.67543898688405</DistanceMeters><HeartRateBpm><Value>131</Value></HeartRateBpm><SensorState>Present</SensorState></Trackpoint><Trackpoint><Time>2025-07-19T11:09:39.987Z</Time><DistanceMeters>483.7719302707246</DistanceMeters><HeartRateBpm><Value>132</Value></HeartRateBpm><SensorState>Present</SensorState></Trackpoint><Trackpoint><Time>2025-07-19T11:09:40.987Z</Time><DistanceMeters>484.8684215545652</DistanceMeters><HeartRateBpm><Value>132</Value></HeartRateBpm><SensorState>Present</SensorState></Trackpoint><Trackpoint><Time>2025-07-19T11:09:41.987Z</Time><DistanceMeters>485.9649128384058</DistanceMeters><HeartRateBpm><Value>132</Value></HeartRateBpm><SensorState>Present</SensorState></Trackpoint><Trackpoint><Time>2025-07-19T11:09:42.987Z</Time><DistanceMeters>500.0</DistanceMeters><HeartRateBpm><Value>132</Value></HeartRateBpm><SensorState>Present</SensorState></Trackpoint><Trackpoint><Time>2025-07-19T11:09:43.987Z</Time><DistanceMeters>500.0</DistanceMeters><HeartRateBpm><Value>133</Value></HeartRateBpm><SensorState>Present</SensorState></Trackpoint><Trackpoint><Time>2025-07-19T11:09:44.987Z</Time><DistanceMeters>500.0</DistanceMeters><HeartRateBpm><Value>133</Value></HeartRateBpm><SensorState>Present</SensorState></Trackpoint><Trackpoint><Time>2025-07-19T11:09:45.987Z</Time><DistanceMeters>500.0</DistanceMeters><HeartRateBpm><Value>133</Value></HeartRateBpm><SensorState>Present</SensorState></Trackpoint><Trackpoint><Time>2025-07-19T11:09:46.987Z</Time><DistanceMeters>500.0</DistanceMeters><HeartRateBpm><Value>133</Value></HeartRateBpm><SensorState>Present</SensorState></Trackpoint><Trackpoint><Time>2025-07-19T11:09:47.987Z</Time><DistanceMeters>500.0</DistanceMeters><HeartRateBpm><Value>133</Value></HeartRateBpm><SensorState>Present</SensorState></Trackpoint><Trackpoint><Time>2025-07-19T11:09:48.987Z</Time><DistanceMeters>500.0</DistanceMeters><HeartRateBpm><Value>133</Value></HeartRateBpm><SensorState>Present</SensorState></Trackpoint><Trackpoint><Time>2025-07-19T11:09:49.987Z</Time><DistanceMeters>500.0</DistanceMeters><HeartRateBpm><Value>132</Value></HeartRateBpm><SensorState>Present</SensorState></Trackpoint><Trackpoint><Time>2025-07-19T11:09:50.987Z</Time><DistanceMeters>500.0</DistanceMeters><HeartRateBpm><Value>131</Value></HeartRateBpm><SensorState>Present</SensorState></Trackpoint><Trackpoint><Time>2025-07-19T11:09:51.987Z</Time><DistanceMeters>500.0</DistanceMeters><HeartRateBpm><Value>130</Value></HeartRateBpm><SensorState>Present</SensorState></Trackpoint><Trackpoint><Time>2025-07-19T11:09:52.987Z</Time><DistanceMeters>500.0</DistanceMeters><HeartRateBpm><Value>130</Value></HeartRateBpm><SensorState>Present</SensorState></Trackpoint><Trackpoint><Time>2025-07-19T11:09:53.987Z</Time><DistanceMeters>500.0</DistanceMeters><HeartRateBpm><Value>129</Value></HeartRateBpm><SensorState>Present</SensorState></Trackpoint><Trackpoint><Time>2025-07-19T11:09:54.987Z</Time><DistanceMeters>500.0</DistanceMeters><HeartRateBpm><Value>129</Value></HeartRateBpm><SensorState>Present</SensorState></Trackpoint><Trackpoint><Time>2025-07-19T11:09:55.987Z</Time><DistanceMeters>500.0</DistanceMeters><HeartRateBpm><Value>128</Value></HeartRateBpm><SensorState>Present</SensorState></Trackpoint><Trackpoint><Time>2025-07-19T11:09:56.987Z</Time><DistanceMeters>500.0</DistanceMeters><HeartRateBpm><Value>129</Value></HeartRateBpm><SensorState>Present</SensorState></Trackpoint><Trackpoint><Time>2025-07-19T11:09:57.987Z</Time><DistanceMeters>500.0</DistanceMeters><HeartRateBpm><Value>129</Value></HeartRateBpm><SensorState>Present</SensorState></Trackpoint><Trackpoint><Time>2025-07-19T11:09:58.987Z</Time><DistanceMeters>500.0</DistanceMeters><HeartRateBpm><Value>129</Value></HeartRateBpm><SensorState>Present</SensorState></Trackpoint><Trackpoint><Time>2025-07-19T11:09:59.987Z</Time><DistanceMeters>500.0</DistanceMeters><HeartRateBpm><Value>130</Value></HeartRateBpm><SensorState>Present</SensorState></Trackpoint><Trackpoint><Time>2025-07-19T11:10:00.987Z</Time><DistanceMeters>500.0</DistanceMeters><HeartRateBpm><Value>131</Value></HeartRateBpm><SensorState>Present</SensorState></Trackpoint><Trackpoint><Time>2025-07-19T11:10:01.987Z</Time><DistanceMeters>500.0</DistanceMeters><HeartRateBpm><Value>131</Value></HeartRateBpm><SensorState>Present</SensorState></Trackpoint><Trackpoint><Time>2025-07-19T11:10:02.987Z</Time><DistanceMeters>501.0964912838406</DistanceMeters><HeartRateBpm><Value>132</Value></HeartRateBpm><SensorState>Present</SensorState></Trackpoint><Trackpoint><Time>2025-07-19T11:10:03.987Z</Time><DistanceMeters>502.19298256768116</DistanceMeters><HeartRateBpm><Value>132</Value></HeartRateBpm><SensorState>Present</SensorState></Trackpoint><Trackpoint><Time>2025-07-19T11:10:04.987Z</Time><DistanceMeters>503.28947385152173</DistanceMeters><HeartRateBpm><Value>132</Value></HeartRateBpm><SensorState>Present</SensorState></Trackpoint><Trackpoint><Time>2025-07-19T11:10:05.987Z</Time><DistanceMeters>504.3859651353623</DistanceMeters><HeartRateBpm><Value>133</Value></HeartRateBpm><SensorState>Present</SensorState></Trackpoint><Trackpoint><Time>2025-07-19T11:10:06.987Z</Time><DistanceMeters>505.4824564192029</DistanceMeters><HeartRateBpm><Value>133</Value></HeartRateBpm><SensorState>Present</SensorState></Trackpoint><Trackpoint><Time>2025-07-19T11:10:07.987Z</Time><DistanceMeters>506.57894770304347</DistanceMeters><HeartRateBpm><Value>133</Value></HeartRateBpm><SensorState>Present</SensorState></Trackpoint><Trackpoint><Time>2025-07-19T11:10:08.987Z</Time><DistanceMeters>507.67543898688405</DistanceMeters><HeartRateBpm><Value>133</Value></HeartRateBpm><SensorState>Present</SensorState></Trackpoint><Trackpoint><Time>2025-07-19T11:10:09.987Z</Time><DistanceMeters>508.7719302707246</DistanceMeters><HeartRateBpm><Value>133</Value></HeartRateBpm><SensorState>Present</SensorState></Trackpoint><Trackpoint><Time>2025-07-19T11:10:10.987Z</Time><DistanceMeters>509.8684215545652</DistanceMeters><HeartRateBpm><Value>133</Value></HeartRateBpm><SensorState>Present</SensorState></Trackpoint><Trackpoint><Time>2025-07-19T11:10:11.987Z</Time><DistanceMeters>510.9649128384058</DistanceMeters><HeartRateBpm><Value>133</Value></HeartRateBpm><SensorState>Present</SensorState></Trackpoint><Trackpoint><Time>2025-07-19T11:10:12.987Z</Time><DistanceMeters>525.0</DistanceMeters><HeartRateBpm><Value>133</Value></HeartRateBpm><SensorState>Present</SensorState></Trackpoint><Trackpoint><Time>2025-07-19T11:10:13.987Z</Time><DistanceMeters>525.0</DistanceMeters><HeartRateBpm><Value>133</Value></HeartRateBpm><SensorState>Present</SensorState></Trackpoint><Trackpoint><Time>2025-07-19T11:10:14.987Z</Time><DistanceMeters>525.0</DistanceMeters><HeartRateBpm><Value>133</Value></HeartRateBpm><SensorState>Present</SensorState></Trackpoint><Trackpoint><Time>2025-07-19T11:10:15.987Z</Time><DistanceMeters>525.0</DistanceMeters><HeartRateBpm><Value>133</Value></HeartRateBpm><SensorState>Present</SensorState></Trackpoint><Trackpoint><Time>2025-07-19T11:10:16.987Z</Time><DistanceMeters>525.0</DistanceMeters><HeartRateBpm><Value>133</Value></HeartRateBpm><SensorState>Present</SensorState></Trackpoint><Trackpoint><Time>2025-07-19T11:10:17.987Z</Time><DistanceMeters>525.0</DistanceMeters><HeartRateBpm><Value>132</Value></HeartRateBpm><SensorState>Present</SensorState></Trackpoint><Trackpoint><Time>2025-07-19T11:10:18.987Z</Time><DistanceMeters>525.0</DistanceMeters><HeartRateBpm><Value>132</Value></HeartRateBpm><SensorState>Present</SensorState></Trackpoint><Trackpoint><Time>2025-07-19T11:10:19.987Z</Time><DistanceMeters>525.0</DistanceMeters><HeartRateBpm><Value>132</Value></HeartRateBpm><SensorState>Present</SensorState></Trackpoint><Trackpoint><Time>2025-07-19T11:10:20.987Z</Time><DistanceMeters>525.0</DistanceMeters><HeartRateBpm><Value>132</Value></HeartRateBpm><SensorState>Present</SensorState></Trackpoint><Trackpoint><Time>2025-07-19T11:10:21.987Z</Time><DistanceMeters>525.0</DistanceMeters><HeartRateBpm><Value>132</Value></HeartRateBpm><SensorState>Present</SensorState></Trackpoint><Trackpoint><Time>2025-07-19T11:10:22.987Z</Time><DistanceMeters>525.0</DistanceMeters><HeartRateBpm><Value>132</Value></HeartRateBpm><SensorState>Present</SensorState></Trackpoint><Trackpoint><Time>2025-07-19T11:10:23.987Z</Time><DistanceMeters>525.0</DistanceMeters><HeartRateBpm><Value>133</Value></HeartRateBpm><SensorState>Present</SensorState></Trackpoint><Trackpoint><Time>2025-07-19T11:10:24.987Z</Time><DistanceMeters>525.0</DistanceMeters><HeartRateBpm><Value>133</Value></HeartRateBpm><SensorState>Present</SensorState></Trackpoint><Trackpoint><Time>2025-07-19T11:10:25.987Z</Time><DistanceMeters>525.0</DistanceMeters><HeartRateBpm><Value>133</Value></HeartRateBpm><SensorState>Present</SensorState></Trackpoint><Trackpoint><Time>2025-07-19T11:10:26.987Z</Time><DistanceMeters>525.0</DistanceMeters><HeartRateBpm><Value>134</Value></HeartRateBpm><SensorState>Present</SensorState></Trackpoint><Trackpoint><Time>2025-07-19T11:10:27.987Z</Time><DistanceMeters>525.0</DistanceMeters><HeartRateBpm><Value>134</Value></HeartRateBpm><SensorState>Present</SensorState></Trackpoint><Trackpoint><Time>2025-07-19T11:10:28.987Z</Time><DistanceMeters>525.0</DistanceMeters><HeartRateBpm><Value>134</Value></HeartRateBpm><SensorState>Present</SensorState></Trackpoint><Trackpoint><Time>2025-07-19T11:10:29.987Z</Time><DistanceMeters>525.0</DistanceMeters><HeartRateBpm><Value>134</Value></HeartRateBpm><SensorState>Present</SensorState></Trackpoint><Trackpoint><Time>2025-07-19T11:10:30.987Z</Time><DistanceMeters>525.0</DistanceMeters><HeartRateBpm><Value>134</Value></HeartRateBpm><SensorState>Present</SensorState></Trackpoint><Trackpoint><Time>2025-07-19T11:10:31.987Z</Time><DistanceMeters>525.0</DistanceMeters><HeartRateBpm><Value>133</Value></HeartRateBpm><SensorState>Present</SensorState></Trackpoint><Trackpoint><Time>2025-07-19T11:10:32.987Z</Time><DistanceMeters>525.0</DistanceMeters><HeartRateBpm><Value>133</Value></HeartRateBpm><SensorState>Present</SensorState></Trackpoint><Trackpoint><Time>2025-07-19T11:10:33.987Z</Time><DistanceMeters>526.0964912838406</DistanceMeters><HeartRateBpm><Value>133</Value></HeartRateBpm><SensorState>Present</SensorState></Trackpoint><Trackpoint><Time>2025-07-19T11:10:34.987Z</Time><DistanceMeters>527.1929825676812</DistanceMeters><HeartRateBpm><Value>133</Value></HeartRateBpm><SensorState>Present</SensorState></Trackpoint><Trackpoint><Time>2025-07-19T11:10:35.987Z</Time><DistanceMeters>528.2894738515217</DistanceMeters><HeartRateBpm><Value>132</Value></HeartRateBpm><SensorState>Present</SensorState></Trackpoint><Trackpoint><Time>2025-07-19T11:10:36.987Z</Time><DistanceMeters>529.3859651353623</DistanceMeters><HeartRateBpm><Value>132</Value></HeartRateBpm><SensorState>Present</SensorState></Trackpoint><Trackpoint><Time>2025-07-19T11:10:37.987Z</Time><DistanceMeters>530.4824564192029</DistanceMeters><HeartRateBpm><Value>132</Value></HeartRateBpm><SensorState>Present</SensorState></Trackpoint><Trackpoint><Time>2025-07-19T11:10:38.987Z</Time><DistanceMeters>531.5789477030435</DistanceMeters><HeartRateBpm><Value>132</Value></HeartRateBpm><SensorState>Present</SensorState></Trackpoint><Trackpoint><Time>2025-07-19T11:10:39.987Z</Time><DistanceMeters>532.675438986884</DistanceMeters><HeartRateBpm><Value>132</Value></HeartRateBpm><SensorState>Present</SensorState></Trackpoint><Trackpoint><Time>2025-07-19T11:10:40.987Z</Time><DistanceMeters>533.7719302707246</DistanceMeters><HeartRateBpm><Value>132</Value></HeartRateBpm><SensorState>Present</SensorState></Trackpoint><Trackpoint><Time>2025-07-19T11:10:41.987Z</Time><DistanceMeters>534.8684215545652</DistanceMeters><HeartRateBpm><Value>132</Value></HeartRateBpm><SensorState>Present</SensorState></Trackpoint><Trackpoint><Time>2025-07-19T11:10:42.987Z</Time><DistanceMeters>535.9649128384058</DistanceMeters><HeartRateBpm><Value>132</Value></HeartRateBpm><SensorState>Present</SensorState></Trackpoint><Trackpoint><Time>2025-07-19T11:10:43.987Z</Time><DistanceMeters>550.0</DistanceMeters><HeartRateBpm><Value>133</Value></HeartRateBpm><SensorState>Present</SensorState></Trackpoint><Trackpoint><Time>2025-07-19T11:10:44.987Z</Time><DistanceMeters>550.0</DistanceMeters><HeartRateBpm><Value>134</Value></HeartRateBpm><SensorState>Present</SensorState></Trackpoint><Trackpoint><Time>2025-07-19T11:10:45.987Z</Time><DistanceMeters>550.0</DistanceMeters><HeartRateBpm><Value>136</Value></HeartRateBpm><SensorState>Present</SensorState></Trackpoint><Trackpoint><Time>2025-07-19T11:10:46.987Z</Time><DistanceMeters>550.0</DistanceMeters><HeartRateBpm><Value>136</Value></HeartRateBpm><SensorState>Present</SensorState></Trackpoint><Trackpoint><Time>2025-07-19T11:10:47.987Z</Time><DistanceMeters>550.0</DistanceMeters><HeartRateBpm><Value>138</Value></HeartRateBpm><SensorState>Present</SensorState></Trackpoint><Trackpoint><Time>2025-07-19T11:10:48.987Z</Time><DistanceMeters>550.0</DistanceMeters><HeartRateBpm><Value>139</Value></HeartRateBpm><SensorState>Present</SensorState></Trackpoint><Trackpoint><Time>2025-07-19T11:10:49.987Z</Time><DistanceMeters>550.0</DistanceMeters><HeartRateBpm><Value>140</Value></HeartRateBpm><SensorState>Present</SensorState></Trackpoint><Trackpoint><Time>2025-07-19T11:10:50.987Z</Time><DistanceMeters>550.0</DistanceMeters><HeartRateBpm><Value>140</Value></HeartRateBpm><SensorState>Present</SensorState></Trackpoint><Trackpoint><Time>2025-07-19T11:10:51.987Z</Time><DistanceMeters>550.0</DistanceMeters><HeartRateBpm><Value>140</Value></HeartRateBpm><SensorState>Present</SensorState></Trackpoint><Trackpoint><Time>2025-07-19T11:10:52.987Z</Time><DistanceMeters>550.0</DistanceMeters><HeartRateBpm><Value>139</Value></HeartRateBpm><SensorState>Present</SensorState></Trackpoint><Trackpoint><Time>2025-07-19T11:10:53.987Z</Time><DistanceMeters>550.0</DistanceMeters><HeartRateBpm><Value>139</Value></HeartRateBpm><SensorState>Present</SensorState></Trackpoint><Trackpoint><Time>2025-07-19T11:10:54.987Z</Time><DistanceMeters>550.0</DistanceMeters><HeartRateBpm><Value>138</Value></HeartRateBpm><SensorState>Present</SensorState></Trackpoint><Trackpoint><Time>2025-07-19T11:10:55.987Z</Time><DistanceMeters>550.0</DistanceMeters><HeartRateBpm><Value>137</Value></HeartRateBpm><SensorState>Present</SensorState></Trackpoint><Trackpoint><Time>2025-07-19T11:10:56.987Z</Time><DistanceMeters>550.0</DistanceMeters><HeartRateBpm><Value>137</Value></HeartRateBpm><SensorState>Present</SensorState></Trackpoint><Trackpoint><Time>2025-07-19T11:10:57.987Z</Time><DistanceMeters>550.0</DistanceMeters><HeartRateBpm><Value>137</Value></HeartRateBpm><SensorState>Present</SensorState></Trackpoint><Trackpoint><Time>2025-07-19T11:10:58.987Z</Time><DistanceMeters>550.0</DistanceMeters><HeartRateBpm><Value>137</Value></HeartRateBpm><SensorState>Present</SensorState></Trackpoint><Trackpoint><Time>2025-07-19T11:10:59.987Z</Time><DistanceMeters>550.0</DistanceMeters><HeartRateBpm><Value>136</Value></HeartRateBpm><SensorState>Present</SensorState></Trackpoint><Trackpoint><Time>2025-07-19T11:11:00.987Z</Time><DistanceMeters>550.0</DistanceMeters><HeartRateBpm><Value>136</Value></HeartRateBpm><SensorState>Present</SensorState></Trackpoint><Trackpoint><Time>2025-07-19T11:11:01.987Z</Time><DistanceMeters>550.0</DistanceMeters><HeartRateBpm><Value>136</Value></HeartRateBpm><SensorState>Present</SensorState></Trackpoint><Trackpoint><Time>2025-07-19T11:11:02.987Z</Time><DistanceMeters>550.0</DistanceMeters><HeartRateBpm><Value>135</Value></HeartRateBpm><SensorState>Present</SensorState></Trackpoint><Trackpoint><Time>2025-07-19T11:11:03.987Z</Time><DistanceMeters>551.0964912838406</DistanceMeters><HeartRateBpm><Value>135</Value></HeartRateBpm><SensorState>Present</SensorState></Trackpoint><Trackpoint><Time>2025-07-19T11:11:04.987Z</Time><DistanceMeters>552.1929825676812</DistanceMeters><HeartRateBpm><Value>135</Value></HeartRateBpm><SensorState>Present</SensorState></Trackpoint><Trackpoint><Time>2025-07-19T11:11:05.987Z</Time><DistanceMeters>553.2894738515217</DistanceMeters><HeartRateBpm><Value>134</Value></HeartRateBpm><SensorState>Present</SensorState></Trackpoint><Trackpoint><Time>2025-07-19T11:11:06.987Z</Time><DistanceMeters>554.3859651353623</DistanceMeters><HeartRateBpm><Value>134</Value></HeartRateBpm><SensorState>Present</SensorState></Trackpoint><Trackpoint><Time>2025-07-19T11:11:07.987Z</Time><DistanceMeters>555.4824564192029</DistanceMeters><HeartRateBpm><Value>133</Value></HeartRateBpm><SensorState>Present</SensorState></Trackpoint><Trackpoint><Time>2025-07-19T11:11:08.987Z</Time><DistanceMeters>556.5789477030435</DistanceMeters><HeartRateBpm><Value>133</Value></HeartRateBpm><SensorState>Present</SensorState></Trackpoint><Trackpoint><Time>2025-07-19T11:11:09.987Z</Time><DistanceMeters>557.675438986884</DistanceMeters><HeartRateBpm><Value>133</Value></HeartRateBpm><SensorState>Present</SensorState></Trackpoint><Trackpoint><Time>2025-07-19T11:11:10.987Z</Time><DistanceMeters>558.7719302707246</DistanceMeters><HeartRateBpm><Value>132</Value></HeartRateBpm><SensorState>Present</SensorState></Trackpoint><Trackpoint><Time>2025-07-19T11:11:11.987Z</Time><DistanceMeters>559.8684215545652</DistanceMeters><HeartRateBpm><Value>132</Value></HeartRateBpm><SensorState>Present</SensorState></Trackpoint><Trackpoint><Time>2025-07-19T11:11:12.987Z</Time><DistanceMeters>560.9649128384058</DistanceMeters><HeartRateBpm><Value>132</Value></HeartRateBpm><SensorState>Present</SensorState></Trackpoint><Trackpoint><Time>2025-07-19T11:11:13.987Z</Time><DistanceMeters>575.0</DistanceMeters><HeartRateBpm><Value>131</Value></HeartRateBpm><SensorState>Present</SensorState></Trackpoint><Trackpoint><Time>2025-07-19T11:11:14.987Z</Time><DistanceMeters>575.0</DistanceMeters><HeartRateBpm><Value>131</Value></HeartRateBpm><SensorState>Present</SensorState></Trackpoint><Trackpoint><Time>2025-07-19T11:11:15.987Z</Time><DistanceMeters>575.0</DistanceMeters><HeartRateBpm><Value>131</Value></HeartRateBpm><SensorState>Present</SensorState></Trackpoint><Trackpoint><Time>2025-07-19T11:11:16.987Z</Time><DistanceMeters>575.0</DistanceMeters><HeartRateBpm><Value>130</Value></HeartRateBpm><SensorState>Present</SensorState></Trackpoint><Trackpoint><Time>2025-07-19T11:11:17.987Z</Time><DistanceMeters>575.0</DistanceMeters><HeartRateBpm><Value>130</Value></HeartRateBpm><SensorState>Present</SensorState></Trackpoint><Trackpoint><Time>2025-07-19T11:11:18.987Z</Time><DistanceMeters>575.0</DistanceMeters><HeartRateBpm><Value>130</Value></HeartRateBpm><SensorState>Present</SensorState></Trackpoint><Trackpoint><Time>2025-07-19T11:11:19.987Z</Time><DistanceMeters>575.0</DistanceMeters><HeartRateBpm><Value>129</Value></HeartRateBpm><SensorState>Present</SensorState></Trackpoint><Trackpoint><Time>2025-07-19T11:11:20.987Z</Time><DistanceMeters>575.0</DistanceMeters><HeartRateBpm><Value>128</Value></HeartRateBpm><SensorState>Present</SensorState></Trackpoint><Trackpoint><Time>2025-07-19T11:11:21.987Z</Time><DistanceMeters>575.0</DistanceMeters><HeartRateBpm><Value>129</Value></HeartRateBpm><SensorState>Present</SensorState></Trackpoint><Trackpoint><Time>2025-07-19T11:11:22.987Z</Time><DistanceMeters>575.0</DistanceMeters><HeartRateBpm><Value>129</Value></HeartRateBpm><SensorState>Present</SensorState></Trackpoint><Trackpoint><Time>2025-07-19T11:11:23.987Z</Time><DistanceMeters>575.0</DistanceMeters><HeartRateBpm><Value>128</Value></HeartRateBpm><SensorState>Present</SensorState></Trackpoint><Trackpoint><Time>2025-07-19T11:11:24.987Z</Time><DistanceMeters>575.0</DistanceMeters><HeartRateBpm><Value>128</Value></HeartRateBpm><SensorState>Present</SensorState></Trackpoint><Trackpoint><Time>2025-07-19T11:11:25.987Z</Time><DistanceMeters>575.0</DistanceMeters><HeartRateBpm><Value>129</Value></HeartRateBpm><SensorState>Present</SensorState></Trackpoint><Trackpoint><Time>2025-07-19T11:11:26.987Z</Time><DistanceMeters>575.0</DistanceMeters><HeartRateBpm><Value>128</Value></HeartRateBpm><SensorState>Present</SensorState></Trackpoint><Trackpoint><Time>2025-07-19T11:11:27.987Z</Time><DistanceMeters>575.0</DistanceMeters><HeartRateBpm><Value>128</Value></HeartRateBpm><SensorState>Present</SensorState></Trackpoint><Trackpoint><Time>2025-07-19T11:11:28.987Z</Time><DistanceMeters>575.0</DistanceMeters><HeartRateBpm><Value>127</Value></HeartRateBpm><SensorState>Present</SensorState></Trackpoint><Trackpoint><Time>2025-07-19T11:11:29.987Z</Time><DistanceMeters>575.0</DistanceMeters><HeartRateBpm><Value>127</Value></HeartRateBpm><SensorState>Present</SensorState></Trackpoint><Trackpoint><Time>2025-07-19T11:11:30.987Z</Time><DistanceMeters>575.0</DistanceMeters><HeartRateBpm><Value>126</Value></HeartRateBpm><SensorState>Present</SensorState></Trackpoint><Trackpoint><Time>2025-07-19T11:11:31.987Z</Time><DistanceMeters>575.0</DistanceMeters><HeartRateBpm><Value>127</Value></HeartRateBpm><SensorState>Present</SensorState></Trackpoint><Trackpoint><Time>2025-07-19T11:11:32.987Z</Time><DistanceMeters>575.0</DistanceMeters><HeartRateBpm><Value>127</Value></HeartRateBpm><SensorState>Present</SensorState></Trackpoint><Trackpoint><Time>2025-07-19T11:11:33.987Z</Time><DistanceMeters>575.0</DistanceMeters><HeartRateBpm><Value>129</Value></HeartRateBpm><SensorState>Present</SensorState></Trackpoint><Trackpoint><Time>2025-07-19T11:11:34.987Z</Time><DistanceMeters>576.0964912838406</DistanceMeters><HeartRateBpm><Value>130</Value></HeartRateBpm><SensorState>Present</SensorState></Trackpoint><Trackpoint><Time>2025-07-19T11:11:35.987Z</Time><DistanceMeters>577.1929825676812</DistanceMeters><HeartRateBpm><Value>130</Value></HeartRateBpm><SensorState>Present</SensorState></Trackpoint><Trackpoint><Time>2025-07-19T11:11:36.987Z</Time><DistanceMeters>578.2894738515217</DistanceMeters><HeartRateBpm><Value>131</Value></HeartRateBpm><SensorState>Present</SensorState></Trackpoint><Trackpoint><Time>2025-07-19T11:11:37.987Z</Time><DistanceMeters>579.3859651353623</DistanceMeters><HeartRateBpm><Value>131</Value></HeartRateBpm><SensorState>Present</SensorState></Trackpoint><Trackpoint><Time>2025-07-19T11:11:38.987Z</Time><DistanceMeters>580.4824564192029</DistanceMeters><HeartRateBpm><Value>131</Value></HeartRateBpm><SensorState>Present</SensorState></Trackpoint><Trackpoint><Time>2025-07-19T11:11:39.987Z</Time><DistanceMeters>581.5789477030435</DistanceMeters><HeartRateBpm><Value>131</Value></HeartRateBpm><SensorState>Present</SensorState></Trackpoint><Trackpoint><Time>2025-07-19T11:11:40.987Z</Time><DistanceMeters>582.675438986884</DistanceMeters><HeartRateBpm><Value>132</Value></HeartRateBpm><SensorState>Present</SensorState></Trackpoint><Trackpoint><Time>2025-07-19T11:11:41.987Z</Time><DistanceMeters>583.7719302707246</DistanceMeters><HeartRateBpm><Value>132</Value></HeartRateBpm><SensorState>Present</SensorState></Trackpoint><Trackpoint><Time>2025-07-19T11:11:42.987Z</Time><DistanceMeters>584.8684215545652</DistanceMeters><HeartRateBpm><Value>132</Value></HeartRateBpm><SensorState>Present</SensorState></Trackpoint><Trackpoint><Time>2025-07-19T11:11:43.987Z</Time><DistanceMeters>585.9649128384058</DistanceMeters><HeartRateBpm><Value>132</Value></HeartRateBpm><SensorState>Present</SensorState></Trackpoint><Trackpoint><Time>2025-07-19T11:11:44.987Z</Time><DistanceMeters>600.0</DistanceMeters><HeartRateBpm><Value>132</Value></HeartRateBpm><SensorState>Present</SensorState></Trackpoint><Trackpoint><Time>2025-07-19T11:11:45.987Z</Time><DistanceMeters>600.0</DistanceMeters><HeartRateBpm><Value>132</Value></HeartRateBpm><SensorState>Present</SensorState></Trackpoint><Trackpoint><Time>2025-07-19T11:11:46.987Z</Time><DistanceMeters>600.0</DistanceMeters><HeartRateBpm><Value>132</Value></HeartRateBpm><SensorState>Present</SensorState></Trackpoint><Trackpoint><Time>2025-07-19T11:11:47.987Z</Time><DistanceMeters>600.0</DistanceMeters><HeartRateBpm><Value>132</Value></HeartRateBpm><SensorState>Present</SensorState></Trackpoint><Trackpoint><Time>2025-07-19T11:11:48.987Z</Time><DistanceMeters>600.0</DistanceMeters><HeartRateBpm><Value>132</Value></HeartRateBpm><SensorState>Present</SensorState></Trackpoint><Trackpoint><Time>2025-07-19T11:11:49.987Z</Time><DistanceMeters>600.0</DistanceMeters><HeartRateBpm><Value>132</Value></HeartRateBpm><SensorState>Present</SensorState></Trackpoint><Trackpoint><Time>2025-07-19T11:11:50.987Z</Time><DistanceMeters>600.0</DistanceMeters><HeartRateBpm><Value>131</Value></HeartRateBpm><SensorState>Present</SensorState></Trackpoint><Trackpoint><Time>2025-07-19T11:11:51.987Z</Time><DistanceMeters>600.0</DistanceMeters><HeartRateBpm><Value>131</Value></HeartRateBpm><SensorState>Present</SensorState></Trackpoint><Trackpoint><Time>2025-07-19T11:11:52.987Z</Time><DistanceMeters>600.0</DistanceMeters><HeartRateBpm><Value>130</Value></HeartRateBpm><SensorState>Present</SensorState></Trackpoint><Trackpoint><Time>2025-07-19T11:11:53.987Z</Time><DistanceMeters>600.0</DistanceMeters><HeartRateBpm><Value>130</Value></HeartRateBpm><SensorState>Present</SensorState></Trackpoint><Trackpoint><Time>2025-07-19T11:11:54.987Z</Time><DistanceMeters>600.0</DistanceMeters><HeartRateBpm><Value>131</Value></HeartRateBpm><SensorState>Present</SensorState></Trackpoint><Trackpoint><Time>2025-07-19T11:11:55.987Z</Time><DistanceMeters>600.0</DistanceMeters><HeartRateBpm><Value>132</Value></HeartRateBpm><SensorState>Present</SensorState></Trackpoint><Trackpoint><Time>2025-07-19T11:11:56.987Z</Time><DistanceMeters>600.0</DistanceMeters><HeartRateBpm><Value>132</Value></HeartRateBpm><SensorState>Present</SensorState></Trackpoint><Trackpoint><Time>2025-07-19T11:11:57.987Z</Time><DistanceMeters>600.0</DistanceMeters><HeartRateBpm><Value>132</Value></HeartRateBpm><SensorState>Present</SensorState></Trackpoint><Trackpoint><Time>2025-07-19T11:11:58.987Z</Time><DistanceMeters>600.0</DistanceMeters><HeartRateBpm><Value>132</Value></HeartRateBpm><SensorState>Present</SensorState></Trackpoint><Trackpoint><Time>2025-07-19T11:11:59.987Z</Time><DistanceMeters>600.0</DistanceMeters><HeartRateBpm><Value>133</Value></HeartRateBpm><SensorState>Present</SensorState></Trackpoint><Trackpoint><Time>2025-07-19T11:12:00.987Z</Time><DistanceMeters>600.0</DistanceMeters><HeartRateBpm><Value>133</Value></HeartRateBpm><SensorState>Present</SensorState></Trackpoint><Trackpoint><Time>2025-07-19T11:12:01.987Z</Time><DistanceMeters>600.0</DistanceMeters><HeartRateBpm><Value>133</Value></HeartRateBpm><SensorState>Present</SensorState></Trackpoint><Trackpoint><Time>2025-07-19T11:12:02.987Z</Time><DistanceMeters>600.0</DistanceMeters><HeartRateBpm><Value>133</Value></HeartRateBpm><SensorState>Present</SensorState></Trackpoint><Trackpoint><Time>2025-07-19T11:12:03.987Z</Time><DistanceMeters>600.0</DistanceMeters><HeartRateBpm><Value>133</Value></HeartRateBpm><SensorState>Present</SensorState></Trackpoint><Trackpoint><Time>2025-07-19T11:12:04.987Z</Time><DistanceMeters>601.0964912838406</DistanceMeters><HeartRateBpm><Value>133</Value></HeartRateBpm><SensorState>Present</SensorState></Trackpoint><Trackpoint><Time>2025-07-19T11:12:05.987Z</Time><DistanceMeters>602.1929825676812</DistanceMeters><HeartRateBpm><Value>133</Value></HeartRateBpm><SensorState>Present</SensorState></Trackpoint><Trackpoint><Time>2025-07-19T11:12:06.987Z</Time><DistanceMeters>603.2894738515217</DistanceMeters><HeartRateBpm><Value>133</Value></HeartRateBpm><SensorState>Present</SensorState></Trackpoint><Trackpoint><Time>2025-07-19T11:12:07.987Z</Time><DistanceMeters>604.3859651353623</DistanceMeters><HeartRateBpm><Value>133</Value></HeartRateBpm><SensorState>Present</SensorState></Trackpoint><Trackpoint><Time>2025-07-19T11:12:08.987Z</Time><DistanceMeters>605.4824564192029</DistanceMeters><HeartRateBpm><Value>133</Value></HeartRateBpm><SensorState>Present</SensorState></Trackpoint><Trackpoint><Time>2025-07-19T11:12:09.987Z</Time><DistanceMeters>606.5789477030435</DistanceMeters><HeartRateBpm><Value>132</Value></HeartRateBpm><SensorState>Present</SensorState></Trackpoint><Trackpoint><Time>2025-07-19T11:12:10.987Z</Time><DistanceMeters>607.675438986884</DistanceMeters><HeartRateBpm><Value>132</Value></HeartRateBpm><SensorState>Present</SensorState></Trackpoint><Trackpoint><Time>2025-07-19T11:12:11.987Z</Time><DistanceMeters>608.7719302707246</DistanceMeters><HeartRateBpm><Value>132</Value></HeartRateBpm><SensorState>Present</SensorState></Trackpoint><Trackpoint><Time>2025-07-19T11:12:12.987Z</Time><DistanceMeters>609.8684215545652</DistanceMeters><HeartRateBpm><Value>132</Value></HeartRateBpm><SensorState>Present</SensorState></Trackpoint><Trackpoint><Time>2025-07-19T11:12:13.987Z</Time><DistanceMeters>610.9649128384058</DistanceMeters><HeartRateBpm><Value>132</Value></HeartRateBpm><SensorState>Present</SensorState></Trackpoint><Trackpoint><Time>2025-07-19T11:12:14.987Z</Time><DistanceMeters>625.0</DistanceMeters><HeartRateBpm><Value>132</Value></HeartRateBpm><SensorState>Present</SensorState></Trackpoint><Trackpoint><Time>2025-07-19T11:12:15.987Z</Time><DistanceMeters>625.0</DistanceMeters><HeartRateBpm><Value>132</Value></HeartRateBpm><SensorState>Present</SensorState></Trackpoint><Trackpoint><Time>2025-07-19T11:12:16.987Z</Time><DistanceMeters>625.0</DistanceMeters><HeartRateBpm><Value>132</Value></HeartRateBpm><SensorState>Present</SensorState></Trackpoint><Trackpoint><Time>2025-07-19T11:12:17.987Z</Time><DistanceMeters>625.0</DistanceMeters><HeartRateBpm><Value>133</Value></HeartRateBpm><SensorState>Present</SensorState></Trackpoint><Trackpoint><Time>2025-07-19T11:12:18.987Z</Time><DistanceMeters>625.0</DistanceMeters><HeartRateBpm><Value>134</Value></HeartRateBpm><SensorState>Present</SensorState></Trackpoint><Trackpoint><Time>2025-07-19T11:12:19.987Z</Time><DistanceMeters>625.0</DistanceMeters><HeartRateBpm><Value>134</Value></HeartRateBpm><SensorState>Present</SensorState></Trackpoint><Trackpoint><Time>2025-07-19T11:12:20.987Z</Time><DistanceMeters>625.0</DistanceMeters><HeartRateBpm><Value>135</Value></HeartRateBpm><SensorState>Present</SensorState></Trackpoint><Trackpoint><Time>2025-07-19T11:12:21.987Z</Time><DistanceMeters>625.0</DistanceMeters><HeartRateBpm><Value>135</Value></HeartRateBpm><SensorState>Present</SensorState></Trackpoint><Trackpoint><Time>2025-07-19T11:12:22.987Z</Time><DistanceMeters>625.0</DistanceMeters><HeartRateBpm><Value>135</Value></HeartRateBpm><SensorState>Present</SensorState></Trackpoint><Trackpoint><Time>2025-07-19T11:12:23.987Z</Time><DistanceMeters>625.0</DistanceMeters><HeartRateBpm><Value>136</Value></HeartRateBpm><SensorState>Present</SensorState></Trackpoint><Trackpoint><Time>2025-07-19T11:12:24.987Z</Time><DistanceMeters>625.0</DistanceMeters><HeartRateBpm><Value>136</Value></HeartRateBpm><SensorState>Present</SensorState></Trackpoint><Trackpoint><Time>2025-07-19T11:12:25.987Z</Time><DistanceMeters>625.0</DistanceMeters><HeartRateBpm><Value>136</Value></HeartRateBpm><SensorState>Present</SensorState></Trackpoint><Trackpoint><Time>2025-07-19T11:12:26.987Z</Time><DistanceMeters>625.0</DistanceMeters><HeartRateBpm><Value>136</Value></HeartRateBpm><SensorState>Present</SensorState></Trackpoint><Trackpoint><Time>2025-07-19T11:12:27.987Z</Time><DistanceMeters>625.0</DistanceMeters><HeartRateBpm><Value>136</Value></HeartRateBpm><SensorState>Present</SensorState></Trackpoint><Trackpoint><Time>2025-07-19T11:12:28.987Z</Time><DistanceMeters>625.0</DistanceMeters><HeartRateBpm><Value>137</Value></HeartRateBpm><SensorState>Present</SensorState></Trackpoint><Trackpoint><Time>2025-07-19T11:12:29.987Z</Time><DistanceMeters>625.0</DistanceMeters><HeartRateBpm><Value>136</Value></HeartRateBpm><SensorState>Present</SensorState></Trackpoint><Trackpoint><Time>2025-07-19T11:12:30.987Z</Time><DistanceMeters>625.0</DistanceMeters><HeartRateBpm><Value>136</Value></HeartRateBpm><SensorState>Present</SensorState></Trackpoint><Trackpoint><Time>2025-07-19T11:12:31.987Z</Time><DistanceMeters>625.0</DistanceMeters><HeartRateBpm><Value>135</Value></HeartRateBpm><SensorState>Present</SensorState></Trackpoint><Trackpoint><Time>2025-07-19T11:12:32.987Z</Time><DistanceMeters>625.0</DistanceMeters><HeartRateBpm><Value>134</Value></HeartRateBpm><SensorState>Present</SensorState></Trackpoint><Trackpoint><Time>2025-07-19T11:12:33.987Z</Time><DistanceMeters>625.0</DistanceMeters><HeartRateBpm><Value>133</Value></HeartRateBpm><SensorState>Present</SensorState></Trackpoint><Trackpoint><Time>2025-07-19T11:12:34.987Z</Time><DistanceMeters>625.0</DistanceMeters><HeartRateBpm><Value>133</Value></HeartRateBpm><SensorState>Present</SensorState></Trackpoint><Trackpoint><Time>2025-07-19T11:12:35.987Z</Time><DistanceMeters>625.0</DistanceMeters><HeartRateBpm><Value>133</Value></HeartRateBpm><SensorState>Present</SensorState></Trackpoint><Trackpoint><Time>2025-07-19T11:12:36.987Z</Time><DistanceMeters>626.0964912838406</DistanceMeters><HeartRateBpm><Value>133</Value></HeartRateBpm><SensorState>Present</SensorState></Trackpoint><Trackpoint><Time>2025-07-19T11:12:37.987Z</Time><DistanceMeters>627.1929825676812</DistanceMeters><HeartRateBpm><Value>133</Value></HeartRateBpm><SensorState>Present</SensorState></Trackpoint><Trackpoint><Time>2025-07-19T11:12:38.987Z</Time><DistanceMeters>628.2894738515217</DistanceMeters><HeartRateBpm><Value>133</Value></HeartRateBpm><SensorState>Present</SensorState></Trackpoint><Trackpoint><Time>2025-07-19T11:12:39.987Z</Time><DistanceMeters>629.3859651353623</DistanceMeters><HeartRateBpm><Value>133</Value></HeartRateBpm><SensorState>Present</SensorState></Trackpoint><Trackpoint><Time>2025-07-19T11:12:40.987Z</Time><DistanceMeters>630.4824564192029</DistanceMeters><HeartRateBpm><Value>133</Value></HeartRateBpm><SensorState>Present</SensorState></Trackpoint><Trackpoint><Time>2025-07-19T11:12:41.987Z</Time><DistanceMeters>631.5789477030435</DistanceMeters><HeartRateBpm><Value>133</Value></HeartRateBpm><SensorState>Present</SensorState></Trackpoint><Trackpoint><Time>2025-07-19T11:12:42.987Z</Time><DistanceMeters>632.675438986884</DistanceMeters><HeartRateBpm><Value>134</Value></HeartRateBpm><SensorState>Present</SensorState></Trackpoint><Trackpoint><Time>2025-07-19T11:12:43.987Z</Time><DistanceMeters>633.7719302707246</DistanceMeters><HeartRateBpm><Value>134</Value></HeartRateBpm><SensorState>Present</SensorState></Trackpoint><Trackpoint><Time>2025-07-19T11:12:44.987Z</Time><DistanceMeters>634.8684215545652</DistanceMeters><HeartRateBpm><Value>134</Value></HeartRateBpm><SensorState>Present</SensorState></Trackpoint><Trackpoint><Time>2025-07-19T11:12:45.987Z</Time><DistanceMeters>635.9649128384058</DistanceMeters><HeartRateBpm><Value>134</Value></HeartRateBpm><SensorState>Present</SensorState></Trackpoint><Trackpoint><Time>2025-07-19T11:12:46.987Z</Time><DistanceMeters>650.0</DistanceMeters><HeartRateBpm><Value>134</Value></HeartRateBpm><SensorState>Present</SensorState></Trackpoint><Trackpoint><Time>2025-07-19T11:12:47.987Z</Time><DistanceMeters>650.0</DistanceMeters><HeartRateBpm><Value>134</Value></HeartRateBpm><SensorState>Present</SensorState></Trackpoint><Trackpoint><Time>2025-07-19T11:12:48.987Z</Time><DistanceMeters>650.0</DistanceMeters><HeartRateBpm><Value>134</Value></HeartRateBpm><SensorState>Present</SensorState></Trackpoint><Trackpoint><Time>2025-07-19T11:12:49.987Z</Time><DistanceMeters>650.0</DistanceMeters><HeartRateBpm><Value>134</Value></HeartRateBpm><SensorState>Present</SensorState></Trackpoint><Trackpoint><Time>2025-07-19T11:12:50.987Z</Time><DistanceMeters>650.0</DistanceMeters><HeartRateBpm><Value>134</Value></HeartRateBpm><SensorState>Present</SensorState></Trackpoint><Trackpoint><Time>2025-07-19T11:12:51.987Z</Time><DistanceMeters>650.0</DistanceMeters><HeartRateBpm><Value>134</Value></HeartRateBpm><SensorState>Present</SensorState></Trackpoint><Trackpoint><Time>2025-07-19T11:12:52.987Z</Time><DistanceMeters>650.0</DistanceMeters><HeartRateBpm><Value>134</Value></HeartRateBpm><SensorState>Present</SensorState></Trackpoint><Trackpoint><Time>2025-07-19T11:12:53.987Z</Time><DistanceMeters>650.0</DistanceMeters><HeartRateBpm><Value>133</Value></HeartRateBpm><SensorState>Present</SensorState></Trackpoint><Trackpoint><Time>2025-07-19T11:12:54.987Z</Time><DistanceMeters>650.0</DistanceMeters><HeartRateBpm><Value>133</Value></HeartRateBpm><SensorState>Present</SensorState></Trackpoint><Trackpoint><Time>2025-07-19T11:12:55.987Z</Time><DistanceMeters>650.0</DistanceMeters><HeartRateBpm><Value>133</Value></HeartRateBpm><SensorState>Present</SensorState></Trackpoint><Trackpoint><Time>2025-07-19T11:12:56.987Z</Time><DistanceMeters>650.0</DistanceMeters><HeartRateBpm><Value>133</Value></HeartRateBpm><SensorState>Present</SensorState></Trackpoint><Trackpoint><Time>2025-07-19T11:12:57.987Z</Time><DistanceMeters>650.0</DistanceMeters><HeartRateBpm><Value>132</Value></HeartRateBpm><SensorState>Present</SensorState></Trackpoint><Trackpoint><Time>2025-07-19T11:12:58.987Z</Time><DistanceMeters>650.0</DistanceMeters><HeartRateBpm><Value>132</Value></HeartRateBpm><SensorState>Present</SensorState></Trackpoint><Trackpoint><Time>2025-07-19T11:12:59.987Z</Time><DistanceMeters>650.0</DistanceMeters><HeartRateBpm><Value>131</Value></HeartRateBpm><SensorState>Present</SensorState></Trackpoint><Trackpoint><Time>2025-07-19T11:13:00.987Z</Time><DistanceMeters>650.0</DistanceMeters><HeartRateBpm><Value>130</Value></HeartRateBpm><SensorState>Present</SensorState></Trackpoint><Trackpoint><Time>2025-07-19T11:13:01.987Z</Time><DistanceMeters>650.0</DistanceMeters><HeartRateBpm><Value>130</Value></HeartRateBpm><SensorState>Present</SensorState></Trackpoint><Trackpoint><Time>2025-07-19T11:13:02.987Z</Time><DistanceMeters>650.0</DistanceMeters><HeartRateBpm><Value>130</Value></HeartRateBpm><SensorState>Present</SensorState></Trackpoint><Trackpoint><Time>2025-07-19T11:13:03.987Z</Time><DistanceMeters>650.0</DistanceMeters><HeartRateBpm><Value>131</Value></HeartRateBpm><SensorState>Present</SensorState></Trackpoint><Trackpoint><Time>2025-07-19T11:13:04.987Z</Time><DistanceMeters>650.0</DistanceMeters><HeartRateBpm><Value>132</Value></HeartRateBpm><SensorState>Present</SensorState></Trackpoint><Trackpoint><Time>2025-07-19T11:13:05.987Z</Time><DistanceMeters>650.0</DistanceMeters><HeartRateBpm><Value>133</Value></HeartRateBpm><SensorState>Present</SensorState></Trackpoint><Trackpoint><Time>2025-07-19T11:13:06.987Z</Time><DistanceMeters>650.0</DistanceMeters><HeartRateBpm><Value>133</Value></HeartRateBpm><SensorState>Present</SensorState></Trackpoint><Trackpoint><Time>2025-07-19T11:13:07.987Z</Time><DistanceMeters>651.0964912838406</DistanceMeters><HeartRateBpm><Value>134</Value></HeartRateBpm><SensorState>Present</SensorState></Trackpoint><Trackpoint><Time>2025-07-19T11:13:08.987Z</Time><DistanceMeters>652.1929825676812</DistanceMeters><HeartRateBpm><Value>134</Value></HeartRateBpm><SensorState>Present</SensorState></Trackpoint><Trackpoint><Time>2025-07-19T11:13:09.987Z</Time><DistanceMeters>653.2894738515217</DistanceMeters><HeartRateBpm><Value>134</Value></HeartRateBpm><SensorState>Present</SensorState></Trackpoint><Trackpoint><Time>2025-07-19T11:13:10.987Z</Time><DistanceMeters>654.3859651353623</DistanceMeters><HeartRateBpm><Value>134</Value></HeartRateBpm><SensorState>Present</SensorState></Trackpoint><Trackpoint><Time>2025-07-19T11:13:11.987Z</Time><DistanceMeters>655.4824564192029</DistanceMeters><HeartRateBpm><Value>134</Value></HeartRateBpm><SensorState>Present</SensorState></Trackpoint><Trackpoint><Time>2025-07-19T11:13:12.987Z</Time><DistanceMeters>656.5789477030435</DistanceMeters><HeartRateBpm><Value>134</Value></HeartRateBpm><SensorState>Present</SensorState></Trackpoint><Trackpoint><Time>2025-07-19T11:13:13.987Z</Time><DistanceMeters>657.675438986884</DistanceMeters><HeartRateBpm><Value>134</Value></HeartRateBpm><SensorState>Present</SensorState></Trackpoint><Trackpoint><Time>2025-07-19T11:13:14.987Z</Time><DistanceMeters>658.7719302707246</DistanceMeters><HeartRateBpm><Value>134</Value></HeartRateBpm><SensorState>Present</SensorState></Trackpoint><Trackpoint><Time>2025-07-19T11:13:15.987Z</Time><DistanceMeters>659.8684215545652</DistanceMeters><HeartRateBpm><Value>134</Value></HeartRateBpm><SensorState>Present</SensorState></Trackpoint><Trackpoint><Time>2025-07-19T11:13:16.987Z</Time><DistanceMeters>660.9649128384058</DistanceMeters><HeartRateBpm><Value>134</Value></HeartRateBpm><SensorState>Present</SensorState></Trackpoint><Trackpoint><Time>2025-07-19T11:13:17.987Z</Time><DistanceMeters>675.0</DistanceMeters><HeartRateBpm><Value>134</Value></HeartRateBpm><SensorState>Present</SensorState></Trackpoint><Trackpoint><Time>2025-07-19T11:13:18.987Z</Time><DistanceMeters>675.0</DistanceMeters><HeartRateBpm><Value>134</Value></HeartRateBpm><SensorState>Present</SensorState></Trackpoint><Trackpoint><Time>2025-07-19T11:13:19.987Z</Time><DistanceMeters>675.0</DistanceMeters><HeartRateBpm><Value>134</Value></HeartRateBpm><SensorState>Present</SensorState></Trackpoint><Trackpoint><Time>2025-07-19T11:13:20.987Z</Time><DistanceMeters>675.0</DistanceMeters><HeartRateBpm><Value>134</Value></HeartRateBpm><SensorState>Present</SensorState></Trackpoint><Trackpoint><Time>2025-07-19T11:13:21.987Z</Time><DistanceMeters>675.0</DistanceMeters><HeartRateBpm><Value>134</Value></HeartRateBpm><SensorState>Present</SensorState></Trackpoint><Trackpoint><Time>2025-07-19T11:13:22.987Z</Time><DistanceMeters>675.0</DistanceMeters><HeartRateBpm><Value>134</Value></HeartRateBpm><SensorState>Present</SensorState></Trackpoint><Trackpoint><Time>2025-07-19T11:13:23.987Z</Time><DistanceMeters>675.0</DistanceMeters><HeartRateBpm><Value>134</Value></HeartRateBpm><SensorState>Present</SensorState></Trackpoint><Trackpoint><Time>2025-07-19T11:13:24.987Z</Time><DistanceMeters>675.0</DistanceMeters><HeartRateBpm><Value>135</Value></HeartRateBpm><SensorState>Present</SensorState></Trackpoint><Trackpoint><Time>2025-07-19T11:13:25.987Z</Time><DistanceMeters>675.0</DistanceMeters><HeartRateBpm><Value>135</Value></HeartRateBpm><SensorState>Present</SensorState></Trackpoint><Trackpoint><Time>2025-07-19T11:13:26.987Z</Time><DistanceMeters>675.0</DistanceMeters><HeartRateBpm><Value>135</Value></HeartRateBpm><SensorState>Present</SensorState></Trackpoint><Trackpoint><Time>2025-07-19T11:13:27.987Z</Time><DistanceMeters>675.0</DistanceMeters><HeartRateBpm><Value>136</Value></HeartRateBpm><SensorState>Present</SensorState></Trackpoint><Trackpoint><Time>2025-07-19T11:13:28.987Z</Time><DistanceMeters>675.0</DistanceMeters><HeartRateBpm><Value>136</Value></HeartRateBpm><SensorState>Present</SensorState></Trackpoint><Trackpoint><Time>2025-07-19T11:13:29.987Z</Time><DistanceMeters>675.0</DistanceMeters><HeartRateBpm><Value>136</Value></HeartRateBpm><SensorState>Present</SensorState></Trackpoint><Trackpoint><Time>2025-07-19T11:13:30.987Z</Time><DistanceMeters>675.0</DistanceMeters><HeartRateBpm><Value>136</Value></HeartRateBpm><SensorState>Present</SensorState></Trackpoint><Trackpoint><Time>2025-07-19T11:13:31.987Z</Time><DistanceMeters>675.0</DistanceMeters><HeartRateBpm><Value>136</Value></HeartRateBpm><SensorState>Present</SensorState></Trackpoint><Trackpoint><Time>2025-07-19T11:13:32.987Z</Time><DistanceMeters>675.0</DistanceMeters><HeartRateBpm><Value>136</Value></HeartRateBpm><SensorState>Present</SensorState></Trackpoint><Trackpoint><Time>2025-07-19T11:13:33.987Z</Time><DistanceMeters>675.0</DistanceMeters><HeartRateBpm><Value>136</Value></HeartRateBpm><SensorState>Present</SensorState></Trackpoint><Trackpoint><Time>2025-07-19T11:13:34.987Z</Time><DistanceMeters>675.0</DistanceMeters><HeartRateBpm><Value>136</Value></HeartRateBpm><SensorState>Present</SensorState></Trackpoint><Trackpoint><Time>2025-07-19T11:13:35.987Z</Time><DistanceMeters>675.0</DistanceMeters><HeartRateBpm><Value>136</Value></HeartRateBpm><SensorState>Present</SensorState></Trackpoint><Trackpoint><Time>2025-07-19T11:13:36.987Z</Time><DistanceMeters>675.0</DistanceMeters><HeartRateBpm><Value>136</Value></HeartRateBpm><SensorState>Present</SensorState></Trackpoint><Trackpoint><Time>2025-07-19T11:13:37.987Z</Time><DistanceMeters>676.0964912838406</DistanceMeters><HeartRateBpm><Value>136</Value></HeartRateBpm><SensorState>Present</SensorState></Trackpoint><Trackpoint><Time>2025-07-19T11:13:38.987Z</Time><DistanceMeters>677.1929825676812</DistanceMeters><HeartRateBpm><Value>136</Value></HeartRateBpm><SensorState>Present</SensorState></Trackpoint><Trackpoint><Time>2025-07-19T11:13:39.987Z</Time><DistanceMeters>678.2894738515217</DistanceMeters><HeartRateBpm><Value>137</Value></HeartRateBpm><SensorState>Present</SensorState></Trackpoint><Trackpoint><Time>2025-07-19T11:13:40.987Z</Time><DistanceMeters>679.3859651353623</DistanceMeters><HeartRateBpm><Value>137</Value></HeartRateBpm><SensorState>Present</SensorState></Trackpoint><Trackpoint><Time>2025-07-19T11:13:41.987Z</Time><DistanceMeters>680.4824564192029</DistanceMeters><HeartRateBpm><Value>136</Value></HeartRateBpm><SensorState>Present</SensorState></Trackpoint><Trackpoint><Time>2025-07-19T11:13:42.987Z</Time><DistanceMeters>681.5789477030435</DistanceMeters><HeartRateBpm><Value>137</Value></HeartRateBpm><SensorState>Present</SensorState></Trackpoint><Trackpoint><Time>2025-07-19T11:13:43.987Z</Time><DistanceMeters>682.675438986884</DistanceMeters><HeartRateBpm><Value>137</Value></HeartRateBpm><SensorState>Present</SensorState></Trackpoint><Trackpoint><Time>2025-07-19T11:13:44.987Z</Time><DistanceMeters>683.7719302707246</DistanceMeters><HeartRateBpm><Value>137</Value></HeartRateBpm><SensorState>Present</SensorState></Trackpoint><Trackpoint><Time>2025-07-19T11:13:45.987Z</Time><DistanceMeters>684.8684215545652</DistanceMeters><HeartRateBpm><Value>137</Value></HeartRateBpm><SensorState>Present</SensorState></Trackpoint><Trackpoint><Time>2025-07-19T11:13:46.987Z</Time><DistanceMeters>685.9649128384058</DistanceMeters><HeartRateBpm><Value>137</Value></HeartRateBpm><SensorState>Present</SensorState></Trackpoint><Trackpoint><Time>2025-07-19T11:13:47.987Z</Time><DistanceMeters>700.0</DistanceMeters><HeartRateBpm><Value>137</Value></HeartRateBpm><SensorState>Present</SensorState></Trackpoint><Trackpoint><Time>2025-07-19T11:13:48.987Z</Time><DistanceMeters>700.0</DistanceMeters><HeartRateBpm><Value>137</Value></HeartRateBpm><SensorState>Present</SensorState></Trackpoint><Trackpoint><Time>2025-07-19T11:13:49.987Z</Time><DistanceMeters>700.0</DistanceMeters><HeartRateBpm><Value>137</Value></HeartRateBpm><SensorState>Present</SensorState></Trackpoint><Trackpoint><Time>2025-07-19T11:13:50.987Z</Time><DistanceMeters>700.0</DistanceMeters><HeartRateBpm><Value>137</Value></HeartRateBpm><SensorState>Present</SensorState></Trackpoint><Trackpoint><Time>2025-07-19T11:13:51.987Z</Time><DistanceMeters>700.0</DistanceMeters><HeartRateBpm><Value>137</Value></HeartRateBpm><SensorState>Present</SensorState></Trackpoint><Trackpoint><Time>2025-07-19T11:13:52.987Z</Time><DistanceMeters>700.0</DistanceMeters><HeartRateBpm><Value>137</Value></HeartRateBpm><SensorState>Present</SensorState></Trackpoint><Trackpoint><Time>2025-07-19T11:13:53.987Z</Time><DistanceMeters>700.0</DistanceMeters><HeartRateBpm><Value>137</Value></HeartRateBpm><SensorState>Present</SensorState></Trackpoint><Trackpoint><Time>2025-07-19T11:13:54.987Z</Time><DistanceMeters>700.0</DistanceMeters><HeartRateBpm><Value>137</Value></HeartRateBpm><SensorState>Present</SensorState></Trackpoint><Trackpoint><Time>2025-07-19T11:13:55.987Z</Time><DistanceMeters>700.0</DistanceMeters><HeartRateBpm><Value>137</Value></HeartRateBpm><SensorState>Present</SensorState></Trackpoint><Trackpoint><Time>2025-07-19T11:13:56.987Z</Time><DistanceMeters>700.0</DistanceMeters><HeartRateBpm><Value>137</Value></HeartRateBpm><SensorState>Present</SensorState></Trackpoint><Trackpoint><Time>2025-07-19T11:13:57.987Z</Time><DistanceMeters>700.0</DistanceMeters><HeartRateBpm><Value>137</Value></HeartRateBpm><SensorState>Present</SensorState></Trackpoint><Trackpoint><Time>2025-07-19T11:13:58.987Z</Time><DistanceMeters>700.0</DistanceMeters><HeartRateBpm><Value>137</Value></HeartRateBpm><SensorState>Present</SensorState></Trackpoint><Trackpoint><Time>2025-07-19T11:13:59.987Z</Time><DistanceMeters>700.0</DistanceMeters><HeartRateBpm><Value>137</Value></HeartRateBpm><SensorState>Present</SensorState></Trackpoint><Trackpoint><Time>2025-07-19T11:14:00.987Z</Time><DistanceMeters>700.0</DistanceMeters><HeartRateBpm><Value>137</Value></HeartRateBpm><SensorState>Present</SensorState></Trackpoint><Trackpoint><Time>2025-07-19T11:14:01.987Z</Time><DistanceMeters>700.0</DistanceMeters><HeartRateBpm><Value>137</Value></HeartRateBpm><SensorState>Present</SensorState></Trackpoint><Trackpoint><Time>2025-07-19T11:14:02.987Z</Time><DistanceMeters>700.0</DistanceMeters><HeartRateBpm><Value>137</Value></HeartRateBpm><SensorState>Present</SensorState></Trackpoint><Trackpoint><Time>2025-07-19T11:14:03.987Z</Time><DistanceMeters>700.0</DistanceMeters><HeartRateBpm><Value>136</Value></HeartRateBpm><SensorState>Present</SensorState></Trackpoint><Trackpoint><Time>2025-07-19T11:14:04.987Z</Time><DistanceMeters>700.0</DistanceMeters><HeartRateBpm><Value>136</Value></HeartRateBpm><SensorState>Present</SensorState></Trackpoint><Trackpoint><Time>2025-07-19T11:14:05.987Z</Time><DistanceMeters>700.0</DistanceMeters><HeartRateBpm><Value>136</Value></HeartRateBpm><SensorState>Present</SensorState></Trackpoint><Trackpoint><Time>2025-07-19T11:14:06.987Z</Time><DistanceMeters>700.0</DistanceMeters><HeartRateBpm><Value>136</Value></HeartRateBpm><SensorState>Present</SensorState></Trackpoint><Trackpoint><Time>2025-07-19T11:14:07.987Z</Time><DistanceMeters>700.0</DistanceMeters><HeartRateBpm><Value>136</Value></HeartRateBpm><SensorState>Present</SensorState></Trackpoint><Trackpoint><Time>2025-07-19T11:14:08.987Z</Time><DistanceMeters>701.0964912838406</DistanceMeters><HeartRateBpm><Value>136</Value></HeartRateBpm><SensorState>Present</SensorState></Trackpoint><Trackpoint><Time>2025-07-19T11:14:09.987Z</Time><DistanceMeters>702.1929825676812</DistanceMeters><HeartRateBpm><Value>136</Value></HeartRateBpm><SensorState>Present</SensorState></Trackpoint><Trackpoint><Time>2025-07-19T11:14:10.987Z</Time><DistanceMeters>703.2894738515217</DistanceMeters><HeartRateBpm><Value>136</Value></HeartRateBpm><SensorState>Present</SensorState></Trackpoint><Trackpoint><Time>2025-07-19T11:14:11.987Z</Time><DistanceMeters>704.3859651353623</DistanceMeters><HeartRateBpm><Value>136</Value></HeartRateBpm><SensorState>Present</SensorState></Trackpoint><Trackpoint><Time>2025-07-19T11:14:12.987Z</Time><DistanceMeters>705.4824564192029</DistanceMeters><HeartRateBpm><Value>135</Value></HeartRateBpm><SensorState>Present</SensorState></Trackpoint><Trackpoint><Time>2025-07-19T11:14:13.987Z</Time><DistanceMeters>706.5789477030435</DistanceMeters><HeartRateBpm><Value>135</Value></HeartRateBpm><SensorState>Present</SensorState></Trackpoint><Trackpoint><Time>2025-07-19T11:14:14.987Z</Time><DistanceMeters>707.675438986884</DistanceMeters><HeartRateBpm><Value>135</Value></HeartRateBpm><SensorState>Present</SensorState></Trackpoint><Trackpoint><Time>2025-07-19T11:14:15.987Z</Time><DistanceMeters>708.7719302707246</DistanceMeters><HeartRateBpm><Value>135</Value></HeartRateBpm><SensorState>Present</SensorState></Trackpoint><Trackpoint><Time>2025-07-19T11:14:16.987Z</Time><DistanceMeters>709.8684215545652</DistanceMeters><HeartRateBpm><Value>135</Value></HeartRateBpm><SensorState>Present</SensorState></Trackpoint><Trackpoint><Time>2025-07-19T11:14:17.987Z</Time><DistanceMeters>710.9649128384058</DistanceMeters><HeartRateBpm><Value>135</Value></HeartRateBpm><SensorState>Present</SensorState></Trackpoint><Trackpoint><Time>2025-07-19T11:14:18.987Z</Time><DistanceMeters>725.0</DistanceMeters><HeartRateBpm><Value>135</Value></HeartRateBpm><SensorState>Present</SensorState></Trackpoint><Trackpoint><Time>2025-07-19T11:14:19.987Z</Time><DistanceMeters>725.0</DistanceMeters><HeartRateBpm><Value>134</Value></HeartRateBpm><SensorState>Present</SensorState></Trackpoint><Trackpoint><Time>2025-07-19T11:14:20.987Z</Time><DistanceMeters>725.0</DistanceMeters><HeartRateBpm><Value>134</Value></HeartRateBpm><SensorState>Present</SensorState></Trackpoint><Trackpoint><Time>2025-07-19T11:14:21.987Z</Time><DistanceMeters>725.0</DistanceMeters><HeartRateBpm><Value>134</Value></HeartRateBpm><SensorState>Present</SensorState></Trackpoint><Trackpoint><Time>2025-07-19T11:14:22.987Z</Time><DistanceMeters>725.0</DistanceMeters><HeartRateBpm><Value>135</Value></HeartRateBpm><SensorState>Present</SensorState></Trackpoint><Trackpoint><Time>2025-07-19T11:14:23.987Z</Time><DistanceMeters>725.0</DistanceMeters><HeartRateBpm><Value>136</Value></HeartRateBpm><SensorState>Present</SensorState></Trackpoint><Trackpoint><Time>2025-07-19T11:14:24.987Z</Time><DistanceMeters>725.0</DistanceMeters><HeartRateBpm><Value>137</Value></HeartRateBpm><SensorState>Present</SensorState></Trackpoint><Trackpoint><Time>2025-07-19T11:14:25.987Z</Time><DistanceMeters>725.0</DistanceMeters><HeartRateBpm><Value>137</Value></HeartRateBpm><SensorState>Present</SensorState></Trackpoint><Trackpoint><Time>2025-07-19T11:14:26.987Z</Time><DistanceMeters>725.0</DistanceMeters><HeartRateBpm><Value>138</Value></HeartRateBpm><SensorState>Present</SensorState></Trackpoint><Trackpoint><Time>2025-07-19T11:14:27.987Z</Time><DistanceMeters>725.0</DistanceMeters><HeartRateBpm><Value>138</Value></HeartRateBpm><SensorState>Present</SensorState></Trackpoint><Trackpoint><Time>2025-07-19T11:14:28.987Z</Time><DistanceMeters>725.0</DistanceMeters><HeartRateBpm><Value>138</Value></HeartRateBpm><SensorState>Present</SensorState></Trackpoint><Trackpoint><Time>2025-07-19T11:14:29.987Z</Time><DistanceMeters>725.0</DistanceMeters><HeartRateBpm><Value>138</Value></HeartRateBpm><SensorState>Present</SensorState></Trackpoint><Trackpoint><Time>2025-07-19T11:14:30.987Z</Time><DistanceMeters>725.0</DistanceMeters><HeartRateBpm><Value>138</Value></HeartRateBpm><SensorState>Present</SensorState></Trackpoint><Trackpoint><Time>2025-07-19T11:14:31.987Z</Time><DistanceMeters>725.0</DistanceMeters><HeartRateBpm><Value>139</Value></HeartRateBpm><SensorState>Present</SensorState></Trackpoint><Trackpoint><Time>2025-07-19T11:14:32.987Z</Time><DistanceMeters>725.0</DistanceMeters><HeartRateBpm><Value>139</Value></HeartRateBpm><SensorState>Present</SensorState></Trackpoint><Trackpoint><Time>2025-07-19T11:14:33.987Z</Time><DistanceMeters>725.0</DistanceMeters><HeartRateBpm><Value>139</Value></HeartRateBpm><SensorState>Present</SensorState></Trackpoint><Trackpoint><Time>2025-07-19T11:14:34.987Z</Time><DistanceMeters>725.0</DistanceMeters><HeartRateBpm><Value>139</Value></HeartRateBpm><SensorState>Present</SensorState></Trackpoint><Trackpoint><Time>2025-07-19T11:14:35.987Z</Time><DistanceMeters>725.0</DistanceMeters><HeartRateBpm><Value>139</Value></HeartRateBpm><SensorState>Present</SensorState></Trackpoint><Trackpoint><Time>2025-07-19T11:14:36.987Z</Time><DistanceMeters>725.0</DistanceMeters><HeartRateBpm><Value>139</Value></HeartRateBpm><SensorState>Present</SensorState></Trackpoint><Trackpoint><Time>2025-07-19T11:14:37.987Z</Time><DistanceMeters>725.0</DistanceMeters><HeartRateBpm><Value>139</Value></HeartRateBpm><SensorState>Present</SensorState></Trackpoint><Trackpoint><Time>2025-07-19T11:14:38.987Z</Time><DistanceMeters>726.0964912838406</DistanceMeters><HeartRateBpm><Value>138</Value></HeartRateBpm><SensorState>Present</SensorState></Trackpoint><Trackpoint><Time>2025-07-19T11:14:39.987Z</Time><DistanceMeters>727.1929825676812</DistanceMeters><HeartRateBpm><Value>137</Value></HeartRateBpm><SensorState>Present</SensorState></Trackpoint><Trackpoint><Time>2025-07-19T11:14:40.987Z</Time><DistanceMeters>728.2894738515217</DistanceMeters><HeartRateBpm><Value>137</Value></HeartRateBpm><SensorState>Present</SensorState></Trackpoint><Trackpoint><Time>2025-07-19T11:14:41.987Z</Time><DistanceMeters>729.3859651353623</DistanceMeters><HeartRateBpm><Value>137</Value></HeartRateBpm><SensorState>Present</SensorState></Trackpoint><Trackpoint><Time>2025-07-19T11:14:42.987Z</Time><DistanceMeters>730.4824564192029</DistanceMeters><HeartRateBpm><Value>136</Value></HeartRateBpm><SensorState>Present</SensorState></Trackpoint><Trackpoint><Time>2025-07-19T11:14:43.987Z</Time><DistanceMeters>731.5789477030435</DistanceMeters><HeartRateBpm><Value>136</Value></HeartRateBpm><SensorState>Present</SensorState></Trackpoint><Trackpoint><Time>2025-07-19T11:14:44.987Z</Time><DistanceMeters>732.675438986884</DistanceMeters><HeartRateBpm><Value>136</Value></HeartRateBpm><SensorState>Present</SensorState></Trackpoint><Trackpoint><Time>2025-07-19T11:14:45.987Z</Time><DistanceMeters>733.7719302707246</DistanceMeters><HeartRateBpm><Value>136</Value></HeartRateBpm><SensorState>Present</SensorState></Trackpoint><Trackpoint><Time>2025-07-19T11:14:46.987Z</Time><DistanceMeters>734.8684215545652</DistanceMeters><HeartRateBpm><Value>136</Value></HeartRateBpm><SensorState>Present</SensorState></Trackpoint><Trackpoint><Time>2025-07-19T11:14:47.987Z</Time><DistanceMeters>735.9649128384058</DistanceMeters><HeartRateBpm><Value>136</Value></HeartRateBpm><SensorState>Present</SensorState></Trackpoint><Trackpoint><Time>2025-07-19T11:14:48.987Z</Time><DistanceMeters>750.0</DistanceMeters><HeartRateBpm><Value>136</Value></HeartRateBpm><SensorState>Present</SensorState></Trackpoint><Trackpoint><Time>2025-07-19T11:14:49.987Z</Time><DistanceMeters>750.0</DistanceMeters><HeartRateBpm><Value>136</Value></HeartRateBpm><SensorState>Present</SensorState></Trackpoint><Trackpoint><Time>2025-07-19T11:14:50.987Z</Time><DistanceMeters>750.0</DistanceMeters><HeartRateBpm><Value>136</Value></HeartRateBpm><SensorState>Present</SensorState></Trackpoint><Trackpoint><Time>2025-07-19T11:14:51.987Z</Time><DistanceMeters>750.0</DistanceMeters><HeartRateBpm><Value>136</Value></HeartRateBpm><SensorState>Present</SensorState></Trackpoint><Trackpoint><Time>2025-07-19T11:14:52.987Z</Time><DistanceMeters>750.0</DistanceMeters><HeartRateBpm><Value>136</Value></HeartRateBpm><SensorState>Present</SensorState></Trackpoint><Trackpoint><Time>2025-07-19T11:14:53.987Z</Time><DistanceMeters>750.0</DistanceMeters><HeartRateBpm><Value>136</Value></HeartRateBpm><SensorState>Present</SensorState></Trackpoint><Trackpoint><Time>2025-07-19T11:14:54.987Z</Time><DistanceMeters>750.0</DistanceMeters><HeartRateBpm><Value>136</Value></HeartRateBpm><SensorState>Present</SensorState></Trackpoint><Trackpoint><Time>2025-07-19T11:14:55.987Z</Time><DistanceMeters>750.0</DistanceMeters><HeartRateBpm><Value>136</Value></HeartRateBpm><SensorState>Present</SensorState></Trackpoint><Trackpoint><Time>2025-07-19T11:14:56.987Z</Time><DistanceMeters>750.0</DistanceMeters><HeartRateBpm><Value>136</Value></HeartRateBpm><SensorState>Present</SensorState></Trackpoint><Trackpoint><Time>2025-07-19T11:14:57.987Z</Time><DistanceMeters>750.0</DistanceMeters><HeartRateBpm><Value>136</Value></HeartRateBpm><SensorState>Present</SensorState></Trackpoint><Trackpoint><Time>2025-07-19T11:14:58.987Z</Time><DistanceMeters>750.0</DistanceMeters><HeartRateBpm><Value>136</Value></HeartRateBpm><SensorState>Present</SensorState></Trackpoint><Trackpoint><Time>2025-07-19T11:14:59.987Z</Time><DistanceMeters>750.0</DistanceMeters><HeartRateBpm><Value>137</Value></HeartRateBpm><SensorState>Present</SensorState></Trackpoint><Trackpoint><Time>2025-07-19T11:15:00.987Z</Time><DistanceMeters>750.0</DistanceMeters><HeartRateBpm><Value>137</Value></HeartRateBpm><SensorState>Present</SensorState></Trackpoint><Trackpoint><Time>2025-07-19T11:15:01.987Z</Time><DistanceMeters>750.0</DistanceMeters><HeartRateBpm><Value>137</Value></HeartRateBpm><SensorState>Present</SensorState></Trackpoint><Trackpoint><Time>2025-07-19T11:15:02.987Z</Time><DistanceMeters>750.0</DistanceMeters><HeartRateBpm><Value>138</Value></HeartRateBpm><SensorState>Present</SensorState></Trackpoint><Trackpoint><Time>2025-07-19T11:15:03.987Z</Time><DistanceMeters>750.0</DistanceMeters><HeartRateBpm><Value>138</Value></HeartRateBpm><SensorState>Present</SensorState></Trackpoint><Trackpoint><Time>2025-07-19T11:15:04.987Z</Time><DistanceMeters>750.0</DistanceMeters><HeartRateBpm><Value>138</Value></HeartRateBpm><SensorState>Present</SensorState></Trackpoint><Trackpoint><Time>2025-07-19T11:15:05.987Z</Time><DistanceMeters>750.0</DistanceMeters><HeartRateBpm><Value>139</Value></HeartRateBpm><SensorState>Present</SensorState></Trackpoint><Trackpoint><Time>2025-07-19T11:15:06.987Z</Time><DistanceMeters>750.0</DistanceMeters><HeartRateBpm><Value>139</Value></HeartRateBpm><SensorState>Present</SensorState></Trackpoint><Trackpoint><Time>2025-07-19T11:15:07.987Z</Time><DistanceMeters>750.0</DistanceMeters><HeartRateBpm><Value>139</Value></HeartRateBpm><SensorState>Present</SensorState></Trackpoint><Trackpoint><Time>2025-07-19T11:15:08.987Z</Time><DistanceMeters>751.0964912838406</DistanceMeters><HeartRateBpm><Value>139</Value></HeartRateBpm><SensorState>Present</SensorState></Trackpoint><Trackpoint><Time>2025-07-19T11:15:09.987Z</Time><DistanceMeters>752.1929825676812</DistanceMeters><HeartRateBpm><Value>139</Value></HeartRateBpm><SensorState>Present</SensorState></Trackpoint><Trackpoint><Time>2025-07-19T11:15:10.987Z</Time><DistanceMeters>753.2894738515217</DistanceMeters><HeartRateBpm><Value>138</Value></HeartRateBpm><SensorState>Present</SensorState></Trackpoint><Trackpoint><Time>2025-07-19T11:15:11.987Z</Time><DistanceMeters>754.3859651353623</DistanceMeters><HeartRateBpm><Value>138</Value></HeartRateBpm><SensorState>Present</SensorState></Trackpoint><Trackpoint><Time>2025-07-19T11:15:12.987Z</Time><DistanceMeters>755.4824564192029</DistanceMeters><HeartRateBpm><Value>137</Value></HeartRateBpm><SensorState>Present</SensorState></Trackpoint><Trackpoint><Time>2025-07-19T11:15:13.987Z</Time><DistanceMeters>756.5789477030435</DistanceMeters><HeartRateBpm><Value>136</Value></HeartRateBpm><SensorState>Present</SensorState></Trackpoint><Trackpoint><Time>2025-07-19T11:15:14.987Z</Time><DistanceMeters>757.675438986884</DistanceMeters><HeartRateBpm><Value>135</Value></HeartRateBpm><SensorState>Present</SensorState></Trackpoint><Trackpoint><Time>2025-07-19T11:15:15.987Z</Time><DistanceMeters>758.7719302707246</DistanceMeters><HeartRateBpm><Value>134</Value></HeartRateBpm><SensorState>Present</SensorState></Trackpoint><Trackpoint><Time>2025-07-19T11:15:16.987Z</Time><DistanceMeters>759.8684215545652</DistanceMeters><HeartRateBpm><Value>133</Value></HeartRateBpm><SensorState>Present</SensorState></Trackpoint><Trackpoint><Time>2025-07-19T11:15:17.987Z</Time><DistanceMeters>760.9649128384058</DistanceMeters><HeartRateBpm><Value>132</Value></HeartRateBpm><SensorState>Present</SensorState></Trackpoint><Trackpoint><Time>2025-07-19T11:15:18.987Z</Time><DistanceMeters>775.0</DistanceMeters><HeartRateBpm><Value>131</Value></HeartRateBpm><SensorState>Present</SensorState></Trackpoint><Trackpoint><Time>2025-07-19T11:15:19.987Z</Time><DistanceMeters>775.0</DistanceMeters><HeartRateBpm><Value>130</Value></HeartRateBpm><SensorState>Present</SensorState></Trackpoint><Trackpoint><Time>2025-07-19T11:15:20.987Z</Time><DistanceMeters>775.0</DistanceMeters><HeartRateBpm><Value>129</Value></HeartRateBpm><SensorState>Present</SensorState></Trackpoint><Trackpoint><Time>2025-07-19T11:15:21.987Z</Time><DistanceMeters>775.0</DistanceMeters><HeartRateBpm><Value>129</Value></HeartRateBpm><SensorState>Present</SensorState></Trackpoint><Trackpoint><Time>2025-07-19T11:15:22.987Z</Time><DistanceMeters>775.0</DistanceMeters><HeartRateBpm><Value>129</Value></HeartRateBpm><SensorState>Present</SensorState></Trackpoint><Trackpoint><Time>2025-07-19T11:15:23.987Z</Time><DistanceMeters>775.0</DistanceMeters><HeartRateBpm><Value>130</Value></HeartRateBpm><SensorState>Present</SensorState></Trackpoint><Trackpoint><Time>2025-07-19T11:15:24.987Z</Time><DistanceMeters>775.0</DistanceMeters><HeartRateBpm><Value>131</Value></HeartRateBpm><SensorState>Present</SensorState></Trackpoint><Trackpoint><Time>2025-07-19T11:15:25.987Z</Time><DistanceMeters>775.0</DistanceMeters><HeartRateBpm><Value>132</Value></HeartRateBpm><SensorState>Present</SensorState></Trackpoint><Trackpoint><Time>2025-07-19T11:15:26.987Z</Time><DistanceMeters>775.0</DistanceMeters><HeartRateBpm><Value>133</Value></HeartRateBpm><SensorState>Present</SensorState></Trackpoint><Trackpoint><Time>2025-07-19T11:15:27.987Z</Time><DistanceMeters>775.0</DistanceMeters><HeartRateBpm><Value>133</Value></HeartRateBpm><SensorState>Present</SensorState></Trackpoint><Trackpoint><Time>2025-07-19T11:15:28.987Z</Time><DistanceMeters>775.0</DistanceMeters><HeartRateBpm><Value>133</Value></HeartRateBpm><SensorState>Present</SensorState></Trackpoint><Trackpoint><Time>2025-07-19T11:15:29.987Z</Time><DistanceMeters>775.0</DistanceMeters><HeartRateBpm><Value>133</Value></HeartRateBpm><SensorState>Present</SensorState></Trackpoint><Trackpoint><Time>2025-07-19T11:15:30.987Z</Time><DistanceMeters>775.0</DistanceMeters><HeartRateBpm><Value>133</Value></HeartRateBpm><SensorState>Present</SensorState></Trackpoint><Trackpoint><Time>2025-07-19T11:15:31.987Z</Time><DistanceMeters>775.0</DistanceMeters><HeartRateBpm><Value>133</Value></HeartRateBpm><SensorState>Present</SensorState></Trackpoint><Trackpoint><Time>2025-07-19T11:15:32.987Z</Time><DistanceMeters>775.0</DistanceMeters><HeartRateBpm><Value>133</Value></HeartRateBpm><SensorState>Present</SensorState></Trackpoint><Trackpoint><Time>2025-07-19T11:15:33.987Z</Time><DistanceMeters>775.0</DistanceMeters><HeartRateBpm><Value>133</Value></HeartRateBpm><SensorState>Present</SensorState></Trackpoint><Trackpoint><Time>2025-07-19T11:15:34.987Z</Time><DistanceMeters>775.0</DistanceMeters><HeartRateBpm><Value>133</Value></HeartRateBpm><SensorState>Present</SensorState></Trackpoint><Trackpoint><Time>2025-07-19T11:15:35.987Z</Time><DistanceMeters>775.0</DistanceMeters><HeartRateBpm><Value>133</Value></HeartRateBpm><SensorState>Present</SensorState></Trackpoint><Trackpoint><Time>2025-07-19T11:15:36.987Z</Time><DistanceMeters>775.0</DistanceMeters><HeartRateBpm><Value>133</Value></HeartRateBpm><SensorState>Present</SensorState></Trackpoint><Trackpoint><Time>2025-07-19T11:15:37.987Z</Time><DistanceMeters>775.0</DistanceMeters><HeartRateBpm><Value>133</Value></HeartRateBpm><SensorState>Present</SensorState></Trackpoint><Trackpoint><Time>2025-07-19T11:15:38.987Z</Time><DistanceMeters>775.0</DistanceMeters><HeartRateBpm><Value>133</Value></HeartRateBpm><SensorState>Present</SensorState></Trackpoint><Trackpoint><Time>2025-07-19T11:15:39.987Z</Time><DistanceMeters>776.0964912838406</DistanceMeters><HeartRateBpm><Value>133</Value></HeartRateBpm><SensorState>Present</SensorState></Trackpoint><Trackpoint><Time>2025-07-19T11:15:40.987Z</Time><DistanceMeters>777.1929825676812</DistanceMeters><HeartRateBpm><Value>133</Value></HeartRateBpm><SensorState>Present</SensorState></Trackpoint><Trackpoint><Time>2025-07-19T11:15:41.987Z</Time><DistanceMeters>778.2894738515217</DistanceMeters><HeartRateBpm><Value>132</Value></HeartRateBpm><SensorState>Present</SensorState></Trackpoint><Trackpoint><Time>2025-07-19T11:15:42.987Z</Time><DistanceMeters>779.3859651353623</DistanceMeters><HeartRateBpm><Value>131</Value></HeartRateBpm><SensorState>Present</SensorState></Trackpoint><Trackpoint><Time>2025-07-19T11:15:43.987Z</Time><DistanceMeters>780.4824564192029</DistanceMeters><HeartRateBpm><Value>131</Value></HeartRateBpm><SensorState>Present</SensorState></Trackpoint><Trackpoint><Time>2025-07-19T11:15:44.987Z</Time><DistanceMeters>781.5789477030435</DistanceMeters><HeartRateBpm><Value>131</Value></HeartRateBpm><SensorState>Present</SensorState></Trackpoint><Trackpoint><Time>2025-07-19T11:15:45.987Z</Time><DistanceMeters>782.675438986884</DistanceMeters><HeartRateBpm><Value>130</Value></HeartRateBpm><SensorState>Present</SensorState></Trackpoint><Trackpoint><Time>2025-07-19T11:15:46.987Z</Time><DistanceMeters>783.7719302707246</DistanceMeters><HeartRateBpm><Value>130</Value></HeartRateBpm><SensorState>Present</SensorState></Trackpoint><Trackpoint><Time>2025-07-19T11:15:47.987Z</Time><DistanceMeters>784.8684215545652</DistanceMeters><HeartRateBpm><Value>130</Value></HeartRateBpm><SensorState>Present</SensorState></Trackpoint><Trackpoint><Time>2025-07-19T11:15:48.987Z</Time><DistanceMeters>785.9649128384058</DistanceMeters><HeartRateBpm><Value>131</Value></HeartRateBpm><SensorState>Present</SensorState></Trackpoint><Trackpoint><Time>2025-07-19T11:15:49.987Z</Time><DistanceMeters>800.0</DistanceMeters><HeartRateBpm><Value>131</Value></HeartRateBpm><SensorState>Present</SensorState></Trackpoint><Trackpoint><Time>2025-07-19T11:15:50.987Z</Time><DistanceMeters>800.0</DistanceMeters><HeartRateBpm><Value>131</Value></HeartRateBpm><SensorState>Present</SensorState></Trackpoint><Trackpoint><Time>2025-07-19T11:15:51.987Z</Time><DistanceMeters>800.0</DistanceMeters><HeartRateBpm><Value>132</Value></HeartRateBpm><SensorState>Present</SensorState></Trackpoint><Trackpoint><Time>2025-07-19T11:15:52.987Z</Time><DistanceMeters>800.0</DistanceMeters><HeartRateBpm><Value>132</Value></HeartRateBpm><SensorState>Present</SensorState></Trackpoint><Trackpoint><Time>2025-07-19T11:15:53.987Z</Time><DistanceMeters>800.0</DistanceMeters><HeartRateBpm><Value>133</Value></HeartRateBpm><SensorState>Present</SensorState></Trackpoint><Trackpoint><Time>2025-07-19T11:15:54.987Z</Time><DistanceMeters>800.0</DistanceMeters><HeartRateBpm><Value>134</Value></HeartRateBpm><SensorState>Present</SensorState></Trackpoint><Trackpoint><Time>2025-07-19T11:15:55.987Z</Time><DistanceMeters>800.0</DistanceMeters><HeartRateBpm><Value>134</Value></HeartRateBpm><SensorState>Present</SensorState></Trackpoint><Trackpoint><Time>2025-07-19T11:15:56.987Z</Time><DistanceMeters>800.0</DistanceMeters><HeartRateBpm><Value>135</Value></HeartRateBpm><SensorState>Present</SensorState></Trackpoint><Trackpoint><Time>2025-07-19T11:15:57.987Z</Time><DistanceMeters>800.0</DistanceMeters><HeartRateBpm><Value>136</Value></HeartRateBpm><SensorState>Present</SensorState></Trackpoint><Trackpoint><Time>2025-07-19T11:15:58.987Z</Time><DistanceMeters>800.0</DistanceMeters><HeartRateBpm><Value>137</Value></HeartRateBpm><SensorState>Present</SensorState></Trackpoint><Trackpoint><Time>2025-07-19T11:15:59.987Z</Time><DistanceMeters>800.0</DistanceMeters><HeartRateBpm><Value>138</Value></HeartRateBpm><SensorState>Present</SensorState></Trackpoint><Trackpoint><Time>2025-07-19T11:16:00.987Z</Time><DistanceMeters>800.0</DistanceMeters><HeartRateBpm><Value>138</Value></HeartRateBpm><SensorState>Present</SensorState></Trackpoint><Trackpoint><Time>2025-07-19T11:16:01.987Z</Time><DistanceMeters>800.0</DistanceMeters><HeartRateBpm><Value>138</Value></HeartRateBpm><SensorState>Present</SensorState></Trackpoint><Trackpoint><Time>2025-07-19T11:16:02.987Z</Time><DistanceMeters>800.0</DistanceMeters><HeartRateBpm><Value>137</Value></HeartRateBpm><SensorState>Present</SensorState></Trackpoint><Trackpoint><Time>2025-07-19T11:16:03.987Z</Time><DistanceMeters>800.0</DistanceMeters><HeartRateBpm><Value>137</Value></HeartRateBpm><SensorState>Present</SensorState></Trackpoint><Trackpoint><Time>2025-07-19T11:16:04.987Z</Time><DistanceMeters>800.0</DistanceMeters><HeartRateBpm><Value>137</Value></HeartRateBpm><SensorState>Present</SensorState></Trackpoint><Trackpoint><Time>2025-07-19T11:16:05.987Z</Time><DistanceMeters>800.0</DistanceMeters><HeartRateBpm><Value>137</Value></HeartRateBpm><SensorState>Present</SensorState></Trackpoint><Trackpoint><Time>2025-07-19T11:16:06.987Z</Time><DistanceMeters>800.0</DistanceMeters><HeartRateBpm><Value>136</Value></HeartRateBpm><SensorState>Present</SensorState></Trackpoint><Trackpoint><Time>2025-07-19T11:16:07.987Z</Time><DistanceMeters>800.0</DistanceMeters><HeartRateBpm><Value>136</Value></HeartRateBpm><SensorState>Present</SensorState></Trackpoint><Trackpoint><Time>2025-07-19T11:16:08.987Z</Time><DistanceMeters>800.0</DistanceMeters><HeartRateBpm><Value>136</Value></HeartRateBpm><SensorState>Present</SensorState></Trackpoint><Trackpoint><Time>2025-07-19T11:16:09.987Z</Time><DistanceMeters>801.0964912838406</DistanceMeters><HeartRateBpm><Value>136</Value></HeartRateBpm><SensorState>Present</SensorState></Trackpoint><Trackpoint><Time>2025-07-19T11:16:10.987Z</Time><DistanceMeters>802.1929825676812</DistanceMeters><HeartRateBpm><Value>135</Value></HeartRateBpm><SensorState>Present</SensorState></Trackpoint><Trackpoint><Time>2025-07-19T11:16:11.987Z</Time><DistanceMeters>803.2894738515217</DistanceMeters><HeartRateBpm><Value>135</Value></HeartRateBpm><SensorState>Present</SensorState></Trackpoint><Trackpoint><Time>2025-07-19T11:16:12.987Z</Time><DistanceMeters>804.3859651353623</DistanceMeters><HeartRateBpm><Value>135</Value></HeartRateBpm><SensorState>Present</SensorState></Trackpoint><Trackpoint><Time>2025-07-19T11:16:13.987Z</Time><DistanceMeters>805.4824564192029</DistanceMeters><HeartRateBpm><Value>136</Value></HeartRateBpm><SensorState>Present</SensorState></Trackpoint><Trackpoint><Time>2025-07-19T11:16:14.987Z</Time><DistanceMeters>806.5789477030435</DistanceMeters><HeartRateBpm><Value>136</Value></HeartRateBpm><SensorState>Present</SensorState></Trackpoint><Trackpoint><Time>2025-07-19T11:16:15.987Z</Time><DistanceMeters>807.675438986884</DistanceMeters><HeartRateBpm><Value>136</Value></HeartRateBpm><SensorState>Present</SensorState></Trackpoint><Trackpoint><Time>2025-07-19T11:16:16.987Z</Time><DistanceMeters>808.7719302707246</DistanceMeters><HeartRateBpm><Value>136</Value></HeartRateBpm><SensorState>Present</SensorState></Trackpoint><Trackpoint><Time>2025-07-19T11:16:17.987Z</Time><DistanceMeters>809.8684215545652</DistanceMeters><HeartRateBpm><Value>136</Value></HeartRateBpm><SensorState>Present</SensorState></Trackpoint><Trackpoint><Time>2025-07-19T11:16:18.987Z</Time><DistanceMeters>810.9649128384058</DistanceMeters><HeartRateBpm><Value>135</Value></HeartRateBpm><SensorState>Present</SensorState></Trackpoint><Trackpoint><Time>2025-07-19T11:16:19.987Z</Time><DistanceMeters>825.0</DistanceMeters><HeartRateBpm><Value>135</Value></HeartRateBpm><SensorState>Present</SensorState></Trackpoint><Trackpoint><Time>2025-07-19T11:16:20.987Z</Time><DistanceMeters>825.0</DistanceMeters><HeartRateBpm><Value>135</Value></HeartRateBpm><SensorState>Present</SensorState></Trackpoint><Trackpoint><Time>2025-07-19T11:16:21.987Z</Time><DistanceMeters>825.0</DistanceMeters><HeartRateBpm><Value>135</Value></HeartRateBpm><SensorState>Present</SensorState></Trackpoint><Trackpoint><Time>2025-07-19T11:16:22.987Z</Time><DistanceMeters>825.0</DistanceMeters><HeartRateBpm><Value>135</Value></HeartRateBpm><SensorState>Present</SensorState></Trackpoint><Trackpoint><Time>2025-07-19T11:16:23.987Z</Time><DistanceMeters>825.0</DistanceMeters><HeartRateBpm><Value>134</Value></HeartRateBpm><SensorState>Present</SensorState></Trackpoint><Trackpoint><Time>2025-07-19T11:16:24.987Z</Time><DistanceMeters>825.0</DistanceMeters><HeartRateBpm><Value>133</Value></HeartRateBpm><SensorState>Present</SensorState></Trackpoint><Trackpoint><Time>2025-07-19T11:16:25.987Z</Time><DistanceMeters>825.0</DistanceMeters><HeartRateBpm><Value>133</Value></HeartRateBpm><SensorState>Present</SensorState></Trackpoint><Trackpoint><Time>2025-07-19T11:16:26.987Z</Time><DistanceMeters>825.0</DistanceMeters><HeartRateBpm><Value>133</Value></HeartRateBpm><SensorState>Present</SensorState></Trackpoint><Trackpoint><Time>2025-07-19T11:16:27.987Z</Time><DistanceMeters>825.0</DistanceMeters><HeartRateBpm><Value>132</Value></HeartRateBpm><SensorState>Present</SensorState></Trackpoint><Trackpoint><Time>2025-07-19T11:16:28.987Z</Time><DistanceMeters>825.0</DistanceMeters><HeartRateBpm><Value>132</Value></HeartRateBpm><SensorState>Present</SensorState></Trackpoint><Trackpoint><Time>2025-07-19T11:16:29.987Z</Time><DistanceMeters>825.0</DistanceMeters><HeartRateBpm><Value>132</Value></HeartRateBpm><SensorState>Present</SensorState></Trackpoint><Trackpoint><Time>2025-07-19T11:16:30.987Z</Time><DistanceMeters>825.0</DistanceMeters><HeartRateBpm><Value>133</Value></HeartRateBpm><SensorState>Present</SensorState></Trackpoint><Trackpoint><Time>2025-07-19T11:16:31.987Z</Time><DistanceMeters>825.0</DistanceMeters><HeartRateBpm><Value>133</Value></HeartRateBpm><SensorState>Present</SensorState></Trackpoint><Trackpoint><Time>2025-07-19T11:16:32.987Z</Time><DistanceMeters>825.0</DistanceMeters><HeartRateBpm><Value>133</Value></HeartRateBpm><SensorState>Present</SensorState></Trackpoint><Trackpoint><Time>2025-07-19T11:16:33.987Z</Time><DistanceMeters>825.0</DistanceMeters><HeartRateBpm><Value>133</Value></HeartRateBpm><SensorState>Present</SensorState></Trackpoint><Trackpoint><Time>2025-07-19T11:16:34.987Z</Time><DistanceMeters>825.0</DistanceMeters><HeartRateBpm><Value>133</Value></HeartRateBpm><SensorState>Present</SensorState></Trackpoint><Trackpoint><Time>2025-07-19T11:16:35.987Z</Time><DistanceMeters>825.0</DistanceMeters><HeartRateBpm><Value>133</Value></HeartRateBpm><SensorState>Present</SensorState></Trackpoint><Trackpoint><Time>2025-07-19T11:16:36.987Z</Time><DistanceMeters>826.0964912838406</DistanceMeters><HeartRateBpm><Value>133</Value></HeartRateBpm><SensorState>Present</SensorState></Trackpoint><Trackpoint><Time>2025-07-19T11:16:37.987Z</Time><DistanceMeters>827.1929825676812</DistanceMeters><HeartRateBpm><Value>133</Value></HeartRateBpm><SensorState>Present</SensorState></Trackpoint><Trackpoint><Time>2025-07-19T11:16:38.987Z</Time><DistanceMeters>828.2894738515217</DistanceMeters><HeartRateBpm><Value>133</Value></HeartRateBpm><SensorState>Present</SensorState></Trackpoint><Trackpoint><Time>2025-07-19T11:16:39.987Z</Time><DistanceMeters>829.3859651353623</DistanceMeters><HeartRateBpm><Value>132</Value></HeartRateBpm><SensorState>Present</SensorState></Trackpoint><Trackpoint><Time>2025-07-19T11:16:40.987Z</Time><DistanceMeters>830.4824564192029</DistanceMeters><HeartRateBpm><Value>133</Value></HeartRateBpm><SensorState>Present</SensorState></Trackpoint><Trackpoint><Time>2025-07-19T11:16:41.987Z</Time><DistanceMeters>831.5789477030435</DistanceMeters><HeartRateBpm><Value>133</Value></HeartRateBpm><SensorState>Present</SensorState></Trackpoint><Trackpoint><Time>2025-07-19T11:16:42.987Z</Time><DistanceMeters>832.675438986884</DistanceMeters><HeartRateBpm><Value>134</Value></HeartRateBpm><SensorState>Present</SensorState></Trackpoint><Trackpoint><Time>2025-07-19T11:16:43.987Z</Time><DistanceMeters>833.7719302707246</DistanceMeters><HeartRateBpm><Value>134</Value></HeartRateBpm><SensorState>Present</SensorState></Trackpoint><Trackpoint><Time>2025-07-19T11:16:44.987Z</Time><DistanceMeters>834.8684215545652</DistanceMeters><HeartRateBpm><Value>134</Value></HeartRateBpm><SensorState>Present</SensorState></Trackpoint><Trackpoint><Time>2025-07-19T11:16:45.987Z</Time><DistanceMeters>835.9649128384058</DistanceMeters><HeartRateBpm><Value>134</Value></HeartRateBpm><SensorState>Present</SensorState></Trackpoint><Trackpoint><Time>2025-07-19T11:16:46.987Z</Time><DistanceMeters>850.0</DistanceMeters><HeartRateBpm><Value>135</Value></HeartRateBpm><SensorState>Present</SensorState></Trackpoint><Trackpoint><Time>2025-07-19T11:16:47.987Z</Time><DistanceMeters>850.0</DistanceMeters><HeartRateBpm><Value>135</Value></HeartRateBpm><SensorState>Present</SensorState></Trackpoint><Trackpoint><Time>2025-07-19T11:16:48.987Z</Time><DistanceMeters>850.0</DistanceMeters><HeartRateBpm><Value>135</Value></HeartRateBpm><SensorState>Present</SensorState></Trackpoint><Trackpoint><Time>2025-07-19T11:16:49.987Z</Time><DistanceMeters>850.0</DistanceMeters><HeartRateBpm><Value>136</Value></HeartRateBpm><SensorState>Present</SensorState></Trackpoint><Trackpoint><Time>2025-07-19T11:16:50.987Z</Time><DistanceMeters>850.0</DistanceMeters><HeartRateBpm><Value>136</Value></HeartRateBpm><SensorState>Present</SensorState></Trackpoint><Trackpoint><Time>2025-07-19T11:16:51.987Z</Time><DistanceMeters>850.0</DistanceMeters><HeartRateBpm><Value>135</Value></HeartRateBpm><SensorState>Present</SensorState></Trackpoint><Trackpoint><Time>2025-07-19T11:16:52.987Z</Time><DistanceMeters>850.0</DistanceMeters><HeartRateBpm><Value>135</Value></HeartRateBpm><SensorState>Present</SensorState></Trackpoint><Trackpoint><Time>2025-07-19T11:16:53.987Z</Time><DistanceMeters>850.0</DistanceMeters><HeartRateBpm><Value>136</Value></HeartRateBpm><SensorState>Present</SensorState></Trackpoint><Trackpoint><Time>2025-07-19T11:16:54.987Z</Time><DistanceMeters>850.0</DistanceMeters><HeartRateBpm><Value>136</Value></HeartRateBpm><SensorState>Present</SensorState></Trackpoint><Trackpoint><Time>2025-07-19T11:16:55.987Z</Time><DistanceMeters>850.0</DistanceMeters><HeartRateBpm><Value>137</Value></HeartRateBpm><SensorState>Present</SensorState></Trackpoint><Trackpoint><Time>2025-07-19T11:16:56.987Z</Time><DistanceMeters>850.0</DistanceMeters><HeartRateBpm><Value>137</Value></HeartRateBpm><SensorState>Present</SensorState></Trackpoint><Trackpoint><Time>2025-07-19T11:16:57.987Z</Time><DistanceMeters>850.0</DistanceMeters><HeartRateBpm><Value>138</Value></HeartRateBpm><SensorState>Present</SensorState></Trackpoint><Trackpoint><Time>2025-07-19T11:16:58.987Z</Time><DistanceMeters>850.0</DistanceMeters><HeartRateBpm><Value>138</Value></HeartRateBpm><SensorState>Present</SensorState></Trackpoint><Trackpoint><Time>2025-07-19T11:16:59.987Z</Time><DistanceMeters>850.0</DistanceMeters><HeartRateBpm><Value>138</Value></HeartRateBpm><SensorState>Present</SensorState></Trackpoint><Trackpoint><Time>2025-07-19T11:17:00.987Z</Time><DistanceMeters>850.0</DistanceMeters><HeartRateBpm><Value>138</Value></HeartRateBpm><SensorState>Present</SensorState></Trackpoint><Trackpoint><Time>2025-07-19T11:17:01.987Z</Time><DistanceMeters>850.0</DistanceMeters><HeartRateBpm><Value>138</Value></HeartRateBpm><SensorState>Present</SensorState></Trackpoint><Trackpoint><Time>2025-07-19T11:17:02.987Z</Time><DistanceMeters>850.0</DistanceMeters><HeartRateBpm><Value>138</Value></HeartRateBpm><SensorState>Present</SensorState></Trackpoint><Trackpoint><Time>2025-07-19T11:17:03.987Z</Time><DistanceMeters>850.0</DistanceMeters><HeartRateBpm><Value>138</Value></HeartRateBpm><SensorState>Present</SensorState></Trackpoint><Trackpoint><Time>2025-07-19T11:17:04.987Z</Time><DistanceMeters>850.0</DistanceMeters><HeartRateBpm><Value>138</Value></HeartRateBpm><SensorState>Present</SensorState></Trackpoint><Trackpoint><Time>2025-07-19T11:17:05.987Z</Time><DistanceMeters>850.0</DistanceMeters><HeartRateBpm><Value>138</Value></HeartRateBpm><SensorState>Present</SensorState></Trackpoint><Trackpoint><Time>2025-07-19T11:17:06.987Z</Time><DistanceMeters>850.0</DistanceMeters><HeartRateBpm><Value>138</Value></HeartRateBpm><SensorState>Present</SensorState></Trackpoint><Trackpoint><Time>2025-07-19T11:17:07.987Z</Time><DistanceMeters>850.0</DistanceMeters><HeartRateBpm><Value>138</Value></HeartRateBpm><SensorState>Present</SensorState></Trackpoint><Trackpoint><Time>2025-07-19T11:17:08.987Z</Time><DistanceMeters>850.0</DistanceMeters><HeartRateBpm><Value>138</Value></HeartRateBpm><SensorState>Present</SensorState></Trackpoint><Trackpoint><Time>2025-07-19T11:17:09.987Z</Time><DistanceMeters>850.0</DistanceMeters><HeartRateBpm><Value>138</Value></HeartRateBpm><SensorState>Present</SensorState></Trackpoint><Trackpoint><Time>2025-07-19T11:17:10.987Z</Time><DistanceMeters>850.0</DistanceMeters><HeartRateBpm><Value>138</Value></HeartRateBpm><SensorState>Present</SensorState></Trackpoint><Trackpoint><Time>2025-07-19T11:17:11.987Z</Time><DistanceMeters>850.0</DistanceMeters><HeartRateBpm><Value>138</Value></HeartRateBpm><SensorState>Present</SensorState></Trackpoint><Trackpoint><Time>2025-07-19T11:17:12.987Z</Time><DistanceMeters>851.0964912838406</DistanceMeters><HeartRateBpm><Value>138</Value></HeartRateBpm><SensorState>Present</SensorState></Trackpoint><Trackpoint><Time>2025-07-19T11:17:13.987Z</Time><DistanceMeters>852.1929825676812</DistanceMeters><HeartRateBpm><Value>137</Value></HeartRateBpm><SensorState>Present</SensorState></Trackpoint><Trackpoint><Time>2025-07-19T11:17:14.987Z</Time><DistanceMeters>853.2894738515217</DistanceMeters><HeartRateBpm><Value>135</Value></HeartRateBpm><SensorState>Present</SensorState></Trackpoint><Trackpoint><Time>2025-07-19T11:17:15.987Z</Time><DistanceMeters>854.3859651353623</DistanceMeters><HeartRateBpm><Value>133</Value></HeartRateBpm><SensorState>Present</SensorState></Trackpoint><Trackpoint><Time>2025-07-19T11:17:16.987Z</Time><DistanceMeters>855.4824564192029</DistanceMeters><HeartRateBpm><Value>132</Value></HeartRateBpm><SensorState>Present</SensorState></Trackpoint><Trackpoint><Time>2025-07-19T11:17:17.987Z</Time><DistanceMeters>856.5789477030435</DistanceMeters><HeartRateBpm><Value>131</Value></HeartRateBpm><SensorState>Present</SensorState></Trackpoint><Trackpoint><Time>2025-07-19T11:17:18.987Z</Time><DistanceMeters>857.675438986884</DistanceMeters><HeartRateBpm><Value>130</Value></HeartRateBpm><SensorState>Present</SensorState></Trackpoint><Trackpoint><Time>2025-07-19T11:17:19.987Z</Time><DistanceMeters>858.7719302707246</DistanceMeters><HeartRateBpm><Value>129</Value></HeartRateBpm><SensorState>Present</SensorState></Trackpoint><Trackpoint><Time>2025-07-19T11:17:20.987Z</Time><DistanceMeters>859.8684215545652</DistanceMeters><HeartRateBpm><Value>128</Value></HeartRateBpm><SensorState>Present</SensorState></Trackpoint><Trackpoint><Time>2025-07-19T11:17:21.987Z</Time><DistanceMeters>860.9649128384058</DistanceMeters><HeartRateBpm><Value>128</Value></HeartRateBpm><SensorState>Present</SensorState></Trackpoint><Trackpoint><Time>2025-07-19T11:17:22.987Z</Time><DistanceMeters>875.0</DistanceMeters><HeartRateBpm><Value>128</Value></HeartRateBpm><SensorState>Present</SensorState></Trackpoint><Trackpoint><Time>2025-07-19T11:17:23.987Z</Time><DistanceMeters>875.0</DistanceMeters><HeartRateBpm><Value>129</Value></HeartRateBpm><SensorState>Present</SensorState></Trackpoint><Trackpoint><Time>2025-07-19T11:17:24.987Z</Time><DistanceMeters>875.0</DistanceMeters><HeartRateBpm><Value>131</Value></HeartRateBpm><SensorState>Present</SensorState></Trackpoint><Trackpoint><Time>2025-07-19T11:17:25.987Z</Time><DistanceMeters>875.0</DistanceMeters><HeartRateBpm><Value>132</Value></HeartRateBpm><SensorState>Present</SensorState></Trackpoint><Trackpoint><Time>2025-07-19T11:17:26.987Z</Time><DistanceMeters>875.0</DistanceMeters><HeartRateBpm><Value>133</Value></HeartRateBpm><SensorState>Present</SensorState></Trackpoint><Trackpoint><Time>2025-07-19T11:17:27.987Z</Time><DistanceMeters>875.0</DistanceMeters><HeartRateBpm><Value>134</Value></HeartRateBpm><SensorState>Present</SensorState></Trackpoint><Trackpoint><Time>2025-07-19T11:17:28.987Z</Time><DistanceMeters>875.0</DistanceMeters><HeartRateBpm><Value>134</Value></HeartRateBpm><SensorState>Present</SensorState></Trackpoint><Trackpoint><Time>2025-07-19T11:17:29.987Z</Time><DistanceMeters>875.0</DistanceMeters><HeartRateBpm><Value>134</Value></HeartRateBpm><SensorState>Present</SensorState></Trackpoint><Trackpoint><Time>2025-07-19T11:17:30.987Z</Time><DistanceMeters>875.0</DistanceMeters><HeartRateBpm><Value>134</Value></HeartRateBpm><SensorState>Present</SensorState></Trackpoint><Trackpoint><Time>2025-07-19T11:17:31.987Z</Time><DistanceMeters>875.0</DistanceMeters><HeartRateBpm><Value>133</Value></HeartRateBpm><SensorState>Present</SensorState></Trackpoint><Trackpoint><Time>2025-07-19T11:17:32.987Z</Time><DistanceMeters>875.0</DistanceMeters><HeartRateBpm><Value>133</Value></HeartRateBpm><SensorState>Present</SensorState></Trackpoint><Trackpoint><Time>2025-07-19T11:17:33.987Z</Time><DistanceMeters>875.0</DistanceMeters><HeartRateBpm><Value>134</Value></HeartRateBpm><SensorState>Present</SensorState></Trackpoint><Trackpoint><Time>2025-07-19T11:17:34.987Z</Time><DistanceMeters>875.0</DistanceMeters><HeartRateBpm><Value>134</Value></HeartRateBpm><SensorState>Present</SensorState></Trackpoint><Trackpoint><Time>2025-07-19T11:17:35.987Z</Time><DistanceMeters>875.0</DistanceMeters><HeartRateBpm><Value>135</Value></HeartRateBpm><SensorState>Present</SensorState></Trackpoint><Trackpoint><Time>2025-07-19T11:17:36.987Z</Time><DistanceMeters>875.0</DistanceMeters><HeartRateBpm><Value>135</Value></HeartRateBpm><SensorState>Present</SensorState></Trackpoint><Trackpoint><Time>2025-07-19T11:17:37.987Z</Time><DistanceMeters>875.0</DistanceMeters><HeartRateBpm><Value>135</Value></HeartRateBpm><SensorState>Present</SensorState></Trackpoint><Trackpoint><Time>2025-07-19T11:17:38.987Z</Time><DistanceMeters>875.0</DistanceMeters><HeartRateBpm><Value>135</Value></HeartRateBpm><SensorState>Present</SensorState></Trackpoint><Trackpoint><Time>2025-07-19T11:17:39.987Z</Time><DistanceMeters>876.0964912838406</DistanceMeters><HeartRateBpm><Value>136</Value></HeartRateBpm><SensorState>Present</SensorState></Trackpoint><Trackpoint><Time>2025-07-19T11:17:40.987Z</Time><DistanceMeters>877.1929825676812</DistanceMeters><HeartRateBpm><Value>136</Value></HeartRateBpm><SensorState>Present</SensorState></Trackpoint><Trackpoint><Time>2025-07-19T11:17:41.987Z</Time><DistanceMeters>878.2894738515217</DistanceMeters><HeartRateBpm><Value>135</Value></HeartRateBpm><SensorState>Present</SensorState></Trackpoint><Trackpoint><Time>2025-07-19T11:17:42.987Z</Time><DistanceMeters>879.3859651353623</DistanceMeters><HeartRateBpm><Value>135</Value></HeartRateBpm><SensorState>Present</SensorState></Trackpoint><Trackpoint><Time>2025-07-19T11:17:43.987Z</Time><DistanceMeters>880.4824564192029</DistanceMeters><HeartRateBpm><Value>134</Value></HeartRateBpm><SensorState>Present</SensorState></Trackpoint><Trackpoint><Time>2025-07-19T11:17:44.987Z</Time><DistanceMeters>881.5789477030435</DistanceMeters><HeartRateBpm><Value>133</Value></HeartRateBpm><SensorState>Present</SensorState></Trackpoint><Trackpoint><Time>2025-07-19T11:17:45.987Z</Time><DistanceMeters>882.675438986884</DistanceMeters><HeartRateBpm><Value>132</Value></HeartRateBpm><SensorState>Present</SensorState></Trackpoint><Trackpoint><Time>2025-07-19T11:17:46.987Z</Time><DistanceMeters>883.7719302707246</DistanceMeters><HeartRateBpm><Value>131</Value></HeartRateBpm><SensorState>Present</SensorState></Trackpoint><Trackpoint><Time>2025-07-19T11:17:47.987Z</Time><DistanceMeters>884.8684215545652</DistanceMeters><HeartRateBpm><Value>130</Value></HeartRateBpm><SensorState>Present</SensorState></Trackpoint><Trackpoint><Time>2025-07-19T11:17:48.987Z</Time><DistanceMeters>885.9649128384058</DistanceMeters><HeartRateBpm><Value>129</Value></HeartRateBpm><SensorState>Present</SensorState></Trackpoint><Trackpoint><Time>2025-07-19T11:17:49.987Z</Time><DistanceMeters>900.0</DistanceMeters><HeartRateBpm><Value>129</Value></HeartRateBpm><SensorState>Present</SensorState></Trackpoint><Trackpoint><Time>2025-07-19T11:17:50.987Z</Time><DistanceMeters>900.0</DistanceMeters><HeartRateBpm><Value>128</Value></HeartRateBpm><SensorState>Present</SensorState></Trackpoint><Trackpoint><Time>2025-07-19T11:17:51.987Z</Time><DistanceMeters>900.0</DistanceMeters><HeartRateBpm><Value>128</Value></HeartRateBpm><SensorState>Present</SensorState></Trackpoint><Trackpoint><Time>2025-07-19T11:17:52.987Z</Time><DistanceMeters>900.0</DistanceMeters><HeartRateBpm><Value>128</Value></HeartRateBpm><SensorState>Present</SensorState></Trackpoint><Trackpoint><Time>2025-07-19T11:17:53.987Z</Time><DistanceMeters>900.0</DistanceMeters><HeartRateBpm><Value>129</Value></HeartRateBpm><SensorState>Present</SensorState></Trackpoint><Trackpoint><Time>2025-07-19T11:17:54.987Z</Time><DistanceMeters>900.0</DistanceMeters><HeartRateBpm><Value>130</Value></HeartRateBpm><SensorState>Present</SensorState></Trackpoint><Trackpoint><Time>2025-07-19T11:17:55.987Z</Time><DistanceMeters>900.0</DistanceMeters><HeartRateBpm><Value>130</Value></HeartRateBpm><SensorState>Present</SensorState></Trackpoint><Trackpoint><Time>2025-07-19T11:17:56.987Z</Time><DistanceMeters>900.0</DistanceMeters><HeartRateBpm><Value>130</Value></HeartRateBpm><SensorState>Present</SensorState></Trackpoint><Trackpoint><Time>2025-07-19T11:17:57.987Z</Time><DistanceMeters>900.0</DistanceMeters><HeartRateBpm><Value>131</Value></HeartRateBpm><SensorState>Present</SensorState></Trackpoint><Trackpoint><Time>2025-07-19T11:17:58.987Z</Time><DistanceMeters>900.0</DistanceMeters><HeartRateBpm><Value>131</Value></HeartRateBpm><SensorState>Present</SensorState></Trackpoint><Trackpoint><Time>2025-07-19T11:17:59.987Z</Time><DistanceMeters>900.0</DistanceMeters><HeartRateBpm><Value>132</Value></HeartRateBpm><SensorState>Present</SensorState></Trackpoint><Trackpoint><Time>2025-07-19T11:18:00.987Z</Time><DistanceMeters>900.0</DistanceMeters><HeartRateBpm><Value>133</Value></HeartRateBpm><SensorState>Present</SensorState></Trackpoint><Trackpoint><Time>2025-07-19T11:18:01.987Z</Time><DistanceMeters>900.0</DistanceMeters><HeartRateBpm><Value>134</Value></HeartRateBpm><SensorState>Present</SensorState></Trackpoint><Trackpoint><Time>2025-07-19T11:18:02.987Z</Time><DistanceMeters>900.0</DistanceMeters><HeartRateBpm><Value>135</Value></HeartRateBpm><SensorState>Present</SensorState></Trackpoint><Trackpoint><Time>2025-07-19T11:18:03.987Z</Time><DistanceMeters>900.0</DistanceMeters><HeartRateBpm><Value>135</Value></HeartRateBpm><SensorState>Present</SensorState></Trackpoint><Trackpoint><Time>2025-07-19T11:18:04.987Z</Time><DistanceMeters>900.0</DistanceMeters><HeartRateBpm><Value>135</Value></HeartRateBpm><SensorState>Present</SensorState></Trackpoint><Trackpoint><Time>2025-07-19T11:18:05.987Z</Time><DistanceMeters>900.0</DistanceMeters><HeartRateBpm><Value>136</Value></HeartRateBpm><SensorState>Present</SensorState></Trackpoint><Trackpoint><Time>2025-07-19T11:18:06.987Z</Time><DistanceMeters>900.0</DistanceMeters><HeartRateBpm><Value>136</Value></HeartRateBpm><SensorState>Present</SensorState></Trackpoint><Trackpoint><Time>2025-07-19T11:18:07.987Z</Time><DistanceMeters>900.0</DistanceMeters><HeartRateBpm><Value>137</Value></HeartRateBpm><SensorState>Present</SensorState></Trackpoint><Trackpoint><Time>2025-07-19T11:18:08.987Z</Time><DistanceMeters>900.0</DistanceMeters><HeartRateBpm><Value>138</Value></HeartRateBpm><SensorState>Present</SensorState></Trackpoint><Trackpoint><Time>2025-07-19T11:18:09.987Z</Time><DistanceMeters>901.0964912838406</DistanceMeters><HeartRateBpm><Value>138</Value></HeartRateBpm><SensorState>Present</SensorState></Trackpoint><Trackpoint><Time>2025-07-19T11:18:10.987Z</Time><DistanceMeters>902.1929825676812</DistanceMeters><HeartRateBpm><Value>139</Value></HeartRateBpm><SensorState>Present</SensorState></Trackpoint><Trackpoint><Time>2025-07-19T11:18:11.987Z</Time><DistanceMeters>903.2894738515217</DistanceMeters><HeartRateBpm><Value>140</Value></HeartRateBpm><SensorState>Present</SensorState></Trackpoint><Trackpoint><Time>2025-07-19T11:18:12.987Z</Time><DistanceMeters>904.3859651353623</DistanceMeters><HeartRateBpm><Value>140</Value></HeartRateBpm><SensorState>Present</SensorState></Trackpoint><Trackpoint><Time>2025-07-19T11:18:13.987Z</Time><DistanceMeters>905.4824564192029</DistanceMeters><HeartRateBpm><Value>141</Value></HeartRateBpm><SensorState>Present</SensorState></Trackpoint><Trackpoint><Time>2025-07-19T11:18:14.987Z</Time><DistanceMeters>906.5789477030435</DistanceMeters><HeartRateBpm><Value>141</Value></HeartRateBpm><SensorState>Present</SensorState></Trackpoint><Trackpoint><Time>2025-07-19T11:18:15.987Z</Time><DistanceMeters>907.675438986884</DistanceMeters><HeartRateBpm><Value>142</Value></HeartRateBpm><SensorState>Present</SensorState></Trackpoint><Trackpoint><Time>2025-07-19T11:18:16.987Z</Time><DistanceMeters>908.7719302707246</DistanceMeters><HeartRateBpm><Value>143</Value></HeartRateBpm><SensorState>Present</SensorState></Trackpoint><Trackpoint><Time>2025-07-19T11:18:17.987Z</Time><DistanceMeters>909.8684215545652</DistanceMeters><HeartRateBpm><Value>143</Value></HeartRateBpm><SensorState>Present</SensorState></Trackpoint><Trackpoint><Time>2025-07-19T11:18:18.987Z</Time><DistanceMeters>910.9649128384058</DistanceMeters><HeartRateBpm><Value>143</Value></HeartRateBpm><SensorState>Present</SensorState></Trackpoint><Trackpoint><Time>2025-07-19T11:18:19.987Z</Time><DistanceMeters>925.0</DistanceMeters><HeartRateBpm><Value>143</Value></HeartRateBpm><SensorState>Present</SensorState></Trackpoint><Trackpoint><Time>2025-07-19T11:18:20.987Z</Time><DistanceMeters>925.0</DistanceMeters><HeartRateBpm><Value>143</Value></HeartRateBpm><SensorState>Present</SensorState></Trackpoint><Trackpoint><Time>2025-07-19T11:18:21.987Z</Time><DistanceMeters>925.0</DistanceMeters><HeartRateBpm><Value>143</Value></HeartRateBpm><SensorState>Present</SensorState></Trackpoint><Trackpoint><Time>2025-07-19T11:18:22.987Z</Time><DistanceMeters>925.0</DistanceMeters><HeartRateBpm><Value>142</Value></HeartRateBpm><SensorState>Present</SensorState></Trackpoint><Trackpoint><Time>2025-07-19T11:18:23.987Z</Time><DistanceMeters>925.0</DistanceMeters><HeartRateBpm><Value>141</Value></HeartRateBpm><SensorState>Present</SensorState></Trackpoint><Trackpoint><Time>2025-07-19T11:18:24.987Z</Time><DistanceMeters>925.0</DistanceMeters><HeartRateBpm><Value>140</Value></HeartRateBpm><SensorState>Present</SensorState></Trackpoint><Trackpoint><Time>2025-07-19T11:18:25.987Z</Time><DistanceMeters>925.0</DistanceMeters><HeartRateBpm><Value>140</Value></HeartRateBpm><SensorState>Present</SensorState></Trackpoint><Trackpoint><Time>2025-07-19T11:18:26.987Z</Time><DistanceMeters>925.0</DistanceMeters><HeartRateBpm><Value>139</Value></HeartRateBpm><SensorState>Present</SensorState></Trackpoint><Trackpoint><Time>2025-07-19T11:18:27.987Z</Time><DistanceMeters>925.0</DistanceMeters><HeartRateBpm><Value>139</Value></HeartRateBpm><SensorState>Present</SensorState></Trackpoint><Trackpoint><Time>2025-07-19T11:18:28.987Z</Time><DistanceMeters>925.0</DistanceMeters><HeartRateBpm><Value>139</Value></HeartRateBpm><SensorState>Present</SensorState></Trackpoint><Trackpoint><Time>2025-07-19T11:18:29.987Z</Time><DistanceMeters>925.0</DistanceMeters><HeartRateBpm><Value>139</Value></HeartRateBpm><SensorState>Present</SensorState></Trackpoint><Trackpoint><Time>2025-07-19T11:18:30.987Z</Time><DistanceMeters>925.0</DistanceMeters><HeartRateBpm><Value>139</Value></HeartRateBpm><SensorState>Present</SensorState></Trackpoint><Trackpoint><Time>2025-07-19T11:18:31.987Z</Time><DistanceMeters>925.0</DistanceMeters><HeartRateBpm><Value>139</Value></HeartRateBpm><SensorState>Present</SensorState></Trackpoint><Trackpoint><Time>2025-07-19T11:18:32.987Z</Time><DistanceMeters>925.0</DistanceMeters><HeartRateBpm><Value>139</Value></HeartRateBpm><SensorState>Present</SensorState></Trackpoint><Trackpoint><Time>2025-07-19T11:18:33.987Z</Time><DistanceMeters>925.0</DistanceMeters><HeartRateBpm><Value>139</Value></HeartRateBpm><SensorState>Present</SensorState></Trackpoint><Trackpoint><Time>2025-07-19T11:18:34.987Z</Time><DistanceMeters>925.0</DistanceMeters><HeartRateBpm><Value>138</Value></HeartRateBpm><SensorState>Present</SensorState></Trackpoint><Trackpoint><Time>2025-07-19T11:18:35.987Z</Time><DistanceMeters>925.0</DistanceMeters><HeartRateBpm><Value>137</Value></HeartRateBpm><SensorState>Present</SensorState></Trackpoint><Trackpoint><Time>2025-07-19T11:18:36.987Z</Time><DistanceMeters>925.0</DistanceMeters><HeartRateBpm><Value>136</Value></HeartRateBpm><SensorState>Present</SensorState></Trackpoint><Trackpoint><Time>2025-07-19T11:18:37.987Z</Time><DistanceMeters>925.0</DistanceMeters><HeartRateBpm><Value>136</Value></HeartRateBpm><SensorState>Present</SensorState></Trackpoint><Trackpoint><Time>2025-07-19T11:18:38.987Z</Time><DistanceMeters>925.0</DistanceMeters><HeartRateBpm><Value>134</Value></HeartRateBpm><SensorState>Present</SensorState></Trackpoint><Trackpoint><Time>2025-07-19T11:18:39.987Z</Time><DistanceMeters>925.0</DistanceMeters><HeartRateBpm><Value>133</Value></HeartRateBpm><SensorState>Present</SensorState></Trackpoint><Trackpoint><Time>2025-07-19T11:18:40.987Z</Time><DistanceMeters>925.0</DistanceMeters><HeartRateBpm><Value>132</Value></HeartRateBpm><SensorState>Present</SensorState></Trackpoint><Trackpoint><Time>2025-07-19T11:18:41.987Z</Time><DistanceMeters>925.0</DistanceMeters><HeartRateBpm><Value>130</Value></HeartRateBpm><SensorState>Present</SensorState></Trackpoint><Trackpoint><Time>2025-07-19T11:18:42.987Z</Time><DistanceMeters>926.0964912838406</DistanceMeters><HeartRateBpm><Value>129</Value></HeartRateBpm><SensorState>Present</SensorState></Trackpoint><Trackpoint><Time>2025-07-19T11:18:43.987Z</Time><DistanceMeters>927.1929825676812</DistanceMeters><HeartRateBpm><Value>128</Value></HeartRateBpm><SensorState>Present</SensorState></Trackpoint><Trackpoint><Time>2025-07-19T11:18:44.987Z</Time><DistanceMeters>928.2894738515217</DistanceMeters><HeartRateBpm><Value>128</Value></HeartRateBpm><SensorState>Present</SensorState></Trackpoint><Trackpoint><Time>2025-07-19T11:18:45.987Z</Time><DistanceMeters>929.3859651353623</DistanceMeters><HeartRateBpm><Value>128</Value></HeartRateBpm><SensorState>Present</SensorState></Trackpoint><Trackpoint><Time>2025-07-19T11:18:46.987Z</Time><DistanceMeters>930.4824564192029</DistanceMeters><HeartRateBpm><Value>128</Value></HeartRateBpm><SensorState>Present</SensorState></Trackpoint><Trackpoint><Time>2025-07-19T11:18:47.987Z</Time><DistanceMeters>931.5789477030435</DistanceMeters><HeartRateBpm><Value>128</Value></HeartRateBpm><SensorState>Present</SensorState></Trackpoint><Trackpoint><Time>2025-07-19T11:18:48.987Z</Time><DistanceMeters>932.675438986884</DistanceMeters><HeartRateBpm><Value>129</Value></HeartRateBpm><SensorState>Present</SensorState></Trackpoint><Trackpoint><Time>2025-07-19T11:18:49.987Z</Time><DistanceMeters>933.7719302707246</DistanceMeters><HeartRateBpm><Value>130</Value></HeartRateBpm><SensorState>Present</SensorState></Trackpoint><Trackpoint><Time>2025-07-19T11:18:50.987Z</Time><DistanceMeters>934.8684215545652</DistanceMeters><HeartRateBpm><Value>131</Value></HeartRateBpm><SensorState>Present</SensorState></Trackpoint><Trackpoint><Time>2025-07-19T11:18:51.987Z</Time><DistanceMeters>935.9649128384058</DistanceMeters><HeartRateBpm><Value>132</Value></HeartRateBpm><SensorState>Present</SensorState></Trackpoint><Trackpoint><Time>2025-07-19T11:18:52.987Z</Time><DistanceMeters>950.0</DistanceMeters><HeartRateBpm><Value>133</Value></HeartRateBpm><SensorState>Present</SensorState></Trackpoint><Trackpoint><Time>2025-07-19T11:18:53.987Z</Time><DistanceMeters>950.0</DistanceMeters><HeartRateBpm><Value>133</Value></HeartRateBpm><SensorState>Present</SensorState></Trackpoint><Trackpoint><Time>2025-07-19T11:18:54.987Z</Time><DistanceMeters>950.0</DistanceMeters><HeartRateBpm><Value>133</Value></HeartRateBpm><SensorState>Present</SensorState></Trackpoint><Trackpoint><Time>2025-07-19T11:18:55.987Z</Time><DistanceMeters>950.0</DistanceMeters><HeartRateBpm><Value>132</Value></HeartRateBpm><SensorState>Present</SensorState></Trackpoint><Trackpoint><Time>2025-07-19T11:18:56.987Z</Time><DistanceMeters>950.0</DistanceMeters><HeartRateBpm><Value>132</Value></HeartRateBpm><SensorState>Present</SensorState></Trackpoint><Trackpoint><Time>2025-07-19T11:18:57.987Z</Time><DistanceMeters>950.0</DistanceMeters><HeartRateBpm><Value>132</Value></HeartRateBpm><SensorState>Present</SensorState></Trackpoint><Trackpoint><Time>2025-07-19T11:18:58.987Z</Time><DistanceMeters>950.0</DistanceMeters><HeartRateBpm><Value>131</Value></HeartRateBpm><SensorState>Present</SensorState></Trackpoint><Trackpoint><Time>2025-07-19T11:18:59.987Z</Time><DistanceMeters>950.0</DistanceMeters><HeartRateBpm><Value>131</Value></HeartRateBpm><SensorState>Present</SensorState></Trackpoint><Trackpoint><Time>2025-07-19T11:19:00.987Z</Time><DistanceMeters>950.0</DistanceMeters><HeartRateBpm><Value>130</Value></HeartRateBpm><SensorState>Present</SensorState></Trackpoint><Trackpoint><Time>2025-07-19T11:19:01.987Z</Time><DistanceMeters>950.0</DistanceMeters><HeartRateBpm><Value>130</Value></HeartRateBpm><SensorState>Present</SensorState></Trackpoint><Trackpoint><Time>2025-07-19T11:19:02.987Z</Time><DistanceMeters>950.0</DistanceMeters><HeartRateBpm><Value>130</Value></HeartRateBpm><SensorState>Present</SensorState></Trackpoint><Trackpoint><Time>2025-07-19T11:19:03.987Z</Time><DistanceMeters>950.0</DistanceMeters><HeartRateBpm><Value>129</Value></HeartRateBpm><SensorState>Present</SensorState></Trackpoint><Trackpoint><Time>2025-07-19T11:19:04.987Z</Time><DistanceMeters>950.0</DistanceMeters><HeartRateBpm><Value>129</Value></HeartRateBpm><SensorState>Present</SensorState></Trackpoint><Trackpoint><Time>2025-07-19T11:19:05.987Z</Time><DistanceMeters>950.0</DistanceMeters><HeartRateBpm><Value>130</Value></HeartRateBpm><SensorState>Present</SensorState></Trackpoint><Trackpoint><Time>2025-07-19T11:19:06.987Z</Time><DistanceMeters>950.0</DistanceMeters><HeartRateBpm><Value>131</Value></HeartRateBpm><SensorState>Present</SensorState></Trackpoint><Trackpoint><Time>2025-07-19T11:19:07.987Z</Time><DistanceMeters>950.0</DistanceMeters><HeartRateBpm><Value>132</Value></HeartRateBpm><SensorState>Present</SensorState></Trackpoint><Trackpoint><Time>2025-07-19T11:19:08.987Z</Time><DistanceMeters>950.0</DistanceMeters><HeartRateBpm><Value>132</Value></HeartRateBpm><SensorState>Present</SensorState></Trackpoint><Trackpoint><Time>2025-07-19T11:19:09.987Z</Time><DistanceMeters>950.0</DistanceMeters><HeartRateBpm><Value>133</Value></HeartRateBpm><SensorState>Present</SensorState></Trackpoint><Trackpoint><Time>2025-07-19T11:19:10.987Z</Time><DistanceMeters>950.0</DistanceMeters><HeartRateBpm><Value>133</Value></HeartRateBpm><SensorState>Present</SensorState></Trackpoint><Trackpoint><Time>2025-07-19T11:19:11.987Z</Time><DistanceMeters>950.0</DistanceMeters><HeartRateBpm><Value>134</Value></HeartRateBpm><SensorState>Present</SensorState></Trackpoint><Trackpoint><Time>2025-07-19T11:19:12.987Z</Time><DistanceMeters>951.0964912838406</DistanceMeters><HeartRateBpm><Value>134</Value></HeartRateBpm><SensorState>Present</SensorState></Trackpoint><Trackpoint><Time>2025-07-19T11:19:13.987Z</Time><DistanceMeters>952.1929825676812</DistanceMeters><HeartRateBpm><Value>135</Value></HeartRateBpm><SensorState>Present</SensorState></Trackpoint><Trackpoint><Time>2025-07-19T11:19:14.987Z</Time><DistanceMeters>953.2894738515217</DistanceMeters><HeartRateBpm><Value>136</Value></HeartRateBpm><SensorState>Present</SensorState></Trackpoint><Trackpoint><Time>2025-07-19T11:19:15.987Z</Time><DistanceMeters>954.3859651353623</DistanceMeters><HeartRateBpm><Value>136</Value></HeartRateBpm><SensorState>Present</SensorState></Trackpoint><Trackpoint><Time>2025-07-19T11:19:16.987Z</Time><DistanceMeters>955.4824564192029</DistanceMeters><HeartRateBpm><Value>137</Value></HeartRateBpm><SensorState>Present</SensorState></Trackpoint><Trackpoint><Time>2025-07-19T11:19:17.987Z</Time><DistanceMeters>956.5789477030435</DistanceMeters><HeartRateBpm><Value>138</Value></HeartRateBpm><SensorState>Present</SensorState></Trackpoint><Trackpoint><Time>2025-07-19T11:19:18.987Z</Time><DistanceMeters>957.675438986884</DistanceMeters><HeartRateBpm><Value>139</Value></HeartRateBpm><SensorState>Present</SensorState></Trackpoint><Trackpoint><Time>2025-07-19T11:19:19.987Z</Time><DistanceMeters>958.7719302707246</DistanceMeters><HeartRateBpm><Value>140</Value></HeartRateBpm><SensorState>Present</SensorState></Trackpoint><Trackpoint><Time>2025-07-19T11:19:20.987Z</Time><DistanceMeters>959.8684215545652</DistanceMeters><HeartRateBpm><Value>140</Value></HeartRateBpm><SensorState>Present</SensorState></Trackpoint><Trackpoint><Time>2025-07-19T11:19:21.987Z</Time><DistanceMeters>960.9649128384058</DistanceMeters><HeartRateBpm><Value>140</Value></HeartRateBpm><SensorState>Present</SensorState></Trackpoint><Trackpoint><Time>2025-07-19T11:19:22.987Z</Time><DistanceMeters>975.0</DistanceMeters><HeartRateBpm><Value>140</Value></HeartRateBpm><SensorState>Present</SensorState></Trackpoint><Trackpoint><Time>2025-07-19T11:19:23.987Z</Time><DistanceMeters>975.0</DistanceMeters><HeartRateBpm><Value>139</Value></HeartRateBpm><SensorState>Present</SensorState></Trackpoint><Trackpoint><Time>2025-07-19T11:19:24.987Z</Time><DistanceMeters>975.0</DistanceMeters><HeartRateBpm><Value>139</Value></HeartRateBpm><SensorState>Present</SensorState></Trackpoint><Trackpoint><Time>2025-07-19T11:19:25.987Z</Time><DistanceMeters>975.0</DistanceMeters><HeartRateBpm><Value>138</Value></HeartRateBpm><SensorState>Present</SensorState></Trackpoint><Trackpoint><Time>2025-07-19T11:19:26.987Z</Time><DistanceMeters>975.0</DistanceMeters><HeartRateBpm><Value>137</Value></HeartRateBpm><SensorState>Present</SensorState></Trackpoint><Trackpoint><Time>2025-07-19T11:19:27.987Z</Time><DistanceMeters>975.0</DistanceMeters><HeartRateBpm><Value>136</Value></HeartRateBpm><SensorState>Present</SensorState></Trackpoint><Trackpoint><Time>2025-07-19T11:19:28.987Z</Time><DistanceMeters>975.0</DistanceMeters><HeartRateBpm><Value>136</Value></HeartRateBpm><SensorState>Present</SensorState></Trackpoint><Trackpoint><Time>2025-07-19T11:19:29.987Z</Time><DistanceMeters>975.0</DistanceMeters><HeartRateBpm><Value>136</Value></HeartRateBpm><SensorState>Present</SensorState></Trackpoint><Trackpoint><Time>2025-07-19T11:19:30.987Z</Time><DistanceMeters>975.0</DistanceMeters><HeartRateBpm><Value>136</Value></HeartRateBpm><SensorState>Present</SensorState></Trackpoint><Trackpoint><Time>2025-07-19T11:19:31.987Z</Time><DistanceMeters>975.0</DistanceMeters><HeartRateBpm><Value>136</Value></HeartRateBpm><SensorState>Present</SensorState></Trackpoint><Trackpoint><Time>2025-07-19T11:19:32.987Z</Time><DistanceMeters>975.0</DistanceMeters><HeartRateBpm><Value>136</Value></HeartRateBpm><SensorState>Present</SensorState></Trackpoint><Trackpoint><Time>2025-07-19T11:19:33.987Z</Time><DistanceMeters>975.0</DistanceMeters><HeartRateBpm><Value>136</Value></HeartRateBpm><SensorState>Present</SensorState></Trackpoint><Trackpoint><Time>2025-07-19T11:19:34.987Z</Time><DistanceMeters>975.0</DistanceMeters><HeartRateBpm><Value>136</Value></HeartRateBpm><SensorState>Present</SensorState></Trackpoint><Trackpoint><Time>2025-07-19T11:19:35.987Z</Time><DistanceMeters>975.0</DistanceMeters><HeartRateBpm><Value>136</Value></HeartRateBpm><SensorState>Present</SensorState></Trackpoint><Trackpoint><Time>2025-07-19T11:19:36.987Z</Time><DistanceMeters>975.0</DistanceMeters><HeartRateBpm><Value>135</Value></HeartRateBpm><SensorState>Present</SensorState></Trackpoint><Trackpoint><Time>2025-07-19T11:19:37.987Z</Time><DistanceMeters>975.0</DistanceMeters><HeartRateBpm><Value>135</Value></HeartRateBpm><SensorState>Present</SensorState></Trackpoint><Trackpoint><Time>2025-07-19T11:19:38.987Z</Time><DistanceMeters>975.0</DistanceMeters><HeartRateBpm><Value>135</Value></HeartRateBpm><SensorState>Present</SensorState></Trackpoint><Trackpoint><Time>2025-07-19T11:19:39.987Z</Time><DistanceMeters>975.0</DistanceMeters><HeartRateBpm><Value>134</Value></HeartRateBpm><SensorState>Present</SensorState></Trackpoint><Trackpoint><Time>2025-07-19T11:19:40.987Z</Time><DistanceMeters>975.0</DistanceMeters><HeartRateBpm><Value>134</Value></HeartRateBpm><SensorState>Present</SensorState></Trackpoint><Trackpoint><Time>2025-07-19T11:19:41.987Z</Time><DistanceMeters>975.0</DistanceMeters><HeartRateBpm><Value>134</Value></HeartRateBpm><SensorState>Present</SensorState></Trackpoint><Trackpoint><Time>2025-07-19T11:19:42.987Z</Time><DistanceMeters>976.0964912838406</DistanceMeters><HeartRateBpm><Value>134</Value></HeartRateBpm><SensorState>Present</SensorState></Trackpoint><Trackpoint><Time>2025-07-19T11:19:43.987Z</Time><DistanceMeters>977.1929825676812</DistanceMeters><HeartRateBpm><Value>134</Value></HeartRateBpm><SensorState>Present</SensorState></Trackpoint><Trackpoint><Time>2025-07-19T11:19:44.987Z</Time><DistanceMeters>978.2894738515217</DistanceMeters><HeartRateBpm><Value>134</Value></HeartRateBpm><SensorState>Present</SensorState></Trackpoint><Trackpoint><Time>2025-07-19T11:19:45.987Z</Time><DistanceMeters>979.3859651353623</DistanceMeters><HeartRateBpm><Value>134</Value></HeartRateBpm><SensorState>Present</SensorState></Trackpoint><Trackpoint><Time>2025-07-19T11:19:46.987Z</Time><DistanceMeters>980.4824564192029</DistanceMeters><HeartRateBpm><Value>134</Value></HeartRateBpm><SensorState>Present</SensorState></Trackpoint><Trackpoint><Time>2025-07-19T11:19:47.987Z</Time><DistanceMeters>981.5789477030435</DistanceMeters><HeartRateBpm><Value>134</Value></HeartRateBpm><SensorState>Present</SensorState></Trackpoint><Trackpoint><Time>2025-07-19T11:19:48.987Z</Time><DistanceMeters>982.675438986884</DistanceMeters><HeartRateBpm><Value>133</Value></HeartRateBpm><SensorState>Present</SensorState></Trackpoint><Trackpoint><Time>2025-07-19T11:19:49.987Z</Time><DistanceMeters>983.7719302707246</DistanceMeters><HeartRateBpm><Value>133</Value></HeartRateBpm><SensorState>Present</SensorState></Trackpoint><Trackpoint><Time>2025-07-19T11:19:50.987Z</Time><DistanceMeters>984.8684215545652</DistanceMeters><HeartRateBpm><Value>132</Value></HeartRateBpm><SensorState>Present</SensorState></Trackpoint><Trackpoint><Time>2025-07-19T11:19:51.987Z</Time><DistanceMeters>985.9649128384058</DistanceMeters><HeartRateBpm><Value>131</Value></HeartRateBpm><SensorState>Present</SensorState></Trackpoint><Trackpoint><Time>2025-07-19T11:19:52.987Z</Time><DistanceMeters>1000.0</DistanceMeters><HeartRateBpm><Value>130</Value></HeartRateBpm><SensorState>Present</SensorState></Trackpoint><Trackpoint><Time>2025-07-19T11:19:53.987Z</Time><DistanceMeters>1000.0</DistanceMeters><HeartRateBpm><Value>130</Value></HeartRateBpm><SensorState>Present</SensorState></Trackpoint><Trackpoint><Time>2025-07-19T11:19:54.987Z</Time><DistanceMeters>1000.0</DistanceMeters><HeartRateBpm><Value>130</Value></HeartRateBpm><SensorState>Present</SensorState></Trackpoint><Trackpoint><Time>2025-07-19T11:19:55.987Z</Time><DistanceMeters>1000.0</DistanceMeters><HeartRateBpm><Value>130</Value></HeartRateBpm><SensorState>Present</SensorState></Trackpoint><Trackpoint><Time>2025-07-19T11:19:56.987Z</Time><DistanceMeters>1000.0</DistanceMeters><HeartRateBpm><Value>130</Value></HeartRateBpm><SensorState>Present</SensorState></Trackpoint><Trackpoint><Time>2025-07-19T11:19:57.987Z</Time><DistanceMeters>1000.0</DistanceMeters><HeartRateBpm><Value>130</Value></HeartRateBpm><SensorState>Present</SensorState></Trackpoint><Trackpoint><Time>2025-07-19T11:19:58.987Z</Time><DistanceMeters>1000.0</DistanceMeters><HeartRateBpm><Value>130</Value></HeartRateBpm><SensorState>Present</SensorState></Trackpoint><Trackpoint><Time>2025-07-19T11:19:59.987Z</Time><DistanceMeters>1000.0</DistanceMeters><HeartRateBpm><Value>131</Value></HeartRateBpm><SensorState>Present</SensorState></Trackpoint><Trackpoint><Time>2025-07-19T11:20:00.987Z</Time><DistanceMeters>1000.0</DistanceMeters><HeartRateBpm><Value>131</Value></HeartRateBpm><SensorState>Present</SensorState></Trackpoint><Trackpoint><Time>2025-07-19T11:20:01.987Z</Time><DistanceMeters>1000.0</DistanceMeters><HeartRateBpm><Value>131</Value></HeartRateBpm><SensorState>Present</SensorState></Trackpoint><Trackpoint><Time>2025-07-19T11:20:02.987Z</Time><DistanceMeters>1000.0</DistanceMeters><HeartRateBpm><Value>131</Value></HeartRateBpm><SensorState>Present</SensorState></Trackpoint><Trackpoint><Time>2025-07-19T11:20:03.987Z</Time><DistanceMeters>1000.0</DistanceMeters><HeartRateBpm><Value>131</Value></HeartRateBpm><SensorState>Present</SensorState></Trackpoint><Trackpoint><Time>2025-07-19T11:20:04.987Z</Time><DistanceMeters>1000.0</DistanceMeters><HeartRateBpm><Value>132</Value></HeartRateBpm><SensorState>Present</SensorState></Trackpoint><Trackpoint><Time>2025-07-19T11:20:05.987Z</Time><DistanceMeters>1000.0</DistanceMeters><HeartRateBpm><Value>132</Value></HeartRateBpm><SensorState>Present</SensorState></Trackpoint><Trackpoint><Time>2025-07-19T11:20:06.987Z</Time><DistanceMeters>1000.0</DistanceMeters><HeartRateBpm><Value>132</Value></HeartRateBpm><SensorState>Present</SensorState></Trackpoint><Trackpoint><Time>2025-07-19T11:20:07.987Z</Time><DistanceMeters>1000.0</DistanceMeters><HeartRateBpm><Value>132</Value></HeartRateBpm><SensorState>Present</SensorState></Trackpoint><Trackpoint><Time>2025-07-19T11:20:08.987Z</Time><DistanceMeters>1000.0</DistanceMeters><HeartRateBpm><Value>132</Value></HeartRateBpm><SensorState>Present</SensorState></Trackpoint><Trackpoint><Time>2025-07-19T11:20:09.987Z</Time><DistanceMeters>1000.0</DistanceMeters><HeartRateBpm><Value>132</Value></HeartRateBpm><SensorState>Present</SensorState></Trackpoint><Trackpoint><Time>2025-07-19T11:20:10.987Z</Time><DistanceMeters>1000.0</DistanceMeters><HeartRateBpm><Value>132</Value></HeartRateBpm><SensorState>Present</SensorState></Trackpoint><Trackpoint><Time>2025-07-19T11:20:11.987Z</Time><DistanceMeters>1000.0</DistanceMeters><HeartRateBpm><Value>132</Value></HeartRateBpm><SensorState>Present</SensorState></Trackpoint><Trackpoint><Time>2025-07-19T11:20:12.987Z</Time><DistanceMeters>1000.0</DistanceMeters><HeartRateBpm><Value>130</Value></HeartRateBpm><SensorState>Present</SensorState></Trackpoint><Trackpoint><Time>2025-07-19T11:20:13.987Z</Time><DistanceMeters>1000.0</DistanceMeters><HeartRateBpm><Value>129</Value></HeartRateBpm><SensorState>Present</SensorState></Trackpoint><Trackpoint><Time>2025-07-19T11:20:14.987Z</Time><DistanceMeters>1000.0</DistanceMeters><HeartRateBpm><Value>128</Value></HeartRateBpm><SensorState>Present</SensorState></Trackpoint><Trackpoint><Time>2025-07-19T11:20:15.987Z</Time><DistanceMeters>1001.0964912838406</DistanceMeters><HeartRateBpm><Value>126</Value></HeartRateBpm><SensorState>Present</SensorState></Trackpoint><Trackpoint><Time>2025-07-19T11:20:16.987Z</Time><DistanceMeters>1002.1929825676812</DistanceMeters><HeartRateBpm><Value>125</Value></HeartRateBpm><SensorState>Present</SensorState></Trackpoint><Trackpoint><Time>2025-07-19T11:20:17.987Z</Time><DistanceMeters>1003.2894738515217</DistanceMeters><HeartRateBpm><Value>125</Value></HeartRateBpm><SensorState>Present</SensorState></Trackpoint><Trackpoint><Time>2025-07-19T11:20:18.987Z</Time><DistanceMeters>1004.3859651353623</DistanceMeters><HeartRateBpm><Value>125</Value></HeartRateBpm><SensorState>Present</SensorState></Trackpoint><Trackpoint><Time>2025-07-19T11:20:19.987Z</Time><DistanceMeters>1005.4824564192029</DistanceMeters><HeartRateBpm><Value>126</Value></HeartRateBpm><SensorState>Present</SensorState></Trackpoint><Trackpoint><Time>2025-07-19T11:20:20.987Z</Time><DistanceMeters>1006.5789477030435</DistanceMeters><HeartRateBpm><Value>127</Value></HeartRateBpm><SensorState>Present</SensorState></Trackpoint><Trackpoint><Time>2025-07-19T11:20:21.987Z</Time><DistanceMeters>1007.675438986884</DistanceMeters><HeartRateBpm><Value>128</Value></HeartRateBpm><SensorState>Present</SensorState></Trackpoint><Trackpoint><Time>2025-07-19T11:20:22.987Z</Time><DistanceMeters>1008.7719302707246</DistanceMeters><HeartRateBpm><Value>128</Value></HeartRateBpm><SensorState>Present</SensorState></Trackpoint><Trackpoint><Time>2025-07-19T11:20:23.987Z</Time><DistanceMeters>1009.8684215545652</DistanceMeters><HeartRateBpm><Value>129</Value></HeartRateBpm><SensorState>Present</SensorState></Trackpoint><Trackpoint><Time>2025-07-19T11:20:24.987Z</Time><DistanceMeters>1010.9649128384058</DistanceMeters><HeartRateBpm><Value>130</Value></HeartRateBpm><SensorState>Present</SensorState></Trackpoint><Trackpoint><Time>2025-07-19T11:20:25.987Z</Time><DistanceMeters>1025.0</DistanceMeters><HeartRateBpm><Value>130</Value></HeartRateBpm><SensorState>Present</SensorState></Trackpoint><Trackpoint><Time>2025-07-19T11:20:26.987Z</Time><DistanceMeters>1025.0</DistanceMeters><HeartRateBpm><Value>131</Value></HeartRateBpm><SensorState>Present</SensorState></Trackpoint><Trackpoint><Time>2025-07-19T11:20:27.987Z</Time><DistanceMeters>1025.0</DistanceMeters><HeartRateBpm><Value>132</Value></HeartRateBpm><SensorState>Present</SensorState></Trackpoint><Trackpoint><Time>2025-07-19T11:20:28.987Z</Time><DistanceMeters>1025.0</DistanceMeters><HeartRateBpm><Value>132</Value></HeartRateBpm><SensorState>Present</SensorState></Trackpoint><Trackpoint><Time>2025-07-19T11:20:29.987Z</Time><DistanceMeters>1025.0</DistanceMeters><HeartRateBpm><Value>132</Value></HeartRateBpm><SensorState>Present</SensorState></Trackpoint><Trackpoint><Time>2025-07-19T11:20:30.987Z</Time><DistanceMeters>1025.0</DistanceMeters><HeartRateBpm><Value>133</Value></HeartRateBpm><SensorState>Present</SensorState></Trackpoint><Trackpoint><Time>2025-07-19T11:20:31.987Z</Time><DistanceMeters>1025.0</DistanceMeters><HeartRateBpm><Value>134</Value></HeartRateBpm><SensorState>Present</SensorState></Trackpoint><Trackpoint><Time>2025-07-19T11:20:32.987Z</Time><DistanceMeters>1025.0</DistanceMeters><HeartRateBpm><Value>134</Value></HeartRateBpm><SensorState>Present</SensorState></Trackpoint><Trackpoint><Time>2025-07-19T11:20:33.987Z</Time><DistanceMeters>1025.0</DistanceMeters><HeartRateBpm><Value>135</Value></HeartRateBpm><SensorState>Present</SensorState></Trackpoint><Trackpoint><Time>2025-07-19T11:20:34.987Z</Time><DistanceMeters>1025.0</DistanceMeters><HeartRateBpm><Value>136</Value></HeartRateBpm><SensorState>Present</SensorState></Trackpoint><Trackpoint><Time>2025-07-19T11:20:35.987Z</Time><DistanceMeters>1025.0</DistanceMeters><HeartRateBpm><Value>136</Value></HeartRateBpm><SensorState>Present</SensorState></Trackpoint><Trackpoint><Time>2025-07-19T11:20:36.987Z</Time><DistanceMeters>1025.0</DistanceMeters><HeartRateBpm><Value>137</Value></HeartRateBpm><SensorState>Present</SensorState></Trackpoint><Trackpoint><Time>2025-07-19T11:20:37.987Z</Time><DistanceMeters>1025.0</DistanceMeters><HeartRateBpm><Value>137</Value></HeartRateBpm><SensorState>Present</SensorState></Trackpoint><Trackpoint><Time>2025-07-19T11:20:38.987Z</Time><DistanceMeters>1025.0</DistanceMeters><HeartRateBpm><Value>137</Value></HeartRateBpm><SensorState>Present</SensorState></Trackpoint><Trackpoint><Time>2025-07-19T11:20:39.987Z</Time><DistanceMeters>1025.0</DistanceMeters><HeartRateBpm><Value>138</Value></HeartRateBpm><SensorState>Present</SensorState></Trackpoint><Trackpoint><Time>2025-07-19T11:20:40.987Z</Time><DistanceMeters>1025.0</DistanceMeters><HeartRateBpm><Value>138</Value></HeartRateBpm><SensorState>Present</SensorState></Trackpoint><Trackpoint><Time>2025-07-19T11:20:41.987Z</Time><DistanceMeters>1025.0</DistanceMeters><HeartRateBpm><Value>138</Value></HeartRateBpm><SensorState>Present</SensorState></Trackpoint><Trackpoint><Time>2025-07-19T11:20:42.987Z</Time><DistanceMeters>1025.0</DistanceMeters><HeartRateBpm><Value>138</Value></HeartRateBpm><SensorState>Present</SensorState></Trackpoint><Trackpoint><Time>2025-07-19T11:20:43.987Z</Time><DistanceMeters>1025.0</DistanceMeters><HeartRateBpm><Value>138</Value></HeartRateBpm><SensorState>Present</SensorState></Trackpoint><Trackpoint><Time>2025-07-19T11:20:44.987Z</Time><DistanceMeters>1025.0</DistanceMeters><HeartRateBpm><Value>138</Value></HeartRateBpm><SensorState>Present</SensorState></Trackpoint><Trackpoint><Time>2025-07-19T11:20:45.987Z</Time><DistanceMeters>1026.0964912838406</DistanceMeters><HeartRateBpm><Value>138</Value></HeartRateBpm><SensorState>Present</SensorState></Trackpoint><Trackpoint><Time>2025-07-19T11:20:46.987Z</Time><DistanceMeters>1027.1929825676812</DistanceMeters><HeartRateBpm><Value>137</Value></HeartRateBpm><SensorState>Present</SensorState></Trackpoint><Trackpoint><Time>2025-07-19T11:20:47.987Z</Time><DistanceMeters>1028.2894738515217</DistanceMeters><HeartRateBpm><Value>137</Value></HeartRateBpm><SensorState>Present</SensorState></Trackpoint><Trackpoint><Time>2025-07-19T11:20:48.987Z</Time><DistanceMeters>1029.3859651353623</DistanceMeters><HeartRateBpm><Value>136</Value></HeartRateBpm><SensorState>Present</SensorState></Trackpoint><Trackpoint><Time>2025-07-19T11:20:49.987Z</Time><DistanceMeters>1030.482456419203</DistanceMeters><HeartRateBpm><Value>136</Value></HeartRateBpm><SensorState>Present</SensorState></Trackpoint><Trackpoint><Time>2025-07-19T11:20:50.987Z</Time><DistanceMeters>1031.5789477030435</DistanceMeters><HeartRateBpm><Value>135</Value></HeartRateBpm><SensorState>Present</SensorState></Trackpoint><Trackpoint><Time>2025-07-19T11:20:51.987Z</Time><DistanceMeters>1032.675438986884</DistanceMeters><HeartRateBpm><Value>135</Value></HeartRateBpm><SensorState>Present</SensorState></Trackpoint><Trackpoint><Time>2025-07-19T11:20:52.987Z</Time><DistanceMeters>1033.7719302707246</DistanceMeters><HeartRateBpm><Value>134</Value></HeartRateBpm><SensorState>Present</SensorState></Trackpoint><Trackpoint><Time>2025-07-19T11:20:53.987Z</Time><DistanceMeters>1034.8684215545652</DistanceMeters><HeartRateBpm><Value>134</Value></HeartRateBpm><SensorState>Present</SensorState></Trackpoint><Trackpoint><Time>2025-07-19T11:20:54.987Z</Time><DistanceMeters>1035.9649128384058</DistanceMeters><HeartRateBpm><Value>134</Value></HeartRateBpm><SensorState>Present</SensorState></Trackpoint><Trackpoint><Time>2025-07-19T11:20:55.987Z</Time><DistanceMeters>1050.0</DistanceMeters><HeartRateBpm><Value>134</Value></HeartRateBpm><SensorState>Present</SensorState></Trackpoint><Trackpoint><Time>2025-07-19T11:20:56.987Z</Time><DistanceMeters>1050.0</DistanceMeters><HeartRateBpm><Value>133</Value></HeartRateBpm><SensorState>Present</SensorState></Trackpoint><Trackpoint><Time>2025-07-19T11:20:57.987Z</Time><DistanceMeters>1050.0</DistanceMeters><HeartRateBpm><Value>133</Value></HeartRateBpm><SensorState>Present</SensorState></Trackpoint><Trackpoint><Time>2025-07-19T11:20:58.987Z</Time><DistanceMeters>1050.0</DistanceMeters><HeartRateBpm><Value>133</Value></HeartRateBpm><SensorState>Present</SensorState></Trackpoint><Trackpoint><Time>2025-07-19T11:20:59.987Z</Time><DistanceMeters>1050.0</DistanceMeters><HeartRateBpm><Value>134</Value></HeartRateBpm><SensorState>Present</SensorState></Trackpoint><Trackpoint><Time>2025-07-19T11:21:00.987Z</Time><DistanceMeters>1050.0</DistanceMeters><HeartRateBpm><Value>136</Value></HeartRateBpm><SensorState>Present</SensorState></Trackpoint><Trackpoint><Time>2025-07-19T11:21:01.987Z</Time><DistanceMeters>1050.0</DistanceMeters><HeartRateBpm><Value>137</Value></HeartRateBpm><SensorState>Present</SensorState></Trackpoint><Trackpoint><Time>2025-07-19T11:21:02.987Z</Time><DistanceMeters>1050.0</DistanceMeters><HeartRateBpm><Value>138</Value></HeartRateBpm><SensorState>Present</SensorState></Trackpoint><Trackpoint><Time>2025-07-19T11:21:03.987Z</Time><DistanceMeters>1050.0</DistanceMeters><HeartRateBpm><Value>139</Value></HeartRateBpm><SensorState>Present</SensorState></Trackpoint><Trackpoint><Time>2025-07-19T11:21:04.987Z</Time><DistanceMeters>1050.0</DistanceMeters><HeartRateBpm><Value>139</Value></HeartRateBpm><SensorState>Present</SensorState></Trackpoint><Trackpoint><Time>2025-07-19T11:21:05.987Z</Time><DistanceMeters>1050.0</DistanceMeters><HeartRateBpm><Value>139</Value></HeartRateBpm><SensorState>Present</SensorState></Trackpoint><Trackpoint><Time>2025-07-19T11:21:06.987Z</Time><DistanceMeters>1050.0</DistanceMeters><HeartRateBpm><Value>139</Value></HeartRateBpm><SensorState>Present</SensorState></Trackpoint><Trackpoint><Time>2025-07-19T11:21:07.987Z</Time><DistanceMeters>1050.0</DistanceMeters><HeartRateBpm><Value>140</Value></HeartRateBpm><SensorState>Present</SensorState></Trackpoint><Trackpoint><Time>2025-07-19T11:21:08.987Z</Time><DistanceMeters>1050.0</DistanceMeters><HeartRateBpm><Value>140</Value></HeartRateBpm><SensorState>Present</SensorState></Trackpoint><Trackpoint><Time>2025-07-19T11:21:09.987Z</Time><DistanceMeters>1050.0</DistanceMeters><HeartRateBpm><Value>140</Value></HeartRateBpm><SensorState>Present</SensorState></Trackpoint><Trackpoint><Time>2025-07-19T11:21:10.987Z</Time><DistanceMeters>1050.0</DistanceMeters><HeartRateBpm><Value>140</Value></HeartRateBpm><SensorState>Present</SensorState></Trackpoint><Trackpoint><Time>2025-07-19T11:21:11.987Z</Time><DistanceMeters>1050.0</DistanceMeters><HeartRateBpm><Value>141</Value></HeartRateBpm><SensorState>Present</SensorState></Trackpoint><Trackpoint><Time>2025-07-19T11:21:12.987Z</Time><DistanceMeters>1050.0</DistanceMeters><HeartRateBpm><Value>140</Value></HeartRateBpm><SensorState>Present</SensorState></Trackpoint><Trackpoint><Time>2025-07-19T11:21:13.987Z</Time><DistanceMeters>1050.0</DistanceMeters><HeartRateBpm><Value>140</Value></HeartRateBpm><SensorState>Present</SensorState></Trackpoint><Trackpoint><Time>2025-07-19T11:21:14.987Z</Time><DistanceMeters>1050.0</DistanceMeters><HeartRateBpm><Value>140</Value></HeartRateBpm><SensorState>Present</SensorState></Trackpoint><Trackpoint><Time>2025-07-19T11:21:15.987Z</Time><DistanceMeters>1051.0964912838406</DistanceMeters><HeartRateBpm><Value>140</Value></HeartRateBpm><SensorState>Present</SensorState></Trackpoint><Trackpoint><Time>2025-07-19T11:21:16.987Z</Time><DistanceMeters>1052.1929825676812</DistanceMeters><HeartRateBpm><Value>139</Value></HeartRateBpm><SensorState>Present</SensorState></Trackpoint><Trackpoint><Time>2025-07-19T11:21:17.987Z</Time><DistanceMeters>1053.2894738515217</DistanceMeters><HeartRateBpm><Value>139</Value></HeartRateBpm><SensorState>Present</SensorState></Trackpoint><Trackpoint><Time>2025-07-19T11:21:18.987Z</Time><DistanceMeters>1054.3859651353623</DistanceMeters><HeartRateBpm><Value>139</Value></HeartRateBpm><SensorState>Present</SensorState></Trackpoint><Trackpoint><Time>2025-07-19T11:21:19.987Z</Time><DistanceMeters>1055.482456419203</DistanceMeters><HeartRateBpm><Value>139</Value></HeartRateBpm><SensorState>Present</SensorState></Trackpoint><Trackpoint><Time>2025-07-19T11:21:20.987Z</Time><DistanceMeters>1056.5789477030435</DistanceMeters><HeartRateBpm><Value>139</Value></HeartRateBpm><SensorState>Present</SensorState></Trackpoint><Trackpoint><Time>2025-07-19T11:21:21.987Z</Time><DistanceMeters>1057.675438986884</DistanceMeters><HeartRateBpm><Value>139</Value></HeartRateBpm><SensorState>Present</SensorState></Trackpoint><Trackpoint><Time>2025-07-19T11:21:22.987Z</Time><DistanceMeters>1058.7719302707246</DistanceMeters><HeartRateBpm><Value>139</Value></HeartRateBpm><SensorState>Present</SensorState></Trackpoint><Trackpoint><Time>2025-07-19T11:21:23.987Z</Time><DistanceMeters>1059.8684215545652</DistanceMeters><HeartRateBpm><Value>138</Value></HeartRateBpm><SensorState>Present</SensorState></Trackpoint><Trackpoint><Time>2025-07-19T11:21:24.987Z</Time><DistanceMeters>1060.9649128384058</DistanceMeters><HeartRateBpm><Value>138</Value></HeartRateBpm><SensorState>Present</SensorState></Trackpoint><Trackpoint><Time>2025-07-19T11:21:25.987Z</Time><DistanceMeters>1075.0</DistanceMeters><HeartRateBpm><Value>137</Value></HeartRateBpm><SensorState>Present</SensorState></Trackpoint><Trackpoint><Time>2025-07-19T11:21:26.987Z</Time><DistanceMeters>1075.0</DistanceMeters><HeartRateBpm><Value>137</Value></HeartRateBpm><SensorState>Present</SensorState></Trackpoint><Trackpoint><Time>2025-07-19T11:21:27.987Z</Time><DistanceMeters>1075.0</DistanceMeters><HeartRateBpm><Value>137</Value></HeartRateBpm><SensorState>Present</SensorState></Trackpoint><Trackpoint><Time>2025-07-19T11:21:28.987Z</Time><DistanceMeters>1075.0</DistanceMeters><HeartRateBpm><Value>137</Value></HeartRateBpm><SensorState>Present</SensorState></Trackpoint><Trackpoint><Time>2025-07-19T11:21:29.987Z</Time><DistanceMeters>1075.0</DistanceMeters><HeartRateBpm><Value>137</Value></HeartRateBpm><SensorState>Present</SensorState></Trackpoint><Trackpoint><Time>2025-07-19T11:21:30.987Z</Time><DistanceMeters>1075.0</DistanceMeters><HeartRateBpm><Value>137</Value></HeartRateBpm><SensorState>Present</SensorState></Trackpoint><Trackpoint><Time>2025-07-19T11:21:31.987Z</Time><DistanceMeters>1075.0</DistanceMeters><HeartRateBpm><Value>138</Value></HeartRateBpm><SensorState>Present</SensorState></Trackpoint><Trackpoint><Time>2025-07-19T11:21:32.987Z</Time><DistanceMeters>1075.0</DistanceMeters><HeartRateBpm><Value>138</Value></HeartRateBpm><SensorState>Present</SensorState></Trackpoint><Trackpoint><Time>2025-07-19T11:21:33.987Z</Time><DistanceMeters>1075.0</DistanceMeters><HeartRateBpm><Value>138</Value></HeartRateBpm><SensorState>Present</SensorState></Trackpoint><Trackpoint><Time>2025-07-19T11:21:34.987Z</Time><DistanceMeters>1075.0</DistanceMeters><HeartRateBpm><Value>137</Value></HeartRateBpm><SensorState>Present</SensorState></Trackpoint><Trackpoint><Time>2025-07-19T11:21:35.987Z</Time><DistanceMeters>1075.0</DistanceMeters><HeartRateBpm><Value>137</Value></HeartRateBpm><SensorState>Present</SensorState></Trackpoint><Trackpoint><Time>2025-07-19T11:21:36.987Z</Time><DistanceMeters>1075.0</DistanceMeters><HeartRateBpm><Value>137</Value></HeartRateBpm><SensorState>Present</SensorState></Trackpoint><Trackpoint><Time>2025-07-19T11:21:37.987Z</Time><DistanceMeters>1075.0</DistanceMeters><HeartRateBpm><Value>137</Value></HeartRateBpm><SensorState>Present</SensorState></Trackpoint><Trackpoint><Time>2025-07-19T11:21:38.987Z</Time><DistanceMeters>1075.0</DistanceMeters><HeartRateBpm><Value>137</Value></HeartRateBpm><SensorState>Present</SensorState></Trackpoint><Trackpoint><Time>2025-07-19T11:21:39.987Z</Time><DistanceMeters>1075.0</DistanceMeters><HeartRateBpm><Value>137</Value></HeartRateBpm><SensorState>Present</SensorState></Trackpoint><Trackpoint><Time>2025-07-19T11:21:40.987Z</Time><DistanceMeters>1075.0</DistanceMeters><HeartRateBpm><Value>137</Value></HeartRateBpm><SensorState>Present</SensorState></Trackpoint><Trackpoint><Time>2025-07-19T11:21:41.987Z</Time><DistanceMeters>1075.0</DistanceMeters><HeartRateBpm><Value>137</Value></HeartRateBpm><SensorState>Present</SensorState></Trackpoint><Trackpoint><Time>2025-07-19T11:21:42.987Z</Time><DistanceMeters>1075.0</DistanceMeters><HeartRateBpm><Value>137</Value></HeartRateBpm><SensorState>Present</SensorState></Trackpoint><Trackpoint><Time>2025-07-19T11:21:43.987Z</Time><DistanceMeters>1075.0</DistanceMeters><HeartRateBpm><Value>137</Value></HeartRateBpm><SensorState>Present</SensorState></Trackpoint><Trackpoint><Time>2025-07-19T11:21:44.987Z</Time><DistanceMeters>1075.0</DistanceMeters><HeartRateBpm><Value>138</Value></HeartRateBpm><SensorState>Present</SensorState></Trackpoint><Trackpoint><Time>2025-07-19T11:21:45.987Z</Time><DistanceMeters>1075.0</DistanceMeters><HeartRateBpm><Value>138</Value></HeartRateBpm><SensorState>Present</SensorState></Trackpoint><Trackpoint><Time>2025-07-19T11:21:46.987Z</Time><DistanceMeters>1076.0964912838406</DistanceMeters><HeartRateBpm><Value>139</Value></HeartRateBpm><SensorState>Present</SensorState></Trackpoint><Trackpoint><Time>2025-07-19T11:21:47.987Z</Time><DistanceMeters>1077.1929825676812</DistanceMeters><HeartRateBpm><Value>139</Value></HeartRateBpm><SensorState>Present</SensorState></Trackpoint><Trackpoint><Time>2025-07-19T11:21:48.987Z</Time><DistanceMeters>1078.2894738515217</DistanceMeters><HeartRateBpm><Value>139</Value></HeartRateBpm><SensorState>Present</SensorState></Trackpoint><Trackpoint><Time>2025-07-19T11:21:49.987Z</Time><DistanceMeters>1079.3859651353623</DistanceMeters><HeartRateBpm><Value>138</Value></HeartRateBpm><SensorState>Present</SensorState></Trackpoint><Trackpoint><Time>2025-07-19T11:21:50.987Z</Time><DistanceMeters>1080.482456419203</DistanceMeters><HeartRateBpm><Value>137</Value></HeartRateBpm><SensorState>Present</SensorState></Trackpoint><Trackpoint><Time>2025-07-19T11:21:51.987Z</Time><DistanceMeters>1081.5789477030435</DistanceMeters><HeartRateBpm><Value>136</Value></HeartRateBpm><SensorState>Present</SensorState></Trackpoint><Trackpoint><Time>2025-07-19T11:21:52.987Z</Time><DistanceMeters>1082.675438986884</DistanceMeters><HeartRateBpm><Value>134</Value></HeartRateBpm><SensorState>Present</SensorState></Trackpoint><Trackpoint><Time>2025-07-19T11:21:53.987Z</Time><DistanceMeters>1083.7719302707246</DistanceMeters><HeartRateBpm><Value>132</Value></HeartRateBpm><SensorState>Present</SensorState></Trackpoint><Trackpoint><Time>2025-07-19T11:21:54.987Z</Time><DistanceMeters>1084.8684215545652</DistanceMeters><HeartRateBpm><Value>130</Value></HeartRateBpm><SensorState>Present</SensorState></Trackpoint><Trackpoint><Time>2025-07-19T11:21:55.987Z</Time><DistanceMeters>1085.9649128384058</DistanceMeters><HeartRateBpm><Value>129</Value></HeartRateBpm><SensorState>Present</SensorState></Trackpoint><Trackpoint><Time>2025-07-19T11:21:56.987Z</Time><DistanceMeters>1100.0</DistanceMeters><HeartRateBpm><Value>128</Value></HeartRateBpm><SensorState>Present</SensorState></Trackpoint><Trackpoint><Time>2025-07-19T11:21:57.987Z</Time><DistanceMeters>1100.0</DistanceMeters><HeartRateBpm><Value>129</Value></HeartRateBpm><SensorState>Present</SensorState></Trackpoint><Trackpoint><Time>2025-07-19T11:21:58.987Z</Time><DistanceMeters>1100.0</DistanceMeters><HeartRateBpm><Value>129</Value></HeartRateBpm><SensorState>Present</SensorState></Trackpoint><Trackpoint><Time>2025-07-19T11:21:59.987Z</Time><DistanceMeters>1100.0</DistanceMeters><HeartRateBpm><Value>130</Value></HeartRateBpm><SensorState>Present</SensorState></Trackpoint><Trackpoint><Time>2025-07-19T11:22:00.987Z</Time><DistanceMeters>1100.0</DistanceMeters><HeartRateBpm><Value>131</Value></HeartRateBpm><SensorState>Present</SensorState></Trackpoint><Trackpoint><Time>2025-07-19T11:22:01.987Z</Time><DistanceMeters>1100.0</DistanceMeters><HeartRateBpm><Value>131</Value></HeartRateBpm><SensorState>Present</SensorState></Trackpoint><Trackpoint><Time>2025-07-19T11:22:02.987Z</Time><DistanceMeters>1100.0</DistanceMeters><HeartRateBpm><Value>131</Value></HeartRateBpm><SensorState>Present</SensorState></Trackpoint><Trackpoint><Time>2025-07-19T11:22:03.987Z</Time><DistanceMeters>1100.0</DistanceMeters><HeartRateBpm><Value>132</Value></HeartRateBpm><SensorState>Present</SensorState></Trackpoint><Trackpoint><Time>2025-07-19T11:22:04.987Z</Time><DistanceMeters>1100.0</DistanceMeters><HeartRateBpm><Value>132</Value></HeartRateBpm><SensorState>Present</SensorState></Trackpoint><Trackpoint><Time>2025-07-19T11:22:05.987Z</Time><DistanceMeters>1100.0</DistanceMeters><HeartRateBpm><Value>132</Value></HeartRateBpm><SensorState>Present</SensorState></Trackpoint><Trackpoint><Time>2025-07-19T11:22:06.987Z</Time><DistanceMeters>1100.0</DistanceMeters><HeartRateBpm><Value>133</Value></HeartRateBpm><SensorState>Present</SensorState></Trackpoint><Trackpoint><Time>2025-07-19T11:22:07.987Z</Time><DistanceMeters>1100.0</DistanceMeters><HeartRateBpm><Value>133</Value></HeartRateBpm><SensorState>Present</SensorState></Trackpoint><Trackpoint><Time>2025-07-19T11:22:08.987Z</Time><DistanceMeters>1100.0</DistanceMeters><HeartRateBpm><Value>133</Value></HeartRateBpm><SensorState>Present</SensorState></Trackpoint><Trackpoint><Time>2025-07-19T11:22:09.987Z</Time><DistanceMeters>1100.0</DistanceMeters><HeartRateBpm><Value>133</Value></HeartRateBpm><SensorState>Present</SensorState></Trackpoint><Trackpoint><Time>2025-07-19T11:22:10.987Z</Time><DistanceMeters>1100.0</DistanceMeters><HeartRateBpm><Value>133</Value></HeartRateBpm><SensorState>Present</SensorState></Trackpoint><Trackpoint><Time>2025-07-19T11:22:11.987Z</Time><DistanceMeters>1100.0</DistanceMeters><HeartRateBpm><Value>133</Value></HeartRateBpm><SensorState>Present</SensorState></Trackpoint><Trackpoint><Time>2025-07-19T11:22:12.987Z</Time><DistanceMeters>1100.0</DistanceMeters><HeartRateBpm><Value>133</Value></HeartRateBpm><SensorState>Present</SensorState></Trackpoint><Trackpoint><Time>2025-07-19T11:22:13.987Z</Time><DistanceMeters>1100.0</DistanceMeters><HeartRateBpm><Value>133</Value></HeartRateBpm><SensorState>Present</SensorState></Trackpoint><Trackpoint><Time>2025-07-19T11:22:14.987Z</Time><DistanceMeters>1100.0</DistanceMeters><HeartRateBpm><Value>133</Value></HeartRateBpm><SensorState>Present</SensorState></Trackpoint><Trackpoint><Time>2025-07-19T11:22:15.987Z</Time><DistanceMeters>1100.0</DistanceMeters><HeartRateBpm><Value>133</Value></HeartRateBpm><SensorState>Present</SensorState></Trackpoint><Trackpoint><Time>2025-07-19T11:22:16.987Z</Time><DistanceMeters>1100.0</DistanceMeters><HeartRateBpm><Value>133</Value></HeartRateBpm><SensorState>Present</SensorState></Trackpoint><Trackpoint><Time>2025-07-19T11:22:17.987Z</Time><DistanceMeters>1100.0</DistanceMeters><HeartRateBpm><Value>133</Value></HeartRateBpm><SensorState>Present</SensorState></Trackpoint><Trackpoint><Time>2025-07-19T11:22:18.987Z</Time><DistanceMeters>1101.0964912838406</DistanceMeters><HeartRateBpm><Value>133</Value></HeartRateBpm><SensorState>Present</SensorState></Trackpoint><Trackpoint><Time>2025-07-19T11:22:19.987Z</Time><DistanceMeters>1102.1929825676812</DistanceMeters><HeartRateBpm><Value>134</Value></HeartRateBpm><SensorState>Present</SensorState></Trackpoint><Trackpoint><Time>2025-07-19T11:22:20.987Z</Time><DistanceMeters>1103.2894738515217</DistanceMeters><HeartRateBpm><Value>134</Value></HeartRateBpm><SensorState>Present</SensorState></Trackpoint><Trackpoint><Time>2025-07-19T11:22:21.987Z</Time><DistanceMeters>1104.3859651353623</DistanceMeters><HeartRateBpm><Value>135</Value></HeartRateBpm><SensorState>Present</SensorState></Trackpoint><Trackpoint><Time>2025-07-19T11:22:22.987Z</Time><DistanceMeters>1105.482456419203</DistanceMeters><HeartRateBpm><Value>135</Value></HeartRateBpm><SensorState>Present</SensorState></Trackpoint><Trackpoint><Time>2025-07-19T11:22:23.987Z</Time><DistanceMeters>1106.5789477030435</DistanceMeters><HeartRateBpm><Value>135</Value></HeartRateBpm><SensorState>Present</SensorState></Trackpoint><Trackpoint><Time>2025-07-19T11:22:24.987Z</Time><DistanceMeters>1107.675438986884</DistanceMeters><HeartRateBpm><Value>135</Value></HeartRateBpm><SensorState>Present</SensorState></Trackpoint><Trackpoint><Time>2025-07-19T11:22:25.987Z</Time><DistanceMeters>1108.7719302707246</DistanceMeters><HeartRateBpm><Value>135</Value></HeartRateBpm><SensorState>Present</SensorState></Trackpoint><Trackpoint><Time>2025-07-19T11:22:26.987Z</Time><DistanceMeters>1109.8684215545652</DistanceMeters><HeartRateBpm><Value>135</Value></HeartRateBpm><SensorState>Present</SensorState></Trackpoint><Trackpoint><Time>2025-07-19T11:22:27.987Z</Time><DistanceMeters>1110.9649128384058</DistanceMeters><HeartRateBpm><Value>135</Value></HeartRateBpm><SensorState>Present</SensorState></Trackpoint><Trackpoint><Time>2025-07-19T11:22:28.987Z</Time><DistanceMeters>1125.0</DistanceMeters><HeartRateBpm><Value>134</Value></HeartRateBpm><SensorState>Present</SensorState></Trackpoint><Trackpoint><Time>2025-07-19T11:22:29.987Z</Time><DistanceMeters>1125.0</DistanceMeters><HeartRateBpm><Value>134</Value></HeartRateBpm><SensorState>Present</SensorState></Trackpoint><Trackpoint><Time>2025-07-19T11:22:30.987Z</Time><DistanceMeters>1125.0</DistanceMeters><HeartRateBpm><Value>134</Value></HeartRateBpm><SensorState>Present</SensorState></Trackpoint><Trackpoint><Time>2025-07-19T11:22:31.987Z</Time><DistanceMeters>1125.0</DistanceMeters><HeartRateBpm><Value>134</Value></HeartRateBpm><SensorState>Present</SensorState></Trackpoint><Trackpoint><Time>2025-07-19T11:22:32.987Z</Time><DistanceMeters>1125.0</DistanceMeters><HeartRateBpm><Value>134</Value></HeartRateBpm><SensorState>Present</SensorState></Trackpoint><Trackpoint><Time>2025-07-19T11:22:33.987Z</Time><DistanceMeters>1125.0</DistanceMeters><HeartRateBpm><Value>133</Value></HeartRateBpm><SensorState>Present</SensorState></Trackpoint><Trackpoint><Time>2025-07-19T11:22:34.987Z</Time><DistanceMeters>1125.0</DistanceMeters><HeartRateBpm><Value>133</Value></HeartRateBpm><SensorState>Present</SensorState></Trackpoint><Trackpoint><Time>2025-07-19T11:22:35.987Z</Time><DistanceMeters>1125.0</DistanceMeters><HeartRateBpm><Value>134</Value></HeartRateBpm><SensorState>Present</SensorState></Trackpoint><Trackpoint><Time>2025-07-19T11:22:36.987Z</Time><DistanceMeters>1125.0</DistanceMeters><HeartRateBpm><Value>135</Value></HeartRateBpm><SensorState>Present</SensorState></Trackpoint><Trackpoint><Time>2025-07-19T11:22:37.987Z</Time><DistanceMeters>1125.0</DistanceMeters><HeartRateBpm><Value>136</Value></HeartRateBpm><SensorState>Present</SensorState></Trackpoint><Trackpoint><Time>2025-07-19T11:22:38.987Z</Time><DistanceMeters>1125.0</DistanceMeters><HeartRateBpm><Value>137</Value></HeartRateBpm><SensorState>Present</SensorState></Trackpoint><Trackpoint><Time>2025-07-19T11:22:39.987Z</Time><DistanceMeters>1125.0</DistanceMeters><HeartRateBpm><Value>138</Value></HeartRateBpm><SensorState>Present</SensorState></Trackpoint><Trackpoint><Time>2025-07-19T11:22:40.987Z</Time><DistanceMeters>1125.0</DistanceMeters><HeartRateBpm><Value>139</Value></HeartRateBpm><SensorState>Present</SensorState></Trackpoint><Trackpoint><Time>2025-07-19T11:22:41.987Z</Time><DistanceMeters>1125.0</DistanceMeters><HeartRateBpm><Value>139</Value></HeartRateBpm><SensorState>Present</SensorState></Trackpoint><Trackpoint><Time>2025-07-19T11:22:42.987Z</Time><DistanceMeters>1125.0</DistanceMeters><HeartRateBpm><Value>140</Value></HeartRateBpm><SensorState>Present</SensorState></Trackpoint><Trackpoint><Time>2025-07-19T11:22:43.987Z</Time><DistanceMeters>1125.0</DistanceMeters><HeartRateBpm><Value>140</Value></HeartRateBpm><SensorState>Present</SensorState></Trackpoint><Trackpoint><Time>2025-07-19T11:22:44.987Z</Time><DistanceMeters>1125.0</DistanceMeters><HeartRateBpm><Value>140</Value></HeartRateBpm><SensorState>Present</SensorState></Trackpoint><Trackpoint><Time>2025-07-19T11:22:45.987Z</Time><DistanceMeters>1125.0</DistanceMeters><HeartRateBpm><Value>140</Value></HeartRateBpm><SensorState>Present</SensorState></Trackpoint><Trackpoint><Time>2025-07-19T11:22:46.987Z</Time><DistanceMeters>1125.0</DistanceMeters><HeartRateBpm><Value>140</Value></HeartRateBpm><SensorState>Present</SensorState></Trackpoint><Trackpoint><Time>2025-07-19T11:22:47.987Z</Time><DistanceMeters>1125.0</DistanceMeters><HeartRateBpm><Value>139</Value></HeartRateBpm><SensorState>Present</SensorState></Trackpoint><Trackpoint><Time>2025-07-19T11:22:48.987Z</Time><DistanceMeters>1125.0</DistanceMeters><HeartRateBpm><Value>138</Value></HeartRateBpm><SensorState>Present</SensorState></Trackpoint><Trackpoint><Time>2025-07-19T11:22:49.987Z</Time><DistanceMeters>1126.0964912838406</DistanceMeters><HeartRateBpm><Value>138</Value></HeartRateBpm><SensorState>Present</SensorState></Trackpoint><Trackpoint><Time>2025-07-19T11:22:50.987Z</Time><DistanceMeters>1127.1929825676812</DistanceMeters><HeartRateBpm><Value>138</Value></HeartRateBpm><SensorState>Present</SensorState></Trackpoint><Trackpoint><Time>2025-07-19T11:22:51.987Z</Time><DistanceMeters>1128.2894738515217</DistanceMeters><HeartRateBpm><Value>138</Value></HeartRateBpm><SensorState>Present</SensorState></Trackpoint><Trackpoint><Time>2025-07-19T11:22:52.987Z</Time><DistanceMeters>1129.3859651353623</DistanceMeters><HeartRateBpm><Value>138</Value></HeartRateBpm><SensorState>Present</SensorState></Trackpoint><Trackpoint><Time>2025-07-19T11:22:53.987Z</Time><DistanceMeters>1130.482456419203</DistanceMeters><HeartRateBpm><Value>139</Value></HeartRateBpm><SensorState>Present</SensorState></Trackpoint><Trackpoint><Time>2025-07-19T11:22:54.987Z</Time><DistanceMeters>1131.5789477030435</DistanceMeters><HeartRateBpm><Value>139</Value></HeartRateBpm><SensorState>Present</SensorState></Trackpoint><Trackpoint><Time>2025-07-19T11:22:55.987Z</Time><DistanceMeters>1132.675438986884</DistanceMeters><HeartRateBpm><Value>139</Value></HeartRateBpm><SensorState>Present</SensorState></Trackpoint><Trackpoint><Time>2025-07-19T11:22:56.987Z</Time><DistanceMeters>1133.7719302707246</DistanceMeters><HeartRateBpm><Value>140</Value></HeartRateBpm><SensorState>Present</SensorState></Trackpoint><Trackpoint><Time>2025-07-19T11:22:57.987Z</Time><DistanceMeters>1134.8684215545652</DistanceMeters><HeartRateBpm><Value>140</Value></HeartRateBpm><SensorState>Present</SensorState></Trackpoint><Trackpoint><Time>2025-07-19T11:22:58.987Z</Time><DistanceMeters>1135.9649128384058</DistanceMeters><HeartRateBpm><Value>140</Value></HeartRateBpm><SensorState>Present</SensorState></Trackpoint><Trackpoint><Time>2025-07-19T11:22:59.987Z</Time><DistanceMeters>1150.0</DistanceMeters><HeartRateBpm><Value>140</Value></HeartRateBpm><SensorState>Present</SensorState></Trackpoint><Trackpoint><Time>2025-07-19T11:23:00.987Z</Time><DistanceMeters>1150.0</DistanceMeters><HeartRateBpm><Value>141</Value></HeartRateBpm><SensorState>Present</SensorState></Trackpoint><Trackpoint><Time>2025-07-19T11:23:01.987Z</Time><DistanceMeters>1150.0</DistanceMeters><HeartRateBpm><Value>141</Value></HeartRateBpm><SensorState>Present</SensorState></Trackpoint><Trackpoint><Time>2025-07-19T11:23:02.987Z</Time><DistanceMeters>1150.0</DistanceMeters><HeartRateBpm><Value>141</Value></HeartRateBpm><SensorState>Present</SensorState></Trackpoint><Trackpoint><Time>2025-07-19T11:23:03.987Z</Time><DistanceMeters>1150.0</DistanceMeters><HeartRateBpm><Value>141</Value></HeartRateBpm><SensorState>Present</SensorState></Trackpoint><Trackpoint><Time>2025-07-19T11:23:04.987Z</Time><DistanceMeters>1150.0</DistanceMeters><HeartRateBpm><Value>141</Value></HeartRateBpm><SensorState>Present</SensorState></Trackpoint><Trackpoint><Time>2025-07-19T11:23:05.987Z</Time><DistanceMeters>1150.0</DistanceMeters><HeartRateBpm><Value>141</Value></HeartRateBpm><SensorState>Present</SensorState></Trackpoint><Trackpoint><Time>2025-07-19T11:23:06.987Z</Time><DistanceMeters>1150.0</DistanceMeters><HeartRateBpm><Value>141</Value></HeartRateBpm><SensorState>Present</SensorState></Trackpoint><Trackpoint><Time>2025-07-19T11:23:07.987Z</Time><DistanceMeters>1150.0</DistanceMeters><HeartRateBpm><Value>140</Value></HeartRateBpm><SensorState>Present</SensorState></Trackpoint><Trackpoint><Time>2025-07-19T11:23:08.987Z</Time><DistanceMeters>1150.0</DistanceMeters><HeartRateBpm><Value>141</Value></HeartRateBpm><SensorState>Present</SensorState></Trackpoint><Trackpoint><Time>2025-07-19T11:23:09.987Z</Time><DistanceMeters>1150.0</DistanceMeters><HeartRateBpm><Value>141</Value></HeartRateBpm><SensorState>Present</SensorState></Trackpoint><Trackpoint><Time>2025-07-19T11:23:10.987Z</Time><DistanceMeters>1150.0</DistanceMeters><HeartRateBpm><Value>141</Value></HeartRateBpm><SensorState>Present</SensorState></Trackpoint><Trackpoint><Time>2025-07-19T11:23:11.987Z</Time><DistanceMeters>1150.0</DistanceMeters><HeartRateBpm><Value>141</Value></HeartRateBpm><SensorState>Present</SensorState></Trackpoint><Trackpoint><Time>2025-07-19T11:23:12.987Z</Time><DistanceMeters>1150.0</DistanceMeters><HeartRateBpm><Value>141</Value></HeartRateBpm><SensorState>Present</SensorState></Trackpoint><Trackpoint><Time>2025-07-19T11:23:13.987Z</Time><DistanceMeters>1150.0</DistanceMeters><HeartRateBpm><Value>141</Value></HeartRateBpm><SensorState>Present</SensorState></Trackpoint><Trackpoint><Time>2025-07-19T11:23:14.987Z</Time><DistanceMeters>1150.0</DistanceMeters><HeartRateBpm><Value>142</Value></HeartRateBpm><SensorState>Present</SensorState></Trackpoint><Trackpoint><Time>2025-07-19T11:23:15.987Z</Time><DistanceMeters>1150.0</DistanceMeters><HeartRateBpm><Value>142</Value></HeartRateBpm><SensorState>Present</SensorState></Trackpoint><Trackpoint><Time>2025-07-19T11:23:16.987Z</Time><DistanceMeters>1150.0</DistanceMeters><HeartRateBpm><Value>141</Value></HeartRateBpm><SensorState>Present</SensorState></Trackpoint><Trackpoint><Time>2025-07-19T11:23:17.987Z</Time><DistanceMeters>1150.0</DistanceMeters><HeartRateBpm><Value>142</Value></HeartRateBpm><SensorState>Present</SensorState></Trackpoint><Trackpoint><Time>2025-07-19T11:23:18.987Z</Time><DistanceMeters>1150.0</DistanceMeters><HeartRateBpm><Value>142</Value></HeartRateBpm><SensorState>Present</SensorState></Trackpoint><Trackpoint><Time>2025-07-19T11:23:19.987Z</Time><DistanceMeters>1151.0964912838406</DistanceMeters><HeartRateBpm><Value>143</Value></HeartRateBpm><SensorState>Present</SensorState></Trackpoint><Trackpoint><Time>2025-07-19T11:23:20.987Z</Time><DistanceMeters>1152.1929825676812</DistanceMeters><HeartRateBpm><Value>143</Value></HeartRateBpm><SensorState>Present</SensorState></Trackpoint><Trackpoint><Time>2025-07-19T11:23:21.987Z</Time><DistanceMeters>1153.2894738515217</DistanceMeters><HeartRateBpm><Value>144</Value></HeartRateBpm><SensorState>Present</SensorState></Trackpoint><Trackpoint><Time>2025-07-19T11:23:22.987Z</Time><DistanceMeters>1154.3859651353623</DistanceMeters><HeartRateBpm><Value>145</Value></HeartRateBpm><SensorState>Present</SensorState></Trackpoint><Trackpoint><Time>2025-07-19T11:23:23.987Z</Time><DistanceMeters>1155.482456419203</DistanceMeters><HeartRateBpm><Value>145</Value></HeartRateBpm><SensorState>Present</SensorState></Trackpoint><Trackpoint><Time>2025-07-19T11:23:24.987Z</Time><DistanceMeters>1156.5789477030435</DistanceMeters><HeartRateBpm><Value>146</Value></HeartRateBpm><SensorState>Present</SensorState></Trackpoint><Trackpoint><Time>2025-07-19T11:23:25.987Z</Time><DistanceMeters>1157.675438986884</DistanceMeters><HeartRateBpm><Value>145</Value></HeartRateBpm><SensorState>Present</SensorState></Trackpoint><Trackpoint><Time>2025-07-19T11:23:26.987Z</Time><DistanceMeters>1158.7719302707246</DistanceMeters><HeartRateBpm><Value>144</Value></HeartRateBpm><SensorState>Present</SensorState></Trackpoint><Trackpoint><Time>2025-07-19T11:23:27.987Z</Time><DistanceMeters>1159.8684215545652</DistanceMeters><HeartRateBpm><Value>143</Value></HeartRateBpm><SensorState>Present</SensorState></Trackpoint><Trackpoint><Time>2025-07-19T11:23:28.987Z</Time><DistanceMeters>1160.9649128384058</DistanceMeters><HeartRateBpm><Value>143</Value></HeartRateBpm><SensorState>Present</SensorState></Trackpoint><Trackpoint><Time>2025-07-19T11:23:29.987Z</Time><DistanceMeters>1175.0</DistanceMeters><HeartRateBpm><Value>143</Value></HeartRateBpm><SensorState>Present</SensorState></Trackpoint><Trackpoint><Time>2025-07-19T11:23:30.987Z</Time><DistanceMeters>1175.0</DistanceMeters><HeartRateBpm><Value>143</Value></HeartRateBpm><SensorState>Present</SensorState></Trackpoint><Trackpoint><Time>2025-07-19T11:23:31.987Z</Time><DistanceMeters>1175.0</DistanceMeters><HeartRateBpm><Value>142</Value></HeartRateBpm><SensorState>Present</SensorState></Trackpoint><Trackpoint><Time>2025-07-19T11:23:32.987Z</Time><DistanceMeters>1175.0</DistanceMeters><HeartRateBpm><Value>141</Value></HeartRateBpm><SensorState>Present</SensorState></Trackpoint><Trackpoint><Time>2025-07-19T11:23:33.987Z</Time><DistanceMeters>1175.0</DistanceMeters><HeartRateBpm><Value>141</Value></HeartRateBpm><SensorState>Present</SensorState></Trackpoint><Trackpoint><Time>2025-07-19T11:23:34.987Z</Time><DistanceMeters>1175.0</DistanceMeters><HeartRateBpm><Value>141</Value></HeartRateBpm><SensorState>Present</SensorState></Trackpoint><Trackpoint><Time>2025-07-19T11:23:35.987Z</Time><DistanceMeters>1175.0</DistanceMeters><HeartRateBpm><Value>142</Value></HeartRateBpm><SensorState>Present</SensorState></Trackpoint><Trackpoint><Time>2025-07-19T11:23:36.987Z</Time><DistanceMeters>1175.0</DistanceMeters><HeartRateBpm><Value>142</Value></HeartRateBpm><SensorState>Present</SensorState></Trackpoint><Trackpoint><Time>2025-07-19T11:23:37.987Z</Time><DistanceMeters>1175.0</DistanceMeters><HeartRateBpm><Value>142</Value></HeartRateBpm><SensorState>Present</SensorState></Trackpoint><Trackpoint><Time>2025-07-19T11:23:38.987Z</Time><DistanceMeters>1175.0</DistanceMeters><HeartRateBpm><Value>142</Value></HeartRateBpm><SensorState>Present</SensorState></Trackpoint><Trackpoint><Time>2025-07-19T11:23:39.987Z</Time><DistanceMeters>1175.0</DistanceMeters><HeartRateBpm><Value>142</Value></HeartRateBpm><SensorState>Present</SensorState></Trackpoint><Trackpoint><Time>2025-07-19T11:23:40.987Z</Time><DistanceMeters>1175.0</DistanceMeters><HeartRateBpm><Value>142</Value></HeartRateBpm><SensorState>Present</SensorState></Trackpoint><Trackpoint><Time>2025-07-19T11:23:41.987Z</Time><DistanceMeters>1175.0</DistanceMeters><HeartRateBpm><Value>142</Value></HeartRateBpm><SensorState>Present</SensorState></Trackpoint><Trackpoint><Time>2025-07-19T11:23:42.987Z</Time><DistanceMeters>1175.0</DistanceMeters><HeartRateBpm><Value>142</Value></HeartRateBpm><SensorState>Present</SensorState></Trackpoint><Trackpoint><Time>2025-07-19T11:23:43.987Z</Time><DistanceMeters>1175.0</DistanceMeters><HeartRateBpm><Value>142</Value></HeartRateBpm><SensorState>Present</SensorState></Trackpoint><Trackpoint><Time>2025-07-19T11:23:44.987Z</Time><DistanceMeters>1175.0</DistanceMeters><HeartRateBpm><Value>142</Value></HeartRateBpm><SensorState>Present</SensorState></Trackpoint><Trackpoint><Time>2025-07-19T11:23:45.987Z</Time><DistanceMeters>1175.0</DistanceMeters><HeartRateBpm><Value>142</Value></HeartRateBpm><SensorState>Present</SensorState></Trackpoint><Trackpoint><Time>2025-07-19T11:23:46.987Z</Time><DistanceMeters>1175.0</DistanceMeters><HeartRateBpm><Value>141</Value></HeartRateBpm><SensorState>Present</SensorState></Trackpoint><Trackpoint><Time>2025-07-19T11:23:47.987Z</Time><DistanceMeters>1175.0</DistanceMeters><HeartRateBpm><Value>141</Value></HeartRateBpm><SensorState>Present</SensorState></Trackpoint><Trackpoint><Time>2025-07-19T11:23:48.987Z</Time><DistanceMeters>1175.0</DistanceMeters><HeartRateBpm><Value>141</Value></HeartRateBpm><SensorState>Present</SensorState></Trackpoint><Trackpoint><Time>2025-07-19T11:23:49.987Z</Time><DistanceMeters>1175.0</DistanceMeters><HeartRateBpm><Value>140</Value></HeartRateBpm><SensorState>Present</SensorState></Trackpoint><Trackpoint><Time>2025-07-19T11:23:50.987Z</Time><DistanceMeters>1176.0964912838406</DistanceMeters><HeartRateBpm><Value>139</Value></HeartRateBpm><SensorState>Present</SensorState></Trackpoint><Trackpoint><Time>2025-07-19T11:23:51.987Z</Time><DistanceMeters>1177.1929825676812</DistanceMeters><HeartRateBpm><Value>139</Value></HeartRateBpm><SensorState>Present</SensorState></Trackpoint><Trackpoint><Time>2025-07-19T11:23:52.987Z</Time><DistanceMeters>1178.2894738515217</DistanceMeters><HeartRateBpm><Value>138</Value></HeartRateBpm><SensorState>Present</SensorState></Trackpoint><Trackpoint><Time>2025-07-19T11:23:53.987Z</Time><DistanceMeters>1179.3859651353623</DistanceMeters><HeartRateBpm><Value>138</Value></HeartRateBpm><SensorState>Present</SensorState></Trackpoint><Trackpoint><Time>2025-07-19T11:23:54.987Z</Time><DistanceMeters>1180.482456419203</DistanceMeters><HeartRateBpm><Value>137</Value></HeartRateBpm><SensorState>Present</SensorState></Trackpoint><Trackpoint><Time>2025-07-19T11:23:55.987Z</Time><DistanceMeters>1181.5789477030435</DistanceMeters><HeartRateBpm><Value>137</Value></HeartRateBpm><SensorState>Present</SensorState></Trackpoint><Trackpoint><Time>2025-07-19T11:23:56.987Z</Time><DistanceMeters>1182.675438986884</DistanceMeters><HeartRateBpm><Value>137</Value></HeartRateBpm><SensorState>Present</SensorState></Trackpoint><Trackpoint><Time>2025-07-19T11:23:57.987Z</Time><DistanceMeters>1183.7719302707246</DistanceMeters><HeartRateBpm><Value>137</Value></HeartRateBpm><SensorState>Present</SensorState></Trackpoint><Trackpoint><Time>2025-07-19T11:23:58.987Z</Time><DistanceMeters>1184.8684215545652</DistanceMeters><HeartRateBpm><Value>136</Value></HeartRateBpm><SensorState>Present</SensorState></Trackpoint><Trackpoint><Time>2025-07-19T11:23:59.987Z</Time><DistanceMeters>1185.9649128384058</DistanceMeters><HeartRateBpm><Value>136</Value></HeartRateBpm><SensorState>Present</SensorState></Trackpoint><Trackpoint><Time>2025-07-19T11:24:00.987Z</Time><DistanceMeters>1200.0</DistanceMeters><HeartRateBpm><Value>135</Value></HeartRateBpm><SensorState>Present</SensorState></Trackpoint><Trackpoint><Time>2025-07-19T11:24:01.987Z</Time><DistanceMeters>1200.0</DistanceMeters><HeartRateBpm><Value>134</Value></HeartRateBpm><SensorState>Present</SensorState></Trackpoint><Trackpoint><Time>2025-07-19T11:24:02.987Z</Time><DistanceMeters>1200.0</DistanceMeters><HeartRateBpm><Value>133</Value></HeartRateBpm><SensorState>Present</SensorState></Trackpoint><Trackpoint><Time>2025-07-19T11:24:03.987Z</Time><DistanceMeters>1200.0</DistanceMeters><HeartRateBpm><Value>134</Value></HeartRateBpm><SensorState>Present</SensorState></Trackpoint><Trackpoint><Time>2025-07-19T11:24:04.987Z</Time><DistanceMeters>1200.0</DistanceMeters><HeartRateBpm><Value>134</Value></HeartRateBpm><SensorState>Present</SensorState></Trackpoint><Trackpoint><Time>2025-07-19T11:24:05.987Z</Time><DistanceMeters>1200.0</DistanceMeters><HeartRateBpm><Value>136</Value></HeartRateBpm><SensorState>Present</SensorState></Trackpoint><Trackpoint><Time>2025-07-19T11:24:06.987Z</Time><DistanceMeters>1200.0</DistanceMeters><HeartRateBpm><Value>137</Value></HeartRateBpm><SensorState>Present</SensorState></Trackpoint><Trackpoint><Time>2025-07-19T11:24:07.987Z</Time><DistanceMeters>1200.0</DistanceMeters><HeartRateBpm><Value>138</Value></HeartRateBpm><SensorState>Present</SensorState></Trackpoint><Trackpoint><Time>2025-07-19T11:24:08.987Z</Time><DistanceMeters>1200.0</DistanceMeters><HeartRateBpm><Value>138</Value></HeartRateBpm><SensorState>Present</SensorState></Trackpoint><Trackpoint><Time>2025-07-19T11:24:09.987Z</Time><DistanceMeters>1200.0</DistanceMeters><HeartRateBpm><Value>139</Value></HeartRateBpm><SensorState>Present</SensorState></Trackpoint><Trackpoint><Time>2025-07-19T11:24:10.987Z</Time><DistanceMeters>1200.0</DistanceMeters><HeartRateBpm><Value>139</Value></HeartRateBpm><SensorState>Present</SensorState></Trackpoint><Trackpoint><Time>2025-07-19T11:24:11.987Z</Time><DistanceMeters>1200.0</DistanceMeters><HeartRateBpm><Value>140</Value></HeartRateBpm><SensorState>Present</SensorState></Trackpoint><Trackpoint><Time>2025-07-19T11:24:12.987Z</Time><DistanceMeters>1200.0</DistanceMeters><HeartRateBpm><Value>140</Value></HeartRateBpm><SensorState>Present</SensorState></Trackpoint><Trackpoint><Time>2025-07-19T11:24:13.987Z</Time><DistanceMeters>1200.0</DistanceMeters><HeartRateBpm><Value>140</Value></HeartRateBpm><SensorState>Present</SensorState></Trackpoint><Trackpoint><Time>2025-07-19T11:24:14.987Z</Time><DistanceMeters>1200.0</DistanceMeters><HeartRateBpm><Value>140</Value></HeartRateBpm><SensorState>Present</SensorState></Trackpoint><Trackpoint><Time>2025-07-19T11:24:15.987Z</Time><DistanceMeters>1200.0</DistanceMeters><HeartRateBpm><Value>140</Value></HeartRateBpm><SensorState>Present</SensorState></Trackpoint><Trackpoint><Time>2025-07-19T11:24:16.987Z</Time><DistanceMeters>1200.0</DistanceMeters><HeartRateBpm><Value>140</Value></HeartRateBpm><SensorState>Present</SensorState></Trackpoint><Trackpoint><Time>2025-07-19T11:24:17.987Z</Time><DistanceMeters>1200.0</DistanceMeters><HeartRateBpm><Value>140</Value></HeartRateBpm><SensorState>Present</SensorState></Trackpoint><Trackpoint><Time>2025-07-19T11:24:18.987Z</Time><DistanceMeters>1200.0</DistanceMeters><HeartRateBpm><Value>140</Value></HeartRateBpm><SensorState>Present</SensorState></Trackpoint><Trackpoint><Time>2025-07-19T11:24:19.987Z</Time><DistanceMeters>1200.0</DistanceMeters><HeartRateBpm><Value>140</Value></HeartRateBpm><SensorState>Present</SensorState></Trackpoint><Trackpoint><Time>2025-07-19T11:24:20.987Z</Time><DistanceMeters>1201.0964912838406</DistanceMeters><HeartRateBpm><Value>140</Value></HeartRateBpm><SensorState>Present</SensorState></Trackpoint><Trackpoint><Time>2025-07-19T11:24:21.987Z</Time><DistanceMeters>1202.1929825676812</DistanceMeters><HeartRateBpm><Value>140</Value></HeartRateBpm><SensorState>Present</SensorState></Trackpoint><Trackpoint><Time>2025-07-19T11:24:22.987Z</Time><DistanceMeters>1203.2894738515217</DistanceMeters><HeartRateBpm><Value>140</Value></HeartRateBpm><SensorState>Present</SensorState></Trackpoint><Trackpoint><Time>2025-07-19T11:24:23.987Z</Time><DistanceMeters>1204.3859651353623</DistanceMeters><HeartRateBpm><Value>140</Value></HeartRateBpm><SensorState>Present</SensorState></Trackpoint><Trackpoint><Time>2025-07-19T11:24:24.987Z</Time><DistanceMeters>1205.482456419203</DistanceMeters><HeartRateBpm><Value>140</Value></HeartRateBpm><SensorState>Present</SensorState></Trackpoint><Trackpoint><Time>2025-07-19T11:24:25.987Z</Time><DistanceMeters>1206.5789477030435</DistanceMeters><HeartRateBpm><Value>140</Value></HeartRateBpm><SensorState>Present</SensorState></Trackpoint><Trackpoint><Time>2025-07-19T11:24:26.987Z</Time><DistanceMeters>1207.675438986884</DistanceMeters><HeartRateBpm><Value>140</Value></HeartRateBpm><SensorState>Present</SensorState></Trackpoint><Trackpoint><Time>2025-07-19T11:24:27.987Z</Time><DistanceMeters>1208.7719302707246</DistanceMeters><HeartRateBpm><Value>139</Value></HeartRateBpm><SensorState>Present</SensorState></Trackpoint><Trackpoint><Time>2025-07-19T11:24:28.987Z</Time><DistanceMeters>1209.8684215545652</DistanceMeters><HeartRateBpm><Value>139</Value></HeartRateBpm><SensorState>Present</SensorState></Trackpoint><Trackpoint><Time>2025-07-19T11:24:29.987Z</Time><DistanceMeters>1210.9649128384058</DistanceMeters><HeartRateBpm><Value>138</Value></HeartRateBpm><SensorState>Present</SensorState></Trackpoint><Trackpoint><Time>2025-07-19T11:24:30.987Z</Time><DistanceMeters>1225.0</DistanceMeters><HeartRateBpm><Value>137</Value></HeartRateBpm><SensorState>Present</SensorState></Trackpoint><Trackpoint><Time>2025-07-19T11:24:31.987Z</Time><DistanceMeters>1225.0</DistanceMeters><HeartRateBpm><Value>137</Value></HeartRateBpm><SensorState>Present</SensorState></Trackpoint><Trackpoint><Time>2025-07-19T11:24:32.987Z</Time><DistanceMeters>1225.0</DistanceMeters><HeartRateBpm><Value>137</Value></HeartRateBpm><SensorState>Present</SensorState></Trackpoint><Trackpoint><Time>2025-07-19T11:24:33.987Z</Time><DistanceMeters>1225.0</DistanceMeters><HeartRateBpm><Value>137</Value></HeartRateBpm><SensorState>Present</SensorState></Trackpoint><Trackpoint><Time>2025-07-19T11:24:34.987Z</Time><DistanceMeters>1225.0</DistanceMeters><HeartRateBpm><Value>138</Value></HeartRateBpm><SensorState>Present</SensorState></Trackpoint><Trackpoint><Time>2025-07-19T11:24:35.987Z</Time><DistanceMeters>1225.0</DistanceMeters><HeartRateBpm><Value>139</Value></HeartRateBpm><SensorState>Present</SensorState></Trackpoint><Trackpoint><Time>2025-07-19T11:24:36.987Z</Time><DistanceMeters>1225.0</DistanceMeters><HeartRateBpm><Value>139</Value></HeartRateBpm><SensorState>Present</SensorState></Trackpoint><Trackpoint><Time>2025-07-19T11:24:37.987Z</Time><DistanceMeters>1225.0</DistanceMeters><HeartRateBpm><Value>140</Value></HeartRateBpm><SensorState>Present</SensorState></Trackpoint><Trackpoint><Time>2025-07-19T11:24:38.987Z</Time><DistanceMeters>1225.0</DistanceMeters><HeartRateBpm><Value>140</Value></HeartRateBpm><SensorState>Present</SensorState></Trackpoint><Trackpoint><Time>2025-07-19T11:24:39.987Z</Time><DistanceMeters>1225.0</DistanceMeters><HeartRateBpm><Value>140</Value></HeartRateBpm><SensorState>Present</SensorState></Trackpoint><Trackpoint><Time>2025-07-19T11:24:40.987Z</Time><DistanceMeters>1225.0</DistanceMeters><HeartRateBpm><Value>140</Value></HeartRateBpm><SensorState>Present</SensorState></Trackpoint><Trackpoint><Time>2025-07-19T11:24:41.987Z</Time><DistanceMeters>1225.0</DistanceMeters><HeartRateBpm><Value>138</Value></HeartRateBpm><SensorState>Present</SensorState></Trackpoint><Trackpoint><Time>2025-07-19T11:24:42.987Z</Time><DistanceMeters>1225.0</DistanceMeters><HeartRateBpm><Value>138</Value></HeartRateBpm><SensorState>Present</SensorState></Trackpoint><Trackpoint><Time>2025-07-19T11:24:43.987Z</Time><DistanceMeters>1225.0</DistanceMeters><HeartRateBpm><Value>138</Value></HeartRateBpm><SensorState>Present</SensorState></Trackpoint><Trackpoint><Time>2025-07-19T11:24:44.987Z</Time><DistanceMeters>1225.0</DistanceMeters><HeartRateBpm><Value>138</Value></HeartRateBpm><SensorState>Present</SensorState></Trackpoint><Trackpoint><Time>2025-07-19T11:24:45.987Z</Time><DistanceMeters>1225.0</DistanceMeters><HeartRateBpm><Value>137</Value></HeartRateBpm><SensorState>Present</SensorState></Trackpoint><Trackpoint><Time>2025-07-19T11:24:46.987Z</Time><DistanceMeters>1225.0</DistanceMeters><HeartRateBpm><Value>137</Value></HeartRateBpm><SensorState>Present</SensorState></Trackpoint><Trackpoint><Time>2025-07-19T11:24:47.987Z</Time><DistanceMeters>1225.0</DistanceMeters><HeartRateBpm><Value>137</Value></HeartRateBpm><SensorState>Present</SensorState></Trackpoint><Trackpoint><Time>2025-07-19T11:24:48.987Z</Time><DistanceMeters>1225.0</DistanceMeters><HeartRateBpm><Value>136</Value></HeartRateBpm><SensorState>Present</SensorState></Trackpoint><Trackpoint><Time>2025-07-19T11:24:49.987Z</Time><DistanceMeters>1225.0</DistanceMeters><HeartRateBpm><Value>136</Value></HeartRateBpm><SensorState>Present</SensorState></Trackpoint><Trackpoint><Time>2025-07-19T11:24:50.987Z</Time><DistanceMeters>1226.0964912838406</DistanceMeters><HeartRateBpm><Value>135</Value></HeartRateBpm><SensorState>Present</SensorState></Trackpoint><Trackpoint><Time>2025-07-19T11:24:51.987Z</Time><DistanceMeters>1227.1929825676812</DistanceMeters><HeartRateBpm><Value>134</Value></HeartRateBpm><SensorState>Present</SensorState></Trackpoint><Trackpoint><Time>2025-07-19T11:24:52.987Z</Time><DistanceMeters>1228.2894738515217</DistanceMeters><HeartRateBpm><Value>133</Value></HeartRateBpm><SensorState>Present</SensorState></Trackpoint><Trackpoint><Time>2025-07-19T11:24:53.987Z</Time><DistanceMeters>1229.3859651353623</DistanceMeters><HeartRateBpm><Value>133</Value></HeartRateBpm><SensorState>Present</SensorState></Trackpoint><Trackpoint><Time>2025-07-19T11:24:54.987Z</Time><DistanceMeters>1230.482456419203</DistanceMeters><HeartRateBpm><Value>132</Value></HeartRateBpm><SensorState>Present</SensorState></Trackpoint><Trackpoint><Time>2025-07-19T11:24:55.987Z</Time><DistanceMeters>1231.5789477030435</DistanceMeters><HeartRateBpm><Value>131</Value></HeartRateBpm><SensorState>Present</SensorState></Trackpoint><Trackpoint><Time>2025-07-19T11:24:56.987Z</Time><DistanceMeters>1232.675438986884</DistanceMeters><HeartRateBpm><Value>131</Value></HeartRateBpm><SensorState>Present</SensorState></Trackpoint><Trackpoint><Time>2025-07-19T11:24:57.987Z</Time><DistanceMeters>1233.7719302707246</DistanceMeters><HeartRateBpm><Value>130</Value></HeartRateBpm><SensorState>Present</SensorState></Trackpoint><Trackpoint><Time>2025-07-19T11:24:58.987Z</Time><DistanceMeters>1234.8684215545652</DistanceMeters><HeartRateBpm><Value>130</Value></HeartRateBpm><SensorState>Present</SensorState></Trackpoint><Trackpoint><Time>2025-07-19T11:24:59.987Z</Time><DistanceMeters>1235.9649128384058</DistanceMeters><HeartRateBpm><Value>129</Value></HeartRateBpm><SensorState>Present</SensorState></Trackpoint><Trackpoint><Time>2025-07-19T11:25:00.987Z</Time><DistanceMeters>1250.0</DistanceMeters><HeartRateBpm><Value>130</Value></HeartRateBpm><SensorState>Present</SensorState></Trackpoint><Trackpoint><Time>2025-07-19T11:25:01.987Z</Time><DistanceMeters>1250.0</DistanceMeters><HeartRateBpm><Value>128</Value></HeartRateBpm><SensorState>Present</SensorState></Trackpoint><Trackpoint><Time>2025-07-19T11:25:02.987Z</Time><DistanceMeters>1250.0</DistanceMeters><HeartRateBpm><Value>127</Value></HeartRateBpm><SensorState>Present</SensorState></Trackpoint><Trackpoint><Time>2025-07-19T11:25:03.987Z</Time><DistanceMeters>1250.0</DistanceMeters><HeartRateBpm><Value>126</Value></HeartRateBpm><SensorState>Present</SensorState></Trackpoint><Trackpoint><Time>2025-07-19T11:25:04.987Z</Time><DistanceMeters>1250.0</DistanceMeters><HeartRateBpm><Value>126</Value></HeartRateBpm><SensorState>Present</SensorState></Trackpoint><Trackpoint><Time>2025-07-19T11:25:05.987Z</Time><DistanceMeters>1250.0</DistanceMeters><HeartRateBpm><Value>126</Value></HeartRateBpm><SensorState>Present</SensorState></Trackpoint><Trackpoint><Time>2025-07-19T11:25:06.987Z</Time><DistanceMeters>1250.0</DistanceMeters><HeartRateBpm><Value>125</Value></HeartRateBpm><SensorState>Present</SensorState></Trackpoint></Track><Track><Trackpoint><Time>2025-07-19T11:26:49.230Z</Time><DistanceMeters>1250.0</DistanceMeters><HeartRateBpm><Value>94</Value></HeartRateBpm><SensorState>Present</SensorState></Trackpoint><Trackpoint><Time>2025-07-19T11:26:50.230Z</Time><DistanceMeters>1250.0</DistanceMeters><HeartRateBpm><Value>94</Value></HeartRateBpm><SensorState>Present</SensorState></Trackpoint><Trackpoint><Time>2025-07-19T11:26:51.230Z</Time><DistanceMeters>1250.0</DistanceMeters><HeartRateBpm><Value>94</Value></HeartRateBpm><SensorState>Present</SensorState></Trackpoint><Trackpoint><Time>2025-07-19T11:26:52.230Z</Time><DistanceMeters>1250.0</DistanceMeters><HeartRateBpm><Value>96</Value></HeartRateBpm><SensorState>Present</SensorState></Trackpoint><Trackpoint><Time>2025-07-19T11:26:53.230Z</Time><DistanceMeters>1250.0</DistanceMeters><HeartRateBpm><Value>97</Value></HeartRateBpm><SensorState>Present</SensorState></Trackpoint><Trackpoint><Time>2025-07-19T11:26:54.230Z</Time><DistanceMeters>1250.0</DistanceMeters><HeartRateBpm><Value>98</Value></HeartRateBpm><SensorState>Present</SensorState></Trackpoint><Trackpoint><Time>2025-07-19T11:26:55.230Z</Time><DistanceMeters>1250.0</DistanceMeters><HeartRateBpm><Value>99</Value></HeartRateBpm><SensorState>Present</SensorState></Trackpoint><Trackpoint><Time>2025-07-19T11:26:56.230Z</Time><DistanceMeters>1250.0</DistanceMeters><HeartRateBpm><Value>100</Value></HeartRateBpm><SensorState>Present</SensorState></Trackpoint><Trackpoint><Time>2025-07-19T11:26:57.230Z</Time><DistanceMeters>1250.0</DistanceMeters><HeartRateBpm><Value>100</Value></HeartRateBpm><SensorState>Present</SensorState></Trackpoint><Trackpoint><Time>2025-07-19T11:26:58.230Z</Time><DistanceMeters>1250.0</DistanceMeters><HeartRateBpm><Value>100</Value></HeartRateBpm><SensorState>Present</SensorState></Trackpoint><Trackpoint><Time>2025-07-19T11:26:59.230Z</Time><DistanceMeters>1250.0</DistanceMeters><HeartRateBpm><Value>101</Value></HeartRateBpm><SensorState>Present</SensorState></Trackpoint><Trackpoint><Time>2025-07-19T11:27:00.230Z</Time><DistanceMeters>1250.0</DistanceMeters><HeartRateBpm><Value>101</Value></HeartRateBpm><SensorState>Present</SensorState></Trackpoint><Trackpoint><Time>2025-07-19T11:27:01.230Z</Time><DistanceMeters>1250.0</DistanceMeters><HeartRateBpm><Value>102</Value></HeartRateBpm><SensorState>Present</SensorState></Trackpoint><Trackpoint><Time>2025-07-19T11:27:02.230Z</Time><DistanceMeters>1250.0</DistanceMeters><HeartRateBpm><Value>102</Value></HeartRateBpm><SensorState>Present</SensorState></Trackpoint><Trackpoint><Time>2025-07-19T11:27:03.230Z</Time><DistanceMeters>1250.0</DistanceMeters><HeartRateBpm><Value>104</Value></HeartRateBpm><SensorState>Present</SensorState></Trackpoint><Trackpoint><Time>2025-07-19T11:27:04.230Z</Time><DistanceMeters>1251.0964912838406</DistanceMeters><HeartRateBpm><Value>105</Value></HeartRateBpm><SensorState>Present</SensorState></Trackpoint><Trackpoint><Time>2025-07-19T11:27:05.230Z</Time><DistanceMeters>1252.1929825676812</DistanceMeters><HeartRateBpm><Value>106</Value></HeartRateBpm><SensorState>Present</SensorState></Trackpoint><Trackpoint><Time>2025-07-19T11:27:06.230Z</Time><DistanceMeters>1253.2894738515217</DistanceMeters><HeartRateBpm><Value>107</Value></HeartRateBpm><SensorState>Present</SensorState></Trackpoint><Trackpoint><Time>2025-07-19T11:27:07.230Z</Time><DistanceMeters>1254.3859651353623</DistanceMeters><HeartRateBpm><Value>108</Value></HeartRateBpm><SensorState>Present</SensorState></Trackpoint><Trackpoint><Time>2025-07-19T11:27:08.230Z</Time><DistanceMeters>1255.482456419203</DistanceMeters><HeartRateBpm><Value>109</Value></HeartRateBpm><SensorState>Present</SensorState></Trackpoint><Trackpoint><Time>2025-07-19T11:27:09.230Z</Time><DistanceMeters>1256.5789477030435</DistanceMeters><HeartRateBpm><Value>110</Value></HeartRateBpm><SensorState>Present</SensorState></Trackpoint><Trackpoint><Time>2025-07-19T11:27:10.230Z</Time><DistanceMeters>1257.675438986884</DistanceMeters><HeartRateBpm><Value>110</Value></HeartRateBpm><SensorState>Present</SensorState></Trackpoint><Trackpoint><Time>2025-07-19T11:27:11.230Z</Time><DistanceMeters>1258.7719302707246</DistanceMeters><HeartRateBpm><Value>111</Value></HeartRateBpm><SensorState>Present</SensorState></Trackpoint><Trackpoint><Time>2025-07-19T11:27:12.230Z</Time><DistanceMeters>1259.8684215545652</DistanceMeters><HeartRateBpm><Value>111</Value></HeartRateBpm><SensorState>Present</SensorState></Trackpoint><Trackpoint><Time>2025-07-19T11:27:13.230Z</Time><DistanceMeters>1260.9649128384058</DistanceMeters><HeartRateBpm><Value>112</Value></HeartRateBpm><SensorState>Present</SensorState></Trackpoint><Trackpoint><Time>2025-07-19T11:27:14.230Z</Time><DistanceMeters>1275.0</DistanceMeters><HeartRateBpm><Value>113</Value></HeartRateBpm><SensorState>Present</SensorState></Trackpoint><Trackpoint><Time>2025-07-19T11:27:15.230Z</Time><DistanceMeters>1275.0</DistanceMeters><HeartRateBpm><Value>114</Value></HeartRateBpm><SensorState>Present</SensorState></Trackpoint><Trackpoint><Time>2025-07-19T11:27:16.230Z</Time><DistanceMeters>1275.0</DistanceMeters><HeartRateBpm><Value>115</Value></HeartRateBpm><SensorState>Present</SensorState></Trackpoint><Trackpoint><Time>2025-07-19T11:27:17.230Z</Time><DistanceMeters>1275.0</DistanceMeters><HeartRateBpm><Value>117</Value></HeartRateBpm><SensorState>Present</SensorState></Trackpoint><Trackpoint><Time>2025-07-19T11:27:18.230Z</Time><DistanceMeters>1275.0</DistanceMeters><HeartRateBpm><Value>118</Value></HeartRateBpm><SensorState>Present</SensorState></Trackpoint><Trackpoint><Time>2025-07-19T11:27:19.230Z</Time><DistanceMeters>1275.0</DistanceMeters><HeartRateBpm><Value>119</Value></HeartRateBpm><SensorState>Present</SensorState></Trackpoint><Trackpoint><Time>2025-07-19T11:27:20.230Z</Time><DistanceMeters>1275.0</DistanceMeters><HeartRateBpm><Value>119</Value></HeartRateBpm><SensorState>Present</SensorState></Trackpoint><Trackpoint><Time>2025-07-19T11:27:21.230Z</Time><DistanceMeters>1275.0</DistanceMeters><HeartRateBpm><Value>119</Value></HeartRateBpm><SensorState>Present</SensorState></Trackpoint><Trackpoint><Time>2025-07-19T11:27:22.230Z</Time><DistanceMeters>1275.0</DistanceMeters><HeartRateBpm><Value>120</Value></HeartRateBpm><SensorState>Present</SensorState></Trackpoint><Trackpoint><Time>2025-07-19T11:27:23.230Z</Time><DistanceMeters>1275.0</DistanceMeters><HeartRateBpm><Value>120</Value></HeartRateBpm><SensorState>Present</SensorState></Trackpoint><Trackpoint><Time>2025-07-19T11:27:24.230Z</Time><DistanceMeters>1275.0</DistanceMeters><HeartRateBpm><Value>120</Value></HeartRateBpm><SensorState>Present</SensorState></Trackpoint><Trackpoint><Time>2025-07-19T11:27:25.230Z</Time><DistanceMeters>1275.0</DistanceMeters><HeartRateBpm><Value>120</Value></HeartRateBpm><SensorState>Present</SensorState></Trackpoint><Trackpoint><Time>2025-07-19T11:27:26.230Z</Time><DistanceMeters>1275.0</DistanceMeters><HeartRateBpm><Value>120</Value></HeartRateBpm><SensorState>Present</SensorState></Trackpoint><Trackpoint><Time>2025-07-19T11:27:27.230Z</Time><DistanceMeters>1275.0</DistanceMeters><HeartRateBpm><Value>120</Value></HeartRateBpm><SensorState>Present</SensorState></Trackpoint><Trackpoint><Time>2025-07-19T11:27:28.230Z</Time><DistanceMeters>1275.0</DistanceMeters><HeartRateBpm><Value>121</Value></HeartRateBpm><SensorState>Present</SensorState></Trackpoint><Trackpoint><Time>2025-07-19T11:27:29.230Z</Time><DistanceMeters>1275.0</DistanceMeters><HeartRateBpm><Value>122</Value></HeartRateBpm><SensorState>Present</SensorState></Trackpoint><Trackpoint><Time>2025-07-19T11:27:30.230Z</Time><DistanceMeters>1275.0</DistanceMeters><HeartRateBpm><Value>122</Value></HeartRateBpm><SensorState>Present</SensorState></Trackpoint><Trackpoint><Time>2025-07-19T11:27:31.230Z</Time><DistanceMeters>1275.0</DistanceMeters><HeartRateBpm><Value>123</Value></HeartRateBpm><SensorState>Present</SensorState></Trackpoint><Trackpoint><Time>2025-07-19T11:27:32.230Z</Time><DistanceMeters>1276.0964912838406</DistanceMeters><HeartRateBpm><Value>123</Value></HeartRateBpm><SensorState>Present</SensorState></Trackpoint><Trackpoint><Time>2025-07-19T11:27:33.230Z</Time><DistanceMeters>1277.1929825676812</DistanceMeters><HeartRateBpm><Value>122</Value></HeartRateBpm><SensorState>Present</SensorState></Trackpoint><Trackpoint><Time>2025-07-19T11:27:34.230Z</Time><DistanceMeters>1278.2894738515217</DistanceMeters><HeartRateBpm><Value>122</Value></HeartRateBpm><SensorState>Present</SensorState></Trackpoint><Trackpoint><Time>2025-07-19T11:27:35.230Z</Time><DistanceMeters>1279.3859651353623</DistanceMeters><HeartRateBpm><Value>122</Value></HeartRateBpm><SensorState>Present</SensorState></Trackpoint><Trackpoint><Time>2025-07-19T11:27:36.230Z</Time><DistanceMeters>1280.482456419203</DistanceMeters><HeartRateBpm><Value>121</Value></HeartRateBpm><SensorState>Present</SensorState></Trackpoint><Trackpoint><Time>2025-07-19T11:27:37.230Z</Time><DistanceMeters>1281.5789477030435</DistanceMeters><HeartRateBpm><Value>122</Value></HeartRateBpm><SensorState>Present</SensorState></Trackpoint><Trackpoint><Time>2025-07-19T11:27:38.230Z</Time><DistanceMeters>1282.675438986884</DistanceMeters><HeartRateBpm><Value>122</Value></HeartRateBpm><SensorState>Present</SensorState></Trackpoint><Trackpoint><Time>2025-07-19T11:27:39.230Z</Time><DistanceMeters>1283.7719302707246</DistanceMeters><HeartRateBpm><Value>122</Value></HeartRateBpm><SensorState>Present</SensorState></Trackpoint><Trackpoint><Time>2025-07-19T11:27:40.230Z</Time><DistanceMeters>1284.8684215545652</DistanceMeters><HeartRateBpm><Value>122</Value></HeartRateBpm><SensorState>Present</SensorState></Trackpoint><Trackpoint><Time>2025-07-19T11:27:41.230Z</Time><DistanceMeters>1285.9649128384058</DistanceMeters><HeartRateBpm><Value>122</Value></HeartRateBpm><SensorState>Present</SensorState></Trackpoint><Trackpoint><Time>2025-07-19T11:27:42.230Z</Time><DistanceMeters>1300.0</DistanceMeters><HeartRateBpm><Value>122</Value></HeartRateBpm><SensorState>Present</SensorState></Trackpoint><Trackpoint><Time>2025-07-19T11:27:43.230Z</Time><DistanceMeters>1300.0</DistanceMeters><HeartRateBpm><Value>123</Value></HeartRateBpm><SensorState>Present</SensorState></Trackpoint><Trackpoint><Time>2025-07-19T11:27:44.230Z</Time><DistanceMeters>1300.0</DistanceMeters><HeartRateBpm><Value>123</Value></HeartRateBpm><SensorState>Present</SensorState></Trackpoint><Trackpoint><Time>2025-07-19T11:27:45.230Z</Time><DistanceMeters>1300.0</DistanceMeters><HeartRateBpm><Value>123</Value></HeartRateBpm><SensorState>Present</SensorState></Trackpoint><Trackpoint><Time>2025-07-19T11:27:46.230Z</Time><DistanceMeters>1300.0</DistanceMeters><HeartRateBpm><Value>123</Value></HeartRateBpm><SensorState>Present</SensorState></Trackpoint><Trackpoint><Time>2025-07-19T11:27:47.230Z</Time><DistanceMeters>1300.0</DistanceMeters><HeartRateBpm><Value>123</Value></HeartRateBpm><SensorState>Present</SensorState></Trackpoint><Trackpoint><Time>2025-07-19T11:27:48.230Z</Time><DistanceMeters>1300.0</DistanceMeters><HeartRateBpm><Value>123</Value></HeartRateBpm><SensorState>Present</SensorState></Trackpoint><Trackpoint><Time>2025-07-19T11:27:49.230Z</Time><DistanceMeters>1300.0</DistanceMeters><HeartRateBpm><Value>123</Value></HeartRateBpm><SensorState>Present</SensorState></Trackpoint><Trackpoint><Time>2025-07-19T11:27:50.230Z</Time><DistanceMeters>1300.0</DistanceMeters><HeartRateBpm><Value>123</Value></HeartRateBpm><SensorState>Present</SensorState></Trackpoint><Trackpoint><Time>2025-07-19T11:27:51.230Z</Time><DistanceMeters>1300.0</DistanceMeters><HeartRateBpm><Value>123</Value></HeartRateBpm><SensorState>Present</SensorState></Trackpoint><Trackpoint><Time>2025-07-19T11:27:52.230Z</Time><DistanceMeters>1300.0</DistanceMeters><HeartRateBpm><Value>123</Value></HeartRateBpm><SensorState>Present</SensorState></Trackpoint><Trackpoint><Time>2025-07-19T11:27:53.230Z</Time><DistanceMeters>1300.0</DistanceMeters><HeartRateBpm><Value>123</Value></HeartRateBpm><SensorState>Present</SensorState></Trackpoint><Trackpoint><Time>2025-07-19T11:27:54.230Z</Time><DistanceMeters>1300.0</DistanceMeters><HeartRateBpm><Value>123</Value></HeartRateBpm><SensorState>Present</SensorState></Trackpoint><Trackpoint><Time>2025-07-19T11:27:55.230Z</Time><DistanceMeters>1300.0</DistanceMeters><HeartRateBpm><Value>122</Value></HeartRateBpm><SensorState>Present</SensorState></Trackpoint><Trackpoint><Time>2025-07-19T11:27:56.230Z</Time><DistanceMeters>1300.0</DistanceMeters><HeartRateBpm><Value>122</Value></HeartRateBpm><SensorState>Present</SensorState></Trackpoint><Trackpoint><Time>2025-07-19T11:27:57.230Z</Time><DistanceMeters>1300.0</DistanceMeters><HeartRateBpm><Value>121</Value></HeartRateBpm><SensorState>Present</SensorState></Trackpoint><Trackpoint><Time>2025-07-19T11:27:58.230Z</Time><DistanceMeters>1300.0</DistanceMeters><HeartRateBpm><Value>121</Value></HeartRateBpm><SensorState>Present</SensorState></Trackpoint><Trackpoint><Time>2025-07-19T11:27:59.230Z</Time><DistanceMeters>1300.0</DistanceMeters><HeartRateBpm><Value>122</Value></HeartRateBpm><SensorState>Present</SensorState></Trackpoint><Trackpoint><Time>2025-07-19T11:28:00.230Z</Time><DistanceMeters>1300.0</DistanceMeters><HeartRateBpm><Value>123</Value></HeartRateBpm><SensorState>Present</SensorState></Trackpoint><Trackpoint><Time>2025-07-19T11:28:01.230Z</Time><DistanceMeters>1300.0</DistanceMeters><HeartRateBpm><Value>124</Value></HeartRateBpm><SensorState>Present</SensorState></Trackpoint><Trackpoint><Time>2025-07-19T11:28:02.230Z</Time><DistanceMeters>1300.0</DistanceMeters><HeartRateBpm><Value>125</Value></HeartRateBpm><SensorState>Present</SensorState></Trackpoint><Trackpoint><Time>2025-07-19T11:28:03.230Z</Time><DistanceMeters>1300.0</DistanceMeters><HeartRateBpm><Value>127</Value></HeartRateBpm><SensorState>Present</SensorState></Trackpoint><Trackpoint><Time>2025-07-19T11:28:04.230Z</Time><DistanceMeters>1300.0</DistanceMeters><HeartRateBpm><Value>127</Value></HeartRateBpm><SensorState>Present</SensorState></Trackpoint><Trackpoint><Time>2025-07-19T11:28:05.230Z</Time><DistanceMeters>1300.0</DistanceMeters><HeartRateBpm><Value>128</Value></HeartRateBpm><SensorState>Present</SensorState></Trackpoint><Trackpoint><Time>2025-07-19T11:28:06.230Z</Time><DistanceMeters>1301.0964912838406</DistanceMeters><HeartRateBpm><Value>128</Value></HeartRateBpm><SensorState>Present</SensorState></Trackpoint><Trackpoint><Time>2025-07-19T11:28:07.230Z</Time><DistanceMeters>1302.1929825676812</DistanceMeters><HeartRateBpm><Value>128</Value></HeartRateBpm><SensorState>Present</SensorState></Trackpoint><Trackpoint><Time>2025-07-19T11:28:08.230Z</Time><DistanceMeters>1303.2894738515217</DistanceMeters><HeartRateBpm><Value>129</Value></HeartRateBpm><SensorState>Present</SensorState></Trackpoint><Trackpoint><Time>2025-07-19T11:28:09.230Z</Time><DistanceMeters>1304.3859651353623</DistanceMeters><HeartRateBpm><Value>128</Value></HeartRateBpm><SensorState>Present</SensorState></Trackpoint><Trackpoint><Time>2025-07-19T11:28:10.230Z</Time><DistanceMeters>1305.482456419203</DistanceMeters><HeartRateBpm><Value>128</Value></HeartRateBpm><SensorState>Present</SensorState></Trackpoint><Trackpoint><Time>2025-07-19T11:28:11.230Z</Time><DistanceMeters>1306.5789477030435</DistanceMeters><HeartRateBpm><Value>127</Value></HeartRateBpm><SensorState>Present</SensorState></Trackpoint><Trackpoint><Time>2025-07-19T11:28:12.230Z</Time><DistanceMeters>1307.675438986884</DistanceMeters><HeartRateBpm><Value>126</Value></HeartRateBpm><SensorState>Present</SensorState></Trackpoint><Trackpoint><Time>2025-07-19T11:28:13.230Z</Time><DistanceMeters>1308.7719302707246</DistanceMeters><HeartRateBpm><Value>125</Value></HeartRateBpm><SensorState>Present</SensorState></Trackpoint><Trackpoint><Time>2025-07-19T11:28:14.230Z</Time><DistanceMeters>1309.8684215545652</DistanceMeters><HeartRateBpm><Value>124</Value></HeartRateBpm><SensorState>Present</SensorState></Trackpoint><Trackpoint><Time>2025-07-19T11:28:15.230Z</Time><DistanceMeters>1310.9649128384058</DistanceMeters><HeartRateBpm><Value>123</Value></HeartRateBpm><SensorState>Present</SensorState></Trackpoint><Trackpoint><Time>2025-07-19T11:28:16.230Z</Time><DistanceMeters>1325.0</DistanceMeters><HeartRateBpm><Value>123</Value></HeartRateBpm><SensorState>Present</SensorState></Trackpoint><Trackpoint><Time>2025-07-19T11:28:17.230Z</Time><DistanceMeters>1325.0</DistanceMeters><HeartRateBpm><Value>122</Value></HeartRateBpm><SensorState>Present</SensorState></Trackpoint><Trackpoint><Time>2025-07-19T11:28:18.230Z</Time><DistanceMeters>1325.0</DistanceMeters><HeartRateBpm><Value>121</Value></HeartRateBpm><SensorState>Present</SensorState></Trackpoint><Trackpoint><Time>2025-07-19T11:28:19.230Z</Time><DistanceMeters>1325.0</DistanceMeters><HeartRateBpm><Value>121</Value></HeartRateBpm><SensorState>Present</SensorState></Trackpoint><Trackpoint><Time>2025-07-19T11:28:20.230Z</Time><DistanceMeters>1325.0</DistanceMeters><HeartRateBpm><Value>122</Value></HeartRateBpm><SensorState>Present</SensorState></Trackpoint><Trackpoint><Time>2025-07-19T11:28:21.230Z</Time><DistanceMeters>1325.0</DistanceMeters><HeartRateBpm><Value>122</Value></HeartRateBpm><SensorState>Present</SensorState></Trackpoint><Trackpoint><Time>2025-07-19T11:28:22.230Z</Time><DistanceMeters>1325.0</DistanceMeters><HeartRateBpm><Value>122</Value></HeartRateBpm><SensorState>Present</SensorState></Trackpoint><Trackpoint><Time>2025-07-19T11:28:23.230Z</Time><DistanceMeters>1325.0</DistanceMeters><HeartRateBpm><Value>123</Value></HeartRateBpm><SensorState>Present</SensorState></Trackpoint><Trackpoint><Time>2025-07-19T11:28:24.230Z</Time><DistanceMeters>1325.0</DistanceMeters><HeartRateBpm><Value>123</Value></HeartRateBpm><SensorState>Present</SensorState></Trackpoint><Trackpoint><Time>2025-07-19T11:28:25.230Z</Time><DistanceMeters>1325.0</DistanceMeters><HeartRateBpm><Value>123</Value></HeartRateBpm><SensorState>Present</SensorState></Trackpoint><Trackpoint><Time>2025-07-19T11:28:26.230Z</Time><DistanceMeters>1325.0</DistanceMeters><HeartRateBpm><Value>123</Value></HeartRateBpm><SensorState>Present</SensorState></Trackpoint><Trackpoint><Time>2025-07-19T11:28:27.230Z</Time><DistanceMeters>1325.0</DistanceMeters><HeartRateBpm><Value>123</Value></HeartRateBpm><SensorState>Present</SensorState></Trackpoint><Trackpoint><Time>2025-07-19T11:28:28.230Z</Time><DistanceMeters>1325.0</DistanceMeters><HeartRateBpm><Value>123</Value></HeartRateBpm><SensorState>Present</SensorState></Trackpoint><Trackpoint><Time>2025-07-19T11:28:29.230Z</Time><DistanceMeters>1325.0</DistanceMeters><HeartRateBpm><Value>123</Value></HeartRateBpm><SensorState>Present</SensorState></Trackpoint><Trackpoint><Time>2025-07-19T11:28:30.230Z</Time><DistanceMeters>1325.0</DistanceMeters><HeartRateBpm><Value>123</Value></HeartRateBpm><SensorState>Present</SensorState></Trackpoint><Trackpoint><Time>2025-07-19T11:28:31.230Z</Time><DistanceMeters>1325.0</DistanceMeters><HeartRateBpm><Value>123</Value></HeartRateBpm><SensorState>Present</SensorState></Trackpoint><Trackpoint><Time>2025-07-19T11:28:32.230Z</Time><DistanceMeters>1325.0</DistanceMeters><HeartRateBpm><Value>123</Value></HeartRateBpm><SensorState>Present</SensorState></Trackpoint><Trackpoint><Time>2025-07-19T11:28:33.230Z</Time><DistanceMeters>1325.0</DistanceMeters><HeartRateBpm><Value>122</Value></HeartRateBpm><SensorState>Present</SensorState></Trackpoint><Trackpoint><Time>2025-07-19T11:28:34.230Z</Time><DistanceMeters>1325.0</DistanceMeters><HeartRateBpm><Value>122</Value></HeartRateBpm><SensorState>Present</SensorState></Trackpoint><Trackpoint><Time>2025-07-19T11:28:35.230Z</Time><DistanceMeters>1325.0</DistanceMeters><HeartRateBpm><Value>122</Value></HeartRateBpm><SensorState>Present</SensorState></Trackpoint><Trackpoint><Time>2025-07-19T11:28:36.230Z</Time><DistanceMeters>1325.0</DistanceMeters><HeartRateBpm><Value>121</Value></HeartRateBpm><SensorState>Present</SensorState></Trackpoint><Trackpoint><Time>2025-07-19T11:28:37.230Z</Time><DistanceMeters>1325.0</DistanceMeters><HeartRateBpm><Value>121</Value></HeartRateBpm><SensorState>Present</SensorState></Trackpoint><Trackpoint><Time>2025-07-19T11:28:38.230Z</Time><DistanceMeters>1326.0964912838406</DistanceMeters><HeartRateBpm><Value>121</Value></HeartRateBpm><SensorState>Present</SensorState></Trackpoint><Trackpoint><Time>2025-07-19T11:28:39.230Z</Time><DistanceMeters>1327.1929825676812</DistanceMeters><HeartRateBpm><Value>121</Value></HeartRateBpm><SensorState>Present</SensorState></Trackpoint><Trackpoint><Time>2025-07-19T11:28:40.230Z</Time><DistanceMeters>1328.2894738515217</DistanceMeters><HeartRateBpm><Value>121</Value></HeartRateBpm><SensorState>Present</SensorState></Trackpoint><Trackpoint><Time>2025-07-19T11:28:41.230Z</Time><DistanceMeters>1329.3859651353623</DistanceMeters><HeartRateBpm><Value>121</Value></HeartRateBpm><SensorState>Present</SensorState></Trackpoint><Trackpoint><Time>2025-07-19T11:28:42.230Z</Time><DistanceMeters>1330.482456419203</DistanceMeters><HeartRateBpm><Value>120</Value></HeartRateBpm><SensorState>Present</SensorState></Trackpoint><Trackpoint><Time>2025-07-19T11:28:43.230Z</Time><DistanceMeters>1331.5789477030435</DistanceMeters><HeartRateBpm><Value>121</Value></HeartRateBpm><SensorState>Present</SensorState></Trackpoint><Trackpoint><Time>2025-07-19T11:28:44.230Z</Time><DistanceMeters>1332.675438986884</DistanceMeters><HeartRateBpm><Value>121</Value></HeartRateBpm><SensorState>Present</SensorState></Trackpoint><Trackpoint><Time>2025-07-19T11:28:45.230Z</Time><DistanceMeters>1333.7719302707246</DistanceMeters><HeartRateBpm><Value>121</Value></HeartRateBpm><SensorState>Present</SensorState></Trackpoint><Trackpoint><Time>2025-07-19T11:28:46.230Z</Time><DistanceMeters>1334.8684215545652</DistanceMeters><HeartRateBpm><Value>120</Value></HeartRateBpm><SensorState>Present</SensorState></Trackpoint><Trackpoint><Time>2025-07-19T11:28:47.230Z</Time><DistanceMeters>1335.9649128384058</DistanceMeters><HeartRateBpm><Value>120</Value></HeartRateBpm><SensorState>Present</SensorState></Trackpoint><Trackpoint><Time>2025-07-19T11:28:48.230Z</Time><DistanceMeters>1350.0</DistanceMeters><HeartRateBpm><Value>119</Value></HeartRateBpm><SensorState>Present</SensorState></Trackpoint><Trackpoint><Time>2025-07-19T11:28:49.230Z</Time><DistanceMeters>1350.0</DistanceMeters><HeartRateBpm><Value>119</Value></HeartRateBpm><SensorState>Present</SensorState></Trackpoint><Trackpoint><Time>2025-07-19T11:28:50.230Z</Time><DistanceMeters>1350.0</DistanceMeters><HeartRateBpm><Value>119</Value></HeartRateBpm><SensorState>Present</SensorState></Trackpoint><Trackpoint><Time>2025-07-19T11:28:51.230Z</Time><DistanceMeters>1350.0</DistanceMeters><HeartRateBpm><Value>119</Value></HeartRateBpm><SensorState>Present</SensorState></Trackpoint><Trackpoint><Time>2025-07-19T11:28:52.230Z</Time><DistanceMeters>1350.0</DistanceMeters><HeartRateBpm><Value>119</Value></HeartRateBpm><SensorState>Present</SensorState></Trackpoint><Trackpoint><Time>2025-07-19T11:28:53.230Z</Time><DistanceMeters>1350.0</DistanceMeters><HeartRateBpm><Value>119</Value></HeartRateBpm><SensorState>Present</SensorState></Trackpoint><Trackpoint><Time>2025-07-19T11:28:54.230Z</Time><DistanceMeters>1350.0</DistanceMeters><HeartRateBpm><Value>119</Value></HeartRateBpm><SensorState>Present</SensorState></Trackpoint><Trackpoint><Time>2025-07-19T11:28:55.230Z</Time><DistanceMeters>1350.0</DistanceMeters><HeartRateBpm><Value>119</Value></HeartRateBpm><SensorState>Present</SensorState></Trackpoint><Trackpoint><Time>2025-07-19T11:28:56.230Z</Time><DistanceMeters>1350.0</DistanceMeters><HeartRateBpm><Value>119</Value></HeartRateBpm><SensorState>Present</SensorState></Trackpoint><Trackpoint><Time>2025-07-19T11:28:57.230Z</Time><DistanceMeters>1350.0</DistanceMeters><HeartRateBpm><Value>119</Value></HeartRateBpm><SensorState>Present</SensorState></Trackpoint><Trackpoint><Time>2025-07-19T11:28:58.230Z</Time><DistanceMeters>1350.0</DistanceMeters><HeartRateBpm><Value>119</Value></HeartRateBpm><SensorState>Present</SensorState></Trackpoint><Trackpoint><Time>2025-07-19T11:28:59.230Z</Time><DistanceMeters>1350.0</DistanceMeters><HeartRateBpm><Value>119</Value></HeartRateBpm><SensorState>Present</SensorState></Trackpoint><Trackpoint><Time>2025-07-19T11:29:00.230Z</Time><DistanceMeters>1350.0</DistanceMeters><HeartRateBpm><Value>119</Value></HeartRateBpm><SensorState>Present</SensorState></Trackpoint><Trackpoint><Time>2025-07-19T11:29:01.230Z</Time><DistanceMeters>1350.0</DistanceMeters><HeartRateBpm><Value>120</Value></HeartRateBpm><SensorState>Present</SensorState></Trackpoint><Trackpoint><Time>2025-07-19T11:29:02.230Z</Time><DistanceMeters>1350.0</DistanceMeters><HeartRateBpm><Value>120</Value></HeartRateBpm><SensorState>Present</SensorState></Trackpoint><Trackpoint><Time>2025-07-19T11:29:03.230Z</Time><DistanceMeters>1350.0</DistanceMeters><HeartRateBpm><Value>120</Value></HeartRateBpm><SensorState>Present</SensorState></Trackpoint><Trackpoint><Time>2025-07-19T11:29:04.230Z</Time><DistanceMeters>1350.0</DistanceMeters><HeartRateBpm><Value>120</Value></HeartRateBpm><SensorState>Present</SensorState></Trackpoint><Trackpoint><Time>2025-07-19T11:29:05.230Z</Time><DistanceMeters>1350.0</DistanceMeters><HeartRateBpm><Value>120</Value></HeartRateBpm><SensorState>Present</SensorState></Trackpoint><Trackpoint><Time>2025-07-19T11:29:06.230Z</Time><DistanceMeters>1350.0</DistanceMeters><HeartRateBpm><Value>119</Value></HeartRateBpm><SensorState>Present</SensorState></Trackpoint><Trackpoint><Time>2025-07-19T11:29:07.230Z</Time><DistanceMeters>1350.0</DistanceMeters><HeartRateBpm><Value>119</Value></HeartRateBpm><SensorState>Present</SensorState></Trackpoint><Trackpoint><Time>2025-07-19T11:29:08.230Z</Time><DistanceMeters>1350.0</DistanceMeters><HeartRateBpm><Value>118</Value></HeartRateBpm><SensorState>Present</SensorState></Trackpoint><Trackpoint><Time>2025-07-19T11:29:09.230Z</Time><DistanceMeters>1350.0</DistanceMeters><HeartRateBpm><Value>119</Value></HeartRateBpm><SensorState>Present</SensorState></Trackpoint><Trackpoint><Time>2025-07-19T11:29:10.230Z</Time><DistanceMeters>1350.0</DistanceMeters><HeartRateBpm><Value>119</Value></HeartRateBpm><SensorState>Present</SensorState></Trackpoint><Trackpoint><Time>2025-07-19T11:29:11.230Z</Time><DistanceMeters>1351.0964912838406</DistanceMeters><HeartRateBpm><Value>119</Value></HeartRateBpm><SensorState>Present</SensorState></Trackpoint><Trackpoint><Time>2025-07-19T11:29:12.230Z</Time><DistanceMeters>1352.1929825676812</DistanceMeters><HeartRateBpm><Value>119</Value></HeartRateBpm><SensorState>Present</SensorState></Trackpoint><Trackpoint><Time>2025-07-19T11:29:13.230Z</Time><DistanceMeters>1353.2894738515217</DistanceMeters><HeartRateBpm><Value>119</Value></HeartRateBpm><SensorState>Present</SensorState></Trackpoint><Trackpoint><Time>2025-07-19T11:29:14.230Z</Time><DistanceMeters>1354.3859651353623</DistanceMeters><HeartRateBpm><Value>119</Value></HeartRateBpm><SensorState>Present</SensorState></Trackpoint><Trackpoint><Time>2025-07-19T11:29:15.230Z</Time><DistanceMeters>1355.482456419203</DistanceMeters><HeartRateBpm><Value>119</Value></HeartRateBpm><SensorState>Present</SensorState></Trackpoint><Trackpoint><Time>2025-07-19T11:29:16.230Z</Time><DistanceMeters>1356.5789477030435</DistanceMeters><HeartRateBpm><Value>119</Value></HeartRateBpm><SensorState>Present</SensorState></Trackpoint><Trackpoint><Time>2025-07-19T11:29:17.230Z</Time><DistanceMeters>1357.675438986884</DistanceMeters><HeartRateBpm><Value>119</Value></HeartRateBpm><SensorState>Present</SensorState></Trackpoint><Trackpoint><Time>2025-07-19T11:29:18.230Z</Time><DistanceMeters>1358.7719302707246</DistanceMeters><HeartRateBpm><Value>119</Value></HeartRateBpm><SensorState>Present</SensorState></Trackpoint><Trackpoint><Time>2025-07-19T11:29:19.230Z</Time><DistanceMeters>1359.8684215545652</DistanceMeters><HeartRateBpm><Value>118</Value></HeartRateBpm><SensorState>Present</SensorState></Trackpoint><Trackpoint><Time>2025-07-19T11:29:20.230Z</Time><DistanceMeters>1360.9649128384058</DistanceMeters><HeartRateBpm><Value>118</Value></HeartRateBpm><SensorState>Present</SensorState></Trackpoint><Trackpoint><Time>2025-07-19T11:29:21.230Z</Time><DistanceMeters>1375.0</DistanceMeters><HeartRateBpm><Value>118</Value></HeartRateBpm><SensorState>Present</SensorState></Trackpoint><Trackpoint><Time>2025-07-19T11:29:22.230Z</Time><DistanceMeters>1375.0</DistanceMeters><HeartRateBpm><Value>117</Value></HeartRateBpm><SensorState>Present</SensorState></Trackpoint><Trackpoint><Time>2025-07-19T11:29:23.230Z</Time><DistanceMeters>1375.0</DistanceMeters><HeartRateBpm><Value>117</Value></HeartRateBpm><SensorState>Present</SensorState></Trackpoint><Trackpoint><Time>2025-07-19T11:29:24.230Z</Time><DistanceMeters>1375.0</DistanceMeters><HeartRateBpm><Value>117</Value></HeartRateBpm><SensorState>Present</SensorState></Trackpoint><Trackpoint><Time>2025-07-19T11:29:25.230Z</Time><DistanceMeters>1375.0</DistanceMeters><HeartRateBpm><Value>117</Value></HeartRateBpm><SensorState>Present</SensorState></Trackpoint><Trackpoint><Time>2025-07-19T11:29:26.230Z</Time><DistanceMeters>1375.0</DistanceMeters><HeartRateBpm><Value>117</Value></HeartRateBpm><SensorState>Present</SensorState></Trackpoint><Trackpoint><Time>2025-07-19T11:29:27.230Z</Time><DistanceMeters>1375.0</DistanceMeters><HeartRateBpm><Value>117</Value></HeartRateBpm><SensorState>Present</SensorState></Trackpoint><Trackpoint><Time>2025-07-19T11:29:28.230Z</Time><DistanceMeters>1375.0</DistanceMeters><HeartRateBpm><Value>118</Value></HeartRateBpm><SensorState>Present</SensorState></Trackpoint><Trackpoint><Time>2025-07-19T11:29:29.230Z</Time><DistanceMeters>1375.0</DistanceMeters><HeartRateBpm><Value>117</Value></HeartRateBpm><SensorState>Present</SensorState></Trackpoint><Trackpoint><Time>2025-07-19T11:29:30.230Z</Time><DistanceMeters>1375.0</DistanceMeters><HeartRateBpm><Value>118</Value></HeartRateBpm><SensorState>Present</SensorState></Trackpoint><Trackpoint><Time>2025-07-19T11:29:31.230Z</Time><DistanceMeters>1375.0</DistanceMeters><HeartRateBpm><Value>118</Value></HeartRateBpm><SensorState>Present</SensorState></Trackpoint><Trackpoint><Time>2025-07-19T11:29:32.230Z</Time><DistanceMeters>1375.0</DistanceMeters><HeartRateBpm><Value>118</Value></HeartRateBpm><SensorState>Present</SensorState></Trackpoint><Trackpoint><Time>2025-07-19T11:29:33.230Z</Time><DistanceMeters>1375.0</DistanceMeters><HeartRateBpm><Value>118</Value></HeartRateBpm><SensorState>Present</SensorState></Trackpoint><Trackpoint><Time>2025-07-19T11:29:34.230Z</Time><DistanceMeters>1375.0</DistanceMeters><HeartRateBpm><Value>118</Value></HeartRateBpm><SensorState>Present</SensorState></Trackpoint><Trackpoint><Time>2025-07-19T11:29:35.230Z</Time><DistanceMeters>1375.0</DistanceMeters><HeartRateBpm><Value>119</Value></HeartRateBpm><SensorState>Present</SensorState></Trackpoint><Trackpoint><Time>2025-07-19T11:29:36.230Z</Time><DistanceMeters>1375.0</DistanceMeters><HeartRateBpm><Value>119</Value></HeartRateBpm><SensorState>Present</SensorState></Trackpoint><Trackpoint><Time>2025-07-19T11:29:37.230Z</Time><DistanceMeters>1375.0</DistanceMeters><HeartRateBpm><Value>118</Value></HeartRateBpm><SensorState>Present</SensorState></Trackpoint><Trackpoint><Time>2025-07-19T11:29:38.230Z</Time><DistanceMeters>1375.0</DistanceMeters><HeartRateBpm><Value>117</Value></HeartRateBpm><SensorState>Present</SensorState></Trackpoint><Trackpoint><Time>2025-07-19T11:29:39.230Z</Time><DistanceMeters>1375.0</DistanceMeters><HeartRateBpm><Value>117</Value></HeartRateBpm><SensorState>Present</SensorState></Trackpoint><Trackpoint><Time>2025-07-19T11:29:40.230Z</Time><DistanceMeters>1375.0</DistanceMeters><HeartRateBpm><Value>116</Value></HeartRateBpm><SensorState>Present</SensorState></Trackpoint><Trackpoint><Time>2025-07-19T11:29:41.230Z</Time><DistanceMeters>1375.0</DistanceMeters><HeartRateBpm><Value>116</Value></HeartRateBpm><SensorState>Present</SensorState></Trackpoint><Trackpoint><Time>2025-07-19T11:29:42.230Z</Time><DistanceMeters>1375.0</DistanceMeters><HeartRateBpm><Value>115</Value></HeartRateBpm><SensorState>Present</SensorState></Trackpoint><Trackpoint><Time>2025-07-19T11:29:43.230Z</Time><DistanceMeters>1375.0</DistanceMeters><HeartRateBpm><Value>115</Value></HeartRateBpm><SensorState>Present</SensorState></Trackpoint><Trackpoint><Time>2025-07-19T11:29:44.230Z</Time><DistanceMeters>1375.0</DistanceMeters><HeartRateBpm><Value>115</Value></HeartRateBpm><SensorState>Present</SensorState></Trackpoint><Trackpoint><Time>2025-07-19T11:29:45.230Z</Time><DistanceMeters>1376.0964912838406</DistanceMeters><HeartRateBpm><Value>116</Value></HeartRateBpm><SensorState>Present</SensorState></Trackpoint><Trackpoint><Time>2025-07-19T11:29:46.230Z</Time><DistanceMeters>1377.1929825676812</DistanceMeters><HeartRateBpm><Value>117</Value></HeartRateBpm><SensorState>Present</SensorState></Trackpoint><Trackpoint><Time>2025-07-19T11:29:47.230Z</Time><DistanceMeters>1378.2894738515217</DistanceMeters><HeartRateBpm><Value>118</Value></HeartRateBpm><SensorState>Present</SensorState></Trackpoint><Trackpoint><Time>2025-07-19T11:29:48.230Z</Time><DistanceMeters>1379.3859651353623</DistanceMeters><HeartRateBpm><Value>119</Value></HeartRateBpm><SensorState>Present</SensorState></Trackpoint><Trackpoint><Time>2025-07-19T11:29:49.230Z</Time><DistanceMeters>1380.482456419203</DistanceMeters><HeartRateBpm><Value>121</Value></HeartRateBpm><SensorState>Present</SensorState></Trackpoint><Trackpoint><Time>2025-07-19T11:29:50.230Z</Time><DistanceMeters>1381.5789477030435</DistanceMeters><HeartRateBpm><Value>122</Value></HeartRateBpm><SensorState>Present</SensorState></Trackpoint><Trackpoint><Time>2025-07-19T11:29:51.230Z</Time><DistanceMeters>1382.675438986884</DistanceMeters><HeartRateBpm><Value>123</Value></HeartRateBpm><SensorState>Present</SensorState></Trackpoint><Trackpoint><Time>2025-07-19T11:29:52.230Z</Time><DistanceMeters>1383.7719302707246</DistanceMeters><HeartRateBpm><Value>123</Value></HeartRateBpm><SensorState>Present</SensorState></Trackpoint><Trackpoint><Time>2025-07-19T11:29:53.230Z</Time><DistanceMeters>1384.8684215545652</DistanceMeters><HeartRateBpm><Value>125</Value></HeartRateBpm><SensorState>Present</SensorState></Trackpoint><Trackpoint><Time>2025-07-19T11:29:54.230Z</Time><DistanceMeters>1385.9649128384058</DistanceMeters><HeartRateBpm><Value>126</Value></HeartRateBpm><SensorState>Present</SensorState></Trackpoint><Trackpoint><Time>2025-07-19T11:29:55.230Z</Time><DistanceMeters>1400.0</DistanceMeters><HeartRateBpm><Value>127</Value></HeartRateBpm><SensorState>Present</SensorState></Trackpoint><Trackpoint><Time>2025-07-19T11:29:56.230Z</Time><DistanceMeters>1400.0</DistanceMeters><HeartRateBpm><Value>128</Value></HeartRateBpm><SensorState>Present</SensorState></Trackpoint><Trackpoint><Time>2025-07-19T11:29:57.230Z</Time><DistanceMeters>1400.0</DistanceMeters><HeartRateBpm><Value>128</Value></HeartRateBpm><SensorState>Present</SensorState></Trackpoint><Trackpoint><Time>2025-07-19T11:29:58.230Z</Time><DistanceMeters>1400.0</DistanceMeters><HeartRateBpm><Value>129</Value></HeartRateBpm><SensorState>Present</SensorState></Trackpoint><Trackpoint><Time>2025-07-19T11:29:59.230Z</Time><DistanceMeters>1400.0</DistanceMeters><HeartRateBpm><Value>130</Value></HeartRateBpm><SensorState>Present</SensorState></Trackpoint><Trackpoint><Time>2025-07-19T11:30:00.230Z</Time><DistanceMeters>1400.0</DistanceMeters><HeartRateBpm><Value>131</Value></HeartRateBpm><SensorState>Present</SensorState></Trackpoint><Trackpoint><Time>2025-07-19T11:30:01.230Z</Time><DistanceMeters>1400.0</DistanceMeters><HeartRateBpm><Value>132</Value></HeartRateBpm><SensorState>Present</SensorState></Trackpoint><Trackpoint><Time>2025-07-19T11:30:02.230Z</Time><DistanceMeters>1400.0</DistanceMeters><HeartRateBpm><Value>133</Value></HeartRateBpm><SensorState>Present</SensorState></Trackpoint><Trackpoint><Time>2025-07-19T11:30:03.230Z</Time><DistanceMeters>1400.0</DistanceMeters><HeartRateBpm><Value>134</Value></HeartRateBpm><SensorState>Present</SensorState></Trackpoint><Trackpoint><Time>2025-07-19T11:30:04.230Z</Time><DistanceMeters>1400.0</DistanceMeters><HeartRateBpm><Value>134</Value></HeartRateBpm><SensorState>Present</SensorState></Trackpoint><Trackpoint><Time>2025-07-19T11:30:05.230Z</Time><DistanceMeters>1400.0</DistanceMeters><HeartRateBpm><Value>135</Value></HeartRateBpm><SensorState>Present</SensorState></Trackpoint><Trackpoint><Time>2025-07-19T11:30:06.230Z</Time><DistanceMeters>1400.0</DistanceMeters><HeartRateBpm><Value>136</Value></HeartRateBpm><SensorState>Present</SensorState></Trackpoint><Trackpoint><Time>2025-07-19T11:30:07.230Z</Time><DistanceMeters>1400.0</DistanceMeters><HeartRateBpm><Value>136</Value></HeartRateBpm><SensorState>Present</SensorState></Trackpoint><Trackpoint><Time>2025-07-19T11:30:08.230Z</Time><DistanceMeters>1400.0</DistanceMeters><HeartRateBpm><Value>137</Value></HeartRateBpm><SensorState>Present</SensorState></Trackpoint><Trackpoint><Time>2025-07-19T11:30:09.230Z</Time><DistanceMeters>1400.0</DistanceMeters><HeartRateBpm><Value>137</Value></HeartRateBpm><SensorState>Present</SensorState></Trackpoint><Trackpoint><Time>2025-07-19T11:30:10.230Z</Time><DistanceMeters>1400.0</DistanceMeters><HeartRateBpm><Value>138</Value></HeartRateBpm><SensorState>Present</SensorState></Trackpoint><Trackpoint><Time>2025-07-19T11:30:11.230Z</Time><DistanceMeters>1400.0</DistanceMeters><HeartRateBpm><Value>138</Value></HeartRateBpm><SensorState>Present</SensorState></Trackpoint><Trackpoint><Time>2025-07-19T11:30:12.230Z</Time><DistanceMeters>1400.0</DistanceMeters><HeartRateBpm><Value>138</Value></HeartRateBpm><SensorState>Present</SensorState></Trackpoint><Trackpoint><Time>2025-07-19T11:30:13.230Z</Time><DistanceMeters>1400.0</DistanceMeters><HeartRateBpm><Value>138</Value></HeartRateBpm><SensorState>Present</SensorState></Trackpoint><Trackpoint><Time>2025-07-19T11:30:14.230Z</Time><DistanceMeters>1400.0</DistanceMeters><HeartRateBpm><Value>138</Value></HeartRateBpm><SensorState>Present</SensorState></Trackpoint><Trackpoint><Time>2025-07-19T11:30:15.230Z</Time><DistanceMeters>1400.0</DistanceMeters><HeartRateBpm><Value>138</Value></HeartRateBpm><SensorState>Present</SensorState></Trackpoint><Trackpoint><Time>2025-07-19T11:30:16.230Z</Time><DistanceMeters>1400.0</DistanceMeters><HeartRateBpm><Value>138</Value></HeartRateBpm><SensorState>Present</SensorState></Trackpoint><Trackpoint><Time>2025-07-19T11:30:17.230Z</Time><DistanceMeters>1400.0</DistanceMeters><HeartRateBpm><Value>137</Value></HeartRateBpm><SensorState>Present</SensorState></Trackpoint><Trackpoint><Time>2025-07-19T11:30:18.230Z</Time><DistanceMeters>1400.0</DistanceMeters><HeartRateBpm><Value>136</Value></HeartRateBpm><SensorState>Present</SensorState></Trackpoint><Trackpoint><Time>2025-07-19T11:30:19.230Z</Time><DistanceMeters>1401.0964912838406</DistanceMeters><HeartRateBpm><Value>136</Value></HeartRateBpm><SensorState>Present</SensorState></Trackpoint><Trackpoint><Time>2025-07-19T11:30:20.230Z</Time><DistanceMeters>1402.1929825676812</DistanceMeters><HeartRateBpm><Value>136</Value></HeartRateBpm><SensorState>Present</SensorState></Trackpoint><Trackpoint><Time>2025-07-19T11:30:21.230Z</Time><DistanceMeters>1403.2894738515217</DistanceMeters><HeartRateBpm><Value>135</Value></HeartRateBpm><SensorState>Present</SensorState></Trackpoint><Trackpoint><Time>2025-07-19T11:30:22.230Z</Time><DistanceMeters>1404.3859651353623</DistanceMeters><HeartRateBpm><Value>134</Value></HeartRateBpm><SensorState>Present</SensorState></Trackpoint><Trackpoint><Time>2025-07-19T11:30:23.230Z</Time><DistanceMeters>1405.482456419203</DistanceMeters><HeartRateBpm><Value>134</Value></HeartRateBpm><SensorState>Present</SensorState></Trackpoint><Trackpoint><Time>2025-07-19T11:30:24.230Z</Time><DistanceMeters>1406.5789477030435</DistanceMeters><HeartRateBpm><Value>133</Value></HeartRateBpm><SensorState>Present</SensorState></Trackpoint><Trackpoint><Time>2025-07-19T11:30:25.230Z</Time><DistanceMeters>1407.675438986884</DistanceMeters><HeartRateBpm><Value>133</Value></HeartRateBpm><SensorState>Present</SensorState></Trackpoint><Trackpoint><Time>2025-07-19T11:30:26.230Z</Time><DistanceMeters>1408.7719302707246</DistanceMeters><HeartRateBpm><Value>133</Value></HeartRateBpm><SensorState>Present</SensorState></Trackpoint><Trackpoint><Time>2025-07-19T11:30:27.230Z</Time><DistanceMeters>1409.8684215545652</DistanceMeters><HeartRateBpm><Value>133</Value></HeartRateBpm><SensorState>Present</SensorState></Trackpoint><Trackpoint><Time>2025-07-19T11:30:28.230Z</Time><DistanceMeters>1410.9649128384058</DistanceMeters><HeartRateBpm><Value>134</Value></HeartRateBpm><SensorState>Present</SensorState></Trackpoint><Trackpoint><Time>2025-07-19T11:30:29.230Z</Time><DistanceMeters>1425.0</DistanceMeters><HeartRateBpm><Value>134</Value></HeartRateBpm><SensorState>Present</SensorState></Trackpoint><Trackpoint><Time>2025-07-19T11:30:30.230Z</Time><DistanceMeters>1425.0</DistanceMeters><HeartRateBpm><Value>135</Value></HeartRateBpm><SensorState>Present</SensorState></Trackpoint><Trackpoint><Time>2025-07-19T11:30:31.230Z</Time><DistanceMeters>1425.0</DistanceMeters><HeartRateBpm><Value>135</Value></HeartRateBpm><SensorState>Present</SensorState></Trackpoint><Trackpoint><Time>2025-07-19T11:30:32.230Z</Time><DistanceMeters>1425.0</DistanceMeters><HeartRateBpm><Value>136</Value></HeartRateBpm><SensorState>Present</SensorState></Trackpoint><Trackpoint><Time>2025-07-19T11:30:33.230Z</Time><DistanceMeters>1425.0</DistanceMeters><HeartRateBpm><Value>136</Value></HeartRateBpm><SensorState>Present</SensorState></Trackpoint><Trackpoint><Time>2025-07-19T11:30:34.230Z</Time><DistanceMeters>1425.0</DistanceMeters><HeartRateBpm><Value>137</Value></HeartRateBpm><SensorState>Present</SensorState></Trackpoint><Trackpoint><Time>2025-07-19T11:30:35.230Z</Time><DistanceMeters>1425.0</DistanceMeters><HeartRateBpm><Value>137</Value></HeartRateBpm><SensorState>Present</SensorState></Trackpoint><Trackpoint><Time>2025-07-19T11:30:36.230Z</Time><DistanceMeters>1425.0</DistanceMeters><HeartRateBpm><Value>138</Value></HeartRateBpm><SensorState>Present</SensorState></Trackpoint><Trackpoint><Time>2025-07-19T11:30:37.230Z</Time><DistanceMeters>1425.0</DistanceMeters><HeartRateBpm><Value>138</Value></HeartRateBpm><SensorState>Present</SensorState></Trackpoint><Trackpoint><Time>2025-07-19T11:30:38.230Z</Time><DistanceMeters>1425.0</DistanceMeters><HeartRateBpm><Value>139</Value></HeartRateBpm><SensorState>Present</SensorState></Trackpoint><Trackpoint><Time>2025-07-19T11:30:39.230Z</Time><DistanceMeters>1425.0</DistanceMeters><HeartRateBpm><Value>139</Value></HeartRateBpm><SensorState>Present</SensorState></Trackpoint><Trackpoint><Time>2025-07-19T11:30:40.230Z</Time><DistanceMeters>1425.0</DistanceMeters><HeartRateBpm><Value>139</Value></HeartRateBpm><SensorState>Present</SensorState></Trackpoint><Trackpoint><Time>2025-07-19T11:30:41.230Z</Time><DistanceMeters>1425.0</DistanceMeters><HeartRateBpm><Value>140</Value></HeartRateBpm><SensorState>Present</SensorState></Trackpoint><Trackpoint><Time>2025-07-19T11:30:42.230Z</Time><DistanceMeters>1425.0</DistanceMeters><HeartRateBpm><Value>140</Value></HeartRateBpm><SensorState>Present</SensorState></Trackpoint><Trackpoint><Time>2025-07-19T11:30:43.230Z</Time><DistanceMeters>1425.0</DistanceMeters><HeartRateBpm><Value>141</Value></HeartRateBpm><SensorState>Present</SensorState></Trackpoint><Trackpoint><Time>2025-07-19T11:30:44.230Z</Time><DistanceMeters>1425.0</DistanceMeters><HeartRateBpm><Value>141</Value></HeartRateBpm><SensorState>Present</SensorState></Trackpoint><Trackpoint><Time>2025-07-19T11:30:45.230Z</Time><DistanceMeters>1425.0</DistanceMeters><HeartRateBpm><Value>141</Value></HeartRateBpm><SensorState>Present</SensorState></Trackpoint><Trackpoint><Time>2025-07-19T11:30:46.230Z</Time><DistanceMeters>1425.0</DistanceMeters><HeartRateBpm><Value>142</Value></HeartRateBpm><SensorState>Present</SensorState></Trackpoint><Trackpoint><Time>2025-07-19T11:30:47.230Z</Time><DistanceMeters>1425.0</DistanceMeters><HeartRateBpm><Value>142</Value></HeartRateBpm><SensorState>Present</SensorState></Trackpoint><Trackpoint><Time>2025-07-19T11:30:48.230Z</Time><DistanceMeters>1425.0</DistanceMeters><HeartRateBpm><Value>142</Value></HeartRateBpm><SensorState>Present</SensorState></Trackpoint><Trackpoint><Time>2025-07-19T11:30:49.230Z</Time><DistanceMeters>1425.0</DistanceMeters><HeartRateBpm><Value>142</Value></HeartRateBpm><SensorState>Present</SensorState></Trackpoint><Trackpoint><Time>2025-07-19T11:30:50.230Z</Time><DistanceMeters>1425.0</DistanceMeters><HeartRateBpm><Value>142</Value></HeartRateBpm><SensorState>Present</SensorState></Trackpoint><Trackpoint><Time>2025-07-19T11:30:51.230Z</Time><DistanceMeters>1426.0964912838406</DistanceMeters><HeartRateBpm><Value>142</Value></HeartRateBpm><SensorState>Present</SensorState></Trackpoint><Trackpoint><Time>2025-07-19T11:30:52.230Z</Time><DistanceMeters>1427.1929825676812</DistanceMeters><HeartRateBpm><Value>142</Value></HeartRateBpm><SensorState>Present</SensorState></Trackpoint><Trackpoint><Time>2025-07-19T11:30:53.230Z</Time><DistanceMeters>1428.2894738515217</DistanceMeters><HeartRateBpm><Value>142</Value></HeartRateBpm><SensorState>Present</SensorState></Trackpoint><Trackpoint><Time>2025-07-19T11:30:54.230Z</Time><DistanceMeters>1429.3859651353623</DistanceMeters><HeartRateBpm><Value>142</Value></HeartRateBpm><SensorState>Present</SensorState></Trackpoint><Trackpoint><Time>2025-07-19T11:30:55.230Z</Time><DistanceMeters>1430.482456419203</DistanceMeters><HeartRateBpm><Value>141</Value></HeartRateBpm><SensorState>Present</SensorState></Trackpoint><Trackpoint><Time>2025-07-19T11:30:56.230Z</Time><DistanceMeters>1431.5789477030435</DistanceMeters><HeartRateBpm><Value>141</Value></HeartRateBpm><SensorState>Present</SensorState></Trackpoint><Trackpoint><Time>2025-07-19T11:30:57.230Z</Time><DistanceMeters>1432.675438986884</DistanceMeters><HeartRateBpm><Value>141</Value></HeartRateBpm><SensorState>Present</SensorState></Trackpoint><Trackpoint><Time>2025-07-19T11:30:58.230Z</Time><DistanceMeters>1433.7719302707246</DistanceMeters><HeartRateBpm><Value>141</Value></HeartRateBpm><SensorState>Present</SensorState></Trackpoint><Trackpoint><Time>2025-07-19T11:30:59.230Z</Time><DistanceMeters>1434.8684215545652</DistanceMeters><HeartRateBpm><Value>141</Value></HeartRateBpm><SensorState>Present</SensorState></Trackpoint><Trackpoint><Time>2025-07-19T11:31:00.230Z</Time><DistanceMeters>1435.9649128384058</DistanceMeters><HeartRateBpm><Value>142</Value></HeartRateBpm><SensorState>Present</SensorState></Trackpoint><Trackpoint><Time>2025-07-19T11:31:01.230Z</Time><DistanceMeters>1450.0</DistanceMeters><HeartRateBpm><Value>142</Value></HeartRateBpm><SensorState>Present</SensorState></Trackpoint><Trackpoint><Time>2025-07-19T11:31:02.230Z</Time><DistanceMeters>1450.0</DistanceMeters><HeartRateBpm><Value>142</Value></HeartRateBpm><SensorState>Present</SensorState></Trackpoint><Trackpoint><Time>2025-07-19T11:31:03.230Z</Time><DistanceMeters>1450.0</DistanceMeters><HeartRateBpm><Value>142</Value></HeartRateBpm><SensorState>Present</SensorState></Trackpoint><Trackpoint><Time>2025-07-19T11:31:04.230Z</Time><DistanceMeters>1450.0</DistanceMeters><HeartRateBpm><Value>142</Value></HeartRateBpm><SensorState>Present</SensorState></Trackpoint><Trackpoint><Time>2025-07-19T11:31:05.230Z</Time><DistanceMeters>1450.0</DistanceMeters><HeartRateBpm><Value>142</Value></HeartRateBpm><SensorState>Present</SensorState></Trackpoint><Trackpoint><Time>2025-07-19T11:31:06.230Z</Time><DistanceMeters>1450.0</DistanceMeters><HeartRateBpm><Value>142</Value></HeartRateBpm><SensorState>Present</SensorState></Trackpoint><Trackpoint><Time>2025-07-19T11:31:07.230Z</Time><DistanceMeters>1450.0</DistanceMeters><HeartRateBpm><Value>142</Value></HeartRateBpm><SensorState>Present</SensorState></Trackpoint><Trackpoint><Time>2025-07-19T11:31:08.230Z</Time><DistanceMeters>1450.0</DistanceMeters><HeartRateBpm><Value>142</Value></HeartRateBpm><SensorState>Present</SensorState></Trackpoint><Trackpoint><Time>2025-07-19T11:31:09.230Z</Time><DistanceMeters>1450.0</DistanceMeters><HeartRateBpm><Value>142</Value></HeartRateBpm><SensorState>Present</SensorState></Trackpoint><Trackpoint><Time>2025-07-19T11:31:10.230Z</Time><DistanceMeters>1450.0</DistanceMeters><HeartRateBpm><Value>142</Value></HeartRateBpm><SensorState>Present</SensorState></Trackpoint><Trackpoint><Time>2025-07-19T11:31:11.230Z</Time><DistanceMeters>1450.0</DistanceMeters><HeartRateBpm><Value>142</Value></HeartRateBpm><SensorState>Present</SensorState></Trackpoint><Trackpoint><Time>2025-07-19T11:31:12.230Z</Time><DistanceMeters>1450.0</DistanceMeters><HeartRateBpm><Value>142</Value></HeartRateBpm><SensorState>Present</SensorState></Trackpoint><Trackpoint><Time>2025-07-19T11:31:13.230Z</Time><DistanceMeters>1450.0</DistanceMeters><HeartRateBpm><Value>142</Value></HeartRateBpm><SensorState>Present</SensorState></Trackpoint><Trackpoint><Time>2025-07-19T11:31:14.230Z</Time><DistanceMeters>1450.0</DistanceMeters><HeartRateBpm><Value>142</Value></HeartRateBpm><SensorState>Present</SensorState></Trackpoint><Trackpoint><Time>2025-07-19T11:31:15.230Z</Time><DistanceMeters>1450.0</DistanceMeters><HeartRateBpm><Value>142</Value></HeartRateBpm><SensorState>Present</SensorState></Trackpoint><Trackpoint><Time>2025-07-19T11:31:16.230Z</Time><DistanceMeters>1450.0</DistanceMeters><HeartRateBpm><Value>142</Value></HeartRateBpm><SensorState>Present</SensorState></Trackpoint><Trackpoint><Time>2025-07-19T11:31:17.230Z</Time><DistanceMeters>1450.0</DistanceMeters><HeartRateBpm><Value>143</Value></HeartRateBpm><SensorState>Present</SensorState></Trackpoint><Trackpoint><Time>2025-07-19T11:31:18.230Z</Time><DistanceMeters>1450.0</DistanceMeters><HeartRateBpm><Value>144</Value></HeartRateBpm><SensorState>Present</SensorState></Trackpoint><Trackpoint><Time>2025-07-19T11:31:19.230Z</Time><DistanceMeters>1450.0</DistanceMeters><HeartRateBpm><Value>144</Value></HeartRateBpm><SensorState>Present</SensorState></Trackpoint><Trackpoint><Time>2025-07-19T11:31:20.230Z</Time><DistanceMeters>1450.0</DistanceMeters><HeartRateBpm><Value>144</Value></HeartRateBpm><SensorState>Present</SensorState></Trackpoint><Trackpoint><Time>2025-07-19T11:31:21.230Z</Time><DistanceMeters>1450.0</DistanceMeters><HeartRateBpm><Value>144</Value></HeartRateBpm><SensorState>Present</SensorState></Trackpoint><Trackpoint><Time>2025-07-19T11:31:22.230Z</Time><DistanceMeters>1450.0</DistanceMeters><HeartRateBpm><Value>144</Value></HeartRateBpm><SensorState>Present</SensorState></Trackpoint><Trackpoint><Time>2025-07-19T11:31:23.230Z</Time><DistanceMeters>1450.0</DistanceMeters><HeartRateBpm><Value>144</Value></HeartRateBpm><SensorState>Present</SensorState></Trackpoint><Trackpoint><Time>2025-07-19T11:31:24.230Z</Time><DistanceMeters>1450.0</DistanceMeters><HeartRateBpm><Value>144</Value></HeartRateBpm><SensorState>Present</SensorState></Trackpoint><Trackpoint><Time>2025-07-19T11:31:25.230Z</Time><DistanceMeters>1451.0964912838406</DistanceMeters><HeartRateBpm><Value>143</Value></HeartRateBpm><SensorState>Present</SensorState></Trackpoint><Trackpoint><Time>2025-07-19T11:31:26.230Z</Time><DistanceMeters>1452.1929825676812</DistanceMeters><HeartRateBpm><Value>143</Value></HeartRateBpm><SensorState>Present</SensorState></Trackpoint><Trackpoint><Time>2025-07-19T11:31:27.230Z</Time><DistanceMeters>1453.2894738515217</DistanceMeters><HeartRateBpm><Value>143</Value></HeartRateBpm><SensorState>Present</SensorState></Trackpoint><Trackpoint><Time>2025-07-19T11:31:28.230Z</Time><DistanceMeters>1454.3859651353623</DistanceMeters><HeartRateBpm><Value>143</Value></HeartRateBpm><SensorState>Present</SensorState></Trackpoint><Trackpoint><Time>2025-07-19T11:31:29.230Z</Time><DistanceMeters>1455.482456419203</DistanceMeters><HeartRateBpm><Value>143</Value></HeartRateBpm><SensorState>Present</SensorState></Trackpoint><Trackpoint><Time>2025-07-19T11:31:30.230Z</Time><DistanceMeters>1456.5789477030435</DistanceMeters><HeartRateBpm><Value>142</Value></HeartRateBpm><SensorState>Present</SensorState></Trackpoint><Trackpoint><Time>2025-07-19T11:31:31.230Z</Time><DistanceMeters>1457.675438986884</DistanceMeters><HeartRateBpm><Value>142</Value></HeartRateBpm><SensorState>Present</SensorState></Trackpoint><Trackpoint><Time>2025-07-19T11:31:32.230Z</Time><DistanceMeters>1458.7719302707246</DistanceMeters><HeartRateBpm><Value>142</Value></HeartRateBpm><SensorState>Present</SensorState></Trackpoint><Trackpoint><Time>2025-07-19T11:31:33.230Z</Time><DistanceMeters>1459.8684215545652</DistanceMeters><HeartRateBpm><Value>141</Value></HeartRateBpm><SensorState>Present</SensorState></Trackpoint><Trackpoint><Time>2025-07-19T11:31:34.230Z</Time><DistanceMeters>1460.9649128384058</DistanceMeters><HeartRateBpm><Value>141</Value></HeartRateBpm><SensorState>Present</SensorState></Trackpoint><Trackpoint><Time>2025-07-19T11:31:35.230Z</Time><DistanceMeters>1475.0</DistanceMeters><HeartRateBpm><Value>141</Value></HeartRateBpm><SensorState>Present</SensorState></Trackpoint><Trackpoint><Time>2025-07-19T11:31:36.230Z</Time><DistanceMeters>1475.0</DistanceMeters><HeartRateBpm><Value>141</Value></HeartRateBpm><SensorState>Present</SensorState></Trackpoint><Trackpoint><Time>2025-07-19T11:31:37.230Z</Time><DistanceMeters>1475.0</DistanceMeters><HeartRateBpm><Value>141</Value></HeartRateBpm><SensorState>Present</SensorState></Trackpoint><Trackpoint><Time>2025-07-19T11:31:38.230Z</Time><DistanceMeters>1475.0</DistanceMeters><HeartRateBpm><Value>141</Value></HeartRateBpm><SensorState>Present</SensorState></Trackpoint><Trackpoint><Time>2025-07-19T11:31:39.230Z</Time><DistanceMeters>1475.0</DistanceMeters><HeartRateBpm><Value>142</Value></HeartRateBpm><SensorState>Present</SensorState></Trackpoint><Trackpoint><Time>2025-07-19T11:31:40.230Z</Time><DistanceMeters>1475.0</DistanceMeters><HeartRateBpm><Value>143</Value></HeartRateBpm><SensorState>Present</SensorState></Trackpoint><Trackpoint><Time>2025-07-19T11:31:41.230Z</Time><DistanceMeters>1475.0</DistanceMeters><HeartRateBpm><Value>143</Value></HeartRateBpm><SensorState>Present</SensorState></Trackpoint><Trackpoint><Time>2025-07-19T11:31:42.230Z</Time><DistanceMeters>1475.0</DistanceMeters><HeartRateBpm><Value>144</Value></HeartRateBpm><SensorState>Present</SensorState></Trackpoint><Trackpoint><Time>2025-07-19T11:31:43.230Z</Time><DistanceMeters>1475.0</DistanceMeters><HeartRateBpm><Value>144</Value></HeartRateBpm><SensorState>Present</SensorState></Trackpoint><Trackpoint><Time>2025-07-19T11:31:44.230Z</Time><DistanceMeters>1475.0</DistanceMeters><HeartRateBpm><Value>144</Value></HeartRateBpm><SensorState>Present</SensorState></Trackpoint><Trackpoint><Time>2025-07-19T11:31:45.230Z</Time><DistanceMeters>1475.0</DistanceMeters><HeartRateBpm><Value>144</Value></HeartRateBpm><SensorState>Present</SensorState></Trackpoint><Trackpoint><Time>2025-07-19T11:31:46.230Z</Time><DistanceMeters>1475.0</DistanceMeters><HeartRateBpm><Value>144</Value></HeartRateBpm><SensorState>Present</SensorState></Trackpoint><Trackpoint><Time>2025-07-19T11:31:47.230Z</Time><DistanceMeters>1475.0</DistanceMeters><HeartRateBpm><Value>144</Value></HeartRateBpm><SensorState>Present</SensorState></Trackpoint><Trackpoint><Time>2025-07-19T11:31:48.230Z</Time><DistanceMeters>1475.0</DistanceMeters><HeartRateBpm><Value>144</Value></HeartRateBpm><SensorState>Present</SensorState></Trackpoint><Trackpoint><Time>2025-07-19T11:31:49.230Z</Time><DistanceMeters>1475.0</DistanceMeters><HeartRateBpm><Value>143</Value></HeartRateBpm><SensorState>Present</SensorState></Trackpoint><Trackpoint><Time>2025-07-19T11:31:50.230Z</Time><DistanceMeters>1475.0</DistanceMeters><HeartRateBpm><Value>142</Value></HeartRateBpm><SensorState>Present</SensorState></Trackpoint><Trackpoint><Time>2025-07-19T11:31:51.230Z</Time><DistanceMeters>1475.0</DistanceMeters><HeartRateBpm><Value>141</Value></HeartRateBpm><SensorState>Present</SensorState></Trackpoint><Trackpoint><Time>2025-07-19T11:31:52.230Z</Time><DistanceMeters>1475.0</DistanceMeters><HeartRateBpm><Value>140</Value></HeartRateBpm><SensorState>Present</SensorState></Trackpoint><Trackpoint><Time>2025-07-19T11:31:53.230Z</Time><DistanceMeters>1475.0</DistanceMeters><HeartRateBpm><Value>140</Value></HeartRateBpm><SensorState>Present</SensorState></Trackpoint><Trackpoint><Time>2025-07-19T11:31:54.230Z</Time><DistanceMeters>1475.0</DistanceMeters><HeartRateBpm><Value>139</Value></HeartRateBpm><SensorState>Present</SensorState></Trackpoint><Trackpoint><Time>2025-07-19T11:31:55.230Z</Time><DistanceMeters>1475.0</DistanceMeters><HeartRateBpm><Value>139</Value></HeartRateBpm><SensorState>Present</SensorState></Trackpoint><Trackpoint><Time>2025-07-19T11:31:56.230Z</Time><DistanceMeters>1475.0</DistanceMeters><HeartRateBpm><Value>138</Value></HeartRateBpm><SensorState>Present</SensorState></Trackpoint><Trackpoint><Time>2025-07-19T11:31:57.230Z</Time><DistanceMeters>1475.0</DistanceMeters><HeartRateBpm><Value>137</Value></HeartRateBpm><SensorState>Present</SensorState></Trackpoint><Trackpoint><Time>2025-07-19T11:31:58.230Z</Time><DistanceMeters>1475.0</DistanceMeters><HeartRateBpm><Value>137</Value></HeartRateBpm><SensorState>Present</SensorState></Trackpoint><Trackpoint><Time>2025-07-19T11:31:59.230Z</Time><DistanceMeters>1476.0964912838406</DistanceMeters><HeartRateBpm><Value>136</Value></HeartRateBpm><SensorState>Present</SensorState></Trackpoint><Trackpoint><Time>2025-07-19T11:32:00.230Z</Time><DistanceMeters>1477.1929825676812</DistanceMeters><HeartRateBpm><Value>134</Value></HeartRateBpm><SensorState>Present</SensorState></Trackpoint><Trackpoint><Time>2025-07-19T11:32:01.230Z</Time><DistanceMeters>1478.2894738515217</DistanceMeters><HeartRateBpm><Value>134</Value></HeartRateBpm><SensorState>Present</SensorState></Trackpoint><Trackpoint><Time>2025-07-19T11:32:02.230Z</Time><DistanceMeters>1479.3859651353623</DistanceMeters><HeartRateBpm><Value>134</Value></HeartRateBpm><SensorState>Present</SensorState></Trackpoint><Trackpoint><Time>2025-07-19T11:32:03.230Z</Time><DistanceMeters>1480.482456419203</DistanceMeters><HeartRateBpm><Value>133</Value></HeartRateBpm><SensorState>Present</SensorState></Trackpoint><Trackpoint><Time>2025-07-19T11:32:04.230Z</Time><DistanceMeters>1481.5789477030435</DistanceMeters><HeartRateBpm><Value>133</Value></HeartRateBpm><SensorState>Present</SensorState></Trackpoint><Trackpoint><Time>2025-07-19T11:32:05.230Z</Time><DistanceMeters>1482.675438986884</DistanceMeters><HeartRateBpm><Value>133</Value></HeartRateBpm><SensorState>Present</SensorState></Trackpoint><Trackpoint><Time>2025-07-19T11:32:06.230Z</Time><DistanceMeters>1483.7719302707246</DistanceMeters><HeartRateBpm><Value>133</Value></HeartRateBpm><SensorState>Present</SensorState></Trackpoint><Trackpoint><Time>2025-07-19T11:32:07.230Z</Time><DistanceMeters>1484.8684215545652</DistanceMeters><HeartRateBpm><Value>133</Value></HeartRateBpm><SensorState>Present</SensorState></Trackpoint><Trackpoint><Time>2025-07-19T11:32:08.230Z</Time><DistanceMeters>1485.9649128384058</DistanceMeters><HeartRateBpm><Value>133</Value></HeartRateBpm><SensorState>Present</SensorState></Trackpoint><Trackpoint><Time>2025-07-19T11:32:09.230Z</Time><DistanceMeters>1500.0</DistanceMeters><HeartRateBpm><Value>133</Value></HeartRateBpm><SensorState>Present</SensorState></Trackpoint><Trackpoint><Time>2025-07-19T11:32:10.230Z</Time><DistanceMeters>1500.0</DistanceMeters><HeartRateBpm><Value>133</Value></HeartRateBpm><SensorState>Present</SensorState></Trackpoint><Trackpoint><Time>2025-07-19T11:32:11.230Z</Time><DistanceMeters>1500.0</DistanceMeters><HeartRateBpm><Value>134</Value></HeartRateBpm><SensorState>Present</SensorState></Trackpoint><Trackpoint><Time>2025-07-19T11:32:12.230Z</Time><DistanceMeters>1500.0</DistanceMeters><HeartRateBpm><Value>134</Value></HeartRateBpm><SensorState>Present</SensorState></Trackpoint><Trackpoint><Time>2025-07-19T11:32:13.230Z</Time><DistanceMeters>1500.0</DistanceMeters><HeartRateBpm><Value>134</Value></HeartRateBpm><SensorState>Present</SensorState></Trackpoint><Trackpoint><Time>2025-07-19T11:32:14.230Z</Time><DistanceMeters>1500.0</DistanceMeters><HeartRateBpm><Value>134</Value></HeartRateBpm><SensorState>Present</SensorState></Trackpoint><Trackpoint><Time>2025-07-19T11:32:15.230Z</Time><DistanceMeters>1500.0</DistanceMeters><HeartRateBpm><Value>134</Value></HeartRateBpm><SensorState>Present</SensorState></Trackpoint><Trackpoint><Time>2025-07-19T11:32:16.230Z</Time><DistanceMeters>1500.0</DistanceMeters><HeartRateBpm><Value>134</Value></HeartRateBpm><SensorState>Present</SensorState></Trackpoint><Trackpoint><Time>2025-07-19T11:32:17.230Z</Time><DistanceMeters>1500.0</DistanceMeters><HeartRateBpm><Value>134</Value></HeartRateBpm><SensorState>Present</SensorState></Trackpoint><Trackpoint><Time>2025-07-19T11:32:18.230Z</Time><DistanceMeters>1500.0</DistanceMeters><HeartRateBpm><Value>134</Value></HeartRateBpm><SensorState>Present</SensorState></Trackpoint><Trackpoint><Time>2025-07-19T11:32:19.230Z</Time><DistanceMeters>1500.0</DistanceMeters><HeartRateBpm><Value>134</Value></HeartRateBpm><SensorState>Present</SensorState></Trackpoint><Trackpoint><Time>2025-07-19T11:32:20.230Z</Time><DistanceMeters>1500.0</DistanceMeters><HeartRateBpm><Value>134</Value></HeartRateBpm><SensorState>Present</SensorState></Trackpoint><Trackpoint><Time>2025-07-19T11:32:21.230Z</Time><DistanceMeters>1500.0</DistanceMeters><HeartRateBpm><Value>133</Value></HeartRateBpm><SensorState>Present</SensorState></Trackpoint><Trackpoint><Time>2025-07-19T11:32:22.230Z</Time><DistanceMeters>1500.0</DistanceMeters><HeartRateBpm><Value>133</Value></HeartRateBpm><SensorState>Present</SensorState></Trackpoint><Trackpoint><Time>2025-07-19T11:32:23.230Z</Time><DistanceMeters>1500.0</DistanceMeters><HeartRateBpm><Value>133</Value></HeartRateBpm><SensorState>Present</SensorState></Trackpoint><Trackpoint><Time>2025-07-19T11:32:24.230Z</Time><DistanceMeters>1500.0</DistanceMeters><HeartRateBpm><Value>132</Value></HeartRateBpm><SensorState>Present</SensorState></Trackpoint><Trackpoint><Time>2025-07-19T11:32:25.230Z</Time><DistanceMeters>1500.0</DistanceMeters><HeartRateBpm><Value>131</Value></HeartRateBpm><SensorState>Present</SensorState></Trackpoint><Trackpoint><Time>2025-07-19T11:32:26.230Z</Time><DistanceMeters>1500.0</DistanceMeters><HeartRateBpm><Value>129</Value></HeartRateBpm><SensorState>Present</SensorState></Trackpoint><Trackpoint><Time>2025-07-19T11:32:27.230Z</Time><DistanceMeters>1500.0</DistanceMeters><HeartRateBpm><Value>128</Value></HeartRateBpm><SensorState>Present</SensorState></Trackpoint><Trackpoint><Time>2025-07-19T11:32:28.230Z</Time><DistanceMeters>1500.0</DistanceMeters><HeartRateBpm><Value>127</Value></HeartRateBpm><SensorState>Present</SensorState></Trackpoint><Trackpoint><Time>2025-07-19T11:32:29.230Z</Time><DistanceMeters>1500.0</DistanceMeters><HeartRateBpm><Value>127</Value></HeartRateBpm><SensorState>Present</SensorState></Trackpoint><Trackpoint><Time>2025-07-19T11:32:30.230Z</Time><DistanceMeters>1500.0</DistanceMeters><HeartRateBpm><Value>128</Value></HeartRateBpm><SensorState>Present</SensorState></Trackpoint><Trackpoint><Time>2025-07-19T11:32:31.230Z</Time><DistanceMeters>1500.0</DistanceMeters><HeartRateBpm><Value>129</Value></HeartRateBpm><SensorState>Present</SensorState></Trackpoint><Trackpoint><Time>2025-07-19T11:32:32.230Z</Time><DistanceMeters>1500.0</DistanceMeters><HeartRateBpm><Value>131</Value></HeartRateBpm><SensorState>Present</SensorState></Trackpoint><Trackpoint><Time>2025-07-19T11:32:33.230Z</Time><DistanceMeters>1501.0964912838406</DistanceMeters><HeartRateBpm><Value>133</Value></HeartRateBpm><SensorState>Present</SensorState></Trackpoint><Trackpoint><Time>2025-07-19T11:32:34.230Z</Time><DistanceMeters>1502.1929825676812</DistanceMeters><HeartRateBpm><Value>134</Value></HeartRateBpm><SensorState>Present</SensorState></Trackpoint><Trackpoint><Time>2025-07-19T11:32:35.230Z</Time><DistanceMeters>1503.2894738515217</DistanceMeters><HeartRateBpm><Value>136</Value></HeartRateBpm><SensorState>Present</SensorState></Trackpoint><Trackpoint><Time>2025-07-19T11:32:36.230Z</Time><DistanceMeters>1504.3859651353623</DistanceMeters><HeartRateBpm><Value>137</Value></HeartRateBpm><SensorState>Present</SensorState></Trackpoint><Trackpoint><Time>2025-07-19T11:32:37.230Z</Time><DistanceMeters>1505.482456419203</DistanceMeters><HeartRateBpm><Value>138</Value></HeartRateBpm><SensorState>Present</SensorState></Trackpoint><Trackpoint><Time>2025-07-19T11:32:38.230Z</Time><DistanceMeters>1506.5789477030435</DistanceMeters><HeartRateBpm><Value>139</Value></HeartRateBpm><SensorState>Present</SensorState></Trackpoint><Trackpoint><Time>2025-07-19T11:32:39.230Z</Time><DistanceMeters>1507.675438986884</DistanceMeters><HeartRateBpm><Value>140</Value></HeartRateBpm><SensorState>Present</SensorState></Trackpoint><Trackpoint><Time>2025-07-19T11:32:40.230Z</Time><DistanceMeters>1508.7719302707246</DistanceMeters><HeartRateBpm><Value>140</Value></HeartRateBpm><SensorState>Present</SensorState></Trackpoint><Trackpoint><Time>2025-07-19T11:32:41.230Z</Time><DistanceMeters>1509.8684215545652</DistanceMeters><HeartRateBpm><Value>141</Value></HeartRateBpm><SensorState>Present</SensorState></Trackpoint><Trackpoint><Time>2025-07-19T11:32:42.230Z</Time><DistanceMeters>1510.9649128384058</DistanceMeters><HeartRateBpm><Value>141</Value></HeartRateBpm><SensorState>Present</SensorState></Trackpoint><Trackpoint><Time>2025-07-19T11:32:43.230Z</Time><DistanceMeters>1525.0</DistanceMeters><HeartRateBpm><Value>141</Value></HeartRateBpm><SensorState>Present</SensorState></Trackpoint><Trackpoint><Time>2025-07-19T11:32:44.230Z</Time><DistanceMeters>1525.0</DistanceMeters><HeartRateBpm><Value>141</Value></HeartRateBpm><SensorState>Present</SensorState></Trackpoint><Trackpoint><Time>2025-07-19T11:32:45.230Z</Time><DistanceMeters>1525.0</DistanceMeters><HeartRateBpm><Value>141</Value></HeartRateBpm><SensorState>Present</SensorState></Trackpoint><Trackpoint><Time>2025-07-19T11:32:46.230Z</Time><DistanceMeters>1525.0</DistanceMeters><HeartRateBpm><Value>141</Value></HeartRateBpm><SensorState>Present</SensorState></Trackpoint><Trackpoint><Time>2025-07-19T11:32:47.230Z</Time><DistanceMeters>1525.0</DistanceMeters><HeartRateBpm><Value>141</Value></HeartRateBpm><SensorState>Present</SensorState></Trackpoint><Trackpoint><Time>2025-07-19T11:32:48.230Z</Time><DistanceMeters>1525.0</DistanceMeters><HeartRateBpm><Value>141</Value></HeartRateBpm><SensorState>Present</SensorState></Trackpoint><Trackpoint><Time>2025-07-19T11:32:49.230Z</Time><DistanceMeters>1525.0</DistanceMeters><HeartRateBpm><Value>141</Value></HeartRateBpm><SensorState>Present</SensorState></Trackpoint><Trackpoint><Time>2025-07-19T11:32:50.230Z</Time><DistanceMeters>1525.0</DistanceMeters><HeartRateBpm><Value>140</Value></HeartRateBpm><SensorState>Present</SensorState></Trackpoint><Trackpoint><Time>2025-07-19T11:32:51.230Z</Time><DistanceMeters>1525.0</DistanceMeters><HeartRateBpm><Value>139</Value></HeartRateBpm><SensorState>Present</SensorState></Trackpoint><Trackpoint><Time>2025-07-19T11:32:52.230Z</Time><DistanceMeters>1525.0</DistanceMeters><HeartRateBpm><Value>139</Value></HeartRateBpm><SensorState>Present</SensorState></Trackpoint><Trackpoint><Time>2025-07-19T11:32:53.230Z</Time><DistanceMeters>1525.0</DistanceMeters><HeartRateBpm><Value>139</Value></HeartRateBpm><SensorState>Present</SensorState></Trackpoint><Trackpoint><Time>2025-07-19T11:32:54.230Z</Time><DistanceMeters>1525.0</DistanceMeters><HeartRateBpm><Value>139</Value></HeartRateBpm><SensorState>Present</SensorState></Trackpoint><Trackpoint><Time>2025-07-19T11:32:55.230Z</Time><DistanceMeters>1525.0</DistanceMeters><HeartRateBpm><Value>139</Value></HeartRateBpm><SensorState>Present</SensorState></Trackpoint><Trackpoint><Time>2025-07-19T11:32:56.230Z</Time><DistanceMeters>1525.0</DistanceMeters><HeartRateBpm><Value>139</Value></HeartRateBpm><SensorState>Present</SensorState></Trackpoint><Trackpoint><Time>2025-07-19T11:32:57.230Z</Time><DistanceMeters>1525.0</DistanceMeters><HeartRateBpm><Value>139</Value></HeartRateBpm><SensorState>Present</SensorState></Trackpoint><Trackpoint><Time>2025-07-19T11:32:58.230Z</Time><DistanceMeters>1525.0</DistanceMeters><HeartRateBpm><Value>139</Value></HeartRateBpm><SensorState>Present</SensorState></Trackpoint><Trackpoint><Time>2025-07-19T11:32:59.230Z</Time><DistanceMeters>1525.0</DistanceMeters><HeartRateBpm><Value>139</Value></HeartRateBpm><SensorState>Present</SensorState></Trackpoint><Trackpoint><Time>2025-07-19T11:33:00.230Z</Time><DistanceMeters>1525.0</DistanceMeters><HeartRateBpm><Value>139</Value></HeartRateBpm><SensorState>Present</SensorState></Trackpoint><Trackpoint><Time>2025-07-19T11:33:01.230Z</Time><DistanceMeters>1525.0</DistanceMeters><HeartRateBpm><Value>139</Value></HeartRateBpm><SensorState>Present</SensorState></Trackpoint><Trackpoint><Time>2025-07-19T11:33:02.230Z</Time><DistanceMeters>1525.0</DistanceMeters><HeartRateBpm><Value>140</Value></HeartRateBpm><SensorState>Present</SensorState></Trackpoint><Trackpoint><Time>2025-07-19T11:33:03.230Z</Time><DistanceMeters>1525.0</DistanceMeters><HeartRateBpm><Value>140</Value></HeartRateBpm><SensorState>Present</SensorState></Trackpoint><Trackpoint><Time>2025-07-19T11:33:04.230Z</Time><DistanceMeters>1525.0</DistanceMeters><HeartRateBpm><Value>141</Value></HeartRateBpm><SensorState>Present</SensorState></Trackpoint><Trackpoint><Time>2025-07-19T11:33:05.230Z</Time><DistanceMeters>1526.0964912838406</DistanceMeters><HeartRateBpm><Value>141</Value></HeartRateBpm><SensorState>Present</SensorState></Trackpoint><Trackpoint><Time>2025-07-19T11:33:06.230Z</Time><DistanceMeters>1527.1929825676812</DistanceMeters><HeartRateBpm><Value>141</Value></HeartRateBpm><SensorState>Present</SensorState></Trackpoint><Trackpoint><Time>2025-07-19T11:33:07.230Z</Time><DistanceMeters>1528.2894738515217</DistanceMeters><HeartRateBpm><Value>142</Value></HeartRateBpm><SensorState>Present</SensorState></Trackpoint><Trackpoint><Time>2025-07-19T11:33:08.230Z</Time><DistanceMeters>1529.3859651353623</DistanceMeters><HeartRateBpm><Value>143</Value></HeartRateBpm><SensorState>Present</SensorState></Trackpoint><Trackpoint><Time>2025-07-19T11:33:09.230Z</Time><DistanceMeters>1530.482456419203</DistanceMeters><HeartRateBpm><Value>143</Value></HeartRateBpm><SensorState>Present</SensorState></Trackpoint><Trackpoint><Time>2025-07-19T11:33:10.230Z</Time><DistanceMeters>1531.5789477030435</DistanceMeters><HeartRateBpm><Value>144</Value></HeartRateBpm><SensorState>Present</SensorState></Trackpoint><Trackpoint><Time>2025-07-19T11:33:11.230Z</Time><DistanceMeters>1532.675438986884</DistanceMeters><HeartRateBpm><Value>144</Value></HeartRateBpm><SensorState>Present</SensorState></Trackpoint><Trackpoint><Time>2025-07-19T11:33:12.230Z</Time><DistanceMeters>1533.7719302707246</DistanceMeters><HeartRateBpm><Value>145</Value></HeartRateBpm><SensorState>Present</SensorState></Trackpoint><Trackpoint><Time>2025-07-19T11:33:13.230Z</Time><DistanceMeters>1534.8684215545652</DistanceMeters><HeartRateBpm><Value>145</Value></HeartRateBpm><SensorState>Present</SensorState></Trackpoint><Trackpoint><Time>2025-07-19T11:33:14.230Z</Time><DistanceMeters>1535.9649128384058</DistanceMeters><HeartRateBpm><Value>145</Value></HeartRateBpm><SensorState>Present</SensorState></Trackpoint><Trackpoint><Time>2025-07-19T11:33:15.230Z</Time><DistanceMeters>1550.0</DistanceMeters><HeartRateBpm><Value>145</Value></HeartRateBpm><SensorState>Present</SensorState></Trackpoint><Trackpoint><Time>2025-07-19T11:33:16.230Z</Time><DistanceMeters>1550.0</DistanceMeters><HeartRateBpm><Value>144</Value></HeartRateBpm><SensorState>Present</SensorState></Trackpoint><Trackpoint><Time>2025-07-19T11:33:17.230Z</Time><DistanceMeters>1550.0</DistanceMeters><HeartRateBpm><Value>144</Value></HeartRateBpm><SensorState>Present</SensorState></Trackpoint><Trackpoint><Time>2025-07-19T11:33:18.230Z</Time><DistanceMeters>1550.0</DistanceMeters><HeartRateBpm><Value>143</Value></HeartRateBpm><SensorState>Present</SensorState></Trackpoint><Trackpoint><Time>2025-07-19T11:33:19.230Z</Time><DistanceMeters>1550.0</DistanceMeters><HeartRateBpm><Value>143</Value></HeartRateBpm><SensorState>Present</SensorState></Trackpoint><Trackpoint><Time>2025-07-19T11:33:20.230Z</Time><DistanceMeters>1550.0</DistanceMeters><HeartRateBpm><Value>142</Value></HeartRateBpm><SensorState>Present</SensorState></Trackpoint><Trackpoint><Time>2025-07-19T11:33:21.230Z</Time><DistanceMeters>1550.0</DistanceMeters><HeartRateBpm><Value>142</Value></HeartRateBpm><SensorState>Present</SensorState></Trackpoint><Trackpoint><Time>2025-07-19T11:33:22.230Z</Time><DistanceMeters>1550.0</DistanceMeters><HeartRateBpm><Value>142</Value></HeartRateBpm><SensorState>Present</SensorState></Trackpoint><Trackpoint><Time>2025-07-19T11:33:23.230Z</Time><DistanceMeters>1550.0</DistanceMeters><HeartRateBpm><Value>141</Value></HeartRateBpm><SensorState>Present</SensorState></Trackpoint><Trackpoint><Time>2025-07-19T11:33:24.230Z</Time><DistanceMeters>1550.0</DistanceMeters><HeartRateBpm><Value>139</Value></HeartRateBpm><SensorState>Present</SensorState></Trackpoint><Trackpoint><Time>2025-07-19T11:33:25.230Z</Time><DistanceMeters>1550.0</DistanceMeters><HeartRateBpm><Value>139</Value></HeartRateBpm><SensorState>Present</SensorState></Trackpoint><Trackpoint><Time>2025-07-19T11:33:26.230Z</Time><DistanceMeters>1550.0</DistanceMeters><HeartRateBpm><Value>140</Value></HeartRateBpm><SensorState>Present</SensorState></Trackpoint><Trackpoint><Time>2025-07-19T11:33:27.230Z</Time><DistanceMeters>1550.0</DistanceMeters><HeartRateBpm><Value>140</Value></HeartRateBpm><SensorState>Present</SensorState></Trackpoint><Trackpoint><Time>2025-07-19T11:33:28.230Z</Time><DistanceMeters>1550.0</DistanceMeters><HeartRateBpm><Value>140</Value></HeartRateBpm><SensorState>Present</SensorState></Trackpoint><Trackpoint><Time>2025-07-19T11:33:29.230Z</Time><DistanceMeters>1550.0</DistanceMeters><HeartRateBpm><Value>140</Value></HeartRateBpm><SensorState>Present</SensorState></Trackpoint><Trackpoint><Time>2025-07-19T11:33:30.230Z</Time><DistanceMeters>1550.0</DistanceMeters><HeartRateBpm><Value>140</Value></HeartRateBpm><SensorState>Present</SensorState></Trackpoint><Trackpoint><Time>2025-07-19T11:33:31.230Z</Time><DistanceMeters>1550.0</DistanceMeters><HeartRateBpm><Value>141</Value></HeartRateBpm><SensorState>Present</SensorState></Trackpoint><Trackpoint><Time>2025-07-19T11:33:32.230Z</Time><DistanceMeters>1550.0</DistanceMeters><HeartRateBpm><Value>141</Value></HeartRateBpm><SensorState>Present</SensorState></Trackpoint><Trackpoint><Time>2025-07-19T11:33:33.230Z</Time><DistanceMeters>1550.0</DistanceMeters><HeartRateBpm><Value>142</Value></HeartRateBpm><SensorState>Present</SensorState></Trackpoint><Trackpoint><Time>2025-07-19T11:33:34.230Z</Time><DistanceMeters>1550.0</DistanceMeters><HeartRateBpm><Value>142</Value></HeartRateBpm><SensorState>Present</SensorState></Trackpoint><Trackpoint><Time>2025-07-19T11:33:35.230Z</Time><DistanceMeters>1550.0</DistanceMeters><HeartRateBpm><Value>142</Value></HeartRateBpm><SensorState>Present</SensorState></Trackpoint><Trackpoint><Time>2025-07-19T11:33:36.230Z</Time><DistanceMeters>1550.0</DistanceMeters><HeartRateBpm><Value>143</Value></HeartRateBpm><SensorState>Present</SensorState></Trackpoint><Trackpoint><Time>2025-07-19T11:33:37.230Z</Time><DistanceMeters>1550.0</DistanceMeters><HeartRateBpm><Value>143</Value></HeartRateBpm><SensorState>Present</SensorState></Trackpoint><Trackpoint><Time>2025-07-19T11:33:38.230Z</Time><DistanceMeters>1550.0</DistanceMeters><HeartRateBpm><Value>143</Value></HeartRateBpm><SensorState>Present</SensorState></Trackpoint><Trackpoint><Time>2025-07-19T11:33:39.230Z</Time><DistanceMeters>1551.0964912838406</DistanceMeters><HeartRateBpm><Value>143</Value></HeartRateBpm><SensorState>Present</SensorState></Trackpoint><Trackpoint><Time>2025-07-19T11:33:40.230Z</Time><DistanceMeters>1552.1929825676812</DistanceMeters><HeartRateBpm><Value>143</Value></HeartRateBpm><SensorState>Present</SensorState></Trackpoint><Trackpoint><Time>2025-07-19T11:33:41.230Z</Time><DistanceMeters>1553.2894738515217</DistanceMeters><HeartRateBpm><Value>143</Value></HeartRateBpm><SensorState>Present</SensorState></Trackpoint><Trackpoint><Time>2025-07-19T11:33:42.230Z</Time><DistanceMeters>1554.3859651353623</DistanceMeters><HeartRateBpm><Value>143</Value></HeartRateBpm><SensorState>Present</SensorState></Trackpoint><Trackpoint><Time>2025-07-19T11:33:43.230Z</Time><DistanceMeters>1555.482456419203</DistanceMeters><HeartRateBpm><Value>143</Value></HeartRateBpm><SensorState>Present</SensorState></Trackpoint><Trackpoint><Time>2025-07-19T11:33:44.230Z</Time><DistanceMeters>1556.5789477030435</DistanceMeters><HeartRateBpm><Value>143</Value></HeartRateBpm><SensorState>Present</SensorState></Trackpoint><Trackpoint><Time>2025-07-19T11:33:45.230Z</Time><DistanceMeters>1557.675438986884</DistanceMeters><HeartRateBpm><Value>143</Value></HeartRateBpm><SensorState>Present</SensorState></Trackpoint><Trackpoint><Time>2025-07-19T11:33:46.230Z</Time><DistanceMeters>1558.7719302707246</DistanceMeters><HeartRateBpm><Value>143</Value></HeartRateBpm><SensorState>Present</SensorState></Trackpoint><Trackpoint><Time>2025-07-19T11:33:47.230Z</Time><DistanceMeters>1559.8684215545652</DistanceMeters><HeartRateBpm><Value>143</Value></HeartRateBpm><SensorState>Present</SensorState></Trackpoint><Trackpoint><Time>2025-07-19T11:33:48.230Z</Time><DistanceMeters>1560.9649128384058</DistanceMeters><HeartRateBpm><Value>143</Value></HeartRateBpm><SensorState>Present</SensorState></Trackpoint><Trackpoint><Time>2025-07-19T11:33:49.230Z</Time><DistanceMeters>1575.0</DistanceMeters><HeartRateBpm><Value>143</Value></HeartRateBpm><SensorState>Present</SensorState></Trackpoint><Trackpoint><Time>2025-07-19T11:33:50.230Z</Time><DistanceMeters>1575.0</DistanceMeters><HeartRateBpm><Value>143</Value></HeartRateBpm><SensorState>Present</SensorState></Trackpoint><Trackpoint><Time>2025-07-19T11:33:51.230Z</Time><DistanceMeters>1575.0</DistanceMeters><HeartRateBpm><Value>143</Value></HeartRateBpm><SensorState>Present</SensorState></Trackpoint><Trackpoint><Time>2025-07-19T11:33:52.230Z</Time><DistanceMeters>1575.0</DistanceMeters><HeartRateBpm><Value>143</Value></HeartRateBpm><SensorState>Present</SensorState></Trackpoint><Trackpoint><Time>2025-07-19T11:33:53.230Z</Time><DistanceMeters>1575.0</DistanceMeters><HeartRateBpm><Value>142</Value></HeartRateBpm><SensorState>Present</SensorState></Trackpoint><Trackpoint><Time>2025-07-19T11:33:54.230Z</Time><DistanceMeters>1575.0</DistanceMeters><HeartRateBpm><Value>142</Value></HeartRateBpm><SensorState>Present</SensorState></Trackpoint><Trackpoint><Time>2025-07-19T11:33:55.230Z</Time><DistanceMeters>1575.0</DistanceMeters><HeartRateBpm><Value>142</Value></HeartRateBpm><SensorState>Present</SensorState></Trackpoint><Trackpoint><Time>2025-07-19T11:33:56.230Z</Time><DistanceMeters>1575.0</DistanceMeters><HeartRateBpm><Value>143</Value></HeartRateBpm><SensorState>Present</SensorState></Trackpoint><Trackpoint><Time>2025-07-19T11:33:57.230Z</Time><DistanceMeters>1575.0</DistanceMeters><HeartRateBpm><Value>143</Value></HeartRateBpm><SensorState>Present</SensorState></Trackpoint><Trackpoint><Time>2025-07-19T11:33:58.230Z</Time><DistanceMeters>1575.0</DistanceMeters><HeartRateBpm><Value>143</Value></HeartRateBpm><SensorState>Present</SensorState></Trackpoint><Trackpoint><Time>2025-07-19T11:33:59.230Z</Time><DistanceMeters>1575.0</DistanceMeters><HeartRateBpm><Value>143</Value></HeartRateBpm><SensorState>Present</SensorState></Trackpoint><Trackpoint><Time>2025-07-19T11:34:00.230Z</Time><DistanceMeters>1575.0</DistanceMeters><HeartRateBpm><Value>143</Value></HeartRateBpm><SensorState>Present</SensorState></Trackpoint><Trackpoint><Time>2025-07-19T11:34:01.230Z</Time><DistanceMeters>1575.0</DistanceMeters><HeartRateBpm><Value>143</Value></HeartRateBpm><SensorState>Present</SensorState></Trackpoint><Trackpoint><Time>2025-07-19T11:34:02.230Z</Time><DistanceMeters>1575.0</DistanceMeters><HeartRateBpm><Value>143</Value></HeartRateBpm><SensorState>Present</SensorState></Trackpoint><Trackpoint><Time>2025-07-19T11:34:03.230Z</Time><DistanceMeters>1575.0</DistanceMeters><HeartRateBpm><Value>143</Value></HeartRateBpm><SensorState>Present</SensorState></Trackpoint><Trackpoint><Time>2025-07-19T11:34:04.230Z</Time><DistanceMeters>1575.0</DistanceMeters><HeartRateBpm><Value>143</Value></HeartRateBpm><SensorState>Present</SensorState></Trackpoint><Trackpoint><Time>2025-07-19T11:34:05.230Z</Time><DistanceMeters>1575.0</DistanceMeters><HeartRateBpm><Value>143</Value></HeartRateBpm><SensorState>Present</SensorState></Trackpoint><Trackpoint><Time>2025-07-19T11:34:06.230Z</Time><DistanceMeters>1575.0</DistanceMeters><HeartRateBpm><Value>143</Value></HeartRateBpm><SensorState>Present</SensorState></Trackpoint><Trackpoint><Time>2025-07-19T11:34:07.230Z</Time><DistanceMeters>1575.0</DistanceMeters><HeartRateBpm><Value>143</Value></HeartRateBpm><SensorState>Present</SensorState></Trackpoint><Trackpoint><Time>2025-07-19T11:34:08.230Z</Time><DistanceMeters>1575.0</DistanceMeters><HeartRateBpm><Value>142</Value></HeartRateBpm><SensorState>Present</SensorState></Trackpoint><Trackpoint><Time>2025-07-19T11:34:09.230Z</Time><DistanceMeters>1575.0</DistanceMeters><HeartRateBpm><Value>142</Value></HeartRateBpm><SensorState>Present</SensorState></Trackpoint><Trackpoint><Time>2025-07-19T11:34:10.230Z</Time><DistanceMeters>1575.0</DistanceMeters><HeartRateBpm><Value>142</Value></HeartRateBpm><SensorState>Present</SensorState></Trackpoint><Trackpoint><Time>2025-07-19T11:34:11.230Z</Time><DistanceMeters>1575.0</DistanceMeters><HeartRateBpm><Value>141</Value></HeartRateBpm><SensorState>Present</SensorState></Trackpoint><Trackpoint><Time>2025-07-19T11:34:12.230Z</Time><DistanceMeters>1576.0964912838406</DistanceMeters><HeartRateBpm><Value>140</Value></HeartRateBpm><SensorState>Present</SensorState></Trackpoint><Trackpoint><Time>2025-07-19T11:34:13.230Z</Time><DistanceMeters>1577.1929825676812</DistanceMeters><HeartRateBpm><Value>139</Value></HeartRateBpm><SensorState>Present</SensorState></Trackpoint><Trackpoint><Time>2025-07-19T11:34:14.230Z</Time><DistanceMeters>1578.2894738515217</DistanceMeters><HeartRateBpm><Value>138</Value></HeartRateBpm><SensorState>Present</SensorState></Trackpoint><Trackpoint><Time>2025-07-19T11:34:15.230Z</Time><DistanceMeters>1579.3859651353623</DistanceMeters><HeartRateBpm><Value>138</Value></HeartRateBpm><SensorState>Present</SensorState></Trackpoint><Trackpoint><Time>2025-07-19T11:34:16.230Z</Time><DistanceMeters>1580.482456419203</DistanceMeters><HeartRateBpm><Value>138</Value></HeartRateBpm><SensorState>Present</SensorState></Trackpoint><Trackpoint><Time>2025-07-19T11:34:17.230Z</Time><DistanceMeters>1581.5789477030435</DistanceMeters><HeartRateBpm><Value>137</Value></HeartRateBpm><SensorState>Present</SensorState></Trackpoint><Trackpoint><Time>2025-07-19T11:34:18.230Z</Time><DistanceMeters>1582.675438986884</DistanceMeters><HeartRateBpm><Value>136</Value></HeartRateBpm><SensorState>Present</SensorState></Trackpoint><Trackpoint><Time>2025-07-19T11:34:19.230Z</Time><DistanceMeters>1583.7719302707246</DistanceMeters><HeartRateBpm><Value>135</Value></HeartRateBpm><SensorState>Present</SensorState></Trackpoint><Trackpoint><Time>2025-07-19T11:34:20.230Z</Time><DistanceMeters>1584.8684215545652</DistanceMeters><HeartRateBpm><Value>135</Value></HeartRateBpm><SensorState>Present</SensorState></Trackpoint><Trackpoint><Time>2025-07-19T11:34:21.230Z</Time><DistanceMeters>1585.9649128384058</DistanceMeters><HeartRateBpm><Value>135</Value></HeartRateBpm><SensorState>Present</SensorState></Trackpoint><Trackpoint><Time>2025-07-19T11:34:22.230Z</Time><DistanceMeters>1600.0</DistanceMeters><HeartRateBpm><Value>134</Value></HeartRateBpm><SensorState>Present</SensorState></Trackpoint><Trackpoint><Time>2025-07-19T11:34:23.230Z</Time><DistanceMeters>1600.0</DistanceMeters><HeartRateBpm><Value>134</Value></HeartRateBpm><SensorState>Present</SensorState></Trackpoint><Trackpoint><Time>2025-07-19T11:34:24.230Z</Time><DistanceMeters>1600.0</DistanceMeters><HeartRateBpm><Value>135</Value></HeartRateBpm><SensorState>Present</SensorState></Trackpoint><Trackpoint><Time>2025-07-19T11:34:25.230Z</Time><DistanceMeters>1600.0</DistanceMeters><HeartRateBpm><Value>135</Value></HeartRateBpm><SensorState>Present</SensorState></Trackpoint><Trackpoint><Time>2025-07-19T11:34:26.230Z</Time><DistanceMeters>1600.0</DistanceMeters><HeartRateBpm><Value>135</Value></HeartRateBpm><SensorState>Present</SensorState></Trackpoint><Trackpoint><Time>2025-07-19T11:34:27.230Z</Time><DistanceMeters>1600.0</DistanceMeters><HeartRateBpm><Value>135</Value></HeartRateBpm><SensorState>Present</SensorState></Trackpoint><Trackpoint><Time>2025-07-19T11:34:28.230Z</Time><DistanceMeters>1600.0</DistanceMeters><HeartRateBpm><Value>135</Value></HeartRateBpm><SensorState>Present</SensorState></Trackpoint><Trackpoint><Time>2025-07-19T11:34:29.230Z</Time><DistanceMeters>1600.0</DistanceMeters><HeartRateBpm><Value>134</Value></HeartRateBpm><SensorState>Present</SensorState></Trackpoint><Trackpoint><Time>2025-07-19T11:34:30.230Z</Time><DistanceMeters>1600.0</DistanceMeters><HeartRateBpm><Value>133</Value></HeartRateBpm><SensorState>Present</SensorState></Trackpoint><Trackpoint><Time>2025-07-19T11:34:31.230Z</Time><DistanceMeters>1600.0</DistanceMeters><HeartRateBpm><Value>131</Value></HeartRateBpm><SensorState>Present</SensorState></Trackpoint><Trackpoint><Time>2025-07-19T11:34:32.230Z</Time><DistanceMeters>1600.0</DistanceMeters><HeartRateBpm><Value>131</Value></HeartRateBpm><SensorState>Present</SensorState></Trackpoint><Trackpoint><Time>2025-07-19T11:34:33.230Z</Time><DistanceMeters>1600.0</DistanceMeters><HeartRateBpm><Value>130</Value></HeartRateBpm><SensorState>Present</SensorState></Trackpoint><Trackpoint><Time>2025-07-19T11:34:34.230Z</Time><DistanceMeters>1600.0</DistanceMeters><HeartRateBpm><Value>131</Value></HeartRateBpm><SensorState>Present</SensorState></Trackpoint><Trackpoint><Time>2025-07-19T11:34:35.230Z</Time><DistanceMeters>1600.0</DistanceMeters><HeartRateBpm><Value>132</Value></HeartRateBpm><SensorState>Present</SensorState></Trackpoint><Trackpoint><Time>2025-07-19T11:34:36.230Z</Time><DistanceMeters>1600.0</DistanceMeters><HeartRateBpm><Value>133</Value></HeartRateBpm><SensorState>Present</SensorState></Trackpoint><Trackpoint><Time>2025-07-19T11:34:37.230Z</Time><DistanceMeters>1600.0</DistanceMeters><HeartRateBpm><Value>135</Value></HeartRateBpm><SensorState>Present</SensorState></Trackpoint><Trackpoint><Time>2025-07-19T11:34:38.230Z</Time><DistanceMeters>1600.0</DistanceMeters><HeartRateBpm><Value>135</Value></HeartRateBpm><SensorState>Present</SensorState></Trackpoint><Trackpoint><Time>2025-07-19T11:34:39.230Z</Time><DistanceMeters>1600.0</DistanceMeters><HeartRateBpm><Value>137</Value></HeartRateBpm><SensorState>Present</SensorState></Trackpoint><Trackpoint><Time>2025-07-19T11:34:40.230Z</Time><DistanceMeters>1600.0</DistanceMeters><HeartRateBpm><Value>137</Value></HeartRateBpm><SensorState>Present</SensorState></Trackpoint><Trackpoint><Time>2025-07-19T11:34:41.230Z</Time><DistanceMeters>1600.0</DistanceMeters><HeartRateBpm><Value>137</Value></HeartRateBpm><SensorState>Present</SensorState></Trackpoint><Trackpoint><Time>2025-07-19T11:34:42.230Z</Time><DistanceMeters>1600.0</DistanceMeters><HeartRateBpm><Value>137</Value></HeartRateBpm><SensorState>Present</SensorState></Trackpoint><Trackpoint><Time>2025-07-19T11:34:43.230Z</Time><DistanceMeters>1600.0</DistanceMeters><HeartRateBpm><Value>137</Value></HeartRateBpm><SensorState>Present</SensorState></Trackpoint><Trackpoint><Time>2025-07-19T11:34:44.230Z</Time><DistanceMeters>1600.0</DistanceMeters><HeartRateBpm><Value>138</Value></HeartRateBpm><SensorState>Present</SensorState></Trackpoint><Trackpoint><Time>2025-07-19T11:34:45.230Z</Time><DistanceMeters>1601.0964912838406</DistanceMeters><HeartRateBpm><Value>139</Value></HeartRateBpm><SensorState>Present</SensorState></Trackpoint><Trackpoint><Time>2025-07-19T11:34:46.230Z</Time><DistanceMeters>1602.1929825676812</DistanceMeters><HeartRateBpm><Value>139</Value></HeartRateBpm><SensorState>Present</SensorState></Trackpoint><Trackpoint><Time>2025-07-19T11:34:47.230Z</Time><DistanceMeters>1603.2894738515217</DistanceMeters><HeartRateBpm><Value>140</Value></HeartRateBpm><SensorState>Present</SensorState></Trackpoint><Trackpoint><Time>2025-07-19T11:34:48.230Z</Time><DistanceMeters>1604.3859651353623</DistanceMeters><HeartRateBpm><Value>140</Value></HeartRateBpm><SensorState>Present</SensorState></Trackpoint><Trackpoint><Time>2025-07-19T11:34:49.230Z</Time><DistanceMeters>1605.482456419203</DistanceMeters><HeartRateBpm><Value>139</Value></HeartRateBpm><SensorState>Present</SensorState></Trackpoint><Trackpoint><Time>2025-07-19T11:34:50.230Z</Time><DistanceMeters>1606.5789477030435</DistanceMeters><HeartRateBpm><Value>139</Value></HeartRateBpm><SensorState>Present</SensorState></Trackpoint><Trackpoint><Time>2025-07-19T11:34:51.230Z</Time><DistanceMeters>1607.675438986884</DistanceMeters><HeartRateBpm><Value>139</Value></HeartRateBpm><SensorState>Present</SensorState></Trackpoint><Trackpoint><Time>2025-07-19T11:34:52.230Z</Time><DistanceMeters>1608.7719302707246</DistanceMeters><HeartRateBpm><Value>140</Value></HeartRateBpm><SensorState>Present</SensorState></Trackpoint><Trackpoint><Time>2025-07-19T11:34:53.230Z</Time><DistanceMeters>1609.8684215545652</DistanceMeters><HeartRateBpm><Value>140</Value></HeartRateBpm><SensorState>Present</SensorState></Trackpoint><Trackpoint><Time>2025-07-19T11:34:54.230Z</Time><DistanceMeters>1610.9649128384058</DistanceMeters><HeartRateBpm><Value>140</Value></HeartRateBpm><SensorState>Present</SensorState></Trackpoint><Trackpoint><Time>2025-07-19T11:34:55.230Z</Time><DistanceMeters>1625.0</DistanceMeters><HeartRateBpm><Value>141</Value></HeartRateBpm><SensorState>Present</SensorState></Trackpoint><Trackpoint><Time>2025-07-19T11:34:56.230Z</Time><DistanceMeters>1625.0</DistanceMeters><HeartRateBpm><Value>141</Value></HeartRateBpm><SensorState>Present</SensorState></Trackpoint><Trackpoint><Time>2025-07-19T11:34:57.230Z</Time><DistanceMeters>1625.0</DistanceMeters><HeartRateBpm><Value>141</Value></HeartRateBpm><SensorState>Present</SensorState></Trackpoint><Trackpoint><Time>2025-07-19T11:34:58.230Z</Time><DistanceMeters>1625.0</DistanceMeters><HeartRateBpm><Value>141</Value></HeartRateBpm><SensorState>Present</SensorState></Trackpoint><Trackpoint><Time>2025-07-19T11:34:59.230Z</Time><DistanceMeters>1625.0</DistanceMeters><HeartRateBpm><Value>140</Value></HeartRateBpm><SensorState>Present</SensorState></Trackpoint><Trackpoint><Time>2025-07-19T11:35:00.230Z</Time><DistanceMeters>1625.0</DistanceMeters><HeartRateBpm><Value>140</Value></HeartRateBpm><SensorState>Present</SensorState></Trackpoint><Trackpoint><Time>2025-07-19T11:35:01.230Z</Time><DistanceMeters>1625.0</DistanceMeters><HeartRateBpm><Value>140</Value></HeartRateBpm><SensorState>Present</SensorState></Trackpoint><Trackpoint><Time>2025-07-19T11:35:02.230Z</Time><DistanceMeters>1625.0</DistanceMeters><HeartRateBpm><Value>139</Value></HeartRateBpm><SensorState>Present</SensorState></Trackpoint><Trackpoint><Time>2025-07-19T11:35:03.230Z</Time><DistanceMeters>1625.0</DistanceMeters><HeartRateBpm><Value>139</Value></HeartRateBpm><SensorState>Present</SensorState></Trackpoint><Trackpoint><Time>2025-07-19T11:35:04.230Z</Time><DistanceMeters>1625.0</DistanceMeters><HeartRateBpm><Value>137</Value></HeartRateBpm><SensorState>Present</SensorState></Trackpoint><Trackpoint><Time>2025-07-19T11:35:05.230Z</Time><DistanceMeters>1625.0</DistanceMeters><HeartRateBpm><Value>136</Value></HeartRateBpm><SensorState>Present</SensorState></Trackpoint><Trackpoint><Time>2025-07-19T11:35:06.230Z</Time><DistanceMeters>1625.0</DistanceMeters><HeartRateBpm><Value>135</Value></HeartRateBpm><SensorState>Present</SensorState></Trackpoint><Trackpoint><Time>2025-07-19T11:35:07.230Z</Time><DistanceMeters>1625.0</DistanceMeters><HeartRateBpm><Value>134</Value></HeartRateBpm><SensorState>Present</SensorState></Trackpoint><Trackpoint><Time>2025-07-19T11:35:08.230Z</Time><DistanceMeters>1625.0</DistanceMeters><HeartRateBpm><Value>134</Value></HeartRateBpm><SensorState>Present</SensorState></Trackpoint><Trackpoint><Time>2025-07-19T11:35:09.230Z</Time><DistanceMeters>1625.0</DistanceMeters><HeartRateBpm><Value>134</Value></HeartRateBpm><SensorState>Present</SensorState></Trackpoint><Trackpoint><Time>2025-07-19T11:35:10.230Z</Time><DistanceMeters>1625.0</DistanceMeters><HeartRateBpm><Value>134</Value></HeartRateBpm><SensorState>Present</SensorState></Trackpoint><Trackpoint><Time>2025-07-19T11:35:11.230Z</Time><DistanceMeters>1625.0</DistanceMeters><HeartRateBpm><Value>133</Value></HeartRateBpm><SensorState>Present</SensorState></Trackpoint><Trackpoint><Time>2025-07-19T11:35:12.230Z</Time><DistanceMeters>1625.0</DistanceMeters><HeartRateBpm><Value>133</Value></HeartRateBpm><SensorState>Present</SensorState></Trackpoint><Trackpoint><Time>2025-07-19T11:35:13.230Z</Time><DistanceMeters>1625.0</DistanceMeters><HeartRateBpm><Value>132</Value></HeartRateBpm><SensorState>Present</SensorState></Trackpoint><Trackpoint><Time>2025-07-19T11:35:14.230Z</Time><DistanceMeters>1625.0</DistanceMeters><HeartRateBpm><Value>131</Value></HeartRateBpm><SensorState>Present</SensorState></Trackpoint><Trackpoint><Time>2025-07-19T11:35:15.230Z</Time><DistanceMeters>1625.0</DistanceMeters><HeartRateBpm><Value>130</Value></HeartRateBpm><SensorState>Present</SensorState></Trackpoint><Trackpoint><Time>2025-07-19T11:35:16.230Z</Time><DistanceMeters>1625.0</DistanceMeters><HeartRateBpm><Value>130</Value></HeartRateBpm><SensorState>Present</SensorState></Trackpoint><Trackpoint><Time>2025-07-19T11:35:17.230Z</Time><DistanceMeters>1625.0</DistanceMeters><HeartRateBpm><Value>130</Value></HeartRateBpm><SensorState>Present</SensorState></Trackpoint><Trackpoint><Time>2025-07-19T11:35:18.230Z</Time><DistanceMeters>1625.0</DistanceMeters><HeartRateBpm><Value>130</Value></HeartRateBpm><SensorState>Present</SensorState></Trackpoint><Trackpoint><Time>2025-07-19T11:35:19.230Z</Time><DistanceMeters>1625.0</DistanceMeters><HeartRateBpm><Value>129</Value></HeartRateBpm><SensorState>Present</SensorState></Trackpoint><Trackpoint><Time>2025-07-19T11:35:20.230Z</Time><DistanceMeters>1626.0964912838406</DistanceMeters><HeartRateBpm><Value>127</Value></HeartRateBpm><SensorState>Present</SensorState></Trackpoint><Trackpoint><Time>2025-07-19T11:35:21.230Z</Time><DistanceMeters>1627.1929825676812</DistanceMeters><HeartRateBpm><Value>126</Value></HeartRateBpm><SensorState>Present</SensorState></Trackpoint><Trackpoint><Time>2025-07-19T11:35:22.230Z</Time><DistanceMeters>1628.2894738515217</DistanceMeters><HeartRateBpm><Value>124</Value></HeartRateBpm><SensorState>Present</SensorState></Trackpoint><Trackpoint><Time>2025-07-19T11:35:23.230Z</Time><DistanceMeters>1629.3859651353623</DistanceMeters><HeartRateBpm><Value>123</Value></HeartRateBpm><SensorState>Present</SensorState></Trackpoint><Trackpoint><Time>2025-07-19T11:35:24.230Z</Time><DistanceMeters>1630.482456419203</DistanceMeters><HeartRateBpm><Value>123</Value></HeartRateBpm><SensorState>Present</SensorState></Trackpoint><Trackpoint><Time>2025-07-19T11:35:25.230Z</Time><DistanceMeters>1631.5789477030435</DistanceMeters><HeartRateBpm><Value>122</Value></HeartRateBpm><SensorState>Present</SensorState></Trackpoint><Trackpoint><Time>2025-07-19T11:35:26.230Z</Time><DistanceMeters>1632.675438986884</DistanceMeters><HeartRateBpm><Value>122</Value></HeartRateBpm><SensorState>Present</SensorState></Trackpoint><Trackpoint><Time>2025-07-19T11:35:27.230Z</Time><DistanceMeters>1633.7719302707246</DistanceMeters><HeartRateBpm><Value>122</Value></HeartRateBpm><SensorState>Present</SensorState></Trackpoint><Trackpoint><Time>2025-07-19T11:35:28.230Z</Time><DistanceMeters>1634.8684215545652</DistanceMeters><HeartRateBpm><Value>122</Value></HeartRateBpm><SensorState>Present</SensorState></Trackpoint><Trackpoint><Time>2025-07-19T11:35:29.230Z</Time><DistanceMeters>1635.9649128384058</DistanceMeters><HeartRateBpm><Value>123</Value></HeartRateBpm><SensorState>Present</SensorState></Trackpoint><Trackpoint><Time>2025-07-19T11:35:30.230Z</Time><DistanceMeters>1650.0</DistanceMeters><HeartRateBpm><Value>124</Value></HeartRateBpm><SensorState>Present</SensorState></Trackpoint><Trackpoint><Time>2025-07-19T11:35:31.230Z</Time><DistanceMeters>1650.0</DistanceMeters><HeartRateBpm><Value>124</Value></HeartRateBpm><SensorState>Present</SensorState></Trackpoint><Trackpoint><Time>2025-07-19T11:35:32.230Z</Time><DistanceMeters>1650.0</DistanceMeters><HeartRateBpm><Value>125</Value></HeartRateBpm><SensorState>Present</SensorState></Trackpoint><Trackpoint><Time>2025-07-19T11:35:33.230Z</Time><DistanceMeters>1650.0</DistanceMeters><HeartRateBpm><Value>126</Value></HeartRateBpm><SensorState>Present</SensorState></Trackpoint><Trackpoint><Time>2025-07-19T11:35:34.230Z</Time><DistanceMeters>1650.0</DistanceMeters><HeartRateBpm><Value>127</Value></HeartRateBpm><SensorState>Present</SensorState></Trackpoint><Trackpoint><Time>2025-07-19T11:35:35.230Z</Time><DistanceMeters>1650.0</DistanceMeters><HeartRateBpm><Value>127</Value></HeartRateBpm><SensorState>Present</SensorState></Trackpoint><Trackpoint><Time>2025-07-19T11:35:36.230Z</Time><DistanceMeters>1650.0</DistanceMeters><HeartRateBpm><Value>126</Value></HeartRateBpm><SensorState>Present</SensorState></Trackpoint><Trackpoint><Time>2025-07-19T11:35:37.230Z</Time><DistanceMeters>1650.0</DistanceMeters><HeartRateBpm><Value>126</Value></HeartRateBpm><SensorState>Present</SensorState></Trackpoint><Trackpoint><Time>2025-07-19T11:35:38.230Z</Time><DistanceMeters>1650.0</DistanceMeters><HeartRateBpm><Value>126</Value></HeartRateBpm><SensorState>Present</SensorState></Trackpoint><Trackpoint><Time>2025-07-19T11:35:39.230Z</Time><DistanceMeters>1650.0</DistanceMeters><HeartRateBpm><Value>126</Value></HeartRateBpm><SensorState>Present</SensorState></Trackpoint><Trackpoint><Time>2025-07-19T11:35:40.230Z</Time><DistanceMeters>1650.0</DistanceMeters><HeartRateBpm><Value>127</Value></HeartRateBpm><SensorState>Present</SensorState></Trackpoint><Trackpoint><Time>2025-07-19T11:35:41.230Z</Time><DistanceMeters>1650.0</DistanceMeters><HeartRateBpm><Value>127</Value></HeartRateBpm><SensorState>Present</SensorState></Trackpoint><Trackpoint><Time>2025-07-19T11:35:42.230Z</Time><DistanceMeters>1650.0</DistanceMeters><HeartRateBpm><Value>128</Value></HeartRateBpm><SensorState>Present</SensorState></Trackpoint><Trackpoint><Time>2025-07-19T11:35:43.230Z</Time><DistanceMeters>1650.0</DistanceMeters><HeartRateBpm><Value>129</Value></HeartRateBpm><SensorState>Present</SensorState></Trackpoint><Trackpoint><Time>2025-07-19T11:35:44.230Z</Time><DistanceMeters>1650.0</DistanceMeters><HeartRateBpm><Value>130</Value></HeartRateBpm><SensorState>Present</SensorState></Trackpoint><Trackpoint><Time>2025-07-19T11:35:45.230Z</Time><DistanceMeters>1650.0</DistanceMeters><HeartRateBpm><Value>131</Value></HeartRateBpm><SensorState>Present</SensorState></Trackpoint><Trackpoint><Time>2025-07-19T11:35:46.230Z</Time><DistanceMeters>1650.0</DistanceMeters><HeartRateBpm><Value>132</Value></HeartRateBpm><SensorState>Present</SensorState></Trackpoint><Trackpoint><Time>2025-07-19T11:35:47.230Z</Time><DistanceMeters>1650.0</DistanceMeters><HeartRateBpm><Value>133</Value></HeartRateBpm><SensorState>Present</SensorState></Trackpoint><Trackpoint><Time>2025-07-19T11:35:48.230Z</Time><DistanceMeters>1650.0</DistanceMeters><HeartRateBpm><Value>134</Value></HeartRateBpm><SensorState>Present</SensorState></Trackpoint><Trackpoint><Time>2025-07-19T11:35:49.230Z</Time><DistanceMeters>1650.0</DistanceMeters><HeartRateBpm><Value>135</Value></HeartRateBpm><SensorState>Present</SensorState></Trackpoint><Trackpoint><Time>2025-07-19T11:35:50.230Z</Time><DistanceMeters>1650.0</DistanceMeters><HeartRateBpm><Value>136</Value></HeartRateBpm><SensorState>Present</SensorState></Trackpoint><Trackpoint><Time>2025-07-19T11:35:51.230Z</Time><DistanceMeters>1650.0</DistanceMeters><HeartRateBpm><Value>136</Value></HeartRateBpm><SensorState>Present</SensorState></Trackpoint><Trackpoint><Time>2025-07-19T11:35:52.230Z</Time><DistanceMeters>1650.0</DistanceMeters><HeartRateBpm><Value>137</Value></HeartRateBpm><SensorState>Present</SensorState></Trackpoint><Trackpoint><Time>2025-07-19T11:35:53.230Z</Time><DistanceMeters>1650.0</DistanceMeters><HeartRateBpm><Value>137</Value></HeartRateBpm><SensorState>Present</SensorState></Trackpoint><Trackpoint><Time>2025-07-19T11:35:54.230Z</Time><DistanceMeters>1651.0964912838406</DistanceMeters><HeartRateBpm><Value>137</Value></HeartRateBpm><SensorState>Present</SensorState></Trackpoint><Trackpoint><Time>2025-07-19T11:35:55.230Z</Time><DistanceMeters>1652.1929825676812</DistanceMeters><HeartRateBpm><Value>138</Value></HeartRateBpm><SensorState>Present</SensorState></Trackpoint><Trackpoint><Time>2025-07-19T11:35:56.230Z</Time><DistanceMeters>1653.2894738515217</DistanceMeters><HeartRateBpm><Value>139</Value></HeartRateBpm><SensorState>Present</SensorState></Trackpoint><Trackpoint><Time>2025-07-19T11:35:57.230Z</Time><DistanceMeters>1654.3859651353623</DistanceMeters><HeartRateBpm><Value>140</Value></HeartRateBpm><SensorState>Present</SensorState></Trackpoint><Trackpoint><Time>2025-07-19T11:35:58.230Z</Time><DistanceMeters>1655.482456419203</DistanceMeters><HeartRateBpm><Value>140</Value></HeartRateBpm><SensorState>Present</SensorState></Trackpoint><Trackpoint><Time>2025-07-19T11:35:59.230Z</Time><DistanceMeters>1656.5789477030435</DistanceMeters><HeartRateBpm><Value>141</Value></HeartRateBpm><SensorState>Present</SensorState></Trackpoint><Trackpoint><Time>2025-07-19T11:36:00.230Z</Time><DistanceMeters>1657.675438986884</DistanceMeters><HeartRateBpm><Value>141</Value></HeartRateBpm><SensorState>Present</SensorState></Trackpoint><Trackpoint><Time>2025-07-19T11:36:01.230Z</Time><DistanceMeters>1658.7719302707246</DistanceMeters><HeartRateBpm><Value>141</Value></HeartRateBpm><SensorState>Present</SensorState></Trackpoint><Trackpoint><Time>2025-07-19T11:36:02.230Z</Time><DistanceMeters>1659.8684215545652</DistanceMeters><HeartRateBpm><Value>141</Value></HeartRateBpm><SensorState>Present</SensorState></Trackpoint><Trackpoint><Time>2025-07-19T11:36:03.230Z</Time><DistanceMeters>1660.9649128384058</DistanceMeters><HeartRateBpm><Value>142</Value></HeartRateBpm><SensorState>Present</SensorState></Trackpoint><Trackpoint><Time>2025-07-19T11:36:04.230Z</Time><DistanceMeters>1675.0</DistanceMeters><HeartRateBpm><Value>142</Value></HeartRateBpm><SensorState>Present</SensorState></Trackpoint><Trackpoint><Time>2025-07-19T11:36:05.230Z</Time><DistanceMeters>1675.0</DistanceMeters><HeartRateBpm><Value>142</Value></HeartRateBpm><SensorState>Present</SensorState></Trackpoint><Trackpoint><Time>2025-07-19T11:36:06.230Z</Time><DistanceMeters>1675.0</DistanceMeters><HeartRateBpm><Value>142</Value></HeartRateBpm><SensorState>Present</SensorState></Trackpoint><Trackpoint><Time>2025-07-19T11:36:07.230Z</Time><DistanceMeters>1675.0</DistanceMeters><HeartRateBpm><Value>142</Value></HeartRateBpm><SensorState>Present</SensorState></Trackpoint><Trackpoint><Time>2025-07-19T11:36:08.230Z</Time><DistanceMeters>1675.0</DistanceMeters><HeartRateBpm><Value>142</Value></HeartRateBpm><SensorState>Present</SensorState></Trackpoint><Trackpoint><Time>2025-07-19T11:36:09.230Z</Time><DistanceMeters>1675.0</DistanceMeters><HeartRateBpm><Value>142</Value></HeartRateBpm><SensorState>Present</SensorState></Trackpoint><Trackpoint><Time>2025-07-19T11:36:10.230Z</Time><DistanceMeters>1675.0</DistanceMeters><HeartRateBpm><Value>142</Value></HeartRateBpm><SensorState>Present</SensorState></Trackpoint><Trackpoint><Time>2025-07-19T11:36:11.230Z</Time><DistanceMeters>1675.0</DistanceMeters><HeartRateBpm><Value>142</Value></HeartRateBpm><SensorState>Present</SensorState></Trackpoint><Trackpoint><Time>2025-07-19T11:36:12.230Z</Time><DistanceMeters>1675.0</DistanceMeters><HeartRateBpm><Value>142</Value></HeartRateBpm><SensorState>Present</SensorState></Trackpoint><Trackpoint><Time>2025-07-19T11:36:13.230Z</Time><DistanceMeters>1675.0</DistanceMeters><HeartRateBpm><Value>142</Value></HeartRateBpm><SensorState>Present</SensorState></Trackpoint><Trackpoint><Time>2025-07-19T11:36:14.230Z</Time><DistanceMeters>1675.0</DistanceMeters><HeartRateBpm><Value>141</Value></HeartRateBpm><SensorState>Present</SensorState></Trackpoint><Trackpoint><Time>2025-07-19T11:36:15.230Z</Time><DistanceMeters>1675.0</DistanceMeters><HeartRateBpm><Value>142</Value></HeartRateBpm><SensorState>Present</SensorState></Trackpoint><Trackpoint><Time>2025-07-19T11:36:16.230Z</Time><DistanceMeters>1675.0</DistanceMeters><HeartRateBpm><Value>142</Value></HeartRateBpm><SensorState>Present</SensorState></Trackpoint><Trackpoint><Time>2025-07-19T11:36:17.230Z</Time><DistanceMeters>1675.0</DistanceMeters><HeartRateBpm><Value>142</Value></HeartRateBpm><SensorState>Present</SensorState></Trackpoint><Trackpoint><Time>2025-07-19T11:36:18.230Z</Time><DistanceMeters>1675.0</DistanceMeters><HeartRateBpm><Value>142</Value></HeartRateBpm><SensorState>Present</SensorState></Trackpoint><Trackpoint><Time>2025-07-19T11:36:19.230Z</Time><DistanceMeters>1675.0</DistanceMeters><HeartRateBpm><Value>141</Value></HeartRateBpm><SensorState>Present</SensorState></Trackpoint><Trackpoint><Time>2025-07-19T11:36:20.230Z</Time><DistanceMeters>1675.0</DistanceMeters><HeartRateBpm><Value>141</Value></HeartRateBpm><SensorState>Present</SensorState></Trackpoint><Trackpoint><Time>2025-07-19T11:36:21.230Z</Time><DistanceMeters>1675.0</DistanceMeters><HeartRateBpm><Value>141</Value></HeartRateBpm><SensorState>Present</SensorState></Trackpoint><Trackpoint><Time>2025-07-19T11:36:22.230Z</Time><DistanceMeters>1675.0</DistanceMeters><HeartRateBpm><Value>141</Value></HeartRateBpm><SensorState>Present</SensorState></Trackpoint><Trackpoint><Time>2025-07-19T11:36:23.230Z</Time><DistanceMeters>1675.0</DistanceMeters><HeartRateBpm><Value>141</Value></HeartRateBpm><SensorState>Present</SensorState></Trackpoint><Trackpoint><Time>2025-07-19T11:36:24.230Z</Time><DistanceMeters>1675.0</DistanceMeters><HeartRateBpm><Value>141</Value></HeartRateBpm><SensorState>Present</SensorState></Trackpoint><Trackpoint><Time>2025-07-19T11:36:25.230Z</Time><DistanceMeters>1675.0</DistanceMeters><HeartRateBpm><Value>141</Value></HeartRateBpm><SensorState>Present</SensorState></Trackpoint><Trackpoint><Time>2025-07-19T11:36:26.230Z</Time><DistanceMeters>1675.0</DistanceMeters><HeartRateBpm><Value>141</Value></HeartRateBpm><SensorState>Present</SensorState></Trackpoint><Trackpoint><Time>2025-07-19T11:36:27.230Z</Time><DistanceMeters>1675.0</DistanceMeters><HeartRateBpm><Value>140</Value></HeartRateBpm><SensorState>Present</SensorState></Trackpoint><Trackpoint><Time>2025-07-19T11:36:28.230Z</Time><DistanceMeters>1676.0964912838406</DistanceMeters><HeartRateBpm><Value>141</Value></HeartRateBpm><SensorState>Present</SensorState></Trackpoint><Trackpoint><Time>2025-07-19T11:36:29.230Z</Time><DistanceMeters>1677.1929825676812</DistanceMeters><HeartRateBpm><Value>141</Value></HeartRateBpm><SensorState>Present</SensorState></Trackpoint><Trackpoint><Time>2025-07-19T11:36:30.230Z</Time><DistanceMeters>1678.2894738515217</DistanceMeters><HeartRateBpm><Value>141</Value></HeartRateBpm><SensorState>Present</SensorState></Trackpoint><Trackpoint><Time>2025-07-19T11:36:31.230Z</Time><DistanceMeters>1679.3859651353623</DistanceMeters><HeartRateBpm><Value>141</Value></HeartRateBpm><SensorState>Present</SensorState></Trackpoint><Trackpoint><Time>2025-07-19T11:36:32.230Z</Time><DistanceMeters>1680.482456419203</DistanceMeters><HeartRateBpm><Value>141</Value></HeartRateBpm><SensorState>Present</SensorState></Trackpoint><Trackpoint><Time>2025-07-19T11:36:33.230Z</Time><DistanceMeters>1681.5789477030435</DistanceMeters><HeartRateBpm><Value>140</Value></HeartRateBpm><SensorState>Present</SensorState></Trackpoint><Trackpoint><Time>2025-07-19T11:36:34.230Z</Time><DistanceMeters>1682.675438986884</DistanceMeters><HeartRateBpm><Value>141</Value></HeartRateBpm><SensorState>Present</SensorState></Trackpoint><Trackpoint><Time>2025-07-19T11:36:35.230Z</Time><DistanceMeters>1683.7719302707246</DistanceMeters><HeartRateBpm><Value>141</Value></HeartRateBpm><SensorState>Present</SensorState></Trackpoint><Trackpoint><Time>2025-07-19T11:36:36.230Z</Time><DistanceMeters>1684.8684215545652</DistanceMeters><HeartRateBpm><Value>141</Value></HeartRateBpm><SensorState>Present</SensorState></Trackpoint><Trackpoint><Time>2025-07-19T11:36:37.230Z</Time><DistanceMeters>1685.9649128384058</DistanceMeters><HeartRateBpm><Value>141</Value></HeartRateBpm><SensorState>Present</SensorState></Trackpoint><Trackpoint><Time>2025-07-19T11:36:38.230Z</Time><DistanceMeters>1700.0</DistanceMeters><HeartRateBpm><Value>141</Value></HeartRateBpm><SensorState>Present</SensorState></Trackpoint><Trackpoint><Time>2025-07-19T11:36:39.230Z</Time><DistanceMeters>1700.0</DistanceMeters><HeartRateBpm><Value>141</Value></HeartRateBpm><SensorState>Present</SensorState></Trackpoint><Trackpoint><Time>2025-07-19T11:36:40.230Z</Time><DistanceMeters>1700.0</DistanceMeters><HeartRateBpm><Value>141</Value></HeartRateBpm><SensorState>Present</SensorState></Trackpoint><Trackpoint><Time>2025-07-19T11:36:41.230Z</Time><DistanceMeters>1700.0</DistanceMeters><HeartRateBpm><Value>142</Value></HeartRateBpm><SensorState>Present</SensorState></Trackpoint><Trackpoint><Time>2025-07-19T11:36:42.230Z</Time><DistanceMeters>1700.0</DistanceMeters><HeartRateBpm><Value>142</Value></HeartRateBpm><SensorState>Present</SensorState></Trackpoint><Trackpoint><Time>2025-07-19T11:36:43.230Z</Time><DistanceMeters>1700.0</DistanceMeters><HeartRateBpm><Value>142</Value></HeartRateBpm><SensorState>Present</SensorState></Trackpoint><Trackpoint><Time>2025-07-19T11:36:44.230Z</Time><DistanceMeters>1700.0</DistanceMeters><HeartRateBpm><Value>142</Value></HeartRateBpm><SensorState>Present</SensorState></Trackpoint><Trackpoint><Time>2025-07-19T11:36:45.230Z</Time><DistanceMeters>1700.0</DistanceMeters><HeartRateBpm><Value>143</Value></HeartRateBpm><SensorState>Present</SensorState></Trackpoint><Trackpoint><Time>2025-07-19T11:36:46.230Z</Time><DistanceMeters>1700.0</DistanceMeters><HeartRateBpm><Value>143</Value></HeartRateBpm><SensorState>Present</SensorState></Trackpoint><Trackpoint><Time>2025-07-19T11:36:47.230Z</Time><DistanceMeters>1700.0</DistanceMeters><HeartRateBpm><Value>143</Value></HeartRateBpm><SensorState>Present</SensorState></Trackpoint><Trackpoint><Time>2025-07-19T11:36:48.230Z</Time><DistanceMeters>1700.0</DistanceMeters><HeartRateBpm><Value>143</Value></HeartRateBpm><SensorState>Present</SensorState></Trackpoint><Trackpoint><Time>2025-07-19T11:36:49.230Z</Time><DistanceMeters>1700.0</DistanceMeters><HeartRateBpm><Value>143</Value></HeartRateBpm><SensorState>Present</SensorState></Trackpoint><Trackpoint><Time>2025-07-19T11:36:50.230Z</Time><DistanceMeters>1700.0</DistanceMeters><HeartRateBpm><Value>143</Value></HeartRateBpm><SensorState>Present</SensorState></Trackpoint><Trackpoint><Time>2025-07-19T11:36:51.230Z</Time><DistanceMeters>1700.0</DistanceMeters><HeartRateBpm><Value>143</Value></HeartRateBpm><SensorState>Present</SensorState></Trackpoint><Trackpoint><Time>2025-07-19T11:36:52.230Z</Time><DistanceMeters>1700.0</DistanceMeters><HeartRateBpm><Value>142</Value></HeartRateBpm><SensorState>Present</SensorState></Trackpoint><Trackpoint><Time>2025-07-19T11:36:53.230Z</Time><DistanceMeters>1700.0</DistanceMeters><HeartRateBpm><Value>142</Value></HeartRateBpm><SensorState>Present</SensorState></Trackpoint><Trackpoint><Time>2025-07-19T11:36:54.230Z</Time><DistanceMeters>1700.0</DistanceMeters><HeartRateBpm><Value>142</Value></HeartRateBpm><SensorState>Present</SensorState></Trackpoint><Trackpoint><Time>2025-07-19T11:36:55.230Z</Time><DistanceMeters>1700.0</DistanceMeters><HeartRateBpm><Value>142</Value></HeartRateBpm><SensorState>Present</SensorState></Trackpoint><Trackpoint><Time>2025-07-19T11:36:56.230Z</Time><DistanceMeters>1700.0</DistanceMeters><HeartRateBpm><Value>142</Value></HeartRateBpm><SensorState>Present</SensorState></Trackpoint><Trackpoint><Time>2025-07-19T11:36:57.230Z</Time><DistanceMeters>1700.0</DistanceMeters><HeartRateBpm><Value>142</Value></HeartRateBpm><SensorState>Present</SensorState></Trackpoint><Trackpoint><Time>2025-07-19T11:36:58.230Z</Time><DistanceMeters>1700.0</DistanceMeters><HeartRateBpm><Value>142</Value></HeartRateBpm><SensorState>Present</SensorState></Trackpoint><Trackpoint><Time>2025-07-19T11:36:59.230Z</Time><DistanceMeters>1700.0</DistanceMeters><HeartRateBpm><Value>142</Value></HeartRateBpm><SensorState>Present</SensorState></Trackpoint><Trackpoint><Time>2025-07-19T11:37:00.230Z</Time><DistanceMeters>1700.0</DistanceMeters><HeartRateBpm><Value>142</Value></HeartRateBpm><SensorState>Present</SensorState></Trackpoint><Trackpoint><Time>2025-07-19T11:37:01.230Z</Time><DistanceMeters>1700.0</DistanceMeters><HeartRateBpm><Value>142</Value></HeartRateBpm><SensorState>Present</SensorState></Trackpoint><Trackpoint><Time>2025-07-19T11:37:02.230Z</Time><DistanceMeters>1701.0964912838406</DistanceMeters><HeartRateBpm><Value>142</Value></HeartRateBpm><SensorState>Present</SensorState></Trackpoint><Trackpoint><Time>2025-07-19T11:37:03.230Z</Time><DistanceMeters>1702.1929825676812</DistanceMeters><HeartRateBpm><Value>142</Value></HeartRateBpm><SensorState>Present</SensorState></Trackpoint><Trackpoint><Time>2025-07-19T11:37:04.230Z</Time><DistanceMeters>1703.2894738515217</DistanceMeters><HeartRateBpm><Value>141</Value></HeartRateBpm><SensorState>Present</SensorState></Trackpoint><Trackpoint><Time>2025-07-19T11:37:05.230Z</Time><DistanceMeters>1704.3859651353623</DistanceMeters><HeartRateBpm><Value>141</Value></HeartRateBpm><SensorState>Present</SensorState></Trackpoint><Trackpoint><Time>2025-07-19T11:37:06.230Z</Time><DistanceMeters>1705.482456419203</DistanceMeters><HeartRateBpm><Value>141</Value></HeartRateBpm><SensorState>Present</SensorState></Trackpoint><Trackpoint><Time>2025-07-19T11:37:07.230Z</Time><DistanceMeters>1706.5789477030435</DistanceMeters><HeartRateBpm><Value>141</Value></HeartRateBpm><SensorState>Present</SensorState></Trackpoint><Trackpoint><Time>2025-07-19T11:37:08.230Z</Time><DistanceMeters>1707.675438986884</DistanceMeters><HeartRateBpm><Value>141</Value></HeartRateBpm><SensorState>Present</SensorState></Trackpoint><Trackpoint><Time>2025-07-19T11:37:09.230Z</Time><DistanceMeters>1708.7719302707246</DistanceMeters><HeartRateBpm><Value>141</Value></HeartRateBpm><SensorState>Present</SensorState></Trackpoint><Trackpoint><Time>2025-07-19T11:37:10.230Z</Time><DistanceMeters>1709.8684215545652</DistanceMeters><HeartRateBpm><Value>141</Value></HeartRateBpm><SensorState>Present</SensorState></Trackpoint><Trackpoint><Time>2025-07-19T11:37:11.230Z</Time><DistanceMeters>1710.9649128384058</DistanceMeters><HeartRateBpm><Value>141</Value></HeartRateBpm><SensorState>Present</SensorState></Trackpoint><Trackpoint><Time>2025-07-19T11:37:12.230Z</Time><DistanceMeters>1725.0</DistanceMeters><HeartRateBpm><Value>140</Value></HeartRateBpm><SensorState>Present</SensorState></Trackpoint><Trackpoint><Time>2025-07-19T11:37:13.230Z</Time><DistanceMeters>1725.0</DistanceMeters><HeartRateBpm><Value>139</Value></HeartRateBpm><SensorState>Present</SensorState></Trackpoint><Trackpoint><Time>2025-07-19T11:37:14.230Z</Time><DistanceMeters>1725.0</DistanceMeters><HeartRateBpm><Value>137</Value></HeartRateBpm><SensorState>Present</SensorState></Trackpoint><Trackpoint><Time>2025-07-19T11:37:15.230Z</Time><DistanceMeters>1725.0</DistanceMeters><HeartRateBpm><Value>136</Value></HeartRateBpm><SensorState>Present</SensorState></Trackpoint><Trackpoint><Time>2025-07-19T11:37:16.230Z</Time><DistanceMeters>1725.0</DistanceMeters><HeartRateBpm><Value>134</Value></HeartRateBpm><SensorState>Present</SensorState></Trackpoint><Trackpoint><Time>2025-07-19T11:37:17.230Z</Time><DistanceMeters>1725.0</DistanceMeters><HeartRateBpm><Value>133</Value></HeartRateBpm><SensorState>Present</SensorState></Trackpoint><Trackpoint><Time>2025-07-19T11:37:18.230Z</Time><DistanceMeters>1725.0</DistanceMeters><HeartRateBpm><Value>132</Value></HeartRateBpm><SensorState>Present</SensorState></Trackpoint><Trackpoint><Time>2025-07-19T11:37:19.230Z</Time><DistanceMeters>1725.0</DistanceMeters><HeartRateBpm><Value>131</Value></HeartRateBpm><SensorState>Present</SensorState></Trackpoint><Trackpoint><Time>2025-07-19T11:37:20.230Z</Time><DistanceMeters>1725.0</DistanceMeters><HeartRateBpm><Value>131</Value></HeartRateBpm><SensorState>Present</SensorState></Trackpoint><Trackpoint><Time>2025-07-19T11:37:21.230Z</Time><DistanceMeters>1725.0</DistanceMeters><HeartRateBpm><Value>131</Value></HeartRateBpm><SensorState>Present</SensorState></Trackpoint><Trackpoint><Time>2025-07-19T11:37:22.230Z</Time><DistanceMeters>1725.0</DistanceMeters><HeartRateBpm><Value>132</Value></HeartRateBpm><SensorState>Present</SensorState></Trackpoint><Trackpoint><Time>2025-07-19T11:37:23.230Z</Time><DistanceMeters>1725.0</DistanceMeters><HeartRateBpm><Value>133</Value></HeartRateBpm><SensorState>Present</SensorState></Trackpoint><Trackpoint><Time>2025-07-19T11:37:24.230Z</Time><DistanceMeters>1725.0</DistanceMeters><HeartRateBpm><Value>133</Value></HeartRateBpm><SensorState>Present</SensorState></Trackpoint><Trackpoint><Time>2025-07-19T11:37:25.230Z</Time><DistanceMeters>1725.0</DistanceMeters><HeartRateBpm><Value>133</Value></HeartRateBpm><SensorState>Present</SensorState></Trackpoint><Trackpoint><Time>2025-07-19T11:37:26.230Z</Time><DistanceMeters>1725.0</DistanceMeters><HeartRateBpm><Value>133</Value></HeartRateBpm><SensorState>Present</SensorState></Trackpoint><Trackpoint><Time>2025-07-19T11:37:27.230Z</Time><DistanceMeters>1725.0</DistanceMeters><HeartRateBpm><Value>133</Value></HeartRateBpm><SensorState>Present</SensorState></Trackpoint><Trackpoint><Time>2025-07-19T11:37:28.230Z</Time><DistanceMeters>1725.0</DistanceMeters><HeartRateBpm><Value>133</Value></HeartRateBpm><SensorState>Present</SensorState></Trackpoint><Trackpoint><Time>2025-07-19T11:37:29.230Z</Time><DistanceMeters>1725.0</DistanceMeters><HeartRateBpm><Value>133</Value></HeartRateBpm><SensorState>Present</SensorState></Trackpoint><Trackpoint><Time>2025-07-19T11:37:30.230Z</Time><DistanceMeters>1725.0</DistanceMeters><HeartRateBpm><Value>133</Value></HeartRateBpm><SensorState>Present</SensorState></Trackpoint><Trackpoint><Time>2025-07-19T11:37:31.230Z</Time><DistanceMeters>1725.0</DistanceMeters><HeartRateBpm><Value>132</Value></HeartRateBpm><SensorState>Present</SensorState></Trackpoint><Trackpoint><Time>2025-07-19T11:37:32.230Z</Time><DistanceMeters>1725.0</DistanceMeters><HeartRateBpm><Value>131</Value></HeartRateBpm><SensorState>Present</SensorState></Trackpoint><Trackpoint><Time>2025-07-19T11:37:33.230Z</Time><DistanceMeters>1725.0</DistanceMeters><HeartRateBpm><Value>131</Value></HeartRateBpm><SensorState>Present</SensorState></Trackpoint><Trackpoint><Time>2025-07-19T11:37:34.230Z</Time><DistanceMeters>1725.0</DistanceMeters><HeartRateBpm><Value>130</Value></HeartRateBpm><SensorState>Present</SensorState></Trackpoint><Trackpoint><Time>2025-07-19T11:37:35.230Z</Time><DistanceMeters>1725.0</DistanceMeters><HeartRateBpm><Value>129</Value></HeartRateBpm><SensorState>Present</SensorState></Trackpoint><Trackpoint><Time>2025-07-19T11:37:36.230Z</Time><DistanceMeters>1726.0964912838406</DistanceMeters><HeartRateBpm><Value>129</Value></HeartRateBpm><SensorState>Present</SensorState></Trackpoint><Trackpoint><Time>2025-07-19T11:37:37.230Z</Time><DistanceMeters>1727.1929825676812</DistanceMeters><HeartRateBpm><Value>127</Value></HeartRateBpm><SensorState>Present</SensorState></Trackpoint><Trackpoint><Time>2025-07-19T11:37:38.230Z</Time><DistanceMeters>1728.2894738515217</DistanceMeters><HeartRateBpm><Value>127</Value></HeartRateBpm><SensorState>Present</SensorState></Trackpoint><Trackpoint><Time>2025-07-19T11:37:39.230Z</Time><DistanceMeters>1729.3859651353623</DistanceMeters><HeartRateBpm><Value>126</Value></HeartRateBpm><SensorState>Present</SensorState></Trackpoint><Trackpoint><Time>2025-07-19T11:37:40.230Z</Time><DistanceMeters>1730.482456419203</DistanceMeters><HeartRateBpm><Value>126</Value></HeartRateBpm><SensorState>Present</SensorState></Trackpoint><Trackpoint><Time>2025-07-19T11:37:41.230Z</Time><DistanceMeters>1731.5789477030435</DistanceMeters><HeartRateBpm><Value>126</Value></HeartRateBpm><SensorState>Present</SensorState></Trackpoint><Trackpoint><Time>2025-07-19T11:37:42.230Z</Time><DistanceMeters>1732.675438986884</DistanceMeters><HeartRateBpm><Value>126</Value></HeartRateBpm><SensorState>Present</SensorState></Trackpoint><Trackpoint><Time>2025-07-19T11:37:43.230Z</Time><DistanceMeters>1733.7719302707246</DistanceMeters><HeartRateBpm><Value>127</Value></HeartRateBpm><SensorState>Present</SensorState></Trackpoint><Trackpoint><Time>2025-07-19T11:37:44.230Z</Time><DistanceMeters>1734.8684215545652</DistanceMeters><HeartRateBpm><Value>127</Value></HeartRateBpm><SensorState>Present</SensorState></Trackpoint><Trackpoint><Time>2025-07-19T11:37:45.230Z</Time><DistanceMeters>1735.9649128384058</DistanceMeters><HeartRateBpm><Value>128</Value></HeartRateBpm><SensorState>Present</SensorState></Trackpoint><Trackpoint><Time>2025-07-19T11:37:46.230Z</Time><DistanceMeters>1750.0</DistanceMeters><HeartRateBpm><Value>129</Value></HeartRateBpm><SensorState>Present</SensorState></Trackpoint><Trackpoint><Time>2025-07-19T11:37:47.230Z</Time><DistanceMeters>1750.0</DistanceMeters><HeartRateBpm><Value>130</Value></HeartRateBpm><SensorState>Present</SensorState></Trackpoint><Trackpoint><Time>2025-07-19T11:37:48.230Z</Time><DistanceMeters>1750.0</DistanceMeters><HeartRateBpm><Value>131</Value></HeartRateBpm><SensorState>Present</SensorState></Trackpoint><Trackpoint><Time>2025-07-19T11:37:49.230Z</Time><DistanceMeters>1750.0</DistanceMeters><HeartRateBpm><Value>132</Value></HeartRateBpm><SensorState>Present</SensorState></Trackpoint><Trackpoint><Time>2025-07-19T11:37:50.230Z</Time><DistanceMeters>1750.0</DistanceMeters><HeartRateBpm><Value>133</Value></HeartRateBpm><SensorState>Present</SensorState></Trackpoint><Trackpoint><Time>2025-07-19T11:37:51.230Z</Time><DistanceMeters>1750.0</DistanceMeters><HeartRateBpm><Value>134</Value></HeartRateBpm><SensorState>Present</SensorState></Trackpoint><Trackpoint><Time>2025-07-19T11:37:52.230Z</Time><DistanceMeters>1750.0</DistanceMeters><HeartRateBpm><Value>135</Value></HeartRateBpm><SensorState>Present</SensorState></Trackpoint><Trackpoint><Time>2025-07-19T11:37:53.230Z</Time><DistanceMeters>1750.0</DistanceMeters><HeartRateBpm><Value>136</Value></HeartRateBpm><SensorState>Present</SensorState></Trackpoint><Trackpoint><Time>2025-07-19T11:37:54.230Z</Time><DistanceMeters>1750.0</DistanceMeters><HeartRateBpm><Value>108</Value></HeartRateBpm><SensorState>Present</SensorState></Trackpoint></Track><Track><Trackpoint><Time>2025-07-19T11:38:48.264Z</Time><DistanceMeters>1750.0</DistanceMeters><HeartRateBpm><Value>108</Value></HeartRateBpm><SensorState>Present</SensorState></Trackpoint><Trackpoint><Time>2025-07-19T11:38:49.264Z</Time><DistanceMeters>1750.0</DistanceMeters><HeartRateBpm><Value>106</Value></HeartRateBpm><SensorState>Present</SensorState></Trackpoint><Trackpoint><Time>2025-07-19T11:38:50.264Z</Time><DistanceMeters>1750.0</DistanceMeters><HeartRateBpm><Value>105</Value></HeartRateBpm><SensorState>Present</SensorState></Trackpoint><Trackpoint><Time>2025-07-19T11:38:51.264Z</Time><DistanceMeters>1750.0</DistanceMeters><HeartRateBpm><Value>105</Value></HeartRateBpm><SensorState>Present</SensorState></Trackpoint><Trackpoint><Time>2025-07-19T11:38:52.264Z</Time><DistanceMeters>1750.0</DistanceMeters><HeartRateBpm><Value>105</Value></HeartRateBpm><SensorState>Present</SensorState></Trackpoint><Trackpoint><Time>2025-07-19T11:38:53.264Z</Time><DistanceMeters>1750.0</DistanceMeters><HeartRateBpm><Value>104</Value></HeartRateBpm><SensorState>Present</SensorState></Trackpoint><Trackpoint><Time>2025-07-19T11:38:54.264Z</Time><DistanceMeters>1750.0</DistanceMeters><HeartRateBpm><Value>105</Value></HeartRateBpm><SensorState>Present</SensorState></Trackpoint><Trackpoint><Time>2025-07-19T11:38:55.264Z</Time><DistanceMeters>1750.0</DistanceMeters><HeartRateBpm><Value>105</Value></HeartRateBpm><SensorState>Present</SensorState></Trackpoint><Trackpoint><Time>2025-07-19T11:38:56.264Z</Time><DistanceMeters>1750.0</DistanceMeters><HeartRateBpm><Value>106</Value></HeartRateBpm><SensorState>Present</SensorState></Trackpoint><Trackpoint><Time>2025-07-19T11:38:57.264Z</Time><DistanceMeters>1750.0</DistanceMeters><HeartRateBpm><Value>106</Value></HeartRateBpm><SensorState>Present</SensorState></Trackpoint><Trackpoint><Time>2025-07-19T11:38:58.264Z</Time><DistanceMeters>1750.0</DistanceMeters><HeartRateBpm><Value>107</Value></HeartRateBpm><SensorState>Present</SensorState></Trackpoint><Trackpoint><Time>2025-07-19T11:38:59.264Z</Time><DistanceMeters>1750.0</DistanceMeters><HeartRateBpm><Value>108</Value></HeartRateBpm><SensorState>Present</SensorState></Trackpoint><Trackpoint><Time>2025-07-19T11:39:00.264Z</Time><DistanceMeters>1750.0</DistanceMeters><HeartRateBpm><Value>109</Value></HeartRateBpm><SensorState>Present</SensorState></Trackpoint><Trackpoint><Time>2025-07-19T11:39:01.264Z</Time><DistanceMeters>1750.0</DistanceMeters><HeartRateBpm><Value>109</Value></HeartRateBpm><SensorState>Present</SensorState></Trackpoint><Trackpoint><Time>2025-07-19T11:39:02.264Z</Time><DistanceMeters>1750.0</DistanceMeters><HeartRateBpm><Value>110</Value></HeartRateBpm><SensorState>Present</SensorState></Trackpoint><Trackpoint><Time>2025-07-19T11:39:03.264Z</Time><DistanceMeters>1751.0964912838406</DistanceMeters><HeartRateBpm><Value>110</Value></HeartRateBpm><SensorState>Present</SensorState></Trackpoint><Trackpoint><Time>2025-07-19T11:39:04.264Z</Time><DistanceMeters>1752.1929825676812</DistanceMeters><HeartRateBpm><Value>110</Value></HeartRateBpm><SensorState>Present</SensorState></Trackpoint><Trackpoint><Time>2025-07-19T11:39:05.264Z</Time><DistanceMeters>1753.2894738515217</DistanceMeters><HeartRateBpm><Value>111</Value></HeartRateBpm><SensorState>Present</SensorState></Trackpoint><Trackpoint><Time>2025-07-19T11:39:06.264Z</Time><DistanceMeters>1754.3859651353623</DistanceMeters><HeartRateBpm><Value>111</Value></HeartRateBpm><SensorState>Present</SensorState></Trackpoint><Trackpoint><Time>2025-07-19T11:39:07.264Z</Time><DistanceMeters>1755.482456419203</DistanceMeters><HeartRateBpm><Value>113</Value></HeartRateBpm><SensorState>Present</SensorState></Trackpoint><Trackpoint><Time>2025-07-19T11:39:08.264Z</Time><DistanceMeters>1756.5789477030435</DistanceMeters><HeartRateBpm><Value>114</Value></HeartRateBpm><SensorState>Present</SensorState></Trackpoint><Trackpoint><Time>2025-07-19T11:39:09.264Z</Time><DistanceMeters>1757.675438986884</DistanceMeters><HeartRateBpm><Value>116</Value></HeartRateBpm><SensorState>Present</SensorState></Trackpoint><Trackpoint><Time>2025-07-19T11:39:10.264Z</Time><DistanceMeters>1758.7719302707246</DistanceMeters><HeartRateBpm><Value>116</Value></HeartRateBpm><SensorState>Present</SensorState></Trackpoint><Trackpoint><Time>2025-07-19T11:39:11.264Z</Time><DistanceMeters>1759.8684215545652</DistanceMeters><HeartRateBpm><Value>116</Value></HeartRateBpm><SensorState>Present</SensorState></Trackpoint><Trackpoint><Time>2025-07-19T11:39:12.264Z</Time><DistanceMeters>1760.9649128384058</DistanceMeters><HeartRateBpm><Value>116</Value></HeartRateBpm><SensorState>Present</SensorState></Trackpoint><Trackpoint><Time>2025-07-19T11:39:13.264Z</Time><DistanceMeters>1775.0</DistanceMeters><HeartRateBpm><Value>116</Value></HeartRateBpm><SensorState>Present</SensorState></Trackpoint><Trackpoint><Time>2025-07-19T11:39:14.264Z</Time><DistanceMeters>1775.0</DistanceMeters><HeartRateBpm><Value>116</Value></HeartRateBpm><SensorState>Present</SensorState></Trackpoint><Trackpoint><Time>2025-07-19T11:39:15.264Z</Time><DistanceMeters>1775.0</DistanceMeters><HeartRateBpm><Value>117</Value></HeartRateBpm><SensorState>Present</SensorState></Trackpoint><Trackpoint><Time>2025-07-19T11:39:16.264Z</Time><DistanceMeters>1775.0</DistanceMeters><HeartRateBpm><Value>117</Value></HeartRateBpm><SensorState>Present</SensorState></Trackpoint><Trackpoint><Time>2025-07-19T11:39:17.264Z</Time><DistanceMeters>1775.0</DistanceMeters><HeartRateBpm><Value>117</Value></HeartRateBpm><SensorState>Present</SensorState></Trackpoint><Trackpoint><Time>2025-07-19T11:39:18.264Z</Time><DistanceMeters>1775.0</DistanceMeters><HeartRateBpm><Value>118</Value></HeartRateBpm><SensorState>Present</SensorState></Trackpoint><Trackpoint><Time>2025-07-19T11:39:19.264Z</Time><DistanceMeters>1775.0</DistanceMeters><HeartRateBpm><Value>118</Value></HeartRateBpm><SensorState>Present</SensorState></Trackpoint><Trackpoint><Time>2025-07-19T11:39:20.264Z</Time><DistanceMeters>1775.0</DistanceMeters><HeartRateBpm><Value>119</Value></HeartRateBpm><SensorState>Present</SensorState></Trackpoint><Trackpoint><Time>2025-07-19T11:39:21.264Z</Time><DistanceMeters>1775.0</DistanceMeters><HeartRateBpm><Value>119</Value></HeartRateBpm><SensorState>Present</SensorState></Trackpoint><Trackpoint><Time>2025-07-19T11:39:22.264Z</Time><DistanceMeters>1775.0</DistanceMeters><HeartRateBpm><Value>121</Value></HeartRateBpm><SensorState>Present</SensorState></Trackpoint><Trackpoint><Time>2025-07-19T11:39:23.264Z</Time><DistanceMeters>1775.0</DistanceMeters><HeartRateBpm><Value>122</Value></HeartRateBpm><SensorState>Present</SensorState></Trackpoint><Trackpoint><Time>2025-07-19T11:39:24.264Z</Time><DistanceMeters>1775.0</DistanceMeters><HeartRateBpm><Value>122</Value></HeartRateBpm><SensorState>Present</SensorState></Trackpoint><Trackpoint><Time>2025-07-19T11:39:25.264Z</Time><DistanceMeters>1775.0</DistanceMeters><HeartRateBpm><Value>122</Value></HeartRateBpm><SensorState>Present</SensorState></Trackpoint><Trackpoint><Time>2025-07-19T11:39:26.264Z</Time><DistanceMeters>1775.0</DistanceMeters><HeartRateBpm><Value>122</Value></HeartRateBpm><SensorState>Present</SensorState></Trackpoint><Trackpoint><Time>2025-07-19T11:39:27.264Z</Time><DistanceMeters>1775.0</DistanceMeters><HeartRateBpm><Value>122</Value></HeartRateBpm><SensorState>Present</SensorState></Trackpoint><Trackpoint><Time>2025-07-19T11:39:28.264Z</Time><DistanceMeters>1775.0</DistanceMeters><HeartRateBpm><Value>122</Value></HeartRateBpm><SensorState>Present</SensorState></Trackpoint><Trackpoint><Time>2025-07-19T11:39:29.264Z</Time><DistanceMeters>1775.0</DistanceMeters><HeartRateBpm><Value>122</Value></HeartRateBpm><SensorState>Present</SensorState></Trackpoint><Trackpoint><Time>2025-07-19T11:39:30.264Z</Time><DistanceMeters>1775.0</DistanceMeters><HeartRateBpm><Value>122</Value></HeartRateBpm><SensorState>Present</SensorState></Trackpoint><Trackpoint><Time>2025-07-19T11:39:31.264Z</Time><DistanceMeters>1775.0</DistanceMeters><HeartRateBpm><Value>122</Value></HeartRateBpm><SensorState>Present</SensorState></Trackpoint><Trackpoint><Time>2025-07-19T11:39:32.264Z</Time><DistanceMeters>1775.0</DistanceMeters><HeartRateBpm><Value>121</Value></HeartRateBpm><SensorState>Present</SensorState></Trackpoint><Trackpoint><Time>2025-07-19T11:39:33.264Z</Time><DistanceMeters>1775.0</DistanceMeters><HeartRateBpm><Value>121</Value></HeartRateBpm><SensorState>Present</SensorState></Trackpoint><Trackpoint><Time>2025-07-19T11:39:34.264Z</Time><DistanceMeters>1776.0964912838406</DistanceMeters><HeartRateBpm><Value>120</Value></HeartRateBpm><SensorState>Present</SensorState></Trackpoint><Trackpoint><Time>2025-07-19T11:39:35.264Z</Time><DistanceMeters>1777.1929825676812</DistanceMeters><HeartRateBpm><Value>120</Value></HeartRateBpm><SensorState>Present</SensorState></Trackpoint><Trackpoint><Time>2025-07-19T11:39:36.264Z</Time><DistanceMeters>1778.2894738515217</DistanceMeters><HeartRateBpm><Value>120</Value></HeartRateBpm><SensorState>Present</SensorState></Trackpoint><Trackpoint><Time>2025-07-19T11:39:37.264Z</Time><DistanceMeters>1779.3859651353623</DistanceMeters><HeartRateBpm><Value>119</Value></HeartRateBpm><SensorState>Present</SensorState></Trackpoint><Trackpoint><Time>2025-07-19T11:39:38.264Z</Time><DistanceMeters>1780.482456419203</DistanceMeters><HeartRateBpm><Value>119</Value></HeartRateBpm><SensorState>Present</SensorState></Trackpoint><Trackpoint><Time>2025-07-19T11:39:39.264Z</Time><DistanceMeters>1781.5789477030435</DistanceMeters><HeartRateBpm><Value>118</Value></HeartRateBpm><SensorState>Present</SensorState></Trackpoint><Trackpoint><Time>2025-07-19T11:39:40.264Z</Time><DistanceMeters>1782.675438986884</DistanceMeters><HeartRateBpm><Value>118</Value></HeartRateBpm><SensorState>Present</SensorState></Trackpoint><Trackpoint><Time>2025-07-19T11:39:41.264Z</Time><DistanceMeters>1783.7719302707246</DistanceMeters><HeartRateBpm><Value>118</Value></HeartRateBpm><SensorState>Present</SensorState></Trackpoint><Trackpoint><Time>2025-07-19T11:39:42.264Z</Time><DistanceMeters>1784.8684215545652</DistanceMeters><HeartRateBpm><Value>117</Value></HeartRateBpm><SensorState>Present</SensorState></Trackpoint><Trackpoint><Time>2025-07-19T11:39:43.264Z</Time><DistanceMeters>1785.9649128384058</DistanceMeters><HeartRateBpm><Value>118</Value></HeartRateBpm><SensorState>Present</SensorState></Trackpoint><Trackpoint><Time>2025-07-19T11:39:44.264Z</Time><DistanceMeters>1800.0</DistanceMeters><HeartRateBpm><Value>117</Value></HeartRateBpm><SensorState>Present</SensorState></Trackpoint><Trackpoint><Time>2025-07-19T11:39:45.264Z</Time><DistanceMeters>1800.0</DistanceMeters><HeartRateBpm><Value>117</Value></HeartRateBpm><SensorState>Present</SensorState></Trackpoint><Trackpoint><Time>2025-07-19T11:39:46.264Z</Time><DistanceMeters>1800.0</DistanceMeters><HeartRateBpm><Value>117</Value></HeartRateBpm><SensorState>Present</SensorState></Trackpoint><Trackpoint><Time>2025-07-19T11:39:47.264Z</Time><DistanceMeters>1800.0</DistanceMeters><HeartRateBpm><Value>117</Value></HeartRateBpm><SensorState>Present</SensorState></Trackpoint><Trackpoint><Time>2025-07-19T11:39:48.264Z</Time><DistanceMeters>1800.0</DistanceMeters><HeartRateBpm><Value>118</Value></HeartRateBpm><SensorState>Present</SensorState></Trackpoint><Trackpoint><Time>2025-07-19T11:39:49.264Z</Time><DistanceMeters>1800.0</DistanceMeters><HeartRateBpm><Value>118</Value></HeartRateBpm><SensorState>Present</SensorState></Trackpoint><Trackpoint><Time>2025-07-19T11:39:50.264Z</Time><DistanceMeters>1800.0</DistanceMeters><HeartRateBpm><Value>118</Value></HeartRateBpm><SensorState>Present</SensorState></Trackpoint><Trackpoint><Time>2025-07-19T11:39:51.264Z</Time><DistanceMeters>1800.0</DistanceMeters><HeartRateBpm><Value>119</Value></HeartRateBpm><SensorState>Present</SensorState></Trackpoint><Trackpoint><Time>2025-07-19T11:39:52.264Z</Time><DistanceMeters>1800.0</DistanceMeters><HeartRateBpm><Value>119</Value></HeartRateBpm><SensorState>Present</SensorState></Trackpoint><Trackpoint><Time>2025-07-19T11:39:53.264Z</Time><DistanceMeters>1800.0</DistanceMeters><HeartRateBpm><Value>119</Value></HeartRateBpm><SensorState>Present</SensorState></Trackpoint><Trackpoint><Time>2025-07-19T11:39:54.264Z</Time><DistanceMeters>1800.0</DistanceMeters><HeartRateBpm><Value>119</Value></HeartRateBpm><SensorState>Present</SensorState></Trackpoint><Trackpoint><Time>2025-07-19T11:39:55.264Z</Time><DistanceMeters>1800.0</DistanceMeters><HeartRateBpm><Value>120</Value></HeartRateBpm><SensorState>Present</SensorState></Trackpoint><Trackpoint><Time>2025-07-19T11:39:56.264Z</Time><DistanceMeters>1800.0</DistanceMeters><HeartRateBpm><Value>120</Value></HeartRateBpm><SensorState>Present</SensorState></Trackpoint><Trackpoint><Time>2025-07-19T11:39:57.264Z</Time><DistanceMeters>1800.0</DistanceMeters><HeartRateBpm><Value>121</Value></HeartRateBpm><SensorState>Present</SensorState></Trackpoint><Trackpoint><Time>2025-07-19T11:39:58.264Z</Time><DistanceMeters>1800.0</DistanceMeters><HeartRateBpm><Value>121</Value></HeartRateBpm><SensorState>Present</SensorState></Trackpoint><Trackpoint><Time>2025-07-19T11:39:59.264Z</Time><DistanceMeters>1800.0</DistanceMeters><HeartRateBpm><Value>121</Value></HeartRateBpm><SensorState>Present</SensorState></Trackpoint><Trackpoint><Time>2025-07-19T11:40:00.264Z</Time><DistanceMeters>1800.0</DistanceMeters><HeartRateBpm><Value>121</Value></HeartRateBpm><SensorState>Present</SensorState></Trackpoint><Trackpoint><Time>2025-07-19T11:40:01.264Z</Time><DistanceMeters>1800.0</DistanceMeters><HeartRateBpm><Value>121</Value></HeartRateBpm><SensorState>Present</SensorState></Trackpoint><Trackpoint><Time>2025-07-19T11:40:02.264Z</Time><DistanceMeters>1800.0</DistanceMeters><HeartRateBpm><Value>121</Value></HeartRateBpm><SensorState>Present</SensorState></Trackpoint><Trackpoint><Time>2025-07-19T11:40:03.264Z</Time><DistanceMeters>1800.0</DistanceMeters><HeartRateBpm><Value>122</Value></HeartRateBpm><SensorState>Present</SensorState></Trackpoint><Trackpoint><Time>2025-07-19T11:40:04.264Z</Time><DistanceMeters>1800.0</DistanceMeters><HeartRateBpm><Value>122</Value></HeartRateBpm><SensorState>Present</SensorState></Trackpoint><Trackpoint><Time>2025-07-19T11:40:05.264Z</Time><DistanceMeters>1800.0</DistanceMeters><HeartRateBpm><Value>122</Value></HeartRateBpm><SensorState>Present</SensorState></Trackpoint><Trackpoint><Time>2025-07-19T11:40:06.264Z</Time><DistanceMeters>1801.0964912838406</DistanceMeters><HeartRateBpm><Value>122</Value></HeartRateBpm><SensorState>Present</SensorState></Trackpoint><Trackpoint><Time>2025-07-19T11:40:07.264Z</Time><DistanceMeters>1802.1929825676812</DistanceMeters><HeartRateBpm><Value>123</Value></HeartRateBpm><SensorState>Present</SensorState></Trackpoint><Trackpoint><Time>2025-07-19T11:40:08.264Z</Time><DistanceMeters>1803.2894738515217</DistanceMeters><HeartRateBpm><Value>123</Value></HeartRateBpm><SensorState>Present</SensorState></Trackpoint><Trackpoint><Time>2025-07-19T11:40:09.264Z</Time><DistanceMeters>1804.3859651353623</DistanceMeters><HeartRateBpm><Value>123</Value></HeartRateBpm><SensorState>Present</SensorState></Trackpoint><Trackpoint><Time>2025-07-19T11:40:10.264Z</Time><DistanceMeters>1805.482456419203</DistanceMeters><HeartRateBpm><Value>123</Value></HeartRateBpm><SensorState>Present</SensorState></Trackpoint><Trackpoint><Time>2025-07-19T11:40:11.264Z</Time><DistanceMeters>1806.5789477030435</DistanceMeters><HeartRateBpm><Value>124</Value></HeartRateBpm><SensorState>Present</SensorState></Trackpoint><Trackpoint><Time>2025-07-19T11:40:12.264Z</Time><DistanceMeters>1807.675438986884</DistanceMeters><HeartRateBpm><Value>124</Value></HeartRateBpm><SensorState>Present</SensorState></Trackpoint><Trackpoint><Time>2025-07-19T11:40:13.264Z</Time><DistanceMeters>1808.7719302707246</DistanceMeters><HeartRateBpm><Value>125</Value></HeartRateBpm><SensorState>Present</SensorState></Trackpoint><Trackpoint><Time>2025-07-19T11:40:14.264Z</Time><DistanceMeters>1809.8684215545652</DistanceMeters><HeartRateBpm><Value>125</Value></HeartRateBpm><SensorState>Present</SensorState></Trackpoint><Trackpoint><Time>2025-07-19T11:40:15.264Z</Time><DistanceMeters>1810.9649128384058</DistanceMeters><HeartRateBpm><Value>125</Value></HeartRateBpm><SensorState>Present</SensorState></Trackpoint><Trackpoint><Time>2025-07-19T11:40:16.264Z</Time><DistanceMeters>1825.0</DistanceMeters><HeartRateBpm><Value>125</Value></HeartRateBpm><SensorState>Present</SensorState></Trackpoint><Trackpoint><Time>2025-07-19T11:40:17.264Z</Time><DistanceMeters>1825.0</DistanceMeters><HeartRateBpm><Value>125</Value></HeartRateBpm><SensorState>Present</SensorState></Trackpoint><Trackpoint><Time>2025-07-19T11:40:18.264Z</Time><DistanceMeters>1825.0</DistanceMeters><HeartRateBpm><Value>125</Value></HeartRateBpm><SensorState>Present</SensorState></Trackpoint><Trackpoint><Time>2025-07-19T11:40:19.264Z</Time><DistanceMeters>1825.0</DistanceMeters><HeartRateBpm><Value>125</Value></HeartRateBpm><SensorState>Present</SensorState></Trackpoint><Trackpoint><Time>2025-07-19T11:40:20.264Z</Time><DistanceMeters>1825.0</DistanceMeters><HeartRateBpm><Value>124</Value></HeartRateBpm><SensorState>Present</SensorState></Trackpoint><Trackpoint><Time>2025-07-19T11:40:21.264Z</Time><DistanceMeters>1825.0</DistanceMeters><HeartRateBpm><Value>124</Value></HeartRateBpm><SensorState>Present</SensorState></Trackpoint><Trackpoint><Time>2025-07-19T11:40:22.264Z</Time><DistanceMeters>1825.0</DistanceMeters><HeartRateBpm><Value>125</Value></HeartRateBpm><SensorState>Present</SensorState></Trackpoint><Trackpoint><Time>2025-07-19T11:40:23.264Z</Time><DistanceMeters>1825.0</DistanceMeters><HeartRateBpm><Value>126</Value></HeartRateBpm><SensorState>Present</SensorState></Trackpoint><Trackpoint><Time>2025-07-19T11:40:24.264Z</Time><DistanceMeters>1825.0</DistanceMeters><HeartRateBpm><Value>126</Value></HeartRateBpm><SensorState>Present</SensorState></Trackpoint><Trackpoint><Time>2025-07-19T11:40:25.264Z</Time><DistanceMeters>1825.0</DistanceMeters><HeartRateBpm><Value>127</Value></HeartRateBpm><SensorState>Present</SensorState></Trackpoint><Trackpoint><Time>2025-07-19T11:40:26.264Z</Time><DistanceMeters>1825.0</DistanceMeters><HeartRateBpm><Value>127</Value></HeartRateBpm><SensorState>Present</SensorState></Trackpoint><Trackpoint><Time>2025-07-19T11:40:27.264Z</Time><DistanceMeters>1825.0</DistanceMeters><HeartRateBpm><Value>127</Value></HeartRateBpm><SensorState>Present</SensorState></Trackpoint><Trackpoint><Time>2025-07-19T11:40:28.264Z</Time><DistanceMeters>1825.0</DistanceMeters><HeartRateBpm><Value>126</Value></HeartRateBpm><SensorState>Present</SensorState></Trackpoint><Trackpoint><Time>2025-07-19T11:40:29.264Z</Time><DistanceMeters>1825.0</DistanceMeters><HeartRateBpm><Value>127</Value></HeartRateBpm><SensorState>Present</SensorState></Trackpoint><Trackpoint><Time>2025-07-19T11:40:30.264Z</Time><DistanceMeters>1825.0</DistanceMeters><HeartRateBpm><Value>126</Value></HeartRateBpm><SensorState>Present</SensorState></Trackpoint><Trackpoint><Time>2025-07-19T11:40:31.264Z</Time><DistanceMeters>1825.0</DistanceMeters><HeartRateBpm><Value>126</Value></HeartRateBpm><SensorState>Present</SensorState></Trackpoint><Trackpoint><Time>2025-07-19T11:40:32.264Z</Time><DistanceMeters>1825.0</DistanceMeters><HeartRateBpm><Value>126</Value></HeartRateBpm><SensorState>Present</SensorState></Trackpoint><Trackpoint><Time>2025-07-19T11:40:33.264Z</Time><DistanceMeters>1825.0</DistanceMeters><HeartRateBpm><Value>126</Value></HeartRateBpm><SensorState>Present</SensorState></Trackpoint><Trackpoint><Time>2025-07-19T11:40:34.264Z</Time><DistanceMeters>1825.0</DistanceMeters><HeartRateBpm><Value>125</Value></HeartRateBpm><SensorState>Present</SensorState></Trackpoint><Trackpoint><Time>2025-07-19T11:40:35.264Z</Time><DistanceMeters>1825.0</DistanceMeters><HeartRateBpm><Value>125</Value></HeartRateBpm><SensorState>Present</SensorState></Trackpoint><Trackpoint><Time>2025-07-19T11:40:36.264Z</Time><DistanceMeters>1825.0</DistanceMeters><HeartRateBpm><Value>125</Value></HeartRateBpm><SensorState>Present</SensorState></Trackpoint><Trackpoint><Time>2025-07-19T11:40:37.264Z</Time><DistanceMeters>1826.0964912838406</DistanceMeters><HeartRateBpm><Value>125</Value></HeartRateBpm><SensorState>Present</SensorState></Trackpoint><Trackpoint><Time>2025-07-19T11:40:38.264Z</Time><DistanceMeters>1827.1929825676812</DistanceMeters><HeartRateBpm><Value>126</Value></HeartRateBpm><SensorState>Present</SensorState></Trackpoint><Trackpoint><Time>2025-07-19T11:40:39.264Z</Time><DistanceMeters>1828.2894738515217</DistanceMeters><HeartRateBpm><Value>126</Value></HeartRateBpm><SensorState>Present</SensorState></Trackpoint><Trackpoint><Time>2025-07-19T11:40:40.264Z</Time><DistanceMeters>1829.3859651353623</DistanceMeters><HeartRateBpm><Value>126</Value></HeartRateBpm><SensorState>Present</SensorState></Trackpoint><Trackpoint><Time>2025-07-19T11:40:41.264Z</Time><DistanceMeters>1830.482456419203</DistanceMeters><HeartRateBpm><Value>126</Value></HeartRateBpm><SensorState>Present</SensorState></Trackpoint><Trackpoint><Time>2025-07-19T11:40:42.264Z</Time><DistanceMeters>1831.5789477030435</DistanceMeters><HeartRateBpm><Value>126</Value></HeartRateBpm><SensorState>Present</SensorState></Trackpoint><Trackpoint><Time>2025-07-19T11:40:43.264Z</Time><DistanceMeters>1832.675438986884</DistanceMeters><HeartRateBpm><Value>126</Value></HeartRateBpm><SensorState>Present</SensorState></Trackpoint><Trackpoint><Time>2025-07-19T11:40:44.264Z</Time><DistanceMeters>1833.7719302707246</DistanceMeters><HeartRateBpm><Value>126</Value></HeartRateBpm><SensorState>Present</SensorState></Trackpoint><Trackpoint><Time>2025-07-19T11:40:45.264Z</Time><DistanceMeters>1834.8684215545652</DistanceMeters><HeartRateBpm><Value>126</Value></HeartRateBpm><SensorState>Present</SensorState></Trackpoint><Trackpoint><Time>2025-07-19T11:40:46.264Z</Time><DistanceMeters>1835.9649128384058</DistanceMeters><HeartRateBpm><Value>126</Value></HeartRateBpm><SensorState>Present</SensorState></Trackpoint><Trackpoint><Time>2025-07-19T11:40:47.264Z</Time><DistanceMeters>1850.0</DistanceMeters><HeartRateBpm><Value>126</Value></HeartRateBpm><SensorState>Present</SensorState></Trackpoint><Trackpoint><Time>2025-07-19T11:40:48.264Z</Time><DistanceMeters>1850.0</DistanceMeters><HeartRateBpm><Value>125</Value></HeartRateBpm><SensorState>Present</SensorState></Trackpoint><Trackpoint><Time>2025-07-19T11:40:49.264Z</Time><DistanceMeters>1850.0</DistanceMeters><HeartRateBpm><Value>125</Value></HeartRateBpm><SensorState>Present</SensorState></Trackpoint><Trackpoint><Time>2025-07-19T11:40:50.264Z</Time><DistanceMeters>1850.0</DistanceMeters><HeartRateBpm><Value>124</Value></HeartRateBpm><SensorState>Present</SensorState></Trackpoint><Trackpoint><Time>2025-07-19T11:40:51.264Z</Time><DistanceMeters>1850.0</DistanceMeters><HeartRateBpm><Value>124</Value></HeartRateBpm><SensorState>Present</SensorState></Trackpoint><Trackpoint><Time>2025-07-19T11:40:52.264Z</Time><DistanceMeters>1850.0</DistanceMeters><HeartRateBpm><Value>124</Value></HeartRateBpm><SensorState>Present</SensorState></Trackpoint><Trackpoint><Time>2025-07-19T11:40:53.264Z</Time><DistanceMeters>1850.0</DistanceMeters><HeartRateBpm><Value>124</Value></HeartRateBpm><SensorState>Present</SensorState></Trackpoint><Trackpoint><Time>2025-07-19T11:40:54.264Z</Time><DistanceMeters>1850.0</DistanceMeters><HeartRateBpm><Value>124</Value></HeartRateBpm><SensorState>Present</SensorState></Trackpoint><Trackpoint><Time>2025-07-19T11:40:55.264Z</Time><DistanceMeters>1850.0</DistanceMeters><HeartRateBpm><Value>124</Value></HeartRateBpm><SensorState>Present</SensorState></Trackpoint><Trackpoint><Time>2025-07-19T11:40:56.264Z</Time><DistanceMeters>1850.0</DistanceMeters><HeartRateBpm><Value>124</Value></HeartRateBpm><SensorState>Present</SensorState></Trackpoint><Trackpoint><Time>2025-07-19T11:40:57.264Z</Time><DistanceMeters>1850.0</DistanceMeters><HeartRateBpm><Value>125</Value></HeartRateBpm><SensorState>Present</SensorState></Trackpoint><Trackpoint><Time>2025-07-19T11:40:58.264Z</Time><DistanceMeters>1850.0</DistanceMeters><HeartRateBpm><Value>125</Value></HeartRateBpm><SensorState>Present</SensorState></Trackpoint><Trackpoint><Time>2025-07-19T11:40:59.264Z</Time><DistanceMeters>1850.0</DistanceMeters><HeartRateBpm><Value>126</Value></HeartRateBpm><SensorState>Present</SensorState></Trackpoint><Trackpoint><Time>2025-07-19T11:41:00.264Z</Time><DistanceMeters>1850.0</DistanceMeters><HeartRateBpm><Value>126</Value></HeartRateBpm><SensorState>Present</SensorState></Trackpoint><Trackpoint><Time>2025-07-19T11:41:01.264Z</Time><DistanceMeters>1850.0</DistanceMeters><HeartRateBpm><Value>127</Value></HeartRateBpm><SensorState>Present</SensorState></Trackpoint><Trackpoint><Time>2025-07-19T11:41:02.264Z</Time><DistanceMeters>1850.0</DistanceMeters><HeartRateBpm><Value>127</Value></HeartRateBpm><SensorState>Present</SensorState></Trackpoint><Trackpoint><Time>2025-07-19T11:41:03.264Z</Time><DistanceMeters>1850.0</DistanceMeters><HeartRateBpm><Value>127</Value></HeartRateBpm><SensorState>Present</SensorState></Trackpoint><Trackpoint><Time>2025-07-19T11:41:04.264Z</Time><DistanceMeters>1850.0</DistanceMeters><HeartRateBpm><Value>127</Value></HeartRateBpm><SensorState>Present</SensorState></Trackpoint><Trackpoint><Time>2025-07-19T11:41:05.264Z</Time><DistanceMeters>1850.0</DistanceMeters><HeartRateBpm><Value>127</Value></HeartRateBpm><SensorState>Present</SensorState></Trackpoint><Trackpoint><Time>2025-07-19T11:41:06.264Z</Time><DistanceMeters>1850.0</DistanceMeters><HeartRateBpm><Value>126</Value></HeartRateBpm><SensorState>Present</SensorState></Trackpoint><Trackpoint><Time>2025-07-19T11:41:07.264Z</Time><DistanceMeters>1850.0</DistanceMeters><HeartRateBpm><Value>126</Value></HeartRateBpm><SensorState>Present</SensorState></Trackpoint><Trackpoint><Time>2025-07-19T11:41:08.264Z</Time><DistanceMeters>1850.0</DistanceMeters><HeartRateBpm><Value>126</Value></HeartRateBpm><SensorState>Present</SensorState></Trackpoint><Trackpoint><Time>2025-07-19T11:41:09.264Z</Time><DistanceMeters>1850.0</DistanceMeters><HeartRateBpm><Value>126</Value></HeartRateBpm><SensorState>Present</SensorState></Trackpoint><Trackpoint><Time>2025-07-19T11:41:10.264Z</Time><DistanceMeters>1850.0</DistanceMeters><HeartRateBpm><Value>126</Value></HeartRateBpm><SensorState>Present</SensorState></Trackpoint><Trackpoint><Time>2025-07-19T11:41:11.264Z</Time><DistanceMeters>1851.0964912838406</DistanceMeters><HeartRateBpm><Value>126</Value></HeartRateBpm><SensorState>Present</SensorState></Trackpoint><Trackpoint><Time>2025-07-19T11:41:12.264Z</Time><DistanceMeters>1852.1929825676812</DistanceMeters><HeartRateBpm><Value>125</Value></HeartRateBpm><SensorState>Present</SensorState></Trackpoint><Trackpoint><Time>2025-07-19T11:41:13.264Z</Time><DistanceMeters>1853.2894738515217</DistanceMeters><HeartRateBpm><Value>126</Value></HeartRateBpm><SensorState>Present</SensorState></Trackpoint><Trackpoint><Time>2025-07-19T11:41:14.264Z</Time><DistanceMeters>1854.3859651353623</DistanceMeters><HeartRateBpm><Value>126</Value></HeartRateBpm><SensorState>Present</SensorState></Trackpoint><Trackpoint><Time>2025-07-19T11:41:15.264Z</Time><DistanceMeters>1855.482456419203</DistanceMeters><HeartRateBpm><Value>127</Value></HeartRateBpm><SensorState>Present</SensorState></Trackpoint><Trackpoint><Time>2025-07-19T11:41:16.264Z</Time><DistanceMeters>1856.5789477030435</DistanceMeters><HeartRateBpm><Value>128</Value></HeartRateBpm><SensorState>Present</SensorState></Trackpoint><Trackpoint><Time>2025-07-19T11:41:17.264Z</Time><DistanceMeters>1857.675438986884</DistanceMeters><HeartRateBpm><Value>128</Value></HeartRateBpm><SensorState>Present</SensorState></Trackpoint><Trackpoint><Time>2025-07-19T11:41:18.264Z</Time><DistanceMeters>1858.7719302707246</DistanceMeters><HeartRateBpm><Value>129</Value></HeartRateBpm><SensorState>Present</SensorState></Trackpoint><Trackpoint><Time>2025-07-19T11:41:19.264Z</Time><DistanceMeters>1859.8684215545652</DistanceMeters><HeartRateBpm><Value>129</Value></HeartRateBpm><SensorState>Present</SensorState></Trackpoint><Trackpoint><Time>2025-07-19T11:41:20.264Z</Time><DistanceMeters>1860.9649128384058</DistanceMeters><HeartRateBpm><Value>130</Value></HeartRateBpm><SensorState>Present</SensorState></Trackpoint><Trackpoint><Time>2025-07-19T11:41:21.264Z</Time><DistanceMeters>1875.0</DistanceMeters><HeartRateBpm><Value>130</Value></HeartRateBpm><SensorState>Present</SensorState></Trackpoint><Trackpoint><Time>2025-07-19T11:41:22.264Z</Time><DistanceMeters>1875.0</DistanceMeters><HeartRateBpm><Value>130</Value></HeartRateBpm><SensorState>Present</SensorState></Trackpoint><Trackpoint><Time>2025-07-19T11:41:23.264Z</Time><DistanceMeters>1875.0</DistanceMeters><HeartRateBpm><Value>130</Value></HeartRateBpm><SensorState>Present</SensorState></Trackpoint><Trackpoint><Time>2025-07-19T11:41:24.264Z</Time><DistanceMeters>1875.0</DistanceMeters><HeartRateBpm><Value>129</Value></HeartRateBpm><SensorState>Present</SensorState></Trackpoint><Trackpoint><Time>2025-07-19T11:41:25.264Z</Time><DistanceMeters>1875.0</DistanceMeters><HeartRateBpm><Value>130</Value></HeartRateBpm><SensorState>Present</SensorState></Trackpoint><Trackpoint><Time>2025-07-19T11:41:26.264Z</Time><DistanceMeters>1875.0</DistanceMeters><HeartRateBpm><Value>130</Value></HeartRateBpm><SensorState>Present</SensorState></Trackpoint><Trackpoint><Time>2025-07-19T11:41:27.264Z</Time><DistanceMeters>1875.0</DistanceMeters><HeartRateBpm><Value>130</Value></HeartRateBpm><SensorState>Present</SensorState></Trackpoint><Trackpoint><Time>2025-07-19T11:41:28.264Z</Time><DistanceMeters>1875.0</DistanceMeters><HeartRateBpm><Value>130</Value></HeartRateBpm><SensorState>Present</SensorState></Trackpoint><Trackpoint><Time>2025-07-19T11:41:29.264Z</Time><DistanceMeters>1875.0</DistanceMeters><HeartRateBpm><Value>130</Value></HeartRateBpm><SensorState>Present</SensorState></Trackpoint><Trackpoint><Time>2025-07-19T11:41:30.264Z</Time><DistanceMeters>1875.0</DistanceMeters><HeartRateBpm><Value>131</Value></HeartRateBpm><SensorState>Present</SensorState></Trackpoint><Trackpoint><Time>2025-07-19T11:41:31.264Z</Time><DistanceMeters>1875.0</DistanceMeters><HeartRateBpm><Value>131</Value></HeartRateBpm><SensorState>Present</SensorState></Trackpoint><Trackpoint><Time>2025-07-19T11:41:32.264Z</Time><DistanceMeters>1875.0</DistanceMeters><HeartRateBpm><Value>131</Value></HeartRateBpm><SensorState>Present</SensorState></Trackpoint><Trackpoint><Time>2025-07-19T11:41:33.264Z</Time><DistanceMeters>1875.0</DistanceMeters><HeartRateBpm><Value>131</Value></HeartRateBpm><SensorState>Present</SensorState></Trackpoint><Trackpoint><Time>2025-07-19T11:41:34.264Z</Time><DistanceMeters>1875.0</DistanceMeters><HeartRateBpm><Value>131</Value></HeartRateBpm><SensorState>Present</SensorState></Trackpoint><Trackpoint><Time>2025-07-19T11:41:35.264Z</Time><DistanceMeters>1875.0</DistanceMeters><HeartRateBpm><Value>131</Value></HeartRateBpm><SensorState>Present</SensorState></Trackpoint><Trackpoint><Time>2025-07-19T11:41:36.264Z</Time><DistanceMeters>1875.0</DistanceMeters><HeartRateBpm><Value>130</Value></HeartRateBpm><SensorState>Present</SensorState></Trackpoint><Trackpoint><Time>2025-07-19T11:41:37.264Z</Time><DistanceMeters>1875.0</DistanceMeters><HeartRateBpm><Value>129</Value></HeartRateBpm><SensorState>Present</SensorState></Trackpoint><Trackpoint><Time>2025-07-19T11:41:38.264Z</Time><DistanceMeters>1875.0</DistanceMeters><HeartRateBpm><Value>129</Value></HeartRateBpm><SensorState>Present</SensorState></Trackpoint><Trackpoint><Time>2025-07-19T11:41:39.264Z</Time><DistanceMeters>1875.0</DistanceMeters><HeartRateBpm><Value>128</Value></HeartRateBpm><SensorState>Present</SensorState></Trackpoint><Trackpoint><Time>2025-07-19T11:41:40.264Z</Time><DistanceMeters>1875.0</DistanceMeters><HeartRateBpm><Value>128</Value></HeartRateBpm><SensorState>Present</SensorState></Trackpoint><Trackpoint><Time>2025-07-19T11:41:41.264Z</Time><DistanceMeters>1876.0964912838406</DistanceMeters><HeartRateBpm><Value>128</Value></HeartRateBpm><SensorState>Present</SensorState></Trackpoint><Trackpoint><Time>2025-07-19T11:41:42.264Z</Time><DistanceMeters>1877.1929825676812</DistanceMeters><HeartRateBpm><Value>128</Value></HeartRateBpm><SensorState>Present</SensorState></Trackpoint><Trackpoint><Time>2025-07-19T11:41:43.264Z</Time><DistanceMeters>1878.2894738515217</DistanceMeters><HeartRateBpm><Value>129</Value></HeartRateBpm><SensorState>Present</SensorState></Trackpoint><Trackpoint><Time>2025-07-19T11:41:44.264Z</Time><DistanceMeters>1879.3859651353623</DistanceMeters><HeartRateBpm><Value>130</Value></HeartRateBpm><SensorState>Present</SensorState></Trackpoint><Trackpoint><Time>2025-07-19T11:41:45.264Z</Time><DistanceMeters>1880.482456419203</DistanceMeters><HeartRateBpm><Value>131</Value></HeartRateBpm><SensorState>Present</SensorState></Trackpoint><Trackpoint><Time>2025-07-19T11:41:46.264Z</Time><DistanceMeters>1881.5789477030435</DistanceMeters><HeartRateBpm><Value>132</Value></HeartRateBpm><SensorState>Present</SensorState></Trackpoint><Trackpoint><Time>2025-07-19T11:41:47.264Z</Time><DistanceMeters>1882.675438986884</DistanceMeters><HeartRateBpm><Value>132</Value></HeartRateBpm><SensorState>Present</SensorState></Trackpoint><Trackpoint><Time>2025-07-19T11:41:48.264Z</Time><DistanceMeters>1883.7719302707246</DistanceMeters><HeartRateBpm><Value>132</Value></HeartRateBpm><SensorState>Present</SensorState></Trackpoint><Trackpoint><Time>2025-07-19T11:41:49.264Z</Time><DistanceMeters>1884.8684215545652</DistanceMeters><HeartRateBpm><Value>132</Value></HeartRateBpm><SensorState>Present</SensorState></Trackpoint><Trackpoint><Time>2025-07-19T11:41:50.264Z</Time><DistanceMeters>1885.9649128384058</DistanceMeters><HeartRateBpm><Value>133</Value></HeartRateBpm><SensorState>Present</SensorState></Trackpoint><Trackpoint><Time>2025-07-19T11:41:51.264Z</Time><DistanceMeters>1900.0</DistanceMeters><HeartRateBpm><Value>133</Value></HeartRateBpm><SensorState>Present</SensorState></Trackpoint><Trackpoint><Time>2025-07-19T11:41:52.264Z</Time><DistanceMeters>1900.0</DistanceMeters><HeartRateBpm><Value>132</Value></HeartRateBpm><SensorState>Present</SensorState></Trackpoint><Trackpoint><Time>2025-07-19T11:41:53.264Z</Time><DistanceMeters>1900.0</DistanceMeters><HeartRateBpm><Value>132</Value></HeartRateBpm><SensorState>Present</SensorState></Trackpoint><Trackpoint><Time>2025-07-19T11:41:54.264Z</Time><DistanceMeters>1900.0</DistanceMeters><HeartRateBpm><Value>132</Value></HeartRateBpm><SensorState>Present</SensorState></Trackpoint><Trackpoint><Time>2025-07-19T11:41:55.264Z</Time><DistanceMeters>1900.0</DistanceMeters><HeartRateBpm><Value>131</Value></HeartRateBpm><SensorState>Present</SensorState></Trackpoint><Trackpoint><Time>2025-07-19T11:41:56.264Z</Time><DistanceMeters>1900.0</DistanceMeters><HeartRateBpm><Value>131</Value></HeartRateBpm><SensorState>Present</SensorState></Trackpoint><Trackpoint><Time>2025-07-19T11:41:57.264Z</Time><DistanceMeters>1900.0</DistanceMeters><HeartRateBpm><Value>131</Value></HeartRateBpm><SensorState>Present</SensorState></Trackpoint><Trackpoint><Time>2025-07-19T11:41:58.264Z</Time><DistanceMeters>1900.0</DistanceMeters><HeartRateBpm><Value>131</Value></HeartRateBpm><SensorState>Present</SensorState></Trackpoint><Trackpoint><Time>2025-07-19T11:41:59.264Z</Time><DistanceMeters>1900.0</DistanceMeters><HeartRateBpm><Value>131</Value></HeartRateBpm><SensorState>Present</SensorState></Trackpoint><Trackpoint><Time>2025-07-19T11:42:00.264Z</Time><DistanceMeters>1900.0</DistanceMeters><HeartRateBpm><Value>132</Value></HeartRateBpm><SensorState>Present</SensorState></Trackpoint><Trackpoint><Time>2025-07-19T11:42:01.264Z</Time><DistanceMeters>1900.0</DistanceMeters><HeartRateBpm><Value>132</Value></HeartRateBpm><SensorState>Present</SensorState></Trackpoint><Trackpoint><Time>2025-07-19T11:42:02.264Z</Time><DistanceMeters>1900.0</DistanceMeters><HeartRateBpm><Value>132</Value></HeartRateBpm><SensorState>Present</SensorState></Trackpoint><Trackpoint><Time>2025-07-19T11:42:03.264Z</Time><DistanceMeters>1900.0</DistanceMeters><HeartRateBpm><Value>132</Value></HeartRateBpm><SensorState>Present</SensorState></Trackpoint><Trackpoint><Time>2025-07-19T11:42:04.264Z</Time><DistanceMeters>1900.0</DistanceMeters><HeartRateBpm><Value>132</Value></HeartRateBpm><SensorState>Present</SensorState></Trackpoint><Trackpoint><Time>2025-07-19T11:42:05.264Z</Time><DistanceMeters>1900.0</DistanceMeters><HeartRateBpm><Value>132</Value></HeartRateBpm><SensorState>Present</SensorState></Trackpoint><Trackpoint><Time>2025-07-19T11:42:06.264Z</Time><DistanceMeters>1900.0</DistanceMeters><HeartRateBpm><Value>131</Value></HeartRateBpm><SensorState>Present</SensorState></Trackpoint><Trackpoint><Time>2025-07-19T11:42:07.264Z</Time><DistanceMeters>1900.0</DistanceMeters><HeartRateBpm><Value>131</Value></HeartRateBpm><SensorState>Present</SensorState></Trackpoint><Trackpoint><Time>2025-07-19T11:42:08.264Z</Time><DistanceMeters>1900.0</DistanceMeters><HeartRateBpm><Value>130</Value></HeartRateBpm><SensorState>Present</SensorState></Trackpoint><Trackpoint><Time>2025-07-19T11:42:09.264Z</Time><DistanceMeters>1900.0</DistanceMeters><HeartRateBpm><Value>130</Value></HeartRateBpm><SensorState>Present</SensorState></Trackpoint><Trackpoint><Time>2025-07-19T11:42:10.264Z</Time><DistanceMeters>1900.0</DistanceMeters><HeartRateBpm><Value>130</Value></HeartRateBpm><SensorState>Present</SensorState></Trackpoint><Trackpoint><Time>2025-07-19T11:42:11.264Z</Time><DistanceMeters>1900.0</DistanceMeters><HeartRateBpm><Value>130</Value></HeartRateBpm><SensorState>Present</SensorState></Trackpoint><Trackpoint><Time>2025-07-19T11:42:12.264Z</Time><DistanceMeters>1900.0</DistanceMeters><HeartRateBpm><Value>129</Value></HeartRateBpm><SensorState>Present</SensorState></Trackpoint><Trackpoint><Time>2025-07-19T11:42:13.264Z</Time><DistanceMeters>1901.0964912838406</DistanceMeters><HeartRateBpm><Value>129</Value></HeartRateBpm><SensorState>Present</SensorState></Trackpoint><Trackpoint><Time>2025-07-19T11:42:14.264Z</Time><DistanceMeters>1902.1929825676812</DistanceMeters><HeartRateBpm><Value>129</Value></HeartRateBpm><SensorState>Present</SensorState></Trackpoint><Trackpoint><Time>2025-07-19T11:42:15.264Z</Time><DistanceMeters>1903.2894738515217</DistanceMeters><HeartRateBpm><Value>129</Value></HeartRateBpm><SensorState>Present</SensorState></Trackpoint><Trackpoint><Time>2025-07-19T11:42:16.264Z</Time><DistanceMeters>1904.3859651353623</DistanceMeters><HeartRateBpm><Value>129</Value></HeartRateBpm><SensorState>Present</SensorState></Trackpoint><Trackpoint><Time>2025-07-19T11:42:17.264Z</Time><DistanceMeters>1905.482456419203</DistanceMeters><HeartRateBpm><Value>130</Value></HeartRateBpm><SensorState>Present</SensorState></Trackpoint><Trackpoint><Time>2025-07-19T11:42:18.264Z</Time><DistanceMeters>1906.5789477030435</DistanceMeters><HeartRateBpm><Value>130</Value></HeartRateBpm><SensorState>Present</SensorState></Trackpoint><Trackpoint><Time>2025-07-19T11:42:19.264Z</Time><DistanceMeters>1907.675438986884</DistanceMeters><HeartRateBpm><Value>130</Value></HeartRateBpm><SensorState>Present</SensorState></Trackpoint><Trackpoint><Time>2025-07-19T11:42:20.264Z</Time><DistanceMeters>1908.7719302707246</DistanceMeters><HeartRateBpm><Value>130</Value></HeartRateBpm><SensorState>Present</SensorState></Trackpoint><Trackpoint><Time>2025-07-19T11:42:21.264Z</Time><DistanceMeters>1909.8684215545652</DistanceMeters><HeartRateBpm><Value>130</Value></HeartRateBpm><SensorState>Present</SensorState></Trackpoint><Trackpoint><Time>2025-07-19T11:42:22.264Z</Time><DistanceMeters>1910.9649128384058</DistanceMeters><HeartRateBpm><Value>130</Value></HeartRateBpm><SensorState>Present</SensorState></Trackpoint><Trackpoint><Time>2025-07-19T11:42:23.264Z</Time><DistanceMeters>1925.0</DistanceMeters><HeartRateBpm><Value>131</Value></HeartRateBpm><SensorState>Present</SensorState></Trackpoint><Trackpoint><Time>2025-07-19T11:42:24.264Z</Time><DistanceMeters>1925.0</DistanceMeters><HeartRateBpm><Value>131</Value></HeartRateBpm><SensorState>Present</SensorState></Trackpoint><Trackpoint><Time>2025-07-19T11:42:25.264Z</Time><DistanceMeters>1925.0</DistanceMeters><HeartRateBpm><Value>130</Value></HeartRateBpm><SensorState>Present</SensorState></Trackpoint><Trackpoint><Time>2025-07-19T11:42:26.264Z</Time><DistanceMeters>1925.0</DistanceMeters><HeartRateBpm><Value>129</Value></HeartRateBpm><SensorState>Present</SensorState></Trackpoint><Trackpoint><Time>2025-07-19T11:42:27.264Z</Time><DistanceMeters>1925.0</DistanceMeters><HeartRateBpm><Value>129</Value></HeartRateBpm><SensorState>Present</SensorState></Trackpoint><Trackpoint><Time>2025-07-19T11:42:28.264Z</Time><DistanceMeters>1925.0</DistanceMeters><HeartRateBpm><Value>129</Value></HeartRateBpm><SensorState>Present</SensorState></Trackpoint><Trackpoint><Time>2025-07-19T11:42:29.264Z</Time><DistanceMeters>1925.0</DistanceMeters><HeartRateBpm><Value>129</Value></HeartRateBpm><SensorState>Present</SensorState></Trackpoint><Trackpoint><Time>2025-07-19T11:42:30.264Z</Time><DistanceMeters>1925.0</DistanceMeters><HeartRateBpm><Value>129</Value></HeartRateBpm><SensorState>Present</SensorState></Trackpoint><Trackpoint><Time>2025-07-19T11:42:31.264Z</Time><DistanceMeters>1925.0</DistanceMeters><HeartRateBpm><Value>129</Value></HeartRateBpm><SensorState>Present</SensorState></Trackpoint><Trackpoint><Time>2025-07-19T11:42:32.264Z</Time><DistanceMeters>1925.0</DistanceMeters><HeartRateBpm><Value>128</Value></HeartRateBpm><SensorState>Present</SensorState></Trackpoint><Trackpoint><Time>2025-07-19T11:42:33.264Z</Time><DistanceMeters>1925.0</DistanceMeters><HeartRateBpm><Value>129</Value></HeartRateBpm><SensorState>Present</SensorState></Trackpoint><Trackpoint><Time>2025-07-19T11:42:34.264Z</Time><DistanceMeters>1925.0</DistanceMeters><HeartRateBpm><Value>129</Value></HeartRateBpm><SensorState>Present</SensorState></Trackpoint><Trackpoint><Time>2025-07-19T11:42:35.264Z</Time><DistanceMeters>1925.0</DistanceMeters><HeartRateBpm><Value>130</Value></HeartRateBpm><SensorState>Present</SensorState></Trackpoint><Trackpoint><Time>2025-07-19T11:42:36.264Z</Time><DistanceMeters>1925.0</DistanceMeters><HeartRateBpm><Value>132</Value></HeartRateBpm><SensorState>Present</SensorState></Trackpoint><Trackpoint><Time>2025-07-19T11:42:37.264Z</Time><DistanceMeters>1925.0</DistanceMeters><HeartRateBpm><Value>134</Value></HeartRateBpm><SensorState>Present</SensorState></Trackpoint><Trackpoint><Time>2025-07-19T11:42:38.264Z</Time><DistanceMeters>1925.0</DistanceMeters><HeartRateBpm><Value>135</Value></HeartRateBpm><SensorState>Present</SensorState></Trackpoint><Trackpoint><Time>2025-07-19T11:42:39.264Z</Time><DistanceMeters>1925.0</DistanceMeters><HeartRateBpm><Value>135</Value></HeartRateBpm><SensorState>Present</SensorState></Trackpoint><Trackpoint><Time>2025-07-19T11:42:40.264Z</Time><DistanceMeters>1925.0</DistanceMeters><HeartRateBpm><Value>134</Value></HeartRateBpm><SensorState>Present</SensorState></Trackpoint><Trackpoint><Time>2025-07-19T11:42:41.264Z</Time><DistanceMeters>1925.0</DistanceMeters><HeartRateBpm><Value>134</Value></HeartRateBpm><SensorState>Present</SensorState></Trackpoint><Trackpoint><Time>2025-07-19T11:42:42.264Z</Time><DistanceMeters>1925.0</DistanceMeters><HeartRateBpm><Value>132</Value></HeartRateBpm><SensorState>Present</SensorState></Trackpoint><Trackpoint><Time>2025-07-19T11:42:43.264Z</Time><DistanceMeters>1925.0</DistanceMeters><HeartRateBpm><Value>131</Value></HeartRateBpm><SensorState>Present</SensorState></Trackpoint><Trackpoint><Time>2025-07-19T11:42:44.264Z</Time><DistanceMeters>1925.0</DistanceMeters><HeartRateBpm><Value>130</Value></HeartRateBpm><SensorState>Present</SensorState></Trackpoint><Trackpoint><Time>2025-07-19T11:42:45.264Z</Time><DistanceMeters>1926.0964912838406</DistanceMeters><HeartRateBpm><Value>130</Value></HeartRateBpm><SensorState>Present</SensorState></Trackpoint><Trackpoint><Time>2025-07-19T11:42:46.264Z</Time><DistanceMeters>1927.1929825676812</DistanceMeters><HeartRateBpm><Value>130</Value></HeartRateBpm><SensorState>Present</SensorState></Trackpoint><Trackpoint><Time>2025-07-19T11:42:47.264Z</Time><DistanceMeters>1928.2894738515217</DistanceMeters><HeartRateBpm><Value>129</Value></HeartRateBpm><SensorState>Present</SensorState></Trackpoint><Trackpoint><Time>2025-07-19T11:42:48.264Z</Time><DistanceMeters>1929.3859651353623</DistanceMeters><HeartRateBpm><Value>129</Value></HeartRateBpm><SensorState>Present</SensorState></Trackpoint><Trackpoint><Time>2025-07-19T11:42:49.264Z</Time><DistanceMeters>1930.482456419203</DistanceMeters><HeartRateBpm><Value>129</Value></HeartRateBpm><SensorState>Present</SensorState></Trackpoint><Trackpoint><Time>2025-07-19T11:42:50.264Z</Time><DistanceMeters>1931.5789477030435</DistanceMeters><HeartRateBpm><Value>129</Value></HeartRateBpm><SensorState>Present</SensorState></Trackpoint><Trackpoint><Time>2025-07-19T11:42:51.264Z</Time><DistanceMeters>1932.675438986884</DistanceMeters><HeartRateBpm><Value>129</Value></HeartRateBpm><SensorState>Present</SensorState></Trackpoint><Trackpoint><Time>2025-07-19T11:42:52.264Z</Time><DistanceMeters>1933.7719302707246</DistanceMeters><HeartRateBpm><Value>129</Value></HeartRateBpm><SensorState>Present</SensorState></Trackpoint><Trackpoint><Time>2025-07-19T11:42:53.264Z</Time><DistanceMeters>1934.8684215545652</DistanceMeters><HeartRateBpm><Value>129</Value></HeartRateBpm><SensorState>Present</SensorState></Trackpoint><Trackpoint><Time>2025-07-19T11:42:54.264Z</Time><DistanceMeters>1935.9649128384058</DistanceMeters><HeartRateBpm><Value>129</Value></HeartRateBpm><SensorState>Present</SensorState></Trackpoint><Trackpoint><Time>2025-07-19T11:42:55.264Z</Time><DistanceMeters>1950.0</DistanceMeters><HeartRateBpm><Value>129</Value></HeartRateBpm><SensorState>Present</SensorState></Trackpoint><Trackpoint><Time>2025-07-19T11:42:56.264Z</Time><DistanceMeters>1950.0</DistanceMeters><HeartRateBpm><Value>129</Value></HeartRateBpm><SensorState>Present</SensorState></Trackpoint><Trackpoint><Time>2025-07-19T11:42:57.264Z</Time><DistanceMeters>1950.0</DistanceMeters><HeartRateBpm><Value>129</Value></HeartRateBpm><SensorState>Present</SensorState></Trackpoint><Trackpoint><Time>2025-07-19T11:42:58.264Z</Time><DistanceMeters>1950.0</DistanceMeters><HeartRateBpm><Value>129</Value></HeartRateBpm><SensorState>Present</SensorState></Trackpoint><Trackpoint><Time>2025-07-19T11:42:59.264Z</Time><DistanceMeters>1950.0</DistanceMeters><HeartRateBpm><Value>129</Value></HeartRateBpm><SensorState>Present</SensorState></Trackpoint><Trackpoint><Time>2025-07-19T11:43:00.264Z</Time><DistanceMeters>1950.0</DistanceMeters><HeartRateBpm><Value>128</Value></HeartRateBpm><SensorState>Present</SensorState></Trackpoint><Trackpoint><Time>2025-07-19T11:43:01.264Z</Time><DistanceMeters>1950.0</DistanceMeters><HeartRateBpm><Value>128</Value></HeartRateBpm><SensorState>Present</SensorState></Trackpoint><Trackpoint><Time>2025-07-19T11:43:02.264Z</Time><DistanceMeters>1950.0</DistanceMeters><HeartRateBpm><Value>127</Value></HeartRateBpm><SensorState>Present</SensorState></Trackpoint><Trackpoint><Time>2025-07-19T11:43:03.264Z</Time><DistanceMeters>1950.0</DistanceMeters><HeartRateBpm><Value>127</Value></HeartRateBpm><SensorState>Present</SensorState></Trackpoint><Trackpoint><Time>2025-07-19T11:43:04.264Z</Time><DistanceMeters>1950.0</DistanceMeters><HeartRateBpm><Value>127</Value></HeartRateBpm><SensorState>Present</SensorState></Trackpoint><Trackpoint><Time>2025-07-19T11:43:05.264Z</Time><DistanceMeters>1950.0</DistanceMeters><HeartRateBpm><Value>126</Value></HeartRateBpm><SensorState>Present</SensorState></Trackpoint><Trackpoint><Time>2025-07-19T11:43:06.264Z</Time><DistanceMeters>1950.0</DistanceMeters><HeartRateBpm><Value>126</Value></HeartRateBpm><SensorState>Present</SensorState></Trackpoint><Trackpoint><Time>2025-07-19T11:43:07.264Z</Time><DistanceMeters>1950.0</DistanceMeters><HeartRateBpm><Value>125</Value></HeartRateBpm><SensorState>Present</SensorState></Trackpoint><Trackpoint><Time>2025-07-19T11:43:08.264Z</Time><DistanceMeters>1950.0</DistanceMeters><HeartRateBpm><Value>124</Value></HeartRateBpm><SensorState>Present</SensorState></Trackpoint><Trackpoint><Time>2025-07-19T11:43:09.264Z</Time><DistanceMeters>1950.0</DistanceMeters><HeartRateBpm><Value>122</Value></HeartRateBpm><SensorState>Present</SensorState></Trackpoint><Trackpoint><Time>2025-07-19T11:43:10.264Z</Time><DistanceMeters>1950.0</DistanceMeters><HeartRateBpm><Value>121</Value></HeartRateBpm><SensorState>Present</SensorState></Trackpoint><Trackpoint><Time>2025-07-19T11:43:11.264Z</Time><DistanceMeters>1950.0</DistanceMeters><HeartRateBpm><Value>121</Value></HeartRateBpm><SensorState>Present</SensorState></Trackpoint><Trackpoint><Time>2025-07-19T11:43:12.264Z</Time><DistanceMeters>1950.0</DistanceMeters><HeartRateBpm><Value>121</Value></HeartRateBpm><SensorState>Present</SensorState></Trackpoint><Trackpoint><Time>2025-07-19T11:43:13.264Z</Time><DistanceMeters>1950.0</DistanceMeters><HeartRateBpm><Value>122</Value></HeartRateBpm><SensorState>Present</SensorState></Trackpoint><Trackpoint><Time>2025-07-19T11:43:14.264Z</Time><DistanceMeters>1950.0</DistanceMeters><HeartRateBpm><Value>122</Value></HeartRateBpm><SensorState>Present</SensorState></Trackpoint><Trackpoint><Time>2025-07-19T11:43:15.264Z</Time><DistanceMeters>1950.0</DistanceMeters><HeartRateBpm><Value>123</Value></HeartRateBpm><SensorState>Present</SensorState></Trackpoint><Trackpoint><Time>2025-07-19T11:43:16.264Z</Time><DistanceMeters>1950.0</DistanceMeters><HeartRateBpm><Value>123</Value></HeartRateBpm><SensorState>Present</SensorState></Trackpoint><Trackpoint><Time>2025-07-19T11:43:17.264Z</Time><DistanceMeters>1950.0</DistanceMeters><HeartRateBpm><Value>124</Value></HeartRateBpm><SensorState>Present</SensorState></Trackpoint><Trackpoint><Time>2025-07-19T11:43:18.264Z</Time><DistanceMeters>1950.0</DistanceMeters><HeartRateBpm><Value>124</Value></HeartRateBpm><SensorState>Present</SensorState></Trackpoint><Trackpoint><Time>2025-07-19T11:43:19.264Z</Time><DistanceMeters>1950.0</DistanceMeters><HeartRateBpm><Value>124</Value></HeartRateBpm><SensorState>Present</SensorState></Trackpoint><Trackpoint><Time>2025-07-19T11:43:20.264Z</Time><DistanceMeters>1950.0</DistanceMeters><HeartRateBpm><Value>124</Value></HeartRateBpm><SensorState>Present</SensorState></Trackpoint><Trackpoint><Time>2025-07-19T11:43:21.264Z</Time><DistanceMeters>1950.0</DistanceMeters><HeartRateBpm><Value>124</Value></HeartRateBpm><SensorState>Present</SensorState></Trackpoint><Trackpoint><Time>2025-07-19T11:43:22.264Z</Time><DistanceMeters>1950.0</DistanceMeters><HeartRateBpm><Value>124</Value></HeartRateBpm><SensorState>Present</SensorState></Trackpoint><Trackpoint><Time>2025-07-19T11:43:23.264Z</Time><DistanceMeters>1951.0964912838406</DistanceMeters><HeartRateBpm><Value>124</Value></HeartRateBpm><SensorState>Present</SensorState></Trackpoint><Trackpoint><Time>2025-07-19T11:43:24.264Z</Time><DistanceMeters>1952.1929825676812</DistanceMeters><HeartRateBpm><Value>124</Value></HeartRateBpm><SensorState>Present</SensorState></Trackpoint><Trackpoint><Time>2025-07-19T11:43:25.264Z</Time><DistanceMeters>1953.2894738515217</DistanceMeters><HeartRateBpm><Value>124</Value></HeartRateBpm><SensorState>Present</SensorState></Trackpoint><Trackpoint><Time>2025-07-19T11:43:26.264Z</Time><DistanceMeters>1954.3859651353623</DistanceMeters><HeartRateBpm><Value>124</Value></HeartRateBpm><SensorState>Present</SensorState></Trackpoint><Trackpoint><Time>2025-07-19T11:43:27.264Z</Time><DistanceMeters>1955.482456419203</DistanceMeters><HeartRateBpm><Value>124</Value></HeartRateBpm><SensorState>Present</SensorState></Trackpoint><Trackpoint><Time>2025-07-19T11:43:28.264Z</Time><DistanceMeters>1956.5789477030435</DistanceMeters><HeartRateBpm><Value>123</Value></HeartRateBpm><SensorState>Present</SensorState></Trackpoint><Trackpoint><Time>2025-07-19T11:43:29.264Z</Time><DistanceMeters>1957.675438986884</DistanceMeters><HeartRateBpm><Value>124</Value></HeartRateBpm><SensorState>Present</SensorState></Trackpoint><Trackpoint><Time>2025-07-19T11:43:30.264Z</Time><DistanceMeters>1958.7719302707246</DistanceMeters><HeartRateBpm><Value>124</Value></HeartRateBpm><SensorState>Present</SensorState></Trackpoint><Trackpoint><Time>2025-07-19T11:43:31.264Z</Time><DistanceMeters>1959.8684215545652</DistanceMeters><HeartRateBpm><Value>124</Value></HeartRateBpm><SensorState>Present</SensorState></Trackpoint><Trackpoint><Time>2025-07-19T11:43:32.264Z</Time><DistanceMeters>1960.9649128384058</DistanceMeters><HeartRateBpm><Value>124</Value></HeartRateBpm><SensorState>Present</SensorState></Trackpoint><Trackpoint><Time>2025-07-19T11:43:33.264Z</Time><DistanceMeters>1975.0</DistanceMeters><HeartRateBpm><Value>125</Value></HeartRateBpm><SensorState>Present</SensorState></Trackpoint><Trackpoint><Time>2025-07-19T11:43:34.264Z</Time><DistanceMeters>1975.0</DistanceMeters><HeartRateBpm><Value>125</Value></HeartRateBpm><SensorState>Present</SensorState></Trackpoint><Trackpoint><Time>2025-07-19T11:43:35.264Z</Time><DistanceMeters>1975.0</DistanceMeters><HeartRateBpm><Value>126</Value></HeartRateBpm><SensorState>Present</SensorState></Trackpoint><Trackpoint><Time>2025-07-19T11:43:36.264Z</Time><DistanceMeters>1975.0</DistanceMeters><HeartRateBpm><Value>126</Value></HeartRateBpm><SensorState>Present</SensorState></Trackpoint><Trackpoint><Time>2025-07-19T11:43:37.264Z</Time><DistanceMeters>1975.0</DistanceMeters><HeartRateBpm><Value>127</Value></HeartRateBpm><SensorState>Present</SensorState></Trackpoint><Trackpoint><Time>2025-07-19T11:43:38.264Z</Time><DistanceMeters>1975.0</DistanceMeters><HeartRateBpm><Value>127</Value></HeartRateBpm><SensorState>Present</SensorState></Trackpoint><Trackpoint><Time>2025-07-19T11:43:39.264Z</Time><DistanceMeters>1975.0</DistanceMeters><HeartRateBpm><Value>127</Value></HeartRateBpm><SensorState>Present</SensorState></Trackpoint><Trackpoint><Time>2025-07-19T11:43:40.264Z</Time><DistanceMeters>1975.0</DistanceMeters><HeartRateBpm><Value>128</Value></HeartRateBpm><SensorState>Present</SensorState></Trackpoint><Trackpoint><Time>2025-07-19T11:43:41.264Z</Time><DistanceMeters>1975.0</DistanceMeters><HeartRateBpm><Value>128</Value></HeartRateBpm><SensorState>Present</SensorState></Trackpoint><Trackpoint><Time>2025-07-19T11:43:42.264Z</Time><DistanceMeters>1975.0</DistanceMeters><HeartRateBpm><Value>128</Value></HeartRateBpm><SensorState>Present</SensorState></Trackpoint><Trackpoint><Time>2025-07-19T11:43:43.264Z</Time><DistanceMeters>1975.0</DistanceMeters><HeartRateBpm><Value>128</Value></HeartRateBpm><SensorState>Present</SensorState></Trackpoint><Trackpoint><Time>2025-07-19T11:43:44.264Z</Time><DistanceMeters>1975.0</DistanceMeters><HeartRateBpm><Value>128</Value></HeartRateBpm><SensorState>Present</SensorState></Trackpoint><Trackpoint><Time>2025-07-19T11:43:45.264Z</Time><DistanceMeters>1975.0</DistanceMeters><HeartRateBpm><Value>128</Value></HeartRateBpm><SensorState>Present</SensorState></Trackpoint><Trackpoint><Time>2025-07-19T11:43:46.264Z</Time><DistanceMeters>1975.0</DistanceMeters><HeartRateBpm><Value>128</Value></HeartRateBpm><SensorState>Present</SensorState></Trackpoint><Trackpoint><Time>2025-07-19T11:43:47.264Z</Time><DistanceMeters>1975.0</DistanceMeters><HeartRateBpm><Value>128</Value></HeartRateBpm><SensorState>Present</SensorState></Trackpoint><Trackpoint><Time>2025-07-19T11:43:48.264Z</Time><DistanceMeters>1975.0</DistanceMeters><HeartRateBpm><Value>128</Value></HeartRateBpm><SensorState>Present</SensorState></Trackpoint><Trackpoint><Time>2025-07-19T11:43:49.264Z</Time><DistanceMeters>1975.0</DistanceMeters><HeartRateBpm><Value>128</Value></HeartRateBpm><SensorState>Present</SensorState></Trackpoint><Trackpoint><Time>2025-07-19T11:43:50.264Z</Time><DistanceMeters>1975.0</DistanceMeters><HeartRateBpm><Value>128</Value></HeartRateBpm><SensorState>Present</SensorState></Trackpoint><Trackpoint><Time>2025-07-19T11:43:51.264Z</Time><DistanceMeters>1975.0</DistanceMeters><HeartRateBpm><Value>128</Value></HeartRateBpm><SensorState>Present</SensorState></Trackpoint><Trackpoint><Time>2025-07-19T11:43:52.264Z</Time><DistanceMeters>1975.0</DistanceMeters><HeartRateBpm><Value>129</Value></HeartRateBpm><SensorState>Present</SensorState></Trackpoint><Trackpoint><Time>2025-07-19T11:43:53.264Z</Time><DistanceMeters>1975.0</DistanceMeters><HeartRateBpm><Value>130</Value></HeartRateBpm><SensorState>Present</SensorState></Trackpoint><Trackpoint><Time>2025-07-19T11:43:54.264Z</Time><DistanceMeters>1976.0964912838406</DistanceMeters><HeartRateBpm><Value>131</Value></HeartRateBpm><SensorState>Present</SensorState></Trackpoint><Trackpoint><Time>2025-07-19T11:43:55.264Z</Time><DistanceMeters>1977.1929825676812</DistanceMeters><HeartRateBpm><Value>133</Value></HeartRateBpm><SensorState>Present</SensorState></Trackpoint><Trackpoint><Time>2025-07-19T11:43:56.264Z</Time><DistanceMeters>1978.2894738515217</DistanceMeters><HeartRateBpm><Value>134</Value></HeartRateBpm><SensorState>Present</SensorState></Trackpoint><Trackpoint><Time>2025-07-19T11:43:57.264Z</Time><DistanceMeters>1979.3859651353623</DistanceMeters><HeartRateBpm><Value>134</Value></HeartRateBpm><SensorState>Present</SensorState></Trackpoint><Trackpoint><Time>2025-07-19T11:43:58.264Z</Time><DistanceMeters>1980.482456419203</DistanceMeters><HeartRateBpm><Value>135</Value></HeartRateBpm><SensorState>Present</SensorState></Trackpoint><Trackpoint><Time>2025-07-19T11:43:59.264Z</Time><DistanceMeters>1981.5789477030435</DistanceMeters><HeartRateBpm><Value>135</Value></HeartRateBpm><SensorState>Present</SensorState></Trackpoint><Trackpoint><Time>2025-07-19T11:44:00.264Z</Time><DistanceMeters>1982.675438986884</DistanceMeters><HeartRateBpm><Value>136</Value></HeartRateBpm><SensorState>Present</SensorState></Trackpoint><Trackpoint><Time>2025-07-19T11:44:01.264Z</Time><DistanceMeters>1983.7719302707246</DistanceMeters><HeartRateBpm><Value>137</Value></HeartRateBpm><SensorState>Present</SensorState></Trackpoint><Trackpoint><Time>2025-07-19T11:44:02.264Z</Time><DistanceMeters>1984.8684215545652</DistanceMeters><HeartRateBpm><Value>137</Value></HeartRateBpm><SensorState>Present</SensorState></Trackpoint><Trackpoint><Time>2025-07-19T11:44:03.264Z</Time><DistanceMeters>1985.9649128384058</DistanceMeters><HeartRateBpm><Value>137</Value></HeartRateBpm><SensorState>Present</SensorState></Trackpoint><Trackpoint><Time>2025-07-19T11:44:04.264Z</Time><DistanceMeters>2000.0</DistanceMeters><HeartRateBpm><Value>138</Value></HeartRateBpm><SensorState>Present</SensorState></Trackpoint><Trackpoint><Time>2025-07-19T11:44:05.264Z</Time><DistanceMeters>2000.0</DistanceMeters><HeartRateBpm><Value>138</Value></HeartRateBpm><SensorState>Present</SensorState></Trackpoint><Trackpoint><Time>2025-07-19T11:44:06.264Z</Time><DistanceMeters>2000.0</DistanceMeters><HeartRateBpm><Value>139</Value></HeartRateBpm><SensorState>Present</SensorState></Trackpoint><Trackpoint><Time>2025-07-19T11:44:07.264Z</Time><DistanceMeters>2000.0</DistanceMeters><HeartRateBpm><Value>139</Value></HeartRateBpm><SensorState>Present</SensorState></Trackpoint><Trackpoint><Time>2025-07-19T11:44:08.264Z</Time><DistanceMeters>2000.0</DistanceMeters><HeartRateBpm><Value>139</Value></HeartRateBpm><SensorState>Present</SensorState></Trackpoint><Trackpoint><Time>2025-07-19T11:44:09.264Z</Time><DistanceMeters>2000.0</DistanceMeters><HeartRateBpm><Value>139</Value></HeartRateBpm><SensorState>Present</SensorState></Trackpoint><Trackpoint><Time>2025-07-19T11:44:10.264Z</Time><DistanceMeters>2000.0</DistanceMeters><HeartRateBpm><Value>139</Value></HeartRateBpm><SensorState>Present</SensorState></Trackpoint></Track><Extensions><LX xmlns="http://www.garmin.com/xmlschemas/ActivityExtension/v2"><AvgSpeed>0.891728401184082</AvgSpeed></LX></Extensions></Lap><Training xmlns="http://www.garmin.com/xmlschemas/TrainingCenterDatabase/v2" VirtualPartner="false"><Plan Type="Workout" IntervalWorkout="false"><Extensions></Extensions></Plan></Training><Creator xmlns:xsi="http://www.w3.org/2001/XMLSchema-instance" xsi:type="Device_t"><Name>Polar Pacer</Name><UnitId>0</UnitId><ProductID>256</ProductID><Version><VersionMajor>2</VersionMajor><VersionMinor>2</VersionMinor><BuildMajor>0</BuildMajor><BuildMinor>0</BuildMinor></Version></Creator></Activity></Activities><Author xmlns:xsi="http://www.w3.org/2001/XMLSchema-instance" xsi:type="Application_t"><Name>Polar Flow Mobile Viewer Android</Name><Build><Version><VersionMajor>0</VersionMajor><VersionMinor>0</VersionMinor></Version></Build><LangID>EN</LangID><PartNumber>XXX-XXXXX-XX</PartNumber></Author></TrainingCenterDatabase>