<?xml version="1.0" encoding="UTF-8"?><TrainingCenterDatabase xmlns="http://www.garmin.com/xmlschemas/TrainingCenterDatabase/v2"><Activities><Activity Sport="Running"><Id>2024-07-23T10:35:06.000Z</Id><Lap StartTime="2024-07-23T10:35:07.000Z"><TotalTimeSeconds>334.0</TotalTimeSeconds><DistanceMeters>1000.0</DistanceMeters><MaximumSpeed>3.2862655321756997</MaximumSpeed><Calories>277</Calories><Intensity>Active</Intensity><Cadence>87</Cadence><TriggerMethod>Distance</TriggerMethod><Track><Trackpoint><Time>2024-07-23T10:35:07.000Z</Time><DistanceMeters>0.5</DistanceMeters><Cadence>0</Cadence><SensorState>Present</SensorState></Trackpoint><Trackpoint><Time>2024-07-23T10:35:08.000Z</Time><DistanceMeters>0.5</DistanceMeters><Cadence>0</Cadence><SensorState>Present</SensorState></Trackpoint><Trackpoint><Time>2024-07-23T10:35:09.000Z</Time><DistanceMeters>0.5</DistanceMeters><Cadence>0</Cadence><SensorState>Present</SensorState></Trackpoint><Trackpoint><Time>2024-07-23T10:35:10.000Z</Time><DistanceMeters>2.0999999046325684</DistanceMeters><Cadence>62</Cadence><SensorState>Present</SensorState></Trackpoint><Trackpoint><Time>2024-07-23T10:35:11.000Z</Time><DistanceMeters>2.0999999046325684</DistanceMeters><Cadence>73</Cadence><SensorState>Present</SensorState></Trackpoint><Trackpoint><Time>2024-07-23T10:35:12.000Z</Time><DistanceMeters>4.900000095367432</DistanceMeters><Cadence>82</Cadence><SensorState>Present</SensorState></Trackpoint><Trackpoint><Time>2024-07-23T10:35:13.000Z</Time><DistanceMeters>4.900000095367432</DistanceMeters><Cadence>83</Cadence><SensorState>Present</SensorState></Trackpoint><Trackpoint><Time>2024-07-23T10:35:14.000Z</Time><DistanceMeters>6.599999904632568</DistanceMeters><Cadence>85</Cadence><SensorState>Present</SensorState></Trackpoint><Trackpoint><Time>2024-07-23T10:35:15.000Z</Time><DistanceMeters>10.800000190734863</DistanceMeters><Cadence>86</Cadence><SensorState>Present</SensorState></Trackpoint><Trackpoint><Time>2024-07-23T10:35:16.000Z</Time><DistanceMeters>10.800000190734863</DistanceMeters><Cadence>85</Cadence><SensorState>Present</SensorState></Trackpoint><Trackpoint><Time>2024-07-23T10:35:17.000Z</Time><DistanceMeters>13.300000190734863</DistanceMeters><Cadence>85</Cadence><SensorState>Present</SensorState></Trackpoint><Trackpoint><Time>2024-07-23T10:35:18.000Z</Time><DistanceMeters>15.899999618530273</DistanceMeters><Cadence>85</Cadence><SensorState>Present</SensorState></Trackpoint><Trackpoint><Time>2024-07-23T10:35:19.000Z</Time><DistanceMeters>18.700000762939453</DistanceMeters><Cadence>85</Cadence><SensorState>Present</SensorState></Trackpoint><Trackpoint><Time>2024-07-23T10:35:20.000Z</Time><DistanceMeters>21.600000381469727</DistanceMeters><Cadence>85</Cadence><SensorState>Present</SensorState></Trackpoint><Trackpoint><Time>2024-07-23T10:35:21.000Z</Time><DistanceMeters>24.700000762939453</DistanceMeters><Cadence>85</Cadence><SensorState>Present</SensorState></Trackpoint><Trackpoint><Time>2024-07-23T10:35:22.000Z</Time><DistanceMeters>27.799999237060547</DistanceMeters><Cadence>86</Cadence><SensorState>Present</SensorState></Trackpoint><Trackpoint><Time>2024-07-23T10:35:23.000Z</Time><DistanceMeters>31.0</DistanceMeters><Cadence>85</Cadence><SensorState>Present</SensorState></Trackpoint><Trackpoint><Time>2024-07-23T10:35:24.000Z</Time><DistanceMeters>34.20000076293945</DistanceMeters><Cadence>86</Cadence><SensorState>Present</SensorState></Trackpoint><Trackpoint><Time>2024-07-23T10:35:25.000Z</Time><DistanceMeters>37.5</DistanceMeters><Cadence>85</Cadence><SensorState>Present</SensorState></Trackpoint><Trackpoint><Time>2024-07-23T10:35:26.000Z</Time><DistanceMeters>40.79999923706055</DistanceMeters><Cadence>85</Cadence><SensorState>Present</SensorState></Trackpoint><Trackpoint><Time>2024-07-23T10:35:27.000Z</Time><DistanceMeters>44.099998474121094</DistanceMeters><Cadence>85</Cadence><SensorState>Present</SensorState></Trackpoint><Trackpoint><Time>2024-07-23T10:35:28.000Z</Time><DistanceMeters>47.29999923706055</DistanceMeters><Cadence>85</Cadence><SensorState>Present</SensorState></Trackpoint><Trackpoint><Time>2024-07-23T10:35:29.000Z</Time><DistanceMeters>50.5</DistanceMeters><Cadence>86</Cadence><SensorState>Present</SensorState></Trackpoint><Trackpoint><Time>2024-07-23T10:35:30.000Z</Time><DistanceMeters>53.599998474121094</DistanceMeters><Cadence>86</Cadence><SensorState>Present</SensorState></Trackpoint><Trackpoint><Time>2024-07-23T10:35:31.000Z</Time><DistanceMeters>56.599998474121094</DistanceMeters><Cadence>86</Cadence><SensorState>Present</SensorState></Trackpoint><Trackpoint><Time>2024-07-23T10:35:32.000Z</Time><DistanceMeters>59.5</DistanceMeters><Cadence>86</Cadence><SensorState>Present</SensorState></Trackpoint><Trackpoint><Time>2024-07-23T10:35:33.000Z</Time><DistanceMeters>62.29999923706055</DistanceMeters><Cadence>86</Cadence><SensorState>Present</SensorState></Trackpoint><Trackpoint><Time>2024-07-23T10:35:34.000Z</Time><DistanceMeters>62.29999923706055</DistanceMeters><Cadence>86</Cadence><SensorState>Present</SensorState></Trackpoint><Trackpoint><Time>2024-07-23T10:35:35.000Z</Time><DistanceMeters>67.80000305175781</DistanceMeters><Cadence>85</Cadence><SensorState>Present</SensorState></Trackpoint><Trackpoint><Time>2024-07-23T10:35:36.000Z</Time><DistanceMeters>70.4000015258789</DistanceMeters><Cadence>86</Cadence><SensorState>Present</SensorState></Trackpoint><Trackpoint><Time>2024-07-23T10:35:37.000Z</Time><DistanceMeters>73.0999984741211</DistanceMeters><Cadence>86</Cadence><SensorState>Present</SensorState></Trackpoint><Trackpoint><Time>2024-07-23T10:35:38.000Z</Time><DistanceMeters>75.9000015258789</DistanceMeters><Cadence>86</Cadence><SensorState>Present</SensorState></Trackpoint><Trackpoint><Time>2024-07-23T10:35:39.000Z</Time><DistanceMeters>75.9000015258789</DistanceMeters><Cadence>86</Cadence><SensorState>Present</SensorState></Trackpoint><Trackpoint><Time>2024-07-23T10:35:40.000Z</Time><DistanceMeters>81.5999984741211</DistanceMeters><Cadence>85</Cadence><SensorState>Present</SensorState></Trackpoint><Trackpoint><Time>2024-07-23T10:35:41.000Z</Time><DistanceMeters>81.5999984741211</DistanceMeters><Cadence>85</Cadence><SensorState>Present</SensorState></Trackpoint><Trackpoint><Time>2024-07-23T10:35:42.000Z</Time><DistanceMeters>84.5999984741211</DistanceMeters><Cadence>85</Cadence><SensorState>Present</SensorState></Trackpoint><Trackpoint><Time>2024-07-23T10:35:43.000Z</Time><DistanceMeters>90.9000015258789</DistanceMeters><Cadence>85</Cadence><SensorState>Present</SensorState></Trackpoint><Trackpoint><Time>2024-07-23T10:35:44.000Z</Time><DistanceMeters>90.9000015258789</DistanceMeters><Cadence>85</Cadence><SensorState>Present</SensorState></Trackpoint><Trackpoint><Time>2024-07-23T10:35:45.000Z</Time><DistanceMeters>97.30000305175781</DistanceMeters><Cadence>85</Cadence><SensorState>Present</SensorState></Trackpoint><Trackpoint><Time>2024-07-23T10:35:46.000Z</Time><DistanceMeters>97.30000305175781</DistanceMeters><Cadence>86</Cadence><SensorState>Present</SensorState></Trackpoint><Trackpoint><Time>2024-07-23T10:35:47.000Z</Time><DistanceMeters>97.30000305175781</DistanceMeters><Cadence>86</Cadence><SensorState>Present</SensorState></Trackpoint><Trackpoint><Time>2024-07-23T10:35:48.000Z</Time><DistanceMeters>97.30000305175781</DistanceMeters><Cadence>88</Cadence><SensorState>Present</SensorState></Trackpoint><Trackpoint><Time>2024-07-23T10:35:49.000Z</Time><DistanceMeters>98.0</DistanceMeters><Cadence>87</Cadence><SensorState>Present</SensorState></Trackpoint><Trackpoint><Time>2024-07-23T10:35:50.000Z</Time><Position><LatitudeDegrees>43.286978</LatitudeDegrees><LongitudeDegrees>-2.88043233</LongitudeDegrees></Position><DistanceMeters>98.30000305175781</DistanceMeters><Cadence>86</Cadence><SensorState>Present</SensorState></Trackpoint><Trackpoint><Time>2024-07-23T10:35:51.000Z</Time><Position><LatitudeDegrees>43.28697433</LatitudeDegrees><LongitudeDegrees>-2.88044867</LongitudeDegrees></Position><DistanceMeters>101.5</DistanceMeters><Cadence>85</Cadence><SensorState>Present</SensorState></Trackpoint><Trackpoint><Time>2024-07-23T10:35:52.000Z</Time><Position><LatitudeDegrees>43.28696867</LatitudeDegrees><LongitudeDegrees>-2.88046983</LongitudeDegrees></Position><DistanceMeters>104.9000015258789</DistanceMeters><Cadence>85</Cadence><SensorState>Present</SensorState></Trackpoint><Trackpoint><Time>2024-07-23T10:35:53.000Z</Time><Position><LatitudeDegrees>43.28695867</LatitudeDegrees><LongitudeDegrees>-2.88050883</LongitudeDegrees></Position><DistanceMeters>107.80000305175781</DistanceMeters><Cadence>85</Cadence><SensorState>Present</SensorState></Trackpoint><Trackpoint><Time>2024-07-23T10:35:54.000Z</Time><Position><LatitudeDegrees>43.286944</LatitudeDegrees><LongitudeDegrees>-2.8805395</LongitudeDegrees></Position><DistanceMeters>110.5999984741211</DistanceMeters><Cadence>85</Cadence><SensorState>Present</SensorState></Trackpoint><Trackpoint><Time>2024-07-23T10:35:55.000Z</Time><Position><LatitudeDegrees>43.28692317</LatitudeDegrees><LongitudeDegrees>-2.8805695</LongitudeDegrees></Position><DistanceMeters>113.5999984741211</DistanceMeters><Cadence>86</Cadence><SensorState>Present</SensorState></Trackpoint><Trackpoint><Time>2024-07-23T10:35:56.000Z</Time><Position><LatitudeDegrees>43.28689833</LatitudeDegrees><LongitudeDegrees>-2.88058033</LongitudeDegrees></Position><DistanceMeters>116.5</DistanceMeters><Cadence>86</Cadence><SensorState>Present</SensorState></Trackpoint><Trackpoint><Time>2024-07-23T10:35:57.000Z</Time><Position><LatitudeDegrees>43.28687383</LatitudeDegrees><LongitudeDegrees>-2.880585</LongitudeDegrees></Position><DistanceMeters>119.69999694824219</DistanceMeters><Cadence>86</Cadence><SensorState>Present</SensorState></Trackpoint><Trackpoint><Time>2024-07-23T10:35:58.000Z</Time><Position><LatitudeDegrees>43.28684817</LatitudeDegrees><LongitudeDegrees>-2.88058783</LongitudeDegrees></Position><DistanceMeters>135.1999969482422</DistanceMeters><Cadence>86</Cadence><SensorState>Present</SensorState></Trackpoint><Trackpoint><Time>2024-07-23T10:35:59.000Z</Time><Position><LatitudeDegrees>43.28682233</LatitudeDegrees><LongitudeDegrees>-2.88059433</LongitudeDegrees></Position><DistanceMeters>138.3000030517578</DistanceMeters><Cadence>86</Cadence><SensorState>Present</SensorState></Trackpoint><Trackpoint><Time>2024-07-23T10:36:00.000Z</Time><Position><LatitudeDegrees>43.28679467</LatitudeDegrees><LongitudeDegrees>-2.88059883</LongitudeDegrees></Position><DistanceMeters>141.10000610351562</DistanceMeters><Cadence>86</Cadence><SensorState>Present</SensorState></Trackpoint><Trackpoint><Time>2024-07-23T10:36:01.000Z</Time><Position><LatitudeDegrees>43.2867695</LatitudeDegrees><LongitudeDegrees>-2.88060383</LongitudeDegrees></Position><DistanceMeters>144.1999969482422</DistanceMeters><Cadence>86</Cadence><SensorState>Present</SensorState></Trackpoint><Trackpoint><Time>2024-07-23T10:36:02.000Z</Time><Position><LatitudeDegrees>43.28674383</LatitudeDegrees><LongitudeDegrees>-2.88061067</LongitudeDegrees></Position><DistanceMeters>147.1999969482422</DistanceMeters><Cadence>86</Cadence><SensorState>Present</SensorState></Trackpoint><Trackpoint><Time>2024-07-23T10:36:03.000Z</Time><Position><LatitudeDegrees>43.28671933</LatitudeDegrees><LongitudeDegrees>-2.88062</LongitudeDegrees></Position><DistanceMeters>150.3000030517578</DistanceMeters><Cadence>86</Cadence><SensorState>Present</SensorState></Trackpoint><Trackpoint><Time>2024-07-23T10:36:04.000Z</Time><Position><LatitudeDegrees>43.2866925</LatitudeDegrees><LongitudeDegrees>-2.88062783</LongitudeDegrees></Position><DistanceMeters>153.5</DistanceMeters><Cadence>88</Cadence><SensorState>Present</SensorState></Trackpoint><Trackpoint><Time>2024-07-23T10:36:05.000Z</Time><Position><LatitudeDegrees>43.28666617</LatitudeDegrees><LongitudeDegrees>-2.8806355</LongitudeDegrees></Position><DistanceMeters>156.60000610351562</DistanceMeters><Cadence>89</Cadence><SensorState>Present</SensorState></Trackpoint><Trackpoint><Time>2024-07-23T10:36:06.000Z</Time><Position><LatitudeDegrees>43.28663917</LatitudeDegrees><LongitudeDegrees>-2.88064517</LongitudeDegrees></Position><DistanceMeters>159.8000030517578</DistanceMeters><Cadence>89</Cadence><SensorState>Present</SensorState></Trackpoint><Trackpoint><Time>2024-07-23T10:36:07.000Z</Time><Position><LatitudeDegrees>43.2866125</LatitudeDegrees><LongitudeDegrees>-2.88065833</LongitudeDegrees></Position><DistanceMeters>162.89999389648438</DistanceMeters><Cadence>89</Cadence><SensorState>Present</SensorState></Trackpoint><Trackpoint><Time>2024-07-23T10:36:08.000Z</Time><Position><LatitudeDegrees>43.28658667</LatitudeDegrees><LongitudeDegrees>-2.88067117</LongitudeDegrees></Position><DistanceMeters>166.0</DistanceMeters><Cadence>89</Cadence><SensorState>Present</SensorState></Trackpoint><Trackpoint><Time>2024-07-23T10:36:09.000Z</Time><Position><LatitudeDegrees>43.286561</LatitudeDegrees><LongitudeDegrees>-2.88068517</LongitudeDegrees></Position><DistanceMeters>169.10000610351562</DistanceMeters><Cadence>89</Cadence><SensorState>Present</SensorState></Trackpoint><Trackpoint><Time>2024-07-23T10:36:10.000Z</Time><Position><LatitudeDegrees>43.28653667</LatitudeDegrees><LongitudeDegrees>-2.88069933</LongitudeDegrees></Position><DistanceMeters>172.39999389648438</DistanceMeters><Cadence>89</Cadence><SensorState>Present</SensorState></Trackpoint><Trackpoint><Time>2024-07-23T10:36:11.000Z</Time><Position><LatitudeDegrees>43.2865105</LatitudeDegrees><LongitudeDegrees>-2.88071383</LongitudeDegrees></Position><DistanceMeters>175.60000610351562</DistanceMeters><Cadence>89</Cadence><SensorState>Present</SensorState></Trackpoint><Trackpoint><Time>2024-07-23T10:36:12.000Z</Time><Position><LatitudeDegrees>43.28648483</LatitudeDegrees><LongitudeDegrees>-2.88072567</LongitudeDegrees></Position><DistanceMeters>178.8000030517578</DistanceMeters><Cadence>89</Cadence><SensorState>Present</SensorState></Trackpoint><Trackpoint><Time>2024-07-23T10:36:13.000Z</Time><Position><LatitudeDegrees>43.28645667</LatitudeDegrees><LongitudeDegrees>-2.88073517</LongitudeDegrees></Position><DistanceMeters>181.89999389648438</DistanceMeters><Cadence>89</Cadence><SensorState>Present</SensorState></Trackpoint><Trackpoint><Time>2024-07-23T10:36:14.000Z</Time><Position><LatitudeDegrees>43.28642983</LatitudeDegrees><LongitudeDegrees>-2.880745</LongitudeDegrees></Position><DistanceMeters>185.0</DistanceMeters><Cadence>89</Cadence><SensorState>Present</SensorState></Trackpoint><Trackpoint><Time>2024-07-23T10:36:15.000Z</Time><Position><LatitudeDegrees>43.2864025</LatitudeDegrees><LongitudeDegrees>-2.88075667</LongitudeDegrees></Position><DistanceMeters>188.1999969482422</DistanceMeters><Cadence>89</Cadence><SensorState>Present</SensorState></Trackpoint><Trackpoint><Time>2024-07-23T10:36:16.000Z</Time><Position><LatitudeDegrees>43.2863765</LatitudeDegrees><LongitudeDegrees>-2.88076983</LongitudeDegrees></Position><DistanceMeters>191.5</DistanceMeters><Cadence>89</Cadence><SensorState>Present</SensorState></Trackpoint><Trackpoint><Time>2024-07-23T10:36:17.000Z</Time><Position><LatitudeDegrees>43.2863495</LatitudeDegrees><LongitudeDegrees>-2.88078217</LongitudeDegrees></Position><DistanceMeters>194.6999969482422</DistanceMeters><Cadence>89</Cadence><SensorState>Present</SensorState></Trackpoint><Trackpoint><Time>2024-07-23T10:36:18.000Z</Time><Position><LatitudeDegrees>43.28632233</LatitudeDegrees><LongitudeDegrees>-2.88079483</LongitudeDegrees></Position><DistanceMeters>198.0</DistanceMeters><Cadence>89</Cadence><SensorState>Present</SensorState></Trackpoint><Trackpoint><Time>2024-07-23T10:36:19.000Z</Time><Position><LatitudeDegrees>43.28629567</LatitudeDegrees><LongitudeDegrees>-2.88080733</LongitudeDegrees></Position><DistanceMeters>201.3000030517578</DistanceMeters><Cadence>89</Cadence><SensorState>Present</SensorState></Trackpoint><Trackpoint><Time>2024-07-23T10:36:20.000Z</Time><Position><LatitudeDegrees>43.286268</LatitudeDegrees><LongitudeDegrees>-2.8808205</LongitudeDegrees></Position><DistanceMeters>204.60000610351562</DistanceMeters><Cadence>89</Cadence><SensorState>Present</SensorState></Trackpoint><Trackpoint><Time>2024-07-23T10:36:21.000Z</Time><Position><LatitudeDegrees>43.28624017</LatitudeDegrees><LongitudeDegrees>-2.88083233</LongitudeDegrees></Position><DistanceMeters>208.0</DistanceMeters><Cadence>89</Cadence><SensorState>Present</SensorState></Trackpoint><Trackpoint><Time>2024-07-23T10:36:22.000Z</Time><Position><LatitudeDegrees>43.28621133</LatitudeDegrees><LongitudeDegrees>-2.88084533</LongitudeDegrees></Position><DistanceMeters>211.39999389648438</DistanceMeters><Cadence>89</Cadence><SensorState>Present</SensorState></Trackpoint><Trackpoint><Time>2024-07-23T10:36:23.000Z</Time><Position><LatitudeDegrees>43.286184</LatitudeDegrees><LongitudeDegrees>-2.8808585</LongitudeDegrees></Position><DistanceMeters>214.6999969482422</DistanceMeters><Cadence>88</Cadence><SensorState>Present</SensorState></Trackpoint><Trackpoint><Time>2024-07-23T10:36:24.000Z</Time><Position><LatitudeDegrees>43.286156</LatitudeDegrees><LongitudeDegrees>-2.88087417</LongitudeDegrees></Position><DistanceMeters>218.1999969482422</DistanceMeters><Cadence>87</Cadence><SensorState>Present</SensorState></Trackpoint><Trackpoint><Time>2024-07-23T10:36:25.000Z</Time><Position><LatitudeDegrees>43.28612917</LatitudeDegrees><LongitudeDegrees>-2.88088967</LongitudeDegrees></Position><DistanceMeters>221.60000610351562</DistanceMeters><Cadence>87</Cadence><SensorState>Present</SensorState></Trackpoint><Trackpoint><Time>2024-07-23T10:36:26.000Z</Time><Position><LatitudeDegrees>43.28610083</LatitudeDegrees><LongitudeDegrees>-2.880906</LongitudeDegrees></Position><DistanceMeters>225.10000610351562</DistanceMeters><Cadence>87</Cadence><SensorState>Present</SensorState></Trackpoint><Trackpoint><Time>2024-07-23T10:36:27.000Z</Time><Position><LatitudeDegrees>43.28607333</LatitudeDegrees><LongitudeDegrees>-2.88092067</LongitudeDegrees></Position><DistanceMeters>228.39999389648438</DistanceMeters><Cadence>87</Cadence><SensorState>Present</SensorState></Trackpoint><Trackpoint><Time>2024-07-23T10:36:28.000Z</Time><Position><LatitudeDegrees>43.28604433</LatitudeDegrees><LongitudeDegrees>-2.880935</LongitudeDegrees></Position><DistanceMeters>231.6999969482422</DistanceMeters><Cadence>87</Cadence><SensorState>Present</SensorState></Trackpoint><Trackpoint><Time>2024-07-23T10:36:29.000Z</Time><Position><LatitudeDegrees>43.28601717</LatitudeDegrees><LongitudeDegrees>-2.88094783</LongitudeDegrees></Position><DistanceMeters>234.6999969482422</DistanceMeters><Cadence>86</Cadence><SensorState>Present</SensorState></Trackpoint><Trackpoint><Time>2024-07-23T10:36:30.000Z</Time><Position><LatitudeDegrees>43.28599067</LatitudeDegrees><LongitudeDegrees>-2.88096133</LongitudeDegrees></Position><DistanceMeters>237.8000030517578</DistanceMeters><Cadence>85</Cadence><SensorState>Present</SensorState></Trackpoint><Trackpoint><Time>2024-07-23T10:36:31.000Z</Time><Position><LatitudeDegrees>43.28596533</LatitudeDegrees><LongitudeDegrees>-2.88097633</LongitudeDegrees></Position><DistanceMeters>240.8000030517578</DistanceMeters><Cadence>86</Cadence><SensorState>Present</SensorState></Trackpoint><Trackpoint><Time>2024-07-23T10:36:32.000Z</Time><Position><LatitudeDegrees>43.28594217</LatitudeDegrees><LongitudeDegrees>-2.8809955</LongitudeDegrees></Position><DistanceMeters>243.60000610351562</DistanceMeters><Cadence>86</Cadence><SensorState>Present</SensorState></Trackpoint><Trackpoint><Time>2024-07-23T10:36:33.000Z</Time><Position><LatitudeDegrees>43.285921</LatitudeDegrees><LongitudeDegrees>-2.88101983</LongitudeDegrees></Position><DistanceMeters>246.3000030517578</DistanceMeters><Cadence>86</Cadence><SensorState>Present</SensorState></Trackpoint><Trackpoint><Time>2024-07-23T10:36:34.000Z</Time><Position><LatitudeDegrees>43.28590583</LatitudeDegrees><LongitudeDegrees>-2.88105333</LongitudeDegrees></Position><DistanceMeters>248.6999969482422</DistanceMeters><Cadence>85</Cadence><SensorState>Present</SensorState></Trackpoint><Trackpoint><Time>2024-07-23T10:36:35.000Z</Time><Position><LatitudeDegrees>43.28589983</LatitudeDegrees><LongitudeDegrees>-2.88109283</LongitudeDegrees></Position><DistanceMeters>251.39999389648438</DistanceMeters><Cadence>85</Cadence><SensorState>Present</SensorState></Trackpoint><Trackpoint><Time>2024-07-23T10:36:36.000Z</Time><Position><LatitudeDegrees>43.285907</LatitudeDegrees><LongitudeDegrees>-2.88113317</LongitudeDegrees></Position><DistanceMeters>254.39999389648438</DistanceMeters><Cadence>85</Cadence><SensorState>Present</SensorState></Trackpoint><Trackpoint><Time>2024-07-23T10:36:37.000Z</Time><Position><LatitudeDegrees>43.28591983</LatitudeDegrees><LongitudeDegrees>-2.88117017</LongitudeDegrees></Position><DistanceMeters>257.6000061035156</DistanceMeters><Cadence>85</Cadence><SensorState>Present</SensorState></Trackpoint><Trackpoint><Time>2024-07-23T10:36:38.000Z</Time><Position><LatitudeDegrees>43.285936</LatitudeDegrees><LongitudeDegrees>-2.88120883</LongitudeDegrees></Position><DistanceMeters>260.79998779296875</DistanceMeters><Cadence>85</Cadence><SensorState>Present</SensorState></Trackpoint><Trackpoint><Time>2024-07-23T10:36:39.000Z</Time><Position><LatitudeDegrees>43.28594783</LatitudeDegrees><LongitudeDegrees>-2.88124967</LongitudeDegrees></Position><DistanceMeters>264.5</DistanceMeters><Cadence>85</Cadence><SensorState>Present</SensorState></Trackpoint><Trackpoint><Time>2024-07-23T10:36:40.000Z</Time><Position><LatitudeDegrees>43.28595817</LatitudeDegrees><LongitudeDegrees>-2.88129583</LongitudeDegrees></Position><DistanceMeters>268.79998779296875</DistanceMeters><Cadence>85</Cadence><SensorState>Present</SensorState></Trackpoint><Trackpoint><Time>2024-07-23T10:36:41.000Z</Time><Position><LatitudeDegrees>43.28596467</LatitudeDegrees><LongitudeDegrees>-2.88134117</LongitudeDegrees></Position><DistanceMeters>272.8999938964844</DistanceMeters><Cadence>85</Cadence><SensorState>Present</SensorState></Trackpoint><Trackpoint><Time>2024-07-23T10:36:42.000Z</Time><Position><LatitudeDegrees>43.28597033</LatitudeDegrees><LongitudeDegrees>-2.88138733</LongitudeDegrees></Position><DistanceMeters>276.70001220703125</DistanceMeters><Cadence>85</Cadence><SensorState>Present</SensorState></Trackpoint><Trackpoint><Time>2024-07-23T10:36:43.000Z</Time><Position><LatitudeDegrees>43.28597633</LatitudeDegrees><LongitudeDegrees>-2.8814295</LongitudeDegrees></Position><DistanceMeters>280.0</DistanceMeters><Cadence>85</Cadence><SensorState>Present</SensorState></Trackpoint><Trackpoint><Time>2024-07-23T10:36:44.000Z</Time><Position><LatitudeDegrees>43.28598367</LatitudeDegrees><LongitudeDegrees>-2.881467</LongitudeDegrees></Position><DistanceMeters>283.1000061035156</DistanceMeters><Cadence>85</Cadence><SensorState>Present</SensorState></Trackpoint><Trackpoint><Time>2024-07-23T10:36:45.000Z</Time><Position><LatitudeDegrees>43.28599283</LatitudeDegrees><LongitudeDegrees>-2.8815015</LongitudeDegrees></Position><DistanceMeters>285.8999938964844</DistanceMeters><Cadence>85</Cadence><SensorState>Present</SensorState></Trackpoint><Trackpoint><Time>2024-07-23T10:36:46.000Z</Time><Position><LatitudeDegrees>43.28600267</LatitudeDegrees><LongitudeDegrees>-2.88153233</LongitudeDegrees></Position><DistanceMeters>288.29998779296875</DistanceMeters><Cadence>85</Cadence><SensorState>Present</SensorState></Trackpoint><Trackpoint><Time>2024-07-23T10:36:47.000Z</Time><Position><LatitudeDegrees>43.28600983</LatitudeDegrees><LongitudeDegrees>-2.881563</LongitudeDegrees></Position><AltitudeMeters>30.938</AltitudeMeters><DistanceMeters>290.29998779296875</DistanceMeters><Cadence>85</Cadence><SensorState>Present</SensorState></Trackpoint><Trackpoint><Time>2024-07-23T10:36:48.000Z</Time><Position><LatitudeDegrees>43.2860165</LatitudeDegrees><LongitudeDegrees>-2.88159117</LongitudeDegrees></Position><AltitudeMeters>30.938</AltitudeMeters><DistanceMeters>292.29998779296875</DistanceMeters><Cadence>85</Cadence><SensorState>Present</SensorState></Trackpoint><Trackpoint><Time>2024-07-23T10:36:49.000Z</Time><Position><LatitudeDegrees>43.28602367</LatitudeDegrees><LongitudeDegrees>-2.88161717</LongitudeDegrees></Position><AltitudeMeters>30.938</AltitudeMeters><DistanceMeters>294.20001220703125</DistanceMeters><Cadence>85</Cadence><SensorState>Present</SensorState></Trackpoint><Trackpoint><Time>2024-07-23T10:36:50.000Z</Time><Position><LatitudeDegrees>43.2860325</LatitudeDegrees><LongitudeDegrees>-2.88164233</LongitudeDegrees></Position><AltitudeMeters>30.938</AltitudeMeters><DistanceMeters>296.3999938964844</DistanceMeters><Cadence>85</Cadence><SensorState>Present</SensorState></Trackpoint><Trackpoint><Time>2024-07-23T10:36:51.000Z</Time><Position><LatitudeDegrees>43.28604167</LatitudeDegrees><LongitudeDegrees>-2.8816705</LongitudeDegrees></Position><AltitudeMeters>31.242</AltitudeMeters><DistanceMeters>298.70001220703125</DistanceMeters><Cadence>85</Cadence><SensorState>Present</SensorState></Trackpoint><Trackpoint><Time>2024-07-23T10:36:52.000Z</Time><Position><LatitudeDegrees>43.28605017</LatitudeDegrees><LongitudeDegrees>-2.88170183</LongitudeDegrees></Position><AltitudeMeters>31.242</AltitudeMeters><DistanceMeters>300.8999938964844</DistanceMeters><Cadence>85</Cadence><SensorState>Present</SensorState></Trackpoint><Trackpoint><Time>2024-07-23T10:36:53.000Z</Time><Position><LatitudeDegrees>43.28605633</LatitudeDegrees><LongitudeDegrees>-2.881734</LongitudeDegrees></Position><AltitudeMeters>31.547</AltitudeMeters><DistanceMeters>303.20001220703125</DistanceMeters><Cadence>85</Cadence><SensorState>Present</SensorState></Trackpoint><Trackpoint><Time>2024-07-23T10:36:54.000Z</Time><Position><LatitudeDegrees>43.28606017</LatitudeDegrees><LongitudeDegrees>-2.881764</LongitudeDegrees></Position><AltitudeMeters>31.547</AltitudeMeters><DistanceMeters>305.5</DistanceMeters><Cadence>85</Cadence><SensorState>Present</SensorState></Trackpoint><Trackpoint><Time>2024-07-23T10:36:55.000Z</Time><Position><LatitudeDegrees>43.2860625</LatitudeDegrees><LongitudeDegrees>-2.88179183</LongitudeDegrees></Position><AltitudeMeters>32.004</AltitudeMeters><DistanceMeters>308.0</DistanceMeters><Cadence>85</Cadence><SensorState>Present</SensorState></Trackpoint><Trackpoint><Time>2024-07-23T10:36:56.000Z</Time><Position><LatitudeDegrees>43.28606433</LatitudeDegrees><LongitudeDegrees>-2.88181933</LongitudeDegrees></Position><AltitudeMeters>32.004</AltitudeMeters><DistanceMeters>310.70001220703125</DistanceMeters><Cadence>85</Cadence><SensorState>Present</SensorState></Trackpoint><Trackpoint><Time>2024-07-23T10:36:57.000Z</Time><Position><LatitudeDegrees>43.286066</LatitudeDegrees><LongitudeDegrees>-2.88185017</LongitudeDegrees></Position><AltitudeMeters>32.766</AltitudeMeters><DistanceMeters>313.3999938964844</DistanceMeters><Cadence>85</Cadence><SensorState>Present</SensorState></Trackpoint><Trackpoint><Time>2024-07-23T10:36:58.000Z</Time><Position><LatitudeDegrees>43.28606817</LatitudeDegrees><LongitudeDegrees>-2.88188267</LongitudeDegrees></Position><AltitudeMeters>32.766</AltitudeMeters><DistanceMeters>316.0</DistanceMeters><Cadence>85</Cadence><SensorState>Present</SensorState></Trackpoint><Trackpoint><Time>2024-07-23T10:36:59.000Z</Time><Position><LatitudeDegrees>43.2860695</LatitudeDegrees><LongitudeDegrees>-2.881917</LongitudeDegrees></Position><AltitudeMeters>33.376</AltitudeMeters><DistanceMeters>318.6000061035156</DistanceMeters><Cadence>85</Cadence><SensorState>Present</SensorState></Trackpoint><Trackpoint><Time>2024-07-23T10:37:00.000Z</Time><Position><LatitudeDegrees>43.28607167</LatitudeDegrees><LongitudeDegrees>-2.88194867</LongitudeDegrees></Position><AltitudeMeters>33.376</AltitudeMeters><DistanceMeters>321.20001220703125</DistanceMeters><Cadence>86</Cadence><SensorState>Present</SensorState></Trackpoint><Trackpoint><Time>2024-07-23T10:37:01.000Z</Time><Position><LatitudeDegrees>43.28606967</LatitudeDegrees><LongitudeDegrees>-2.881982</LongitudeDegrees></Position><AltitudeMeters>34.138</AltitudeMeters><DistanceMeters>324.0</DistanceMeters><Cadence>86</Cadence><SensorState>Present</SensorState></Trackpoint><Trackpoint><Time>2024-07-23T10:37:02.000Z</Time><Position><LatitudeDegrees>43.286068</LatitudeDegrees><LongitudeDegrees>-2.88201483</LongitudeDegrees></Position><AltitudeMeters>34.138</AltitudeMeters><DistanceMeters>326.79998779296875</DistanceMeters><Cadence>86</Cadence><SensorState>Present</SensorState></Trackpoint><Trackpoint><Time>2024-07-23T10:37:03.000Z</Time><Position><LatitudeDegrees>43.286065</LatitudeDegrees><LongitudeDegrees>-2.88204817</LongitudeDegrees></Position><AltitudeMeters>34.748</AltitudeMeters><DistanceMeters>330.0</DistanceMeters><Cadence>86</Cadence><SensorState>Present</SensorState></Trackpoint><Trackpoint><Time>2024-07-23T10:37:04.000Z</Time><Position><LatitudeDegrees>43.28606583</LatitudeDegrees><LongitudeDegrees>-2.88207983</LongitudeDegrees></Position><AltitudeMeters>34.748</AltitudeMeters><DistanceMeters>333.29998779296875</DistanceMeters><Cadence>86</Cadence><SensorState>Present</SensorState></Trackpoint><Trackpoint><Time>2024-07-23T10:37:05.000Z</Time><Position><LatitudeDegrees>43.28606883</LatitudeDegrees><LongitudeDegrees>-2.88211717</LongitudeDegrees></Position><AltitudeMeters>35.052</AltitudeMeters><DistanceMeters>337.0</DistanceMeters><Cadence>85</Cadence><SensorState>Present</SensorState></Trackpoint><Trackpoint><Time>2024-07-23T10:37:06.000Z</Time><Position><LatitudeDegrees>43.2860715</LatitudeDegrees><LongitudeDegrees>-2.88215833</LongitudeDegrees></Position><AltitudeMeters>35.052</AltitudeMeters><DistanceMeters>340.5</DistanceMeters><Cadence>85</Cadence><SensorState>Present</SensorState></Trackpoint><Trackpoint><Time>2024-07-23T10:37:07.000Z</Time><Position><LatitudeDegrees>43.28607367</LatitudeDegrees><LongitudeDegrees>-2.88220733</LongitudeDegrees></Position><AltitudeMeters>35.205</AltitudeMeters><DistanceMeters>344.20001220703125</DistanceMeters><Cadence>85</Cadence><SensorState>Present</SensorState></Trackpoint><Trackpoint><Time>2024-07-23T10:37:08.000Z</Time><Position><LatitudeDegrees>43.28607533</LatitudeDegrees><LongitudeDegrees>-2.88225217</LongitudeDegrees></Position><AltitudeMeters>35.205</AltitudeMeters><DistanceMeters>347.6000061035156</DistanceMeters><Cadence>85</Cadence><SensorState>Present</SensorState></Trackpoint><Trackpoint><Time>2024-07-23T10:37:09.000Z</Time><Position><LatitudeDegrees>43.2860755</LatitudeDegrees><LongitudeDegrees>-2.88229433</LongitudeDegrees></Position><AltitudeMeters>35.205</AltitudeMeters><DistanceMeters>351.1000061035156</DistanceMeters><Cadence>85</Cadence><SensorState>Present</SensorState></Trackpoint><Trackpoint><Time>2024-07-23T10:37:10.000Z</Time><Position><LatitudeDegrees>43.28607567</LatitudeDegrees><LongitudeDegrees>-2.88233083</LongitudeDegrees></Position><AltitudeMeters>35.205</AltitudeMeters><DistanceMeters>354.70001220703125</DistanceMeters><Cadence>85</Cadence><SensorState>Present</SensorState></Trackpoint><Trackpoint><Time>2024-07-23T10:37:11.000Z</Time><Position><LatitudeDegrees>43.28607383</LatitudeDegrees><LongitudeDegrees>-2.882366</LongitudeDegrees></Position><AltitudeMeters>35.205</AltitudeMeters><DistanceMeters>358.3999938964844</DistanceMeters><Cadence>85</Cadence><SensorState>Present</SensorState></Trackpoint><Trackpoint><Time>2024-07-23T10:37:12.000Z</Time><Position><LatitudeDegrees>43.2860715</LatitudeDegrees><LongitudeDegrees>-2.8824075</LongitudeDegrees></Position><AltitudeMeters>35.205</AltitudeMeters><DistanceMeters>361.79998779296875</DistanceMeters><Cadence>85</Cadence><SensorState>Present</SensorState></Trackpoint><Trackpoint><Time>2024-07-23T10:37:13.000Z</Time><Position><LatitudeDegrees>43.28606933</LatitudeDegrees><LongitudeDegrees>-2.88244683</LongitudeDegrees></Position><AltitudeMeters>35.052</AltitudeMeters><DistanceMeters>364.70001220703125</DistanceMeters><Cadence>86</Cadence><SensorState>Present</SensorState></Trackpoint><Trackpoint><Time>2024-07-23T10:37:14.000Z</Time><Position><LatitudeDegrees>43.2860695</LatitudeDegrees><LongitudeDegrees>-2.882487</LongitudeDegrees></Position><AltitudeMeters>35.052</AltitudeMeters><DistanceMeters>367.29998779296875</DistanceMeters><Cadence>86</Cadence><SensorState>Present</SensorState></Trackpoint><Trackpoint><Time>2024-07-23T10:37:15.000Z</Time><Position><LatitudeDegrees>43.28606967</LatitudeDegrees><LongitudeDegrees>-2.882522</LongitudeDegrees></Position><AltitudeMeters>34.9</AltitudeMeters><DistanceMeters>370.20001220703125</DistanceMeters><Cadence>86</Cadence><SensorState>Present</SensorState></Trackpoint><Trackpoint><Time>2024-07-23T10:37:16.000Z</Time><Position><LatitudeDegrees>43.28607067</LatitudeDegrees><LongitudeDegrees>-2.88255717</LongitudeDegrees></Position><AltitudeMeters>34.9</AltitudeMeters><DistanceMeters>373.3999938964844</DistanceMeters><Cadence>86</Cadence><SensorState>Present</SensorState></Trackpoint><Trackpoint><Time>2024-07-23T10:37:17.000Z</Time><Position><LatitudeDegrees>43.28606883</LatitudeDegrees><LongitudeDegrees>-2.88259783</LongitudeDegrees></Position><AltitudeMeters>34.29</AltitudeMeters><DistanceMeters>377.0</DistanceMeters><Cadence>86</Cadence><SensorState>Present</SensorState></Trackpoint><Trackpoint><Time>2024-07-23T10:37:18.000Z</Time><Position><LatitudeDegrees>43.286068</LatitudeDegrees><LongitudeDegrees>-2.8826395</LongitudeDegrees></Position><AltitudeMeters>34.29</AltitudeMeters><DistanceMeters>380.6000061035156</DistanceMeters><Cadence>86</Cadence><SensorState>Present</SensorState></Trackpoint><Trackpoint><Time>2024-07-23T10:37:19.000Z</Time><Position><LatitudeDegrees>43.286067</LatitudeDegrees><LongitudeDegrees>-2.88268533</LongitudeDegrees></Position><AltitudeMeters>33.681</AltitudeMeters><DistanceMeters>383.79998779296875</DistanceMeters><Cadence>86</Cadence><SensorState>Present</SensorState></Trackpoint><Trackpoint><Time>2024-07-23T10:37:20.000Z</Time><Position><LatitudeDegrees>43.28606617</LatitudeDegrees><LongitudeDegrees>-2.882727</LongitudeDegrees></Position><AltitudeMeters>33.681</AltitudeMeters><DistanceMeters>387.0</DistanceMeters><Cadence>86</Cadence><SensorState>Present</SensorState></Trackpoint><Trackpoint><Time>2024-07-23T10:37:21.000Z</Time><Position><LatitudeDegrees>43.28606667</LatitudeDegrees><LongitudeDegrees>-2.88276683</LongitudeDegrees></Position><AltitudeMeters>32.919</AltitudeMeters><DistanceMeters>390.29998779296875</DistanceMeters><Cadence>86</Cadence><SensorState>Present</SensorState></Trackpoint><Trackpoint><Time>2024-07-23T10:37:22.000Z</Time><Position><LatitudeDegrees>43.28606583</LatitudeDegrees><LongitudeDegrees>-2.88280417</LongitudeDegrees></Position><AltitudeMeters>32.919</AltitudeMeters><DistanceMeters>394.0</DistanceMeters><Cadence>86</Cadence><SensorState>Present</SensorState></Trackpoint><Trackpoint><Time>2024-07-23T10:37:23.000Z</Time><Position><LatitudeDegrees>43.286064</LatitudeDegrees><LongitudeDegrees>-2.88284317</LongitudeDegrees></Position><AltitudeMeters>32.004</AltitudeMeters><DistanceMeters>397.70001220703125</DistanceMeters><Cadence>86</Cadence><SensorState>Present</SensorState></Trackpoint><Trackpoint><Time>2024-07-23T10:37:24.000Z</Time><Position><LatitudeDegrees>43.28606183</LatitudeDegrees><LongitudeDegrees>-2.88288683</LongitudeDegrees></Position><AltitudeMeters>32.004</AltitudeMeters><DistanceMeters>401.0</DistanceMeters><Cadence>86</Cadence><SensorState>Present</SensorState></Trackpoint><Trackpoint><Time>2024-07-23T10:37:25.000Z</Time><Position><LatitudeDegrees>43.28605917</LatitudeDegrees><LongitudeDegrees>-2.88292783</LongitudeDegrees></Position><AltitudeMeters>31.09</AltitudeMeters><DistanceMeters>404.0</DistanceMeters><Cadence>88</Cadence><SensorState>Present</SensorState></Trackpoint><Trackpoint><Time>2024-07-23T10:37:26.000Z</Time><Position><LatitudeDegrees>43.28605683</LatitudeDegrees><LongitudeDegrees>-2.88296783</LongitudeDegrees></Position><AltitudeMeters>31.09</AltitudeMeters><DistanceMeters>407.1000061035156</DistanceMeters><Cadence>89</Cadence><SensorState>Present</SensorState></Trackpoint><Trackpoint><Time>2024-07-23T10:37:27.000Z</Time><Position><LatitudeDegrees>43.2860535</LatitudeDegrees><LongitudeDegrees>-2.88300283</LongitudeDegrees></Position><AltitudeMeters>30.023</AltitudeMeters><DistanceMeters>410.20001220703125</DistanceMeters><Cadence>89</Cadence><SensorState>Present</SensorState></Trackpoint><Trackpoint><Time>2024-07-23T10:37:28.000Z</Time><Position><LatitudeDegrees>43.28605183</LatitudeDegrees><LongitudeDegrees>-2.88304367</LongitudeDegrees></Position><AltitudeMeters>30.023</AltitudeMeters><DistanceMeters>413.6000061035156</DistanceMeters><Cadence>89</Cadence><SensorState>Present</SensorState></Trackpoint><Trackpoint><Time>2024-07-23T10:37:29.000Z</Time><Position><LatitudeDegrees>43.28605117</LatitudeDegrees><LongitudeDegrees>-2.88308283</LongitudeDegrees></Position><AltitudeMeters>29.109</AltitudeMeters><DistanceMeters>417.0</DistanceMeters><Cadence>89</Cadence><SensorState>Present</SensorState></Trackpoint><Trackpoint><Time>2024-07-23T10:37:30.000Z</Time><Position><LatitudeDegrees>43.28605033</LatitudeDegrees><LongitudeDegrees>-2.88312517</LongitudeDegrees></Position><AltitudeMeters>29.109</AltitudeMeters><DistanceMeters>420.5</DistanceMeters><Cadence>87</Cadence><SensorState>Present</SensorState></Trackpoint><Trackpoint><Time>2024-07-23T10:37:31.000Z</Time><Position><LatitudeDegrees>43.28604967</LatitudeDegrees><LongitudeDegrees>-2.88316533</LongitudeDegrees></Position><AltitudeMeters>28.347</AltitudeMeters><DistanceMeters>423.70001220703125</DistanceMeters><Cadence>87</Cadence><SensorState>Present</SensorState></Trackpoint><Trackpoint><Time>2024-07-23T10:37:32.000Z</Time><Position><LatitudeDegrees>43.28605233</LatitudeDegrees><LongitudeDegrees>-2.88320817</LongitudeDegrees></Position><AltitudeMeters>28.347</AltitudeMeters><DistanceMeters>426.8999938964844</DistanceMeters><Cadence>87</Cadence><SensorState>Present</SensorState></Trackpoint><Trackpoint><Time>2024-07-23T10:37:33.000Z</Time><Position><LatitudeDegrees>43.28605783</LatitudeDegrees><LongitudeDegrees>-2.8832495</LongitudeDegrees></Position><AltitudeMeters>27.737</AltitudeMeters><DistanceMeters>430.1000061035156</DistanceMeters><Cadence>87</Cadence><SensorState>Present</SensorState></Trackpoint><Trackpoint><Time>2024-07-23T10:37:34.000Z</Time><Position><LatitudeDegrees>43.28606317</LatitudeDegrees><LongitudeDegrees>-2.883289</LongitudeDegrees></Position><AltitudeMeters>27.737</AltitudeMeters><DistanceMeters>433.3999938964844</DistanceMeters><Cadence>87</Cadence><SensorState>Present</SensorState></Trackpoint><Trackpoint><Time>2024-07-23T10:37:35.000Z</Time><Position><LatitudeDegrees>43.28606633</LatitudeDegrees><LongitudeDegrees>-2.88332533</LongitudeDegrees></Position><AltitudeMeters>27.128</AltitudeMeters><DistanceMeters>436.5</DistanceMeters><Cadence>87</Cadence><SensorState>Present</SensorState></Trackpoint><Trackpoint><Time>2024-07-23T10:37:36.000Z</Time><Position><LatitudeDegrees>43.28606683</LatitudeDegrees><LongitudeDegrees>-2.88336217</LongitudeDegrees></Position><AltitudeMeters>27.128</AltitudeMeters><DistanceMeters>439.70001220703125</DistanceMeters><Cadence>87</Cadence><SensorState>Present</SensorState></Trackpoint><Trackpoint><Time>2024-07-23T10:37:37.000Z</Time><Position><LatitudeDegrees>43.2860685</LatitudeDegrees><LongitudeDegrees>-2.88340017</LongitudeDegrees></Position><AltitudeMeters>26.67</AltitudeMeters><DistanceMeters>442.79998779296875</DistanceMeters><Cadence>87</Cadence><SensorState>Present</SensorState></Trackpoint><Trackpoint><Time>2024-07-23T10:37:38.000Z</Time><Position><LatitudeDegrees>43.28606917</LatitudeDegrees><LongitudeDegrees>-2.8834385</LongitudeDegrees></Position><AltitudeMeters>26.67</AltitudeMeters><DistanceMeters>445.8999938964844</DistanceMeters><Cadence>87</Cadence><SensorState>Present</SensorState></Trackpoint><Trackpoint><Time>2024-07-23T10:37:39.000Z</Time><Position><LatitudeDegrees>43.28607083</LatitudeDegrees><LongitudeDegrees>-2.88347817</LongitudeDegrees></Position><AltitudeMeters>26.213</AltitudeMeters><DistanceMeters>448.79998779296875</DistanceMeters><Cadence>87</Cadence><SensorState>Present</SensorState></Trackpoint><Trackpoint><Time>2024-07-23T10:37:40.000Z</Time><Position><LatitudeDegrees>43.28607267</LatitudeDegrees><LongitudeDegrees>-2.88351617</LongitudeDegrees></Position><AltitudeMeters>26.213</AltitudeMeters><DistanceMeters>451.6000061035156</DistanceMeters><Cadence>87</Cadence><SensorState>Present</SensorState></Trackpoint><Trackpoint><Time>2024-07-23T10:37:41.000Z</Time><Position><LatitudeDegrees>43.286077</LatitudeDegrees><LongitudeDegrees>-2.88355433</LongitudeDegrees></Position><AltitudeMeters>25.756</AltitudeMeters><DistanceMeters>454.6000061035156</DistanceMeters><Cadence>87</Cadence><SensorState>Present</SensorState></Trackpoint><Trackpoint><Time>2024-07-23T10:37:42.000Z</Time><Position><LatitudeDegrees>43.28608317</LatitudeDegrees><LongitudeDegrees>-2.883589</LongitudeDegrees></Position><AltitudeMeters>25.756</AltitudeMeters><DistanceMeters>457.70001220703125</DistanceMeters><Cadence>88</Cadence><SensorState>Present</SensorState></Trackpoint><Trackpoint><Time>2024-07-23T10:37:43.000Z</Time><Position><LatitudeDegrees>43.28608717</LatitudeDegrees><LongitudeDegrees>-2.88362483</LongitudeDegrees></Position><AltitudeMeters>25.451</AltitudeMeters><DistanceMeters>460.8999938964844</DistanceMeters><Cadence>87</Cadence><SensorState>Present</SensorState></Trackpoint><Trackpoint><Time>2024-07-23T10:37:44.000Z</Time><Position><LatitudeDegrees>43.28608783</LatitudeDegrees><LongitudeDegrees>-2.88366217</LongitudeDegrees></Position><AltitudeMeters>25.451</AltitudeMeters><DistanceMeters>464.29998779296875</DistanceMeters><Cadence>87</Cadence><SensorState>Present</SensorState></Trackpoint><Trackpoint><Time>2024-07-23T10:37:45.000Z</Time><Position><LatitudeDegrees>43.28608467</LatitudeDegrees><LongitudeDegrees>-2.88370183</LongitudeDegrees></Position><AltitudeMeters>24.994</AltitudeMeters><DistanceMeters>467.6000061035156</DistanceMeters><Cadence>87</Cadence><SensorState>Present</SensorState></Trackpoint><Trackpoint><Time>2024-07-23T10:37:46.000Z</Time><Position><LatitudeDegrees>43.286082</LatitudeDegrees><LongitudeDegrees>-2.88374567</LongitudeDegrees></Position><AltitudeMeters>24.994</AltitudeMeters><DistanceMeters>470.8999938964844</DistanceMeters><Cadence>87</Cadence><SensorState>Present</SensorState></Trackpoint><Trackpoint><Time>2024-07-23T10:37:47.000Z</Time><Position><LatitudeDegrees>43.286081</LatitudeDegrees><LongitudeDegrees>-2.88378767</LongitudeDegrees></Position><AltitudeMeters>24.537</AltitudeMeters><DistanceMeters>474.1000061035156</DistanceMeters><Cadence>87</Cadence><SensorState>Present</SensorState></Trackpoint><Trackpoint><Time>2024-07-23T10:37:48.000Z</Time><Position><LatitudeDegrees>43.28608317</LatitudeDegrees><LongitudeDegrees>-2.88382983</LongitudeDegrees></Position><AltitudeMeters>24.537</AltitudeMeters><DistanceMeters>477.29998779296875</DistanceMeters><Cadence>87</Cadence><SensorState>Present</SensorState></Trackpoint><Trackpoint><Time>2024-07-23T10:37:49.000Z</Time><Position><LatitudeDegrees>43.2860855</LatitudeDegrees><LongitudeDegrees>-2.8838665</LongitudeDegrees></Position><AltitudeMeters>24.079</AltitudeMeters><DistanceMeters>480.6000061035156</DistanceMeters><Cadence>87</Cadence><SensorState>Present</SensorState></Trackpoint><Trackpoint><Time>2024-07-23T10:37:50.000Z</Time><Position><LatitudeDegrees>43.28608817</LatitudeDegrees><LongitudeDegrees>-2.88390383</LongitudeDegrees></Position><AltitudeMeters>24.079</AltitudeMeters><DistanceMeters>484.0</DistanceMeters><Cadence>87</Cadence><SensorState>Present</SensorState></Trackpoint><Trackpoint><Time>2024-07-23T10:37:51.000Z</Time><Position><LatitudeDegrees>43.2860895</LatitudeDegrees><LongitudeDegrees>-2.88394083</LongitudeDegrees></Position><AltitudeMeters>23.622</AltitudeMeters><DistanceMeters>487.3999938964844</DistanceMeters><Cadence>87</Cadence><SensorState>Present</SensorState></Trackpoint><Trackpoint><Time>2024-07-23T10:37:52.000Z</Time><Position><LatitudeDegrees>43.28609133</LatitudeDegrees><LongitudeDegrees>-2.8839805</LongitudeDegrees></Position><AltitudeMeters>23.622</AltitudeMeters><DistanceMeters>490.6000061035156</DistanceMeters><Cadence>87</Cadence><SensorState>Present</SensorState></Trackpoint><Trackpoint><Time>2024-07-23T10:37:53.000Z</Time><Position><LatitudeDegrees>43.28609417</LatitudeDegrees><LongitudeDegrees>-2.8840215</LongitudeDegrees></Position><AltitudeMeters>23.317</AltitudeMeters><DistanceMeters>493.6000061035156</DistanceMeters><Cadence>87</Cadence><SensorState>Present</SensorState></Trackpoint><Trackpoint><Time>2024-07-23T10:37:54.000Z</Time><Position><LatitudeDegrees>43.28609867</LatitudeDegrees><LongitudeDegrees>-2.88406067</LongitudeDegrees></Position><AltitudeMeters>23.317</AltitudeMeters><DistanceMeters>496.5</DistanceMeters><Cadence>87</Cadence><SensorState>Present</SensorState></Trackpoint><Trackpoint><Time>2024-07-23T10:37:55.000Z</Time><Position><LatitudeDegrees>43.28610383</LatitudeDegrees><LongitudeDegrees>-2.884098</LongitudeDegrees></Position><AltitudeMeters>22.86</AltitudeMeters><DistanceMeters>499.3999938964844</DistanceMeters><Cadence>87</Cadence><SensorState>Present</SensorState></Trackpoint><Trackpoint><Time>2024-07-23T10:37:56.000Z</Time><Position><LatitudeDegrees>43.28610817</LatitudeDegrees><LongitudeDegrees>-2.88413317</LongitudeDegrees></Position><AltitudeMeters>22.86</AltitudeMeters><DistanceMeters>502.5</DistanceMeters><Cadence>87</Cadence><SensorState>Present</SensorState></Trackpoint><Trackpoint><Time>2024-07-23T10:37:57.000Z</Time><Position><LatitudeDegrees>43.2861105</LatitudeDegrees><LongitudeDegrees>-2.8841705</LongitudeDegrees></Position><AltitudeMeters>22.403</AltitudeMeters><DistanceMeters>505.70001220703125</DistanceMeters><Cadence>87</Cadence><SensorState>Present</SensorState></Trackpoint><Trackpoint><Time>2024-07-23T10:37:58.000Z</Time><Position><LatitudeDegrees>43.286111</LatitudeDegrees><LongitudeDegrees>-2.88420783</LongitudeDegrees></Position><AltitudeMeters>22.403</AltitudeMeters><DistanceMeters>509.0</DistanceMeters><Cadence>87</Cadence><SensorState>Present</SensorState></Trackpoint><Trackpoint><Time>2024-07-23T10:37:59.000Z</Time><Position><LatitudeDegrees>43.28610783</LatitudeDegrees><LongitudeDegrees>-2.88424733</LongitudeDegrees></Position><AltitudeMeters>21.946</AltitudeMeters><DistanceMeters>512.0999755859375</DistanceMeters><Cadence>87</Cadence><SensorState>Present</SensorState></Trackpoint><Trackpoint><Time>2024-07-23T10:38:00.000Z</Time><Position><LatitudeDegrees>43.28610483</LatitudeDegrees><LongitudeDegrees>-2.88428633</LongitudeDegrees></Position><AltitudeMeters>21.946</AltitudeMeters><DistanceMeters>515.0999755859375</DistanceMeters><Cadence>87</Cadence><SensorState>Present</SensorState></Trackpoint><Trackpoint><Time>2024-07-23T10:38:01.000Z</Time><Position><LatitudeDegrees>43.28610233</LatitudeDegrees><LongitudeDegrees>-2.88432533</LongitudeDegrees></Position><AltitudeMeters>21.489</AltitudeMeters><DistanceMeters>518.0999755859375</DistanceMeters><Cadence>87</Cadence><SensorState>Present</SensorState></Trackpoint><Trackpoint><Time>2024-07-23T10:38:02.000Z</Time><Position><LatitudeDegrees>43.2861025</LatitudeDegrees><LongitudeDegrees>-2.884364</LongitudeDegrees></Position><AltitudeMeters>21.489</AltitudeMeters><DistanceMeters>521.2999877929688</DistanceMeters><Cadence>87</Cadence><SensorState>Present</SensorState></Trackpoint><Trackpoint><Time>2024-07-23T10:38:03.000Z</Time><Position><LatitudeDegrees>43.2861035</LatitudeDegrees><LongitudeDegrees>-2.88440167</LongitudeDegrees></Position><AltitudeMeters>21.031</AltitudeMeters><DistanceMeters>524.5999755859375</DistanceMeters><Cadence>87</Cadence><SensorState>Present</SensorState></Trackpoint><Trackpoint><Time>2024-07-23T10:38:04.000Z</Time><Position><LatitudeDegrees>43.28610217</LatitudeDegrees><LongitudeDegrees>-2.88444117</LongitudeDegrees></Position><AltitudeMeters>21.031</AltitudeMeters><DistanceMeters>527.7999877929688</DistanceMeters><Cadence>87</Cadence><SensorState>Present</SensorState></Trackpoint><Trackpoint><Time>2024-07-23T10:38:05.000Z</Time><Position><LatitudeDegrees>43.2861005</LatitudeDegrees><LongitudeDegrees>-2.884479</LongitudeDegrees></Position><AltitudeMeters>20.574</AltitudeMeters><DistanceMeters>530.7999877929688</DistanceMeters><Cadence>87</Cadence><SensorState>Present</SensorState></Trackpoint><Trackpoint><Time>2024-07-23T10:38:06.000Z</Time><Position><LatitudeDegrees>43.28610017</LatitudeDegrees><LongitudeDegrees>-2.88451733</LongitudeDegrees></Position><AltitudeMeters>20.574</AltitudeMeters><DistanceMeters>533.7999877929688</DistanceMeters><Cadence>87</Cadence><SensorState>Present</SensorState></Trackpoint><Trackpoint><Time>2024-07-23T10:38:07.000Z</Time><Position><LatitudeDegrees>43.28610067</LatitudeDegrees><LongitudeDegrees>-2.8845525</LongitudeDegrees></Position><AltitudeMeters>20.269</AltitudeMeters><DistanceMeters>536.7000122070312</DistanceMeters><Cadence>87</Cadence><SensorState>Present</SensorState></Trackpoint><Trackpoint><Time>2024-07-23T10:38:08.000Z</Time><Position><LatitudeDegrees>43.2861005</LatitudeDegrees><LongitudeDegrees>-2.88458883</LongitudeDegrees></Position><AltitudeMeters>20.269</AltitudeMeters><DistanceMeters>539.7999877929688</DistanceMeters><Cadence>89</Cadence><SensorState>Present</SensorState></Trackpoint><Trackpoint><Time>2024-07-23T10:38:09.000Z</Time><Position><LatitudeDegrees>43.28609817</LatitudeDegrees><LongitudeDegrees>-2.88462517</LongitudeDegrees></Position><AltitudeMeters>19.965</AltitudeMeters><DistanceMeters>542.9000244140625</DistanceMeters><Cadence>88</Cadence><SensorState>Present</SensorState></Trackpoint><Trackpoint><Time>2024-07-23T10:38:10.000Z</Time><Position><LatitudeDegrees>43.28609667</LatitudeDegrees><LongitudeDegrees>-2.884664</LongitudeDegrees></Position><AltitudeMeters>19.965</AltitudeMeters><DistanceMeters>546.0999755859375</DistanceMeters><Cadence>87</Cadence><SensorState>Present</SensorState></Trackpoint><Trackpoint><Time>2024-07-23T10:38:11.000Z</Time><Position><LatitudeDegrees>43.28609517</LatitudeDegrees><LongitudeDegrees>-2.88470317</LongitudeDegrees></Position><AltitudeMeters>19.66</AltitudeMeters><DistanceMeters>549.0999755859375</DistanceMeters><Cadence>87</Cadence><SensorState>Present</SensorState></Trackpoint><Trackpoint><Time>2024-07-23T10:38:12.000Z</Time><Position><LatitudeDegrees>43.28609417</LatitudeDegrees><LongitudeDegrees>-2.88474267</LongitudeDegrees></Position><AltitudeMeters>19.66</AltitudeMeters><DistanceMeters>552.0999755859375</DistanceMeters><Cadence>87</Cadence><SensorState>Present</SensorState></Trackpoint><Trackpoint><Time>2024-07-23T10:38:13.000Z</Time><Position><LatitudeDegrees>43.286093</LatitudeDegrees><LongitudeDegrees>-2.884781</LongitudeDegrees></Position><AltitudeMeters>19.507</AltitudeMeters><DistanceMeters>555.0999755859375</DistanceMeters><Cadence>87</Cadence><SensorState>Present</SensorState></Trackpoint><Trackpoint><Time>2024-07-23T10:38:14.000Z</Time><Position><LatitudeDegrees>43.28609267</LatitudeDegrees><LongitudeDegrees>-2.88481733</LongitudeDegrees></Position><AltitudeMeters>19.507</AltitudeMeters><DistanceMeters>558.0999755859375</DistanceMeters><Cadence>87</Cadence><SensorState>Present</SensorState></Trackpoint><Trackpoint><Time>2024-07-23T10:38:15.000Z</Time><Position><LatitudeDegrees>43.28609217</LatitudeDegrees><LongitudeDegrees>-2.884853</LongitudeDegrees></Position><AltitudeMeters>19.203</AltitudeMeters><DistanceMeters>560.9000244140625</DistanceMeters><Cadence>87</Cadence><SensorState>Present</SensorState></Trackpoint><Trackpoint><Time>2024-07-23T10:38:16.000Z</Time><Position><LatitudeDegrees>43.286093</LatitudeDegrees><LongitudeDegrees>-2.88488667</LongitudeDegrees></Position><AltitudeMeters>19.203</AltitudeMeters><DistanceMeters>563.7000122070312</DistanceMeters><Cadence>87</Cadence><SensorState>Present</SensorState></Trackpoint><Trackpoint><Time>2024-07-23T10:38:17.000Z</Time><Position><LatitudeDegrees>43.28609667</LatitudeDegrees><LongitudeDegrees>-2.88491967</LongitudeDegrees></Position><AltitudeMeters>19.05</AltitudeMeters><DistanceMeters>566.2000122070312</DistanceMeters><Cadence>87</Cadence><SensorState>Present</SensorState></Trackpoint><Trackpoint><Time>2024-07-23T10:38:18.000Z</Time><Position><LatitudeDegrees>43.286099</LatitudeDegrees><LongitudeDegrees>-2.8849515</LongitudeDegrees></Position><AltitudeMeters>19.05</AltitudeMeters><DistanceMeters>568.7000122070312</DistanceMeters><Cadence>87</Cadence><SensorState>Present</SensorState></Trackpoint><Trackpoint><Time>2024-07-23T10:38:19.000Z</Time><Position><LatitudeDegrees>43.28609967</LatitudeDegrees><LongitudeDegrees>-2.88498233</LongitudeDegrees></Position><AltitudeMeters>19.05</AltitudeMeters><DistanceMeters>571.2000122070312</DistanceMeters><Cadence>87</Cadence><SensorState>Present</SensorState></Trackpoint><Trackpoint><Time>2024-07-23T10:38:20.000Z</Time><Position><LatitudeDegrees>43.28609917</LatitudeDegrees><LongitudeDegrees>-2.885017</LongitudeDegrees></Position><AltitudeMeters>19.05</AltitudeMeters><DistanceMeters>573.7999877929688</DistanceMeters><Cadence>87</Cadence><SensorState>Present</SensorState></Trackpoint><Trackpoint><Time>2024-07-23T10:38:21.000Z</Time><Position><LatitudeDegrees>43.28610217</LatitudeDegrees><LongitudeDegrees>-2.88505067</LongitudeDegrees></Position><AltitudeMeters>19.05</AltitudeMeters><DistanceMeters>576.0999755859375</DistanceMeters><Cadence>87</Cadence><SensorState>Present</SensorState></Trackpoint><Trackpoint><Time>2024-07-23T10:38:22.000Z</Time><Position><LatitudeDegrees>43.28610533</LatitudeDegrees><LongitudeDegrees>-2.885084</LongitudeDegrees></Position><AltitudeMeters>19.05</AltitudeMeters><DistanceMeters>578.4000244140625</DistanceMeters><Cadence>87</Cadence><SensorState>Present</SensorState></Trackpoint><Trackpoint><Time>2024-07-23T10:38:23.000Z</Time><Position><LatitudeDegrees>43.28610567</LatitudeDegrees><LongitudeDegrees>-2.8851125</LongitudeDegrees></Position><AltitudeMeters>19.203</AltitudeMeters><DistanceMeters>581.0</DistanceMeters><Cadence>87</Cadence><SensorState>Present</SensorState></Trackpoint><Trackpoint><Time>2024-07-23T10:38:24.000Z</Time><Position><LatitudeDegrees>43.28610633</LatitudeDegrees><LongitudeDegrees>-2.885141</LongitudeDegrees></Position><AltitudeMeters>19.203</AltitudeMeters><DistanceMeters>583.5</DistanceMeters><Cadence>87</Cadence><SensorState>Present</SensorState></Trackpoint><Trackpoint><Time>2024-07-23T10:38:25.000Z</Time><Position><LatitudeDegrees>43.28610817</LatitudeDegrees><LongitudeDegrees>-2.88517267</LongitudeDegrees></Position><AltitudeMeters>19.203</AltitudeMeters><DistanceMeters>586.2999877929688</DistanceMeters><Cadence>87</Cadence><SensorState>Present</SensorState></Trackpoint><Trackpoint><Time>2024-07-23T10:38:26.000Z</Time><Position><LatitudeDegrees>43.28611183</LatitudeDegrees><LongitudeDegrees>-2.8852045</LongitudeDegrees></Position><AltitudeMeters>19.203</AltitudeMeters><DistanceMeters>589.2999877929688</DistanceMeters><Cadence>87</Cadence><SensorState>Present</SensorState></Trackpoint><Trackpoint><Time>2024-07-23T10:38:27.000Z</Time><Position><LatitudeDegrees>43.28611283</LatitudeDegrees><LongitudeDegrees>-2.88524117</LongitudeDegrees></Position><AltitudeMeters>19.05</AltitudeMeters><DistanceMeters>592.2000122070312</DistanceMeters><Cadence>88</Cadence><SensorState>Present</SensorState></Trackpoint><Trackpoint><Time>2024-07-23T10:38:28.000Z</Time><Position><LatitudeDegrees>43.2861115</LatitudeDegrees><LongitudeDegrees>-2.88527783</LongitudeDegrees></Position><AltitudeMeters>19.05</AltitudeMeters><DistanceMeters>595.2000122070312</DistanceMeters><Cadence>87</Cadence><SensorState>Present</SensorState></Trackpoint><Trackpoint><Time>2024-07-23T10:38:29.000Z</Time><Position><LatitudeDegrees>43.28611083</LatitudeDegrees><LongitudeDegrees>-2.88531767</LongitudeDegrees></Position><AltitudeMeters>18.898</AltitudeMeters><DistanceMeters>598.4000244140625</DistanceMeters><Cadence>87</Cadence><SensorState>Present</SensorState></Trackpoint><Trackpoint><Time>2024-07-23T10:38:30.000Z</Time><Position><LatitudeDegrees>43.28611017</LatitudeDegrees><LongitudeDegrees>-2.88535483</LongitudeDegrees></Position><AltitudeMeters>18.898</AltitudeMeters><DistanceMeters>601.7999877929688</DistanceMeters><Cadence>87</Cadence><SensorState>Present</SensorState></Trackpoint><Trackpoint><Time>2024-07-23T10:38:31.000Z</Time><Position><LatitudeDegrees>43.28611117</LatitudeDegrees><LongitudeDegrees>-2.8853945</LongitudeDegrees></Position><AltitudeMeters>18.745</AltitudeMeters><DistanceMeters>605.2000122070312</DistanceMeters><Cadence>87</Cadence><SensorState>Present</SensorState></Trackpoint><Trackpoint><Time>2024-07-23T10:38:32.000Z</Time><Position><LatitudeDegrees>43.28611133</LatitudeDegrees><LongitudeDegrees>-2.88543217</LongitudeDegrees></Position><AltitudeMeters>18.745</AltitudeMeters><DistanceMeters>608.4000244140625</DistanceMeters><Cadence>87</Cadence><SensorState>Present</SensorState></Trackpoint><Trackpoint><Time>2024-07-23T10:38:33.000Z</Time><Position><LatitudeDegrees>43.28611333</LatitudeDegrees><LongitudeDegrees>-2.8854695</LongitudeDegrees></Position><AltitudeMeters>18.745</AltitudeMeters><DistanceMeters>611.5</DistanceMeters><Cadence>87</Cadence><SensorState>Present</SensorState></Trackpoint><Trackpoint><Time>2024-07-23T10:38:34.000Z</Time><Position><LatitudeDegrees>43.28611567</LatitudeDegrees><LongitudeDegrees>-2.885504</LongitudeDegrees></Position><AltitudeMeters>18.745</AltitudeMeters><DistanceMeters>614.4000244140625</DistanceMeters><Cadence>87</Cadence><SensorState>Present</SensorState></Trackpoint><Trackpoint><Time>2024-07-23T10:38:35.000Z</Time><Position><LatitudeDegrees>43.28611767</LatitudeDegrees><LongitudeDegrees>-2.8855385</LongitudeDegrees></Position><AltitudeMeters>18.593</AltitudeMeters><DistanceMeters>617.2999877929688</DistanceMeters><Cadence>87</Cadence><SensorState>Present</SensorState></Trackpoint><Trackpoint><Time>2024-07-23T10:38:36.000Z</Time><Position><LatitudeDegrees>43.28611483</LatitudeDegrees><LongitudeDegrees>-2.88557267</LongitudeDegrees></Position><AltitudeMeters>18.593</AltitudeMeters><DistanceMeters>620.2000122070312</DistanceMeters><Cadence>87</Cadence><SensorState>Present</SensorState></Trackpoint><Trackpoint><Time>2024-07-23T10:38:37.000Z</Time><Position><LatitudeDegrees>43.2861085</LatitudeDegrees><LongitudeDegrees>-2.8856075</LongitudeDegrees></Position><AltitudeMeters>18.593</AltitudeMeters><DistanceMeters>623.4000244140625</DistanceMeters><Cadence>87</Cadence><SensorState>Present</SensorState></Trackpoint><Trackpoint><Time>2024-07-23T10:38:38.000Z</Time><Position><LatitudeDegrees>43.28610217</LatitudeDegrees><LongitudeDegrees>-2.88564567</LongitudeDegrees></Position><AltitudeMeters>18.593</AltitudeMeters><DistanceMeters>626.4000244140625</DistanceMeters><Cadence>87</Cadence><SensorState>Present</SensorState></Trackpoint><Trackpoint><Time>2024-07-23T10:38:39.000Z</Time><Position><LatitudeDegrees>43.28609533</LatitudeDegrees><LongitudeDegrees>-2.88568567</LongitudeDegrees></Position><AltitudeMeters>18.441</AltitudeMeters><DistanceMeters>629.5999755859375</DistanceMeters><Cadence>87</Cadence><SensorState>Present</SensorState></Trackpoint><Trackpoint><Time>2024-07-23T10:38:40.000Z</Time><Position><LatitudeDegrees>43.286093</LatitudeDegrees><LongitudeDegrees>-2.88572517</LongitudeDegrees></Position><AltitudeMeters>18.441</AltitudeMeters><DistanceMeters>633.0</DistanceMeters><Cadence>87</Cadence><SensorState>Present</SensorState></Trackpoint><Trackpoint><Time>2024-07-23T10:38:41.000Z</Time><Position><LatitudeDegrees>43.28608933</LatitudeDegrees><LongitudeDegrees>-2.88576567</LongitudeDegrees></Position><AltitudeMeters>18.288</AltitudeMeters><DistanceMeters>636.5999755859375</DistanceMeters><Cadence>87</Cadence><SensorState>Present</SensorState></Trackpoint><Trackpoint><Time>2024-07-23T10:38:42.000Z</Time><Position><LatitudeDegrees>43.28609117</LatitudeDegrees><LongitudeDegrees>-2.88580767</LongitudeDegrees></Position><AltitudeMeters>18.288</AltitudeMeters><DistanceMeters>640.2999877929688</DistanceMeters><Cadence>87</Cadence><SensorState>Present</SensorState></Trackpoint><Trackpoint><Time>2024-07-23T10:38:43.000Z</Time><Position><LatitudeDegrees>43.28609183</LatitudeDegrees><LongitudeDegrees>-2.8858515</LongitudeDegrees></Position><AltitudeMeters>18.136</AltitudeMeters><DistanceMeters>643.9000244140625</DistanceMeters><Cadence>87</Cadence><SensorState>Present</SensorState></Trackpoint><Trackpoint><Time>2024-07-23T10:38:44.000Z</Time><Position><LatitudeDegrees>43.286093</LatitudeDegrees><LongitudeDegrees>-2.885893</LongitudeDegrees></Position><AltitudeMeters>18.136</AltitudeMeters><DistanceMeters>647.2999877929688</DistanceMeters><Cadence>87</Cadence><SensorState>Present</SensorState></Trackpoint><Trackpoint><Time>2024-07-23T10:38:45.000Z</Time><Position><LatitudeDegrees>43.28609417</LatitudeDegrees><LongitudeDegrees>-2.88593317</LongitudeDegrees></Position><AltitudeMeters>17.983</AltitudeMeters><DistanceMeters>650.7999877929688</DistanceMeters><Cadence>87</Cadence><SensorState>Present</SensorState></Trackpoint><Trackpoint><Time>2024-07-23T10:38:46.000Z</Time><Position><LatitudeDegrees>43.28609617</LatitudeDegrees><LongitudeDegrees>-2.885972</LongitudeDegrees></Position><AltitudeMeters>17.983</AltitudeMeters><DistanceMeters>654.2000122070312</DistanceMeters><Cadence>87</Cadence><SensorState>Present</SensorState></Trackpoint><Trackpoint><Time>2024-07-23T10:38:47.000Z</Time><Position><LatitudeDegrees>43.2861005</LatitudeDegrees><LongitudeDegrees>-2.8860135</LongitudeDegrees></Position><AltitudeMeters>17.831</AltitudeMeters><DistanceMeters>657.5999755859375</DistanceMeters><Cadence>87</Cadence><SensorState>Present</SensorState></Trackpoint><Trackpoint><Time>2024-07-23T10:38:48.000Z</Time><Position><LatitudeDegrees>43.28610367</LatitudeDegrees><LongitudeDegrees>-2.88605383</LongitudeDegrees></Position><AltitudeMeters>17.831</AltitudeMeters><DistanceMeters>660.9000244140625</DistanceMeters><Cadence>87</Cadence><SensorState>Present</SensorState></Trackpoint><Trackpoint><Time>2024-07-23T10:38:49.000Z</Time><Position><LatitudeDegrees>43.2861075</LatitudeDegrees><LongitudeDegrees>-2.886095</LongitudeDegrees></Position><AltitudeMeters>17.679</AltitudeMeters><DistanceMeters>664.2999877929688</DistanceMeters><Cadence>87</Cadence><SensorState>Present</SensorState></Trackpoint><Trackpoint><Time>2024-07-23T10:38:50.000Z</Time><Position><LatitudeDegrees>43.28610967</LatitudeDegrees><LongitudeDegrees>-2.88613517</LongitudeDegrees></Position><AltitudeMeters>17.679</AltitudeMeters><DistanceMeters>667.7999877929688</DistanceMeters><Cadence>87</Cadence><SensorState>Present</SensorState></Trackpoint><Trackpoint><Time>2024-07-23T10:38:51.000Z</Time><Position><LatitudeDegrees>43.28611167</LatitudeDegrees><LongitudeDegrees>-2.88617767</LongitudeDegrees></Position><AltitudeMeters>17.679</AltitudeMeters><DistanceMeters>671.2999877929688</DistanceMeters><Cadence>87</Cadence><SensorState>Present</SensorState></Trackpoint><Trackpoint><Time>2024-07-23T10:38:52.000Z</Time><Position><LatitudeDegrees>43.2861125</LatitudeDegrees><LongitudeDegrees>-2.88622233</LongitudeDegrees></Position><AltitudeMeters>17.679</AltitudeMeters><DistanceMeters>674.9000244140625</DistanceMeters><Cadence>87</Cadence><SensorState>Present</SensorState></Trackpoint><Trackpoint><Time>2024-07-23T10:38:53.000Z</Time><Position><LatitudeDegrees>43.28611417</LatitudeDegrees><LongitudeDegrees>-2.886266</LongitudeDegrees></Position><AltitudeMeters>17.526</AltitudeMeters><DistanceMeters>678.5</DistanceMeters><Cadence>87</Cadence><SensorState>Present</SensorState></Trackpoint><Trackpoint><Time>2024-07-23T10:38:54.000Z</Time><Position><LatitudeDegrees>43.2861175</LatitudeDegrees><LongitudeDegrees>-2.88630933</LongitudeDegrees></Position><AltitudeMeters>17.526</AltitudeMeters><DistanceMeters>682.0</DistanceMeters><Cadence>87</Cadence><SensorState>Present</SensorState></Trackpoint><Trackpoint><Time>2024-07-23T10:38:55.000Z</Time><Position><LatitudeDegrees>43.28612133</LatitudeDegrees><LongitudeDegrees>-2.88635083</LongitudeDegrees></Position><AltitudeMeters>17.374</AltitudeMeters><DistanceMeters>685.5</DistanceMeters><Cadence>87</Cadence><SensorState>Present</SensorState></Trackpoint><Trackpoint><Time>2024-07-23T10:38:56.000Z</Time><Position><LatitudeDegrees>43.28612667</LatitudeDegrees><LongitudeDegrees>-2.8863925</LongitudeDegrees></Position><AltitudeMeters>17.374</AltitudeMeters><DistanceMeters>688.7999877929688</DistanceMeters><Cadence>87</Cadence><SensorState>Present</SensorState></Trackpoint><Trackpoint><Time>2024-07-23T10:38:57.000Z</Time><Position><LatitudeDegrees>43.28613333</LatitudeDegrees><LongitudeDegrees>-2.8864305</LongitudeDegrees></Position><AltitudeMeters>17.374</AltitudeMeters><DistanceMeters>692.0</DistanceMeters><Cadence>87</Cadence><SensorState>Present</SensorState></Trackpoint><Trackpoint><Time>2024-07-23T10:38:58.000Z</Time><Position><LatitudeDegrees>43.28614383</LatitudeDegrees><LongitudeDegrees>-2.88646717</LongitudeDegrees></Position><AltitudeMeters>17.374</AltitudeMeters><DistanceMeters>695.0999755859375</DistanceMeters><Cadence>87</Cadence><SensorState>Present</SensorState></Trackpoint><Trackpoint><Time>2024-07-23T10:38:59.000Z</Time><Position><LatitudeDegrees>43.28615617</LatitudeDegrees><LongitudeDegrees>-2.8865015</LongitudeDegrees></Position><AltitudeMeters>17.374</AltitudeMeters><DistanceMeters>698.0999755859375</DistanceMeters><Cadence>87</Cadence><SensorState>Present</SensorState></Trackpoint><Trackpoint><Time>2024-07-23T10:39:00.000Z</Time><Position><LatitudeDegrees>43.28616867</LatitudeDegrees><LongitudeDegrees>-2.88653667</LongitudeDegrees></Position><AltitudeMeters>17.374</AltitudeMeters><DistanceMeters>701.0</DistanceMeters><Cadence>87</Cadence><SensorState>Present</SensorState></Trackpoint><Trackpoint><Time>2024-07-23T10:39:01.000Z</Time><Position><LatitudeDegrees>43.28617983</LatitudeDegrees><LongitudeDegrees>-2.88657083</LongitudeDegrees></Position><AltitudeMeters>17.526</AltitudeMeters><DistanceMeters>703.9000244140625</DistanceMeters><Cadence>87</Cadence><SensorState>Present</SensorState></Trackpoint><Trackpoint><Time>2024-07-23T10:39:02.000Z</Time><Position><LatitudeDegrees>43.2861905</LatitudeDegrees><LongitudeDegrees>-2.88660433</LongitudeDegrees></Position><AltitudeMeters>17.526</AltitudeMeters><DistanceMeters>706.7999877929688</DistanceMeters><Cadence>87</Cadence><SensorState>Present</SensorState></Trackpoint><Trackpoint><Time>2024-07-23T10:39:03.000Z</Time><Position><LatitudeDegrees>43.28620083</LatitudeDegrees><LongitudeDegrees>-2.8866395</LongitudeDegrees></Position><AltitudeMeters>17.679</AltitudeMeters><DistanceMeters>709.7999877929688</DistanceMeters><Cadence>87</Cadence><SensorState>Present</SensorState></Trackpoint><Trackpoint><Time>2024-07-23T10:39:04.000Z</Time><Position><LatitudeDegrees>43.28621167</LatitudeDegrees><LongitudeDegrees>-2.88667383</LongitudeDegrees></Position><AltitudeMeters>17.679</AltitudeMeters><DistanceMeters>712.7000122070312</DistanceMeters><Cadence>87</Cadence><SensorState>Present</SensorState></Trackpoint><Trackpoint><Time>2024-07-23T10:39:05.000Z</Time><Position><LatitudeDegrees>43.28622433</LatitudeDegrees><LongitudeDegrees>-2.8867075</LongitudeDegrees></Position><AltitudeMeters>17.831</AltitudeMeters><DistanceMeters>715.5999755859375</DistanceMeters><Cadence>87</Cadence><SensorState>Present</SensorState></Trackpoint><Trackpoint><Time>2024-07-23T10:39:06.000Z</Time><Position><LatitudeDegrees>43.2862375</LatitudeDegrees><LongitudeDegrees>-2.88673817</LongitudeDegrees></Position><AltitudeMeters>17.831</AltitudeMeters><DistanceMeters>718.5</DistanceMeters><Cadence>88</Cadence><SensorState>Present</SensorState></Trackpoint><Trackpoint><Time>2024-07-23T10:39:07.000Z</Time><Position><LatitudeDegrees>43.28625267</LatitudeDegrees><LongitudeDegrees>-2.88676833</LongitudeDegrees></Position><AltitudeMeters>17.983</AltitudeMeters><DistanceMeters>721.2000122070312</DistanceMeters><Cadence>89</Cadence><SensorState>Present</SensorState></Trackpoint><Trackpoint><Time>2024-07-23T10:39:08.000Z</Time><Position><LatitudeDegrees>43.2862675</LatitudeDegrees><LongitudeDegrees>-2.88679667</LongitudeDegrees></Position><AltitudeMeters>17.983</AltitudeMeters><DistanceMeters>723.9000244140625</DistanceMeters><Cadence>87</Cadence><SensorState>Present</SensorState></Trackpoint><Trackpoint><Time>2024-07-23T10:39:09.000Z</Time><Position><LatitudeDegrees>43.28628433</LatitudeDegrees><LongitudeDegrees>-2.88682167</LongitudeDegrees></Position><AltitudeMeters>18.136</AltitudeMeters><DistanceMeters>726.5999755859375</DistanceMeters><Cadence>87</Cadence><SensorState>Present</SensorState></Trackpoint><Trackpoint><Time>2024-07-23T10:39:10.000Z</Time><Position><LatitudeDegrees>43.2863025</LatitudeDegrees><LongitudeDegrees>-2.88684233</LongitudeDegrees></Position><AltitudeMeters>18.136</AltitudeMeters><DistanceMeters>729.4000244140625</DistanceMeters><Cadence>87</Cadence><SensorState>Present</SensorState></Trackpoint><Trackpoint><Time>2024-07-23T10:39:11.000Z</Time><Position><LatitudeDegrees>43.28632133</LatitudeDegrees><LongitudeDegrees>-2.88686383</LongitudeDegrees></Position><AltitudeMeters>18.136</AltitudeMeters><DistanceMeters>732.2999877929688</DistanceMeters><Cadence>87</Cadence><SensorState>Present</SensorState></Trackpoint><Trackpoint><Time>2024-07-23T10:39:12.000Z</Time><Position><LatitudeDegrees>43.286341</LatitudeDegrees><LongitudeDegrees>-2.88688867</LongitudeDegrees></Position><AltitudeMeters>18.136</AltitudeMeters><DistanceMeters>735.2000122070312</DistanceMeters><Cadence>87</Cadence><SensorState>Present</SensorState></Trackpoint><Trackpoint><Time>2024-07-23T10:39:13.000Z</Time><Position><LatitudeDegrees>43.28635917</LatitudeDegrees><LongitudeDegrees>-2.88691767</LongitudeDegrees></Position><AltitudeMeters>18.288</AltitudeMeters><DistanceMeters>738.2999877929688</DistanceMeters><Cadence>87</Cadence><SensorState>Present</SensorState></Trackpoint><Trackpoint><Time>2024-07-23T10:39:14.000Z</Time><Position><LatitudeDegrees>43.28637883</LatitudeDegrees><LongitudeDegrees>-2.886946</LongitudeDegrees></Position><AltitudeMeters>18.288</AltitudeMeters><DistanceMeters>741.2999877929688</DistanceMeters><Cadence>87</Cadence><SensorState>Present</SensorState></Trackpoint><Trackpoint><Time>2024-07-23T10:39:15.000Z</Time><Position><LatitudeDegrees>43.286397</LatitudeDegrees><LongitudeDegrees>-2.88697367</LongitudeDegrees></Position><AltitudeMeters>18.441</AltitudeMeters><DistanceMeters>744.5999755859375</DistanceMeters><Cadence>87</Cadence><SensorState>Present</SensorState></Trackpoint><Trackpoint><Time>2024-07-23T10:39:16.000Z</Time><Position><LatitudeDegrees>43.286417</LatitudeDegrees><LongitudeDegrees>-2.88700033</LongitudeDegrees></Position><AltitudeMeters>18.441</AltitudeMeters><DistanceMeters>748.0</DistanceMeters><Cadence>87</Cadence><SensorState>Present</SensorState></Trackpoint><Trackpoint><Time>2024-07-23T10:39:17.000Z</Time><Position><LatitudeDegrees>43.28643833</LatitudeDegrees><LongitudeDegrees>-2.88702717</LongitudeDegrees></Position><AltitudeMeters>18.593</AltitudeMeters><DistanceMeters>751.5</DistanceMeters><Cadence>87</Cadence><SensorState>Present</SensorState></Trackpoint><Trackpoint><Time>2024-07-23T10:39:18.000Z</Time><Position><LatitudeDegrees>43.28646167</LatitudeDegrees><LongitudeDegrees>-2.88705183</LongitudeDegrees></Position><AltitudeMeters>18.593</AltitudeMeters><DistanceMeters>755.0999755859375</DistanceMeters><Cadence>87</Cadence><SensorState>Present</SensorState></Trackpoint><Trackpoint><Time>2024-07-23T10:39:19.000Z</Time><Position><LatitudeDegrees>43.28648567</LatitudeDegrees><LongitudeDegrees>-2.88707683</LongitudeDegrees></Position><AltitudeMeters>18.593</AltitudeMeters><DistanceMeters>758.7000122070312</DistanceMeters><Cadence>87</Cadence><SensorState>Present</SensorState></Trackpoint><Trackpoint><Time>2024-07-23T10:39:20.000Z</Time><Position><LatitudeDegrees>43.28650817</LatitudeDegrees><LongitudeDegrees>-2.8871035</LongitudeDegrees></Position><AltitudeMeters>18.593</AltitudeMeters><DistanceMeters>762.0999755859375</DistanceMeters><Cadence>87</Cadence><SensorState>Present</SensorState></Trackpoint><Trackpoint><Time>2024-07-23T10:39:21.000Z</Time><Position><LatitudeDegrees>43.28653167</LatitudeDegrees><LongitudeDegrees>-2.88713267</LongitudeDegrees></Position><AltitudeMeters>18.745</AltitudeMeters><DistanceMeters>765.5999755859375</DistanceMeters><Cadence>87</Cadence><SensorState>Present</SensorState></Trackpoint><Trackpoint><Time>2024-07-23T10:39:22.000Z</Time><Position><LatitudeDegrees>43.286555</LatitudeDegrees><LongitudeDegrees>-2.88715983</LongitudeDegrees></Position><AltitudeMeters>18.745</AltitudeMeters><DistanceMeters>769.2000122070312</DistanceMeters><Cadence>87</Cadence><SensorState>Present</SensorState></Trackpoint><Trackpoint><Time>2024-07-23T10:39:23.000Z</Time><Position><LatitudeDegrees>43.2865795</LatitudeDegrees><LongitudeDegrees>-2.88718583</LongitudeDegrees></Position><AltitudeMeters>18.898</AltitudeMeters><DistanceMeters>772.5</DistanceMeters><Cadence>88</Cadence><SensorState>Present</SensorState></Trackpoint><Trackpoint><Time>2024-07-23T10:39:24.000Z</Time><Position><LatitudeDegrees>43.28660317</LatitudeDegrees><LongitudeDegrees>-2.8872095</LongitudeDegrees></Position><AltitudeMeters>18.898</AltitudeMeters><DistanceMeters>775.5999755859375</DistanceMeters><Cadence>89</Cadence><SensorState>Present</SensorState></Trackpoint><Trackpoint><Time>2024-07-23T10:39:25.000Z</Time><Position><LatitudeDegrees>43.28662567</LatitudeDegrees><LongitudeDegrees>-2.88723133</LongitudeDegrees></Position><AltitudeMeters>18.898</AltitudeMeters><DistanceMeters>778.5999755859375</DistanceMeters><Cadence>89</Cadence><SensorState>Present</SensorState></Trackpoint><Trackpoint><Time>2024-07-23T10:39:26.000Z</Time><Position><LatitudeDegrees>43.2866485</LatitudeDegrees><LongitudeDegrees>-2.887249</LongitudeDegrees></Position><AltitudeMeters>18.898</AltitudeMeters><DistanceMeters>781.5999755859375</DistanceMeters><Cadence>89</Cadence><SensorState>Present</SensorState></Trackpoint><Trackpoint><Time>2024-07-23T10:39:27.000Z</Time><Position><LatitudeDegrees>43.28667067</LatitudeDegrees><LongitudeDegrees>-2.88726483</LongitudeDegrees></Position><AltitudeMeters>19.05</AltitudeMeters><DistanceMeters>784.5</DistanceMeters><Cadence>88</Cadence><SensorState>Present</SensorState></Trackpoint><Trackpoint><Time>2024-07-23T10:39:28.000Z</Time><Position><LatitudeDegrees>43.28669517</LatitudeDegrees><LongitudeDegrees>-2.8872815</LongitudeDegrees></Position><AltitudeMeters>19.05</AltitudeMeters><DistanceMeters>787.2999877929688</DistanceMeters><Cadence>87</Cadence><SensorState>Present</SensorState></Trackpoint><Trackpoint><Time>2024-07-23T10:39:29.000Z</Time><Position><LatitudeDegrees>43.28672033</LatitudeDegrees><LongitudeDegrees>-2.8872955</LongitudeDegrees></Position><AltitudeMeters>19.203</AltitudeMeters><DistanceMeters>789.9000244140625</DistanceMeters><Cadence>87</Cadence><SensorState>Present</SensorState></Trackpoint><Trackpoint><Time>2024-07-23T10:39:30.000Z</Time><Position><LatitudeDegrees>43.28674583</LatitudeDegrees><LongitudeDegrees>-2.88730817</LongitudeDegrees></Position><AltitudeMeters>19.203</AltitudeMeters><DistanceMeters>792.0</DistanceMeters><Cadence>87</Cadence><SensorState>Present</SensorState></Trackpoint><Trackpoint><Time>2024-07-23T10:39:31.000Z</Time><Position><LatitudeDegrees>43.28676817</LatitudeDegrees><LongitudeDegrees>-2.8873195</LongitudeDegrees></Position><AltitudeMeters>19.355</AltitudeMeters><DistanceMeters>793.7999877929688</DistanceMeters><Cadence>87</Cadence><SensorState>Present</SensorState></Trackpoint><Trackpoint><Time>2024-07-23T10:39:32.000Z</Time><Position><LatitudeDegrees>43.28678467</LatitudeDegrees><LongitudeDegrees>-2.88733233</LongitudeDegrees></Position><AltitudeMeters>19.355</AltitudeMeters><DistanceMeters>795.2000122070312</DistanceMeters><Cadence>87</Cadence><SensorState>Present</SensorState></Trackpoint><Trackpoint><Time>2024-07-23T10:39:33.000Z</Time><Position><LatitudeDegrees>43.28679583</LatitudeDegrees><LongitudeDegrees>-2.88734533</LongitudeDegrees></Position><AltitudeMeters>19.507</AltitudeMeters><DistanceMeters>796.9000244140625</DistanceMeters><Cadence>87</Cadence><SensorState>Present</SensorState></Trackpoint><Trackpoint><Time>2024-07-23T10:39:34.000Z</Time><Position><LatitudeDegrees>43.28680167</LatitudeDegrees><LongitudeDegrees>-2.88736117</LongitudeDegrees></Position><AltitudeMeters>19.507</AltitudeMeters><DistanceMeters>798.5999755859375</DistanceMeters><Cadence>87</Cadence><SensorState>Present</SensorState></Trackpoint><Trackpoint><Time>2024-07-23T10:39:35.000Z</Time><Position><LatitudeDegrees>43.28680917</LatitudeDegrees><LongitudeDegrees>-2.887383</LongitudeDegrees></Position><AltitudeMeters>19.66</AltitudeMeters><DistanceMeters>800.0</DistanceMeters><Cadence>87</Cadence><SensorState>Present</SensorState></Trackpoint><Trackpoint><Time>2024-07-23T10:39:36.000Z</Time><Position><LatitudeDegrees>43.28682217</LatitudeDegrees><LongitudeDegrees>-2.88739933</LongitudeDegrees></Position><AltitudeMeters>19.66</AltitudeMeters><DistanceMeters>801.5</DistanceMeters><Cadence>87</Cadence><SensorState>Present</SensorState></Trackpoint><Trackpoint><Time>2024-07-23T10:39:37.000Z</Time><Position><LatitudeDegrees>43.28684217</LatitudeDegrees><LongitudeDegrees>-2.88740883</LongitudeDegrees></Position><AltitudeMeters>19.965</AltitudeMeters><DistanceMeters>803.5</DistanceMeters><Cadence>87</Cadence><SensorState>Present</SensorState></Trackpoint><Trackpoint><Time>2024-07-23T10:39:38.000Z</Time><Position><LatitudeDegrees>43.28686617</LatitudeDegrees><LongitudeDegrees>-2.88740833</LongitudeDegrees></Position><AltitudeMeters>19.965</AltitudeMeters><DistanceMeters>805.9000244140625</DistanceMeters><Cadence>87</Cadence><SensorState>Present</SensorState></Trackpoint><Trackpoint><Time>2024-07-23T10:39:39.000Z</Time><Position><LatitudeDegrees>43.28688967</LatitudeDegrees><LongitudeDegrees>-2.88741183</LongitudeDegrees></Position><AltitudeMeters>19.965</AltitudeMeters><DistanceMeters>808.4000244140625</DistanceMeters><Cadence>87</Cadence><SensorState>Present</SensorState></Trackpoint><Trackpoint><Time>2024-07-23T10:39:40.000Z</Time><Position><LatitudeDegrees>43.28691333</LatitudeDegrees><LongitudeDegrees>-2.88742233</LongitudeDegrees></Position><AltitudeMeters>19.965</AltitudeMeters><DistanceMeters>810.9000244140625</DistanceMeters><Cadence>87</Cadence><SensorState>Present</SensorState></Trackpoint><Trackpoint><Time>2024-07-23T10:39:41.000Z</Time><Position><LatitudeDegrees>43.28693533</LatitudeDegrees><LongitudeDegrees>-2.88743633</LongitudeDegrees></Position><AltitudeMeters>20.117</AltitudeMeters><DistanceMeters>813.5999755859375</DistanceMeters><Cadence>87</Cadence><SensorState>Present</SensorState></Trackpoint><Trackpoint><Time>2024-07-23T10:39:42.000Z</Time><Position><LatitudeDegrees>43.286957</LatitudeDegrees><LongitudeDegrees>-2.887445</LongitudeDegrees></Position><AltitudeMeters>20.117</AltitudeMeters><DistanceMeters>815.7999877929688</DistanceMeters><Cadence>87</Cadence><SensorState>Present</SensorState></Trackpoint><Trackpoint><Time>2024-07-23T10:39:43.000Z</Time><Position><LatitudeDegrees>43.28697417</LatitudeDegrees><LongitudeDegrees>-2.8874435</LongitudeDegrees></Position><AltitudeMeters>20.117</AltitudeMeters><DistanceMeters>817.7000122070312</DistanceMeters><Cadence>87</Cadence><SensorState>Present</SensorState></Trackpoint><Trackpoint><Time>2024-07-23T10:39:44.000Z</Time><Position><LatitudeDegrees>43.286986</LatitudeDegrees><LongitudeDegrees>-2.88743883</LongitudeDegrees></Position><AltitudeMeters>20.117</AltitudeMeters><DistanceMeters>819.2000122070312</DistanceMeters><Cadence>87</Cadence><SensorState>Present</SensorState></Trackpoint><Trackpoint><Time>2024-07-23T10:39:45.000Z</Time><Position><LatitudeDegrees>43.2869975</LatitudeDegrees><LongitudeDegrees>-2.88743833</LongitudeDegrees></Position><AltitudeMeters>20.117</AltitudeMeters><DistanceMeters>820.7999877929688</DistanceMeters><Cadence>87</Cadence><SensorState>Present</SensorState></Trackpoint><Trackpoint><Time>2024-07-23T10:39:46.000Z</Time><Position><LatitudeDegrees>43.28700967</LatitudeDegrees><LongitudeDegrees>-2.88744083</LongitudeDegrees></Position><AltitudeMeters>20.117</AltitudeMeters><DistanceMeters>822.7999877929688</DistanceMeters><Cadence>87</Cadence><SensorState>Present</SensorState></Trackpoint><Trackpoint><Time>2024-07-23T10:39:47.000Z</Time><Position><LatitudeDegrees>43.28702817</LatitudeDegrees><LongitudeDegrees>-2.88744833</LongitudeDegrees></Position><AltitudeMeters>20.269</AltitudeMeters><DistanceMeters>825.2000122070312</DistanceMeters><Cadence>87</Cadence><SensorState>Present</SensorState></Trackpoint><Trackpoint><Time>2024-07-23T10:39:48.000Z</Time><Position><LatitudeDegrees>43.28705267</LatitudeDegrees><LongitudeDegrees>-2.88745067</LongitudeDegrees></Position><AltitudeMeters>20.269</AltitudeMeters><DistanceMeters>828.2000122070312</DistanceMeters><Cadence>87</Cadence><SensorState>Present</SensorState></Trackpoint><Trackpoint><Time>2024-07-23T10:39:49.000Z</Time><Position><LatitudeDegrees>43.28708217</LatitudeDegrees><LongitudeDegrees>-2.88745417</LongitudeDegrees></Position><AltitudeMeters>20.269</AltitudeMeters><DistanceMeters>831.7000122070312</DistanceMeters><Cadence>87</Cadence><SensorState>Present</SensorState></Trackpoint><Trackpoint><Time>2024-07-23T10:39:50.000Z</Time><Position><LatitudeDegrees>43.28711733</LatitudeDegrees><LongitudeDegrees>-2.887454</LongitudeDegrees></Position><AltitudeMeters>20.269</AltitudeMeters><DistanceMeters>836.0</DistanceMeters><Cadence>87</Cadence><SensorState>Present</SensorState></Trackpoint><Trackpoint><Time>2024-07-23T10:39:51.000Z</Time><Position><LatitudeDegrees>43.2871535</LatitudeDegrees><LongitudeDegrees>-2.88745383</LongitudeDegrees></Position><AltitudeMeters>20.422</AltitudeMeters><DistanceMeters>840.7000122070312</DistanceMeters><Cadence>87</Cadence><SensorState>Present</SensorState></Trackpoint><Trackpoint><Time>2024-07-23T10:39:52.000Z</Time><Position><LatitudeDegrees>43.28719233</LatitudeDegrees><LongitudeDegrees>-2.88745133</LongitudeDegrees></Position><AltitudeMeters>20.422</AltitudeMeters><DistanceMeters>845.2999877929688</DistanceMeters><Cadence>87</Cadence><SensorState>Present</SensorState></Trackpoint><Trackpoint><Time>2024-07-23T10:39:53.000Z</Time><Position><LatitudeDegrees>43.28722633</LatitudeDegrees><LongitudeDegrees>-2.88745133</LongitudeDegrees></Position><AltitudeMeters>20.422</AltitudeMeters><DistanceMeters>849.9000244140625</DistanceMeters><Cadence>87</Cadence><SensorState>Present</SensorState></Trackpoint><Trackpoint><Time>2024-07-23T10:39:54.000Z</Time><Position><LatitudeDegrees>43.28725567</LatitudeDegrees><LongitudeDegrees>-2.8874615</LongitudeDegrees></Position><AltitudeMeters>20.422</AltitudeMeters><DistanceMeters>854.2999877929688</DistanceMeters><Cadence>87</Cadence><SensorState>Present</SensorState></Trackpoint><Trackpoint><Time>2024-07-23T10:39:55.000Z</Time><Position><LatitudeDegrees>43.287284</LatitudeDegrees><LongitudeDegrees>-2.88747883</LongitudeDegrees></Position><AltitudeMeters>20.422</AltitudeMeters><DistanceMeters>858.5</DistanceMeters><Cadence>87</Cadence><SensorState>Present</SensorState></Trackpoint><Trackpoint><Time>2024-07-23T10:39:56.000Z</Time><Position><LatitudeDegrees>43.2873135</LatitudeDegrees><LongitudeDegrees>-2.88749617</LongitudeDegrees></Position><AltitudeMeters>20.422</AltitudeMeters><DistanceMeters>862.2999877929688</DistanceMeters><Cadence>87</Cadence><SensorState>Present</SensorState></Trackpoint><Trackpoint><Time>2024-07-23T10:39:57.000Z</Time><Position><LatitudeDegrees>43.28734383</LatitudeDegrees><LongitudeDegrees>-2.88751317</LongitudeDegrees></Position><AltitudeMeters>20.574</AltitudeMeters><DistanceMeters>865.5999755859375</DistanceMeters><Cadence>88</Cadence><SensorState>Present</SensorState></Trackpoint><Trackpoint><Time>2024-07-23T10:39:58.000Z</Time><Position><LatitudeDegrees>43.28737217</LatitudeDegrees><LongitudeDegrees>-2.88753517</LongitudeDegrees></Position><AltitudeMeters>20.574</AltitudeMeters><DistanceMeters>869.0</DistanceMeters><Cadence>87</Cadence><SensorState>Present</SensorState></Trackpoint><Trackpoint><Time>2024-07-23T10:39:59.000Z</Time><Position><LatitudeDegrees>43.2873995</LatitudeDegrees><LongitudeDegrees>-2.8875595</LongitudeDegrees></Position><AltitudeMeters>20.574</AltitudeMeters><DistanceMeters>872.2999877929688</DistanceMeters><Cadence>87</Cadence><SensorState>Present</SensorState></Trackpoint><Trackpoint><Time>2024-07-23T10:40:00.000Z</Time><Position><LatitudeDegrees>43.28742683</LatitudeDegrees><LongitudeDegrees>-2.88758333</LongitudeDegrees></Position><AltitudeMeters>20.574</AltitudeMeters><DistanceMeters>876.0</DistanceMeters><Cadence>87</Cadence><SensorState>Present</SensorState></Trackpoint><Trackpoint><Time>2024-07-23T10:40:01.000Z</Time><Position><LatitudeDegrees>43.287455</LatitudeDegrees><LongitudeDegrees>-2.88760467</LongitudeDegrees></Position><AltitudeMeters>20.727</AltitudeMeters><DistanceMeters>879.7000122070312</DistanceMeters><Cadence>87</Cadence><SensorState>Present</SensorState></Trackpoint><Trackpoint><Time>2024-07-23T10:40:02.000Z</Time><Position><LatitudeDegrees>43.28748417</LatitudeDegrees><LongitudeDegrees>-2.88762583</LongitudeDegrees></Position><AltitudeMeters>20.727</AltitudeMeters><DistanceMeters>883.2999877929688</DistanceMeters><Cadence>87</Cadence><SensorState>Present</SensorState></Trackpoint><Trackpoint><Time>2024-07-23T10:40:03.000Z</Time><Position><LatitudeDegrees>43.28751217</LatitudeDegrees><LongitudeDegrees>-2.88764817</LongitudeDegrees></Position><AltitudeMeters>20.727</AltitudeMeters><DistanceMeters>886.7999877929688</DistanceMeters><Cadence>88</Cadence><SensorState>Present</SensorState></Trackpoint><Trackpoint><Time>2024-07-23T10:40:04.000Z</Time><Position><LatitudeDegrees>43.28753917</LatitudeDegrees><LongitudeDegrees>-2.88766867</LongitudeDegrees></Position><AltitudeMeters>20.727</AltitudeMeters><DistanceMeters>890.2999877929688</DistanceMeters><Cadence>87</Cadence><SensorState>Present</SensorState></Trackpoint><Trackpoint><Time>2024-07-23T10:40:05.000Z</Time><Position><LatitudeDegrees>43.28756367</LatitudeDegrees><LongitudeDegrees>-2.88769183</LongitudeDegrees></Position><AltitudeMeters>20.879</AltitudeMeters><DistanceMeters>893.7999877929688</DistanceMeters><Cadence>87</Cadence><SensorState>Present</SensorState></Trackpoint><Trackpoint><Time>2024-07-23T10:40:06.000Z</Time><Position><LatitudeDegrees>43.287588</LatitudeDegrees><LongitudeDegrees>-2.88771717</LongitudeDegrees></Position><AltitudeMeters>20.879</AltitudeMeters><DistanceMeters>897.2999877929688</DistanceMeters><Cadence>87</Cadence><SensorState>Present</SensorState></Trackpoint><Trackpoint><Time>2024-07-23T10:40:07.000Z</Time><Position><LatitudeDegrees>43.2876115</LatitudeDegrees><LongitudeDegrees>-2.88774583</LongitudeDegrees></Position><AltitudeMeters>21.031</AltitudeMeters><DistanceMeters>900.7999877929688</DistanceMeters><Cadence>87</Cadence><SensorState>Present</SensorState></Trackpoint><Trackpoint><Time>2024-07-23T10:40:08.000Z</Time><Position><LatitudeDegrees>43.28763667</LatitudeDegrees><LongitudeDegrees>-2.88777433</LongitudeDegrees></Position><AltitudeMeters>21.031</AltitudeMeters><DistanceMeters>904.4000244140625</DistanceMeters><Cadence>87</Cadence><SensorState>Present</SensorState></Trackpoint><Trackpoint><Time>2024-07-23T10:40:09.000Z</Time><Position><LatitudeDegrees>43.28766183</LatitudeDegrees><LongitudeDegrees>-2.88780133</LongitudeDegrees></Position><AltitudeMeters>21.031</AltitudeMeters><DistanceMeters>907.7999877929688</DistanceMeters><Cadence>87</Cadence><SensorState>Present</SensorState></Trackpoint><Trackpoint><Time>2024-07-23T10:40:10.000Z</Time><Position><LatitudeDegrees>43.2876875</LatitudeDegrees><LongitudeDegrees>-2.88782833</LongitudeDegrees></Position><AltitudeMeters>21.031</AltitudeMeters><DistanceMeters>911.4000244140625</DistanceMeters><Cadence>88</Cadence><SensorState>Present</SensorState></Trackpoint><Trackpoint><Time>2024-07-23T10:40:11.000Z</Time><Position><LatitudeDegrees>43.28770967</LatitudeDegrees><LongitudeDegrees>-2.8878585</LongitudeDegrees></Position><AltitudeMeters>21.336</AltitudeMeters><DistanceMeters>915.0999755859375</DistanceMeters><Cadence>89</Cadence><SensorState>Present</SensorState></Trackpoint><Trackpoint><Time>2024-07-23T10:40:12.000Z</Time><Position><LatitudeDegrees>43.287732</LatitudeDegrees><LongitudeDegrees>-2.8878915</LongitudeDegrees></Position><AltitudeMeters>21.336</AltitudeMeters><DistanceMeters>918.7999877929688</DistanceMeters><Cadence>89</Cadence><SensorState>Present</SensorState></Trackpoint><Trackpoint><Time>2024-07-23T10:40:13.000Z</Time><Position><LatitudeDegrees>43.287752</LatitudeDegrees><LongitudeDegrees>-2.88792667</LongitudeDegrees></Position><AltitudeMeters>21.489</AltitudeMeters><DistanceMeters>922.5</DistanceMeters><Cadence>89</Cadence><SensorState>Present</SensorState></Trackpoint><Trackpoint><Time>2024-07-23T10:40:14.000Z</Time><Position><LatitudeDegrees>43.28777333</LatitudeDegrees><LongitudeDegrees>-2.88796067</LongitudeDegrees></Position><AltitudeMeters>21.489</AltitudeMeters><DistanceMeters>926.0</DistanceMeters><Cadence>89</Cadence><SensorState>Present</SensorState></Trackpoint><Trackpoint><Time>2024-07-23T10:40:15.000Z</Time><Position><LatitudeDegrees>43.2877935</LatitudeDegrees><LongitudeDegrees>-2.887994</LongitudeDegrees></Position><AltitudeMeters>21.641</AltitudeMeters><DistanceMeters>929.4000244140625</DistanceMeters><Cadence>89</Cadence><SensorState>Present</SensorState></Trackpoint><Trackpoint><Time>2024-07-23T10:40:16.000Z</Time><Position><LatitudeDegrees>43.28781567</LatitudeDegrees><LongitudeDegrees>-2.88802333</LongitudeDegrees></Position><AltitudeMeters>21.641</AltitudeMeters><DistanceMeters>932.7999877929688</DistanceMeters><Cadence>89</Cadence><SensorState>Present</SensorState></Trackpoint><Trackpoint><Time>2024-07-23T10:40:17.000Z</Time><Position><LatitudeDegrees>43.28783917</LatitudeDegrees><LongitudeDegrees>-2.88804983</LongitudeDegrees></Position><AltitudeMeters>21.946</AltitudeMeters><DistanceMeters>936.0999755859375</DistanceMeters><Cadence>88</Cadence><SensorState>Present</SensorState></Trackpoint><Trackpoint><Time>2024-07-23T10:40:18.000Z</Time><Position><LatitudeDegrees>43.28786317</LatitudeDegrees><LongitudeDegrees>-2.88807483</LongitudeDegrees></Position><AltitudeMeters>21.946</AltitudeMeters><DistanceMeters>939.2999877929688</DistanceMeters><Cadence>87</Cadence><SensorState>Present</SensorState></Trackpoint><Trackpoint><Time>2024-07-23T10:40:19.000Z</Time><Position><LatitudeDegrees>43.28788633</LatitudeDegrees><LongitudeDegrees>-2.88809783</LongitudeDegrees></Position><AltitudeMeters>22.098</AltitudeMeters><DistanceMeters>942.2999877929688</DistanceMeters><Cadence>87</Cadence><SensorState>Present</SensorState></Trackpoint><Trackpoint><Time>2024-07-23T10:40:20.000Z</Time><Position><LatitudeDegrees>43.28790933</LatitudeDegrees><LongitudeDegrees>-2.88811867</LongitudeDegrees></Position><AltitudeMeters>22.098</AltitudeMeters><DistanceMeters>945.2999877929688</DistanceMeters><Cadence>87</Cadence><SensorState>Present</SensorState></Trackpoint><Trackpoint><Time>2024-07-23T10:40:21.000Z</Time><Position><LatitudeDegrees>43.28793283</LatitudeDegrees><LongitudeDegrees>-2.888139</LongitudeDegrees></Position><AltitudeMeters>22.251</AltitudeMeters><DistanceMeters>948.2000122070312</DistanceMeters><Cadence>87</Cadence><SensorState>Present</SensorState></Trackpoint><Trackpoint><Time>2024-07-23T10:40:22.000Z</Time><Position><LatitudeDegrees>43.28795517</LatitudeDegrees><LongitudeDegrees>-2.88816017</LongitudeDegrees></Position><AltitudeMeters>22.251</AltitudeMeters><DistanceMeters>951.0999755859375</DistanceMeters><Cadence>88</Cadence><SensorState>Present</SensorState></Trackpoint><Trackpoint><Time>2024-07-23T10:40:23.000Z</Time><Position><LatitudeDegrees>43.287978</LatitudeDegrees><LongitudeDegrees>-2.88818167</LongitudeDegrees></Position><AltitudeMeters>22.555</AltitudeMeters><DistanceMeters>954.2999877929688</DistanceMeters><Cadence>89</Cadence><SensorState>Present</SensorState></Trackpoint><Trackpoint><Time>2024-07-23T10:40:24.000Z</Time><Position><LatitudeDegrees>43.2880025</LatitudeDegrees><LongitudeDegrees>-2.888198</LongitudeDegrees></Position><AltitudeMeters>22.555</AltitudeMeters><DistanceMeters>957.5</DistanceMeters><Cadence>89</Cadence><SensorState>Present</SensorState></Trackpoint><Trackpoint><Time>2024-07-23T10:40:25.000Z</Time><Position><LatitudeDegrees>43.2880315</LatitudeDegrees><LongitudeDegrees>-2.88821167</LongitudeDegrees></Position><AltitudeMeters>22.708</AltitudeMeters><DistanceMeters>960.7000122070312</DistanceMeters><Cadence>89</Cadence><SensorState>Present</SensorState></Trackpoint><Trackpoint><Time>2024-07-23T10:40:26.000Z</Time><Position><LatitudeDegrees>43.28806067</LatitudeDegrees><LongitudeDegrees>-2.88822417</LongitudeDegrees></Position><AltitudeMeters>22.708</AltitudeMeters><DistanceMeters>964.0</DistanceMeters><Cadence>89</Cadence><SensorState>Present</SensorState></Trackpoint><Trackpoint><Time>2024-07-23T10:40:27.000Z</Time><Position><LatitudeDegrees>43.28808883</LatitudeDegrees><LongitudeDegrees>-2.88823867</LongitudeDegrees></Position><AltitudeMeters>22.86</AltitudeMeters><DistanceMeters>967.2999877929688</DistanceMeters><Cadence>89</Cadence><SensorState>Present</SensorState></Trackpoint><Trackpoint><Time>2024-07-23T10:40:28.000Z</Time><Position><LatitudeDegrees>43.28811567</LatitudeDegrees><LongitudeDegrees>-2.8882515</LongitudeDegrees></Position><AltitudeMeters>22.86</AltitudeMeters><DistanceMeters>970.5999755859375</DistanceMeters><Cadence>89</Cadence><SensorState>Present</SensorState></Trackpoint><Trackpoint><Time>2024-07-23T10:40:29.000Z</Time><Position><LatitudeDegrees>43.28814383</LatitudeDegrees><LongitudeDegrees>-2.88826317</LongitudeDegrees></Position><AltitudeMeters>23.165</AltitudeMeters><DistanceMeters>974.0999755859375</DistanceMeters><Cadence>89</Cadence><SensorState>Present</SensorState></Trackpoint><Trackpoint><Time>2024-07-23T10:40:30.000Z</Time><Position><LatitudeDegrees>43.28817167</LatitudeDegrees><LongitudeDegrees>-2.88827267</LongitudeDegrees></Position><AltitudeMeters>23.165</AltitudeMeters><DistanceMeters>977.4000244140625</DistanceMeters><Cadence>89</Cadence><SensorState>Present</SensorState></Trackpoint><Trackpoint><Time>2024-07-23T10:40:31.000Z</Time><Position><LatitudeDegrees>43.28820017</LatitudeDegrees><LongitudeDegrees>-2.88828217</LongitudeDegrees></Position><AltitudeMeters>23.317</AltitudeMeters><DistanceMeters>980.9000244140625</DistanceMeters><Cadence>89</Cadence><SensorState>Present</SensorState></Trackpoint><Trackpoint><Time>2024-07-23T10:40:32.000Z</Time><Position><LatitudeDegrees>43.28822833</LatitudeDegrees><LongitudeDegrees>-2.88828733</LongitudeDegrees></Position><AltitudeMeters>23.317</AltitudeMeters><DistanceMeters>984.0999755859375</DistanceMeters><Cadence>89</Cadence><SensorState>Present</SensorState></Trackpoint><Trackpoint><Time>2024-07-23T10:40:33.000Z</Time><Position><LatitudeDegrees>43.28825833</LatitudeDegrees><LongitudeDegrees>-2.88829183</LongitudeDegrees></Position><AltitudeMeters>23.47</AltitudeMeters><DistanceMeters>987.4000244140625</DistanceMeters><Cadence>89</Cadence><SensorState>Present</SensorState></Trackpoint><Trackpoint><Time>2024-07-23T10:40:34.000Z</Time><Position><LatitudeDegrees>43.28828817</LatitudeDegrees><LongitudeDegrees>-2.88829667</LongitudeDegrees></Position><AltitudeMeters>23.47</AltitudeMeters><DistanceMeters>990.5999755859375</DistanceMeters><Cadence>89</Cadence><SensorState>Present</SensorState></Trackpoint><Trackpoint><Time>2024-07-23T10:40:35.000Z</Time><Position><LatitudeDegrees>43.288318</LatitudeDegrees><LongitudeDegrees>-2.8883015</LongitudeDegrees></Position><AltitudeMeters>23.775</AltitudeMeters><DistanceMeters>993.7999877929688</DistanceMeters><Cadence>89</Cadence><SensorState>Present</SensorState></Trackpoint><Trackpoint><Time>2024-07-23T10:40:36.000Z</Time><Position><LatitudeDegrees>43.2883465</LatitudeDegrees><LongitudeDegrees>-2.88830633</LongitudeDegrees></Position><AltitudeMeters>23.775</AltitudeMeters><DistanceMeters>997.0999755859375</DistanceMeters><Cadence>89</Cadence><SensorState>Present</SensorState></Trackpoint><Trackpoint><Time>2024-07-23T10:40:37.000Z</Time><Position><LatitudeDegrees>43.2883735</LatitudeDegrees><LongitudeDegrees>-2.88831267</LongitudeDegrees></Position><AltitudeMeters>23.927</AltitudeMeters><DistanceMeters>1000.2999877929688</DistanceMeters><Cadence>89</Cadence><SensorState>Present</SensorState></Trackpoint><Trackpoint><Time>2024-07-23T10:40:38.000Z</Time><Position><LatitudeDegrees>43.28840233</LatitudeDegrees><LongitudeDegrees>-2.88831783</LongitudeDegrees></Position><AltitudeMeters>23.927</AltitudeMeters><DistanceMeters>1003.5</DistanceMeters><Cadence>89</Cadence><SensorState>Present</SensorState></Trackpoint><Trackpoint><Time>2024-07-23T10:40:39.000Z</Time><Position><LatitudeDegrees>43.2884305</LatitudeDegrees><LongitudeDegrees>-2.88832117</LongitudeDegrees></Position><AltitudeMeters>24.232</AltitudeMeters><DistanceMeters>1006.5999755859375</DistanceMeters><Cadence>89</Cadence><SensorState>Present</SensorState></Trackpoint><Trackpoint><Time>2024-07-23T10:40:40.000Z</Time><Position><LatitudeDegrees>43.28845983</LatitudeDegrees><LongitudeDegrees>-2.88832</LongitudeDegrees></Position><AltitudeMeters>24.232</AltitudeMeters><DistanceMeters>1009.7000122070312</DistanceMeters><Cadence>89</Cadence><SensorState>Present</SensorState></Trackpoint></Track><Extensions><LX xmlns="http://www.garmin.com/xmlschemas/ActivityExtension/v2"><AvgSpeed>2.99850066502889</AvgSpeed></LX></Extensions></Lap><Lap xmlns="http://www.garmin.com/xmlschemas/TrainingCenterDatabase/v2" StartTime="2024-07-23T10:40:41.000Z"><TotalTimeSeconds>294.0</TotalTimeSeconds><DistanceMeters>1000.0</DistanceMeters><MaximumSpeed>3.5277774598863387</MaximumSpeed><Calories>0</Calories><Intensity>Active</Intensity><Cadence>90</Cadence><TriggerMethod>Distance</TriggerMethod><Track><Trackpoint><Time>2024-07-23T10:40:41.000Z</Time><Position><LatitudeDegrees>43.28848583</LatitudeDegrees><LongitudeDegrees>-2.8883205</LongitudeDegrees></Position><AltitudeMeters>24.384</AltitudeMeters><DistanceMeters>1012.7999877929688</DistanceMeters><Cadence>89</Cadence><SensorState>Present</SensorState></Trackpoint><Trackpoint><Time>2024-07-23T10:40:42.000Z</Time><Position><LatitudeDegrees>43.28851383</LatitudeDegrees><LongitudeDegrees>-2.88831783</LongitudeDegrees></Position><AltitudeMeters>24.384</AltitudeMeters><DistanceMeters>1016.0</DistanceMeters><Cadence>89</Cadence><SensorState>Present</SensorState></Trackpoint><Trackpoint><Time>2024-07-23T10:40:43.000Z</Time><Position><LatitudeDegrees>43.28854217</LatitudeDegrees><LongitudeDegrees>-2.8883145</LongitudeDegrees></Position><AltitudeMeters>24.537</AltitudeMeters><DistanceMeters>1019.4000244140625</DistanceMeters><Cadence>89</Cadence><SensorState>Present</SensorState></Trackpoint><Trackpoint><Time>2024-07-23T10:40:44.000Z</Time><Position><LatitudeDegrees>43.28857333</LatitudeDegrees><LongitudeDegrees>-2.888308</LongitudeDegrees></Position><AltitudeMeters>24.537</AltitudeMeters><DistanceMeters>1022.7999877929688</DistanceMeters><Cadence>89</Cadence><SensorState>Present</SensorState></Trackpoint><Trackpoint><Time>2024-07-23T10:40:45.000Z</Time><Position><LatitudeDegrees>43.28860333</LatitudeDegrees><LongitudeDegrees>-2.88830167</LongitudeDegrees></Position><AltitudeMeters>24.689</AltitudeMeters><DistanceMeters>1025.9000244140625</DistanceMeters><Cadence>89</Cadence><SensorState>Present</SensorState></Trackpoint><Trackpoint><Time>2024-07-23T10:40:46.000Z</Time><Position><LatitudeDegrees>43.288633</LatitudeDegrees><LongitudeDegrees>-2.8882935</LongitudeDegrees></Position><AltitudeMeters>24.689</AltitudeMeters><DistanceMeters>1029.0999755859375</DistanceMeters><Cadence>89</Cadence><SensorState>Present</SensorState></Trackpoint><Trackpoint><Time>2024-07-23T10:40:47.000Z</Time><Position><LatitudeDegrees>43.28866083</LatitudeDegrees><LongitudeDegrees>-2.88828617</LongitudeDegrees></Position><AltitudeMeters>24.842</AltitudeMeters><DistanceMeters>1032.199951171875</DistanceMeters><Cadence>89</Cadence><SensorState>Present</SensorState></Trackpoint><Trackpoint><Time>2024-07-23T10:40:48.000Z</Time><Position><LatitudeDegrees>43.28868767</LatitudeDegrees><LongitudeDegrees>-2.888278</LongitudeDegrees></Position><AltitudeMeters>24.842</AltitudeMeters><DistanceMeters>1035.5</DistanceMeters><Cadence>89</Cadence><SensorState>Present</SensorState></Trackpoint><Trackpoint><Time>2024-07-23T10:40:49.000Z</Time><Position><LatitudeDegrees>43.288714</LatitudeDegrees><LongitudeDegrees>-2.88827217</LongitudeDegrees></Position><AltitudeMeters>24.994</AltitudeMeters><DistanceMeters>1038.5999755859375</DistanceMeters><Cadence>89</Cadence><SensorState>Present</SensorState></Trackpoint><Trackpoint><Time>2024-07-23T10:40:50.000Z</Time><Position><LatitudeDegrees>43.2887405</LatitudeDegrees><LongitudeDegrees>-2.88826583</LongitudeDegrees></Position><AltitudeMeters>24.994</AltitudeMeters><DistanceMeters>1041.800048828125</DistanceMeters><Cadence>89</Cadence><SensorState>Present</SensorState></Trackpoint><Trackpoint><Time>2024-07-23T10:40:51.000Z</Time><Position><LatitudeDegrees>43.28876683</LatitudeDegrees><LongitudeDegrees>-2.88825767</LongitudeDegrees></Position><AltitudeMeters>25.146</AltitudeMeters><DistanceMeters>1044.699951171875</DistanceMeters><Cadence>89</Cadence><SensorState>Present</SensorState></Trackpoint><Trackpoint><Time>2024-07-23T10:40:52.000Z</Time><Position><LatitudeDegrees>43.28879367</LatitudeDegrees><LongitudeDegrees>-2.88824417</LongitudeDegrees></Position><AltitudeMeters>25.146</AltitudeMeters><DistanceMeters>1047.800048828125</DistanceMeters><Cadence>89</Cadence><SensorState>Present</SensorState></Trackpoint><Trackpoint><Time>2024-07-23T10:40:53.000Z</Time><Position><LatitudeDegrees>43.28882033</LatitudeDegrees><LongitudeDegrees>-2.88822767</LongitudeDegrees></Position><AltitudeMeters>25.146</AltitudeMeters><DistanceMeters>1050.9000244140625</DistanceMeters><Cadence>89</Cadence><SensorState>Present</SensorState></Trackpoint><Trackpoint><Time>2024-07-23T10:40:54.000Z</Time><Position><LatitudeDegrees>43.2888475</LatitudeDegrees><LongitudeDegrees>-2.88821317</LongitudeDegrees></Position><AltitudeMeters>25.146</AltitudeMeters><DistanceMeters>1054.0</DistanceMeters><Cadence>89</Cadence><SensorState>Present</SensorState></Trackpoint><Trackpoint><Time>2024-07-23T10:40:55.000Z</Time><Position><LatitudeDegrees>43.2888735</LatitudeDegrees><LongitudeDegrees>-2.888198</LongitudeDegrees></Position><AltitudeMeters>25.146</AltitudeMeters><DistanceMeters>1057.300048828125</DistanceMeters><Cadence>89</Cadence><SensorState>Present</SensorState></Trackpoint><Trackpoint><Time>2024-07-23T10:40:56.000Z</Time><Position><LatitudeDegrees>43.28889967</LatitudeDegrees><LongitudeDegrees>-2.88818283</LongitudeDegrees></Position><AltitudeMeters>25.146</AltitudeMeters><DistanceMeters>1060.4000244140625</DistanceMeters><Cadence>89</Cadence><SensorState>Present</SensorState></Trackpoint><Trackpoint><Time>2024-07-23T10:40:57.000Z</Time><Position><LatitudeDegrees>43.28892533</LatitudeDegrees><LongitudeDegrees>-2.888166</LongitudeDegrees></Position><AltitudeMeters>25.146</AltitudeMeters><DistanceMeters>1063.5</DistanceMeters><Cadence>89</Cadence><SensorState>Present</SensorState></Trackpoint><Trackpoint><Time>2024-07-23T10:40:58.000Z</Time><Position><LatitudeDegrees>43.28895033</LatitudeDegrees><LongitudeDegrees>-2.888152</LongitudeDegrees></Position><AltitudeMeters>25.146</AltitudeMeters><DistanceMeters>1066.5999755859375</DistanceMeters><Cadence>89</Cadence><SensorState>Present</SensorState></Trackpoint><Trackpoint><Time>2024-07-23T10:40:59.000Z</Time><Position><LatitudeDegrees>43.28897467</LatitudeDegrees><LongitudeDegrees>-2.88813917</LongitudeDegrees></Position><AltitudeMeters>25.146</AltitudeMeters><DistanceMeters>1069.699951171875</DistanceMeters><Cadence>89</Cadence><SensorState>Present</SensorState></Trackpoint><Trackpoint><Time>2024-07-23T10:41:00.000Z</Time><Position><LatitudeDegrees>43.2889995</LatitudeDegrees><LongitudeDegrees>-2.888127</LongitudeDegrees></Position><AltitudeMeters>25.146</AltitudeMeters><DistanceMeters>1072.9000244140625</DistanceMeters><Cadence>89</Cadence><SensorState>Present</SensorState></Trackpoint><Trackpoint><Time>2024-07-23T10:41:01.000Z</Time><Position><LatitudeDegrees>43.28902533</LatitudeDegrees><LongitudeDegrees>-2.88811083</LongitudeDegrees></Position><AltitudeMeters>25.146</AltitudeMeters><DistanceMeters>1076.0</DistanceMeters><Cadence>89</Cadence><SensorState>Present</SensorState></Trackpoint><Trackpoint><Time>2024-07-23T10:41:02.000Z</Time><Position><LatitudeDegrees>43.289051</LatitudeDegrees><LongitudeDegrees>-2.888095</LongitudeDegrees></Position><AltitudeMeters>25.146</AltitudeMeters><DistanceMeters>1079.199951171875</DistanceMeters><Cadence>89</Cadence><SensorState>Present</SensorState></Trackpoint><Trackpoint><Time>2024-07-23T10:41:03.000Z</Time><Position><LatitudeDegrees>43.28907867</LatitudeDegrees><LongitudeDegrees>-2.88808083</LongitudeDegrees></Position><AltitudeMeters>25.146</AltitudeMeters><DistanceMeters>1082.4000244140625</DistanceMeters><Cadence>89</Cadence><SensorState>Present</SensorState></Trackpoint><Trackpoint><Time>2024-07-23T10:41:04.000Z</Time><Position><LatitudeDegrees>43.289107</LatitudeDegrees><LongitudeDegrees>-2.88807017</LongitudeDegrees></Position><AltitudeMeters>25.146</AltitudeMeters><DistanceMeters>1085.699951171875</DistanceMeters><Cadence>89</Cadence><SensorState>Present</SensorState></Trackpoint><Trackpoint><Time>2024-07-23T10:41:05.000Z</Time><Position><LatitudeDegrees>43.28913583</LatitudeDegrees><LongitudeDegrees>-2.88805933</LongitudeDegrees></Position><AltitudeMeters>25.146</AltitudeMeters><DistanceMeters>1089.0999755859375</DistanceMeters><Cadence>91</Cadence><SensorState>Present</SensorState></Trackpoint><Trackpoint><Time>2024-07-23T10:41:06.000Z</Time><Position><LatitudeDegrees>43.28916283</LatitudeDegrees><LongitudeDegrees>-2.888048</LongitudeDegrees></Position><AltitudeMeters>25.146</AltitudeMeters><DistanceMeters>1092.5</DistanceMeters><Cadence>90</Cadence><SensorState>Present</SensorState></Trackpoint><Trackpoint><Time>2024-07-23T10:41:07.000Z</Time><Position><LatitudeDegrees>43.289192</LatitudeDegrees><LongitudeDegrees>-2.88803833</LongitudeDegrees></Position><AltitudeMeters>24.994</AltitudeMeters><DistanceMeters>1096.0</DistanceMeters><Cadence>90</Cadence><SensorState>Present</SensorState></Trackpoint><Trackpoint><Time>2024-07-23T10:41:08.000Z</Time><Position><LatitudeDegrees>43.289221</LatitudeDegrees><LongitudeDegrees>-2.88803017</LongitudeDegrees></Position><AltitudeMeters>24.994</AltitudeMeters><DistanceMeters>1099.0</DistanceMeters><Cadence>90</Cadence><SensorState>Present</SensorState></Trackpoint><Trackpoint><Time>2024-07-23T10:41:09.000Z</Time><Position><LatitudeDegrees>43.28924983</LatitudeDegrees><LongitudeDegrees>-2.88802367</LongitudeDegrees></Position><AltitudeMeters>24.842</AltitudeMeters><DistanceMeters>1102.0</DistanceMeters><Cadence>90</Cadence><SensorState>Present</SensorState></Trackpoint><Trackpoint><Time>2024-07-23T10:41:10.000Z</Time><Position><LatitudeDegrees>43.28927467</LatitudeDegrees><LongitudeDegrees>-2.88802083</LongitudeDegrees></Position><AltitudeMeters>24.842</AltitudeMeters><DistanceMeters>1104.9000244140625</DistanceMeters><Cadence>90</Cadence><SensorState>Present</SensorState></Trackpoint><Trackpoint><Time>2024-07-23T10:41:11.000Z</Time><Position><LatitudeDegrees>43.2892995</LatitudeDegrees><LongitudeDegrees>-2.88801883</LongitudeDegrees></Position><AltitudeMeters>24.689</AltitudeMeters><DistanceMeters>1107.800048828125</DistanceMeters><Cadence>90</Cadence><SensorState>Present</SensorState></Trackpoint><Trackpoint><Time>2024-07-23T10:41:12.000Z</Time><Position><LatitudeDegrees>43.2893255</LatitudeDegrees><LongitudeDegrees>-2.888018</LongitudeDegrees></Position><AltitudeMeters>24.689</AltitudeMeters><DistanceMeters>1110.699951171875</DistanceMeters><Cadence>87</Cadence><SensorState>Present</SensorState></Trackpoint><Trackpoint><Time>2024-07-23T10:41:13.000Z</Time><Position><LatitudeDegrees>43.28935267</LatitudeDegrees><LongitudeDegrees>-2.888018</LongitudeDegrees></Position><AltitudeMeters>24.537</AltitudeMeters><DistanceMeters>1113.5999755859375</DistanceMeters><Cadence>87</Cadence><SensorState>Present</SensorState></Trackpoint><Trackpoint><Time>2024-07-23T10:41:14.000Z</Time><Position><LatitudeDegrees>43.28938067</LatitudeDegrees><LongitudeDegrees>-2.88802</LongitudeDegrees></Position><AltitudeMeters>24.537</AltitudeMeters><DistanceMeters>1116.5999755859375</DistanceMeters><Cadence>87</Cadence><SensorState>Present</SensorState></Trackpoint><Trackpoint><Time>2024-07-23T10:41:15.000Z</Time><Position><LatitudeDegrees>43.28940683</LatitudeDegrees><LongitudeDegrees>-2.8880255</LongitudeDegrees></Position><AltitudeMeters>24.537</AltitudeMeters><DistanceMeters>1119.699951171875</DistanceMeters><Cadence>89</Cadence><SensorState>Present</SensorState></Trackpoint><Trackpoint><Time>2024-07-23T10:41:16.000Z</Time><Position><LatitudeDegrees>43.28943567</LatitudeDegrees><LongitudeDegrees>-2.888031</LongitudeDegrees></Position><AltitudeMeters>24.537</AltitudeMeters><DistanceMeters>1123.0999755859375</DistanceMeters><Cadence>89</Cadence><SensorState>Present</SensorState></Trackpoint><Trackpoint><Time>2024-07-23T10:41:17.000Z</Time><Position><LatitudeDegrees>43.28946483</LatitudeDegrees><LongitudeDegrees>-2.88804217</LongitudeDegrees></Position><AltitudeMeters>24.384</AltitudeMeters><DistanceMeters>1126.5</DistanceMeters><Cadence>89</Cadence><SensorState>Present</SensorState></Trackpoint><Trackpoint><Time>2024-07-23T10:41:18.000Z</Time><Position><LatitudeDegrees>43.28949583</LatitudeDegrees><LongitudeDegrees>-2.888055</LongitudeDegrees></Position><AltitudeMeters>24.384</AltitudeMeters><DistanceMeters>1130.0</DistanceMeters><Cadence>88</Cadence><SensorState>Present</SensorState></Trackpoint><Trackpoint><Time>2024-07-23T10:41:19.000Z</Time><Position><LatitudeDegrees>43.28952267</LatitudeDegrees><LongitudeDegrees>-2.88807067</LongitudeDegrees></Position><AltitudeMeters>24.384</AltitudeMeters><DistanceMeters>1133.5</DistanceMeters><Cadence>87</Cadence><SensorState>Present</SensorState></Trackpoint><Trackpoint><Time>2024-07-23T10:41:20.000Z</Time><Position><LatitudeDegrees>43.2895495</LatitudeDegrees><LongitudeDegrees>-2.888085</LongitudeDegrees></Position><AltitudeMeters>24.384</AltitudeMeters><DistanceMeters>1137.300048828125</DistanceMeters><Cadence>88</Cadence><SensorState>Present</SensorState></Trackpoint><Trackpoint><Time>2024-07-23T10:41:21.000Z</Time><Position><LatitudeDegrees>43.28957667</LatitudeDegrees><LongitudeDegrees>-2.88810217</LongitudeDegrees></Position><AltitudeMeters>24.384</AltitudeMeters><DistanceMeters>1141.199951171875</DistanceMeters><Cadence>89</Cadence><SensorState>Present</SensorState></Trackpoint><Trackpoint><Time>2024-07-23T10:41:22.000Z</Time><Position><LatitudeDegrees>43.28960667</LatitudeDegrees><LongitudeDegrees>-2.88812517</LongitudeDegrees></Position><AltitudeMeters>24.384</AltitudeMeters><DistanceMeters>1145.4000244140625</DistanceMeters><Cadence>89</Cadence><SensorState>Present</SensorState></Trackpoint><Trackpoint><Time>2024-07-23T10:41:23.000Z</Time><Position><LatitudeDegrees>43.28963583</LatitudeDegrees><LongitudeDegrees>-2.888155</LongitudeDegrees></Position><AltitudeMeters>24.384</AltitudeMeters><DistanceMeters>1149.4000244140625</DistanceMeters><Cadence>89</Cadence><SensorState>Present</SensorState></Trackpoint><Trackpoint><Time>2024-07-23T10:41:24.000Z</Time><Position><LatitudeDegrees>43.2896645</LatitudeDegrees><LongitudeDegrees>-2.8881855</LongitudeDegrees></Position><AltitudeMeters>24.384</AltitudeMeters><DistanceMeters>1153.300048828125</DistanceMeters><Cadence>89</Cadence><SensorState>Present</SensorState></Trackpoint><Trackpoint><Time>2024-07-23T10:41:25.000Z</Time><Position><LatitudeDegrees>43.28969283</LatitudeDegrees><LongitudeDegrees>-2.88821283</LongitudeDegrees></Position><AltitudeMeters>24.537</AltitudeMeters><DistanceMeters>1157.0</DistanceMeters><Cadence>89</Cadence><SensorState>Present</SensorState></Trackpoint><Trackpoint><Time>2024-07-23T10:41:26.000Z</Time><Position><LatitudeDegrees>43.28972067</LatitudeDegrees><LongitudeDegrees>-2.88823567</LongitudeDegrees></Position><AltitudeMeters>24.537</AltitudeMeters><DistanceMeters>1161.0999755859375</DistanceMeters><Cadence>89</Cadence><SensorState>Present</SensorState></Trackpoint><Trackpoint><Time>2024-07-23T10:41:27.000Z</Time><Position><LatitudeDegrees>43.28974783</LatitudeDegrees><LongitudeDegrees>-2.88826133</LongitudeDegrees></Position><AltitudeMeters>24.689</AltitudeMeters><DistanceMeters>1165.199951171875</DistanceMeters><Cadence>89</Cadence><SensorState>Present</SensorState></Trackpoint><Trackpoint><Time>2024-07-23T10:41:28.000Z</Time><Position><LatitudeDegrees>43.28977317</LatitudeDegrees><LongitudeDegrees>-2.88829117</LongitudeDegrees></Position><AltitudeMeters>24.689</AltitudeMeters><DistanceMeters>1169.199951171875</DistanceMeters><Cadence>89</Cadence><SensorState>Present</SensorState></Trackpoint><Trackpoint><Time>2024-07-23T10:41:29.000Z</Time><Position><LatitudeDegrees>43.28979867</LatitudeDegrees><LongitudeDegrees>-2.888322</LongitudeDegrees></Position><AltitudeMeters>24.842</AltitudeMeters><DistanceMeters>1172.699951171875</DistanceMeters><Cadence>87</Cadence><SensorState>Present</SensorState></Trackpoint><Trackpoint><Time>2024-07-23T10:41:30.000Z</Time><Position><LatitudeDegrees>43.28982367</LatitudeDegrees><LongitudeDegrees>-2.88835133</LongitudeDegrees></Position><AltitudeMeters>24.842</AltitudeMeters><DistanceMeters>1176.0999755859375</DistanceMeters><Cadence>87</Cadence><SensorState>Present</SensorState></Trackpoint><Trackpoint><Time>2024-07-23T10:41:31.000Z</Time><Position><LatitudeDegrees>43.28984867</LatitudeDegrees><LongitudeDegrees>-2.88837717</LongitudeDegrees></Position><AltitudeMeters>24.994</AltitudeMeters><DistanceMeters>1179.199951171875</DistanceMeters><Cadence>87</Cadence><SensorState>Present</SensorState></Trackpoint><Trackpoint><Time>2024-07-23T10:41:32.000Z</Time><Position><LatitudeDegrees>43.2898705</LatitudeDegrees><LongitudeDegrees>-2.88840517</LongitudeDegrees></Position><AltitudeMeters>24.994</AltitudeMeters><DistanceMeters>1182.199951171875</DistanceMeters><Cadence>87</Cadence><SensorState>Present</SensorState></Trackpoint><Trackpoint><Time>2024-07-23T10:41:33.000Z</Time><Position><LatitudeDegrees>43.28989083</LatitudeDegrees><LongitudeDegrees>-2.88843167</LongitudeDegrees></Position><AltitudeMeters>25.299</AltitudeMeters><DistanceMeters>1185.0999755859375</DistanceMeters><Cadence>88</Cadence><SensorState>Present</SensorState></Trackpoint><Trackpoint><Time>2024-07-23T10:41:34.000Z</Time><Position><LatitudeDegrees>43.28990983</LatitudeDegrees><LongitudeDegrees>-2.888457</LongitudeDegrees></Position><AltitudeMeters>25.299</AltitudeMeters><DistanceMeters>1188.0</DistanceMeters><Cadence>88</Cadence><SensorState>Present</SensorState></Trackpoint><Trackpoint><Time>2024-07-23T10:41:35.000Z</Time><Position><LatitudeDegrees>43.2899295</LatitudeDegrees><LongitudeDegrees>-2.88847933</LongitudeDegrees></Position><AltitudeMeters>25.451</AltitudeMeters><DistanceMeters>1190.800048828125</DistanceMeters><Cadence>89</Cadence><SensorState>Present</SensorState></Trackpoint><Trackpoint><Time>2024-07-23T10:41:36.000Z</Time><Position><LatitudeDegrees>43.28994817</LatitudeDegrees><LongitudeDegrees>-2.88850317</LongitudeDegrees></Position><AltitudeMeters>25.451</AltitudeMeters><DistanceMeters>1193.5</DistanceMeters><Cadence>88</Cadence><SensorState>Present</SensorState></Trackpoint><Trackpoint><Time>2024-07-23T10:41:37.000Z</Time><Position><LatitudeDegrees>43.2899675</LatitudeDegrees><LongitudeDegrees>-2.8885305</LongitudeDegrees></Position><AltitudeMeters>25.604</AltitudeMeters><DistanceMeters>1196.4000244140625</DistanceMeters><Cadence>88</Cadence><SensorState>Present</SensorState></Trackpoint><Trackpoint><Time>2024-07-23T10:41:38.000Z</Time><Position><LatitudeDegrees>43.2899865</LatitudeDegrees><LongitudeDegrees>-2.88856033</LongitudeDegrees></Position><AltitudeMeters>25.604</AltitudeMeters><DistanceMeters>1199.4000244140625</DistanceMeters><Cadence>88</Cadence><SensorState>Present</SensorState></Trackpoint><Trackpoint><Time>2024-07-23T10:41:39.000Z</Time><Position><LatitudeDegrees>43.29000517</LatitudeDegrees><LongitudeDegrees>-2.88859117</LongitudeDegrees></Position><AltitudeMeters>25.756</AltitudeMeters><DistanceMeters>1202.300048828125</DistanceMeters><Cadence>90</Cadence><SensorState>Present</SensorState></Trackpoint><Trackpoint><Time>2024-07-23T10:41:40.000Z</Time><Position><LatitudeDegrees>43.29002483</LatitudeDegrees><LongitudeDegrees>-2.88862017</LongitudeDegrees></Position><AltitudeMeters>25.756</AltitudeMeters><DistanceMeters>1205.300048828125</DistanceMeters><Cadence>87</Cadence><SensorState>Present</SensorState></Trackpoint><Trackpoint><Time>2024-07-23T10:41:41.000Z</Time><Position><LatitudeDegrees>43.29004367</LatitudeDegrees><LongitudeDegrees>-2.8886465</LongitudeDegrees></Position><AltitudeMeters>25.908</AltitudeMeters><DistanceMeters>1208.199951171875</DistanceMeters><Cadence>89</Cadence><SensorState>Present</SensorState></Trackpoint><Trackpoint><Time>2024-07-23T10:41:42.000Z</Time><Position><LatitudeDegrees>43.29006167</LatitudeDegrees><LongitudeDegrees>-2.88867233</LongitudeDegrees></Position><AltitudeMeters>25.908</AltitudeMeters><DistanceMeters>1211.4000244140625</DistanceMeters><Cadence>88</Cadence><SensorState>Present</SensorState></Trackpoint><Trackpoint><Time>2024-07-23T10:41:43.000Z</Time><Position><LatitudeDegrees>43.290076</LatitudeDegrees><LongitudeDegrees>-2.88869967</LongitudeDegrees></Position><AltitudeMeters>25.908</AltitudeMeters><DistanceMeters>1214.5999755859375</DistanceMeters><Cadence>89</Cadence><SensorState>Present</SensorState></Trackpoint><Trackpoint><Time>2024-07-23T10:41:44.000Z</Time><Position><LatitudeDegrees>43.29009117</LatitudeDegrees><LongitudeDegrees>-2.8887315</LongitudeDegrees></Position><AltitudeMeters>25.908</AltitudeMeters><DistanceMeters>1217.699951171875</DistanceMeters><Cadence>89</Cadence><SensorState>Present</SensorState></Trackpoint><Trackpoint><Time>2024-07-23T10:41:45.000Z</Time><Position><LatitudeDegrees>43.29010517</LatitudeDegrees><LongitudeDegrees>-2.88876467</LongitudeDegrees></Position><AltitudeMeters>26.061</AltitudeMeters><DistanceMeters>1220.699951171875</DistanceMeters><Cadence>89</Cadence><SensorState>Present</SensorState></Trackpoint><Trackpoint><Time>2024-07-23T10:41:46.000Z</Time><Position><LatitudeDegrees>43.29011983</LatitudeDegrees><LongitudeDegrees>-2.88879967</LongitudeDegrees></Position><AltitudeMeters>26.061</AltitudeMeters><DistanceMeters>1223.5999755859375</DistanceMeters><Cadence>89</Cadence><SensorState>Present</SensorState></Trackpoint><Trackpoint><Time>2024-07-23T10:41:47.000Z</Time><Position><LatitudeDegrees>43.290132</LatitudeDegrees><LongitudeDegrees>-2.888832</LongitudeDegrees></Position><AltitudeMeters>26.213</AltitudeMeters><DistanceMeters>1226.5</DistanceMeters><Cadence>89</Cadence><SensorState>Present</SensorState></Trackpoint><Trackpoint><Time>2024-07-23T10:41:48.000Z</Time><Position><LatitudeDegrees>43.2901475</LatitudeDegrees><LongitudeDegrees>-2.88886283</LongitudeDegrees></Position><AltitudeMeters>26.213</AltitudeMeters><DistanceMeters>1229.5999755859375</DistanceMeters><Cadence>89</Cadence><SensorState>Present</SensorState></Trackpoint><Trackpoint><Time>2024-07-23T10:41:49.000Z</Time><Position><LatitudeDegrees>43.29016217</LatitudeDegrees><LongitudeDegrees>-2.88889267</LongitudeDegrees></Position><AltitudeMeters>26.213</AltitudeMeters><DistanceMeters>1232.800048828125</DistanceMeters><Cadence>88</Cadence><SensorState>Present</SensorState></Trackpoint><Trackpoint><Time>2024-07-23T10:41:50.000Z</Time><Position><LatitudeDegrees>43.29017733</LatitudeDegrees><LongitudeDegrees>-2.88892433</LongitudeDegrees></Position><AltitudeMeters>26.213</AltitudeMeters><DistanceMeters>1236.0999755859375</DistanceMeters><Cadence>88</Cadence><SensorState>Present</SensorState></Trackpoint><Trackpoint><Time>2024-07-23T10:41:51.000Z</Time><Position><LatitudeDegrees>43.29018967</LatitudeDegrees><LongitudeDegrees>-2.8889585</LongitudeDegrees></Position><AltitudeMeters>26.366</AltitudeMeters><DistanceMeters>1239.300048828125</DistanceMeters><Cadence>89</Cadence><SensorState>Present</SensorState></Trackpoint><Trackpoint><Time>2024-07-23T10:41:52.000Z</Time><Position><LatitudeDegrees>43.2902005</LatitudeDegrees><LongitudeDegrees>-2.8889945</LongitudeDegrees></Position><AltitudeMeters>26.366</AltitudeMeters><DistanceMeters>1242.4000244140625</DistanceMeters><Cadence>89</Cadence><SensorState>Present</SensorState></Trackpoint><Trackpoint><Time>2024-07-23T10:41:53.000Z</Time><Position><LatitudeDegrees>43.2902135</LatitudeDegrees><LongitudeDegrees>-2.889031</LongitudeDegrees></Position><AltitudeMeters>26.366</AltitudeMeters><DistanceMeters>1245.199951171875</DistanceMeters><Cadence>89</Cadence><SensorState>Present</SensorState></Trackpoint><Trackpoint><Time>2024-07-23T10:41:54.000Z</Time><Position><LatitudeDegrees>43.29022933</LatitudeDegrees><LongitudeDegrees>-2.88906183</LongitudeDegrees></Position><AltitudeMeters>26.366</AltitudeMeters><DistanceMeters>1248.300048828125</DistanceMeters><Cadence>89</Cadence><SensorState>Present</SensorState></Trackpoint><Trackpoint><Time>2024-07-23T10:41:55.000Z</Time><Position><LatitudeDegrees>43.29024933</LatitudeDegrees><LongitudeDegrees>-2.88908667</LongitudeDegrees></Position><AltitudeMeters>26.366</AltitudeMeters><DistanceMeters>1251.5999755859375</DistanceMeters><Cadence>89</Cadence><SensorState>Present</SensorState></Trackpoint><Trackpoint><Time>2024-07-23T10:41:56.000Z</Time><Position><LatitudeDegrees>43.29026817</LatitudeDegrees><LongitudeDegrees>-2.88911083</LongitudeDegrees></Position><AltitudeMeters>26.366</AltitudeMeters><DistanceMeters>1254.9000244140625</DistanceMeters><Cadence>89</Cadence><SensorState>Present</SensorState></Trackpoint><Trackpoint><Time>2024-07-23T10:41:57.000Z</Time><Position><LatitudeDegrees>43.29028517</LatitudeDegrees><LongitudeDegrees>-2.88914433</LongitudeDegrees></Position><AltitudeMeters>26.518</AltitudeMeters><DistanceMeters>1258.199951171875</DistanceMeters><Cadence>88</Cadence><SensorState>Present</SensorState></Trackpoint><Trackpoint><Time>2024-07-23T10:41:58.000Z</Time><Position><LatitudeDegrees>43.290299</LatitudeDegrees><LongitudeDegrees>-2.889182</LongitudeDegrees></Position><AltitudeMeters>26.518</AltitudeMeters><DistanceMeters>1261.4000244140625</DistanceMeters><Cadence>87</Cadence><SensorState>Present</SensorState></Trackpoint><Trackpoint><Time>2024-07-23T10:41:59.000Z</Time><Position><LatitudeDegrees>43.29031017</LatitudeDegrees><LongitudeDegrees>-2.889222</LongitudeDegrees></Position><AltitudeMeters>26.518</AltitudeMeters><DistanceMeters>1264.699951171875</DistanceMeters><Cadence>87</Cadence><SensorState>Present</SensorState></Trackpoint><Trackpoint><Time>2024-07-23T10:42:00.000Z</Time><Position><LatitudeDegrees>43.2903175</LatitudeDegrees><LongitudeDegrees>-2.88925833</LongitudeDegrees></Position><AltitudeMeters>26.518</AltitudeMeters><DistanceMeters>1268.0</DistanceMeters><Cadence>87</Cadence><SensorState>Present</SensorState></Trackpoint><Trackpoint><Time>2024-07-23T10:42:01.000Z</Time><Position><LatitudeDegrees>43.29032117</LatitudeDegrees><LongitudeDegrees>-2.88929983</LongitudeDegrees></Position><AltitudeMeters>26.366</AltitudeMeters><DistanceMeters>1271.4000244140625</DistanceMeters><Cadence>88</Cadence><SensorState>Present</SensorState></Trackpoint><Trackpoint><Time>2024-07-23T10:42:02.000Z</Time><Position><LatitudeDegrees>43.29032383</LatitudeDegrees><LongitudeDegrees>-2.88934133</LongitudeDegrees></Position><AltitudeMeters>26.366</AltitudeMeters><DistanceMeters>1274.699951171875</DistanceMeters><Cadence>89</Cadence><SensorState>Present</SensorState></Trackpoint><Trackpoint><Time>2024-07-23T10:42:03.000Z</Time><Position><LatitudeDegrees>43.29032867</LatitudeDegrees><LongitudeDegrees>-2.88938333</LongitudeDegrees></Position><AltitudeMeters>26.366</AltitudeMeters><DistanceMeters>1278.0</DistanceMeters><Cadence>89</Cadence><SensorState>Present</SensorState></Trackpoint><Trackpoint><Time>2024-07-23T10:42:04.000Z</Time><Position><LatitudeDegrees>43.290339</LatitudeDegrees><LongitudeDegrees>-2.88941917</LongitudeDegrees></Position><AltitudeMeters>26.366</AltitudeMeters><DistanceMeters>1281.199951171875</DistanceMeters><Cadence>89</Cadence><SensorState>Present</SensorState></Trackpoint><Trackpoint><Time>2024-07-23T10:42:05.000Z</Time><Position><LatitudeDegrees>43.290355</LatitudeDegrees><LongitudeDegrees>-2.889451</LongitudeDegrees></Position><AltitudeMeters>26.213</AltitudeMeters><DistanceMeters>1284.5</DistanceMeters><Cadence>89</Cadence><SensorState>Present</SensorState></Trackpoint><Trackpoint><Time>2024-07-23T10:42:06.000Z</Time><Position><LatitudeDegrees>43.290375</LatitudeDegrees><LongitudeDegrees>-2.88947933</LongitudeDegrees></Position><AltitudeMeters>26.213</AltitudeMeters><DistanceMeters>1287.5999755859375</DistanceMeters><Cadence>89</Cadence><SensorState>Present</SensorState></Trackpoint><Trackpoint><Time>2024-07-23T10:42:07.000Z</Time><Position><LatitudeDegrees>43.29039383</LatitudeDegrees><LongitudeDegrees>-2.8895105</LongitudeDegrees></Position><AltitudeMeters>26.061</AltitudeMeters><DistanceMeters>1290.800048828125</DistanceMeters><Cadence>89</Cadence><SensorState>Present</SensorState></Trackpoint><Trackpoint><Time>2024-07-23T10:42:08.000Z</Time><Position><LatitudeDegrees>43.29040883</LatitudeDegrees><LongitudeDegrees>-2.88954433</LongitudeDegrees></Position><AltitudeMeters>26.061</AltitudeMeters><DistanceMeters>1293.9000244140625</DistanceMeters><Cadence>89</Cadence><SensorState>Present</SensorState></Trackpoint><Trackpoint><Time>2024-07-23T10:42:09.000Z</Time><Position><LatitudeDegrees>43.29042183</LatitudeDegrees><LongitudeDegrees>-2.88958217</LongitudeDegrees></Position><AltitudeMeters>25.908</AltitudeMeters><DistanceMeters>1297.300048828125</DistanceMeters><Cadence>89</Cadence><SensorState>Present</SensorState></Trackpoint><Trackpoint><Time>2024-07-23T10:42:10.000Z</Time><Position><LatitudeDegrees>43.290436</LatitudeDegrees><LongitudeDegrees>-2.8896185</LongitudeDegrees></Position><AltitudeMeters>25.908</AltitudeMeters><DistanceMeters>1300.699951171875</DistanceMeters><Cadence>89</Cadence><SensorState>Present</SensorState></Trackpoint><Trackpoint><Time>2024-07-23T10:42:11.000Z</Time><Position><LatitudeDegrees>43.2904505</LatitudeDegrees><LongitudeDegrees>-2.88965483</LongitudeDegrees></Position><AltitudeMeters>25.756</AltitudeMeters><DistanceMeters>1304.0999755859375</DistanceMeters><Cadence>89</Cadence><SensorState>Present</SensorState></Trackpoint><Trackpoint><Time>2024-07-23T10:42:12.000Z</Time><Position><LatitudeDegrees>43.29046383</LatitudeDegrees><LongitudeDegrees>-2.88969233</LongitudeDegrees></Position><AltitudeMeters>25.756</AltitudeMeters><DistanceMeters>1307.699951171875</DistanceMeters><Cadence>89</Cadence><SensorState>Present</SensorState></Trackpoint><Trackpoint><Time>2024-07-23T10:42:13.000Z</Time><Position><LatitudeDegrees>43.290473</LatitudeDegrees><LongitudeDegrees>-2.88973083</LongitudeDegrees></Position><AltitudeMeters>25.756</AltitudeMeters><DistanceMeters>1311.199951171875</DistanceMeters><Cadence>89</Cadence><SensorState>Present</SensorState></Trackpoint><Trackpoint><Time>2024-07-23T10:42:14.000Z</Time><Position><LatitudeDegrees>43.2904825</LatitudeDegrees><LongitudeDegrees>-2.88977267</LongitudeDegrees></Position><AltitudeMeters>25.756</AltitudeMeters><DistanceMeters>1314.800048828125</DistanceMeters><Cadence>89</Cadence><SensorState>Present</SensorState></Trackpoint><Trackpoint><Time>2024-07-23T10:42:15.000Z</Time><Position><LatitudeDegrees>43.29049133</LatitudeDegrees><LongitudeDegrees>-2.8898125</LongitudeDegrees></Position><AltitudeMeters>25.604</AltitudeMeters><DistanceMeters>1318.300048828125</DistanceMeters><Cadence>89</Cadence><SensorState>Present</SensorState></Trackpoint><Trackpoint><Time>2024-07-23T10:42:16.000Z</Time><Position><LatitudeDegrees>43.29050083</LatitudeDegrees><LongitudeDegrees>-2.88985417</LongitudeDegrees></Position><AltitudeMeters>25.604</AltitudeMeters><DistanceMeters>1321.9000244140625</DistanceMeters><Cadence>89</Cadence><SensorState>Present</SensorState></Trackpoint><Trackpoint><Time>2024-07-23T10:42:17.000Z</Time><Position><LatitudeDegrees>43.2905075</LatitudeDegrees><LongitudeDegrees>-2.889895</LongitudeDegrees></Position><AltitudeMeters>25.451</AltitudeMeters><DistanceMeters>1325.4000244140625</DistanceMeters><Cadence>89</Cadence><SensorState>Present</SensorState></Trackpoint><Trackpoint><Time>2024-07-23T10:42:18.000Z</Time><Position><LatitudeDegrees>43.2905145</LatitudeDegrees><LongitudeDegrees>-2.8899375</LongitudeDegrees></Position><AltitudeMeters>25.451</AltitudeMeters><DistanceMeters>1329.0999755859375</DistanceMeters><Cadence>89</Cadence><SensorState>Present</SensorState></Trackpoint><Trackpoint><Time>2024-07-23T10:42:19.000Z</Time><Position><LatitudeDegrees>43.29052333</LatitudeDegrees><LongitudeDegrees>-2.88997867</LongitudeDegrees></Position><AltitudeMeters>25.299</AltitudeMeters><DistanceMeters>1332.800048828125</DistanceMeters><Cadence>89</Cadence><SensorState>Present</SensorState></Trackpoint><Trackpoint><Time>2024-07-23T10:42:20.000Z</Time><Position><LatitudeDegrees>43.29053733</LatitudeDegrees><LongitudeDegrees>-2.89002067</LongitudeDegrees></Position><AltitudeMeters>25.299</AltitudeMeters><DistanceMeters>1336.699951171875</DistanceMeters><Cadence>89</Cadence><SensorState>Present</SensorState></Trackpoint><Trackpoint><Time>2024-07-23T10:42:21.000Z</Time><Position><LatitudeDegrees>43.29055267</LatitudeDegrees><LongitudeDegrees>-2.890061</LongitudeDegrees></Position><AltitudeMeters>25.146</AltitudeMeters><DistanceMeters>1340.199951171875</DistanceMeters><Cadence>89</Cadence><SensorState>Present</SensorState></Trackpoint><Trackpoint><Time>2024-07-23T10:42:22.000Z</Time><Position><LatitudeDegrees>43.29056967</LatitudeDegrees><LongitudeDegrees>-2.890101</LongitudeDegrees></Position><AltitudeMeters>25.146</AltitudeMeters><DistanceMeters>1343.800048828125</DistanceMeters><Cadence>89</Cadence><SensorState>Present</SensorState></Trackpoint><Trackpoint><Time>2024-07-23T10:42:23.000Z</Time><Position><LatitudeDegrees>43.2905845</LatitudeDegrees><LongitudeDegrees>-2.8901375</LongitudeDegrees></Position><AltitudeMeters>25.146</AltitudeMeters><DistanceMeters>1347.300048828125</DistanceMeters><Cadence>89</Cadence><SensorState>Present</SensorState></Trackpoint><Trackpoint><Time>2024-07-23T10:42:24.000Z</Time><Position><LatitudeDegrees>43.29059783</LatitudeDegrees><LongitudeDegrees>-2.89017567</LongitudeDegrees></Position><AltitudeMeters>25.146</AltitudeMeters><DistanceMeters>1350.800048828125</DistanceMeters><Cadence>89</Cadence><SensorState>Present</SensorState></Trackpoint><Trackpoint><Time>2024-07-23T10:42:25.000Z</Time><Position><LatitudeDegrees>43.29060917</LatitudeDegrees><LongitudeDegrees>-2.8902135</LongitudeDegrees></Position><AltitudeMeters>24.994</AltitudeMeters><DistanceMeters>1354.199951171875</DistanceMeters><Cadence>89</Cadence><SensorState>Present</SensorState></Trackpoint><Trackpoint><Time>2024-07-23T10:42:26.000Z</Time><Position><LatitudeDegrees>43.29061983</LatitudeDegrees><LongitudeDegrees>-2.89025317</LongitudeDegrees></Position><AltitudeMeters>24.994</AltitudeMeters><DistanceMeters>1357.699951171875</DistanceMeters><Cadence>89</Cadence><SensorState>Present</SensorState></Trackpoint><Trackpoint><Time>2024-07-23T10:42:27.000Z</Time><Position><LatitudeDegrees>43.29062967</LatitudeDegrees><LongitudeDegrees>-2.89029183</LongitudeDegrees></Position><AltitudeMeters>24.994</AltitudeMeters><DistanceMeters>1360.9000244140625</DistanceMeters><Cadence>89</Cadence><SensorState>Present</SensorState></Trackpoint><Trackpoint><Time>2024-07-23T10:42:28.000Z</Time><Position><LatitudeDegrees>43.29064</LatitudeDegrees><LongitudeDegrees>-2.89033233</LongitudeDegrees></Position><AltitudeMeters>24.994</AltitudeMeters><DistanceMeters>1364.0999755859375</DistanceMeters><Cadence>89</Cadence><SensorState>Present</SensorState></Trackpoint><Trackpoint><Time>2024-07-23T10:42:29.000Z</Time><Position><LatitudeDegrees>43.2906515</LatitudeDegrees><LongitudeDegrees>-2.89037067</LongitudeDegrees></Position><AltitudeMeters>24.842</AltitudeMeters><DistanceMeters>1367.300048828125</DistanceMeters><Cadence>89</Cadence><SensorState>Present</SensorState></Trackpoint><Trackpoint><Time>2024-07-23T10:42:30.000Z</Time><Position><LatitudeDegrees>43.290665</LatitudeDegrees><LongitudeDegrees>-2.89040733</LongitudeDegrees></Position><AltitudeMeters>24.842</AltitudeMeters><DistanceMeters>1370.300048828125</DistanceMeters><Cadence>89</Cadence><SensorState>Present</SensorState></Trackpoint><Trackpoint><Time>2024-07-23T10:42:31.000Z</Time><Position><LatitudeDegrees>43.29067883</LatitudeDegrees><LongitudeDegrees>-2.89044067</LongitudeDegrees></Position><AltitudeMeters>24.842</AltitudeMeters><DistanceMeters>1373.5</DistanceMeters><Cadence>89</Cadence><SensorState>Present</SensorState></Trackpoint><Trackpoint><Time>2024-07-23T10:42:32.000Z</Time><Position><LatitudeDegrees>43.2906925</LatitudeDegrees><LongitudeDegrees>-2.89047217</LongitudeDegrees></Position><AltitudeMeters>24.842</AltitudeMeters><DistanceMeters>1376.9000244140625</DistanceMeters><Cadence>89</Cadence><SensorState>Present</SensorState></Trackpoint><Trackpoint><Time>2024-07-23T10:42:33.000Z</Time><Position><LatitudeDegrees>43.290705</LatitudeDegrees><LongitudeDegrees>-2.89050733</LongitudeDegrees></Position><AltitudeMeters>24.689</AltitudeMeters><DistanceMeters>1380.300048828125</DistanceMeters><Cadence>89</Cadence><SensorState>Present</SensorState></Trackpoint><Trackpoint><Time>2024-07-23T10:42:34.000Z</Time><Position><LatitudeDegrees>43.29071583</LatitudeDegrees><LongitudeDegrees>-2.89054683</LongitudeDegrees></Position><AltitudeMeters>24.689</AltitudeMeters><DistanceMeters>1383.800048828125</DistanceMeters><Cadence>89</Cadence><SensorState>Present</SensorState></Trackpoint><Trackpoint><Time>2024-07-23T10:42:35.000Z</Time><Position><LatitudeDegrees>43.29072883</LatitudeDegrees><LongitudeDegrees>-2.890588</LongitudeDegrees></Position><AltitudeMeters>24.689</AltitudeMeters><DistanceMeters>1387.0999755859375</DistanceMeters><Cadence>89</Cadence><SensorState>Present</SensorState></Trackpoint><Trackpoint><Time>2024-07-23T10:42:36.000Z</Time><Position><LatitudeDegrees>43.2907435</LatitudeDegrees><LongitudeDegrees>-2.89062717</LongitudeDegrees></Position><AltitudeMeters>24.689</AltitudeMeters><DistanceMeters>1390.5999755859375</DistanceMeters><Cadence>89</Cadence><SensorState>Present</SensorState></Trackpoint><Trackpoint><Time>2024-07-23T10:42:37.000Z</Time><Position><LatitudeDegrees>43.29075933</LatitudeDegrees><LongitudeDegrees>-2.89066367</LongitudeDegrees></Position><AltitudeMeters>24.537</AltitudeMeters><DistanceMeters>1394.0999755859375</DistanceMeters><Cadence>89</Cadence><SensorState>Present</SensorState></Trackpoint><Trackpoint><Time>2024-07-23T10:42:38.000Z</Time><Position><LatitudeDegrees>43.290771</LatitudeDegrees><LongitudeDegrees>-2.890702</LongitudeDegrees></Position><AltitudeMeters>24.537</AltitudeMeters><DistanceMeters>1397.800048828125</DistanceMeters><Cadence>89</Cadence><SensorState>Present</SensorState></Trackpoint><Trackpoint><Time>2024-07-23T10:42:39.000Z</Time><Position><LatitudeDegrees>43.2907805</LatitudeDegrees><LongitudeDegrees>-2.89074333</LongitudeDegrees></Position><AltitudeMeters>24.384</AltitudeMeters><DistanceMeters>1401.5999755859375</DistanceMeters><Cadence>89</Cadence><SensorState>Present</SensorState></Trackpoint><Trackpoint><Time>2024-07-23T10:42:40.000Z</Time><Position><LatitudeDegrees>43.2907875</LatitudeDegrees><LongitudeDegrees>-2.89078533</LongitudeDegrees></Position><AltitudeMeters>24.384</AltitudeMeters><DistanceMeters>1405.4000244140625</DistanceMeters><Cadence>89</Cadence><SensorState>Present</SensorState></Trackpoint><Trackpoint><Time>2024-07-23T10:42:41.000Z</Time><Position><LatitudeDegrees>43.29079533</LatitudeDegrees><LongitudeDegrees>-2.89082867</LongitudeDegrees></Position><AltitudeMeters>24.384</AltitudeMeters><DistanceMeters>1409.199951171875</DistanceMeters><Cadence>89</Cadence><SensorState>Present</SensorState></Trackpoint><Trackpoint><Time>2024-07-23T10:42:42.000Z</Time><Position><LatitudeDegrees>43.29080267</LatitudeDegrees><LongitudeDegrees>-2.89087183</LongitudeDegrees></Position><AltitudeMeters>24.384</AltitudeMeters><DistanceMeters>1412.800048828125</DistanceMeters><Cadence>89</Cadence><SensorState>Present</SensorState></Trackpoint><Trackpoint><Time>2024-07-23T10:42:43.000Z</Time><Position><LatitudeDegrees>43.29081233</LatitudeDegrees><LongitudeDegrees>-2.89091783</LongitudeDegrees></Position><AltitudeMeters>24.232</AltitudeMeters><DistanceMeters>1416.5</DistanceMeters><Cadence>90</Cadence><SensorState>Present</SensorState></Trackpoint><Trackpoint><Time>2024-07-23T10:42:44.000Z</Time><Position><LatitudeDegrees>43.29082217</LatitudeDegrees><LongitudeDegrees>-2.8909615</LongitudeDegrees></Position><AltitudeMeters>24.232</AltitudeMeters><DistanceMeters>1420.199951171875</DistanceMeters><Cadence>91</Cadence><SensorState>Present</SensorState></Trackpoint><Trackpoint><Time>2024-07-23T10:42:45.000Z</Time><Position><LatitudeDegrees>43.2908345</LatitudeDegrees><LongitudeDegrees>-2.8910035</LongitudeDegrees></Position><AltitudeMeters>24.079</AltitudeMeters><DistanceMeters>1424.0</DistanceMeters><Cadence>90</Cadence><SensorState>Present</SensorState></Trackpoint><Trackpoint><Time>2024-07-23T10:42:46.000Z</Time><Position><LatitudeDegrees>43.29084683</LatitudeDegrees><LongitudeDegrees>-2.8910425</LongitudeDegrees></Position><AltitudeMeters>24.079</AltitudeMeters><DistanceMeters>1427.5</DistanceMeters><Cadence>91</Cadence><SensorState>Present</SensorState></Trackpoint><Trackpoint><Time>2024-07-23T10:42:47.000Z</Time><Position><LatitudeDegrees>43.29085967</LatitudeDegrees><LongitudeDegrees>-2.8910825</LongitudeDegrees></Position><AltitudeMeters>24.079</AltitudeMeters><DistanceMeters>1431.0999755859375</DistanceMeters><Cadence>91</Cadence><SensorState>Present</SensorState></Trackpoint><Trackpoint><Time>2024-07-23T10:42:48.000Z</Time><Position><LatitudeDegrees>43.29087217</LatitudeDegrees><LongitudeDegrees>-2.89112067</LongitudeDegrees></Position><AltitudeMeters>24.079</AltitudeMeters><DistanceMeters>1434.5</DistanceMeters><Cadence>91</Cadence><SensorState>Present</SensorState></Trackpoint><Trackpoint><Time>2024-07-23T10:42:49.000Z</Time><Position><LatitudeDegrees>43.290885</LatitudeDegrees><LongitudeDegrees>-2.89115917</LongitudeDegrees></Position><AltitudeMeters>24.079</AltitudeMeters><DistanceMeters>1438.0</DistanceMeters><Cadence>91</Cadence><SensorState>Present</SensorState></Trackpoint><Trackpoint><Time>2024-07-23T10:42:50.000Z</Time><Position><LatitudeDegrees>43.2908965</LatitudeDegrees><LongitudeDegrees>-2.891198</LongitudeDegrees></Position><AltitudeMeters>24.079</AltitudeMeters><DistanceMeters>1441.300048828125</DistanceMeters><Cadence>91</Cadence><SensorState>Present</SensorState></Trackpoint><Trackpoint><Time>2024-07-23T10:42:51.000Z</Time><Position><LatitudeDegrees>43.2909065</LatitudeDegrees><LongitudeDegrees>-2.89123917</LongitudeDegrees></Position><AltitudeMeters>23.927</AltitudeMeters><DistanceMeters>1444.5999755859375</DistanceMeters><Cadence>91</Cadence><SensorState>Present</SensorState></Trackpoint><Trackpoint><Time>2024-07-23T10:42:52.000Z</Time><Position><LatitudeDegrees>43.2909165</LatitudeDegrees><LongitudeDegrees>-2.89127917</LongitudeDegrees></Position><AltitudeMeters>23.927</AltitudeMeters><DistanceMeters>1447.9000244140625</DistanceMeters><Cadence>91</Cadence><SensorState>Present</SensorState></Trackpoint><Trackpoint><Time>2024-07-23T10:42:53.000Z</Time><Position><LatitudeDegrees>43.29092833</LatitudeDegrees><LongitudeDegrees>-2.89131783</LongitudeDegrees></Position><AltitudeMeters>23.927</AltitudeMeters><DistanceMeters>1451.300048828125</DistanceMeters><Cadence>90</Cadence><SensorState>Present</SensorState></Trackpoint><Trackpoint><Time>2024-07-23T10:42:54.000Z</Time><Position><LatitudeDegrees>43.290938</LatitudeDegrees><LongitudeDegrees>-2.89135583</LongitudeDegrees></Position><AltitudeMeters>23.927</AltitudeMeters><DistanceMeters>1454.5999755859375</DistanceMeters><Cadence>90</Cadence><SensorState>Present</SensorState></Trackpoint><Trackpoint><Time>2024-07-23T10:42:55.000Z</Time><Position><LatitudeDegrees>43.29094733</LatitudeDegrees><LongitudeDegrees>-2.89139567</LongitudeDegrees></Position><AltitudeMeters>23.927</AltitudeMeters><DistanceMeters>1458.0999755859375</DistanceMeters><Cadence>91</Cadence><SensorState>Present</SensorState></Trackpoint><Trackpoint><Time>2024-07-23T10:42:56.000Z</Time><Position><LatitudeDegrees>43.29095583</LatitudeDegrees><LongitudeDegrees>-2.89143533</LongitudeDegrees></Position><AltitudeMeters>23.927</AltitudeMeters><DistanceMeters>1461.5999755859375</DistanceMeters><Cadence>91</Cadence><SensorState>Present</SensorState></Trackpoint><Trackpoint><Time>2024-07-23T10:42:57.000Z</Time><Position><LatitudeDegrees>43.2909665</LatitudeDegrees><LongitudeDegrees>-2.8914765</LongitudeDegrees></Position><AltitudeMeters>23.927</AltitudeMeters><DistanceMeters>1465.199951171875</DistanceMeters><Cadence>91</Cadence><SensorState>Present</SensorState></Trackpoint><Trackpoint><Time>2024-07-23T10:42:58.000Z</Time><Position><LatitudeDegrees>43.29097633</LatitudeDegrees><LongitudeDegrees>-2.8915165</LongitudeDegrees></Position><AltitudeMeters>23.927</AltitudeMeters><DistanceMeters>1468.699951171875</DistanceMeters><Cadence>91</Cadence><SensorState>Present</SensorState></Trackpoint><Trackpoint><Time>2024-07-23T10:42:59.000Z</Time><Position><LatitudeDegrees>43.29098717</LatitudeDegrees><LongitudeDegrees>-2.89155917</LongitudeDegrees></Position><AltitudeMeters>23.927</AltitudeMeters><DistanceMeters>1472.199951171875</DistanceMeters><Cadence>91</Cadence><SensorState>Present</SensorState></Trackpoint><Trackpoint><Time>2024-07-23T10:43:00.000Z</Time><Position><LatitudeDegrees>43.29099783</LatitudeDegrees><LongitudeDegrees>-2.8915995</LongitudeDegrees></Position><AltitudeMeters>23.927</AltitudeMeters><DistanceMeters>1475.800048828125</DistanceMeters><Cadence>91</Cadence><SensorState>Present</SensorState></Trackpoint><Trackpoint><Time>2024-07-23T10:43:01.000Z</Time><Position><LatitudeDegrees>43.2910085</LatitudeDegrees><LongitudeDegrees>-2.8916415</LongitudeDegrees></Position><AltitudeMeters>23.775</AltitudeMeters><DistanceMeters>1479.4000244140625</DistanceMeters><Cadence>91</Cadence><SensorState>Present</SensorState></Trackpoint><Trackpoint><Time>2024-07-23T10:43:02.000Z</Time><Position><LatitudeDegrees>43.29101867</LatitudeDegrees><LongitudeDegrees>-2.89168067</LongitudeDegrees></Position><AltitudeMeters>23.775</AltitudeMeters><DistanceMeters>1482.800048828125</DistanceMeters><Cadence>91</Cadence><SensorState>Present</SensorState></Trackpoint><Trackpoint><Time>2024-07-23T10:43:03.000Z</Time><Position><LatitudeDegrees>43.29103133</LatitudeDegrees><LongitudeDegrees>-2.89171933</LongitudeDegrees></Position><AltitudeMeters>23.775</AltitudeMeters><DistanceMeters>1486.300048828125</DistanceMeters><Cadence>91</Cadence><SensorState>Present</SensorState></Trackpoint><Trackpoint><Time>2024-07-23T10:43:04.000Z</Time><Position><LatitudeDegrees>43.29104417</LatitudeDegrees><LongitudeDegrees>-2.89175583</LongitudeDegrees></Position><AltitudeMeters>23.775</AltitudeMeters><DistanceMeters>1489.5999755859375</DistanceMeters><Cadence>91</Cadence><SensorState>Present</SensorState></Trackpoint><Trackpoint><Time>2024-07-23T10:43:05.000Z</Time><Position><LatitudeDegrees>43.29105667</LatitudeDegrees><LongitudeDegrees>-2.89179367</LongitudeDegrees></Position><AltitudeMeters>23.775</AltitudeMeters><DistanceMeters>1493.0</DistanceMeters><Cadence>91</Cadence><SensorState>Present</SensorState></Trackpoint><Trackpoint><Time>2024-07-23T10:43:06.000Z</Time><Position><LatitudeDegrees>43.29106667</LatitudeDegrees><LongitudeDegrees>-2.89183183</LongitudeDegrees></Position><AltitudeMeters>23.775</AltitudeMeters><DistanceMeters>1496.300048828125</DistanceMeters><Cadence>90</Cadence><SensorState>Present</SensorState></Trackpoint><Trackpoint><Time>2024-07-23T10:43:07.000Z</Time><Position><LatitudeDegrees>43.29107733</LatitudeDegrees><LongitudeDegrees>-2.89187167</LongitudeDegrees></Position><AltitudeMeters>23.775</AltitudeMeters><DistanceMeters>1499.699951171875</DistanceMeters><Cadence>90</Cadence><SensorState>Present</SensorState></Trackpoint><Trackpoint><Time>2024-07-23T10:43:08.000Z</Time><Position><LatitudeDegrees>43.29108833</LatitudeDegrees><LongitudeDegrees>-2.89190983</LongitudeDegrees></Position><AltitudeMeters>23.775</AltitudeMeters><DistanceMeters>1503.0</DistanceMeters><Cadence>90</Cadence><SensorState>Present</SensorState></Trackpoint><Trackpoint><Time>2024-07-23T10:43:09.000Z</Time><Position><LatitudeDegrees>43.29109933</LatitudeDegrees><LongitudeDegrees>-2.89195017</LongitudeDegrees></Position><AltitudeMeters>23.775</AltitudeMeters><DistanceMeters>1506.5</DistanceMeters><Cadence>91</Cadence><SensorState>Present</SensorState></Trackpoint><Trackpoint><Time>2024-07-23T10:43:10.000Z</Time><Position><LatitudeDegrees>43.29111</LatitudeDegrees><LongitudeDegrees>-2.89198917</LongitudeDegrees></Position><AltitudeMeters>23.775</AltitudeMeters><DistanceMeters>1509.800048828125</DistanceMeters><Cadence>90</Cadence><SensorState>Present</SensorState></Trackpoint><Trackpoint><Time>2024-07-23T10:43:11.000Z</Time><Position><LatitudeDegrees>43.29112067</LatitudeDegrees><LongitudeDegrees>-2.89203</LongitudeDegrees></Position><AltitudeMeters>23.775</AltitudeMeters><DistanceMeters>1513.0999755859375</DistanceMeters><Cadence>90</Cadence><SensorState>Present</SensorState></Trackpoint><Trackpoint><Time>2024-07-23T10:43:12.000Z</Time><Position><LatitudeDegrees>43.29113167</LatitudeDegrees><LongitudeDegrees>-2.89206617</LongitudeDegrees></Position><AltitudeMeters>23.775</AltitudeMeters><DistanceMeters>1516.4000244140625</DistanceMeters><Cadence>90</Cadence><SensorState>Present</SensorState></Trackpoint><Trackpoint><Time>2024-07-23T10:43:13.000Z</Time><Position><LatitudeDegrees>43.29114233</LatitudeDegrees><LongitudeDegrees>-2.89210333</LongitudeDegrees></Position><AltitudeMeters>23.622</AltitudeMeters><DistanceMeters>1519.800048828125</DistanceMeters><Cadence>91</Cadence><SensorState>Present</SensorState></Trackpoint><Trackpoint><Time>2024-07-23T10:43:14.000Z</Time><Position><LatitudeDegrees>43.29115367</LatitudeDegrees><LongitudeDegrees>-2.89213783</LongitudeDegrees></Position><AltitudeMeters>23.622</AltitudeMeters><DistanceMeters>1523.0999755859375</DistanceMeters><Cadence>91</Cadence><SensorState>Present</SensorState></Trackpoint><Trackpoint><Time>2024-07-23T10:43:15.000Z</Time><Position><LatitudeDegrees>43.2911655</LatitudeDegrees><LongitudeDegrees>-2.89217633</LongitudeDegrees></Position><AltitudeMeters>23.622</AltitudeMeters><DistanceMeters>1526.4000244140625</DistanceMeters><Cadence>90</Cadence><SensorState>Present</SensorState></Trackpoint><Trackpoint><Time>2024-07-23T10:43:16.000Z</Time><Position><LatitudeDegrees>43.291177</LatitudeDegrees><LongitudeDegrees>-2.89221467</LongitudeDegrees></Position><AltitudeMeters>23.622</AltitudeMeters><DistanceMeters>1529.699951171875</DistanceMeters><Cadence>91</Cadence><SensorState>Present</SensorState></Trackpoint><Trackpoint><Time>2024-07-23T10:43:17.000Z</Time><Position><LatitudeDegrees>43.29118933</LatitudeDegrees><LongitudeDegrees>-2.892253</LongitudeDegrees></Position><AltitudeMeters>23.622</AltitudeMeters><DistanceMeters>1533.0999755859375</DistanceMeters><Cadence>90</Cadence><SensorState>Present</SensorState></Trackpoint><Trackpoint><Time>2024-07-23T10:43:18.000Z</Time><Position><LatitudeDegrees>43.29120217</LatitudeDegrees><LongitudeDegrees>-2.89229033</LongitudeDegrees></Position><AltitudeMeters>23.622</AltitudeMeters><DistanceMeters>1536.5</DistanceMeters><Cadence>91</Cadence><SensorState>Present</SensorState></Trackpoint><Trackpoint><Time>2024-07-23T10:43:19.000Z</Time><Position><LatitudeDegrees>43.2912165</LatitudeDegrees><LongitudeDegrees>-2.89232767</LongitudeDegrees></Position><AltitudeMeters>23.622</AltitudeMeters><DistanceMeters>1540.199951171875</DistanceMeters><Cadence>91</Cadence><SensorState>Present</SensorState></Trackpoint><Trackpoint><Time>2024-07-23T10:43:20.000Z</Time><Position><LatitudeDegrees>43.29123033</LatitudeDegrees><LongitudeDegrees>-2.89236667</LongitudeDegrees></Position><AltitudeMeters>23.622</AltitudeMeters><DistanceMeters>1543.800048828125</DistanceMeters><Cadence>91</Cadence><SensorState>Present</SensorState></Trackpoint><Trackpoint><Time>2024-07-23T10:43:21.000Z</Time><Position><LatitudeDegrees>43.29124433</LatitudeDegrees><LongitudeDegrees>-2.892407</LongitudeDegrees></Position><AltitudeMeters>23.622</AltitudeMeters><DistanceMeters>1547.5999755859375</DistanceMeters><Cadence>91</Cadence><SensorState>Present</SensorState></Trackpoint><Trackpoint><Time>2024-07-23T10:43:22.000Z</Time><Position><LatitudeDegrees>43.29125683</LatitudeDegrees><LongitudeDegrees>-2.89244767</LongitudeDegrees></Position><AltitudeMeters>23.622</AltitudeMeters><DistanceMeters>1551.0999755859375</DistanceMeters><Cadence>91</Cadence><SensorState>Present</SensorState></Trackpoint><Trackpoint><Time>2024-07-23T10:43:23.000Z</Time><Position><LatitudeDegrees>43.29127</LatitudeDegrees><LongitudeDegrees>-2.892489</LongitudeDegrees></Position><AltitudeMeters>23.622</AltitudeMeters><DistanceMeters>1554.5999755859375</DistanceMeters><Cadence>91</Cadence><SensorState>Present</SensorState></Trackpoint><Trackpoint><Time>2024-07-23T10:43:24.000Z</Time><Position><LatitudeDegrees>43.291283</LatitudeDegrees><LongitudeDegrees>-2.89252617</LongitudeDegrees></Position><AltitudeMeters>23.622</AltitudeMeters><DistanceMeters>1557.9000244140625</DistanceMeters><Cadence>91</Cadence><SensorState>Present</SensorState></Trackpoint><Trackpoint><Time>2024-07-23T10:43:25.000Z</Time><Position><LatitudeDegrees>43.29129567</LatitudeDegrees><LongitudeDegrees>-2.89256317</LongitudeDegrees></Position><AltitudeMeters>23.622</AltitudeMeters><DistanceMeters>1561.300048828125</DistanceMeters><Cadence>91</Cadence><SensorState>Present</SensorState></Trackpoint><Trackpoint><Time>2024-07-23T10:43:26.000Z</Time><Position><LatitudeDegrees>43.29130833</LatitudeDegrees><LongitudeDegrees>-2.89259633</LongitudeDegrees></Position><AltitudeMeters>23.622</AltitudeMeters><DistanceMeters>1564.800048828125</DistanceMeters><Cadence>91</Cadence><SensorState>Present</SensorState></Trackpoint><Trackpoint><Time>2024-07-23T10:43:27.000Z</Time><Position><LatitudeDegrees>43.29132017</LatitudeDegrees><LongitudeDegrees>-2.892634</LongitudeDegrees></Position><AltitudeMeters>23.622</AltitudeMeters><DistanceMeters>1568.300048828125</DistanceMeters><Cadence>91</Cadence><SensorState>Present</SensorState></Trackpoint><Trackpoint><Time>2024-07-23T10:43:28.000Z</Time><Position><LatitudeDegrees>43.291333</LatitudeDegrees><LongitudeDegrees>-2.89267267</LongitudeDegrees></Position><AltitudeMeters>23.622</AltitudeMeters><DistanceMeters>1571.699951171875</DistanceMeters><Cadence>91</Cadence><SensorState>Present</SensorState></Trackpoint><Trackpoint><Time>2024-07-23T10:43:29.000Z</Time><Position><LatitudeDegrees>43.2913435</LatitudeDegrees><LongitudeDegrees>-2.89271567</LongitudeDegrees></Position><AltitudeMeters>23.47</AltitudeMeters><DistanceMeters>1575.0</DistanceMeters><Cadence>91</Cadence><SensorState>Present</SensorState></Trackpoint><Trackpoint><Time>2024-07-23T10:43:30.000Z</Time><Position><LatitudeDegrees>43.291354</LatitudeDegrees><LongitudeDegrees>-2.8927565</LongitudeDegrees></Position><AltitudeMeters>23.47</AltitudeMeters><DistanceMeters>1578.300048828125</DistanceMeters><Cadence>91</Cadence><SensorState>Present</SensorState></Trackpoint><Trackpoint><Time>2024-07-23T10:43:31.000Z</Time><Position><LatitudeDegrees>43.29136317</LatitudeDegrees><LongitudeDegrees>-2.89279683</LongitudeDegrees></Position><AltitudeMeters>23.47</AltitudeMeters><DistanceMeters>1581.800048828125</DistanceMeters><Cadence>91</Cadence><SensorState>Present</SensorState></Trackpoint><Trackpoint><Time>2024-07-23T10:43:32.000Z</Time><Position><LatitudeDegrees>43.29137217</LatitudeDegrees><LongitudeDegrees>-2.8928365</LongitudeDegrees></Position><AltitudeMeters>23.47</AltitudeMeters><DistanceMeters>1585.300048828125</DistanceMeters><Cadence>91</Cadence><SensorState>Present</SensorState></Trackpoint><Trackpoint><Time>2024-07-23T10:43:33.000Z</Time><Position><LatitudeDegrees>43.2913785</LatitudeDegrees><LongitudeDegrees>-2.89287717</LongitudeDegrees></Position><AltitudeMeters>23.317</AltitudeMeters><DistanceMeters>1589.0</DistanceMeters><Cadence>91</Cadence><SensorState>Present</SensorState></Trackpoint><Trackpoint><Time>2024-07-23T10:43:34.000Z</Time><Position><LatitudeDegrees>43.29138217</LatitudeDegrees><LongitudeDegrees>-2.8929195</LongitudeDegrees></Position><AltitudeMeters>23.317</AltitudeMeters><DistanceMeters>1592.5</DistanceMeters><Cadence>91</Cadence><SensorState>Present</SensorState></Trackpoint><Trackpoint><Time>2024-07-23T10:43:35.000Z</Time><Position><LatitudeDegrees>43.29138433</LatitudeDegrees><LongitudeDegrees>-2.89296167</LongitudeDegrees></Position><AltitudeMeters>23.317</AltitudeMeters><DistanceMeters>1596.0</DistanceMeters><Cadence>91</Cadence><SensorState>Present</SensorState></Trackpoint><Trackpoint><Time>2024-07-23T10:43:36.000Z</Time><Position><LatitudeDegrees>43.29138883</LatitudeDegrees><LongitudeDegrees>-2.893005</LongitudeDegrees></Position><AltitudeMeters>23.317</AltitudeMeters><DistanceMeters>1599.4000244140625</DistanceMeters><Cadence>91</Cadence><SensorState>Present</SensorState></Trackpoint><Trackpoint><Time>2024-07-23T10:43:37.000Z</Time><Position><LatitudeDegrees>43.291396</LatitudeDegrees><LongitudeDegrees>-2.89304667</LongitudeDegrees></Position><AltitudeMeters>23.165</AltitudeMeters><DistanceMeters>1602.9000244140625</DistanceMeters><Cadence>91</Cadence><SensorState>Present</SensorState></Trackpoint><Trackpoint><Time>2024-07-23T10:43:38.000Z</Time><Position><LatitudeDegrees>43.2914055</LatitudeDegrees><LongitudeDegrees>-2.89308883</LongitudeDegrees></Position><AltitudeMeters>23.165</AltitudeMeters><DistanceMeters>1606.4000244140625</DistanceMeters><Cadence>91</Cadence><SensorState>Present</SensorState></Trackpoint><Trackpoint><Time>2024-07-23T10:43:39.000Z</Time><Position><LatitudeDegrees>43.29141383</LatitudeDegrees><LongitudeDegrees>-2.89312967</LongitudeDegrees></Position><AltitudeMeters>23.165</AltitudeMeters><DistanceMeters>1609.9000244140625</DistanceMeters><Cadence>91</Cadence><SensorState>Present</SensorState></Trackpoint><Trackpoint><Time>2024-07-23T10:43:40.000Z</Time><Position><LatitudeDegrees>43.29142133</LatitudeDegrees><LongitudeDegrees>-2.89317133</LongitudeDegrees></Position><AltitudeMeters>23.165</AltitudeMeters><DistanceMeters>1613.300048828125</DistanceMeters><Cadence>91</Cadence><SensorState>Present</SensorState></Trackpoint><Trackpoint><Time>2024-07-23T10:43:41.000Z</Time><Position><LatitudeDegrees>43.291428</LatitudeDegrees><LongitudeDegrees>-2.89320967</LongitudeDegrees></Position><AltitudeMeters>23.013</AltitudeMeters><DistanceMeters>1616.699951171875</DistanceMeters><Cadence>91</Cadence><SensorState>Present</SensorState></Trackpoint><Trackpoint><Time>2024-07-23T10:43:42.000Z</Time><Position><LatitudeDegrees>43.291437</LatitudeDegrees><LongitudeDegrees>-2.89325017</LongitudeDegrees></Position><AltitudeMeters>23.013</AltitudeMeters><DistanceMeters>1620.300048828125</DistanceMeters><Cadence>91</Cadence><SensorState>Present</SensorState></Trackpoint><Trackpoint><Time>2024-07-23T10:43:43.000Z</Time><Position><LatitudeDegrees>43.29144817</LatitudeDegrees><LongitudeDegrees>-2.893289</LongitudeDegrees></Position><AltitudeMeters>22.86</AltitudeMeters><DistanceMeters>1623.699951171875</DistanceMeters><Cadence>91</Cadence><SensorState>Present</SensorState></Trackpoint><Trackpoint><Time>2024-07-23T10:43:44.000Z</Time><Position><LatitudeDegrees>43.29146417</LatitudeDegrees><LongitudeDegrees>-2.89332833</LongitudeDegrees></Position><AltitudeMeters>22.86</AltitudeMeters><DistanceMeters>1627.0999755859375</DistanceMeters><Cadence>92</Cadence><SensorState>Present</SensorState></Trackpoint><Trackpoint><Time>2024-07-23T10:43:45.000Z</Time><Position><LatitudeDegrees>43.29148383</LatitudeDegrees><LongitudeDegrees>-2.893362</LongitudeDegrees></Position><AltitudeMeters>22.708</AltitudeMeters><DistanceMeters>1630.4000244140625</DistanceMeters><Cadence>92</Cadence><SensorState>Present</SensorState></Trackpoint><Trackpoint><Time>2024-07-23T10:43:46.000Z</Time><Position><LatitudeDegrees>43.29150917</LatitudeDegrees><LongitudeDegrees>-2.89339017</LongitudeDegrees></Position><AltitudeMeters>22.708</AltitudeMeters><DistanceMeters>1633.699951171875</DistanceMeters><Cadence>92</Cadence><SensorState>Present</SensorState></Trackpoint><Trackpoint><Time>2024-07-23T10:43:47.000Z</Time><Position><LatitudeDegrees>43.29153167</LatitudeDegrees><LongitudeDegrees>-2.89341767</LongitudeDegrees></Position><AltitudeMeters>22.555</AltitudeMeters><DistanceMeters>1636.9000244140625</DistanceMeters><Cadence>92</Cadence><SensorState>Present</SensorState></Trackpoint><Trackpoint><Time>2024-07-23T10:43:48.000Z</Time><Position><LatitudeDegrees>43.291551</LatitudeDegrees><LongitudeDegrees>-2.89344617</LongitudeDegrees></Position><AltitudeMeters>22.555</AltitudeMeters><DistanceMeters>1640.300048828125</DistanceMeters><Cadence>92</Cadence><SensorState>Present</SensorState></Trackpoint><Trackpoint><Time>2024-07-23T10:43:49.000Z</Time><Position><LatitudeDegrees>43.29156617</LatitudeDegrees><LongitudeDegrees>-2.893481</LongitudeDegrees></Position><AltitudeMeters>22.403</AltitudeMeters><DistanceMeters>1643.9000244140625</DistanceMeters><Cadence>92</Cadence><SensorState>Present</SensorState></Trackpoint><Trackpoint><Time>2024-07-23T10:43:50.000Z</Time><Position><LatitudeDegrees>43.29158117</LatitudeDegrees><LongitudeDegrees>-2.89351717</LongitudeDegrees></Position><AltitudeMeters>22.403</AltitudeMeters><DistanceMeters>1647.5</DistanceMeters><Cadence>92</Cadence><SensorState>Present</SensorState></Trackpoint><Trackpoint><Time>2024-07-23T10:43:51.000Z</Time><Position><LatitudeDegrees>43.2915955</LatitudeDegrees><LongitudeDegrees>-2.89355717</LongitudeDegrees></Position><AltitudeMeters>22.098</AltitudeMeters><DistanceMeters>1650.9000244140625</DistanceMeters><Cadence>91</Cadence><SensorState>Present</SensorState></Trackpoint><Trackpoint><Time>2024-07-23T10:43:52.000Z</Time><Position><LatitudeDegrees>43.29160883</LatitudeDegrees><LongitudeDegrees>-2.8935965</LongitudeDegrees></Position><AltitudeMeters>22.098</AltitudeMeters><DistanceMeters>1654.300048828125</DistanceMeters><Cadence>91</Cadence><SensorState>Present</SensorState></Trackpoint><Trackpoint><Time>2024-07-23T10:43:53.000Z</Time><Position><LatitudeDegrees>43.29162167</LatitudeDegrees><LongitudeDegrees>-2.8936375</LongitudeDegrees></Position><AltitudeMeters>21.946</AltitudeMeters><DistanceMeters>1657.9000244140625</DistanceMeters><Cadence>90</Cadence><SensorState>Present</SensorState></Trackpoint><Trackpoint><Time>2024-07-23T10:43:54.000Z</Time><Position><LatitudeDegrees>43.2916345</LatitudeDegrees><LongitudeDegrees>-2.89367733</LongitudeDegrees></Position><AltitudeMeters>21.946</AltitudeMeters><DistanceMeters>1661.5</DistanceMeters><Cadence>91</Cadence><SensorState>Present</SensorState></Trackpoint><Trackpoint><Time>2024-07-23T10:43:55.000Z</Time><Position><LatitudeDegrees>43.29164617</LatitudeDegrees><LongitudeDegrees>-2.893719</LongitudeDegrees></Position><AltitudeMeters>21.793</AltitudeMeters><DistanceMeters>1665.5</DistanceMeters><Cadence>91</Cadence><SensorState>Present</SensorState></Trackpoint><Trackpoint><Time>2024-07-23T10:43:56.000Z</Time><Position><LatitudeDegrees>43.29165717</LatitudeDegrees><LongitudeDegrees>-2.89375967</LongitudeDegrees></Position><AltitudeMeters>21.793</AltitudeMeters><DistanceMeters>1669.300048828125</DistanceMeters><Cadence>91</Cadence><SensorState>Present</SensorState></Trackpoint><Trackpoint><Time>2024-07-23T10:43:57.000Z</Time><Position><LatitudeDegrees>43.29166833</LatitudeDegrees><LongitudeDegrees>-2.89380333</LongitudeDegrees></Position><AltitudeMeters>21.641</AltitudeMeters><DistanceMeters>1673.199951171875</DistanceMeters><Cadence>91</Cadence><SensorState>Present</SensorState></Trackpoint><Trackpoint><Time>2024-07-23T10:43:58.000Z</Time><Position><LatitudeDegrees>43.29167983</LatitudeDegrees><LongitudeDegrees>-2.89384583</LongitudeDegrees></Position><AltitudeMeters>21.641</AltitudeMeters><DistanceMeters>1676.800048828125</DistanceMeters><Cadence>91</Cadence><SensorState>Present</SensorState></Trackpoint><Trackpoint><Time>2024-07-23T10:43:59.000Z</Time><Position><LatitudeDegrees>43.29168983</LatitudeDegrees><LongitudeDegrees>-2.89389</LongitudeDegrees></Position><AltitudeMeters>21.489</AltitudeMeters><DistanceMeters>1680.5999755859375</DistanceMeters><Cadence>91</Cadence><SensorState>Present</SensorState></Trackpoint><Trackpoint><Time>2024-07-23T10:44:00.000Z</Time><Position><LatitudeDegrees>43.2916995</LatitudeDegrees><LongitudeDegrees>-2.893932</LongitudeDegrees></Position><AltitudeMeters>21.489</AltitudeMeters><DistanceMeters>1684.300048828125</DistanceMeters><Cadence>91</Cadence><SensorState>Present</SensorState></Trackpoint><Trackpoint><Time>2024-07-23T10:44:01.000Z</Time><Position><LatitudeDegrees>43.2917085</LatitudeDegrees><LongitudeDegrees>-2.89397583</LongitudeDegrees></Position><AltitudeMeters>21.336</AltitudeMeters><DistanceMeters>1688.0</DistanceMeters><Cadence>91</Cadence><SensorState>Present</SensorState></Trackpoint><Trackpoint><Time>2024-07-23T10:44:02.000Z</Time><Position><LatitudeDegrees>43.29171967</LatitudeDegrees><LongitudeDegrees>-2.89401717</LongitudeDegrees></Position><AltitudeMeters>21.336</AltitudeMeters><DistanceMeters>1691.699951171875</DistanceMeters><Cadence>91</Cadence><SensorState>Present</SensorState></Trackpoint><Trackpoint><Time>2024-07-23T10:44:03.000Z</Time><Position><LatitudeDegrees>43.29173</LatitudeDegrees><LongitudeDegrees>-2.89405967</LongitudeDegrees></Position><AltitudeMeters>21.184</AltitudeMeters><DistanceMeters>1695.5</DistanceMeters><Cadence>91</Cadence><SensorState>Present</SensorState></Trackpoint><Trackpoint><Time>2024-07-23T10:44:04.000Z</Time><Position><LatitudeDegrees>43.29174</LatitudeDegrees><LongitudeDegrees>-2.89410167</LongitudeDegrees></Position><AltitudeMeters>21.184</AltitudeMeters><DistanceMeters>1699.199951171875</DistanceMeters><Cadence>91</Cadence><SensorState>Present</SensorState></Trackpoint><Trackpoint><Time>2024-07-23T10:44:05.000Z</Time><Position><LatitudeDegrees>43.29174983</LatitudeDegrees><LongitudeDegrees>-2.89414717</LongitudeDegrees></Position><AltitudeMeters>21.031</AltitudeMeters><DistanceMeters>1703.0</DistanceMeters><Cadence>91</Cadence><SensorState>Present</SensorState></Trackpoint><Trackpoint><Time>2024-07-23T10:44:06.000Z</Time><Position><LatitudeDegrees>43.29176033</LatitudeDegrees><LongitudeDegrees>-2.89419067</LongitudeDegrees></Position><AltitudeMeters>21.031</AltitudeMeters><DistanceMeters>1706.5999755859375</DistanceMeters><Cadence>91</Cadence><SensorState>Present</SensorState></Trackpoint><Trackpoint><Time>2024-07-23T10:44:07.000Z</Time><Position><LatitudeDegrees>43.29177217</LatitudeDegrees><LongitudeDegrees>-2.89423483</LongitudeDegrees></Position><AltitudeMeters>20.879</AltitudeMeters><DistanceMeters>1710.4000244140625</DistanceMeters><Cadence>91</Cadence><SensorState>Present</SensorState></Trackpoint><Trackpoint><Time>2024-07-23T10:44:08.000Z</Time><Position><LatitudeDegrees>43.2917855</LatitudeDegrees><LongitudeDegrees>-2.894275</LongitudeDegrees></Position><AltitudeMeters>20.879</AltitudeMeters><DistanceMeters>1714.0999755859375</DistanceMeters><Cadence>91</Cadence><SensorState>Present</SensorState></Trackpoint><Trackpoint><Time>2024-07-23T10:44:09.000Z</Time><Position><LatitudeDegrees>43.29179917</LatitudeDegrees><LongitudeDegrees>-2.89431717</LongitudeDegrees></Position><AltitudeMeters>20.727</AltitudeMeters><DistanceMeters>1717.9000244140625</DistanceMeters><Cadence>91</Cadence><SensorState>Present</SensorState></Trackpoint><Trackpoint><Time>2024-07-23T10:44:10.000Z</Time><Position><LatitudeDegrees>43.29181383</LatitudeDegrees><LongitudeDegrees>-2.894355</LongitudeDegrees></Position><AltitudeMeters>20.727</AltitudeMeters><DistanceMeters>1721.5999755859375</DistanceMeters><Cadence>91</Cadence><SensorState>Present</SensorState></Trackpoint><Trackpoint><Time>2024-07-23T10:44:11.000Z</Time><Position><LatitudeDegrees>43.29182617</LatitudeDegrees><LongitudeDegrees>-2.89439717</LongitudeDegrees></Position><AltitudeMeters>20.574</AltitudeMeters><DistanceMeters>1725.5</DistanceMeters><Cadence>91</Cadence><SensorState>Present</SensorState></Trackpoint><Trackpoint><Time>2024-07-23T10:44:12.000Z</Time><Position><LatitudeDegrees>43.29183833</LatitudeDegrees><LongitudeDegrees>-2.8944395</LongitudeDegrees></Position><AltitudeMeters>20.574</AltitudeMeters><DistanceMeters>1729.0999755859375</DistanceMeters><Cadence>91</Cadence><SensorState>Present</SensorState></Trackpoint><Trackpoint><Time>2024-07-23T10:44:13.000Z</Time><Position><LatitudeDegrees>43.29185033</LatitudeDegrees><LongitudeDegrees>-2.89448383</LongitudeDegrees></Position><AltitudeMeters>20.422</AltitudeMeters><DistanceMeters>1732.699951171875</DistanceMeters><Cadence>91</Cadence><SensorState>Present</SensorState></Trackpoint><Trackpoint><Time>2024-07-23T10:44:14.000Z</Time><Position><LatitudeDegrees>43.29186467</LatitudeDegrees><LongitudeDegrees>-2.89452433</LongitudeDegrees></Position><AltitudeMeters>20.422</AltitudeMeters><DistanceMeters>1736.0999755859375</DistanceMeters><Cadence>91</Cadence><SensorState>Present</SensorState></Trackpoint><Trackpoint><Time>2024-07-23T10:44:15.000Z</Time><Position><LatitudeDegrees>43.29188067</LatitudeDegrees><LongitudeDegrees>-2.894562</LongitudeDegrees></Position><AltitudeMeters>20.269</AltitudeMeters><DistanceMeters>1739.5999755859375</DistanceMeters><Cadence>91</Cadence><SensorState>Present</SensorState></Trackpoint><Trackpoint><Time>2024-07-23T10:44:16.000Z</Time><Position><LatitudeDegrees>43.29189633</LatitudeDegrees><LongitudeDegrees>-2.89459833</LongitudeDegrees></Position><AltitudeMeters>20.269</AltitudeMeters><DistanceMeters>1742.699951171875</DistanceMeters><Cadence>91</Cadence><SensorState>Present</SensorState></Trackpoint><Trackpoint><Time>2024-07-23T10:44:17.000Z</Time><Position><LatitudeDegrees>43.29190867</LatitudeDegrees><LongitudeDegrees>-2.89463467</LongitudeDegrees></Position><AltitudeMeters>20.269</AltitudeMeters><DistanceMeters>1746.199951171875</DistanceMeters><Cadence>91</Cadence><SensorState>Present</SensorState></Trackpoint><Trackpoint><Time>2024-07-23T10:44:18.000Z</Time><Position><LatitudeDegrees>43.2919205</LatitudeDegrees><LongitudeDegrees>-2.89467067</LongitudeDegrees></Position><AltitudeMeters>20.269</AltitudeMeters><DistanceMeters>1749.5</DistanceMeters><Cadence>91</Cadence><SensorState>Present</SensorState></Trackpoint><Trackpoint><Time>2024-07-23T10:44:19.000Z</Time><Position><LatitudeDegrees>43.29193333</LatitudeDegrees><LongitudeDegrees>-2.89470683</LongitudeDegrees></Position><AltitudeMeters>20.117</AltitudeMeters><DistanceMeters>1752.9000244140625</DistanceMeters><Cadence>91</Cadence><SensorState>Present</SensorState></Trackpoint><Trackpoint><Time>2024-07-23T10:44:20.000Z</Time><Position><LatitudeDegrees>43.29194817</LatitudeDegrees><LongitudeDegrees>-2.8947445</LongitudeDegrees></Position><AltitudeMeters>20.117</AltitudeMeters><DistanceMeters>1756.5</DistanceMeters><Cadence>91</Cadence><SensorState>Present</SensorState></Trackpoint><Trackpoint><Time>2024-07-23T10:44:21.000Z</Time><Position><LatitudeDegrees>43.2919625</LatitudeDegrees><LongitudeDegrees>-2.89478483</LongitudeDegrees></Position><AltitudeMeters>19.965</AltitudeMeters><DistanceMeters>1760.0</DistanceMeters><Cadence>91</Cadence><SensorState>Present</SensorState></Trackpoint><Trackpoint><Time>2024-07-23T10:44:22.000Z</Time><Position><LatitudeDegrees>43.29197717</LatitudeDegrees><LongitudeDegrees>-2.89482867</LongitudeDegrees></Position><AltitudeMeters>19.965</AltitudeMeters><DistanceMeters>1763.5</DistanceMeters><Cadence>91</Cadence><SensorState>Present</SensorState></Trackpoint><Trackpoint><Time>2024-07-23T10:44:23.000Z</Time><Position><LatitudeDegrees>43.29198883</LatitudeDegrees><LongitudeDegrees>-2.894872</LongitudeDegrees></Position><AltitudeMeters>19.965</AltitudeMeters><DistanceMeters>1766.9000244140625</DistanceMeters><Cadence>91</Cadence><SensorState>Present</SensorState></Trackpoint><Trackpoint><Time>2024-07-23T10:44:24.000Z</Time><Position><LatitudeDegrees>43.291999</LatitudeDegrees><LongitudeDegrees>-2.89491283</LongitudeDegrees></Position><AltitudeMeters>19.965</AltitudeMeters><DistanceMeters>1770.300048828125</DistanceMeters><Cadence>90</Cadence><SensorState>Present</SensorState></Trackpoint><Trackpoint><Time>2024-07-23T10:44:25.000Z</Time><Position><LatitudeDegrees>43.29200333</LatitudeDegrees><LongitudeDegrees>-2.89495167</LongitudeDegrees></Position><AltitudeMeters>19.812</AltitudeMeters><DistanceMeters>1773.699951171875</DistanceMeters><Cadence>90</Cadence><SensorState>Present</SensorState></Trackpoint><Trackpoint><Time>2024-07-23T10:44:26.000Z</Time><Position><LatitudeDegrees>43.29200767</LatitudeDegrees><LongitudeDegrees>-2.8949895</LongitudeDegrees></Position><AltitudeMeters>19.812</AltitudeMeters><DistanceMeters>1777.0999755859375</DistanceMeters><Cadence>90</Cadence><SensorState>Present</SensorState></Trackpoint><Trackpoint><Time>2024-07-23T10:44:27.000Z</Time><Position><LatitudeDegrees>43.292008</LatitudeDegrees><LongitudeDegrees>-2.89502817</LongitudeDegrees></Position><AltitudeMeters>19.66</AltitudeMeters><DistanceMeters>1780.4000244140625</DistanceMeters><Cadence>90</Cadence><SensorState>Present</SensorState></Trackpoint><Trackpoint><Time>2024-07-23T10:44:28.000Z</Time><Position><LatitudeDegrees>43.292012</LatitudeDegrees><LongitudeDegrees>-2.89506833</LongitudeDegrees></Position><AltitudeMeters>19.66</AltitudeMeters><DistanceMeters>1783.5999755859375</DistanceMeters><Cadence>90</Cadence><SensorState>Present</SensorState></Trackpoint><Trackpoint><Time>2024-07-23T10:44:29.000Z</Time><Position><LatitudeDegrees>43.29201517</LatitudeDegrees><LongitudeDegrees>-2.89510817</LongitudeDegrees></Position><AltitudeMeters>19.507</AltitudeMeters><DistanceMeters>1786.5</DistanceMeters><Cadence>91</Cadence><SensorState>Present</SensorState></Trackpoint><Trackpoint><Time>2024-07-23T10:44:30.000Z</Time><Position><LatitudeDegrees>43.29201983</LatitudeDegrees><LongitudeDegrees>-2.89515017</LongitudeDegrees></Position><AltitudeMeters>19.507</AltitudeMeters><DistanceMeters>1789.5999755859375</DistanceMeters><Cadence>91</Cadence><SensorState>Present</SensorState></Trackpoint><Trackpoint><Time>2024-07-23T10:44:31.000Z</Time><Position><LatitudeDegrees>43.29202533</LatitudeDegrees><LongitudeDegrees>-2.8951885</LongitudeDegrees></Position><AltitudeMeters>19.203</AltitudeMeters><DistanceMeters>1792.9000244140625</DistanceMeters><Cadence>91</Cadence><SensorState>Present</SensorState></Trackpoint><Trackpoint><Time>2024-07-23T10:44:32.000Z</Time><Position><LatitudeDegrees>43.292033</LatitudeDegrees><LongitudeDegrees>-2.895229</LongitudeDegrees></Position><AltitudeMeters>19.203</AltitudeMeters><DistanceMeters>1796.5</DistanceMeters><Cadence>91</Cadence><SensorState>Present</SensorState></Trackpoint><Trackpoint><Time>2024-07-23T10:44:33.000Z</Time><Position><LatitudeDegrees>43.29204433</LatitudeDegrees><LongitudeDegrees>-2.89526767</LongitudeDegrees></Position><AltitudeMeters>19.05</AltitudeMeters><DistanceMeters>1800.199951171875</DistanceMeters><Cadence>91</Cadence><SensorState>Present</SensorState></Trackpoint><Trackpoint><Time>2024-07-23T10:44:34.000Z</Time><Position><LatitudeDegrees>43.29205667</LatitudeDegrees><LongitudeDegrees>-2.89531</LongitudeDegrees></Position><AltitudeMeters>19.05</AltitudeMeters><DistanceMeters>1804.199951171875</DistanceMeters><Cadence>91</Cadence><SensorState>Present</SensorState></Trackpoint><Trackpoint><Time>2024-07-23T10:44:35.000Z</Time><Position><LatitudeDegrees>43.2920675</LatitudeDegrees><LongitudeDegrees>-2.89535267</LongitudeDegrees></Position><AltitudeMeters>18.898</AltitudeMeters><DistanceMeters>1808.0</DistanceMeters><Cadence>91</Cadence><SensorState>Present</SensorState></Trackpoint><Trackpoint><Time>2024-07-23T10:44:36.000Z</Time><Position><LatitudeDegrees>43.29207733</LatitudeDegrees><LongitudeDegrees>-2.89539867</LongitudeDegrees></Position><AltitudeMeters>18.898</AltitudeMeters><DistanceMeters>1812.0</DistanceMeters><Cadence>91</Cadence><SensorState>Present</SensorState></Trackpoint><Trackpoint><Time>2024-07-23T10:44:37.000Z</Time><Position><LatitudeDegrees>43.29208383</LatitudeDegrees><LongitudeDegrees>-2.89544483</LongitudeDegrees></Position><AltitudeMeters>18.745</AltitudeMeters><DistanceMeters>1815.9000244140625</DistanceMeters><Cadence>90</Cadence><SensorState>Present</SensorState></Trackpoint><Trackpoint><Time>2024-07-23T10:44:38.000Z</Time><Position><LatitudeDegrees>43.29209133</LatitudeDegrees><LongitudeDegrees>-2.895492</LongitudeDegrees></Position><AltitudeMeters>18.745</AltitudeMeters><DistanceMeters>1820.0</DistanceMeters><Cadence>91</Cadence><SensorState>Present</SensorState></Trackpoint><Trackpoint><Time>2024-07-23T10:44:39.000Z</Time><Position><LatitudeDegrees>43.292098</LatitudeDegrees><LongitudeDegrees>-2.89553717</LongitudeDegrees></Position><AltitudeMeters>18.441</AltitudeMeters><DistanceMeters>1823.800048828125</DistanceMeters><Cadence>91</Cadence><SensorState>Present</SensorState></Trackpoint><Trackpoint><Time>2024-07-23T10:44:40.000Z</Time><Position><LatitudeDegrees>43.292107</LatitudeDegrees><LongitudeDegrees>-2.895581</LongitudeDegrees></Position><AltitudeMeters>18.441</AltitudeMeters><DistanceMeters>1827.5999755859375</DistanceMeters><Cadence>91</Cadence><SensorState>Present</SensorState></Trackpoint><Trackpoint><Time>2024-07-23T10:44:41.000Z</Time><Position><LatitudeDegrees>43.29211533</LatitudeDegrees><LongitudeDegrees>-2.89562267</LongitudeDegrees></Position><AltitudeMeters>18.288</AltitudeMeters><DistanceMeters>1831.199951171875</DistanceMeters><Cadence>90</Cadence><SensorState>Present</SensorState></Trackpoint><Trackpoint><Time>2024-07-23T10:44:42.000Z</Time><Position><LatitudeDegrees>43.292124</LatitudeDegrees><LongitudeDegrees>-2.89566517</LongitudeDegrees></Position><AltitudeMeters>18.288</AltitudeMeters><DistanceMeters>1834.800048828125</DistanceMeters><Cadence>90</Cadence><SensorState>Present</SensorState></Trackpoint><Trackpoint><Time>2024-07-23T10:44:43.000Z</Time><Position><LatitudeDegrees>43.29213217</LatitudeDegrees><LongitudeDegrees>-2.89570633</LongitudeDegrees></Position><AltitudeMeters>18.136</AltitudeMeters><DistanceMeters>1838.0999755859375</DistanceMeters><Cadence>90</Cadence><SensorState>Present</SensorState></Trackpoint><Trackpoint><Time>2024-07-23T10:44:44.000Z</Time><Position><LatitudeDegrees>43.29213883</LatitudeDegrees><LongitudeDegrees>-2.89574917</LongitudeDegrees></Position><AltitudeMeters>18.136</AltitudeMeters><DistanceMeters>1841.199951171875</DistanceMeters><Cadence>91</Cadence><SensorState>Present</SensorState></Trackpoint><Trackpoint><Time>2024-07-23T10:44:45.000Z</Time><Position><LatitudeDegrees>43.2921425</LatitudeDegrees><LongitudeDegrees>-2.8957885</LongitudeDegrees></Position><AltitudeMeters>17.983</AltitudeMeters><DistanceMeters>1844.199951171875</DistanceMeters><Cadence>91</Cadence><SensorState>Present</SensorState></Trackpoint><Trackpoint><Time>2024-07-23T10:44:46.000Z</Time><Position><LatitudeDegrees>43.29214283</LatitudeDegrees><LongitudeDegrees>-2.89582783</LongitudeDegrees></Position><AltitudeMeters>17.983</AltitudeMeters><DistanceMeters>1847.4000244140625</DistanceMeters><Cadence>91</Cadence><SensorState>Present</SensorState></Trackpoint><Trackpoint><Time>2024-07-23T10:44:47.000Z</Time><Position><LatitudeDegrees>43.29214217</LatitudeDegrees><LongitudeDegrees>-2.89586567</LongitudeDegrees></Position><AltitudeMeters>17.831</AltitudeMeters><DistanceMeters>1850.5</DistanceMeters><Cadence>91</Cadence><SensorState>Present</SensorState></Trackpoint><Trackpoint><Time>2024-07-23T10:44:48.000Z</Time><Position><LatitudeDegrees>43.2921395</LatitudeDegrees><LongitudeDegrees>-2.89590733</LongitudeDegrees></Position><AltitudeMeters>17.831</AltitudeMeters><DistanceMeters>1853.9000244140625</DistanceMeters><Cadence>90</Cadence><SensorState>Present</SensorState></Trackpoint><Trackpoint><Time>2024-07-23T10:44:49.000Z</Time><Position><LatitudeDegrees>43.2921365</LatitudeDegrees><LongitudeDegrees>-2.8959485</LongitudeDegrees></Position><AltitudeMeters>17.526</AltitudeMeters><DistanceMeters>1857.0999755859375</DistanceMeters><Cadence>90</Cadence><SensorState>Present</SensorState></Trackpoint><Trackpoint><Time>2024-07-23T10:44:50.000Z</Time><Position><LatitudeDegrees>43.29212983</LatitudeDegrees><LongitudeDegrees>-2.895992</LongitudeDegrees></Position><AltitudeMeters>17.526</AltitudeMeters><DistanceMeters>1860.300048828125</DistanceMeters><Cadence>90</Cadence><SensorState>Present</SensorState></Trackpoint><Trackpoint><Time>2024-07-23T10:44:51.000Z</Time><Position><LatitudeDegrees>43.29212567</LatitudeDegrees><LongitudeDegrees>-2.8960325</LongitudeDegrees></Position><AltitudeMeters>17.374</AltitudeMeters><DistanceMeters>1863.4000244140625</DistanceMeters><Cadence>90</Cadence><SensorState>Present</SensorState></Trackpoint><Trackpoint><Time>2024-07-23T10:44:52.000Z</Time><Position><LatitudeDegrees>43.2921255</LatitudeDegrees><LongitudeDegrees>-2.89607333</LongitudeDegrees></Position><AltitudeMeters>17.374</AltitudeMeters><DistanceMeters>1866.699951171875</DistanceMeters><Cadence>90</Cadence><SensorState>Present</SensorState></Trackpoint><Trackpoint><Time>2024-07-23T10:44:53.000Z</Time><Position><LatitudeDegrees>43.29213167</LatitudeDegrees><LongitudeDegrees>-2.8961115</LongitudeDegrees></Position><AltitudeMeters>17.221</AltitudeMeters><DistanceMeters>1870.0</DistanceMeters><Cadence>90</Cadence><SensorState>Present</SensorState></Trackpoint><Trackpoint><Time>2024-07-23T10:44:54.000Z</Time><Position><LatitudeDegrees>43.29214233</LatitudeDegrees><LongitudeDegrees>-2.896149</LongitudeDegrees></Position><AltitudeMeters>17.221</AltitudeMeters><DistanceMeters>1873.5</DistanceMeters><Cadence>90</Cadence><SensorState>Present</SensorState></Trackpoint><Trackpoint><Time>2024-07-23T10:44:55.000Z</Time><Position><LatitudeDegrees>43.292153</LatitudeDegrees><LongitudeDegrees>-2.896186</LongitudeDegrees></Position><AltitudeMeters>17.069</AltitudeMeters><DistanceMeters>1876.5999755859375</DistanceMeters><Cadence>91</Cadence><SensorState>Present</SensorState></Trackpoint><Trackpoint><Time>2024-07-23T10:44:56.000Z</Time><Position><LatitudeDegrees>43.2921635</LatitudeDegrees><LongitudeDegrees>-2.89622483</LongitudeDegrees></Position><AltitudeMeters>17.069</AltitudeMeters><DistanceMeters>1879.699951171875</DistanceMeters><Cadence>91</Cadence><SensorState>Present</SensorState></Trackpoint><Trackpoint><Time>2024-07-23T10:44:57.000Z</Time><Position><LatitudeDegrees>43.29216983</LatitudeDegrees><LongitudeDegrees>-2.896264</LongitudeDegrees></Position><AltitudeMeters>16.764</AltitudeMeters><DistanceMeters>1882.699951171875</DistanceMeters><Cadence>91</Cadence><SensorState>Present</SensorState></Trackpoint><Trackpoint><Time>2024-07-23T10:44:58.000Z</Time><Position><LatitudeDegrees>43.29217567</LatitudeDegrees><LongitudeDegrees>-2.8963035</LongitudeDegrees></Position><AltitudeMeters>16.764</AltitudeMeters><DistanceMeters>1886.0</DistanceMeters><Cadence>91</Cadence><SensorState>Present</SensorState></Trackpoint><Trackpoint><Time>2024-07-23T10:44:59.000Z</Time><Position><LatitudeDegrees>43.292181</LatitudeDegrees><LongitudeDegrees>-2.8963395</LongitudeDegrees></Position><AltitudeMeters>16.612</AltitudeMeters><DistanceMeters>1889.300048828125</DistanceMeters><Cadence>91</Cadence><SensorState>Present</SensorState></Trackpoint><Trackpoint><Time>2024-07-23T10:45:00.000Z</Time><Position><LatitudeDegrees>43.292188</LatitudeDegrees><LongitudeDegrees>-2.89637817</LongitudeDegrees></Position><AltitudeMeters>16.612</AltitudeMeters><DistanceMeters>1892.800048828125</DistanceMeters><Cadence>91</Cadence><SensorState>Present</SensorState></Trackpoint><Trackpoint><Time>2024-07-23T10:45:01.000Z</Time><Position><LatitudeDegrees>43.2921935</LatitudeDegrees><LongitudeDegrees>-2.89641767</LongitudeDegrees></Position><AltitudeMeters>16.307</AltitudeMeters><DistanceMeters>1896.199951171875</DistanceMeters><Cadence>90</Cadence><SensorState>Present</SensorState></Trackpoint><Trackpoint><Time>2024-07-23T10:45:02.000Z</Time><Position><LatitudeDegrees>43.29220233</LatitudeDegrees><LongitudeDegrees>-2.89645983</LongitudeDegrees></Position><AltitudeMeters>16.307</AltitudeMeters><DistanceMeters>1899.699951171875</DistanceMeters><Cadence>90</Cadence><SensorState>Present</SensorState></Trackpoint><Trackpoint><Time>2024-07-23T10:45:03.000Z</Time><Position><LatitudeDegrees>43.29221183</LatitudeDegrees><LongitudeDegrees>-2.8965005</LongitudeDegrees></Position><AltitudeMeters>16.155</AltitudeMeters><DistanceMeters>1903.0</DistanceMeters><Cadence>90</Cadence><SensorState>Present</SensorState></Trackpoint><Trackpoint><Time>2024-07-23T10:45:04.000Z</Time><Position><LatitudeDegrees>43.292221</LatitudeDegrees><LongitudeDegrees>-2.89654167</LongitudeDegrees></Position><AltitudeMeters>16.155</AltitudeMeters><DistanceMeters>1906.4000244140625</DistanceMeters><Cadence>91</Cadence><SensorState>Present</SensorState></Trackpoint><Trackpoint><Time>2024-07-23T10:45:05.000Z</Time><Position><LatitudeDegrees>43.29222733</LatitudeDegrees><LongitudeDegrees>-2.89658133</LongitudeDegrees></Position><AltitudeMeters>16.002</AltitudeMeters><DistanceMeters>1909.800048828125</DistanceMeters><Cadence>91</Cadence><SensorState>Present</SensorState></Trackpoint><Trackpoint><Time>2024-07-23T10:45:06.000Z</Time><Position><LatitudeDegrees>43.2922325</LatitudeDegrees><LongitudeDegrees>-2.89662183</LongitudeDegrees></Position><AltitudeMeters>16.002</AltitudeMeters><DistanceMeters>1913.5</DistanceMeters><Cadence>91</Cadence><SensorState>Present</SensorState></Trackpoint><Trackpoint><Time>2024-07-23T10:45:07.000Z</Time><Position><LatitudeDegrees>43.29223917</LatitudeDegrees><LongitudeDegrees>-2.89666083</LongitudeDegrees></Position><AltitudeMeters>15.85</AltitudeMeters><DistanceMeters>1916.9000244140625</DistanceMeters><Cadence>91</Cadence><SensorState>Present</SensorState></Trackpoint><Trackpoint><Time>2024-07-23T10:45:08.000Z</Time><Position><LatitudeDegrees>43.29224483</LatitudeDegrees><LongitudeDegrees>-2.89670217</LongitudeDegrees></Position><AltitudeMeters>15.85</AltitudeMeters><DistanceMeters>1920.4000244140625</DistanceMeters><Cadence>91</Cadence><SensorState>Present</SensorState></Trackpoint><Trackpoint><Time>2024-07-23T10:45:09.000Z</Time><Position><LatitudeDegrees>43.2922505</LatitudeDegrees><LongitudeDegrees>-2.8967425</LongitudeDegrees></Position><AltitudeMeters>15.697</AltitudeMeters><DistanceMeters>1923.699951171875</DistanceMeters><Cadence>91</Cadence><SensorState>Present</SensorState></Trackpoint><Trackpoint><Time>2024-07-23T10:45:10.000Z</Time><Position><LatitudeDegrees>43.292256</LatitudeDegrees><LongitudeDegrees>-2.896784</LongitudeDegrees></Position><AltitudeMeters>15.697</AltitudeMeters><DistanceMeters>1927.0999755859375</DistanceMeters><Cadence>91</Cadence><SensorState>Present</SensorState></Trackpoint><Trackpoint><Time>2024-07-23T10:45:11.000Z</Time><Position><LatitudeDegrees>43.29226133</LatitudeDegrees><LongitudeDegrees>-2.896825</LongitudeDegrees></Position><AltitudeMeters>15.545</AltitudeMeters><DistanceMeters>1930.4000244140625</DistanceMeters><Cadence>91</Cadence><SensorState>Present</SensorState></Trackpoint><Trackpoint><Time>2024-07-23T10:45:12.000Z</Time><Position><LatitudeDegrees>43.29226517</LatitudeDegrees><LongitudeDegrees>-2.89686683</LongitudeDegrees></Position><AltitudeMeters>15.545</AltitudeMeters><DistanceMeters>1933.800048828125</DistanceMeters><Cadence>91</Cadence><SensorState>Present</SensorState></Trackpoint><Trackpoint><Time>2024-07-23T10:45:13.000Z</Time><Position><LatitudeDegrees>43.2922685</LatitudeDegrees><LongitudeDegrees>-2.89690717</LongitudeDegrees></Position><AltitudeMeters>15.393</AltitudeMeters><DistanceMeters>1937.300048828125</DistanceMeters><Cadence>91</Cadence><SensorState>Present</SensorState></Trackpoint><Trackpoint><Time>2024-07-23T10:45:14.000Z</Time><Position><LatitudeDegrees>43.29227167</LatitudeDegrees><LongitudeDegrees>-2.89694917</LongitudeDegrees></Position><AltitudeMeters>15.393</AltitudeMeters><DistanceMeters>1940.9000244140625</DistanceMeters><Cadence>90</Cadence><SensorState>Present</SensorState></Trackpoint><Trackpoint><Time>2024-07-23T10:45:15.000Z</Time><Position><LatitudeDegrees>43.29227617</LatitudeDegrees><LongitudeDegrees>-2.89699117</LongitudeDegrees></Position><AltitudeMeters>15.24</AltitudeMeters><DistanceMeters>1944.300048828125</DistanceMeters><Cadence>90</Cadence><SensorState>Present</SensorState></Trackpoint><Trackpoint><Time>2024-07-23T10:45:16.000Z</Time><Position><LatitudeDegrees>43.29228017</LatitudeDegrees><LongitudeDegrees>-2.89703433</LongitudeDegrees></Position><AltitudeMeters>15.24</AltitudeMeters><DistanceMeters>1947.800048828125</DistanceMeters><Cadence>90</Cadence><SensorState>Present</SensorState></Trackpoint><Trackpoint><Time>2024-07-23T10:45:17.000Z</Time><Position><LatitudeDegrees>43.29228517</LatitudeDegrees><LongitudeDegrees>-2.89707617</LongitudeDegrees></Position><AltitudeMeters>15.088</AltitudeMeters><DistanceMeters>1951.199951171875</DistanceMeters><Cadence>90</Cadence><SensorState>Present</SensorState></Trackpoint><Trackpoint><Time>2024-07-23T10:45:18.000Z</Time><Position><LatitudeDegrees>43.29229067</LatitudeDegrees><LongitudeDegrees>-2.89711717</LongitudeDegrees></Position><AltitudeMeters>15.088</AltitudeMeters><DistanceMeters>1954.4000244140625</DistanceMeters><Cadence>90</Cadence><SensorState>Present</SensorState></Trackpoint><Trackpoint><Time>2024-07-23T10:45:19.000Z</Time><Position><LatitudeDegrees>43.29229667</LatitudeDegrees><LongitudeDegrees>-2.89715683</LongitudeDegrees></Position><AltitudeMeters>14.935</AltitudeMeters><DistanceMeters>1957.5999755859375</DistanceMeters><Cadence>90</Cadence><SensorState>Present</SensorState></Trackpoint><Trackpoint><Time>2024-07-23T10:45:20.000Z</Time><Position><LatitudeDegrees>43.29230333</LatitudeDegrees><LongitudeDegrees>-2.89719433</LongitudeDegrees></Position><AltitudeMeters>14.935</AltitudeMeters><DistanceMeters>1960.800048828125</DistanceMeters><Cadence>91</Cadence><SensorState>Present</SensorState></Trackpoint><Trackpoint><Time>2024-07-23T10:45:21.000Z</Time><Position><LatitudeDegrees>43.29230767</LatitudeDegrees><LongitudeDegrees>-2.89723067</LongitudeDegrees></Position><AltitudeMeters>14.783</AltitudeMeters><DistanceMeters>1964.0</DistanceMeters><Cadence>91</Cadence><SensorState>Present</SensorState></Trackpoint><Trackpoint><Time>2024-07-23T10:45:22.000Z</Time><Position><LatitudeDegrees>43.29231033</LatitudeDegrees><LongitudeDegrees>-2.89726883</LongitudeDegrees></Position><AltitudeMeters>14.783</AltitudeMeters><DistanceMeters>1967.5</DistanceMeters><Cadence>91</Cadence><SensorState>Present</SensorState></Trackpoint><Trackpoint><Time>2024-07-23T10:45:23.000Z</Time><Position><LatitudeDegrees>43.292312</LatitudeDegrees><LongitudeDegrees>-2.89730933</LongitudeDegrees></Position><AltitudeMeters>14.631</AltitudeMeters><DistanceMeters>1971.0999755859375</DistanceMeters><Cadence>91</Cadence><SensorState>Present</SensorState></Trackpoint><Trackpoint><Time>2024-07-23T10:45:24.000Z</Time><Position><LatitudeDegrees>43.2923195</LatitudeDegrees><LongitudeDegrees>-2.89735533</LongitudeDegrees></Position><AltitudeMeters>14.631</AltitudeMeters><DistanceMeters>1974.800048828125</DistanceMeters><Cadence>91</Cadence><SensorState>Present</SensorState></Trackpoint><Trackpoint><Time>2024-07-23T10:45:25.000Z</Time><Position><LatitudeDegrees>43.29233033</LatitudeDegrees><LongitudeDegrees>-2.89740117</LongitudeDegrees></Position><AltitudeMeters>14.631</AltitudeMeters><DistanceMeters>1978.5</DistanceMeters><Cadence>91</Cadence><SensorState>Present</SensorState></Trackpoint><Trackpoint><Time>2024-07-23T10:45:26.000Z</Time><Position><LatitudeDegrees>43.29234067</LatitudeDegrees><LongitudeDegrees>-2.897448</LongitudeDegrees></Position><AltitudeMeters>14.631</AltitudeMeters><DistanceMeters>1982.199951171875</DistanceMeters><Cadence>91</Cadence><SensorState>Present</SensorState></Trackpoint><Trackpoint><Time>2024-07-23T10:45:27.000Z</Time><Position><LatitudeDegrees>43.29234683</LatitudeDegrees><LongitudeDegrees>-2.89749117</LongitudeDegrees></Position><AltitudeMeters>14.478</AltitudeMeters><DistanceMeters>1986.0999755859375</DistanceMeters><Cadence>91</Cadence><SensorState>Present</SensorState></Trackpoint><Trackpoint><Time>2024-07-23T10:45:28.000Z</Time><Position><LatitudeDegrees>43.29235333</LatitudeDegrees><LongitudeDegrees>-2.8975335</LongitudeDegrees></Position><AltitudeMeters>14.478</AltitudeMeters><DistanceMeters>1989.9000244140625</DistanceMeters><Cadence>91</Cadence><SensorState>Present</SensorState></Trackpoint><Trackpoint><Time>2024-07-23T10:45:29.000Z</Time><Position><LatitudeDegrees>43.29235983</LatitudeDegrees><LongitudeDegrees>-2.8975765</LongitudeDegrees></Position><AltitudeMeters>14.326</AltitudeMeters><DistanceMeters>1993.5999755859375</DistanceMeters><Cadence>91</Cadence><SensorState>Present</SensorState></Trackpoint><Trackpoint><Time>2024-07-23T10:45:30.000Z</Time><Position><LatitudeDegrees>43.2923635</LatitudeDegrees><LongitudeDegrees>-2.89761833</LongitudeDegrees></Position><AltitudeMeters>14.326</AltitudeMeters><DistanceMeters>1997.199951171875</DistanceMeters><Cadence>91</Cadence><SensorState>Present</SensorState></Trackpoint><Trackpoint><Time>2024-07-23T10:45:31.000Z</Time><Position><LatitudeDegrees>43.29236517</LatitudeDegrees><LongitudeDegrees>-2.8976595</LongitudeDegrees></Position><AltitudeMeters>14.326</AltitudeMeters><DistanceMeters>2000.5</DistanceMeters><Cadence>91</Cadence><SensorState>Present</SensorState></Trackpoint><Trackpoint><Time>2024-07-23T10:45:32.000Z</Time><Position><LatitudeDegrees>43.2923675</LatitudeDegrees><LongitudeDegrees>-2.89769867</LongitudeDegrees></Position><AltitudeMeters>14.326</AltitudeMeters><DistanceMeters>2003.800048828125</DistanceMeters><Cadence>91</Cadence><SensorState>Present</SensorState></Trackpoint><Trackpoint><Time>2024-07-23T10:45:33.000Z</Time><Position><LatitudeDegrees>43.29237567</LatitudeDegrees><LongitudeDegrees>-2.8977405</LongitudeDegrees></Position><AltitudeMeters>14.326</AltitudeMeters><DistanceMeters>2007.0999755859375</DistanceMeters><Cadence>91</Cadence><SensorState>Present</SensorState></Trackpoint><Trackpoint><Time>2024-07-23T10:45:34.000Z</Time><Position><LatitudeDegrees>43.29238533</LatitudeDegrees><LongitudeDegrees>-2.89778317</LongitudeDegrees></Position><AltitudeMeters>14.326</AltitudeMeters><DistanceMeters>2010.5999755859375</DistanceMeters><Cadence>91</Cadence><SensorState>Present</SensorState></Trackpoint></Track><Extensions><LX xmlns="http://www.garmin.com/xmlschemas/ActivityExtension/v2"><AvgSpeed>3.4002619319491916</AvgSpeed></LX></Extensions></Lap><Lap xmlns="http://www.garmin.com/xmlschemas/TrainingCenterDatabase/v2" StartTime="2024-07-23T10:45:35.000Z"><TotalTimeSeconds>296.0</TotalTimeSeconds><DistanceMeters>1000.0</DistanceMeters><MaximumSpeed>3.6111105812920465</MaximumSpeed><Calories>0</Calories><Intensity>Active</Intensity><Cadence>90</Cadence><TriggerMethod>Distance</TriggerMethod><Track><Trackpoint><Time>2024-07-23T10:45:35.000Z</Time><Position><LatitudeDegrees>43.292395</LatitudeDegrees><LongitudeDegrees>-2.89782567</LongitudeDegrees></Position><AltitudeMeters>14.173</AltitudeMeters><DistanceMeters>2014.0</DistanceMeters><Cadence>91</Cadence><SensorState>Present</SensorState></Trackpoint><Trackpoint><Time>2024-07-23T10:45:36.000Z</Time><Position><LatitudeDegrees>43.29240083</LatitudeDegrees><LongitudeDegrees>-2.89786767</LongitudeDegrees></Position><AltitudeMeters>14.173</AltitudeMeters><DistanceMeters>2017.4000244140625</DistanceMeters><Cadence>91</Cadence><SensorState>Present</SensorState></Trackpoint><Trackpoint><Time>2024-07-23T10:45:37.000Z</Time><Position><LatitudeDegrees>43.29240833</LatitudeDegrees><LongitudeDegrees>-2.89790917</LongitudeDegrees></Position><AltitudeMeters>14.173</AltitudeMeters><DistanceMeters>2021.0</DistanceMeters><Cadence>91</Cadence><SensorState>Present</SensorState></Trackpoint><Trackpoint><Time>2024-07-23T10:45:38.000Z</Time><Position><LatitudeDegrees>43.29241433</LatitudeDegrees><LongitudeDegrees>-2.89794983</LongitudeDegrees></Position><AltitudeMeters>14.173</AltitudeMeters><DistanceMeters>2024.5999755859375</DistanceMeters><Cadence>91</Cadence><SensorState>Present</SensorState></Trackpoint><Trackpoint><Time>2024-07-23T10:45:39.000Z</Time><Position><LatitudeDegrees>43.29241783</LatitudeDegrees><LongitudeDegrees>-2.89799267</LongitudeDegrees></Position><AltitudeMeters>14.173</AltitudeMeters><DistanceMeters>2028.4000244140625</DistanceMeters><Cadence>91</Cadence><SensorState>Present</SensorState></Trackpoint><Trackpoint><Time>2024-07-23T10:45:40.000Z</Time><Position><LatitudeDegrees>43.2924175</LatitudeDegrees><LongitudeDegrees>-2.89803667</LongitudeDegrees></Position><AltitudeMeters>14.173</AltitudeMeters><DistanceMeters>2031.800048828125</DistanceMeters><Cadence>91</Cadence><SensorState>Present</SensorState></Trackpoint><Trackpoint><Time>2024-07-23T10:45:41.000Z</Time><Position><LatitudeDegrees>43.2924175</LatitudeDegrees><LongitudeDegrees>-2.89808183</LongitudeDegrees></Position><AltitudeMeters>14.021</AltitudeMeters><DistanceMeters>2035.199951171875</DistanceMeters><Cadence>91</Cadence><SensorState>Present</SensorState></Trackpoint><Trackpoint><Time>2024-07-23T10:45:42.000Z</Time><Position><LatitudeDegrees>43.2924195</LatitudeDegrees><LongitudeDegrees>-2.8981225</LongitudeDegrees></Position><AltitudeMeters>14.021</AltitudeMeters><DistanceMeters>2038.5</DistanceMeters><Cadence>91</Cadence><SensorState>Present</SensorState></Trackpoint><Trackpoint><Time>2024-07-23T10:45:43.000Z</Time><Position><LatitudeDegrees>43.292422</LatitudeDegrees><LongitudeDegrees>-2.8981645</LongitudeDegrees></Position><AltitudeMeters>14.021</AltitudeMeters><DistanceMeters>2042.0</DistanceMeters><Cadence>90</Cadence><SensorState>Present</SensorState></Trackpoint><Trackpoint><Time>2024-07-23T10:45:44.000Z</Time><Position><LatitudeDegrees>43.29242433</LatitudeDegrees><LongitudeDegrees>-2.89820483</LongitudeDegrees></Position><AltitudeMeters>14.021</AltitudeMeters><DistanceMeters>2045.5999755859375</DistanceMeters><Cadence>91</Cadence><SensorState>Present</SensorState></Trackpoint><Trackpoint><Time>2024-07-23T10:45:45.000Z</Time><Position><LatitudeDegrees>43.2924255</LatitudeDegrees><LongitudeDegrees>-2.89824917</LongitudeDegrees></Position><AltitudeMeters>13.869</AltitudeMeters><DistanceMeters>2049.60009765625</DistanceMeters><Cadence>90</Cadence><SensorState>Present</SensorState></Trackpoint><Trackpoint><Time>2024-07-23T10:45:46.000Z</Time><Position><LatitudeDegrees>43.29242717</LatitudeDegrees><LongitudeDegrees>-2.89829367</LongitudeDegrees></Position><AltitudeMeters>13.869</AltitudeMeters><DistanceMeters>2053.300048828125</DistanceMeters><Cadence>91</Cadence><SensorState>Present</SensorState></Trackpoint><Trackpoint><Time>2024-07-23T10:45:47.000Z</Time><Position><LatitudeDegrees>43.292433</LatitudeDegrees><LongitudeDegrees>-2.8983425</LongitudeDegrees></Position><AltitudeMeters>13.869</AltitudeMeters><DistanceMeters>2057.10009765625</DistanceMeters><Cadence>90</Cadence><SensorState>Present</SensorState></Trackpoint><Trackpoint><Time>2024-07-23T10:45:48.000Z</Time><Position><LatitudeDegrees>43.29244117</LatitudeDegrees><LongitudeDegrees>-2.89838867</LongitudeDegrees></Position><AltitudeMeters>13.869</AltitudeMeters><DistanceMeters>2060.699951171875</DistanceMeters><Cadence>90</Cadence><SensorState>Present</SensorState></Trackpoint><Trackpoint><Time>2024-07-23T10:45:49.000Z</Time><Position><LatitudeDegrees>43.29245033</LatitudeDegrees><LongitudeDegrees>-2.89843383</LongitudeDegrees></Position><AltitudeMeters>13.869</AltitudeMeters><DistanceMeters>2064.60009765625</DistanceMeters><Cadence>90</Cadence><SensorState>Present</SensorState></Trackpoint><Trackpoint><Time>2024-07-23T10:45:50.000Z</Time><Position><LatitudeDegrees>43.29245733</LatitudeDegrees><LongitudeDegrees>-2.89847533</LongitudeDegrees></Position><AltitudeMeters>13.869</AltitudeMeters><DistanceMeters>2068.300048828125</DistanceMeters><Cadence>91</Cadence><SensorState>Present</SensorState></Trackpoint><Trackpoint><Time>2024-07-23T10:45:51.000Z</Time><Position><LatitudeDegrees>43.2924625</LatitudeDegrees><LongitudeDegrees>-2.89851883</LongitudeDegrees></Position><AltitudeMeters>13.869</AltitudeMeters><DistanceMeters>2072.300048828125</DistanceMeters><Cadence>91</Cadence><SensorState>Present</SensorState></Trackpoint><Trackpoint><Time>2024-07-23T10:45:52.000Z</Time><Position><LatitudeDegrees>43.2924665</LatitudeDegrees><LongitudeDegrees>-2.89856183</LongitudeDegrees></Position><AltitudeMeters>13.869</AltitudeMeters><DistanceMeters>2076.0</DistanceMeters><Cadence>91</Cadence><SensorState>Present</SensorState></Trackpoint><Trackpoint><Time>2024-07-23T10:45:53.000Z</Time><Position><LatitudeDegrees>43.29246883</LatitudeDegrees><LongitudeDegrees>-2.89860883</LongitudeDegrees></Position><AltitudeMeters>13.869</AltitudeMeters><DistanceMeters>2079.89990234375</DistanceMeters><Cadence>90</Cadence><SensorState>Present</SensorState></Trackpoint><Trackpoint><Time>2024-07-23T10:45:54.000Z</Time><Position><LatitudeDegrees>43.292472</LatitudeDegrees><LongitudeDegrees>-2.898654</LongitudeDegrees></Position><AltitudeMeters>13.869</AltitudeMeters><DistanceMeters>2083.39990234375</DistanceMeters><Cadence>90</Cadence><SensorState>Present</SensorState></Trackpoint><Trackpoint><Time>2024-07-23T10:45:55.000Z</Time><Position><LatitudeDegrees>43.29247433</LatitudeDegrees><LongitudeDegrees>-2.8987015</LongitudeDegrees></Position><AltitudeMeters>13.716</AltitudeMeters><DistanceMeters>2087.0</DistanceMeters><Cadence>90</Cadence><SensorState>Present</SensorState></Trackpoint><Trackpoint><Time>2024-07-23T10:45:56.000Z</Time><Position><LatitudeDegrees>43.29247667</LatitudeDegrees><LongitudeDegrees>-2.89874617</LongitudeDegrees></Position><AltitudeMeters>13.716</AltitudeMeters><DistanceMeters>2090.5</DistanceMeters><Cadence>90</Cadence><SensorState>Present</SensorState></Trackpoint><Trackpoint><Time>2024-07-23T10:45:57.000Z</Time><Position><LatitudeDegrees>43.2924805</LatitudeDegrees><LongitudeDegrees>-2.89879133</LongitudeDegrees></Position><AltitudeMeters>13.716</AltitudeMeters><DistanceMeters>2094.199951171875</DistanceMeters><Cadence>90</Cadence><SensorState>Present</SensorState></Trackpoint><Trackpoint><Time>2024-07-23T10:45:58.000Z</Time><Position><LatitudeDegrees>43.29248433</LatitudeDegrees><LongitudeDegrees>-2.898833</LongitudeDegrees></Position><AltitudeMeters>13.716</AltitudeMeters><DistanceMeters>2097.800048828125</DistanceMeters><Cadence>90</Cadence><SensorState>Present</SensorState></Trackpoint><Trackpoint><Time>2024-07-23T10:45:59.000Z</Time><Position><LatitudeDegrees>43.29248783</LatitudeDegrees><LongitudeDegrees>-2.8988755</LongitudeDegrees></Position><AltitudeMeters>13.716</AltitudeMeters><DistanceMeters>2101.39990234375</DistanceMeters><Cadence>90</Cadence><SensorState>Present</SensorState></Trackpoint><Trackpoint><Time>2024-07-23T10:46:00.000Z</Time><Position><LatitudeDegrees>43.29248867</LatitudeDegrees><LongitudeDegrees>-2.89891817</LongitudeDegrees></Position><AltitudeMeters>13.716</AltitudeMeters><DistanceMeters>2104.800048828125</DistanceMeters><Cadence>90</Cadence><SensorState>Present</SensorState></Trackpoint><Trackpoint><Time>2024-07-23T10:46:01.000Z</Time><Position><LatitudeDegrees>43.29248733</LatitudeDegrees><LongitudeDegrees>-2.898963</LongitudeDegrees></Position><AltitudeMeters>13.716</AltitudeMeters><DistanceMeters>2108.300048828125</DistanceMeters><Cadence>90</Cadence><SensorState>Present</SensorState></Trackpoint><Trackpoint><Time>2024-07-23T10:46:02.000Z</Time><Position><LatitudeDegrees>43.292485</LatitudeDegrees><LongitudeDegrees>-2.89900533</LongitudeDegrees></Position><AltitudeMeters>13.716</AltitudeMeters><DistanceMeters>2111.300048828125</DistanceMeters><Cadence>90</Cadence><SensorState>Present</SensorState></Trackpoint><Trackpoint><Time>2024-07-23T10:46:03.000Z</Time><Position><LatitudeDegrees>43.29248517</LatitudeDegrees><LongitudeDegrees>-2.8990465</LongitudeDegrees></Position><AltitudeMeters>13.716</AltitudeMeters><DistanceMeters>2114.60009765625</DistanceMeters><Cadence>90</Cadence><SensorState>Present</SensorState></Trackpoint><Trackpoint><Time>2024-07-23T10:46:04.000Z</Time><Position><LatitudeDegrees>43.29248517</LatitudeDegrees><LongitudeDegrees>-2.89908567</LongitudeDegrees></Position><AltitudeMeters>13.716</AltitudeMeters><DistanceMeters>2117.800048828125</DistanceMeters><Cadence>90</Cadence><SensorState>Present</SensorState></Trackpoint><Trackpoint><Time>2024-07-23T10:46:05.000Z</Time><Position><LatitudeDegrees>43.29248583</LatitudeDegrees><LongitudeDegrees>-2.8991275</LongitudeDegrees></Position><AltitudeMeters>13.564</AltitudeMeters><DistanceMeters>2121.300048828125</DistanceMeters><Cadence>90</Cadence><SensorState>Present</SensorState></Trackpoint><Trackpoint><Time>2024-07-23T10:46:06.000Z</Time><Position><LatitudeDegrees>43.29248433</LatitudeDegrees><LongitudeDegrees>-2.89916833</LongitudeDegrees></Position><AltitudeMeters>13.564</AltitudeMeters><DistanceMeters>2124.699951171875</DistanceMeters><Cadence>90</Cadence><SensorState>Present</SensorState></Trackpoint><Trackpoint><Time>2024-07-23T10:46:07.000Z</Time><Position><LatitudeDegrees>43.2924845</LatitudeDegrees><LongitudeDegrees>-2.89921217</LongitudeDegrees></Position><AltitudeMeters>13.564</AltitudeMeters><DistanceMeters>2128.199951171875</DistanceMeters><Cadence>90</Cadence><SensorState>Present</SensorState></Trackpoint><Trackpoint><Time>2024-07-23T10:46:08.000Z</Time><Position><LatitudeDegrees>43.29248467</LatitudeDegrees><LongitudeDegrees>-2.89925367</LongitudeDegrees></Position><AltitudeMeters>13.564</AltitudeMeters><DistanceMeters>2131.39990234375</DistanceMeters><Cadence>90</Cadence><SensorState>Present</SensorState></Trackpoint><Trackpoint><Time>2024-07-23T10:46:09.000Z</Time><Position><LatitudeDegrees>43.29248367</LatitudeDegrees><LongitudeDegrees>-2.89929717</LongitudeDegrees></Position><AltitudeMeters>13.564</AltitudeMeters><DistanceMeters>2134.800048828125</DistanceMeters><Cadence>90</Cadence><SensorState>Present</SensorState></Trackpoint><Trackpoint><Time>2024-07-23T10:46:10.000Z</Time><Position><LatitudeDegrees>43.2924805</LatitudeDegrees><LongitudeDegrees>-2.89933717</LongitudeDegrees></Position><AltitudeMeters>13.564</AltitudeMeters><DistanceMeters>2138.199951171875</DistanceMeters><Cadence>90</Cadence><SensorState>Present</SensorState></Trackpoint><Trackpoint><Time>2024-07-23T10:46:11.000Z</Time><Position><LatitudeDegrees>43.29247633</LatitudeDegrees><LongitudeDegrees>-2.89937883</LongitudeDegrees></Position><AltitudeMeters>13.564</AltitudeMeters><DistanceMeters>2141.800048828125</DistanceMeters><Cadence>90</Cadence><SensorState>Present</SensorState></Trackpoint><Trackpoint><Time>2024-07-23T10:46:12.000Z</Time><Position><LatitudeDegrees>43.29247133</LatitudeDegrees><LongitudeDegrees>-2.89941967</LongitudeDegrees></Position><AltitudeMeters>13.564</AltitudeMeters><DistanceMeters>2145.300048828125</DistanceMeters><Cadence>90</Cadence><SensorState>Present</SensorState></Trackpoint><Trackpoint><Time>2024-07-23T10:46:13.000Z</Time><Position><LatitudeDegrees>43.2924665</LatitudeDegrees><LongitudeDegrees>-2.89946217</LongitudeDegrees></Position><AltitudeMeters>13.411</AltitudeMeters><DistanceMeters>2148.699951171875</DistanceMeters><Cadence>90</Cadence><SensorState>Present</SensorState></Trackpoint><Trackpoint><Time>2024-07-23T10:46:14.000Z</Time><Position><LatitudeDegrees>43.29246167</LatitudeDegrees><LongitudeDegrees>-2.899504</LongitudeDegrees></Position><AltitudeMeters>13.411</AltitudeMeters><DistanceMeters>2151.89990234375</DistanceMeters><Cadence>90</Cadence><SensorState>Present</SensorState></Trackpoint><Trackpoint><Time>2024-07-23T10:46:15.000Z</Time><Position><LatitudeDegrees>43.29245883</LatitudeDegrees><LongitudeDegrees>-2.8995455</LongitudeDegrees></Position><AltitudeMeters>13.411</AltitudeMeters><DistanceMeters>2155.0</DistanceMeters><Cadence>90</Cadence><SensorState>Present</SensorState></Trackpoint><Trackpoint><Time>2024-07-23T10:46:16.000Z</Time><Position><LatitudeDegrees>43.29245833</LatitudeDegrees><LongitudeDegrees>-2.89958383</LongitudeDegrees></Position><AltitudeMeters>13.411</AltitudeMeters><DistanceMeters>2158.10009765625</DistanceMeters><Cadence>90</Cadence><SensorState>Present</SensorState></Trackpoint><Trackpoint><Time>2024-07-23T10:46:17.000Z</Time><Position><LatitudeDegrees>43.29245817</LatitudeDegrees><LongitudeDegrees>-2.8996205</LongitudeDegrees></Position><AltitudeMeters>13.259</AltitudeMeters><DistanceMeters>2161.300048828125</DistanceMeters><Cadence>90</Cadence><SensorState>Present</SensorState></Trackpoint><Trackpoint><Time>2024-07-23T10:46:18.000Z</Time><Position><LatitudeDegrees>43.29245733</LatitudeDegrees><LongitudeDegrees>-2.89965783</LongitudeDegrees></Position><AltitudeMeters>13.259</AltitudeMeters><DistanceMeters>2164.5</DistanceMeters><Cadence>90</Cadence><SensorState>Present</SensorState></Trackpoint><Trackpoint><Time>2024-07-23T10:46:19.000Z</Time><Position><LatitudeDegrees>43.29245583</LatitudeDegrees><LongitudeDegrees>-2.89969667</LongitudeDegrees></Position><AltitudeMeters>13.259</AltitudeMeters><DistanceMeters>2167.699951171875</DistanceMeters><Cadence>90</Cadence><SensorState>Present</SensorState></Trackpoint><Trackpoint><Time>2024-07-23T10:46:20.000Z</Time><Position><LatitudeDegrees>43.2924575</LatitudeDegrees><LongitudeDegrees>-2.899738</LongitudeDegrees></Position><AltitudeMeters>13.259</AltitudeMeters><DistanceMeters>2170.89990234375</DistanceMeters><Cadence>90</Cadence><SensorState>Present</SensorState></Trackpoint><Trackpoint><Time>2024-07-23T10:46:21.000Z</Time><Position><LatitudeDegrees>43.29246233</LatitudeDegrees><LongitudeDegrees>-2.8997795</LongitudeDegrees></Position><AltitudeMeters>13.107</AltitudeMeters><DistanceMeters>2174.0</DistanceMeters><Cadence>90</Cadence><SensorState>Present</SensorState></Trackpoint><Trackpoint><Time>2024-07-23T10:46:22.000Z</Time><Position><LatitudeDegrees>43.29247067</LatitudeDegrees><LongitudeDegrees>-2.89981967</LongitudeDegrees></Position><AltitudeMeters>13.107</AltitudeMeters><DistanceMeters>2177.199951171875</DistanceMeters><Cadence>90</Cadence><SensorState>Present</SensorState></Trackpoint><Trackpoint><Time>2024-07-23T10:46:23.000Z</Time><Position><LatitudeDegrees>43.2924795</LatitudeDegrees><LongitudeDegrees>-2.8998565</LongitudeDegrees></Position><AltitudeMeters>13.107</AltitudeMeters><DistanceMeters>2180.5</DistanceMeters><Cadence>90</Cadence><SensorState>Present</SensorState></Trackpoint><Trackpoint><Time>2024-07-23T10:46:24.000Z</Time><Position><LatitudeDegrees>43.29249267</LatitudeDegrees><LongitudeDegrees>-2.89989317</LongitudeDegrees></Position><AltitudeMeters>13.107</AltitudeMeters><DistanceMeters>2184.0</DistanceMeters><Cadence>90</Cadence><SensorState>Present</SensorState></Trackpoint><Trackpoint><Time>2024-07-23T10:46:25.000Z</Time><Position><LatitudeDegrees>43.2925065</LatitudeDegrees><LongitudeDegrees>-2.89992967</LongitudeDegrees></Position><AltitudeMeters>12.954</AltitudeMeters><DistanceMeters>2187.300048828125</DistanceMeters><Cadence>90</Cadence><SensorState>Present</SensorState></Trackpoint><Trackpoint><Time>2024-07-23T10:46:26.000Z</Time><Position><LatitudeDegrees>43.29252383</LatitudeDegrees><LongitudeDegrees>-2.899965</LongitudeDegrees></Position><AltitudeMeters>12.954</AltitudeMeters><DistanceMeters>2190.5</DistanceMeters><Cadence>90</Cadence><SensorState>Present</SensorState></Trackpoint><Trackpoint><Time>2024-07-23T10:46:27.000Z</Time><Position><LatitudeDegrees>43.29254117</LatitudeDegrees><LongitudeDegrees>-2.8999955</LongitudeDegrees></Position><AltitudeMeters>12.954</AltitudeMeters><DistanceMeters>2193.5</DistanceMeters><Cadence>88</Cadence><SensorState>Present</SensorState></Trackpoint><Trackpoint><Time>2024-07-23T10:46:28.000Z</Time><Position><LatitudeDegrees>43.29256117</LatitudeDegrees><LongitudeDegrees>-2.90002233</LongitudeDegrees></Position><AltitudeMeters>12.954</AltitudeMeters><DistanceMeters>2196.300048828125</DistanceMeters><Cadence>87</Cadence><SensorState>Present</SensorState></Trackpoint><Trackpoint><Time>2024-07-23T10:46:29.000Z</Time><Position><LatitudeDegrees>43.2925805</LatitudeDegrees><LongitudeDegrees>-2.900046</LongitudeDegrees></Position><AltitudeMeters>12.802</AltitudeMeters><DistanceMeters>2199.0</DistanceMeters><Cadence>87</Cadence><SensorState>Present</SensorState></Trackpoint><Trackpoint><Time>2024-07-23T10:46:30.000Z</Time><Position><LatitudeDegrees>43.29260117</LatitudeDegrees><LongitudeDegrees>-2.90006567</LongitudeDegrees></Position><AltitudeMeters>12.802</AltitudeMeters><DistanceMeters>2201.800048828125</DistanceMeters><Cadence>87</Cadence><SensorState>Present</SensorState></Trackpoint><Trackpoint><Time>2024-07-23T10:46:31.000Z</Time><Position><LatitudeDegrees>43.29262383</LatitudeDegrees><LongitudeDegrees>-2.90008117</LongitudeDegrees></Position><AltitudeMeters>12.802</AltitudeMeters><DistanceMeters>2204.60009765625</DistanceMeters><Cadence>87</Cadence><SensorState>Present</SensorState></Trackpoint><Trackpoint><Time>2024-07-23T10:46:32.000Z</Time><Position><LatitudeDegrees>43.292649</LatitudeDegrees><LongitudeDegrees>-2.90009283</LongitudeDegrees></Position><AltitudeMeters>12.802</AltitudeMeters><DistanceMeters>2207.199951171875</DistanceMeters><Cadence>88</Cadence><SensorState>Present</SensorState></Trackpoint><Trackpoint><Time>2024-07-23T10:46:33.000Z</Time><Position><LatitudeDegrees>43.29267467</LatitudeDegrees><LongitudeDegrees>-2.90010217</LongitudeDegrees></Position><AltitudeMeters>12.649</AltitudeMeters><DistanceMeters>2209.699951171875</DistanceMeters><Cadence>87</Cadence><SensorState>Present</SensorState></Trackpoint><Trackpoint><Time>2024-07-23T10:46:34.000Z</Time><Position><LatitudeDegrees>43.29269933</LatitudeDegrees><LongitudeDegrees>-2.9001095</LongitudeDegrees></Position><AltitudeMeters>12.649</AltitudeMeters><DistanceMeters>2212.300048828125</DistanceMeters><Cadence>87</Cadence><SensorState>Present</SensorState></Trackpoint><Trackpoint><Time>2024-07-23T10:46:35.000Z</Time><Position><LatitudeDegrees>43.2927255</LatitudeDegrees><LongitudeDegrees>-2.9001085</LongitudeDegrees></Position><AltitudeMeters>12.649</AltitudeMeters><DistanceMeters>2215.0</DistanceMeters><Cadence>87</Cadence><SensorState>Present</SensorState></Trackpoint><Trackpoint><Time>2024-07-23T10:46:36.000Z</Time><Position><LatitudeDegrees>43.2927505</LatitudeDegrees><LongitudeDegrees>-2.90010517</LongitudeDegrees></Position><AltitudeMeters>12.649</AltitudeMeters><DistanceMeters>2217.699951171875</DistanceMeters><Cadence>87</Cadence><SensorState>Present</SensorState></Trackpoint><Trackpoint><Time>2024-07-23T10:46:37.000Z</Time><Position><LatitudeDegrees>43.292777</LatitudeDegrees><LongitudeDegrees>-2.90010017</LongitudeDegrees></Position><AltitudeMeters>12.649</AltitudeMeters><DistanceMeters>2219.89990234375</DistanceMeters><Cadence>86</Cadence><SensorState>Present</SensorState></Trackpoint><Trackpoint><Time>2024-07-23T10:46:38.000Z</Time><Position><LatitudeDegrees>43.2928005</LatitudeDegrees><LongitudeDegrees>-2.90010033</LongitudeDegrees></Position><AltitudeMeters>12.649</AltitudeMeters><DistanceMeters>2221.800048828125</DistanceMeters><Cadence>85</Cadence><SensorState>Present</SensorState></Trackpoint><Trackpoint><Time>2024-07-23T10:46:39.000Z</Time><Position><LatitudeDegrees>43.29281717</LatitudeDegrees><LongitudeDegrees>-2.900104</LongitudeDegrees></Position><AltitudeMeters>12.649</AltitudeMeters><DistanceMeters>2223.60009765625</DistanceMeters><Cadence>85</Cadence><SensorState>Present</SensorState></Trackpoint><Trackpoint><Time>2024-07-23T10:46:40.000Z</Time><Position><LatitudeDegrees>43.292831</LatitudeDegrees><LongitudeDegrees>-2.9001115</LongitudeDegrees></Position><AltitudeMeters>12.649</AltitudeMeters><DistanceMeters>2225.89990234375</DistanceMeters><Cadence>85</Cadence><SensorState>Present</SensorState></Trackpoint><Trackpoint><Time>2024-07-23T10:46:41.000Z</Time><Position><LatitudeDegrees>43.29284517</LatitudeDegrees><LongitudeDegrees>-2.900122</LongitudeDegrees></Position><AltitudeMeters>12.649</AltitudeMeters><DistanceMeters>2228.39990234375</DistanceMeters><Cadence>85</Cadence><SensorState>Present</SensorState></Trackpoint><Trackpoint><Time>2024-07-23T10:46:42.000Z</Time><Position><LatitudeDegrees>43.29286933</LatitudeDegrees><LongitudeDegrees>-2.900129</LongitudeDegrees></Position><AltitudeMeters>12.649</AltitudeMeters><DistanceMeters>2230.699951171875</DistanceMeters><Cadence>85</Cadence><SensorState>Present</SensorState></Trackpoint><Trackpoint><Time>2024-07-23T10:46:43.000Z</Time><Position><LatitudeDegrees>43.292896</LatitudeDegrees><LongitudeDegrees>-2.90013217</LongitudeDegrees></Position><AltitudeMeters>12.497</AltitudeMeters><DistanceMeters>2233.199951171875</DistanceMeters><Cadence>85</Cadence><SensorState>Present</SensorState></Trackpoint><Trackpoint><Time>2024-07-23T10:46:44.000Z</Time><Position><LatitudeDegrees>43.29292317</LatitudeDegrees><LongitudeDegrees>-2.900131</LongitudeDegrees></Position><AltitudeMeters>12.497</AltitudeMeters><DistanceMeters>2235.800048828125</DistanceMeters><Cadence>85</Cadence><SensorState>Present</SensorState></Trackpoint><Trackpoint><Time>2024-07-23T10:46:45.000Z</Time><Position><LatitudeDegrees>43.29294833</LatitudeDegrees><LongitudeDegrees>-2.9001295</LongitudeDegrees></Position><AltitudeMeters>12.649</AltitudeMeters><DistanceMeters>2238.699951171875</DistanceMeters><Cadence>86</Cadence><SensorState>Present</SensorState></Trackpoint><Trackpoint><Time>2024-07-23T10:46:46.000Z</Time><Position><LatitudeDegrees>43.29297333</LatitudeDegrees><LongitudeDegrees>-2.90012833</LongitudeDegrees></Position><AltitudeMeters>12.649</AltitudeMeters><DistanceMeters>2242.0</DistanceMeters><Cadence>86</Cadence><SensorState>Present</SensorState></Trackpoint><Trackpoint><Time>2024-07-23T10:46:47.000Z</Time><Position><LatitudeDegrees>43.2930005</LatitudeDegrees><LongitudeDegrees>-2.90012833</LongitudeDegrees></Position><AltitudeMeters>12.649</AltitudeMeters><DistanceMeters>2245.699951171875</DistanceMeters><Cadence>86</Cadence><SensorState>Present</SensorState></Trackpoint><Trackpoint><Time>2024-07-23T10:46:48.000Z</Time><Position><LatitudeDegrees>43.29302683</LatitudeDegrees><LongitudeDegrees>-2.90012683</LongitudeDegrees></Position><AltitudeMeters>12.649</AltitudeMeters><DistanceMeters>2249.5</DistanceMeters><Cadence>88</Cadence><SensorState>Present</SensorState></Trackpoint><Trackpoint><Time>2024-07-23T10:46:49.000Z</Time><Position><LatitudeDegrees>43.2930545</LatitudeDegrees><LongitudeDegrees>-2.90011983</LongitudeDegrees></Position><AltitudeMeters>12.649</AltitudeMeters><DistanceMeters>2253.10009765625</DistanceMeters><Cadence>89</Cadence><SensorState>Present</SensorState></Trackpoint><Trackpoint><Time>2024-07-23T10:46:50.000Z</Time><Position><LatitudeDegrees>43.293083</LatitudeDegrees><LongitudeDegrees>-2.90010283</LongitudeDegrees></Position><AltitudeMeters>12.649</AltitudeMeters><DistanceMeters>2256.60009765625</DistanceMeters><Cadence>90</Cadence><SensorState>Present</SensorState></Trackpoint><Trackpoint><Time>2024-07-23T10:46:51.000Z</Time><Position><LatitudeDegrees>43.29311</LatitudeDegrees><LongitudeDegrees>-2.90007467</LongitudeDegrees></Position><AltitudeMeters>12.649</AltitudeMeters><DistanceMeters>2260.0</DistanceMeters><Cadence>91</Cadence><SensorState>Present</SensorState></Trackpoint><Trackpoint><Time>2024-07-23T10:46:52.000Z</Time><Position><LatitudeDegrees>43.29313217</LatitudeDegrees><LongitudeDegrees>-2.90003833</LongitudeDegrees></Position><AltitudeMeters>12.649</AltitudeMeters><DistanceMeters>2263.60009765625</DistanceMeters><Cadence>91</Cadence><SensorState>Present</SensorState></Trackpoint><Trackpoint><Time>2024-07-23T10:46:53.000Z</Time><Position><LatitudeDegrees>43.29314583</LatitudeDegrees><LongitudeDegrees>-2.89999583</LongitudeDegrees></Position><AltitudeMeters>12.649</AltitudeMeters><DistanceMeters>2267.39990234375</DistanceMeters><Cadence>91</Cadence><SensorState>Present</SensorState></Trackpoint><Trackpoint><Time>2024-07-23T10:46:54.000Z</Time><Position><LatitudeDegrees>43.29315583</LatitudeDegrees><LongitudeDegrees>-2.89995367</LongitudeDegrees></Position><AltitudeMeters>12.649</AltitudeMeters><DistanceMeters>2271.10009765625</DistanceMeters><Cadence>91</Cadence><SensorState>Present</SensorState></Trackpoint><Trackpoint><Time>2024-07-23T10:46:55.000Z</Time><Position><LatitudeDegrees>43.29316167</LatitudeDegrees><LongitudeDegrees>-2.89990633</LongitudeDegrees></Position><AltitudeMeters>12.649</AltitudeMeters><DistanceMeters>2275.0</DistanceMeters><Cadence>91</Cadence><SensorState>Present</SensorState></Trackpoint><Trackpoint><Time>2024-07-23T10:46:56.000Z</Time><Position><LatitudeDegrees>43.293166</LatitudeDegrees><LongitudeDegrees>-2.89986083</LongitudeDegrees></Position><AltitudeMeters>12.649</AltitudeMeters><DistanceMeters>2278.800048828125</DistanceMeters><Cadence>91</Cadence><SensorState>Present</SensorState></Trackpoint><Trackpoint><Time>2024-07-23T10:46:57.000Z</Time><Position><LatitudeDegrees>43.29317033</LatitudeDegrees><LongitudeDegrees>-2.89981433</LongitudeDegrees></Position><AltitudeMeters>12.497</AltitudeMeters><DistanceMeters>2282.10009765625</DistanceMeters><Cadence>91</Cadence><SensorState>Present</SensorState></Trackpoint><Trackpoint><Time>2024-07-23T10:46:58.000Z</Time><Position><LatitudeDegrees>43.2931735</LatitudeDegrees><LongitudeDegrees>-2.8997725</LongitudeDegrees></Position><AltitudeMeters>12.497</AltitudeMeters><DistanceMeters>2285.10009765625</DistanceMeters><Cadence>91</Cadence><SensorState>Present</SensorState></Trackpoint><Trackpoint><Time>2024-07-23T10:46:59.000Z</Time><Position><LatitudeDegrees>43.29316867</LatitudeDegrees><LongitudeDegrees>-2.89973683</LongitudeDegrees></Position><AltitudeMeters>12.497</AltitudeMeters><DistanceMeters>2288.10009765625</DistanceMeters><Cadence>91</Cadence><SensorState>Present</SensorState></Trackpoint><Trackpoint><Time>2024-07-23T10:47:00.000Z</Time><Position><LatitudeDegrees>43.29315717</LatitudeDegrees><LongitudeDegrees>-2.8997045</LongitudeDegrees></Position><AltitudeMeters>12.497</AltitudeMeters><DistanceMeters>2291.39990234375</DistanceMeters><Cadence>91</Cadence><SensorState>Present</SensorState></Trackpoint><Trackpoint><Time>2024-07-23T10:47:01.000Z</Time><Position><LatitudeDegrees>43.29314283</LatitudeDegrees><LongitudeDegrees>-2.89967217</LongitudeDegrees></Position><AltitudeMeters>12.497</AltitudeMeters><DistanceMeters>2295.10009765625</DistanceMeters><Cadence>91</Cadence><SensorState>Present</SensorState></Trackpoint><Trackpoint><Time>2024-07-23T10:47:02.000Z</Time><Position><LatitudeDegrees>43.29313267</LatitudeDegrees><LongitudeDegrees>-2.89963267</LongitudeDegrees></Position><AltitudeMeters>12.497</AltitudeMeters><DistanceMeters>2298.699951171875</DistanceMeters><Cadence>90</Cadence><SensorState>Present</SensorState></Trackpoint><Trackpoint><Time>2024-07-23T10:47:03.000Z</Time><Position><LatitudeDegrees>43.29312183</LatitudeDegrees><LongitudeDegrees>-2.8995805</LongitudeDegrees></Position><AltitudeMeters>12.497</AltitudeMeters><DistanceMeters>2302.699951171875</DistanceMeters><Cadence>91</Cadence><SensorState>Present</SensorState></Trackpoint><Trackpoint><Time>2024-07-23T10:47:04.000Z</Time><Position><LatitudeDegrees>43.2931125</LatitudeDegrees><LongitudeDegrees>-2.89952783</LongitudeDegrees></Position><AltitudeMeters>12.497</AltitudeMeters><DistanceMeters>2306.39990234375</DistanceMeters><Cadence>91</Cadence><SensorState>Present</SensorState></Trackpoint><Trackpoint><Time>2024-07-23T10:47:05.000Z</Time><Position><LatitudeDegrees>43.29310467</LatitudeDegrees><LongitudeDegrees>-2.8994755</LongitudeDegrees></Position><AltitudeMeters>12.497</AltitudeMeters><DistanceMeters>2310.39990234375</DistanceMeters><Cadence>91</Cadence><SensorState>Present</SensorState></Trackpoint><Trackpoint><Time>2024-07-23T10:47:06.000Z</Time><Position><LatitudeDegrees>43.29310033</LatitudeDegrees><LongitudeDegrees>-2.89943233</LongitudeDegrees></Position><AltitudeMeters>12.497</AltitudeMeters><DistanceMeters>2314.60009765625</DistanceMeters><Cadence>91</Cadence><SensorState>Present</SensorState></Trackpoint><Trackpoint><Time>2024-07-23T10:47:07.000Z</Time><Position><LatitudeDegrees>43.29309683</LatitudeDegrees><LongitudeDegrees>-2.89938867</LongitudeDegrees></Position><AltitudeMeters>12.497</AltitudeMeters><DistanceMeters>2318.699951171875</DistanceMeters><Cadence>91</Cadence><SensorState>Present</SensorState></Trackpoint><Trackpoint><Time>2024-07-23T10:47:08.000Z</Time><Position><LatitudeDegrees>43.29309283</LatitudeDegrees><LongitudeDegrees>-2.899345</LongitudeDegrees></Position><AltitudeMeters>12.497</AltitudeMeters><DistanceMeters>2322.800048828125</DistanceMeters><Cadence>91</Cadence><SensorState>Present</SensorState></Trackpoint><Trackpoint><Time>2024-07-23T10:47:09.000Z</Time><Position><LatitudeDegrees>43.29308933</LatitudeDegrees><LongitudeDegrees>-2.8993015</LongitudeDegrees></Position><AltitudeMeters>12.497</AltitudeMeters><DistanceMeters>2326.5</DistanceMeters><Cadence>91</Cadence><SensorState>Present</SensorState></Trackpoint><Trackpoint><Time>2024-07-23T10:47:10.000Z</Time><Position><LatitudeDegrees>43.29308517</LatitudeDegrees><LongitudeDegrees>-2.89925867</LongitudeDegrees></Position><AltitudeMeters>12.497</AltitudeMeters><DistanceMeters>2329.60009765625</DistanceMeters><Cadence>91</Cadence><SensorState>Present</SensorState></Trackpoint><Trackpoint><Time>2024-07-23T10:47:11.000Z</Time><Position><LatitudeDegrees>43.29308017</LatitudeDegrees><LongitudeDegrees>-2.89921717</LongitudeDegrees></Position><AltitudeMeters>12.497</AltitudeMeters><DistanceMeters>2332.60009765625</DistanceMeters><Cadence>91</Cadence><SensorState>Present</SensorState></Trackpoint><Trackpoint><Time>2024-07-23T10:47:12.000Z</Time><Position><LatitudeDegrees>43.2930745</LatitudeDegrees><LongitudeDegrees>-2.89917617</LongitudeDegrees></Position><AltitudeMeters>12.497</AltitudeMeters><DistanceMeters>2335.699951171875</DistanceMeters><Cadence>91</Cadence><SensorState>Present</SensorState></Trackpoint><Trackpoint><Time>2024-07-23T10:47:13.000Z</Time><Position><LatitudeDegrees>43.29307083</LatitudeDegrees><LongitudeDegrees>-2.89913433</LongitudeDegrees></Position><AltitudeMeters>12.649</AltitudeMeters><DistanceMeters>2339.199951171875</DistanceMeters><Cadence>91</Cadence><SensorState>Present</SensorState></Trackpoint><Trackpoint><Time>2024-07-23T10:47:14.000Z</Time><Position><LatitudeDegrees>43.293069</LatitudeDegrees><LongitudeDegrees>-2.89909267</LongitudeDegrees></Position><AltitudeMeters>12.649</AltitudeMeters><DistanceMeters>2342.800048828125</DistanceMeters><Cadence>90</Cadence><SensorState>Present</SensorState></Trackpoint><Trackpoint><Time>2024-07-23T10:47:15.000Z</Time><Position><LatitudeDegrees>43.29306817</LatitudeDegrees><LongitudeDegrees>-2.8990485</LongitudeDegrees></Position><AltitudeMeters>12.649</AltitudeMeters><DistanceMeters>2346.5</DistanceMeters><Cadence>91</Cadence><SensorState>Present</SensorState></Trackpoint><Trackpoint><Time>2024-07-23T10:47:16.000Z</Time><Position><LatitudeDegrees>43.293067</LatitudeDegrees><LongitudeDegrees>-2.89900333</LongitudeDegrees></Position><AltitudeMeters>12.649</AltitudeMeters><DistanceMeters>2350.199951171875</DistanceMeters><Cadence>90</Cadence><SensorState>Present</SensorState></Trackpoint><Trackpoint><Time>2024-07-23T10:47:17.000Z</Time><Position><LatitudeDegrees>43.2930665</LatitudeDegrees><LongitudeDegrees>-2.8989545</LongitudeDegrees></Position><AltitudeMeters>12.802</AltitudeMeters><DistanceMeters>2353.800048828125</DistanceMeters><Cadence>91</Cadence><SensorState>Present</SensorState></Trackpoint><Trackpoint><Time>2024-07-23T10:47:18.000Z</Time><Position><LatitudeDegrees>43.29306783</LatitudeDegrees><LongitudeDegrees>-2.89890983</LongitudeDegrees></Position><AltitudeMeters>12.802</AltitudeMeters><DistanceMeters>2357.300048828125</DistanceMeters><Cadence>90</Cadence><SensorState>Present</SensorState></Trackpoint><Trackpoint><Time>2024-07-23T10:47:19.000Z</Time><Position><LatitudeDegrees>43.29307067</LatitudeDegrees><LongitudeDegrees>-2.89886617</LongitudeDegrees></Position><AltitudeMeters>12.954</AltitudeMeters><DistanceMeters>2360.89990234375</DistanceMeters><Cadence>90</Cadence><SensorState>Present</SensorState></Trackpoint><Trackpoint><Time>2024-07-23T10:47:20.000Z</Time><Position><LatitudeDegrees>43.29307483</LatitudeDegrees><LongitudeDegrees>-2.89882667</LongitudeDegrees></Position><AltitudeMeters>12.954</AltitudeMeters><DistanceMeters>2364.5</DistanceMeters><Cadence>90</Cadence><SensorState>Present</SensorState></Trackpoint><Trackpoint><Time>2024-07-23T10:47:21.000Z</Time><Position><LatitudeDegrees>43.29307817</LatitudeDegrees><LongitudeDegrees>-2.89878467</LongitudeDegrees></Position><AltitudeMeters>13.107</AltitudeMeters><DistanceMeters>2368.10009765625</DistanceMeters><Cadence>91</Cadence><SensorState>Present</SensorState></Trackpoint><Trackpoint><Time>2024-07-23T10:47:22.000Z</Time><Position><LatitudeDegrees>43.29308017</LatitudeDegrees><LongitudeDegrees>-2.89874333</LongitudeDegrees></Position><AltitudeMeters>13.107</AltitudeMeters><DistanceMeters>2371.60009765625</DistanceMeters><Cadence>91</Cadence><SensorState>Present</SensorState></Trackpoint><Trackpoint><Time>2024-07-23T10:47:23.000Z</Time><Position><LatitudeDegrees>43.29308067</LatitudeDegrees><LongitudeDegrees>-2.8986995</LongitudeDegrees></Position><AltitudeMeters>13.259</AltitudeMeters><DistanceMeters>2375.199951171875</DistanceMeters><Cadence>93</Cadence><SensorState>Present</SensorState></Trackpoint><Trackpoint><Time>2024-07-23T10:47:24.000Z</Time><Position><LatitudeDegrees>43.29308033</LatitudeDegrees><LongitudeDegrees>-2.89865467</LongitudeDegrees></Position><AltitudeMeters>13.259</AltitudeMeters><DistanceMeters>2378.699951171875</DistanceMeters><Cadence>94</Cadence><SensorState>Present</SensorState></Trackpoint><Trackpoint><Time>2024-07-23T10:47:25.000Z</Time><Position><LatitudeDegrees>43.29308</LatitudeDegrees><LongitudeDegrees>-2.89860883</LongitudeDegrees></Position><AltitudeMeters>13.259</AltitudeMeters><DistanceMeters>2382.300048828125</DistanceMeters><Cadence>93</Cadence><SensorState>Present</SensorState></Trackpoint><Trackpoint><Time>2024-07-23T10:47:26.000Z</Time><Position><LatitudeDegrees>43.29308067</LatitudeDegrees><LongitudeDegrees>-2.8985635</LongitudeDegrees></Position><AltitudeMeters>13.259</AltitudeMeters><DistanceMeters>2385.89990234375</DistanceMeters><Cadence>92</Cadence><SensorState>Present</SensorState></Trackpoint><Trackpoint><Time>2024-07-23T10:47:27.000Z</Time><Position><LatitudeDegrees>43.29308217</LatitudeDegrees><LongitudeDegrees>-2.89851883</LongitudeDegrees></Position><AltitudeMeters>13.411</AltitudeMeters><DistanceMeters>2389.800048828125</DistanceMeters><Cadence>92</Cadence><SensorState>Present</SensorState></Trackpoint><Trackpoint><Time>2024-07-23T10:47:28.000Z</Time><Position><LatitudeDegrees>43.29308433</LatitudeDegrees><LongitudeDegrees>-2.89847433</LongitudeDegrees></Position><AltitudeMeters>13.411</AltitudeMeters><DistanceMeters>2393.699951171875</DistanceMeters><Cadence>92</Cadence><SensorState>Present</SensorState></Trackpoint><Trackpoint><Time>2024-07-23T10:47:29.000Z</Time><Position><LatitudeDegrees>43.29308533</LatitudeDegrees><LongitudeDegrees>-2.898429</LongitudeDegrees></Position><AltitudeMeters>13.564</AltitudeMeters><DistanceMeters>2397.5</DistanceMeters><Cadence>91</Cadence><SensorState>Present</SensorState></Trackpoint><Trackpoint><Time>2024-07-23T10:47:30.000Z</Time><Position><LatitudeDegrees>43.29308633</LatitudeDegrees><LongitudeDegrees>-2.8983825</LongitudeDegrees></Position><AltitudeMeters>13.564</AltitudeMeters><DistanceMeters>2401.10009765625</DistanceMeters><Cadence>91</Cadence><SensorState>Present</SensorState></Trackpoint><Trackpoint><Time>2024-07-23T10:47:31.000Z</Time><Position><LatitudeDegrees>43.29308833</LatitudeDegrees><LongitudeDegrees>-2.89833817</LongitudeDegrees></Position><AltitudeMeters>13.564</AltitudeMeters><DistanceMeters>2404.60009765625</DistanceMeters><Cadence>91</Cadence><SensorState>Present</SensorState></Trackpoint><Trackpoint><Time>2024-07-23T10:47:32.000Z</Time><Position><LatitudeDegrees>43.29309167</LatitudeDegrees><LongitudeDegrees>-2.898295</LongitudeDegrees></Position><AltitudeMeters>13.564</AltitudeMeters><DistanceMeters>2408.199951171875</DistanceMeters><Cadence>91</Cadence><SensorState>Present</SensorState></Trackpoint><Trackpoint><Time>2024-07-23T10:47:33.000Z</Time><Position><LatitudeDegrees>43.29309633</LatitudeDegrees><LongitudeDegrees>-2.89825383</LongitudeDegrees></Position><AltitudeMeters>13.716</AltitudeMeters><DistanceMeters>2411.699951171875</DistanceMeters><Cadence>91</Cadence><SensorState>Present</SensorState></Trackpoint><Trackpoint><Time>2024-07-23T10:47:34.000Z</Time><Position><LatitudeDegrees>43.29309983</LatitudeDegrees><LongitudeDegrees>-2.89821017</LongitudeDegrees></Position><AltitudeMeters>13.716</AltitudeMeters><DistanceMeters>2415.300048828125</DistanceMeters><Cadence>91</Cadence><SensorState>Present</SensorState></Trackpoint><Trackpoint><Time>2024-07-23T10:47:35.000Z</Time><Position><LatitudeDegrees>43.29310417</LatitudeDegrees><LongitudeDegrees>-2.89816733</LongitudeDegrees></Position><AltitudeMeters>13.716</AltitudeMeters><DistanceMeters>2418.800048828125</DistanceMeters><Cadence>90</Cadence><SensorState>Present</SensorState></Trackpoint><Trackpoint><Time>2024-07-23T10:47:36.000Z</Time><Position><LatitudeDegrees>43.2931085</LatitudeDegrees><LongitudeDegrees>-2.8981245</LongitudeDegrees></Position><AltitudeMeters>13.716</AltitudeMeters><DistanceMeters>2422.10009765625</DistanceMeters><Cadence>90</Cadence><SensorState>Present</SensorState></Trackpoint><Trackpoint><Time>2024-07-23T10:47:37.000Z</Time><Position><LatitudeDegrees>43.29311517</LatitudeDegrees><LongitudeDegrees>-2.89808317</LongitudeDegrees></Position><AltitudeMeters>13.869</AltitudeMeters><DistanceMeters>2425.300048828125</DistanceMeters><Cadence>90</Cadence><SensorState>Present</SensorState></Trackpoint><Trackpoint><Time>2024-07-23T10:47:38.000Z</Time><Position><LatitudeDegrees>43.29312133</LatitudeDegrees><LongitudeDegrees>-2.89804267</LongitudeDegrees></Position><AltitudeMeters>13.869</AltitudeMeters><DistanceMeters>2428.699951171875</DistanceMeters><Cadence>90</Cadence><SensorState>Present</SensorState></Trackpoint><Trackpoint><Time>2024-07-23T10:47:39.000Z</Time><Position><LatitudeDegrees>43.29312733</LatitudeDegrees><LongitudeDegrees>-2.89800317</LongitudeDegrees></Position><AltitudeMeters>13.869</AltitudeMeters><DistanceMeters>2432.0</DistanceMeters><Cadence>90</Cadence><SensorState>Present</SensorState></Trackpoint><Trackpoint><Time>2024-07-23T10:47:40.000Z</Time><Position><LatitudeDegrees>43.2931335</LatitudeDegrees><LongitudeDegrees>-2.89796233</LongitudeDegrees></Position><AltitudeMeters>13.869</AltitudeMeters><DistanceMeters>2435.60009765625</DistanceMeters><Cadence>91</Cadence><SensorState>Present</SensorState></Trackpoint><Trackpoint><Time>2024-07-23T10:47:41.000Z</Time><Position><LatitudeDegrees>43.29313933</LatitudeDegrees><LongitudeDegrees>-2.897921</LongitudeDegrees></Position><AltitudeMeters>14.021</AltitudeMeters><DistanceMeters>2438.89990234375</DistanceMeters><Cadence>90</Cadence><SensorState>Present</SensorState></Trackpoint><Trackpoint><Time>2024-07-23T10:47:42.000Z</Time><Position><LatitudeDegrees>43.29314467</LatitudeDegrees><LongitudeDegrees>-2.89787783</LongitudeDegrees></Position><AltitudeMeters>14.021</AltitudeMeters><DistanceMeters>2442.39990234375</DistanceMeters><Cadence>91</Cadence><SensorState>Present</SensorState></Trackpoint><Trackpoint><Time>2024-07-23T10:47:43.000Z</Time><Position><LatitudeDegrees>43.29314767</LatitudeDegrees><LongitudeDegrees>-2.89783483</LongitudeDegrees></Position><AltitudeMeters>14.021</AltitudeMeters><DistanceMeters>2446.0</DistanceMeters><Cadence>91</Cadence><SensorState>Present</SensorState></Trackpoint><Trackpoint><Time>2024-07-23T10:47:44.000Z</Time><Position><LatitudeDegrees>43.29315067</LatitudeDegrees><LongitudeDegrees>-2.89779183</LongitudeDegrees></Position><AltitudeMeters>14.021</AltitudeMeters><DistanceMeters>2449.39990234375</DistanceMeters><Cadence>91</Cadence><SensorState>Present</SensorState></Trackpoint><Trackpoint><Time>2024-07-23T10:47:45.000Z</Time><Position><LatitudeDegrees>43.29315217</LatitudeDegrees><LongitudeDegrees>-2.89774883</LongitudeDegrees></Position><AltitudeMeters>14.021</AltitudeMeters><DistanceMeters>2453.10009765625</DistanceMeters><Cadence>91</Cadence><SensorState>Present</SensorState></Trackpoint><Trackpoint><Time>2024-07-23T10:47:46.000Z</Time><Position><LatitudeDegrees>43.29315433</LatitudeDegrees><LongitudeDegrees>-2.897706</LongitudeDegrees></Position><AltitudeMeters>14.021</AltitudeMeters><DistanceMeters>2456.89990234375</DistanceMeters><Cadence>91</Cadence><SensorState>Present</SensorState></Trackpoint><Trackpoint><Time>2024-07-23T10:47:47.000Z</Time><Position><LatitudeDegrees>43.2931555</LatitudeDegrees><LongitudeDegrees>-2.89766183</LongitudeDegrees></Position><AltitudeMeters>14.021</AltitudeMeters><DistanceMeters>2460.699951171875</DistanceMeters><Cadence>91</Cadence><SensorState>Present</SensorState></Trackpoint><Trackpoint><Time>2024-07-23T10:47:48.000Z</Time><Position><LatitudeDegrees>43.29315683</LatitudeDegrees><LongitudeDegrees>-2.89761533</LongitudeDegrees></Position><AltitudeMeters>14.021</AltitudeMeters><DistanceMeters>2464.60009765625</DistanceMeters><Cadence>91</Cadence><SensorState>Present</SensorState></Trackpoint><Trackpoint><Time>2024-07-23T10:47:49.000Z</Time><Position><LatitudeDegrees>43.293156</LatitudeDegrees><LongitudeDegrees>-2.89756933</LongitudeDegrees></Position><AltitudeMeters>14.021</AltitudeMeters><DistanceMeters>2468.300048828125</DistanceMeters><Cadence>91</Cadence><SensorState>Present</SensorState></Trackpoint><Trackpoint><Time>2024-07-23T10:47:50.000Z</Time><Position><LatitudeDegrees>43.29315317</LatitudeDegrees><LongitudeDegrees>-2.89752283</LongitudeDegrees></Position><AltitudeMeters>14.021</AltitudeMeters><DistanceMeters>2472.0</DistanceMeters><Cadence>91</Cadence><SensorState>Present</SensorState></Trackpoint><Trackpoint><Time>2024-07-23T10:47:51.000Z</Time><Position><LatitudeDegrees>43.29314867</LatitudeDegrees><LongitudeDegrees>-2.89747883</LongitudeDegrees></Position><AltitudeMeters>14.173</AltitudeMeters><DistanceMeters>2475.5</DistanceMeters><Cadence>91</Cadence><SensorState>Present</SensorState></Trackpoint><Trackpoint><Time>2024-07-23T10:47:52.000Z</Time><Position><LatitudeDegrees>43.2931445</LatitudeDegrees><LongitudeDegrees>-2.89743517</LongitudeDegrees></Position><AltitudeMeters>14.173</AltitudeMeters><DistanceMeters>2479.0</DistanceMeters><Cadence>91</Cadence><SensorState>Present</SensorState></Trackpoint><Trackpoint><Time>2024-07-23T10:47:53.000Z</Time><Position><LatitudeDegrees>43.29313967</LatitudeDegrees><LongitudeDegrees>-2.897394</LongitudeDegrees></Position><AltitudeMeters>14.173</AltitudeMeters><DistanceMeters>2482.300048828125</DistanceMeters><Cadence>91</Cadence><SensorState>Present</SensorState></Trackpoint><Trackpoint><Time>2024-07-23T10:47:54.000Z</Time><Position><LatitudeDegrees>43.2931345</LatitudeDegrees><LongitudeDegrees>-2.89735483</LongitudeDegrees></Position><AltitudeMeters>14.173</AltitudeMeters><DistanceMeters>2485.5</DistanceMeters><Cadence>91</Cadence><SensorState>Present</SensorState></Trackpoint><Trackpoint><Time>2024-07-23T10:47:55.000Z</Time><Position><LatitudeDegrees>43.29312833</LatitudeDegrees><LongitudeDegrees>-2.89731767</LongitudeDegrees></Position><AltitudeMeters>14.326</AltitudeMeters><DistanceMeters>2488.5</DistanceMeters><Cadence>91</Cadence><SensorState>Present</SensorState></Trackpoint><Trackpoint><Time>2024-07-23T10:47:56.000Z</Time><Position><LatitudeDegrees>43.293121</LatitudeDegrees><LongitudeDegrees>-2.89728033</LongitudeDegrees></Position><AltitudeMeters>14.326</AltitudeMeters><DistanceMeters>2491.699951171875</DistanceMeters><Cadence>91</Cadence><SensorState>Present</SensorState></Trackpoint><Trackpoint><Time>2024-07-23T10:47:57.000Z</Time><Position><LatitudeDegrees>43.29311133</LatitudeDegrees><LongitudeDegrees>-2.89724217</LongitudeDegrees></Position><AltitudeMeters>14.326</AltitudeMeters><DistanceMeters>2494.89990234375</DistanceMeters><Cadence>91</Cadence><SensorState>Present</SensorState></Trackpoint><Trackpoint><Time>2024-07-23T10:47:58.000Z</Time><Position><LatitudeDegrees>43.29310083</LatitudeDegrees><LongitudeDegrees>-2.89720317</LongitudeDegrees></Position><AltitudeMeters>14.326</AltitudeMeters><DistanceMeters>2498.39990234375</DistanceMeters><Cadence>91</Cadence><SensorState>Present</SensorState></Trackpoint><Trackpoint><Time>2024-07-23T10:47:59.000Z</Time><Position><LatitudeDegrees>43.2930875</LatitudeDegrees><LongitudeDegrees>-2.89716383</LongitudeDegrees></Position><AltitudeMeters>14.326</AltitudeMeters><DistanceMeters>2502.0</DistanceMeters><Cadence>91</Cadence><SensorState>Present</SensorState></Trackpoint><Trackpoint><Time>2024-07-23T10:48:00.000Z</Time><Position><LatitudeDegrees>43.29307017</LatitudeDegrees><LongitudeDegrees>-2.89712233</LongitudeDegrees></Position><AltitudeMeters>14.326</AltitudeMeters><DistanceMeters>2505.89990234375</DistanceMeters><Cadence>91</Cadence><SensorState>Present</SensorState></Trackpoint><Trackpoint><Time>2024-07-23T10:48:01.000Z</Time><Position><LatitudeDegrees>43.29305083</LatitudeDegrees><LongitudeDegrees>-2.89708133</LongitudeDegrees></Position><AltitudeMeters>14.478</AltitudeMeters><DistanceMeters>2509.60009765625</DistanceMeters><Cadence>91</Cadence><SensorState>Present</SensorState></Trackpoint><Trackpoint><Time>2024-07-23T10:48:02.000Z</Time><Position><LatitudeDegrees>43.29303217</LatitudeDegrees><LongitudeDegrees>-2.89704067</LongitudeDegrees></Position><AltitudeMeters>14.478</AltitudeMeters><DistanceMeters>2513.300048828125</DistanceMeters><Cadence>91</Cadence><SensorState>Present</SensorState></Trackpoint><Trackpoint><Time>2024-07-23T10:48:03.000Z</Time><Position><LatitudeDegrees>43.29301767</LatitudeDegrees><LongitudeDegrees>-2.89700433</LongitudeDegrees></Position><AltitudeMeters>14.478</AltitudeMeters><DistanceMeters>2516.89990234375</DistanceMeters><Cadence>91</Cadence><SensorState>Present</SensorState></Trackpoint><Trackpoint><Time>2024-07-23T10:48:04.000Z</Time><Position><LatitudeDegrees>43.29300333</LatitudeDegrees><LongitudeDegrees>-2.896968</LongitudeDegrees></Position><AltitudeMeters>14.478</AltitudeMeters><DistanceMeters>2520.39990234375</DistanceMeters><Cadence>91</Cadence><SensorState>Present</SensorState></Trackpoint><Trackpoint><Time>2024-07-23T10:48:05.000Z</Time><Position><LatitudeDegrees>43.292989</LatitudeDegrees><LongitudeDegrees>-2.896934</LongitudeDegrees></Position><AltitudeMeters>14.478</AltitudeMeters><DistanceMeters>2523.800048828125</DistanceMeters><Cadence>91</Cadence><SensorState>Present</SensorState></Trackpoint><Trackpoint><Time>2024-07-23T10:48:06.000Z</Time><Position><LatitudeDegrees>43.29297467</LatitudeDegrees><LongitudeDegrees>-2.8968995</LongitudeDegrees></Position><AltitudeMeters>14.478</AltitudeMeters><DistanceMeters>2527.199951171875</DistanceMeters><Cadence>91</Cadence><SensorState>Present</SensorState></Trackpoint><Trackpoint><Time>2024-07-23T10:48:07.000Z</Time><Position><LatitudeDegrees>43.29296017</LatitudeDegrees><LongitudeDegrees>-2.896866</LongitudeDegrees></Position><AltitudeMeters>14.478</AltitudeMeters><DistanceMeters>2530.60009765625</DistanceMeters><Cadence>91</Cadence><SensorState>Present</SensorState></Trackpoint><Trackpoint><Time>2024-07-23T10:48:08.000Z</Time><Position><LatitudeDegrees>43.2929445</LatitudeDegrees><LongitudeDegrees>-2.8968295</LongitudeDegrees></Position><AltitudeMeters>14.478</AltitudeMeters><DistanceMeters>2534.10009765625</DistanceMeters><Cadence>91</Cadence><SensorState>Present</SensorState></Trackpoint><Trackpoint><Time>2024-07-23T10:48:09.000Z</Time><Position><LatitudeDegrees>43.29292817</LatitudeDegrees><LongitudeDegrees>-2.89679017</LongitudeDegrees></Position><AltitudeMeters>14.478</AltitudeMeters><DistanceMeters>2537.60009765625</DistanceMeters><Cadence>91</Cadence><SensorState>Present</SensorState></Trackpoint><Trackpoint><Time>2024-07-23T10:48:10.000Z</Time><Position><LatitudeDegrees>43.29291033</LatitudeDegrees><LongitudeDegrees>-2.89674717</LongitudeDegrees></Position><AltitudeMeters>14.478</AltitudeMeters><DistanceMeters>2541.5</DistanceMeters><Cadence>91</Cadence><SensorState>Present</SensorState></Trackpoint><Trackpoint><Time>2024-07-23T10:48:11.000Z</Time><Position><LatitudeDegrees>43.29289317</LatitudeDegrees><LongitudeDegrees>-2.896705</LongitudeDegrees></Position><AltitudeMeters>14.478</AltitudeMeters><DistanceMeters>2545.300048828125</DistanceMeters><Cadence>91</Cadence><SensorState>Present</SensorState></Trackpoint><Trackpoint><Time>2024-07-23T10:48:12.000Z</Time><Position><LatitudeDegrees>43.29287533</LatitudeDegrees><LongitudeDegrees>-2.89666517</LongitudeDegrees></Position><AltitudeMeters>14.478</AltitudeMeters><DistanceMeters>2549.10009765625</DistanceMeters><Cadence>91</Cadence><SensorState>Present</SensorState></Trackpoint><Trackpoint><Time>2024-07-23T10:48:13.000Z</Time><Position><LatitudeDegrees>43.29285917</LatitudeDegrees><LongitudeDegrees>-2.89662683</LongitudeDegrees></Position><AltitudeMeters>14.478</AltitudeMeters><DistanceMeters>2552.89990234375</DistanceMeters><Cadence>90</Cadence><SensorState>Present</SensorState></Trackpoint><Trackpoint><Time>2024-07-23T10:48:14.000Z</Time><Position><LatitudeDegrees>43.29284367</LatitudeDegrees><LongitudeDegrees>-2.89659017</LongitudeDegrees></Position><AltitudeMeters>14.478</AltitudeMeters><DistanceMeters>2556.60009765625</DistanceMeters><Cadence>90</Cadence><SensorState>Present</SensorState></Trackpoint><Trackpoint><Time>2024-07-23T10:48:15.000Z</Time><Position><LatitudeDegrees>43.29282883</LatitudeDegrees><LongitudeDegrees>-2.8965545</LongitudeDegrees></Position><AltitudeMeters>14.478</AltitudeMeters><DistanceMeters>2560.300048828125</DistanceMeters><Cadence>91</Cadence><SensorState>Present</SensorState></Trackpoint><Trackpoint><Time>2024-07-23T10:48:16.000Z</Time><Position><LatitudeDegrees>43.292813</LatitudeDegrees><LongitudeDegrees>-2.89651883</LongitudeDegrees></Position><AltitudeMeters>14.478</AltitudeMeters><DistanceMeters>2564.10009765625</DistanceMeters><Cadence>90</Cadence><SensorState>Present</SensorState></Trackpoint><Trackpoint><Time>2024-07-23T10:48:17.000Z</Time><Position><LatitudeDegrees>43.292795</LatitudeDegrees><LongitudeDegrees>-2.89648183</LongitudeDegrees></Position><AltitudeMeters>14.631</AltitudeMeters><DistanceMeters>2567.60009765625</DistanceMeters><Cadence>90</Cadence><SensorState>Present</SensorState></Trackpoint><Trackpoint><Time>2024-07-23T10:48:18.000Z</Time><Position><LatitudeDegrees>43.292775</LatitudeDegrees><LongitudeDegrees>-2.89644233</LongitudeDegrees></Position><AltitudeMeters>14.631</AltitudeMeters><DistanceMeters>2571.0</DistanceMeters><Cadence>90</Cadence><SensorState>Present</SensorState></Trackpoint><Trackpoint><Time>2024-07-23T10:48:19.000Z</Time><Position><LatitudeDegrees>43.292756</LatitudeDegrees><LongitudeDegrees>-2.89640367</LongitudeDegrees></Position><AltitudeMeters>14.631</AltitudeMeters><DistanceMeters>2574.199951171875</DistanceMeters><Cadence>90</Cadence><SensorState>Present</SensorState></Trackpoint><Trackpoint><Time>2024-07-23T10:48:20.000Z</Time><Position><LatitudeDegrees>43.29274033</LatitudeDegrees><LongitudeDegrees>-2.89636617</LongitudeDegrees></Position><AltitudeMeters>14.631</AltitudeMeters><DistanceMeters>2577.5</DistanceMeters><Cadence>90</Cadence><SensorState>Present</SensorState></Trackpoint><Trackpoint><Time>2024-07-23T10:48:21.000Z</Time><Position><LatitudeDegrees>43.29272683</LatitudeDegrees><LongitudeDegrees>-2.8963325</LongitudeDegrees></Position><AltitudeMeters>14.631</AltitudeMeters><DistanceMeters>2581.0</DistanceMeters><Cadence>91</Cadence><SensorState>Present</SensorState></Trackpoint><Trackpoint><Time>2024-07-23T10:48:22.000Z</Time><Position><LatitudeDegrees>43.29271267</LatitudeDegrees><LongitudeDegrees>-2.8962985</LongitudeDegrees></Position><AltitudeMeters>14.631</AltitudeMeters><DistanceMeters>2584.5</DistanceMeters><Cadence>91</Cadence><SensorState>Present</SensorState></Trackpoint><Trackpoint><Time>2024-07-23T10:48:23.000Z</Time><Position><LatitudeDegrees>43.29269883</LatitudeDegrees><LongitudeDegrees>-2.89626133</LongitudeDegrees></Position><AltitudeMeters>14.631</AltitudeMeters><DistanceMeters>2588.0</DistanceMeters><Cadence>91</Cadence><SensorState>Present</SensorState></Trackpoint><Trackpoint><Time>2024-07-23T10:48:24.000Z</Time><Position><LatitudeDegrees>43.29268517</LatitudeDegrees><LongitudeDegrees>-2.89622317</LongitudeDegrees></Position><AltitudeMeters>14.631</AltitudeMeters><DistanceMeters>2591.199951171875</DistanceMeters><Cadence>91</Cadence><SensorState>Present</SensorState></Trackpoint><Trackpoint><Time>2024-07-23T10:48:25.000Z</Time><Position><LatitudeDegrees>43.29267233</LatitudeDegrees><LongitudeDegrees>-2.89618483</LongitudeDegrees></Position><AltitudeMeters>14.783</AltitudeMeters><DistanceMeters>2594.300048828125</DistanceMeters><Cadence>91</Cadence><SensorState>Present</SensorState></Trackpoint><Trackpoint><Time>2024-07-23T10:48:26.000Z</Time><Position><LatitudeDegrees>43.2926595</LatitudeDegrees><LongitudeDegrees>-2.89614933</LongitudeDegrees></Position><AltitudeMeters>14.783</AltitudeMeters><DistanceMeters>2597.5</DistanceMeters><Cadence>90</Cadence><SensorState>Present</SensorState></Trackpoint><Trackpoint><Time>2024-07-23T10:48:27.000Z</Time><Position><LatitudeDegrees>43.2926465</LatitudeDegrees><LongitudeDegrees>-2.89611233</LongitudeDegrees></Position><AltitudeMeters>14.783</AltitudeMeters><DistanceMeters>2600.699951171875</DistanceMeters><Cadence>90</Cadence><SensorState>Present</SensorState></Trackpoint><Trackpoint><Time>2024-07-23T10:48:28.000Z</Time><Position><LatitudeDegrees>43.29263333</LatitudeDegrees><LongitudeDegrees>-2.896076</LongitudeDegrees></Position><AltitudeMeters>14.783</AltitudeMeters><DistanceMeters>2604.199951171875</DistanceMeters><Cadence>90</Cadence><SensorState>Present</SensorState></Trackpoint><Trackpoint><Time>2024-07-23T10:48:29.000Z</Time><Position><LatitudeDegrees>43.29262067</LatitudeDegrees><LongitudeDegrees>-2.89603767</LongitudeDegrees></Position><AltitudeMeters>14.783</AltitudeMeters><DistanceMeters>2607.699951171875</DistanceMeters><Cadence>90</Cadence><SensorState>Present</SensorState></Trackpoint><Trackpoint><Time>2024-07-23T10:48:30.000Z</Time><Position><LatitudeDegrees>43.2926105</LatitudeDegrees><LongitudeDegrees>-2.895999</LongitudeDegrees></Position><AltitudeMeters>14.783</AltitudeMeters><DistanceMeters>2611.0</DistanceMeters><Cadence>91</Cadence><SensorState>Present</SensorState></Trackpoint><Trackpoint><Time>2024-07-23T10:48:31.000Z</Time><Position><LatitudeDegrees>43.29260433</LatitudeDegrees><LongitudeDegrees>-2.895959</LongitudeDegrees></Position><AltitudeMeters>14.783</AltitudeMeters><DistanceMeters>2614.39990234375</DistanceMeters><Cadence>91</Cadence><SensorState>Present</SensorState></Trackpoint><Trackpoint><Time>2024-07-23T10:48:32.000Z</Time><Position><LatitudeDegrees>43.2926</LatitudeDegrees><LongitudeDegrees>-2.89591683</LongitudeDegrees></Position><AltitudeMeters>14.783</AltitudeMeters><DistanceMeters>2618.199951171875</DistanceMeters><Cadence>91</Cadence><SensorState>Present</SensorState></Trackpoint><Trackpoint><Time>2024-07-23T10:48:33.000Z</Time><Position><LatitudeDegrees>43.29259717</LatitudeDegrees><LongitudeDegrees>-2.89587317</LongitudeDegrees></Position><AltitudeMeters>14.935</AltitudeMeters><DistanceMeters>2622.0</DistanceMeters><Cadence>91</Cadence><SensorState>Present</SensorState></Trackpoint><Trackpoint><Time>2024-07-23T10:48:34.000Z</Time><Position><LatitudeDegrees>43.29259167</LatitudeDegrees><LongitudeDegrees>-2.89582533</LongitudeDegrees></Position><AltitudeMeters>14.935</AltitudeMeters><DistanceMeters>2625.89990234375</DistanceMeters><Cadence>91</Cadence><SensorState>Present</SensorState></Trackpoint><Trackpoint><Time>2024-07-23T10:48:35.000Z</Time><Position><LatitudeDegrees>43.29258533</LatitudeDegrees><LongitudeDegrees>-2.89577933</LongitudeDegrees></Position><AltitudeMeters>14.935</AltitudeMeters><DistanceMeters>2629.800048828125</DistanceMeters><Cadence>91</Cadence><SensorState>Present</SensorState></Trackpoint><Trackpoint><Time>2024-07-23T10:48:36.000Z</Time><Position><LatitudeDegrees>43.29257683</LatitudeDegrees><LongitudeDegrees>-2.895732</LongitudeDegrees></Position><AltitudeMeters>14.935</AltitudeMeters><DistanceMeters>2633.5</DistanceMeters><Cadence>91</Cadence><SensorState>Present</SensorState></Trackpoint><Trackpoint><Time>2024-07-23T10:48:37.000Z</Time><Position><LatitudeDegrees>43.29256983</LatitudeDegrees><LongitudeDegrees>-2.89568867</LongitudeDegrees></Position><AltitudeMeters>14.935</AltitudeMeters><DistanceMeters>2637.0</DistanceMeters><Cadence>91</Cadence><SensorState>Present</SensorState></Trackpoint><Trackpoint><Time>2024-07-23T10:48:38.000Z</Time><Position><LatitudeDegrees>43.29256233</LatitudeDegrees><LongitudeDegrees>-2.89564767</LongitudeDegrees></Position><AltitudeMeters>14.935</AltitudeMeters><DistanceMeters>2640.5</DistanceMeters><Cadence>91</Cadence><SensorState>Present</SensorState></Trackpoint><Trackpoint><Time>2024-07-23T10:48:39.000Z</Time><Position><LatitudeDegrees>43.29255617</LatitudeDegrees><LongitudeDegrees>-2.89560933</LongitudeDegrees></Position><AltitudeMeters>14.935</AltitudeMeters><DistanceMeters>2643.800048828125</DistanceMeters><Cadence>91</Cadence><SensorState>Present</SensorState></Trackpoint><Trackpoint><Time>2024-07-23T10:48:40.000Z</Time><Position><LatitudeDegrees>43.29255017</LatitudeDegrees><LongitudeDegrees>-2.89557267</LongitudeDegrees></Position><AltitudeMeters>14.935</AltitudeMeters><DistanceMeters>2647.199951171875</DistanceMeters><Cadence>91</Cadence><SensorState>Present</SensorState></Trackpoint><Trackpoint><Time>2024-07-23T10:48:41.000Z</Time><Position><LatitudeDegrees>43.292545</LatitudeDegrees><LongitudeDegrees>-2.89553617</LongitudeDegrees></Position><AltitudeMeters>14.935</AltitudeMeters><DistanceMeters>2650.5</DistanceMeters><Cadence>91</Cadence><SensorState>Present</SensorState></Trackpoint><Trackpoint><Time>2024-07-23T10:48:42.000Z</Time><Position><LatitudeDegrees>43.29254017</LatitudeDegrees><LongitudeDegrees>-2.895495</LongitudeDegrees></Position><AltitudeMeters>14.935</AltitudeMeters><DistanceMeters>2654.199951171875</DistanceMeters><Cadence>91</Cadence><SensorState>Present</SensorState></Trackpoint><Trackpoint><Time>2024-07-23T10:48:43.000Z</Time><Position><LatitudeDegrees>43.29253417</LatitudeDegrees><LongitudeDegrees>-2.89544783</LongitudeDegrees></Position><AltitudeMeters>14.935</AltitudeMeters><DistanceMeters>2657.699951171875</DistanceMeters><Cadence>91</Cadence><SensorState>Present</SensorState></Trackpoint><Trackpoint><Time>2024-07-23T10:48:44.000Z</Time><Position><LatitudeDegrees>43.29253033</LatitudeDegrees><LongitudeDegrees>-2.89539833</LongitudeDegrees></Position><AltitudeMeters>14.935</AltitudeMeters><DistanceMeters>2661.199951171875</DistanceMeters><Cadence>91</Cadence><SensorState>Present</SensorState></Trackpoint><Trackpoint><Time>2024-07-23T10:48:45.000Z</Time><Position><LatitudeDegrees>43.29252633</LatitudeDegrees><LongitudeDegrees>-2.89535067</LongitudeDegrees></Position><AltitudeMeters>15.088</AltitudeMeters><DistanceMeters>2665.300048828125</DistanceMeters><Cadence>91</Cadence><SensorState>Present</SensorState></Trackpoint><Trackpoint><Time>2024-07-23T10:48:46.000Z</Time><Position><LatitudeDegrees>43.2925255</LatitudeDegrees><LongitudeDegrees>-2.89530517</LongitudeDegrees></Position><AltitudeMeters>15.088</AltitudeMeters><DistanceMeters>2669.5</DistanceMeters><Cadence>91</Cadence><SensorState>Present</SensorState></Trackpoint><Trackpoint><Time>2024-07-23T10:48:47.000Z</Time><Position><LatitudeDegrees>43.292523</LatitudeDegrees><LongitudeDegrees>-2.8952575</LongitudeDegrees></Position><AltitudeMeters>15.088</AltitudeMeters><DistanceMeters>2673.800048828125</DistanceMeters><Cadence>91</Cadence><SensorState>Present</SensorState></Trackpoint><Trackpoint><Time>2024-07-23T10:48:48.000Z</Time><Position><LatitudeDegrees>43.292518</LatitudeDegrees><LongitudeDegrees>-2.89520867</LongitudeDegrees></Position><AltitudeMeters>15.088</AltitudeMeters><DistanceMeters>2678.10009765625</DistanceMeters><Cadence>91</Cadence><SensorState>Present</SensorState></Trackpoint><Trackpoint><Time>2024-07-23T10:48:49.000Z</Time><Position><LatitudeDegrees>43.29251067</LatitudeDegrees><LongitudeDegrees>-2.895161</LongitudeDegrees></Position><AltitudeMeters>15.24</AltitudeMeters><DistanceMeters>2682.199951171875</DistanceMeters><Cadence>91</Cadence><SensorState>Present</SensorState></Trackpoint><Trackpoint><Time>2024-07-23T10:48:50.000Z</Time><Position><LatitudeDegrees>43.29250233</LatitudeDegrees><LongitudeDegrees>-2.89511483</LongitudeDegrees></Position><AltitudeMeters>15.24</AltitudeMeters><DistanceMeters>2685.89990234375</DistanceMeters><Cadence>90</Cadence><SensorState>Present</SensorState></Trackpoint><Trackpoint><Time>2024-07-23T10:48:51.000Z</Time><Position><LatitudeDegrees>43.2924975</LatitudeDegrees><LongitudeDegrees>-2.89507017</LongitudeDegrees></Position><AltitudeMeters>15.24</AltitudeMeters><DistanceMeters>2689.39990234375</DistanceMeters><Cadence>90</Cadence><SensorState>Present</SensorState></Trackpoint><Trackpoint><Time>2024-07-23T10:48:52.000Z</Time><Position><LatitudeDegrees>43.29249467</LatitudeDegrees><LongitudeDegrees>-2.89502617</LongitudeDegrees></Position><AltitudeMeters>15.24</AltitudeMeters><DistanceMeters>2692.89990234375</DistanceMeters><Cadence>90</Cadence><SensorState>Present</SensorState></Trackpoint><Trackpoint><Time>2024-07-23T10:48:53.000Z</Time><Position><LatitudeDegrees>43.2924965</LatitudeDegrees><LongitudeDegrees>-2.89498117</LongitudeDegrees></Position><AltitudeMeters>15.393</AltitudeMeters><DistanceMeters>2696.5</DistanceMeters><Cadence>91</Cadence><SensorState>Present</SensorState></Trackpoint><Trackpoint><Time>2024-07-23T10:48:54.000Z</Time><Position><LatitudeDegrees>43.29250133</LatitudeDegrees><LongitudeDegrees>-2.89493883</LongitudeDegrees></Position><AltitudeMeters>15.393</AltitudeMeters><DistanceMeters>2699.699951171875</DistanceMeters><Cadence>91</Cadence><SensorState>Present</SensorState></Trackpoint><Trackpoint><Time>2024-07-23T10:48:55.000Z</Time><Position><LatitudeDegrees>43.2925065</LatitudeDegrees><LongitudeDegrees>-2.8948965</LongitudeDegrees></Position><AltitudeMeters>15.393</AltitudeMeters><DistanceMeters>2702.800048828125</DistanceMeters><Cadence>91</Cadence><SensorState>Present</SensorState></Trackpoint><Trackpoint><Time>2024-07-23T10:48:56.000Z</Time><Position><LatitudeDegrees>43.292513</LatitudeDegrees><LongitudeDegrees>-2.89485967</LongitudeDegrees></Position><AltitudeMeters>15.393</AltitudeMeters><DistanceMeters>2705.89990234375</DistanceMeters><Cadence>90</Cadence><SensorState>Present</SensorState></Trackpoint><Trackpoint><Time>2024-07-23T10:48:57.000Z</Time><Position><LatitudeDegrees>43.29252</LatitudeDegrees><LongitudeDegrees>-2.89481967</LongitudeDegrees></Position><AltitudeMeters>15.545</AltitudeMeters><DistanceMeters>2709.10009765625</DistanceMeters><Cadence>90</Cadence><SensorState>Present</SensorState></Trackpoint><Trackpoint><Time>2024-07-23T10:48:58.000Z</Time><Position><LatitudeDegrees>43.2925285</LatitudeDegrees><LongitudeDegrees>-2.89478067</LongitudeDegrees></Position><AltitudeMeters>15.545</AltitudeMeters><DistanceMeters>2712.5</DistanceMeters><Cadence>90</Cadence><SensorState>Present</SensorState></Trackpoint><Trackpoint><Time>2024-07-23T10:48:59.000Z</Time><Position><LatitudeDegrees>43.2925355</LatitudeDegrees><LongitudeDegrees>-2.894737</LongitudeDegrees></Position><AltitudeMeters>15.545</AltitudeMeters><DistanceMeters>2715.89990234375</DistanceMeters><Cadence>90</Cadence><SensorState>Present</SensorState></Trackpoint><Trackpoint><Time>2024-07-23T10:49:00.000Z</Time><Position><LatitudeDegrees>43.29254017</LatitudeDegrees><LongitudeDegrees>-2.89469633</LongitudeDegrees></Position><AltitudeMeters>15.545</AltitudeMeters><DistanceMeters>2719.199951171875</DistanceMeters><Cadence>90</Cadence><SensorState>Present</SensorState></Trackpoint><Trackpoint><Time>2024-07-23T10:49:01.000Z</Time><Position><LatitudeDegrees>43.29254283</LatitudeDegrees><LongitudeDegrees>-2.89465283</LongitudeDegrees></Position><AltitudeMeters>15.545</AltitudeMeters><DistanceMeters>2722.699951171875</DistanceMeters><Cadence>90</Cadence><SensorState>Present</SensorState></Trackpoint><Trackpoint><Time>2024-07-23T10:49:02.000Z</Time><Position><LatitudeDegrees>43.29254083</LatitudeDegrees><LongitudeDegrees>-2.89460983</LongitudeDegrees></Position><AltitudeMeters>15.545</AltitudeMeters><DistanceMeters>2726.199951171875</DistanceMeters><Cadence>90</Cadence><SensorState>Present</SensorState></Trackpoint><Trackpoint><Time>2024-07-23T10:49:03.000Z</Time><Position><LatitudeDegrees>43.29253317</LatitudeDegrees><LongitudeDegrees>-2.89456517</LongitudeDegrees></Position><AltitudeMeters>15.545</AltitudeMeters><DistanceMeters>2729.800048828125</DistanceMeters><Cadence>90</Cadence><SensorState>Present</SensorState></Trackpoint><Trackpoint><Time>2024-07-23T10:49:04.000Z</Time><Position><LatitudeDegrees>43.29252117</LatitudeDegrees><LongitudeDegrees>-2.894524</LongitudeDegrees></Position><AltitudeMeters>15.545</AltitudeMeters><DistanceMeters>2733.199951171875</DistanceMeters><Cadence>90</Cadence><SensorState>Present</SensorState></Trackpoint><Trackpoint><Time>2024-07-23T10:49:05.000Z</Time><Position><LatitudeDegrees>43.29250417</LatitudeDegrees><LongitudeDegrees>-2.8944875</LongitudeDegrees></Position><AltitudeMeters>15.545</AltitudeMeters><DistanceMeters>2736.60009765625</DistanceMeters><Cadence>90</Cadence><SensorState>Present</SensorState></Trackpoint><Trackpoint><Time>2024-07-23T10:49:06.000Z</Time><Position><LatitudeDegrees>43.29248467</LatitudeDegrees><LongitudeDegrees>-2.8944545</LongitudeDegrees></Position><AltitudeMeters>15.545</AltitudeMeters><DistanceMeters>2739.800048828125</DistanceMeters><Cadence>90</Cadence><SensorState>Present</SensorState></Trackpoint><Trackpoint><Time>2024-07-23T10:49:07.000Z</Time><Position><LatitudeDegrees>43.29246633</LatitudeDegrees><LongitudeDegrees>-2.89442283</LongitudeDegrees></Position><AltitudeMeters>15.545</AltitudeMeters><DistanceMeters>2743.199951171875</DistanceMeters><Cadence>90</Cadence><SensorState>Present</SensorState></Trackpoint><Trackpoint><Time>2024-07-23T10:49:08.000Z</Time><Position><LatitudeDegrees>43.2924505</LatitudeDegrees><LongitudeDegrees>-2.89438817</LongitudeDegrees></Position><AltitudeMeters>15.545</AltitudeMeters><DistanceMeters>2746.60009765625</DistanceMeters><Cadence>90</Cadence><SensorState>Present</SensorState></Trackpoint><Trackpoint><Time>2024-07-23T10:49:09.000Z</Time><Position><LatitudeDegrees>43.29243733</LatitudeDegrees><LongitudeDegrees>-2.89435083</LongitudeDegrees></Position><AltitudeMeters>15.697</AltitudeMeters><DistanceMeters>2750.10009765625</DistanceMeters><Cadence>90</Cadence><SensorState>Present</SensorState></Trackpoint><Trackpoint><Time>2024-07-23T10:49:10.000Z</Time><Position><LatitudeDegrees>43.29242417</LatitudeDegrees><LongitudeDegrees>-2.89431217</LongitudeDegrees></Position><AltitudeMeters>15.697</AltitudeMeters><DistanceMeters>2753.39990234375</DistanceMeters><Cadence>90</Cadence><SensorState>Present</SensorState></Trackpoint><Trackpoint><Time>2024-07-23T10:49:11.000Z</Time><Position><LatitudeDegrees>43.29241167</LatitudeDegrees><LongitudeDegrees>-2.89427317</LongitudeDegrees></Position><AltitudeMeters>15.697</AltitudeMeters><DistanceMeters>2756.699951171875</DistanceMeters><Cadence>90</Cadence><SensorState>Present</SensorState></Trackpoint><Trackpoint><Time>2024-07-23T10:49:12.000Z</Time><Position><LatitudeDegrees>43.29239917</LatitudeDegrees><LongitudeDegrees>-2.89423567</LongitudeDegrees></Position><AltitudeMeters>15.697</AltitudeMeters><DistanceMeters>2759.89990234375</DistanceMeters><Cadence>91</Cadence><SensorState>Present</SensorState></Trackpoint><Trackpoint><Time>2024-07-23T10:49:13.000Z</Time><Position><LatitudeDegrees>43.29238683</LatitudeDegrees><LongitudeDegrees>-2.89419867</LongitudeDegrees></Position><AltitudeMeters>15.697</AltitudeMeters><DistanceMeters>2763.199951171875</DistanceMeters><Cadence>91</Cadence><SensorState>Present</SensorState></Trackpoint><Trackpoint><Time>2024-07-23T10:49:14.000Z</Time><Position><LatitudeDegrees>43.29237467</LatitudeDegrees><LongitudeDegrees>-2.89416183</LongitudeDegrees></Position><AltitudeMeters>15.697</AltitudeMeters><DistanceMeters>2766.60009765625</DistanceMeters><Cadence>91</Cadence><SensorState>Present</SensorState></Trackpoint><Trackpoint><Time>2024-07-23T10:49:15.000Z</Time><Position><LatitudeDegrees>43.29236233</LatitudeDegrees><LongitudeDegrees>-2.89412533</LongitudeDegrees></Position><AltitudeMeters>15.697</AltitudeMeters><DistanceMeters>2770.0</DistanceMeters><Cadence>91</Cadence><SensorState>Present</SensorState></Trackpoint><Trackpoint><Time>2024-07-23T10:49:16.000Z</Time><Position><LatitudeDegrees>43.292349</LatitudeDegrees><LongitudeDegrees>-2.8940885</LongitudeDegrees></Position><AltitudeMeters>15.697</AltitudeMeters><DistanceMeters>2773.39990234375</DistanceMeters><Cadence>91</Cadence><SensorState>Present</SensorState></Trackpoint><Trackpoint><Time>2024-07-23T10:49:17.000Z</Time><Position><LatitudeDegrees>43.29233533</LatitudeDegrees><LongitudeDegrees>-2.89405233</LongitudeDegrees></Position><AltitudeMeters>15.697</AltitudeMeters><DistanceMeters>2776.699951171875</DistanceMeters><Cadence>90</Cadence><SensorState>Present</SensorState></Trackpoint><Trackpoint><Time>2024-07-23T10:49:18.000Z</Time><Position><LatitudeDegrees>43.29232233</LatitudeDegrees><LongitudeDegrees>-2.89401517</LongitudeDegrees></Position><AltitudeMeters>15.697</AltitudeMeters><DistanceMeters>2780.10009765625</DistanceMeters><Cadence>90</Cadence><SensorState>Present</SensorState></Trackpoint><Trackpoint><Time>2024-07-23T10:49:19.000Z</Time><Position><LatitudeDegrees>43.29230867</LatitudeDegrees><LongitudeDegrees>-2.893977</LongitudeDegrees></Position><AltitudeMeters>15.85</AltitudeMeters><DistanceMeters>2783.60009765625</DistanceMeters><Cadence>90</Cadence><SensorState>Present</SensorState></Trackpoint><Trackpoint><Time>2024-07-23T10:49:20.000Z</Time><Position><LatitudeDegrees>43.2922945</LatitudeDegrees><LongitudeDegrees>-2.893939</LongitudeDegrees></Position><AltitudeMeters>15.85</AltitudeMeters><DistanceMeters>2787.0</DistanceMeters><Cadence>90</Cadence><SensorState>Present</SensorState></Trackpoint><Trackpoint><Time>2024-07-23T10:49:21.000Z</Time><Position><LatitudeDegrees>43.29228017</LatitudeDegrees><LongitudeDegrees>-2.89390017</LongitudeDegrees></Position><AltitudeMeters>15.85</AltitudeMeters><DistanceMeters>2790.699951171875</DistanceMeters><Cadence>90</Cadence><SensorState>Present</SensorState></Trackpoint><Trackpoint><Time>2024-07-23T10:49:22.000Z</Time><Position><LatitudeDegrees>43.29226583</LatitudeDegrees><LongitudeDegrees>-2.8938625</LongitudeDegrees></Position><AltitudeMeters>15.85</AltitudeMeters><DistanceMeters>2794.199951171875</DistanceMeters><Cadence>90</Cadence><SensorState>Present</SensorState></Trackpoint><Trackpoint><Time>2024-07-23T10:49:23.000Z</Time><Position><LatitudeDegrees>43.2922525</LatitudeDegrees><LongitudeDegrees>-2.89382367</LongitudeDegrees></Position><AltitudeMeters>15.85</AltitudeMeters><DistanceMeters>2797.699951171875</DistanceMeters><Cadence>90</Cadence><SensorState>Present</SensorState></Trackpoint><Trackpoint><Time>2024-07-23T10:49:24.000Z</Time><Position><LatitudeDegrees>43.29224017</LatitudeDegrees><LongitudeDegrees>-2.89378583</LongitudeDegrees></Position><AltitudeMeters>15.85</AltitudeMeters><DistanceMeters>2801.0</DistanceMeters><Cadence>90</Cadence><SensorState>Present</SensorState></Trackpoint><Trackpoint><Time>2024-07-23T10:49:25.000Z</Time><Position><LatitudeDegrees>43.29222933</LatitudeDegrees><LongitudeDegrees>-2.89374767</LongitudeDegrees></Position><AltitudeMeters>15.85</AltitudeMeters><DistanceMeters>2804.300048828125</DistanceMeters><Cadence>90</Cadence><SensorState>Present</SensorState></Trackpoint><Trackpoint><Time>2024-07-23T10:49:26.000Z</Time><Position><LatitudeDegrees>43.29221833</LatitudeDegrees><LongitudeDegrees>-2.89371017</LongitudeDegrees></Position><AltitudeMeters>15.85</AltitudeMeters><DistanceMeters>2807.60009765625</DistanceMeters><Cadence>90</Cadence><SensorState>Present</SensorState></Trackpoint><Trackpoint><Time>2024-07-23T10:49:27.000Z</Time><Position><LatitudeDegrees>43.2922075</LatitudeDegrees><LongitudeDegrees>-2.89367333</LongitudeDegrees></Position><AltitudeMeters>15.85</AltitudeMeters><DistanceMeters>2810.699951171875</DistanceMeters><Cadence>90</Cadence><SensorState>Present</SensorState></Trackpoint><Trackpoint><Time>2024-07-23T10:49:28.000Z</Time><Position><LatitudeDegrees>43.29219717</LatitudeDegrees><LongitudeDegrees>-2.89363633</LongitudeDegrees></Position><AltitudeMeters>15.85</AltitudeMeters><DistanceMeters>2813.800048828125</DistanceMeters><Cadence>91</Cadence><SensorState>Present</SensorState></Trackpoint><Trackpoint><Time>2024-07-23T10:49:29.000Z</Time><Position><LatitudeDegrees>43.29218867</LatitudeDegrees><LongitudeDegrees>-2.89360033</LongitudeDegrees></Position><AltitudeMeters>15.85</AltitudeMeters><DistanceMeters>2817.0</DistanceMeters><Cadence>91</Cadence><SensorState>Present</SensorState></Trackpoint><Trackpoint><Time>2024-07-23T10:49:30.000Z</Time><Position><LatitudeDegrees>43.2921805</LatitudeDegrees><LongitudeDegrees>-2.89356267</LongitudeDegrees></Position><AltitudeMeters>15.85</AltitudeMeters><DistanceMeters>2820.300048828125</DistanceMeters><Cadence>91</Cadence><SensorState>Present</SensorState></Trackpoint><Trackpoint><Time>2024-07-23T10:49:31.000Z</Time><Position><LatitudeDegrees>43.292172</LatitudeDegrees><LongitudeDegrees>-2.89352417</LongitudeDegrees></Position><AltitudeMeters>15.85</AltitudeMeters><DistanceMeters>2823.60009765625</DistanceMeters><Cadence>91</Cadence><SensorState>Present</SensorState></Trackpoint><Trackpoint><Time>2024-07-23T10:49:32.000Z</Time><Position><LatitudeDegrees>43.29216083</LatitudeDegrees><LongitudeDegrees>-2.8934835</LongitudeDegrees></Position><AltitudeMeters>15.85</AltitudeMeters><DistanceMeters>2827.0</DistanceMeters><Cadence>90</Cadence><SensorState>Present</SensorState></Trackpoint><Trackpoint><Time>2024-07-23T10:49:33.000Z</Time><Position><LatitudeDegrees>43.29214883</LatitudeDegrees><LongitudeDegrees>-2.89344483</LongitudeDegrees></Position><AltitudeMeters>15.85</AltitudeMeters><DistanceMeters>2830.300048828125</DistanceMeters><Cadence>90</Cadence><SensorState>Present</SensorState></Trackpoint><Trackpoint><Time>2024-07-23T10:49:34.000Z</Time><Position><LatitudeDegrees>43.29213667</LatitudeDegrees><LongitudeDegrees>-2.89340633</LongitudeDegrees></Position><AltitudeMeters>15.85</AltitudeMeters><DistanceMeters>2833.699951171875</DistanceMeters><Cadence>90</Cadence><SensorState>Present</SensorState></Trackpoint><Trackpoint><Time>2024-07-23T10:49:35.000Z</Time><Position><LatitudeDegrees>43.29212633</LatitudeDegrees><LongitudeDegrees>-2.8933685</LongitudeDegrees></Position><AltitudeMeters>15.85</AltitudeMeters><DistanceMeters>2836.89990234375</DistanceMeters><Cadence>90</Cadence><SensorState>Present</SensorState></Trackpoint><Trackpoint><Time>2024-07-23T10:49:36.000Z</Time><Position><LatitudeDegrees>43.29211717</LatitudeDegrees><LongitudeDegrees>-2.89333017</LongitudeDegrees></Position><AltitudeMeters>15.85</AltitudeMeters><DistanceMeters>2840.300048828125</DistanceMeters><Cadence>90</Cadence><SensorState>Present</SensorState></Trackpoint><Trackpoint><Time>2024-07-23T10:49:37.000Z</Time><Position><LatitudeDegrees>43.29210933</LatitudeDegrees><LongitudeDegrees>-2.8932935</LongitudeDegrees></Position><AltitudeMeters>15.85</AltitudeMeters><DistanceMeters>2843.5</DistanceMeters><Cadence>90</Cadence><SensorState>Present</SensorState></Trackpoint><Trackpoint><Time>2024-07-23T10:49:38.000Z</Time><Position><LatitudeDegrees>43.29210217</LatitudeDegrees><LongitudeDegrees>-2.89325617</LongitudeDegrees></Position><AltitudeMeters>15.85</AltitudeMeters><DistanceMeters>2846.60009765625</DistanceMeters><Cadence>90</Cadence><SensorState>Present</SensorState></Trackpoint><Trackpoint><Time>2024-07-23T10:49:39.000Z</Time><Position><LatitudeDegrees>43.29209567</LatitudeDegrees><LongitudeDegrees>-2.89321983</LongitudeDegrees></Position><AltitudeMeters>15.85</AltitudeMeters><DistanceMeters>2849.60009765625</DistanceMeters><Cadence>90</Cadence><SensorState>Present</SensorState></Trackpoint><Trackpoint><Time>2024-07-23T10:49:40.000Z</Time><Position><LatitudeDegrees>43.292089</LatitudeDegrees><LongitudeDegrees>-2.89318233</LongitudeDegrees></Position><AltitudeMeters>15.85</AltitudeMeters><DistanceMeters>2852.60009765625</DistanceMeters><Cadence>91</Cadence><SensorState>Present</SensorState></Trackpoint><Trackpoint><Time>2024-07-23T10:49:41.000Z</Time><Position><LatitudeDegrees>43.29208233</LatitudeDegrees><LongitudeDegrees>-2.89314583</LongitudeDegrees></Position><AltitudeMeters>15.85</AltitudeMeters><DistanceMeters>2855.699951171875</DistanceMeters><Cadence>91</Cadence><SensorState>Present</SensorState></Trackpoint><Trackpoint><Time>2024-07-23T10:49:42.000Z</Time><Position><LatitudeDegrees>43.29207367</LatitudeDegrees><LongitudeDegrees>-2.89310817</LongitudeDegrees></Position><AltitudeMeters>15.85</AltitudeMeters><DistanceMeters>2858.800048828125</DistanceMeters><Cadence>91</Cadence><SensorState>Present</SensorState></Trackpoint><Trackpoint><Time>2024-07-23T10:49:43.000Z</Time><Position><LatitudeDegrees>43.29206367</LatitudeDegrees><LongitudeDegrees>-2.89307167</LongitudeDegrees></Position><AltitudeMeters>15.85</AltitudeMeters><DistanceMeters>2861.89990234375</DistanceMeters><Cadence>90</Cadence><SensorState>Present</SensorState></Trackpoint><Trackpoint><Time>2024-07-23T10:49:44.000Z</Time><Position><LatitudeDegrees>43.292052</LatitudeDegrees><LongitudeDegrees>-2.89303533</LongitudeDegrees></Position><AltitudeMeters>15.85</AltitudeMeters><DistanceMeters>2865.10009765625</DistanceMeters><Cadence>90</Cadence><SensorState>Present</SensorState></Trackpoint><Trackpoint><Time>2024-07-23T10:49:45.000Z</Time><Position><LatitudeDegrees>43.29204167</LatitudeDegrees><LongitudeDegrees>-2.893</LongitudeDegrees></Position><AltitudeMeters>15.85</AltitudeMeters><DistanceMeters>2868.300048828125</DistanceMeters><Cadence>90</Cadence><SensorState>Present</SensorState></Trackpoint><Trackpoint><Time>2024-07-23T10:49:46.000Z</Time><Position><LatitudeDegrees>43.2920325</LatitudeDegrees><LongitudeDegrees>-2.89296317</LongitudeDegrees></Position><AltitudeMeters>15.85</AltitudeMeters><DistanceMeters>2871.699951171875</DistanceMeters><Cadence>90</Cadence><SensorState>Present</SensorState></Trackpoint><Trackpoint><Time>2024-07-23T10:49:47.000Z</Time><Position><LatitudeDegrees>43.292025</LatitudeDegrees><LongitudeDegrees>-2.89292517</LongitudeDegrees></Position><AltitudeMeters>15.85</AltitudeMeters><DistanceMeters>2875.0</DistanceMeters><Cadence>90</Cadence><SensorState>Present</SensorState></Trackpoint><Trackpoint><Time>2024-07-23T10:49:48.000Z</Time><Position><LatitudeDegrees>43.29201633</LatitudeDegrees><LongitudeDegrees>-2.89288483</LongitudeDegrees></Position><AltitudeMeters>15.85</AltitudeMeters><DistanceMeters>2878.39990234375</DistanceMeters><Cadence>90</Cadence><SensorState>Present</SensorState></Trackpoint><Trackpoint><Time>2024-07-23T10:49:49.000Z</Time><Position><LatitudeDegrees>43.29200783</LatitudeDegrees><LongitudeDegrees>-2.89284633</LongitudeDegrees></Position><AltitudeMeters>15.85</AltitudeMeters><DistanceMeters>2881.60009765625</DistanceMeters><Cadence>91</Cadence><SensorState>Present</SensorState></Trackpoint><Trackpoint><Time>2024-07-23T10:49:50.000Z</Time><Position><LatitudeDegrees>43.29199933</LatitudeDegrees><LongitudeDegrees>-2.89280767</LongitudeDegrees></Position><AltitudeMeters>15.85</AltitudeMeters><DistanceMeters>2884.89990234375</DistanceMeters><Cadence>91</Cadence><SensorState>Present</SensorState></Trackpoint><Trackpoint><Time>2024-07-23T10:49:51.000Z</Time><Position><LatitudeDegrees>43.29199367</LatitudeDegrees><LongitudeDegrees>-2.89277033</LongitudeDegrees></Position><AltitudeMeters>15.85</AltitudeMeters><DistanceMeters>2888.5</DistanceMeters><Cadence>91</Cadence><SensorState>Present</SensorState></Trackpoint><Trackpoint><Time>2024-07-23T10:49:52.000Z</Time><Position><LatitudeDegrees>43.29198733</LatitudeDegrees><LongitudeDegrees>-2.892728</LongitudeDegrees></Position><AltitudeMeters>15.85</AltitudeMeters><DistanceMeters>2892.199951171875</DistanceMeters><Cadence>91</Cadence><SensorState>Present</SensorState></Trackpoint><Trackpoint><Time>2024-07-23T10:49:53.000Z</Time><Position><LatitudeDegrees>43.29197983</LatitudeDegrees><LongitudeDegrees>-2.89268617</LongitudeDegrees></Position><AltitudeMeters>15.85</AltitudeMeters><DistanceMeters>2895.60009765625</DistanceMeters><Cadence>90</Cadence><SensorState>Present</SensorState></Trackpoint><Trackpoint><Time>2024-07-23T10:49:54.000Z</Time><Position><LatitudeDegrees>43.291969</LatitudeDegrees><LongitudeDegrees>-2.89264433</LongitudeDegrees></Position><AltitudeMeters>15.85</AltitudeMeters><DistanceMeters>2899.10009765625</DistanceMeters><Cadence>90</Cadence><SensorState>Present</SensorState></Trackpoint><Trackpoint><Time>2024-07-23T10:49:55.000Z</Time><Position><LatitudeDegrees>43.29195833</LatitudeDegrees><LongitudeDegrees>-2.89260583</LongitudeDegrees></Position><AltitudeMeters>15.85</AltitudeMeters><DistanceMeters>2902.39990234375</DistanceMeters><Cadence>90</Cadence><SensorState>Present</SensorState></Trackpoint><Trackpoint><Time>2024-07-23T10:49:56.000Z</Time><Position><LatitudeDegrees>43.29194767</LatitudeDegrees><LongitudeDegrees>-2.8925675</LongitudeDegrees></Position><AltitudeMeters>15.85</AltitudeMeters><DistanceMeters>2905.800048828125</DistanceMeters><Cadence>90</Cadence><SensorState>Present</SensorState></Trackpoint><Trackpoint><Time>2024-07-23T10:49:57.000Z</Time><Position><LatitudeDegrees>43.2919385</LatitudeDegrees><LongitudeDegrees>-2.89252983</LongitudeDegrees></Position><AltitudeMeters>16.002</AltitudeMeters><DistanceMeters>2908.89990234375</DistanceMeters><Cadence>90</Cadence><SensorState>Present</SensorState></Trackpoint><Trackpoint><Time>2024-07-23T10:49:58.000Z</Time><Position><LatitudeDegrees>43.291929</LatitudeDegrees><LongitudeDegrees>-2.89249267</LongitudeDegrees></Position><AltitudeMeters>16.002</AltitudeMeters><DistanceMeters>2912.300048828125</DistanceMeters><Cadence>90</Cadence><SensorState>Present</SensorState></Trackpoint><Trackpoint><Time>2024-07-23T10:49:59.000Z</Time><Position><LatitudeDegrees>43.291921</LatitudeDegrees><LongitudeDegrees>-2.892457</LongitudeDegrees></Position><AltitudeMeters>16.002</AltitudeMeters><DistanceMeters>2915.39990234375</DistanceMeters><Cadence>90</Cadence><SensorState>Present</SensorState></Trackpoint><Trackpoint><Time>2024-07-23T10:50:00.000Z</Time><Position><LatitudeDegrees>43.29191333</LatitudeDegrees><LongitudeDegrees>-2.89242033</LongitudeDegrees></Position><AltitudeMeters>16.002</AltitudeMeters><DistanceMeters>2918.5</DistanceMeters><Cadence>90</Cadence><SensorState>Present</SensorState></Trackpoint><Trackpoint><Time>2024-07-23T10:50:01.000Z</Time><Position><LatitudeDegrees>43.29190467</LatitudeDegrees><LongitudeDegrees>-2.89238283</LongitudeDegrees></Position><AltitudeMeters>16.002</AltitudeMeters><DistanceMeters>2921.60009765625</DistanceMeters><Cadence>90</Cadence><SensorState>Present</SensorState></Trackpoint><Trackpoint><Time>2024-07-23T10:50:02.000Z</Time><Position><LatitudeDegrees>43.29189533</LatitudeDegrees><LongitudeDegrees>-2.89234383</LongitudeDegrees></Position><AltitudeMeters>16.002</AltitudeMeters><DistanceMeters>2924.699951171875</DistanceMeters><Cadence>90</Cadence><SensorState>Present</SensorState></Trackpoint><Trackpoint><Time>2024-07-23T10:50:03.000Z</Time><Position><LatitudeDegrees>43.29188483</LatitudeDegrees><LongitudeDegrees>-2.8923065</LongitudeDegrees></Position><AltitudeMeters>16.155</AltitudeMeters><DistanceMeters>2927.800048828125</DistanceMeters><Cadence>91</Cadence><SensorState>Present</SensorState></Trackpoint><Trackpoint><Time>2024-07-23T10:50:04.000Z</Time><Position><LatitudeDegrees>43.29187567</LatitudeDegrees><LongitudeDegrees>-2.89227017</LongitudeDegrees></Position><AltitudeMeters>16.155</AltitudeMeters><DistanceMeters>2931.199951171875</DistanceMeters><Cadence>91</Cadence><SensorState>Present</SensorState></Trackpoint><Trackpoint><Time>2024-07-23T10:50:05.000Z</Time><Position><LatitudeDegrees>43.29186383</LatitudeDegrees><LongitudeDegrees>-2.89223367</LongitudeDegrees></Position><AltitudeMeters>16.155</AltitudeMeters><DistanceMeters>2934.699951171875</DistanceMeters><Cadence>90</Cadence><SensorState>Present</SensorState></Trackpoint><Trackpoint><Time>2024-07-23T10:50:06.000Z</Time><Position><LatitudeDegrees>43.29185217</LatitudeDegrees><LongitudeDegrees>-2.8921955</LongitudeDegrees></Position><AltitudeMeters>16.155</AltitudeMeters><DistanceMeters>2938.199951171875</DistanceMeters><Cadence>90</Cadence><SensorState>Present</SensorState></Trackpoint><Trackpoint><Time>2024-07-23T10:50:07.000Z</Time><Position><LatitudeDegrees>43.291839</LatitudeDegrees><LongitudeDegrees>-2.8921555</LongitudeDegrees></Position><AltitudeMeters>16.155</AltitudeMeters><DistanceMeters>2941.699951171875</DistanceMeters><Cadence>90</Cadence><SensorState>Present</SensorState></Trackpoint><Trackpoint><Time>2024-07-23T10:50:08.000Z</Time><Position><LatitudeDegrees>43.2918295</LatitudeDegrees><LongitudeDegrees>-2.89211567</LongitudeDegrees></Position><AltitudeMeters>16.155</AltitudeMeters><DistanceMeters>2945.10009765625</DistanceMeters><Cadence>90</Cadence><SensorState>Present</SensorState></Trackpoint><Trackpoint><Time>2024-07-23T10:50:09.000Z</Time><Position><LatitudeDegrees>43.29182267</LatitudeDegrees><LongitudeDegrees>-2.892075</LongitudeDegrees></Position><AltitudeMeters>16.155</AltitudeMeters><DistanceMeters>2948.39990234375</DistanceMeters><Cadence>90</Cadence><SensorState>Present</SensorState></Trackpoint><Trackpoint><Time>2024-07-23T10:50:10.000Z</Time><Position><LatitudeDegrees>43.29181833</LatitudeDegrees><LongitudeDegrees>-2.8920345</LongitudeDegrees></Position><AltitudeMeters>16.155</AltitudeMeters><DistanceMeters>2951.800048828125</DistanceMeters><Cadence>90</Cadence><SensorState>Present</SensorState></Trackpoint><Trackpoint><Time>2024-07-23T10:50:11.000Z</Time><Position><LatitudeDegrees>43.29181533</LatitudeDegrees><LongitudeDegrees>-2.89199417</LongitudeDegrees></Position><AltitudeMeters>16.307</AltitudeMeters><DistanceMeters>2955.10009765625</DistanceMeters><Cadence>90</Cadence><SensorState>Present</SensorState></Trackpoint><Trackpoint><Time>2024-07-23T10:50:12.000Z</Time><Position><LatitudeDegrees>43.29181317</LatitudeDegrees><LongitudeDegrees>-2.89195467</LongitudeDegrees></Position><AltitudeMeters>16.307</AltitudeMeters><DistanceMeters>2958.39990234375</DistanceMeters><Cadence>90</Cadence><SensorState>Present</SensorState></Trackpoint><Trackpoint><Time>2024-07-23T10:50:13.000Z</Time><Position><LatitudeDegrees>43.291812</LatitudeDegrees><LongitudeDegrees>-2.89191467</LongitudeDegrees></Position><AltitudeMeters>16.307</AltitudeMeters><DistanceMeters>2961.800048828125</DistanceMeters><Cadence>90</Cadence><SensorState>Present</SensorState></Trackpoint><Trackpoint><Time>2024-07-23T10:50:14.000Z</Time><Position><LatitudeDegrees>43.291812</LatitudeDegrees><LongitudeDegrees>-2.89187483</LongitudeDegrees></Position><AltitudeMeters>16.307</AltitudeMeters><DistanceMeters>2965.0</DistanceMeters><Cadence>90</Cadence><SensorState>Present</SensorState></Trackpoint><Trackpoint><Time>2024-07-23T10:50:15.000Z</Time><Position><LatitudeDegrees>43.29181</LatitudeDegrees><LongitudeDegrees>-2.89183333</LongitudeDegrees></Position><AltitudeMeters>16.307</AltitudeMeters><DistanceMeters>2968.300048828125</DistanceMeters><Cadence>90</Cadence><SensorState>Present</SensorState></Trackpoint><Trackpoint><Time>2024-07-23T10:50:16.000Z</Time><Position><LatitudeDegrees>43.29180533</LatitudeDegrees><LongitudeDegrees>-2.89179267</LongitudeDegrees></Position><AltitudeMeters>16.307</AltitudeMeters><DistanceMeters>2971.5</DistanceMeters><Cadence>90</Cadence><SensorState>Present</SensorState></Trackpoint><Trackpoint><Time>2024-07-23T10:50:17.000Z</Time><Position><LatitudeDegrees>43.29179967</LatitudeDegrees><LongitudeDegrees>-2.891752</LongitudeDegrees></Position><AltitudeMeters>16.307</AltitudeMeters><DistanceMeters>2974.60009765625</DistanceMeters><Cadence>90</Cadence><SensorState>Present</SensorState></Trackpoint><Trackpoint><Time>2024-07-23T10:50:18.000Z</Time><Position><LatitudeDegrees>43.29179317</LatitudeDegrees><LongitudeDegrees>-2.89171417</LongitudeDegrees></Position><AltitudeMeters>16.307</AltitudeMeters><DistanceMeters>2977.699951171875</DistanceMeters><Cadence>90</Cadence><SensorState>Present</SensorState></Trackpoint><Trackpoint><Time>2024-07-23T10:50:19.000Z</Time><Position><LatitudeDegrees>43.29178617</LatitudeDegrees><LongitudeDegrees>-2.89167733</LongitudeDegrees></Position><AltitudeMeters>16.307</AltitudeMeters><DistanceMeters>2980.699951171875</DistanceMeters><Cadence>90</Cadence><SensorState>Present</SensorState></Trackpoint><Trackpoint><Time>2024-07-23T10:50:20.000Z</Time><Position><LatitudeDegrees>43.29177567</LatitudeDegrees><LongitudeDegrees>-2.89164283</LongitudeDegrees></Position><AltitudeMeters>16.307</AltitudeMeters><DistanceMeters>2983.699951171875</DistanceMeters><Cadence>90</Cadence><SensorState>Present</SensorState></Trackpoint><Trackpoint><Time>2024-07-23T10:50:21.000Z</Time><Position><LatitudeDegrees>43.29176517</LatitudeDegrees><LongitudeDegrees>-2.89160983</LongitudeDegrees></Position><AltitudeMeters>16.155</AltitudeMeters><DistanceMeters>2986.5</DistanceMeters><Cadence>90</Cadence><SensorState>Present</SensorState></Trackpoint><Trackpoint><Time>2024-07-23T10:50:22.000Z</Time><Position><LatitudeDegrees>43.291756</LatitudeDegrees><LongitudeDegrees>-2.89157583</LongitudeDegrees></Position><AltitudeMeters>16.155</AltitudeMeters><DistanceMeters>2989.300048828125</DistanceMeters><Cadence>90</Cadence><SensorState>Present</SensorState></Trackpoint><Trackpoint><Time>2024-07-23T10:50:23.000Z</Time><Position><LatitudeDegrees>43.29174683</LatitudeDegrees><LongitudeDegrees>-2.89154233</LongitudeDegrees></Position><AltitudeMeters>16.155</AltitudeMeters><DistanceMeters>2991.800048828125</DistanceMeters><Cadence>90</Cadence><SensorState>Present</SensorState></Trackpoint><Trackpoint><Time>2024-07-23T10:50:24.000Z</Time><Position><LatitudeDegrees>43.29173867</LatitudeDegrees><LongitudeDegrees>-2.8915095</LongitudeDegrees></Position><AltitudeMeters>16.155</AltitudeMeters><DistanceMeters>2994.199951171875</DistanceMeters><Cadence>90</Cadence><SensorState>Present</SensorState></Trackpoint><Trackpoint><Time>2024-07-23T10:50:25.000Z</Time><Position><LatitudeDegrees>43.291729</LatitudeDegrees><LongitudeDegrees>-2.89147983</LongitudeDegrees></Position><AltitudeMeters>16.155</AltitudeMeters><DistanceMeters>2996.89990234375</DistanceMeters><Cadence>90</Cadence><SensorState>Present</SensorState></Trackpoint><Trackpoint><Time>2024-07-23T10:50:26.000Z</Time><Position><LatitudeDegrees>43.29172067</LatitudeDegrees><LongitudeDegrees>-2.89145217</LongitudeDegrees></Position><AltitudeMeters>16.155</AltitudeMeters><DistanceMeters>2999.5</DistanceMeters><Cadence>90</Cadence><SensorState>Present</SensorState></Trackpoint><Trackpoint><Time>2024-07-23T10:50:27.000Z</Time><Position><LatitudeDegrees>43.29170933</LatitudeDegrees><LongitudeDegrees>-2.89142183</LongitudeDegrees></Position><AltitudeMeters>16.155</AltitudeMeters><DistanceMeters>3002.300048828125</DistanceMeters><Cadence>90</Cadence><SensorState>Present</SensorState></Trackpoint><Trackpoint><Time>2024-07-23T10:50:28.000Z</Time><Position><LatitudeDegrees>43.2916995</LatitudeDegrees><LongitudeDegrees>-2.89139033</LongitudeDegrees></Position><AltitudeMeters>16.155</AltitudeMeters><DistanceMeters>3005.199951171875</DistanceMeters><Cadence>90</Cadence><SensorState>Present</SensorState></Trackpoint><Trackpoint><Time>2024-07-23T10:50:29.000Z</Time><Position><LatitudeDegrees>43.29168817</LatitudeDegrees><LongitudeDegrees>-2.8913565</LongitudeDegrees></Position><AltitudeMeters>16.002</AltitudeMeters><DistanceMeters>3008.199951171875</DistanceMeters><Cadence>90</Cadence><SensorState>Present</SensorState></Trackpoint><Trackpoint><Time>2024-07-23T10:50:30.000Z</Time><Position><LatitudeDegrees>43.29167717</LatitudeDegrees><LongitudeDegrees>-2.89132183</LongitudeDegrees></Position><AltitudeMeters>16.002</AltitudeMeters><DistanceMeters>3011.199951171875</DistanceMeters><Cadence>90</Cadence><SensorState>Present</SensorState></Trackpoint></Track><Extensions><LX xmlns="http://www.garmin.com/xmlschemas/ActivityExtension/v2"><AvgSpeed>3.3767355812920465</AvgSpeed></LX></Extensions></Lap><Lap xmlns="http://www.garmin.com/xmlschemas/TrainingCenterDatabase/v2" StartTime="2024-07-23T10:50:31.000Z"><TotalTimeSeconds>305.0</TotalTimeSeconds><DistanceMeters>1000.0</DistanceMeters><MaximumSpeed>3.583332962459988</MaximumSpeed><Calories>0</Calories><Intensity>Active</Intensity><Cadence>90</Cadence><TriggerMethod>Distance</TriggerMethod><Track><Trackpoint><Time>2024-07-23T10:50:31.000Z</Time><Position><LatitudeDegrees>43.29166467</LatitudeDegrees><LongitudeDegrees>-2.8912865</LongitudeDegrees></Position><AltitudeMeters>16.002</AltitudeMeters><DistanceMeters>3014.199951171875</DistanceMeters><Cadence>90</Cadence><SensorState>Present</SensorState></Trackpoint><Trackpoint><Time>2024-07-23T10:50:32.000Z</Time><Position><LatitudeDegrees>43.29165383</LatitudeDegrees><LongitudeDegrees>-2.89125167</LongitudeDegrees></Position><AltitudeMeters>16.002</AltitudeMeters><DistanceMeters>3017.39990234375</DistanceMeters><Cadence>90</Cadence><SensorState>Present</SensorState></Trackpoint><Trackpoint><Time>2024-07-23T10:50:33.000Z</Time><Position><LatitudeDegrees>43.29164367</LatitudeDegrees><LongitudeDegrees>-2.8912185</LongitudeDegrees></Position><AltitudeMeters>15.85</AltitudeMeters><DistanceMeters>3020.699951171875</DistanceMeters><Cadence>90</Cadence><SensorState>Present</SensorState></Trackpoint><Trackpoint><Time>2024-07-23T10:50:34.000Z</Time><Position><LatitudeDegrees>43.29163383</LatitudeDegrees><LongitudeDegrees>-2.891186</LongitudeDegrees></Position><AltitudeMeters>15.85</AltitudeMeters><DistanceMeters>3023.699951171875</DistanceMeters><Cadence>90</Cadence><SensorState>Present</SensorState></Trackpoint><Trackpoint><Time>2024-07-23T10:50:35.000Z</Time><Position><LatitudeDegrees>43.29162167</LatitudeDegrees><LongitudeDegrees>-2.89115317</LongitudeDegrees></Position><AltitudeMeters>15.697</AltitudeMeters><DistanceMeters>3026.89990234375</DistanceMeters><Cadence>90</Cadence><SensorState>Present</SensorState></Trackpoint><Trackpoint><Time>2024-07-23T10:50:36.000Z</Time><Position><LatitudeDegrees>43.291611</LatitudeDegrees><LongitudeDegrees>-2.891121</LongitudeDegrees></Position><AltitudeMeters>15.697</AltitudeMeters><DistanceMeters>3030.199951171875</DistanceMeters><Cadence>90</Cadence><SensorState>Present</SensorState></Trackpoint><Trackpoint><Time>2024-07-23T10:50:37.000Z</Time><Position><LatitudeDegrees>43.29159933</LatitudeDegrees><LongitudeDegrees>-2.89108583</LongitudeDegrees></Position><AltitudeMeters>15.697</AltitudeMeters><DistanceMeters>3033.800048828125</DistanceMeters><Cadence>90</Cadence><SensorState>Present</SensorState></Trackpoint><Trackpoint><Time>2024-07-23T10:50:38.000Z</Time><Position><LatitudeDegrees>43.29158817</LatitudeDegrees><LongitudeDegrees>-2.89104783</LongitudeDegrees></Position><AltitudeMeters>15.697</AltitudeMeters><DistanceMeters>3037.300048828125</DistanceMeters><Cadence>90</Cadence><SensorState>Present</SensorState></Trackpoint><Trackpoint><Time>2024-07-23T10:50:39.000Z</Time><Position><LatitudeDegrees>43.29157367</LatitudeDegrees><LongitudeDegrees>-2.89100433</LongitudeDegrees></Position><AltitudeMeters>15.545</AltitudeMeters><DistanceMeters>3041.10009765625</DistanceMeters><Cadence>90</Cadence><SensorState>Present</SensorState></Trackpoint><Trackpoint><Time>2024-07-23T10:50:40.000Z</Time><Position><LatitudeDegrees>43.29155967</LatitudeDegrees><LongitudeDegrees>-2.89096333</LongitudeDegrees></Position><AltitudeMeters>15.545</AltitudeMeters><DistanceMeters>3045.0</DistanceMeters><Cadence>90</Cadence><SensorState>Present</SensorState></Trackpoint><Trackpoint><Time>2024-07-23T10:50:41.000Z</Time><Position><LatitudeDegrees>43.29154367</LatitudeDegrees><LongitudeDegrees>-2.890922</LongitudeDegrees></Position><AltitudeMeters>15.545</AltitudeMeters><DistanceMeters>3049.0</DistanceMeters><Cadence>90</Cadence><SensorState>Present</SensorState></Trackpoint><Trackpoint><Time>2024-07-23T10:50:42.000Z</Time><Position><LatitudeDegrees>43.291529</LatitudeDegrees><LongitudeDegrees>-2.890881</LongitudeDegrees></Position><AltitudeMeters>15.545</AltitudeMeters><DistanceMeters>3052.89990234375</DistanceMeters><Cadence>90</Cadence><SensorState>Present</SensorState></Trackpoint><Trackpoint><Time>2024-07-23T10:50:43.000Z</Time><Position><LatitudeDegrees>43.29151317</LatitudeDegrees><LongitudeDegrees>-2.89084067</LongitudeDegrees></Position><AltitudeMeters>15.393</AltitudeMeters><DistanceMeters>3056.800048828125</DistanceMeters><Cadence>90</Cadence><SensorState>Present</SensorState></Trackpoint><Trackpoint><Time>2024-07-23T10:50:44.000Z</Time><Position><LatitudeDegrees>43.2915</LatitudeDegrees><LongitudeDegrees>-2.89080133</LongitudeDegrees></Position><AltitudeMeters>15.393</AltitudeMeters><DistanceMeters>3060.39990234375</DistanceMeters><Cadence>90</Cadence><SensorState>Present</SensorState></Trackpoint><Trackpoint><Time>2024-07-23T10:50:45.000Z</Time><Position><LatitudeDegrees>43.29148767</LatitudeDegrees><LongitudeDegrees>-2.89076367</LongitudeDegrees></Position><AltitudeMeters>15.393</AltitudeMeters><DistanceMeters>3063.800048828125</DistanceMeters><Cadence>90</Cadence><SensorState>Present</SensorState></Trackpoint><Trackpoint><Time>2024-07-23T10:50:46.000Z</Time><Position><LatitudeDegrees>43.29147767</LatitudeDegrees><LongitudeDegrees>-2.8907265</LongitudeDegrees></Position><AltitudeMeters>15.393</AltitudeMeters><DistanceMeters>3066.699951171875</DistanceMeters><Cadence>90</Cadence><SensorState>Present</SensorState></Trackpoint><Trackpoint><Time>2024-07-23T10:50:47.000Z</Time><Position><LatitudeDegrees>43.291467</LatitudeDegrees><LongitudeDegrees>-2.89069167</LongitudeDegrees></Position><AltitudeMeters>15.393</AltitudeMeters><DistanceMeters>3069.60009765625</DistanceMeters><Cadence>90</Cadence><SensorState>Present</SensorState></Trackpoint><Trackpoint><Time>2024-07-23T10:50:48.000Z</Time><Position><LatitudeDegrees>43.291456</LatitudeDegrees><LongitudeDegrees>-2.89065967</LongitudeDegrees></Position><AltitudeMeters>15.393</AltitudeMeters><DistanceMeters>3072.5</DistanceMeters><Cadence>90</Cadence><SensorState>Present</SensorState></Trackpoint><Trackpoint><Time>2024-07-23T10:50:49.000Z</Time><Position><LatitudeDegrees>43.29144367</LatitudeDegrees><LongitudeDegrees>-2.8906275</LongitudeDegrees></Position><AltitudeMeters>15.393</AltitudeMeters><DistanceMeters>3075.60009765625</DistanceMeters><Cadence>90</Cadence><SensorState>Present</SensorState></Trackpoint><Trackpoint><Time>2024-07-23T10:50:50.000Z</Time><Position><LatitudeDegrees>43.2914325</LatitudeDegrees><LongitudeDegrees>-2.89059233</LongitudeDegrees></Position><AltitudeMeters>15.393</AltitudeMeters><DistanceMeters>3078.800048828125</DistanceMeters><Cadence>90</Cadence><SensorState>Present</SensorState></Trackpoint><Trackpoint><Time>2024-07-23T10:50:51.000Z</Time><Position><LatitudeDegrees>43.29142167</LatitudeDegrees><LongitudeDegrees>-2.89055167</LongitudeDegrees></Position><AltitudeMeters>15.393</AltitudeMeters><DistanceMeters>3082.199951171875</DistanceMeters><Cadence>90</Cadence><SensorState>Present</SensorState></Trackpoint><Trackpoint><Time>2024-07-23T10:50:52.000Z</Time><Position><LatitudeDegrees>43.29141083</LatitudeDegrees><LongitudeDegrees>-2.89050833</LongitudeDegrees></Position><AltitudeMeters>15.393</AltitudeMeters><DistanceMeters>3085.5</DistanceMeters><Cadence>90</Cadence><SensorState>Present</SensorState></Trackpoint><Trackpoint><Time>2024-07-23T10:50:53.000Z</Time><Position><LatitudeDegrees>43.2914005</LatitudeDegrees><LongitudeDegrees>-2.89046633</LongitudeDegrees></Position><AltitudeMeters>15.545</AltitudeMeters><DistanceMeters>3088.89990234375</DistanceMeters><Cadence>90</Cadence><SensorState>Present</SensorState></Trackpoint><Trackpoint><Time>2024-07-23T10:50:54.000Z</Time><Position><LatitudeDegrees>43.291392</LatitudeDegrees><LongitudeDegrees>-2.8904265</LongitudeDegrees></Position><AltitudeMeters>15.545</AltitudeMeters><DistanceMeters>3092.39990234375</DistanceMeters><Cadence>90</Cadence><SensorState>Present</SensorState></Trackpoint><Trackpoint><Time>2024-07-23T10:50:55.000Z</Time><Position><LatitudeDegrees>43.2913845</LatitudeDegrees><LongitudeDegrees>-2.890388</LongitudeDegrees></Position><AltitudeMeters>15.545</AltitudeMeters><DistanceMeters>3096.0</DistanceMeters><Cadence>88</Cadence><SensorState>Present</SensorState></Trackpoint><Trackpoint><Time>2024-07-23T10:50:56.000Z</Time><Position><LatitudeDegrees>43.2913755</LatitudeDegrees><LongitudeDegrees>-2.89034933</LongitudeDegrees></Position><AltitudeMeters>15.545</AltitudeMeters><DistanceMeters>3099.5</DistanceMeters><Cadence>88</Cadence><SensorState>Present</SensorState></Trackpoint><Trackpoint><Time>2024-07-23T10:50:57.000Z</Time><Position><LatitudeDegrees>43.2913665</LatitudeDegrees><LongitudeDegrees>-2.890312</LongitudeDegrees></Position><AltitudeMeters>15.697</AltitudeMeters><DistanceMeters>3103.0</DistanceMeters><Cadence>88</Cadence><SensorState>Present</SensorState></Trackpoint><Trackpoint><Time>2024-07-23T10:50:58.000Z</Time><Position><LatitudeDegrees>43.29135767</LatitudeDegrees><LongitudeDegrees>-2.89027367</LongitudeDegrees></Position><AltitudeMeters>15.697</AltitudeMeters><DistanceMeters>3106.39990234375</DistanceMeters><Cadence>87</Cadence><SensorState>Present</SensorState></Trackpoint><Trackpoint><Time>2024-07-23T10:50:59.000Z</Time><Position><LatitudeDegrees>43.29135083</LatitudeDegrees><LongitudeDegrees>-2.89023417</LongitudeDegrees></Position><AltitudeMeters>15.697</AltitudeMeters><DistanceMeters>3109.60009765625</DistanceMeters><Cadence>87</Cadence><SensorState>Present</SensorState></Trackpoint><Trackpoint><Time>2024-07-23T10:51:00.000Z</Time><Position><LatitudeDegrees>43.29134283</LatitudeDegrees><LongitudeDegrees>-2.890192</LongitudeDegrees></Position><AltitudeMeters>15.697</AltitudeMeters><DistanceMeters>3112.89990234375</DistanceMeters><Cadence>89</Cadence><SensorState>Present</SensorState></Trackpoint><Trackpoint><Time>2024-07-23T10:51:01.000Z</Time><Position><LatitudeDegrees>43.29133367</LatitudeDegrees><LongitudeDegrees>-2.89015117</LongitudeDegrees></Position><AltitudeMeters>15.85</AltitudeMeters><DistanceMeters>3116.10009765625</DistanceMeters><Cadence>91</Cadence><SensorState>Present</SensorState></Trackpoint><Trackpoint><Time>2024-07-23T10:51:02.000Z</Time><Position><LatitudeDegrees>43.29132183</LatitudeDegrees><LongitudeDegrees>-2.89011233</LongitudeDegrees></Position><AltitudeMeters>15.85</AltitudeMeters><DistanceMeters>3119.199951171875</DistanceMeters><Cadence>91</Cadence><SensorState>Present</SensorState></Trackpoint><Trackpoint><Time>2024-07-23T10:51:03.000Z</Time><Position><LatitudeDegrees>43.291312</LatitudeDegrees><LongitudeDegrees>-2.890077</LongitudeDegrees></Position><AltitudeMeters>16.002</AltitudeMeters><DistanceMeters>3122.199951171875</DistanceMeters><Cadence>91</Cadence><SensorState>Present</SensorState></Trackpoint><Trackpoint><Time>2024-07-23T10:51:04.000Z</Time><Position><LatitudeDegrees>43.29130333</LatitudeDegrees><LongitudeDegrees>-2.89004283</LongitudeDegrees></Position><AltitudeMeters>16.002</AltitudeMeters><DistanceMeters>3125.199951171875</DistanceMeters><Cadence>91</Cadence><SensorState>Present</SensorState></Trackpoint><Trackpoint><Time>2024-07-23T10:51:05.000Z</Time><Position><LatitudeDegrees>43.291297</LatitudeDegrees><LongitudeDegrees>-2.89000917</LongitudeDegrees></Position><AltitudeMeters>16.002</AltitudeMeters><DistanceMeters>3128.10009765625</DistanceMeters><Cadence>90</Cadence><SensorState>Present</SensorState></Trackpoint><Trackpoint><Time>2024-07-23T10:51:06.000Z</Time><Position><LatitudeDegrees>43.29128967</LatitudeDegrees><LongitudeDegrees>-2.88997483</LongitudeDegrees></Position><AltitudeMeters>16.002</AltitudeMeters><DistanceMeters>3131.300048828125</DistanceMeters><Cadence>90</Cadence><SensorState>Present</SensorState></Trackpoint><Trackpoint><Time>2024-07-23T10:51:07.000Z</Time><Position><LatitudeDegrees>43.2912825</LatitudeDegrees><LongitudeDegrees>-2.889941</LongitudeDegrees></Position><AltitudeMeters>16.155</AltitudeMeters><DistanceMeters>3134.300048828125</DistanceMeters><Cadence>90</Cadence><SensorState>Present</SensorState></Trackpoint><Trackpoint><Time>2024-07-23T10:51:08.000Z</Time><Position><LatitudeDegrees>43.29127517</LatitudeDegrees><LongitudeDegrees>-2.88990117</LongitudeDegrees></Position><AltitudeMeters>16.155</AltitudeMeters><DistanceMeters>3137.5</DistanceMeters><Cadence>90</Cadence><SensorState>Present</SensorState></Trackpoint><Trackpoint><Time>2024-07-23T10:51:09.000Z</Time><Position><LatitudeDegrees>43.29126917</LatitudeDegrees><LongitudeDegrees>-2.88986067</LongitudeDegrees></Position><AltitudeMeters>16.307</AltitudeMeters><DistanceMeters>3140.5</DistanceMeters><Cadence>90</Cadence><SensorState>Present</SensorState></Trackpoint><Trackpoint><Time>2024-07-23T10:51:10.000Z</Time><Position><LatitudeDegrees>43.29126433</LatitudeDegrees><LongitudeDegrees>-2.88981717</LongitudeDegrees></Position><AltitudeMeters>16.307</AltitudeMeters><DistanceMeters>3143.699951171875</DistanceMeters><Cadence>90</Cadence><SensorState>Present</SensorState></Trackpoint><Trackpoint><Time>2024-07-23T10:51:11.000Z</Time><Position><LatitudeDegrees>43.29125967</LatitudeDegrees><LongitudeDegrees>-2.88977933</LongitudeDegrees></Position><AltitudeMeters>16.307</AltitudeMeters><DistanceMeters>3146.800048828125</DistanceMeters><Cadence>90</Cadence><SensorState>Present</SensorState></Trackpoint><Trackpoint><Time>2024-07-23T10:51:12.000Z</Time><Position><LatitudeDegrees>43.29125533</LatitudeDegrees><LongitudeDegrees>-2.889742</LongitudeDegrees></Position><AltitudeMeters>16.307</AltitudeMeters><DistanceMeters>3149.89990234375</DistanceMeters><Cadence>90</Cadence><SensorState>Present</SensorState></Trackpoint><Trackpoint><Time>2024-07-23T10:51:13.000Z</Time><Position><LatitudeDegrees>43.29125167</LatitudeDegrees><LongitudeDegrees>-2.8897085</LongitudeDegrees></Position><AltitudeMeters>16.459</AltitudeMeters><DistanceMeters>3152.89990234375</DistanceMeters><Cadence>90</Cadence><SensorState>Present</SensorState></Trackpoint><Trackpoint><Time>2024-07-23T10:51:14.000Z</Time><Position><LatitudeDegrees>43.29124817</LatitudeDegrees><LongitudeDegrees>-2.88967333</LongitudeDegrees></Position><AltitudeMeters>16.459</AltitudeMeters><DistanceMeters>3156.0</DistanceMeters><Cadence>90</Cadence><SensorState>Present</SensorState></Trackpoint><Trackpoint><Time>2024-07-23T10:51:15.000Z</Time><Position><LatitudeDegrees>43.2912445</LatitudeDegrees><LongitudeDegrees>-2.88963967</LongitudeDegrees></Position><AltitudeMeters>16.459</AltitudeMeters><DistanceMeters>3158.800048828125</DistanceMeters><Cadence>90</Cadence><SensorState>Present</SensorState></Trackpoint><Trackpoint><Time>2024-07-23T10:51:16.000Z</Time><Position><LatitudeDegrees>43.2912395</LatitudeDegrees><LongitudeDegrees>-2.88960417</LongitudeDegrees></Position><AltitudeMeters>16.459</AltitudeMeters><DistanceMeters>3161.60009765625</DistanceMeters><Cadence>90</Cadence><SensorState>Present</SensorState></Trackpoint><Trackpoint><Time>2024-07-23T10:51:17.000Z</Time><Position><LatitudeDegrees>43.29123183</LatitudeDegrees><LongitudeDegrees>-2.88956967</LongitudeDegrees></Position><AltitudeMeters>16.459</AltitudeMeters><DistanceMeters>3164.300048828125</DistanceMeters><Cadence>88</Cadence><SensorState>Present</SensorState></Trackpoint><Trackpoint><Time>2024-07-23T10:51:18.000Z</Time><Position><LatitudeDegrees>43.29122317</LatitudeDegrees><LongitudeDegrees>-2.88953317</LongitudeDegrees></Position><AltitudeMeters>16.459</AltitudeMeters><DistanceMeters>3167.10009765625</DistanceMeters><Cadence>88</Cadence><SensorState>Present</SensorState></Trackpoint><Trackpoint><Time>2024-07-23T10:51:19.000Z</Time><Position><LatitudeDegrees>43.29121233</LatitudeDegrees><LongitudeDegrees>-2.88949817</LongitudeDegrees></Position><AltitudeMeters>16.612</AltitudeMeters><DistanceMeters>3169.89990234375</DistanceMeters><Cadence>87</Cadence><SensorState>Present</SensorState></Trackpoint><Trackpoint><Time>2024-07-23T10:51:20.000Z</Time><Position><LatitudeDegrees>43.29120317</LatitudeDegrees><LongitudeDegrees>-2.889466</LongitudeDegrees></Position><AltitudeMeters>16.612</AltitudeMeters><DistanceMeters>3172.800048828125</DistanceMeters><Cadence>89</Cadence><SensorState>Present</SensorState></Trackpoint><Trackpoint><Time>2024-07-23T10:51:21.000Z</Time><Position><LatitudeDegrees>43.29119233</LatitudeDegrees><LongitudeDegrees>-2.88943533</LongitudeDegrees></Position><AltitudeMeters>16.612</AltitudeMeters><DistanceMeters>3175.89990234375</DistanceMeters><Cadence>89</Cadence><SensorState>Present</SensorState></Trackpoint><Trackpoint><Time>2024-07-23T10:51:22.000Z</Time><Position><LatitudeDegrees>43.291182</LatitudeDegrees><LongitudeDegrees>-2.88940317</LongitudeDegrees></Position><AltitudeMeters>16.612</AltitudeMeters><DistanceMeters>3178.89990234375</DistanceMeters><Cadence>89</Cadence><SensorState>Present</SensorState></Trackpoint><Trackpoint><Time>2024-07-23T10:51:23.000Z</Time><Position><LatitudeDegrees>43.29117017</LatitudeDegrees><LongitudeDegrees>-2.88936967</LongitudeDegrees></Position><AltitudeMeters>16.612</AltitudeMeters><DistanceMeters>3181.89990234375</DistanceMeters><Cadence>89</Cadence><SensorState>Present</SensorState></Trackpoint><Trackpoint><Time>2024-07-23T10:51:24.000Z</Time><Position><LatitudeDegrees>43.29115883</LatitudeDegrees><LongitudeDegrees>-2.8893365</LongitudeDegrees></Position><AltitudeMeters>16.612</AltitudeMeters><DistanceMeters>3185.10009765625</DistanceMeters><Cadence>89</Cadence><SensorState>Present</SensorState></Trackpoint><Trackpoint><Time>2024-07-23T10:51:25.000Z</Time><Position><LatitudeDegrees>43.29114733</LatitudeDegrees><LongitudeDegrees>-2.889303</LongitudeDegrees></Position><AltitudeMeters>16.764</AltitudeMeters><DistanceMeters>3188.300048828125</DistanceMeters><Cadence>89</Cadence><SensorState>Present</SensorState></Trackpoint><Trackpoint><Time>2024-07-23T10:51:26.000Z</Time><Position><LatitudeDegrees>43.2911365</LatitudeDegrees><LongitudeDegrees>-2.8892665</LongitudeDegrees></Position><AltitudeMeters>16.764</AltitudeMeters><DistanceMeters>3191.5</DistanceMeters><Cadence>89</Cadence><SensorState>Present</SensorState></Trackpoint><Trackpoint><Time>2024-07-23T10:51:27.000Z</Time><Position><LatitudeDegrees>43.29112533</LatitudeDegrees><LongitudeDegrees>-2.8892285</LongitudeDegrees></Position><AltitudeMeters>16.764</AltitudeMeters><DistanceMeters>3194.699951171875</DistanceMeters><Cadence>88</Cadence><SensorState>Present</SensorState></Trackpoint><Trackpoint><Time>2024-07-23T10:51:28.000Z</Time><Position><LatitudeDegrees>43.29111417</LatitudeDegrees><LongitudeDegrees>-2.88919083</LongitudeDegrees></Position><AltitudeMeters>16.764</AltitudeMeters><DistanceMeters>3198.10009765625</DistanceMeters><Cadence>87</Cadence><SensorState>Present</SensorState></Trackpoint><Trackpoint><Time>2024-07-23T10:51:29.000Z</Time><Position><LatitudeDegrees>43.291103</LatitudeDegrees><LongitudeDegrees>-2.88915633</LongitudeDegrees></Position><AltitudeMeters>16.917</AltitudeMeters><DistanceMeters>3201.39990234375</DistanceMeters><Cadence>87</Cadence><SensorState>Present</SensorState></Trackpoint><Trackpoint><Time>2024-07-23T10:51:30.000Z</Time><Position><LatitudeDegrees>43.29109067</LatitudeDegrees><LongitudeDegrees>-2.88912183</LongitudeDegrees></Position><AltitudeMeters>16.917</AltitudeMeters><DistanceMeters>3204.39990234375</DistanceMeters><Cadence>88</Cadence><SensorState>Present</SensorState></Trackpoint><Trackpoint><Time>2024-07-23T10:51:31.000Z</Time><Position><LatitudeDegrees>43.291079</LatitudeDegrees><LongitudeDegrees>-2.8890875</LongitudeDegrees></Position><AltitudeMeters>16.917</AltitudeMeters><DistanceMeters>3207.10009765625</DistanceMeters><Cadence>89</Cadence><SensorState>Present</SensorState></Trackpoint><Trackpoint><Time>2024-07-23T10:51:32.000Z</Time><Position><LatitudeDegrees>43.2910665</LatitudeDegrees><LongitudeDegrees>-2.88905667</LongitudeDegrees></Position><AltitudeMeters>16.917</AltitudeMeters><DistanceMeters>3209.39990234375</DistanceMeters><Cadence>89</Cadence><SensorState>Present</SensorState></Trackpoint><Trackpoint><Time>2024-07-23T10:51:33.000Z</Time><Position><LatitudeDegrees>43.2910515</LatitudeDegrees><LongitudeDegrees>-2.88903367</LongitudeDegrees></Position><AltitudeMeters>16.917</AltitudeMeters><DistanceMeters>3211.60009765625</DistanceMeters><Cadence>89</Cadence><SensorState>Present</SensorState></Trackpoint><Trackpoint><Time>2024-07-23T10:51:34.000Z</Time><Position><LatitudeDegrees>43.29103333</LatitudeDegrees><LongitudeDegrees>-2.88902183</LongitudeDegrees></Position><AltitudeMeters>16.917</AltitudeMeters><DistanceMeters>3213.699951171875</DistanceMeters><Cadence>87</Cadence><SensorState>Present</SensorState></Trackpoint><Trackpoint><Time>2024-07-23T10:51:35.000Z</Time><Position><LatitudeDegrees>43.29101067</LatitudeDegrees><LongitudeDegrees>-2.88901833</LongitudeDegrees></Position><AltitudeMeters>16.917</AltitudeMeters><DistanceMeters>3216.0</DistanceMeters><Cadence>87</Cadence><SensorState>Present</SensorState></Trackpoint><Trackpoint><Time>2024-07-23T10:51:36.000Z</Time><Position><LatitudeDegrees>43.29098833</LatitudeDegrees><LongitudeDegrees>-2.88901567</LongitudeDegrees></Position><AltitudeMeters>16.917</AltitudeMeters><DistanceMeters>3218.0</DistanceMeters><Cadence>88</Cadence><SensorState>Present</SensorState></Trackpoint><Trackpoint><Time>2024-07-23T10:51:37.000Z</Time><Position><LatitudeDegrees>43.29096433</LatitudeDegrees><LongitudeDegrees>-2.88901</LongitudeDegrees></Position><AltitudeMeters>16.764</AltitudeMeters><DistanceMeters>3220.10009765625</DistanceMeters><Cadence>90</Cadence><SensorState>Present</SensorState></Trackpoint><Trackpoint><Time>2024-07-23T10:51:38.000Z</Time><Position><LatitudeDegrees>43.29094133</LatitudeDegrees><LongitudeDegrees>-2.889</LongitudeDegrees></Position><AltitudeMeters>16.764</AltitudeMeters><DistanceMeters>3222.5</DistanceMeters><Cadence>88</Cadence><SensorState>Present</SensorState></Trackpoint><Trackpoint><Time>2024-07-23T10:51:39.000Z</Time><Position><LatitudeDegrees>43.29091817</LatitudeDegrees><LongitudeDegrees>-2.88899133</LongitudeDegrees></Position><AltitudeMeters>16.612</AltitudeMeters><DistanceMeters>3225.300048828125</DistanceMeters><Cadence>88</Cadence><SensorState>Present</SensorState></Trackpoint><Trackpoint><Time>2024-07-23T10:51:40.000Z</Time><Position><LatitudeDegrees>43.29089367</LatitudeDegrees><LongitudeDegrees>-2.8889875</LongitudeDegrees></Position><AltitudeMeters>16.612</AltitudeMeters><DistanceMeters>3228.39990234375</DistanceMeters><Cadence>87</Cadence><SensorState>Present</SensorState></Trackpoint><Trackpoint><Time>2024-07-23T10:51:41.000Z</Time><Position><LatitudeDegrees>43.29086967</LatitudeDegrees><LongitudeDegrees>-2.8889875</LongitudeDegrees></Position><AltitudeMeters>16.459</AltitudeMeters><DistanceMeters>3231.699951171875</DistanceMeters><Cadence>87</Cadence><SensorState>Present</SensorState></Trackpoint><Trackpoint><Time>2024-07-23T10:51:42.000Z</Time><Position><LatitudeDegrees>43.29084383</LatitudeDegrees><LongitudeDegrees>-2.88898783</LongitudeDegrees></Position><AltitudeMeters>16.459</AltitudeMeters><DistanceMeters>3235.199951171875</DistanceMeters><Cadence>87</Cadence><SensorState>Present</SensorState></Trackpoint><Trackpoint><Time>2024-07-23T10:51:43.000Z</Time><Position><LatitudeDegrees>43.29081483</LatitudeDegrees><LongitudeDegrees>-2.8889895</LongitudeDegrees></Position><AltitudeMeters>16.307</AltitudeMeters><DistanceMeters>3238.699951171875</DistanceMeters><Cadence>87</Cadence><SensorState>Present</SensorState></Trackpoint><Trackpoint><Time>2024-07-23T10:51:44.000Z</Time><Position><LatitudeDegrees>43.2907825</LatitudeDegrees><LongitudeDegrees>-2.88899133</LongitudeDegrees></Position><AltitudeMeters>16.307</AltitudeMeters><DistanceMeters>3241.89990234375</DistanceMeters><Cadence>87</Cadence><SensorState>Present</SensorState></Trackpoint><Trackpoint><Time>2024-07-23T10:51:45.000Z</Time><Position><LatitudeDegrees>43.29075133</LatitudeDegrees><LongitudeDegrees>-2.888997</LongitudeDegrees></Position><AltitudeMeters>16.155</AltitudeMeters><DistanceMeters>3245.10009765625</DistanceMeters><Cadence>87</Cadence><SensorState>Present</SensorState></Trackpoint><Trackpoint><Time>2024-07-23T10:51:46.000Z</Time><Position><LatitudeDegrees>43.2907245</LatitudeDegrees><LongitudeDegrees>-2.88900133</LongitudeDegrees></Position><AltitudeMeters>16.155</AltitudeMeters><DistanceMeters>3248.300048828125</DistanceMeters><Cadence>87</Cadence><SensorState>Present</SensorState></Trackpoint><Trackpoint><Time>2024-07-23T10:51:47.000Z</Time><Position><LatitudeDegrees>43.2906995</LatitudeDegrees><LongitudeDegrees>-2.88900367</LongitudeDegrees></Position><AltitudeMeters>16.002</AltitudeMeters><DistanceMeters>3251.5</DistanceMeters><Cadence>87</Cadence><SensorState>Present</SensorState></Trackpoint><Trackpoint><Time>2024-07-23T10:51:48.000Z</Time><Position><LatitudeDegrees>43.290674</LatitudeDegrees><LongitudeDegrees>-2.88900483</LongitudeDegrees></Position><AltitudeMeters>16.002</AltitudeMeters><DistanceMeters>3254.5</DistanceMeters><Cadence>87</Cadence><SensorState>Present</SensorState></Trackpoint><Trackpoint><Time>2024-07-23T10:51:49.000Z</Time><Position><LatitudeDegrees>43.2906485</LatitudeDegrees><LongitudeDegrees>-2.8890085</LongitudeDegrees></Position><AltitudeMeters>15.697</AltitudeMeters><DistanceMeters>3257.199951171875</DistanceMeters><Cadence>87</Cadence><SensorState>Present</SensorState></Trackpoint><Trackpoint><Time>2024-07-23T10:51:50.000Z</Time><Position><LatitudeDegrees>43.29062467</LatitudeDegrees><LongitudeDegrees>-2.889014</LongitudeDegrees></Position><AltitudeMeters>15.697</AltitudeMeters><DistanceMeters>3259.699951171875</DistanceMeters><Cadence>87</Cadence><SensorState>Present</SensorState></Trackpoint><Trackpoint><Time>2024-07-23T10:51:51.000Z</Time><Position><LatitudeDegrees>43.29060217</LatitudeDegrees><LongitudeDegrees>-2.88902067</LongitudeDegrees></Position><AltitudeMeters>15.393</AltitudeMeters><DistanceMeters>3261.89990234375</DistanceMeters><Cadence>87</Cadence><SensorState>Present</SensorState></Trackpoint><Trackpoint><Time>2024-07-23T10:51:52.000Z</Time><Position><LatitudeDegrees>43.2905805</LatitudeDegrees><LongitudeDegrees>-2.88902617</LongitudeDegrees></Position><AltitudeMeters>15.393</AltitudeMeters><DistanceMeters>3264.10009765625</DistanceMeters><Cadence>87</Cadence><SensorState>Present</SensorState></Trackpoint><Trackpoint><Time>2024-07-23T10:51:53.000Z</Time><Position><LatitudeDegrees>43.29055767</LatitudeDegrees><LongitudeDegrees>-2.88903083</LongitudeDegrees></Position><AltitudeMeters>15.088</AltitudeMeters><DistanceMeters>3266.60009765625</DistanceMeters><Cadence>88</Cadence><SensorState>Present</SensorState></Trackpoint><Trackpoint><Time>2024-07-23T10:51:54.000Z</Time><Position><LatitudeDegrees>43.29053433</LatitudeDegrees><LongitudeDegrees>-2.88903433</LongitudeDegrees></Position><AltitudeMeters>15.088</AltitudeMeters><DistanceMeters>3269.300048828125</DistanceMeters><Cadence>89</Cadence><SensorState>Present</SensorState></Trackpoint><Trackpoint><Time>2024-07-23T10:51:55.000Z</Time><Position><LatitudeDegrees>43.2905105</LatitudeDegrees><LongitudeDegrees>-2.88903617</LongitudeDegrees></Position><AltitudeMeters>14.783</AltitudeMeters><DistanceMeters>3272.199951171875</DistanceMeters><Cadence>88</Cadence><SensorState>Present</SensorState></Trackpoint><Trackpoint><Time>2024-07-23T10:51:56.000Z</Time><Position><LatitudeDegrees>43.29048483</LatitudeDegrees><LongitudeDegrees>-2.8890405</LongitudeDegrees></Position><AltitudeMeters>14.783</AltitudeMeters><DistanceMeters>3275.300048828125</DistanceMeters><Cadence>88</Cadence><SensorState>Present</SensorState></Trackpoint><Trackpoint><Time>2024-07-23T10:51:57.000Z</Time><Position><LatitudeDegrees>43.2904575</LatitudeDegrees><LongitudeDegrees>-2.88904617</LongitudeDegrees></Position><AltitudeMeters>14.631</AltitudeMeters><DistanceMeters>3278.300048828125</DistanceMeters><Cadence>87</Cadence><SensorState>Present</SensorState></Trackpoint><Trackpoint><Time>2024-07-23T10:51:58.000Z</Time><Position><LatitudeDegrees>43.29042817</LatitudeDegrees><LongitudeDegrees>-2.889053</LongitudeDegrees></Position><AltitudeMeters>14.631</AltitudeMeters><DistanceMeters>3281.39990234375</DistanceMeters><Cadence>87</Cadence><SensorState>Present</SensorState></Trackpoint><Trackpoint><Time>2024-07-23T10:51:59.000Z</Time><Position><LatitudeDegrees>43.29040067</LatitudeDegrees><LongitudeDegrees>-2.88905567</LongitudeDegrees></Position><AltitudeMeters>14.478</AltitudeMeters><DistanceMeters>3284.60009765625</DistanceMeters><Cadence>88</Cadence><SensorState>Present</SensorState></Trackpoint><Trackpoint><Time>2024-07-23T10:52:00.000Z</Time><Position><LatitudeDegrees>43.290374</LatitudeDegrees><LongitudeDegrees>-2.88904733</LongitudeDegrees></Position><AltitudeMeters>14.478</AltitudeMeters><DistanceMeters>3287.60009765625</DistanceMeters><Cadence>89</Cadence><SensorState>Present</SensorState></Trackpoint><Trackpoint><Time>2024-07-23T10:52:01.000Z</Time><Position><LatitudeDegrees>43.29034967</LatitudeDegrees><LongitudeDegrees>-2.8890295</LongitudeDegrees></Position><AltitudeMeters>14.478</AltitudeMeters><DistanceMeters>3290.60009765625</DistanceMeters><Cadence>89</Cadence><SensorState>Present</SensorState></Trackpoint><Trackpoint><Time>2024-07-23T10:52:02.000Z</Time><Position><LatitudeDegrees>43.29033</LatitudeDegrees><LongitudeDegrees>-2.88900217</LongitudeDegrees></Position><AltitudeMeters>14.478</AltitudeMeters><DistanceMeters>3293.39990234375</DistanceMeters><Cadence>89</Cadence><SensorState>Present</SensorState></Trackpoint><Trackpoint><Time>2024-07-23T10:52:03.000Z</Time><Position><LatitudeDegrees>43.29031583</LatitudeDegrees><LongitudeDegrees>-2.88897367</LongitudeDegrees></Position><AltitudeMeters>14.326</AltitudeMeters><DistanceMeters>3295.89990234375</DistanceMeters><Cadence>89</Cadence><SensorState>Present</SensorState></Trackpoint><Trackpoint><Time>2024-07-23T10:52:04.000Z</Time><Position><LatitudeDegrees>43.29030483</LatitudeDegrees><LongitudeDegrees>-2.8889415</LongitudeDegrees></Position><AltitudeMeters>14.326</AltitudeMeters><DistanceMeters>3298.39990234375</DistanceMeters><Cadence>89</Cadence><SensorState>Present</SensorState></Trackpoint><Trackpoint><Time>2024-07-23T10:52:05.000Z</Time><Position><LatitudeDegrees>43.2902965</LatitudeDegrees><LongitudeDegrees>-2.88890883</LongitudeDegrees></Position><AltitudeMeters>14.326</AltitudeMeters><DistanceMeters>3301.199951171875</DistanceMeters><Cadence>89</Cadence><SensorState>Present</SensorState></Trackpoint><Trackpoint><Time>2024-07-23T10:52:06.000Z</Time><Position><LatitudeDegrees>43.29029083</LatitudeDegrees><LongitudeDegrees>-2.88887267</LongitudeDegrees></Position><AltitudeMeters>14.326</AltitudeMeters><DistanceMeters>3304.39990234375</DistanceMeters><Cadence>89</Cadence><SensorState>Present</SensorState></Trackpoint><Trackpoint><Time>2024-07-23T10:52:07.000Z</Time><Position><LatitudeDegrees>43.29028567</LatitudeDegrees><LongitudeDegrees>-2.88883317</LongitudeDegrees></Position><AltitudeMeters>14.326</AltitudeMeters><DistanceMeters>3307.60009765625</DistanceMeters><Cadence>89</Cadence><SensorState>Present</SensorState></Trackpoint><Trackpoint><Time>2024-07-23T10:52:08.000Z</Time><Position><LatitudeDegrees>43.290278</LatitudeDegrees><LongitudeDegrees>-2.88879367</LongitudeDegrees></Position><AltitudeMeters>14.326</AltitudeMeters><DistanceMeters>3310.699951171875</DistanceMeters><Cadence>89</Cadence><SensorState>Present</SensorState></Trackpoint><Trackpoint><Time>2024-07-23T10:52:09.000Z</Time><Position><LatitudeDegrees>43.2902655</LatitudeDegrees><LongitudeDegrees>-2.88875817</LongitudeDegrees></Position><AltitudeMeters>14.326</AltitudeMeters><DistanceMeters>3313.699951171875</DistanceMeters><Cadence>89</Cadence><SensorState>Present</SensorState></Trackpoint><Trackpoint><Time>2024-07-23T10:52:10.000Z</Time><Position><LatitudeDegrees>43.29025183</LatitudeDegrees><LongitudeDegrees>-2.88872567</LongitudeDegrees></Position><AltitudeMeters>14.326</AltitudeMeters><DistanceMeters>3316.800048828125</DistanceMeters><Cadence>89</Cadence><SensorState>Present</SensorState></Trackpoint><Trackpoint><Time>2024-07-23T10:52:11.000Z</Time><Position><LatitudeDegrees>43.29024</LatitudeDegrees><LongitudeDegrees>-2.88869633</LongitudeDegrees></Position><AltitudeMeters>14.326</AltitudeMeters><DistanceMeters>3320.10009765625</DistanceMeters><Cadence>89</Cadence><SensorState>Present</SensorState></Trackpoint><Trackpoint><Time>2024-07-23T10:52:12.000Z</Time><Position><LatitudeDegrees>43.29022867</LatitudeDegrees><LongitudeDegrees>-2.88866433</LongitudeDegrees></Position><AltitudeMeters>14.326</AltitudeMeters><DistanceMeters>3323.60009765625</DistanceMeters><Cadence>89</Cadence><SensorState>Present</SensorState></Trackpoint><Trackpoint><Time>2024-07-23T10:52:13.000Z</Time><Position><LatitudeDegrees>43.29021433</LatitudeDegrees><LongitudeDegrees>-2.88863017</LongitudeDegrees></Position><AltitudeMeters>14.326</AltitudeMeters><DistanceMeters>3327.199951171875</DistanceMeters><Cadence>89</Cadence><SensorState>Present</SensorState></Trackpoint><Trackpoint><Time>2024-07-23T10:52:14.000Z</Time><Position><LatitudeDegrees>43.290195</LatitudeDegrees><LongitudeDegrees>-2.88859333</LongitudeDegrees></Position><AltitudeMeters>14.326</AltitudeMeters><DistanceMeters>3330.89990234375</DistanceMeters><Cadence>89</Cadence><SensorState>Present</SensorState></Trackpoint><Trackpoint><Time>2024-07-23T10:52:15.000Z</Time><Position><LatitudeDegrees>43.290174</LatitudeDegrees><LongitudeDegrees>-2.88855667</LongitudeDegrees></Position><AltitudeMeters>14.326</AltitudeMeters><DistanceMeters>3334.5</DistanceMeters><Cadence>89</Cadence><SensorState>Present</SensorState></Trackpoint><Trackpoint><Time>2024-07-23T10:52:16.000Z</Time><Position><LatitudeDegrees>43.29015283</LatitudeDegrees><LongitudeDegrees>-2.88852133</LongitudeDegrees></Position><AltitudeMeters>14.326</AltitudeMeters><DistanceMeters>3338.10009765625</DistanceMeters><Cadence>89</Cadence><SensorState>Present</SensorState></Trackpoint><Trackpoint><Time>2024-07-23T10:52:17.000Z</Time><Position><LatitudeDegrees>43.290133</LatitudeDegrees><LongitudeDegrees>-2.88848583</LongitudeDegrees></Position><AltitudeMeters>14.326</AltitudeMeters><DistanceMeters>3341.60009765625</DistanceMeters><Cadence>89</Cadence><SensorState>Present</SensorState></Trackpoint><Trackpoint><Time>2024-07-23T10:52:18.000Z</Time><Position><LatitudeDegrees>43.2901145</LatitudeDegrees><LongitudeDegrees>-2.88845167</LongitudeDegrees></Position><AltitudeMeters>14.326</AltitudeMeters><DistanceMeters>3345.300048828125</DistanceMeters><Cadence>89</Cadence><SensorState>Present</SensorState></Trackpoint><Trackpoint><Time>2024-07-23T10:52:19.000Z</Time><Position><LatitudeDegrees>43.29009683</LatitudeDegrees><LongitudeDegrees>-2.88842067</LongitudeDegrees></Position><AltitudeMeters>14.326</AltitudeMeters><DistanceMeters>3348.800048828125</DistanceMeters><Cadence>89</Cadence><SensorState>Present</SensorState></Trackpoint><Trackpoint><Time>2024-07-23T10:52:20.000Z</Time><Position><LatitudeDegrees>43.2900785</LatitudeDegrees><LongitudeDegrees>-2.88839267</LongitudeDegrees></Position><AltitudeMeters>14.326</AltitudeMeters><DistanceMeters>3352.0</DistanceMeters><Cadence>89</Cadence><SensorState>Present</SensorState></Trackpoint><Trackpoint><Time>2024-07-23T10:52:21.000Z</Time><Position><LatitudeDegrees>43.2900585</LatitudeDegrees><LongitudeDegrees>-2.88836733</LongitudeDegrees></Position><AltitudeMeters>14.173</AltitudeMeters><DistanceMeters>3354.800048828125</DistanceMeters><Cadence>89</Cadence><SensorState>Present</SensorState></Trackpoint><Trackpoint><Time>2024-07-23T10:52:22.000Z</Time><Position><LatitudeDegrees>43.2900375</LatitudeDegrees><LongitudeDegrees>-2.88834633</LongitudeDegrees></Position><AltitudeMeters>14.173</AltitudeMeters><DistanceMeters>3357.60009765625</DistanceMeters><Cadence>89</Cadence><SensorState>Present</SensorState></Trackpoint><Trackpoint><Time>2024-07-23T10:52:23.000Z</Time><Position><LatitudeDegrees>43.29001633</LatitudeDegrees><LongitudeDegrees>-2.8883245</LongitudeDegrees></Position><AltitudeMeters>14.173</AltitudeMeters><DistanceMeters>3360.39990234375</DistanceMeters><Cadence>89</Cadence><SensorState>Present</SensorState></Trackpoint><Trackpoint><Time>2024-07-23T10:52:24.000Z</Time><Position><LatitudeDegrees>43.28999383</LatitudeDegrees><LongitudeDegrees>-2.8883025</LongitudeDegrees></Position><AltitudeMeters>14.173</AltitudeMeters><DistanceMeters>3363.199951171875</DistanceMeters><Cadence>89</Cadence><SensorState>Present</SensorState></Trackpoint><Trackpoint><Time>2024-07-23T10:52:25.000Z</Time><Position><LatitudeDegrees>43.28997183</LatitudeDegrees><LongitudeDegrees>-2.888278</LongitudeDegrees></Position><AltitudeMeters>14.021</AltitudeMeters><DistanceMeters>3366.199951171875</DistanceMeters><Cadence>89</Cadence><SensorState>Present</SensorState></Trackpoint><Trackpoint><Time>2024-07-23T10:52:26.000Z</Time><Position><LatitudeDegrees>43.28994917</LatitudeDegrees><LongitudeDegrees>-2.8882545</LongitudeDegrees></Position><AltitudeMeters>14.021</AltitudeMeters><DistanceMeters>3369.199951171875</DistanceMeters><Cadence>89</Cadence><SensorState>Present</SensorState></Trackpoint><Trackpoint><Time>2024-07-23T10:52:27.000Z</Time><Position><LatitudeDegrees>43.28992633</LatitudeDegrees><LongitudeDegrees>-2.88823133</LongitudeDegrees></Position><AltitudeMeters>13.869</AltitudeMeters><DistanceMeters>3372.39990234375</DistanceMeters><Cadence>89</Cadence><SensorState>Present</SensorState></Trackpoint><Trackpoint><Time>2024-07-23T10:52:28.000Z</Time><Position><LatitudeDegrees>43.28990467</LatitudeDegrees><LongitudeDegrees>-2.88820933</LongitudeDegrees></Position><AltitudeMeters>13.869</AltitudeMeters><DistanceMeters>3375.5</DistanceMeters><Cadence>89</Cadence><SensorState>Present</SensorState></Trackpoint><Trackpoint><Time>2024-07-23T10:52:29.000Z</Time><Position><LatitudeDegrees>43.28988167</LatitudeDegrees><LongitudeDegrees>-2.88818767</LongitudeDegrees></Position><AltitudeMeters>13.716</AltitudeMeters><DistanceMeters>3378.89990234375</DistanceMeters><Cadence>89</Cadence><SensorState>Present</SensorState></Trackpoint><Trackpoint><Time>2024-07-23T10:52:30.000Z</Time><Position><LatitudeDegrees>43.289858</LatitudeDegrees><LongitudeDegrees>-2.8881675</LongitudeDegrees></Position><AltitudeMeters>13.716</AltitudeMeters><DistanceMeters>3382.300048828125</DistanceMeters><Cadence>89</Cadence><SensorState>Present</SensorState></Trackpoint><Trackpoint><Time>2024-07-23T10:52:31.000Z</Time><Position><LatitudeDegrees>43.28983033</LatitudeDegrees><LongitudeDegrees>-2.88815283</LongitudeDegrees></Position><AltitudeMeters>13.411</AltitudeMeters><DistanceMeters>3385.89990234375</DistanceMeters><Cadence>89</Cadence><SensorState>Present</SensorState></Trackpoint><Trackpoint><Time>2024-07-23T10:52:32.000Z</Time><Position><LatitudeDegrees>43.28980117</LatitudeDegrees><LongitudeDegrees>-2.8881405</LongitudeDegrees></Position><AltitudeMeters>13.411</AltitudeMeters><DistanceMeters>3389.5</DistanceMeters><Cadence>89</Cadence><SensorState>Present</SensorState></Trackpoint><Trackpoint><Time>2024-07-23T10:52:33.000Z</Time><Position><LatitudeDegrees>43.289768</LatitudeDegrees><LongitudeDegrees>-2.88812933</LongitudeDegrees></Position><AltitudeMeters>13.259</AltitudeMeters><DistanceMeters>3393.199951171875</DistanceMeters><Cadence>91</Cadence><SensorState>Present</SensorState></Trackpoint><Trackpoint><Time>2024-07-23T10:52:34.000Z</Time><Position><LatitudeDegrees>43.28973717</LatitudeDegrees><LongitudeDegrees>-2.8881125</LongitudeDegrees></Position><AltitudeMeters>13.259</AltitudeMeters><DistanceMeters>3396.89990234375</DistanceMeters><Cadence>91</Cadence><SensorState>Present</SensorState></Trackpoint><Trackpoint><Time>2024-07-23T10:52:35.000Z</Time><Position><LatitudeDegrees>43.289706</LatitudeDegrees><LongitudeDegrees>-2.88809567</LongitudeDegrees></Position><AltitudeMeters>12.954</AltitudeMeters><DistanceMeters>3400.699951171875</DistanceMeters><Cadence>91</Cadence><SensorState>Present</SensorState></Trackpoint><Trackpoint><Time>2024-07-23T10:52:36.000Z</Time><Position><LatitudeDegrees>43.28967667</LatitudeDegrees><LongitudeDegrees>-2.88807917</LongitudeDegrees></Position><AltitudeMeters>12.954</AltitudeMeters><DistanceMeters>3404.300048828125</DistanceMeters><Cadence>90</Cadence><SensorState>Present</SensorState></Trackpoint><Trackpoint><Time>2024-07-23T10:52:37.000Z</Time><Position><LatitudeDegrees>43.2896485</LatitudeDegrees><LongitudeDegrees>-2.88806367</LongitudeDegrees></Position><AltitudeMeters>12.802</AltitudeMeters><DistanceMeters>3408.10009765625</DistanceMeters><Cadence>91</Cadence><SensorState>Present</SensorState></Trackpoint><Trackpoint><Time>2024-07-23T10:52:38.000Z</Time><Position><LatitudeDegrees>43.28961933</LatitudeDegrees><LongitudeDegrees>-2.888054</LongitudeDegrees></Position><AltitudeMeters>12.802</AltitudeMeters><DistanceMeters>3411.800048828125</DistanceMeters><Cadence>90</Cadence><SensorState>Present</SensorState></Trackpoint><Trackpoint><Time>2024-07-23T10:52:39.000Z</Time><Position><LatitudeDegrees>43.28958933</LatitudeDegrees><LongitudeDegrees>-2.88804783</LongitudeDegrees></Position><AltitudeMeters>12.649</AltitudeMeters><DistanceMeters>3415.5</DistanceMeters><Cadence>91</Cadence><SensorState>Present</SensorState></Trackpoint><Trackpoint><Time>2024-07-23T10:52:40.000Z</Time><Position><LatitudeDegrees>43.28955633</LatitudeDegrees><LongitudeDegrees>-2.88804417</LongitudeDegrees></Position><AltitudeMeters>12.649</AltitudeMeters><DistanceMeters>3418.89990234375</DistanceMeters><Cadence>90</Cadence><SensorState>Present</SensorState></Trackpoint><Trackpoint><Time>2024-07-23T10:52:41.000Z</Time><Position><LatitudeDegrees>43.28952383</LatitudeDegrees><LongitudeDegrees>-2.888039</LongitudeDegrees></Position><AltitudeMeters>12.497</AltitudeMeters><DistanceMeters>3422.800048828125</DistanceMeters><Cadence>91</Cadence><SensorState>Present</SensorState></Trackpoint><Trackpoint><Time>2024-07-23T10:52:42.000Z</Time><Position><LatitudeDegrees>43.2894915</LatitudeDegrees><LongitudeDegrees>-2.888036</LongitudeDegrees></Position><AltitudeMeters>12.497</AltitudeMeters><DistanceMeters>3426.60009765625</DistanceMeters><Cadence>91</Cadence><SensorState>Present</SensorState></Trackpoint><Trackpoint><Time>2024-07-23T10:52:43.000Z</Time><Position><LatitudeDegrees>43.28945417</LatitudeDegrees><LongitudeDegrees>-2.888042</LongitudeDegrees></Position><AltitudeMeters>12.345</AltitudeMeters><DistanceMeters>3430.60009765625</DistanceMeters><Cadence>91</Cadence><SensorState>Present</SensorState></Trackpoint><Trackpoint><Time>2024-07-23T10:52:44.000Z</Time><Position><LatitudeDegrees>43.28941733</LatitudeDegrees><LongitudeDegrees>-2.8880485</LongitudeDegrees></Position><AltitudeMeters>12.345</AltitudeMeters><DistanceMeters>3434.300048828125</DistanceMeters><Cadence>91</Cadence><SensorState>Present</SensorState></Trackpoint><Trackpoint><Time>2024-07-23T10:52:45.000Z</Time><Position><LatitudeDegrees>43.2893825</LatitudeDegrees><LongitudeDegrees>-2.88805583</LongitudeDegrees></Position><AltitudeMeters>12.345</AltitudeMeters><DistanceMeters>3437.89990234375</DistanceMeters><Cadence>91</Cadence><SensorState>Present</SensorState></Trackpoint><Trackpoint><Time>2024-07-23T10:52:46.000Z</Time><Position><LatitudeDegrees>43.28935417</LatitudeDegrees><LongitudeDegrees>-2.88806</LongitudeDegrees></Position><AltitudeMeters>12.345</AltitudeMeters><DistanceMeters>3441.39990234375</DistanceMeters><Cadence>90</Cadence><SensorState>Present</SensorState></Trackpoint><Trackpoint><Time>2024-07-23T10:52:47.000Z</Time><Position><LatitudeDegrees>43.28932683</LatitudeDegrees><LongitudeDegrees>-2.88806767</LongitudeDegrees></Position><AltitudeMeters>12.345</AltitudeMeters><DistanceMeters>3444.60009765625</DistanceMeters><Cadence>91</Cadence><SensorState>Present</SensorState></Trackpoint><Trackpoint><Time>2024-07-23T10:52:48.000Z</Time><Position><LatitudeDegrees>43.28930033</LatitudeDegrees><LongitudeDegrees>-2.88807733</LongitudeDegrees></Position><AltitudeMeters>12.345</AltitudeMeters><DistanceMeters>3447.800048828125</DistanceMeters><Cadence>91</Cadence><SensorState>Present</SensorState></Trackpoint><Trackpoint><Time>2024-07-23T10:52:49.000Z</Time><Position><LatitudeDegrees>43.289273</LatitudeDegrees><LongitudeDegrees>-2.8880885</LongitudeDegrees></Position><AltitudeMeters>12.345</AltitudeMeters><DistanceMeters>3451.0</DistanceMeters><Cadence>91</Cadence><SensorState>Present</SensorState></Trackpoint><Trackpoint><Time>2024-07-23T10:52:50.000Z</Time><Position><LatitudeDegrees>43.289246</LatitudeDegrees><LongitudeDegrees>-2.88810167</LongitudeDegrees></Position><AltitudeMeters>12.345</AltitudeMeters><DistanceMeters>3453.699951171875</DistanceMeters><Cadence>91</Cadence><SensorState>Present</SensorState></Trackpoint><Trackpoint><Time>2024-07-23T10:52:51.000Z</Time><Position><LatitudeDegrees>43.2892185</LatitudeDegrees><LongitudeDegrees>-2.88811533</LongitudeDegrees></Position><AltitudeMeters>12.192</AltitudeMeters><DistanceMeters>3456.5</DistanceMeters><Cadence>90</Cadence><SensorState>Present</SensorState></Trackpoint><Trackpoint><Time>2024-07-23T10:52:52.000Z</Time><Position><LatitudeDegrees>43.289192</LatitudeDegrees><LongitudeDegrees>-2.88812817</LongitudeDegrees></Position><AltitudeMeters>12.192</AltitudeMeters><DistanceMeters>3459.5</DistanceMeters><Cadence>90</Cadence><SensorState>Present</SensorState></Trackpoint><Trackpoint><Time>2024-07-23T10:52:53.000Z</Time><Position><LatitudeDegrees>43.2891645</LatitudeDegrees><LongitudeDegrees>-2.88814133</LongitudeDegrees></Position><AltitudeMeters>12.192</AltitudeMeters><DistanceMeters>3463.10009765625</DistanceMeters><Cadence>90</Cadence><SensorState>Present</SensorState></Trackpoint><Trackpoint><Time>2024-07-23T10:52:54.000Z</Time><Position><LatitudeDegrees>43.2891355</LatitudeDegrees><LongitudeDegrees>-2.88815417</LongitudeDegrees></Position><AltitudeMeters>12.192</AltitudeMeters><DistanceMeters>3466.800048828125</DistanceMeters><Cadence>90</Cadence><SensorState>Present</SensorState></Trackpoint><Trackpoint><Time>2024-07-23T10:52:55.000Z</Time><Position><LatitudeDegrees>43.28910467</LatitudeDegrees><LongitudeDegrees>-2.88817</LongitudeDegrees></Position><AltitudeMeters>12.04</AltitudeMeters><DistanceMeters>3470.60009765625</DistanceMeters><Cadence>90</Cadence><SensorState>Present</SensorState></Trackpoint><Trackpoint><Time>2024-07-23T10:52:56.000Z</Time><Position><LatitudeDegrees>43.28907317</LatitudeDegrees><LongitudeDegrees>-2.88818417</LongitudeDegrees></Position><AltitudeMeters>12.04</AltitudeMeters><DistanceMeters>3474.199951171875</DistanceMeters><Cadence>90</Cadence><SensorState>Present</SensorState></Trackpoint><Trackpoint><Time>2024-07-23T10:52:57.000Z</Time><Position><LatitudeDegrees>43.28904167</LatitudeDegrees><LongitudeDegrees>-2.88820033</LongitudeDegrees></Position><AltitudeMeters>12.04</AltitudeMeters><DistanceMeters>3477.60009765625</DistanceMeters><Cadence>90</Cadence><SensorState>Present</SensorState></Trackpoint><Trackpoint><Time>2024-07-23T10:52:58.000Z</Time><Position><LatitudeDegrees>43.28901217</LatitudeDegrees><LongitudeDegrees>-2.8882115</LongitudeDegrees></Position><AltitudeMeters>12.04</AltitudeMeters><DistanceMeters>3480.89990234375</DistanceMeters><Cadence>90</Cadence><SensorState>Present</SensorState></Trackpoint><Trackpoint><Time>2024-07-23T10:52:59.000Z</Time><Position><LatitudeDegrees>43.28898367</LatitudeDegrees><LongitudeDegrees>-2.88822133</LongitudeDegrees></Position><AltitudeMeters>11.887</AltitudeMeters><DistanceMeters>3484.39990234375</DistanceMeters><Cadence>90</Cadence><SensorState>Present</SensorState></Trackpoint><Trackpoint><Time>2024-07-23T10:53:00.000Z</Time><Position><LatitudeDegrees>43.28895833</LatitudeDegrees><LongitudeDegrees>-2.88822717</LongitudeDegrees></Position><AltitudeMeters>11.887</AltitudeMeters><DistanceMeters>3487.699951171875</DistanceMeters><Cadence>90</Cadence><SensorState>Present</SensorState></Trackpoint><Trackpoint><Time>2024-07-23T10:53:01.000Z</Time><Position><LatitudeDegrees>43.28893117</LatitudeDegrees><LongitudeDegrees>-2.88823567</LongitudeDegrees></Position><AltitudeMeters>11.735</AltitudeMeters><DistanceMeters>3491.300048828125</DistanceMeters><Cadence>90</Cadence><SensorState>Present</SensorState></Trackpoint><Trackpoint><Time>2024-07-23T10:53:02.000Z</Time><Position><LatitudeDegrees>43.28890267</LatitudeDegrees><LongitudeDegrees>-2.888245</LongitudeDegrees></Position><AltitudeMeters>11.735</AltitudeMeters><DistanceMeters>3494.89990234375</DistanceMeters><Cadence>90</Cadence><SensorState>Present</SensorState></Trackpoint><Trackpoint><Time>2024-07-23T10:53:03.000Z</Time><Position><LatitudeDegrees>43.28886933</LatitudeDegrees><LongitudeDegrees>-2.88825717</LongitudeDegrees></Position><AltitudeMeters>11.735</AltitudeMeters><DistanceMeters>3498.5</DistanceMeters><Cadence>90</Cadence><SensorState>Present</SensorState></Trackpoint><Trackpoint><Time>2024-07-23T10:53:04.000Z</Time><Position><LatitudeDegrees>43.288836</LatitudeDegrees><LongitudeDegrees>-2.88826967</LongitudeDegrees></Position><AltitudeMeters>11.735</AltitudeMeters><DistanceMeters>3501.89990234375</DistanceMeters><Cadence>90</Cadence><SensorState>Present</SensorState></Trackpoint><Trackpoint><Time>2024-07-23T10:53:05.000Z</Time><Position><LatitudeDegrees>43.288802</LatitudeDegrees><LongitudeDegrees>-2.8882805</LongitudeDegrees></Position><AltitudeMeters>11.583</AltitudeMeters><DistanceMeters>3505.5</DistanceMeters><Cadence>91</Cadence><SensorState>Present</SensorState></Trackpoint><Trackpoint><Time>2024-07-23T10:53:06.000Z</Time><Position><LatitudeDegrees>43.288771</LatitudeDegrees><LongitudeDegrees>-2.88828683</LongitudeDegrees></Position><AltitudeMeters>11.583</AltitudeMeters><DistanceMeters>3509.199951171875</DistanceMeters><Cadence>91</Cadence><SensorState>Present</SensorState></Trackpoint><Trackpoint><Time>2024-07-23T10:53:07.000Z</Time><Position><LatitudeDegrees>43.288739</LatitudeDegrees><LongitudeDegrees>-2.88828767</LongitudeDegrees></Position><AltitudeMeters>11.43</AltitudeMeters><DistanceMeters>3513.10009765625</DistanceMeters><Cadence>90</Cadence><SensorState>Present</SensorState></Trackpoint><Trackpoint><Time>2024-07-23T10:53:08.000Z</Time><Position><LatitudeDegrees>43.28870833</LatitudeDegrees><LongitudeDegrees>-2.88828617</LongitudeDegrees></Position><AltitudeMeters>11.43</AltitudeMeters><DistanceMeters>3516.60009765625</DistanceMeters><Cadence>90</Cadence><SensorState>Present</SensorState></Trackpoint><Trackpoint><Time>2024-07-23T10:53:09.000Z</Time><Position><LatitudeDegrees>43.28867733</LatitudeDegrees><LongitudeDegrees>-2.88828267</LongitudeDegrees></Position><AltitudeMeters>11.278</AltitudeMeters><DistanceMeters>3519.89990234375</DistanceMeters><Cadence>90</Cadence><SensorState>Present</SensorState></Trackpoint><Trackpoint><Time>2024-07-23T10:53:10.000Z</Time><Position><LatitudeDegrees>43.28864983</LatitudeDegrees><LongitudeDegrees>-2.88828</LongitudeDegrees></Position><AltitudeMeters>11.278</AltitudeMeters><DistanceMeters>3522.800048828125</DistanceMeters><Cadence>90</Cadence><SensorState>Present</SensorState></Trackpoint><Trackpoint><Time>2024-07-23T10:53:11.000Z</Time><Position><LatitudeDegrees>43.28862283</LatitudeDegrees><LongitudeDegrees>-2.8882775</LongitudeDegrees></Position><AltitudeMeters>11.125</AltitudeMeters><DistanceMeters>3525.89990234375</DistanceMeters><Cadence>90</Cadence><SensorState>Present</SensorState></Trackpoint><Trackpoint><Time>2024-07-23T10:53:12.000Z</Time><Position><LatitudeDegrees>43.28859533</LatitudeDegrees><LongitudeDegrees>-2.8882775</LongitudeDegrees></Position><AltitudeMeters>11.125</AltitudeMeters><DistanceMeters>3528.89990234375</DistanceMeters><Cadence>90</Cadence><SensorState>Present</SensorState></Trackpoint><Trackpoint><Time>2024-07-23T10:53:13.000Z</Time><Position><LatitudeDegrees>43.28856517</LatitudeDegrees><LongitudeDegrees>-2.88827767</LongitudeDegrees></Position><AltitudeMeters>10.973</AltitudeMeters><DistanceMeters>3532.10009765625</DistanceMeters><Cadence>90</Cadence><SensorState>Present</SensorState></Trackpoint><Trackpoint><Time>2024-07-23T10:53:14.000Z</Time><Position><LatitudeDegrees>43.28853467</LatitudeDegrees><LongitudeDegrees>-2.88827767</LongitudeDegrees></Position><AltitudeMeters>10.973</AltitudeMeters><DistanceMeters>3535.199951171875</DistanceMeters><Cadence>90</Cadence><SensorState>Present</SensorState></Trackpoint><Trackpoint><Time>2024-07-23T10:53:15.000Z</Time><Position><LatitudeDegrees>43.28850517</LatitudeDegrees><LongitudeDegrees>-2.888276</LongitudeDegrees></Position><AltitudeMeters>10.821</AltitudeMeters><DistanceMeters>3538.300048828125</DistanceMeters><Cadence>90</Cadence><SensorState>Present</SensorState></Trackpoint><Trackpoint><Time>2024-07-23T10:53:16.000Z</Time><Position><LatitudeDegrees>43.2884765</LatitudeDegrees><LongitudeDegrees>-2.88827433</LongitudeDegrees></Position><AltitudeMeters>10.821</AltitudeMeters><DistanceMeters>3541.39990234375</DistanceMeters><Cadence>91</Cadence><SensorState>Present</SensorState></Trackpoint><Trackpoint><Time>2024-07-23T10:53:17.000Z</Time><Position><LatitudeDegrees>43.288448</LatitudeDegrees><LongitudeDegrees>-2.88827267</LongitudeDegrees></Position><AltitudeMeters>10.668</AltitudeMeters><DistanceMeters>3544.300048828125</DistanceMeters><Cadence>90</Cadence><SensorState>Present</SensorState></Trackpoint><Trackpoint><Time>2024-07-23T10:53:18.000Z</Time><Position><LatitudeDegrees>43.28842067</LatitudeDegrees><LongitudeDegrees>-2.88827267</LongitudeDegrees></Position><AltitudeMeters>10.668</AltitudeMeters><DistanceMeters>3547.10009765625</DistanceMeters><Cadence>90</Cadence><SensorState>Present</SensorState></Trackpoint><Trackpoint><Time>2024-07-23T10:53:19.000Z</Time><Position><LatitudeDegrees>43.28839667</LatitudeDegrees><LongitudeDegrees>-2.88827267</LongitudeDegrees></Position><AltitudeMeters>10.516</AltitudeMeters><DistanceMeters>3549.89990234375</DistanceMeters><Cadence>90</Cadence><SensorState>Present</SensorState></Trackpoint><Trackpoint><Time>2024-07-23T10:53:20.000Z</Time><Position><LatitudeDegrees>43.28837483</LatitudeDegrees><LongitudeDegrees>-2.888271</LongitudeDegrees></Position><AltitudeMeters>10.516</AltitudeMeters><DistanceMeters>3552.699951171875</DistanceMeters><Cadence>90</Cadence><SensorState>Present</SensorState></Trackpoint><Trackpoint><Time>2024-07-23T10:53:21.000Z</Time><Position><LatitudeDegrees>43.28835117</LatitudeDegrees><LongitudeDegrees>-2.888265</LongitudeDegrees></Position><AltitudeMeters>10.363</AltitudeMeters><DistanceMeters>3555.800048828125</DistanceMeters><Cadence>90</Cadence><SensorState>Present</SensorState></Trackpoint><Trackpoint><Time>2024-07-23T10:53:22.000Z</Time><Position><LatitudeDegrees>43.28832333</LatitudeDegrees><LongitudeDegrees>-2.88825367</LongitudeDegrees></Position><AltitudeMeters>10.363</AltitudeMeters><DistanceMeters>3559.10009765625</DistanceMeters><Cadence>90</Cadence><SensorState>Present</SensorState></Trackpoint><Trackpoint><Time>2024-07-23T10:53:23.000Z</Time><Position><LatitudeDegrees>43.28829267</LatitudeDegrees><LongitudeDegrees>-2.8882415</LongitudeDegrees></Position><AltitudeMeters>10.211</AltitudeMeters><DistanceMeters>3562.5</DistanceMeters><Cadence>90</Cadence><SensorState>Present</SensorState></Trackpoint><Trackpoint><Time>2024-07-23T10:53:24.000Z</Time><Position><LatitudeDegrees>43.288262</LatitudeDegrees><LongitudeDegrees>-2.8882275</LongitudeDegrees></Position><AltitudeMeters>10.211</AltitudeMeters><DistanceMeters>3566.10009765625</DistanceMeters><Cadence>90</Cadence><SensorState>Present</SensorState></Trackpoint><Trackpoint><Time>2024-07-23T10:53:25.000Z</Time><Position><LatitudeDegrees>43.28823033</LatitudeDegrees><LongitudeDegrees>-2.88821317</LongitudeDegrees></Position><AltitudeMeters>10.059</AltitudeMeters><DistanceMeters>3569.800048828125</DistanceMeters><Cadence>90</Cadence><SensorState>Present</SensorState></Trackpoint><Trackpoint><Time>2024-07-23T10:53:26.000Z</Time><Position><LatitudeDegrees>43.2881985</LatitudeDegrees><LongitudeDegrees>-2.88819633</LongitudeDegrees></Position><AltitudeMeters>10.059</AltitudeMeters><DistanceMeters>3573.699951171875</DistanceMeters><Cadence>88</Cadence><SensorState>Present</SensorState></Trackpoint><Trackpoint><Time>2024-07-23T10:53:27.000Z</Time><Position><LatitudeDegrees>43.28816917</LatitudeDegrees><LongitudeDegrees>-2.88817717</LongitudeDegrees></Position><AltitudeMeters>9.906</AltitudeMeters><DistanceMeters>3577.5</DistanceMeters><Cadence>89</Cadence><SensorState>Present</SensorState></Trackpoint><Trackpoint><Time>2024-07-23T10:53:28.000Z</Time><Position><LatitudeDegrees>43.288143</LatitudeDegrees><LongitudeDegrees>-2.88815667</LongitudeDegrees></Position><AltitudeMeters>9.906</AltitudeMeters><DistanceMeters>3581.39990234375</DistanceMeters><Cadence>89</Cadence><SensorState>Present</SensorState></Trackpoint><Trackpoint><Time>2024-07-23T10:53:29.000Z</Time><Position><LatitudeDegrees>43.28812017</LatitudeDegrees><LongitudeDegrees>-2.888134</LongitudeDegrees></Position><AltitudeMeters>9.906</AltitudeMeters><DistanceMeters>3584.89990234375</DistanceMeters><Cadence>89</Cadence><SensorState>Present</SensorState></Trackpoint><Trackpoint><Time>2024-07-23T10:53:30.000Z</Time><Position><LatitudeDegrees>43.28809583</LatitudeDegrees><LongitudeDegrees>-2.88810967</LongitudeDegrees></Position><AltitudeMeters>9.906</AltitudeMeters><DistanceMeters>3588.300048828125</DistanceMeters><Cadence>89</Cadence><SensorState>Present</SensorState></Trackpoint><Trackpoint><Time>2024-07-23T10:53:31.000Z</Time><Position><LatitudeDegrees>43.28807217</LatitudeDegrees><LongitudeDegrees>-2.88808367</LongitudeDegrees></Position><AltitudeMeters>9.906</AltitudeMeters><DistanceMeters>3591.5</DistanceMeters><Cadence>89</Cadence><SensorState>Present</SensorState></Trackpoint><Trackpoint><Time>2024-07-23T10:53:32.000Z</Time><Position><LatitudeDegrees>43.28804783</LatitudeDegrees><LongitudeDegrees>-2.8880585</LongitudeDegrees></Position><AltitudeMeters>9.906</AltitudeMeters><DistanceMeters>3594.699951171875</DistanceMeters><Cadence>89</Cadence><SensorState>Present</SensorState></Trackpoint><Trackpoint><Time>2024-07-23T10:53:33.000Z</Time><Position><LatitudeDegrees>43.28802383</LatitudeDegrees><LongitudeDegrees>-2.88803633</LongitudeDegrees></Position><AltitudeMeters>9.906</AltitudeMeters><DistanceMeters>3597.89990234375</DistanceMeters><Cadence>89</Cadence><SensorState>Present</SensorState></Trackpoint><Trackpoint><Time>2024-07-23T10:53:34.000Z</Time><Position><LatitudeDegrees>43.28800067</LatitudeDegrees><LongitudeDegrees>-2.88800983</LongitudeDegrees></Position><AltitudeMeters>9.906</AltitudeMeters><DistanceMeters>3601.199951171875</DistanceMeters><Cadence>89</Cadence><SensorState>Present</SensorState></Trackpoint><Trackpoint><Time>2024-07-23T10:53:35.000Z</Time><Position><LatitudeDegrees>43.28797833</LatitudeDegrees><LongitudeDegrees>-2.88797967</LongitudeDegrees></Position><AltitudeMeters>9.906</AltitudeMeters><DistanceMeters>3604.699951171875</DistanceMeters><Cadence>89</Cadence><SensorState>Present</SensorState></Trackpoint><Trackpoint><Time>2024-07-23T10:53:36.000Z</Time><Position><LatitudeDegrees>43.287957</LatitudeDegrees><LongitudeDegrees>-2.88794767</LongitudeDegrees></Position><AltitudeMeters>9.906</AltitudeMeters><DistanceMeters>3608.300048828125</DistanceMeters><Cadence>89</Cadence><SensorState>Present</SensorState></Trackpoint><Trackpoint><Time>2024-07-23T10:53:37.000Z</Time><Position><LatitudeDegrees>43.287935</LatitudeDegrees><LongitudeDegrees>-2.887919</LongitudeDegrees></Position><AltitudeMeters>9.906</AltitudeMeters><DistanceMeters>3611.89990234375</DistanceMeters><Cadence>89</Cadence><SensorState>Present</SensorState></Trackpoint><Trackpoint><Time>2024-07-23T10:53:38.000Z</Time><Position><LatitudeDegrees>43.28791067</LatitudeDegrees><LongitudeDegrees>-2.887891</LongitudeDegrees></Position><AltitudeMeters>9.906</AltitudeMeters><DistanceMeters>3615.60009765625</DistanceMeters><Cadence>89</Cadence><SensorState>Present</SensorState></Trackpoint><Trackpoint><Time>2024-07-23T10:53:39.000Z</Time><Position><LatitudeDegrees>43.287886</LatitudeDegrees><LongitudeDegrees>-2.88786183</LongitudeDegrees></Position><AltitudeMeters>9.906</AltitudeMeters><DistanceMeters>3619.300048828125</DistanceMeters><Cadence>89</Cadence><SensorState>Present</SensorState></Trackpoint><Trackpoint><Time>2024-07-23T10:53:40.000Z</Time><Position><LatitudeDegrees>43.2878605</LatitudeDegrees><LongitudeDegrees>-2.88783233</LongitudeDegrees></Position><AltitudeMeters>9.906</AltitudeMeters><DistanceMeters>3623.10009765625</DistanceMeters><Cadence>89</Cadence><SensorState>Present</SensorState></Trackpoint><Trackpoint><Time>2024-07-23T10:53:41.000Z</Time><Position><LatitudeDegrees>43.28783583</LatitudeDegrees><LongitudeDegrees>-2.8878045</LongitudeDegrees></Position><AltitudeMeters>9.906</AltitudeMeters><DistanceMeters>3626.60009765625</DistanceMeters><Cadence>90</Cadence><SensorState>Present</SensorState></Trackpoint><Trackpoint><Time>2024-07-23T10:53:42.000Z</Time><Position><LatitudeDegrees>43.28781017</LatitudeDegrees><LongitudeDegrees>-2.88777717</LongitudeDegrees></Position><AltitudeMeters>9.906</AltitudeMeters><DistanceMeters>3630.10009765625</DistanceMeters><Cadence>90</Cadence><SensorState>Present</SensorState></Trackpoint><Trackpoint><Time>2024-07-23T10:53:43.000Z</Time><Position><LatitudeDegrees>43.28778533</LatitudeDegrees><LongitudeDegrees>-2.88775367</LongitudeDegrees></Position><AltitudeMeters>9.906</AltitudeMeters><DistanceMeters>3633.5</DistanceMeters><Cadence>90</Cadence><SensorState>Present</SensorState></Trackpoint><Trackpoint><Time>2024-07-23T10:53:44.000Z</Time><Position><LatitudeDegrees>43.28776217</LatitudeDegrees><LongitudeDegrees>-2.88772933</LongitudeDegrees></Position><AltitudeMeters>9.906</AltitudeMeters><DistanceMeters>3637.10009765625</DistanceMeters><Cadence>91</Cadence><SensorState>Present</SensorState></Trackpoint><Trackpoint><Time>2024-07-23T10:53:45.000Z</Time><Position><LatitudeDegrees>43.287738</LatitudeDegrees><LongitudeDegrees>-2.88770517</LongitudeDegrees></Position><AltitudeMeters>9.906</AltitudeMeters><DistanceMeters>3640.60009765625</DistanceMeters><Cadence>90</Cadence><SensorState>Present</SensorState></Trackpoint><Trackpoint><Time>2024-07-23T10:53:46.000Z</Time><Position><LatitudeDegrees>43.2877145</LatitudeDegrees><LongitudeDegrees>-2.88767617</LongitudeDegrees></Position><AltitudeMeters>9.906</AltitudeMeters><DistanceMeters>3644.10009765625</DistanceMeters><Cadence>90</Cadence><SensorState>Present</SensorState></Trackpoint><Trackpoint><Time>2024-07-23T10:53:47.000Z</Time><Position><LatitudeDegrees>43.28769</LatitudeDegrees><LongitudeDegrees>-2.8876475</LongitudeDegrees></Position><AltitudeMeters>9.906</AltitudeMeters><DistanceMeters>3647.5</DistanceMeters><Cadence>90</Cadence><SensorState>Present</SensorState></Trackpoint><Trackpoint><Time>2024-07-23T10:53:48.000Z</Time><Position><LatitudeDegrees>43.28766483</LatitudeDegrees><LongitudeDegrees>-2.8876195</LongitudeDegrees></Position><AltitudeMeters>9.906</AltitudeMeters><DistanceMeters>3650.800048828125</DistanceMeters><Cadence>91</Cadence><SensorState>Present</SensorState></Trackpoint><Trackpoint><Time>2024-07-23T10:53:49.000Z</Time><Position><LatitudeDegrees>43.28763883</LatitudeDegrees><LongitudeDegrees>-2.88759617</LongitudeDegrees></Position><AltitudeMeters>9.906</AltitudeMeters><DistanceMeters>3654.199951171875</DistanceMeters><Cadence>91</Cadence><SensorState>Present</SensorState></Trackpoint><Trackpoint><Time>2024-07-23T10:53:50.000Z</Time><Position><LatitudeDegrees>43.28761183</LatitudeDegrees><LongitudeDegrees>-2.88757667</LongitudeDegrees></Position><AltitudeMeters>9.906</AltitudeMeters><DistanceMeters>3657.699951171875</DistanceMeters><Cadence>90</Cadence><SensorState>Present</SensorState></Trackpoint><Trackpoint><Time>2024-07-23T10:53:51.000Z</Time><Position><LatitudeDegrees>43.28758433</LatitudeDegrees><LongitudeDegrees>-2.88756017</LongitudeDegrees></Position><AltitudeMeters>9.906</AltitudeMeters><DistanceMeters>3661.199951171875</DistanceMeters><Cadence>90</Cadence><SensorState>Present</SensorState></Trackpoint><Trackpoint><Time>2024-07-23T10:53:52.000Z</Time><Position><LatitudeDegrees>43.28755567</LatitudeDegrees><LongitudeDegrees>-2.8875445</LongitudeDegrees></Position><AltitudeMeters>9.906</AltitudeMeters><DistanceMeters>3664.60009765625</DistanceMeters><Cadence>90</Cadence><SensorState>Present</SensorState></Trackpoint><Trackpoint><Time>2024-07-23T10:53:53.000Z</Time><Position><LatitudeDegrees>43.28752833</LatitudeDegrees><LongitudeDegrees>-2.88752667</LongitudeDegrees></Position><AltitudeMeters>9.906</AltitudeMeters><DistanceMeters>3667.800048828125</DistanceMeters><Cadence>90</Cadence><SensorState>Present</SensorState></Trackpoint><Trackpoint><Time>2024-07-23T10:53:54.000Z</Time><Position><LatitudeDegrees>43.28750167</LatitudeDegrees><LongitudeDegrees>-2.88750817</LongitudeDegrees></Position><AltitudeMeters>9.906</AltitudeMeters><DistanceMeters>3670.89990234375</DistanceMeters><Cadence>90</Cadence><SensorState>Present</SensorState></Trackpoint><Trackpoint><Time>2024-07-23T10:53:55.000Z</Time><Position><LatitudeDegrees>43.28747633</LatitudeDegrees><LongitudeDegrees>-2.88749067</LongitudeDegrees></Position><AltitudeMeters>9.906</AltitudeMeters><DistanceMeters>3674.0</DistanceMeters><Cadence>90</Cadence><SensorState>Present</SensorState></Trackpoint><Trackpoint><Time>2024-07-23T10:53:56.000Z</Time><Position><LatitudeDegrees>43.28745083</LatitudeDegrees><LongitudeDegrees>-2.8874745</LongitudeDegrees></Position><AltitudeMeters>9.906</AltitudeMeters><DistanceMeters>3677.199951171875</DistanceMeters><Cadence>90</Cadence><SensorState>Present</SensorState></Trackpoint><Trackpoint><Time>2024-07-23T10:53:57.000Z</Time><Position><LatitudeDegrees>43.28742517</LatitudeDegrees><LongitudeDegrees>-2.8874605</LongitudeDegrees></Position><AltitudeMeters>10.059</AltitudeMeters><DistanceMeters>3680.39990234375</DistanceMeters><Cadence>90</Cadence><SensorState>Present</SensorState></Trackpoint><Trackpoint><Time>2024-07-23T10:53:58.000Z</Time><Position><LatitudeDegrees>43.287397</LatitudeDegrees><LongitudeDegrees>-2.88744917</LongitudeDegrees></Position><AltitudeMeters>10.059</AltitudeMeters><DistanceMeters>3683.60009765625</DistanceMeters><Cadence>90</Cadence><SensorState>Present</SensorState></Trackpoint><Trackpoint><Time>2024-07-23T10:53:59.000Z</Time><Position><LatitudeDegrees>43.28736783</LatitudeDegrees><LongitudeDegrees>-2.887441</LongitudeDegrees></Position><AltitudeMeters>10.059</AltitudeMeters><DistanceMeters>3686.699951171875</DistanceMeters><Cadence>90</Cadence><SensorState>Present</SensorState></Trackpoint><Trackpoint><Time>2024-07-23T10:54:00.000Z</Time><Position><LatitudeDegrees>43.28733883</LatitudeDegrees><LongitudeDegrees>-2.88743383</LongitudeDegrees></Position><AltitudeMeters>10.059</AltitudeMeters><DistanceMeters>3689.800048828125</DistanceMeters><Cadence>90</Cadence><SensorState>Present</SensorState></Trackpoint><Trackpoint><Time>2024-07-23T10:54:01.000Z</Time><Position><LatitudeDegrees>43.287311</LatitudeDegrees><LongitudeDegrees>-2.88742517</LongitudeDegrees></Position><AltitudeMeters>10.059</AltitudeMeters><DistanceMeters>3692.89990234375</DistanceMeters><Cadence>90</Cadence><SensorState>Present</SensorState></Trackpoint><Trackpoint><Time>2024-07-23T10:54:02.000Z</Time><Position><LatitudeDegrees>43.28728417</LatitudeDegrees><LongitudeDegrees>-2.887415</LongitudeDegrees></Position><AltitudeMeters>10.059</AltitudeMeters><DistanceMeters>3696.10009765625</DistanceMeters><Cadence>90</Cadence><SensorState>Present</SensorState></Trackpoint><Trackpoint><Time>2024-07-23T10:54:03.000Z</Time><Position><LatitudeDegrees>43.28725717</LatitudeDegrees><LongitudeDegrees>-2.88740283</LongitudeDegrees></Position><AltitudeMeters>10.211</AltitudeMeters><DistanceMeters>3699.199951171875</DistanceMeters><Cadence>90</Cadence><SensorState>Present</SensorState></Trackpoint><Trackpoint><Time>2024-07-23T10:54:04.000Z</Time><Position><LatitudeDegrees>43.28723083</LatitudeDegrees><LongitudeDegrees>-2.88739033</LongitudeDegrees></Position><AltitudeMeters>10.211</AltitudeMeters><DistanceMeters>3702.5</DistanceMeters><Cadence>90</Cadence><SensorState>Present</SensorState></Trackpoint><Trackpoint><Time>2024-07-23T10:54:05.000Z</Time><Position><LatitudeDegrees>43.28720467</LatitudeDegrees><LongitudeDegrees>-2.88737867</LongitudeDegrees></Position><AltitudeMeters>10.211</AltitudeMeters><DistanceMeters>3705.699951171875</DistanceMeters><Cadence>90</Cadence><SensorState>Present</SensorState></Trackpoint><Trackpoint><Time>2024-07-23T10:54:06.000Z</Time><Position><LatitudeDegrees>43.28717783</LatitudeDegrees><LongitudeDegrees>-2.88736867</LongitudeDegrees></Position><AltitudeMeters>10.211</AltitudeMeters><DistanceMeters>3708.89990234375</DistanceMeters><Cadence>90</Cadence><SensorState>Present</SensorState></Trackpoint><Trackpoint><Time>2024-07-23T10:54:07.000Z</Time><Position><LatitudeDegrees>43.28714867</LatitudeDegrees><LongitudeDegrees>-2.887358</LongitudeDegrees></Position><AltitudeMeters>10.211</AltitudeMeters><DistanceMeters>3712.199951171875</DistanceMeters><Cadence>90</Cadence><SensorState>Present</SensorState></Trackpoint><Trackpoint><Time>2024-07-23T10:54:08.000Z</Time><Position><LatitudeDegrees>43.28712</LatitudeDegrees><LongitudeDegrees>-2.88734617</LongitudeDegrees></Position><AltitudeMeters>10.211</AltitudeMeters><DistanceMeters>3715.300048828125</DistanceMeters><Cadence>90</Cadence><SensorState>Present</SensorState></Trackpoint><Trackpoint><Time>2024-07-23T10:54:09.000Z</Time><Position><LatitudeDegrees>43.28709167</LatitudeDegrees><LongitudeDegrees>-2.88733217</LongitudeDegrees></Position><AltitudeMeters>10.211</AltitudeMeters><DistanceMeters>3718.39990234375</DistanceMeters><Cadence>90</Cadence><SensorState>Present</SensorState></Trackpoint><Trackpoint><Time>2024-07-23T10:54:10.000Z</Time><Position><LatitudeDegrees>43.28706583</LatitudeDegrees><LongitudeDegrees>-2.88732233</LongitudeDegrees></Position><AltitudeMeters>10.211</AltitudeMeters><DistanceMeters>3721.199951171875</DistanceMeters><Cadence>90</Cadence><SensorState>Present</SensorState></Trackpoint><Trackpoint><Time>2024-07-23T10:54:11.000Z</Time><Position><LatitudeDegrees>43.28703933</LatitudeDegrees><LongitudeDegrees>-2.887317</LongitudeDegrees></Position><AltitudeMeters>10.211</AltitudeMeters><DistanceMeters>3723.89990234375</DistanceMeters><Cadence>90</Cadence><SensorState>Present</SensorState></Trackpoint><Trackpoint><Time>2024-07-23T10:54:12.000Z</Time><Position><LatitudeDegrees>43.287016</LatitudeDegrees><LongitudeDegrees>-2.88731633</LongitudeDegrees></Position><AltitudeMeters>10.211</AltitudeMeters><DistanceMeters>3726.199951171875</DistanceMeters><Cadence>91</Cadence><SensorState>Present</SensorState></Trackpoint><Trackpoint><Time>2024-07-23T10:54:13.000Z</Time><Position><LatitudeDegrees>43.28699433</LatitudeDegrees><LongitudeDegrees>-2.88731317</LongitudeDegrees></Position><AltitudeMeters>10.211</AltitudeMeters><DistanceMeters>3728.39990234375</DistanceMeters><Cadence>91</Cadence><SensorState>Present</SensorState></Trackpoint><Trackpoint><Time>2024-07-23T10:54:14.000Z</Time><Position><LatitudeDegrees>43.2869755</LatitudeDegrees><LongitudeDegrees>-2.88730883</LongitudeDegrees></Position><AltitudeMeters>10.211</AltitudeMeters><DistanceMeters>3730.60009765625</DistanceMeters><Cadence>91</Cadence><SensorState>Present</SensorState></Trackpoint><Trackpoint><Time>2024-07-23T10:54:15.000Z</Time><Position><LatitudeDegrees>43.28695533</LatitudeDegrees><LongitudeDegrees>-2.88730233</LongitudeDegrees></Position><AltitudeMeters>9.906</AltitudeMeters><DistanceMeters>3733.39990234375</DistanceMeters><Cadence>91</Cadence><SensorState>Present</SensorState></Trackpoint><Trackpoint><Time>2024-07-23T10:54:16.000Z</Time><Position><LatitudeDegrees>43.2869335</LatitudeDegrees><LongitudeDegrees>-2.8872975</LongitudeDegrees></Position><AltitudeMeters>9.906</AltitudeMeters><DistanceMeters>3736.699951171875</DistanceMeters><Cadence>91</Cadence><SensorState>Present</SensorState></Trackpoint><Trackpoint><Time>2024-07-23T10:54:17.000Z</Time><Position><LatitudeDegrees>43.28690283</LatitudeDegrees><LongitudeDegrees>-2.88728817</LongitudeDegrees></Position><AltitudeMeters>9.754</AltitudeMeters><DistanceMeters>3740.800048828125</DistanceMeters><Cadence>91</Cadence><SensorState>Present</SensorState></Trackpoint><Trackpoint><Time>2024-07-23T10:54:18.000Z</Time><Position><LatitudeDegrees>43.2868665</LatitudeDegrees><LongitudeDegrees>-2.88727617</LongitudeDegrees></Position><AltitudeMeters>9.754</AltitudeMeters><DistanceMeters>3745.0</DistanceMeters><Cadence>90</Cadence><SensorState>Present</SensorState></Trackpoint><Trackpoint><Time>2024-07-23T10:54:19.000Z</Time><Position><LatitudeDegrees>43.28682533</LatitudeDegrees><LongitudeDegrees>-2.88725683</LongitudeDegrees></Position><AltitudeMeters>9.601</AltitudeMeters><DistanceMeters>3749.89990234375</DistanceMeters><Cadence>90</Cadence><SensorState>Present</SensorState></Trackpoint><Trackpoint><Time>2024-07-23T10:54:20.000Z</Time><Position><LatitudeDegrees>43.2867885</LatitudeDegrees><LongitudeDegrees>-2.88723333</LongitudeDegrees></Position><AltitudeMeters>9.601</AltitudeMeters><DistanceMeters>3754.89990234375</DistanceMeters><Cadence>90</Cadence><SensorState>Present</SensorState></Trackpoint><Trackpoint><Time>2024-07-23T10:54:21.000Z</Time><Position><LatitudeDegrees>43.28675233</LatitudeDegrees><LongitudeDegrees>-2.88720483</LongitudeDegrees></Position><AltitudeMeters>9.449</AltitudeMeters><DistanceMeters>3760.0</DistanceMeters><Cadence>90</Cadence><SensorState>Present</SensorState></Trackpoint><Trackpoint><Time>2024-07-23T10:54:22.000Z</Time><Position><LatitudeDegrees>43.28671917</LatitudeDegrees><LongitudeDegrees>-2.8871785</LongitudeDegrees></Position><AltitudeMeters>9.449</AltitudeMeters><DistanceMeters>3764.800048828125</DistanceMeters><Cadence>90</Cadence><SensorState>Present</SensorState></Trackpoint><Trackpoint><Time>2024-07-23T10:54:23.000Z</Time><Position><LatitudeDegrees>43.286687</LatitudeDegrees><LongitudeDegrees>-2.88715783</LongitudeDegrees></Position><AltitudeMeters>9.297</AltitudeMeters><DistanceMeters>3769.5</DistanceMeters><Cadence>90</Cadence><SensorState>Present</SensorState></Trackpoint><Trackpoint><Time>2024-07-23T10:54:24.000Z</Time><Position><LatitudeDegrees>43.28665783</LatitudeDegrees><LongitudeDegrees>-2.88713817</LongitudeDegrees></Position><AltitudeMeters>9.297</AltitudeMeters><DistanceMeters>3773.699951171875</DistanceMeters><Cadence>90</Cadence><SensorState>Present</SensorState></Trackpoint><Trackpoint><Time>2024-07-23T10:54:25.000Z</Time><Position><LatitudeDegrees>43.28662883</LatitudeDegrees><LongitudeDegrees>-2.88711967</LongitudeDegrees></Position><AltitudeMeters>9.144</AltitudeMeters><DistanceMeters>3777.39990234375</DistanceMeters><Cadence>90</Cadence><SensorState>Present</SensorState></Trackpoint><Trackpoint><Time>2024-07-23T10:54:26.000Z</Time><Position><LatitudeDegrees>43.28659883</LatitudeDegrees><LongitudeDegrees>-2.88710067</LongitudeDegrees></Position><AltitudeMeters>9.144</AltitudeMeters><DistanceMeters>3780.699951171875</DistanceMeters><Cadence>90</Cadence><SensorState>Present</SensorState></Trackpoint><Trackpoint><Time>2024-07-23T10:54:27.000Z</Time><Position><LatitudeDegrees>43.286567</LatitudeDegrees><LongitudeDegrees>-2.88708683</LongitudeDegrees></Position><AltitudeMeters>9.144</AltitudeMeters><DistanceMeters>3783.800048828125</DistanceMeters><Cadence>90</Cadence><SensorState>Present</SensorState></Trackpoint><Trackpoint><Time>2024-07-23T10:54:28.000Z</Time><Position><LatitudeDegrees>43.2865375</LatitudeDegrees><LongitudeDegrees>-2.88707183</LongitudeDegrees></Position><AltitudeMeters>9.144</AltitudeMeters><DistanceMeters>3786.800048828125</DistanceMeters><Cadence>90</Cadence><SensorState>Present</SensorState></Trackpoint><Trackpoint><Time>2024-07-23T10:54:29.000Z</Time><Position><LatitudeDegrees>43.28650867</LatitudeDegrees><LongitudeDegrees>-2.88705583</LongitudeDegrees></Position><AltitudeMeters>9.144</AltitudeMeters><DistanceMeters>3790.0</DistanceMeters><Cadence>90</Cadence><SensorState>Present</SensorState></Trackpoint><Trackpoint><Time>2024-07-23T10:54:30.000Z</Time><Position><LatitudeDegrees>43.28648083</LatitudeDegrees><LongitudeDegrees>-2.88704067</LongitudeDegrees></Position><AltitudeMeters>9.144</AltitudeMeters><DistanceMeters>3793.5</DistanceMeters><Cadence>90</Cadence><SensorState>Present</SensorState></Trackpoint><Trackpoint><Time>2024-07-23T10:54:31.000Z</Time><Position><LatitudeDegrees>43.28645117</LatitudeDegrees><LongitudeDegrees>-2.88702467</LongitudeDegrees></Position><AltitudeMeters>9.297</AltitudeMeters><DistanceMeters>3797.0</DistanceMeters><Cadence>90</Cadence><SensorState>Present</SensorState></Trackpoint><Trackpoint><Time>2024-07-23T10:54:32.000Z</Time><Position><LatitudeDegrees>43.28642133</LatitudeDegrees><LongitudeDegrees>-2.8870075</LongitudeDegrees></Position><AltitudeMeters>9.297</AltitudeMeters><DistanceMeters>3800.39990234375</DistanceMeters><Cadence>90</Cadence><SensorState>Present</SensorState></Trackpoint><Trackpoint><Time>2024-07-23T10:54:33.000Z</Time><Position><LatitudeDegrees>43.28639267</LatitudeDegrees><LongitudeDegrees>-2.886988</LongitudeDegrees></Position><AltitudeMeters>9.449</AltitudeMeters><DistanceMeters>3803.5</DistanceMeters><Cadence>90</Cadence><SensorState>Present</SensorState></Trackpoint><Trackpoint><Time>2024-07-23T10:54:34.000Z</Time><Position><LatitudeDegrees>43.2863655</LatitudeDegrees><LongitudeDegrees>-2.88696867</LongitudeDegrees></Position><AltitudeMeters>9.449</AltitudeMeters><DistanceMeters>3806.699951171875</DistanceMeters><Cadence>90</Cadence><SensorState>Present</SensorState></Trackpoint><Trackpoint><Time>2024-07-23T10:54:35.000Z</Time><Position><LatitudeDegrees>43.286344</LatitudeDegrees><LongitudeDegrees>-2.8869425</LongitudeDegrees></Position><AltitudeMeters>9.601</AltitudeMeters><DistanceMeters>3809.800048828125</DistanceMeters><Cadence>91</Cadence><SensorState>Present</SensorState></Trackpoint><Trackpoint><Time>2024-07-23T10:54:36.000Z</Time><Position><LatitudeDegrees>43.2863255</LatitudeDegrees><LongitudeDegrees>-2.886914</LongitudeDegrees></Position><AltitudeMeters>9.601</AltitudeMeters><DistanceMeters>3812.89990234375</DistanceMeters><Cadence>91</Cadence><SensorState>Present</SensorState></Trackpoint><Trackpoint><Time>2024-07-23T10:54:37.000Z</Time><Position><LatitudeDegrees>43.28630783</LatitudeDegrees><LongitudeDegrees>-2.88688267</LongitudeDegrees></Position><AltitudeMeters>9.906</AltitudeMeters><DistanceMeters>3816.10009765625</DistanceMeters><Cadence>91</Cadence><SensorState>Present</SensorState></Trackpoint><Trackpoint><Time>2024-07-23T10:54:38.000Z</Time><Position><LatitudeDegrees>43.2862875</LatitudeDegrees><LongitudeDegrees>-2.88685617</LongitudeDegrees></Position><AltitudeMeters>9.906</AltitudeMeters><DistanceMeters>3818.89990234375</DistanceMeters><Cadence>91</Cadence><SensorState>Present</SensorState></Trackpoint><Trackpoint><Time>2024-07-23T10:54:39.000Z</Time><Position><LatitudeDegrees>43.28626733</LatitudeDegrees><LongitudeDegrees>-2.88682867</LongitudeDegrees></Position><AltitudeMeters>10.059</AltitudeMeters><DistanceMeters>3821.89990234375</DistanceMeters><Cadence>91</Cadence><SensorState>Present</SensorState></Trackpoint><Trackpoint><Time>2024-07-23T10:54:40.000Z</Time><Position><LatitudeDegrees>43.28624917</LatitudeDegrees><LongitudeDegrees>-2.8868005</LongitudeDegrees></Position><AltitudeMeters>10.059</AltitudeMeters><DistanceMeters>3824.89990234375</DistanceMeters><Cadence>91</Cadence><SensorState>Present</SensorState></Trackpoint><Trackpoint><Time>2024-07-23T10:54:41.000Z</Time><Position><LatitudeDegrees>43.28623283</LatitudeDegrees><LongitudeDegrees>-2.8867685</LongitudeDegrees></Position><AltitudeMeters>10.363</AltitudeMeters><DistanceMeters>3828.199951171875</DistanceMeters><Cadence>91</Cadence><SensorState>Present</SensorState></Trackpoint><Trackpoint><Time>2024-07-23T10:54:42.000Z</Time><Position><LatitudeDegrees>43.28621717</LatitudeDegrees><LongitudeDegrees>-2.88673433</LongitudeDegrees></Position><AltitudeMeters>10.363</AltitudeMeters><DistanceMeters>3831.699951171875</DistanceMeters><Cadence>91</Cadence><SensorState>Present</SensorState></Trackpoint><Trackpoint><Time>2024-07-23T10:54:43.000Z</Time><Position><LatitudeDegrees>43.286203</LatitudeDegrees><LongitudeDegrees>-2.8866965</LongitudeDegrees></Position><AltitudeMeters>10.516</AltitudeMeters><DistanceMeters>3835.39990234375</DistanceMeters><Cadence>91</Cadence><SensorState>Present</SensorState></Trackpoint><Trackpoint><Time>2024-07-23T10:54:44.000Z</Time><Position><LatitudeDegrees>43.28619167</LatitudeDegrees><LongitudeDegrees>-2.88665533</LongitudeDegrees></Position><AltitudeMeters>10.516</AltitudeMeters><DistanceMeters>3839.0</DistanceMeters><Cadence>91</Cadence><SensorState>Present</SensorState></Trackpoint><Trackpoint><Time>2024-07-23T10:54:45.000Z</Time><Position><LatitudeDegrees>43.28618283</LatitudeDegrees><LongitudeDegrees>-2.88661033</LongitudeDegrees></Position><AltitudeMeters>10.821</AltitudeMeters><DistanceMeters>3842.89990234375</DistanceMeters><Cadence>91</Cadence><SensorState>Present</SensorState></Trackpoint><Trackpoint><Time>2024-07-23T10:54:46.000Z</Time><Position><LatitudeDegrees>43.28617617</LatitudeDegrees><LongitudeDegrees>-2.886565</LongitudeDegrees></Position><AltitudeMeters>10.821</AltitudeMeters><DistanceMeters>3846.800048828125</DistanceMeters><Cadence>91</Cadence><SensorState>Present</SensorState></Trackpoint><Trackpoint><Time>2024-07-23T10:54:47.000Z</Time><Position><LatitudeDegrees>43.28616767</LatitudeDegrees><LongitudeDegrees>-2.88652</LongitudeDegrees></Position><AltitudeMeters>11.125</AltitudeMeters><DistanceMeters>3850.699951171875</DistanceMeters><Cadence>91</Cadence><SensorState>Present</SensorState></Trackpoint><Trackpoint><Time>2024-07-23T10:54:48.000Z</Time><Position><LatitudeDegrees>43.2861575</LatitudeDegrees><LongitudeDegrees>-2.88647683</LongitudeDegrees></Position><AltitudeMeters>11.125</AltitudeMeters><DistanceMeters>3854.60009765625</DistanceMeters><Cadence>91</Cadence><SensorState>Present</SensorState></Trackpoint><Trackpoint><Time>2024-07-23T10:54:49.000Z</Time><Position><LatitudeDegrees>43.286146</LatitudeDegrees><LongitudeDegrees>-2.88643567</LongitudeDegrees></Position><AltitudeMeters>11.278</AltitudeMeters><DistanceMeters>3858.5</DistanceMeters><Cadence>91</Cadence><SensorState>Present</SensorState></Trackpoint><Trackpoint><Time>2024-07-23T10:54:50.000Z</Time><Position><LatitudeDegrees>43.2861375</LatitudeDegrees><LongitudeDegrees>-2.886393</LongitudeDegrees></Position><AltitudeMeters>11.278</AltitudeMeters><DistanceMeters>3862.300048828125</DistanceMeters><Cadence>91</Cadence><SensorState>Present</SensorState></Trackpoint><Trackpoint><Time>2024-07-23T10:54:51.000Z</Time><Position><LatitudeDegrees>43.28613133</LatitudeDegrees><LongitudeDegrees>-2.88634933</LongitudeDegrees></Position><AltitudeMeters>11.583</AltitudeMeters><DistanceMeters>3866.199951171875</DistanceMeters><Cadence>91</Cadence><SensorState>Present</SensorState></Trackpoint><Trackpoint><Time>2024-07-23T10:54:52.000Z</Time><Position><LatitudeDegrees>43.28612733</LatitudeDegrees><LongitudeDegrees>-2.8863035</LongitudeDegrees></Position><AltitudeMeters>11.583</AltitudeMeters><DistanceMeters>3869.89990234375</DistanceMeters><Cadence>91</Cadence><SensorState>Present</SensorState></Trackpoint><Trackpoint><Time>2024-07-23T10:54:53.000Z</Time><Position><LatitudeDegrees>43.28612183</LatitudeDegrees><LongitudeDegrees>-2.88625733</LongitudeDegrees></Position><AltitudeMeters>11.887</AltitudeMeters><DistanceMeters>3873.699951171875</DistanceMeters><Cadence>91</Cadence><SensorState>Present</SensorState></Trackpoint><Trackpoint><Time>2024-07-23T10:54:54.000Z</Time><Position><LatitudeDegrees>43.28612</LatitudeDegrees><LongitudeDegrees>-2.886211</LongitudeDegrees></Position><AltitudeMeters>11.887</AltitudeMeters><DistanceMeters>3877.39990234375</DistanceMeters><Cadence>91</Cadence><SensorState>Present</SensorState></Trackpoint><Trackpoint><Time>2024-07-23T10:54:55.000Z</Time><Position><LatitudeDegrees>43.28611767</LatitudeDegrees><LongitudeDegrees>-2.88616333</LongitudeDegrees></Position><AltitudeMeters>12.192</AltitudeMeters><DistanceMeters>3881.300048828125</DistanceMeters><Cadence>91</Cadence><SensorState>Present</SensorState></Trackpoint><Trackpoint><Time>2024-07-23T10:54:56.000Z</Time><Position><LatitudeDegrees>43.28611517</LatitudeDegrees><LongitudeDegrees>-2.8861165</LongitudeDegrees></Position><AltitudeMeters>12.192</AltitudeMeters><DistanceMeters>3885.10009765625</DistanceMeters><Cadence>91</Cadence><SensorState>Present</SensorState></Trackpoint><Trackpoint><Time>2024-07-23T10:54:57.000Z</Time><Position><LatitudeDegrees>43.28611067</LatitudeDegrees><LongitudeDegrees>-2.88607017</LongitudeDegrees></Position><AltitudeMeters>12.649</AltitudeMeters><DistanceMeters>3888.89990234375</DistanceMeters><Cadence>91</Cadence><SensorState>Present</SensorState></Trackpoint><Trackpoint><Time>2024-07-23T10:54:58.000Z</Time><Position><LatitudeDegrees>43.28610567</LatitudeDegrees><LongitudeDegrees>-2.88602517</LongitudeDegrees></Position><AltitudeMeters>12.649</AltitudeMeters><DistanceMeters>3892.699951171875</DistanceMeters><Cadence>90</Cadence><SensorState>Present</SensorState></Trackpoint><Trackpoint><Time>2024-07-23T10:54:59.000Z</Time><Position><LatitudeDegrees>43.286101</LatitudeDegrees><LongitudeDegrees>-2.88598183</LongitudeDegrees></Position><AltitudeMeters>12.954</AltitudeMeters><DistanceMeters>3896.199951171875</DistanceMeters><Cadence>90</Cadence><SensorState>Present</SensorState></Trackpoint><Trackpoint><Time>2024-07-23T10:55:00.000Z</Time><Position><LatitudeDegrees>43.28609467</LatitudeDegrees><LongitudeDegrees>-2.88593817</LongitudeDegrees></Position><AltitudeMeters>12.954</AltitudeMeters><DistanceMeters>3899.60009765625</DistanceMeters><Cadence>90</Cadence><SensorState>Present</SensorState></Trackpoint><Trackpoint><Time>2024-07-23T10:55:01.000Z</Time><Position><LatitudeDegrees>43.286089</LatitudeDegrees><LongitudeDegrees>-2.8858965</LongitudeDegrees></Position><AltitudeMeters>13.259</AltitudeMeters><DistanceMeters>3902.89990234375</DistanceMeters><Cadence>91</Cadence><SensorState>Present</SensorState></Trackpoint><Trackpoint><Time>2024-07-23T10:55:02.000Z</Time><Position><LatitudeDegrees>43.28608283</LatitudeDegrees><LongitudeDegrees>-2.88585633</LongitudeDegrees></Position><AltitudeMeters>13.259</AltitudeMeters><DistanceMeters>3906.0</DistanceMeters><Cadence>90</Cadence><SensorState>Present</SensorState></Trackpoint><Trackpoint><Time>2024-07-23T10:55:03.000Z</Time><Position><LatitudeDegrees>43.2860785</LatitudeDegrees><LongitudeDegrees>-2.885818</LongitudeDegrees></Position><AltitudeMeters>13.716</AltitudeMeters><DistanceMeters>3909.0</DistanceMeters><Cadence>90</Cadence><SensorState>Present</SensorState></Trackpoint><Trackpoint><Time>2024-07-23T10:55:04.000Z</Time><Position><LatitudeDegrees>43.28607533</LatitudeDegrees><LongitudeDegrees>-2.88577883</LongitudeDegrees></Position><AltitudeMeters>13.716</AltitudeMeters><DistanceMeters>3912.300048828125</DistanceMeters><Cadence>90</Cadence><SensorState>Present</SensorState></Trackpoint><Trackpoint><Time>2024-07-23T10:55:05.000Z</Time><Position><LatitudeDegrees>43.28607567</LatitudeDegrees><LongitudeDegrees>-2.88573767</LongitudeDegrees></Position><AltitudeMeters>14.021</AltitudeMeters><DistanceMeters>3915.5</DistanceMeters><Cadence>90</Cadence><SensorState>Present</SensorState></Trackpoint><Trackpoint><Time>2024-07-23T10:55:06.000Z</Time><Position><LatitudeDegrees>43.28607917</LatitudeDegrees><LongitudeDegrees>-2.885696</LongitudeDegrees></Position><AltitudeMeters>14.021</AltitudeMeters><DistanceMeters>3918.699951171875</DistanceMeters><Cadence>90</Cadence><SensorState>Present</SensorState></Trackpoint><Trackpoint><Time>2024-07-23T10:55:07.000Z</Time><Position><LatitudeDegrees>43.286083</LatitudeDegrees><LongitudeDegrees>-2.88565333</LongitudeDegrees></Position><AltitudeMeters>14.173</AltitudeMeters><DistanceMeters>3921.800048828125</DistanceMeters><Cadence>90</Cadence><SensorState>Present</SensorState></Trackpoint><Trackpoint><Time>2024-07-23T10:55:08.000Z</Time><Position><LatitudeDegrees>43.286085</LatitudeDegrees><LongitudeDegrees>-2.88561367</LongitudeDegrees></Position><AltitudeMeters>14.173</AltitudeMeters><DistanceMeters>3924.89990234375</DistanceMeters><Cadence>90</Cadence><SensorState>Present</SensorState></Trackpoint><Trackpoint><Time>2024-07-23T10:55:09.000Z</Time><Position><LatitudeDegrees>43.2860845</LatitudeDegrees><LongitudeDegrees>-2.8855745</LongitudeDegrees></Position><AltitudeMeters>14.478</AltitudeMeters><DistanceMeters>3928.10009765625</DistanceMeters><Cadence>90</Cadence><SensorState>Present</SensorState></Trackpoint><Trackpoint><Time>2024-07-23T10:55:10.000Z</Time><Position><LatitudeDegrees>43.28608283</LatitudeDegrees><LongitudeDegrees>-2.88553517</LongitudeDegrees></Position><AltitudeMeters>14.478</AltitudeMeters><DistanceMeters>3931.300048828125</DistanceMeters><Cadence>90</Cadence><SensorState>Present</SensorState></Trackpoint><Trackpoint><Time>2024-07-23T10:55:11.000Z</Time><Position><LatitudeDegrees>43.286082</LatitudeDegrees><LongitudeDegrees>-2.88549633</LongitudeDegrees></Position><AltitudeMeters>14.783</AltitudeMeters><DistanceMeters>3934.199951171875</DistanceMeters><Cadence>90</Cadence><SensorState>Present</SensorState></Trackpoint><Trackpoint><Time>2024-07-23T10:55:12.000Z</Time><Position><LatitudeDegrees>43.286082</LatitudeDegrees><LongitudeDegrees>-2.88545967</LongitudeDegrees></Position><AltitudeMeters>14.783</AltitudeMeters><DistanceMeters>3937.0</DistanceMeters><Cadence>90</Cadence><SensorState>Present</SensorState></Trackpoint><Trackpoint><Time>2024-07-23T10:55:13.000Z</Time><Position><LatitudeDegrees>43.286085</LatitudeDegrees><LongitudeDegrees>-2.88542567</LongitudeDegrees></Position><AltitudeMeters>15.088</AltitudeMeters><DistanceMeters>3939.699951171875</DistanceMeters><Cadence>90</Cadence><SensorState>Present</SensorState></Trackpoint><Trackpoint><Time>2024-07-23T10:55:14.000Z</Time><Position><LatitudeDegrees>43.28608783</LatitudeDegrees><LongitudeDegrees>-2.88539183</LongitudeDegrees></Position><AltitudeMeters>15.088</AltitudeMeters><DistanceMeters>3942.300048828125</DistanceMeters><Cadence>90</Cadence><SensorState>Present</SensorState></Trackpoint><Trackpoint><Time>2024-07-23T10:55:15.000Z</Time><Position><LatitudeDegrees>43.2860925</LatitudeDegrees><LongitudeDegrees>-2.88535767</LongitudeDegrees></Position><AltitudeMeters>15.393</AltitudeMeters><DistanceMeters>3945.0</DistanceMeters><Cadence>90</Cadence><SensorState>Present</SensorState></Trackpoint><Trackpoint><Time>2024-07-23T10:55:16.000Z</Time><Position><LatitudeDegrees>43.28609267</LatitudeDegrees><LongitudeDegrees>-2.8853235</LongitudeDegrees></Position><AltitudeMeters>15.393</AltitudeMeters><DistanceMeters>3947.800048828125</DistanceMeters><Cadence>90</Cadence><SensorState>Present</SensorState></Trackpoint><Trackpoint><Time>2024-07-23T10:55:17.000Z</Time><Position><LatitudeDegrees>43.28609433</LatitudeDegrees><LongitudeDegrees>-2.88528767</LongitudeDegrees></Position><AltitudeMeters>15.697</AltitudeMeters><DistanceMeters>3950.699951171875</DistanceMeters><Cadence>90</Cadence><SensorState>Present</SensorState></Trackpoint><Trackpoint><Time>2024-07-23T10:55:18.000Z</Time><Position><LatitudeDegrees>43.28609333</LatitudeDegrees><LongitudeDegrees>-2.88525033</LongitudeDegrees></Position><AltitudeMeters>15.697</AltitudeMeters><DistanceMeters>3953.60009765625</DistanceMeters><Cadence>90</Cadence><SensorState>Present</SensorState></Trackpoint><Trackpoint><Time>2024-07-23T10:55:19.000Z</Time><Position><LatitudeDegrees>43.28609267</LatitudeDegrees><LongitudeDegrees>-2.88521217</LongitudeDegrees></Position><AltitudeMeters>16.002</AltitudeMeters><DistanceMeters>3956.60009765625</DistanceMeters><Cadence>90</Cadence><SensorState>Present</SensorState></Trackpoint><Trackpoint><Time>2024-07-23T10:55:20.000Z</Time><Position><LatitudeDegrees>43.28608983</LatitudeDegrees><LongitudeDegrees>-2.88517517</LongitudeDegrees></Position><AltitudeMeters>16.002</AltitudeMeters><DistanceMeters>3959.699951171875</DistanceMeters><Cadence>90</Cadence><SensorState>Present</SensorState></Trackpoint><Trackpoint><Time>2024-07-23T10:55:21.000Z</Time><Position><LatitudeDegrees>43.28608717</LatitudeDegrees><LongitudeDegrees>-2.88513867</LongitudeDegrees></Position><AltitudeMeters>16.307</AltitudeMeters><DistanceMeters>3963.0</DistanceMeters><Cadence>90</Cadence><SensorState>Present</SensorState></Trackpoint><Trackpoint><Time>2024-07-23T10:55:22.000Z</Time><Position><LatitudeDegrees>43.28608667</LatitudeDegrees><LongitudeDegrees>-2.8851005</LongitudeDegrees></Position><AltitudeMeters>16.307</AltitudeMeters><DistanceMeters>3966.5</DistanceMeters><Cadence>90</Cadence><SensorState>Present</SensorState></Trackpoint><Trackpoint><Time>2024-07-23T10:55:23.000Z</Time><Position><LatitudeDegrees>43.28608583</LatitudeDegrees><LongitudeDegrees>-2.8850615</LongitudeDegrees></Position><AltitudeMeters>16.612</AltitudeMeters><DistanceMeters>3970.199951171875</DistanceMeters><Cadence>90</Cadence><SensorState>Present</SensorState></Trackpoint><Trackpoint><Time>2024-07-23T10:55:24.000Z</Time><Position><LatitudeDegrees>43.28608417</LatitudeDegrees><LongitudeDegrees>-2.885019</LongitudeDegrees></Position><AltitudeMeters>16.612</AltitudeMeters><DistanceMeters>3974.0</DistanceMeters><Cadence>90</Cadence><SensorState>Present</SensorState></Trackpoint><Trackpoint><Time>2024-07-23T10:55:25.000Z</Time><Position><LatitudeDegrees>43.286083</LatitudeDegrees><LongitudeDegrees>-2.88497283</LongitudeDegrees></Position><AltitudeMeters>16.917</AltitudeMeters><DistanceMeters>3977.89990234375</DistanceMeters><Cadence>90</Cadence><SensorState>Present</SensorState></Trackpoint><Trackpoint><Time>2024-07-23T10:55:26.000Z</Time><Position><LatitudeDegrees>43.28608183</LatitudeDegrees><LongitudeDegrees>-2.884926</LongitudeDegrees></Position><AltitudeMeters>16.917</AltitudeMeters><DistanceMeters>3981.699951171875</DistanceMeters><Cadence>90</Cadence><SensorState>Present</SensorState></Trackpoint><Trackpoint><Time>2024-07-23T10:55:27.000Z</Time><Position><LatitudeDegrees>43.28608283</LatitudeDegrees><LongitudeDegrees>-2.88487817</LongitudeDegrees></Position><AltitudeMeters>17.221</AltitudeMeters><DistanceMeters>3985.699951171875</DistanceMeters><Cadence>91</Cadence><SensorState>Present</SensorState></Trackpoint><Trackpoint><Time>2024-07-23T10:55:28.000Z</Time><Position><LatitudeDegrees>43.28608283</LatitudeDegrees><LongitudeDegrees>-2.884834</LongitudeDegrees></Position><AltitudeMeters>17.221</AltitudeMeters><DistanceMeters>3989.699951171875</DistanceMeters><Cadence>91</Cadence><SensorState>Present</SensorState></Trackpoint><Trackpoint><Time>2024-07-23T10:55:29.000Z</Time><Position><LatitudeDegrees>43.2860815</LatitudeDegrees><LongitudeDegrees>-2.88478883</LongitudeDegrees></Position><AltitudeMeters>17.526</AltitudeMeters><DistanceMeters>3993.60009765625</DistanceMeters><Cadence>91</Cadence><SensorState>Present</SensorState></Trackpoint><Trackpoint><Time>2024-07-23T10:55:30.000Z</Time><Position><LatitudeDegrees>43.2860785</LatitudeDegrees><LongitudeDegrees>-2.88474483</LongitudeDegrees></Position><AltitudeMeters>17.526</AltitudeMeters><DistanceMeters>3997.5</DistanceMeters><Cadence>91</Cadence><SensorState>Present</SensorState></Trackpoint><Trackpoint><Time>2024-07-23T10:55:31.000Z</Time><Position><LatitudeDegrees>43.286076</LatitudeDegrees><LongitudeDegrees>-2.88470067</LongitudeDegrees></Position><AltitudeMeters>17.679</AltitudeMeters><DistanceMeters>4001.199951171875</DistanceMeters><Cadence>91</Cadence><SensorState>Present</SensorState></Trackpoint><Trackpoint><Time>2024-07-23T10:55:32.000Z</Time><Position><LatitudeDegrees>43.286074</LatitudeDegrees><LongitudeDegrees>-2.8846565</LongitudeDegrees></Position><AltitudeMeters>17.679</AltitudeMeters><DistanceMeters>4004.800048828125</DistanceMeters><Cadence>91</Cadence><SensorState>Present</SensorState></Trackpoint><Trackpoint><Time>2024-07-23T10:55:33.000Z</Time><Position><LatitudeDegrees>43.28607333</LatitudeDegrees><LongitudeDegrees>-2.8846125</LongitudeDegrees></Position><AltitudeMeters>17.983</AltitudeMeters><DistanceMeters>4008.199951171875</DistanceMeters><Cadence>91</Cadence><SensorState>Present</SensorState></Trackpoint><Trackpoint><Time>2024-07-23T10:55:34.000Z</Time><Position><LatitudeDegrees>43.28607117</LatitudeDegrees><LongitudeDegrees>-2.884569</LongitudeDegrees></Position><AltitudeMeters>17.983</AltitudeMeters><DistanceMeters>4011.39990234375</DistanceMeters><Cadence>91</Cadence><SensorState>Present</SensorState></Trackpoint><Trackpoint><Time>2024-07-23T10:55:35.000Z</Time><Position><LatitudeDegrees>43.28607017</LatitudeDegrees><LongitudeDegrees>-2.8845265</LongitudeDegrees></Position><AltitudeMeters>18.136</AltitudeMeters><DistanceMeters>4014.89990234375</DistanceMeters><Cadence>90</Cadence><SensorState>Present</SensorState></Trackpoint></Track><Extensions><LX xmlns="http://www.garmin.com/xmlschemas/ActivityExtension/v2"><AvgSpeed>3.2819059160020614</AvgSpeed></LX></Extensions></Lap><Lap xmlns="http://www.garmin.com/xmlschemas/TrainingCenterDatabase/v2" StartTime="2024-07-23T10:55:36.000Z"><TotalTimeSeconds>183.0</TotalTimeSeconds><DistanceMeters>646.0</DistanceMeters><MaximumSpeed>3.6666666666666665</MaximumSpeed><Calories>0</Calories><Intensity>Active</Intensity><Cadence>90</Cadence><TriggerMethod>Distance</TriggerMethod><Track><Trackpoint><Time>2024-07-23T10:55:36.000Z</Time><Position><LatitudeDegrees>43.2860685</LatitudeDegrees><LongitudeDegrees>-2.88448717</LongitudeDegrees></Position><AltitudeMeters>18.136</AltitudeMeters><DistanceMeters>4018.39990234375</DistanceMeters><Cadence>90</Cadence><SensorState>Present</SensorState></Trackpoint><Trackpoint><Time>2024-07-23T10:55:37.000Z</Time><Position><LatitudeDegrees>43.28606567</LatitudeDegrees><LongitudeDegrees>-2.88444383</LongitudeDegrees></Position><AltitudeMeters>18.288</AltitudeMeters><DistanceMeters>4022.300048828125</DistanceMeters><Cadence>91</Cadence><SensorState>Present</SensorState></Trackpoint><Trackpoint><Time>2024-07-23T10:55:38.000Z</Time><Position><LatitudeDegrees>43.28606133</LatitudeDegrees><LongitudeDegrees>-2.88439983</LongitudeDegrees></Position><AltitudeMeters>18.288</AltitudeMeters><DistanceMeters>4026.10009765625</DistanceMeters><Cadence>91</Cadence><SensorState>Present</SensorState></Trackpoint><Trackpoint><Time>2024-07-23T10:55:39.000Z</Time><Position><LatitudeDegrees>43.28605617</LatitudeDegrees><LongitudeDegrees>-2.88435</LongitudeDegrees></Position><AltitudeMeters>18.288</AltitudeMeters><DistanceMeters>4030.10009765625</DistanceMeters><Cadence>91</Cadence><SensorState>Present</SensorState></Trackpoint><Trackpoint><Time>2024-07-23T10:55:40.000Z</Time><Position><LatitudeDegrees>43.28605317</LatitudeDegrees><LongitudeDegrees>-2.88430133</LongitudeDegrees></Position><AltitudeMeters>18.288</AltitudeMeters><DistanceMeters>4034.10009765625</DistanceMeters><Cadence>91</Cadence><SensorState>Present</SensorState></Trackpoint><Trackpoint><Time>2024-07-23T10:55:41.000Z</Time><Position><LatitudeDegrees>43.28605183</LatitudeDegrees><LongitudeDegrees>-2.88425033</LongitudeDegrees></Position><AltitudeMeters>18.441</AltitudeMeters><DistanceMeters>4038.0</DistanceMeters><Cadence>91</Cadence><SensorState>Present</SensorState></Trackpoint><Trackpoint><Time>2024-07-23T10:55:42.000Z</Time><Position><LatitudeDegrees>43.2860535</LatitudeDegrees><LongitudeDegrees>-2.88420217</LongitudeDegrees></Position><AltitudeMeters>18.441</AltitudeMeters><DistanceMeters>4041.89990234375</DistanceMeters><Cadence>91</Cadence><SensorState>Present</SensorState></Trackpoint><Trackpoint><Time>2024-07-23T10:55:43.000Z</Time><Position><LatitudeDegrees>43.286055</LatitudeDegrees><LongitudeDegrees>-2.884157</LongitudeDegrees></Position><AltitudeMeters>18.593</AltitudeMeters><DistanceMeters>4045.699951171875</DistanceMeters><Cadence>91</Cadence><SensorState>Present</SensorState></Trackpoint><Trackpoint><Time>2024-07-23T10:55:44.000Z</Time><Position><LatitudeDegrees>43.2860545</LatitudeDegrees><LongitudeDegrees>-2.88411417</LongitudeDegrees></Position><AltitudeMeters>18.593</AltitudeMeters><DistanceMeters>4049.300048828125</DistanceMeters><Cadence>91</Cadence><SensorState>Present</SensorState></Trackpoint><Trackpoint><Time>2024-07-23T10:55:45.000Z</Time><Position><LatitudeDegrees>43.28605333</LatitudeDegrees><LongitudeDegrees>-2.8840735</LongitudeDegrees></Position><AltitudeMeters>18.593</AltitudeMeters><DistanceMeters>4052.699951171875</DistanceMeters><Cadence>91</Cadence><SensorState>Present</SensorState></Trackpoint><Trackpoint><Time>2024-07-23T10:55:46.000Z</Time><Position><LatitudeDegrees>43.28605183</LatitudeDegrees><LongitudeDegrees>-2.88403283</LongitudeDegrees></Position><AltitudeMeters>18.593</AltitudeMeters><DistanceMeters>4056.10009765625</DistanceMeters><Cadence>91</Cadence><SensorState>Present</SensorState></Trackpoint><Trackpoint><Time>2024-07-23T10:55:47.000Z</Time><Position><LatitudeDegrees>43.28605267</LatitudeDegrees><LongitudeDegrees>-2.88399233</LongitudeDegrees></Position><AltitudeMeters>18.593</AltitudeMeters><DistanceMeters>4059.60009765625</DistanceMeters><Cadence>91</Cadence><SensorState>Present</SensorState></Trackpoint><Trackpoint><Time>2024-07-23T10:55:48.000Z</Time><Position><LatitudeDegrees>43.286053</LatitudeDegrees><LongitudeDegrees>-2.88394767</LongitudeDegrees></Position><AltitudeMeters>18.593</AltitudeMeters><DistanceMeters>4063.199951171875</DistanceMeters><Cadence>91</Cadence><SensorState>Present</SensorState></Trackpoint><Trackpoint><Time>2024-07-23T10:55:49.000Z</Time><Position><LatitudeDegrees>43.2860535</LatitudeDegrees><LongitudeDegrees>-2.8839</LongitudeDegrees></Position><AltitudeMeters>18.745</AltitudeMeters><DistanceMeters>4066.60009765625</DistanceMeters><Cadence>91</Cadence><SensorState>Present</SensorState></Trackpoint><Trackpoint><Time>2024-07-23T10:55:50.000Z</Time><Position><LatitudeDegrees>43.28605267</LatitudeDegrees><LongitudeDegrees>-2.88385233</LongitudeDegrees></Position><AltitudeMeters>18.745</AltitudeMeters><DistanceMeters>4070.300048828125</DistanceMeters><Cadence>91</Cadence><SensorState>Present</SensorState></Trackpoint><Trackpoint><Time>2024-07-23T10:55:51.000Z</Time><Position><LatitudeDegrees>43.28605067</LatitudeDegrees><LongitudeDegrees>-2.883806</LongitudeDegrees></Position><AltitudeMeters>18.745</AltitudeMeters><DistanceMeters>4074.10009765625</DistanceMeters><Cadence>91</Cadence><SensorState>Present</SensorState></Trackpoint><Trackpoint><Time>2024-07-23T10:55:52.000Z</Time><Position><LatitudeDegrees>43.28604783</LatitudeDegrees><LongitudeDegrees>-2.88376017</LongitudeDegrees></Position><AltitudeMeters>18.745</AltitudeMeters><DistanceMeters>4078.0</DistanceMeters><Cadence>94</Cadence><SensorState>Present</SensorState></Trackpoint><Trackpoint><Time>2024-07-23T10:55:53.000Z</Time><Position><LatitudeDegrees>43.2860475</LatitudeDegrees><LongitudeDegrees>-2.88371517</LongitudeDegrees></Position><AltitudeMeters>18.745</AltitudeMeters><DistanceMeters>4081.699951171875</DistanceMeters><Cadence>94</Cadence><SensorState>Present</SensorState></Trackpoint><Trackpoint><Time>2024-07-23T10:55:54.000Z</Time><Position><LatitudeDegrees>43.28604867</LatitudeDegrees><LongitudeDegrees>-2.88367117</LongitudeDegrees></Position><AltitudeMeters>18.745</AltitudeMeters><DistanceMeters>4085.5</DistanceMeters><Cadence>92</Cadence><SensorState>Present</SensorState></Trackpoint><Trackpoint><Time>2024-07-23T10:55:55.000Z</Time><Position><LatitudeDegrees>43.28605067</LatitudeDegrees><LongitudeDegrees>-2.88362917</LongitudeDegrees></Position><AltitudeMeters>18.745</AltitudeMeters><DistanceMeters>4089.0</DistanceMeters><Cadence>92</Cadence><SensorState>Present</SensorState></Trackpoint><Trackpoint><Time>2024-07-23T10:55:56.000Z</Time><Position><LatitudeDegrees>43.28605</LatitudeDegrees><LongitudeDegrees>-2.88358617</LongitudeDegrees></Position><AltitudeMeters>18.745</AltitudeMeters><DistanceMeters>4092.39990234375</DistanceMeters><Cadence>92</Cadence><SensorState>Present</SensorState></Trackpoint><Trackpoint><Time>2024-07-23T10:55:57.000Z</Time><Position><LatitudeDegrees>43.28604983</LatitudeDegrees><LongitudeDegrees>-2.88354383</LongitudeDegrees></Position><AltitudeMeters>18.745</AltitudeMeters><DistanceMeters>4095.60009765625</DistanceMeters><Cadence>92</Cadence><SensorState>Present</SensorState></Trackpoint><Trackpoint><Time>2024-07-23T10:55:58.000Z</Time><Position><LatitudeDegrees>43.28605117</LatitudeDegrees><LongitudeDegrees>-2.883503</LongitudeDegrees></Position><AltitudeMeters>18.745</AltitudeMeters><DistanceMeters>4099.10009765625</DistanceMeters><Cadence>92</Cadence><SensorState>Present</SensorState></Trackpoint><Trackpoint><Time>2024-07-23T10:55:59.000Z</Time><Position><LatitudeDegrees>43.2860555</LatitudeDegrees><LongitudeDegrees>-2.88346</LongitudeDegrees></Position><AltitudeMeters>18.745</AltitudeMeters><DistanceMeters>4102.5</DistanceMeters><Cadence>92</Cadence><SensorState>Present</SensorState></Trackpoint><Trackpoint><Time>2024-07-23T10:56:00.000Z</Time><Position><LatitudeDegrees>43.28606</LatitudeDegrees><LongitudeDegrees>-2.8834175</LongitudeDegrees></Position><AltitudeMeters>18.745</AltitudeMeters><DistanceMeters>4105.7998046875</DistanceMeters><Cadence>92</Cadence><SensorState>Present</SensorState></Trackpoint><Trackpoint><Time>2024-07-23T10:56:01.000Z</Time><Position><LatitudeDegrees>43.28606383</LatitudeDegrees><LongitudeDegrees>-2.88337333</LongitudeDegrees></Position><AltitudeMeters>18.745</AltitudeMeters><DistanceMeters>4109.5</DistanceMeters><Cadence>92</Cadence><SensorState>Present</SensorState></Trackpoint><Trackpoint><Time>2024-07-23T10:56:02.000Z</Time><Position><LatitudeDegrees>43.28606633</LatitudeDegrees><LongitudeDegrees>-2.88333167</LongitudeDegrees></Position><AltitudeMeters>18.745</AltitudeMeters><DistanceMeters>4113.2998046875</DistanceMeters><Cadence>92</Cadence><SensorState>Present</SensorState></Trackpoint><Trackpoint><Time>2024-07-23T10:56:03.000Z</Time><Position><LatitudeDegrees>43.28606783</LatitudeDegrees><LongitudeDegrees>-2.88328583</LongitudeDegrees></Position><AltitudeMeters>18.745</AltitudeMeters><DistanceMeters>4117.39990234375</DistanceMeters><Cadence>92</Cadence><SensorState>Present</SensorState></Trackpoint><Trackpoint><Time>2024-07-23T10:56:04.000Z</Time><Position><LatitudeDegrees>43.28607</LatitudeDegrees><LongitudeDegrees>-2.88323933</LongitudeDegrees></Position><AltitudeMeters>18.745</AltitudeMeters><DistanceMeters>4121.60009765625</DistanceMeters><Cadence>92</Cadence><SensorState>Present</SensorState></Trackpoint><Trackpoint><Time>2024-07-23T10:56:05.000Z</Time><Position><LatitudeDegrees>43.28607</LatitudeDegrees><LongitudeDegrees>-2.883187</LongitudeDegrees></Position><AltitudeMeters>18.745</AltitudeMeters><DistanceMeters>4126.0</DistanceMeters><Cadence>92</Cadence><SensorState>Present</SensorState></Trackpoint><Trackpoint><Time>2024-07-23T10:56:06.000Z</Time><Position><LatitudeDegrees>43.28606983</LatitudeDegrees><LongitudeDegrees>-2.883135</LongitudeDegrees></Position><AltitudeMeters>18.745</AltitudeMeters><DistanceMeters>4130.2001953125</DistanceMeters><Cadence>92</Cadence><SensorState>Present</SensorState></Trackpoint><Trackpoint><Time>2024-07-23T10:56:07.000Z</Time><Position><LatitudeDegrees>43.2860675</LatitudeDegrees><LongitudeDegrees>-2.88308167</LongitudeDegrees></Position><AltitudeMeters>18.745</AltitudeMeters><DistanceMeters>4134.2998046875</DistanceMeters><Cadence>92</Cadence><SensorState>Present</SensorState></Trackpoint><Trackpoint><Time>2024-07-23T10:56:08.000Z</Time><Position><LatitudeDegrees>43.28606567</LatitudeDegrees><LongitudeDegrees>-2.88303367</LongitudeDegrees></Position><AltitudeMeters>18.745</AltitudeMeters><DistanceMeters>4138.2998046875</DistanceMeters><Cadence>92</Cadence><SensorState>Present</SensorState></Trackpoint><Trackpoint><Time>2024-07-23T10:56:09.000Z</Time><Position><LatitudeDegrees>43.28606383</LatitudeDegrees><LongitudeDegrees>-2.88298783</LongitudeDegrees></Position><AltitudeMeters>18.898</AltitudeMeters><DistanceMeters>4142.2998046875</DistanceMeters><Cadence>92</Cadence><SensorState>Present</SensorState></Trackpoint><Trackpoint><Time>2024-07-23T10:56:10.000Z</Time><Position><LatitudeDegrees>43.28606333</LatitudeDegrees><LongitudeDegrees>-2.88294333</LongitudeDegrees></Position><AltitudeMeters>18.898</AltitudeMeters><DistanceMeters>4146.0</DistanceMeters><Cadence>93</Cadence><SensorState>Present</SensorState></Trackpoint><Trackpoint><Time>2024-07-23T10:56:11.000Z</Time><Position><LatitudeDegrees>43.2860655</LatitudeDegrees><LongitudeDegrees>-2.88289917</LongitudeDegrees></Position><AltitudeMeters>18.898</AltitudeMeters><DistanceMeters>4149.60009765625</DistanceMeters><Cadence>94</Cadence><SensorState>Present</SensorState></Trackpoint><Trackpoint><Time>2024-07-23T10:56:12.000Z</Time><Position><LatitudeDegrees>43.28606967</LatitudeDegrees><LongitudeDegrees>-2.882856</LongitudeDegrees></Position><AltitudeMeters>18.898</AltitudeMeters><DistanceMeters>4152.7998046875</DistanceMeters><Cadence>94</Cadence><SensorState>Present</SensorState></Trackpoint><Trackpoint><Time>2024-07-23T10:56:13.000Z</Time><Position><LatitudeDegrees>43.28607283</LatitudeDegrees><LongitudeDegrees>-2.88281417</LongitudeDegrees></Position><AltitudeMeters>18.898</AltitudeMeters><DistanceMeters>4156.0</DistanceMeters><Cadence>94</Cadence><SensorState>Present</SensorState></Trackpoint><Trackpoint><Time>2024-07-23T10:56:14.000Z</Time><Position><LatitudeDegrees>43.28607533</LatitudeDegrees><LongitudeDegrees>-2.8827735</LongitudeDegrees></Position><AltitudeMeters>18.898</AltitudeMeters><DistanceMeters>4159.10009765625</DistanceMeters><Cadence>94</Cadence><SensorState>Present</SensorState></Trackpoint><Trackpoint><Time>2024-07-23T10:56:15.000Z</Time><Position><LatitudeDegrees>43.286078</LatitudeDegrees><LongitudeDegrees>-2.88273167</LongitudeDegrees></Position><AltitudeMeters>19.05</AltitudeMeters><DistanceMeters>4162.39990234375</DistanceMeters><Cadence>92</Cadence><SensorState>Present</SensorState></Trackpoint><Trackpoint><Time>2024-07-23T10:56:16.000Z</Time><Position><LatitudeDegrees>43.28608117</LatitudeDegrees><LongitudeDegrees>-2.88268833</LongitudeDegrees></Position><AltitudeMeters>19.05</AltitudeMeters><DistanceMeters>4165.7998046875</DistanceMeters><Cadence>92</Cadence><SensorState>Present</SensorState></Trackpoint><Trackpoint><Time>2024-07-23T10:56:17.000Z</Time><Position><LatitudeDegrees>43.28608283</LatitudeDegrees><LongitudeDegrees>-2.88264417</LongitudeDegrees></Position><AltitudeMeters>19.203</AltitudeMeters><DistanceMeters>4169.2998046875</DistanceMeters><Cadence>92</Cadence><SensorState>Present</SensorState></Trackpoint><Trackpoint><Time>2024-07-23T10:56:18.000Z</Time><Position><LatitudeDegrees>43.2860825</LatitudeDegrees><LongitudeDegrees>-2.88260167</LongitudeDegrees></Position><AltitudeMeters>19.203</AltitudeMeters><DistanceMeters>4173.0</DistanceMeters><Cadence>92</Cadence><SensorState>Present</SensorState></Trackpoint><Trackpoint><Time>2024-07-23T10:56:19.000Z</Time><Position><LatitudeDegrees>43.28608183</LatitudeDegrees><LongitudeDegrees>-2.8825575</LongitudeDegrees></Position><AltitudeMeters>19.203</AltitudeMeters><DistanceMeters>4176.89990234375</DistanceMeters><Cadence>92</Cadence><SensorState>Present</SensorState></Trackpoint><Trackpoint><Time>2024-07-23T10:56:20.000Z</Time><Position><LatitudeDegrees>43.286081</LatitudeDegrees><LongitudeDegrees>-2.88250983</LongitudeDegrees></Position><AltitudeMeters>19.203</AltitudeMeters><DistanceMeters>4180.7001953125</DistanceMeters><Cadence>92</Cadence><SensorState>Present</SensorState></Trackpoint><Trackpoint><Time>2024-07-23T10:56:21.000Z</Time><Position><LatitudeDegrees>43.28607983</LatitudeDegrees><LongitudeDegrees>-2.88246167</LongitudeDegrees></Position><AltitudeMeters>19.355</AltitudeMeters><DistanceMeters>4184.2998046875</DistanceMeters><Cadence>92</Cadence><SensorState>Present</SensorState></Trackpoint><Trackpoint><Time>2024-07-23T10:56:22.000Z</Time><Position><LatitudeDegrees>43.2860785</LatitudeDegrees><LongitudeDegrees>-2.882416</LongitudeDegrees></Position><AltitudeMeters>19.355</AltitudeMeters><DistanceMeters>4187.7001953125</DistanceMeters><Cadence>92</Cadence><SensorState>Present</SensorState></Trackpoint><Trackpoint><Time>2024-07-23T10:56:23.000Z</Time><Position><LatitudeDegrees>43.2860775</LatitudeDegrees><LongitudeDegrees>-2.88237617</LongitudeDegrees></Position><AltitudeMeters>19.355</AltitudeMeters><DistanceMeters>4191.10009765625</DistanceMeters><Cadence>92</Cadence><SensorState>Present</SensorState></Trackpoint><Trackpoint><Time>2024-07-23T10:56:24.000Z</Time><Position><LatitudeDegrees>43.28607717</LatitudeDegrees><LongitudeDegrees>-2.88233783</LongitudeDegrees></Position><AltitudeMeters>19.355</AltitudeMeters><DistanceMeters>4194.5</DistanceMeters><Cadence>92</Cadence><SensorState>Present</SensorState></Trackpoint><Trackpoint><Time>2024-07-23T10:56:25.000Z</Time><Position><LatitudeDegrees>43.28607883</LatitudeDegrees><LongitudeDegrees>-2.8822985</LongitudeDegrees></Position><AltitudeMeters>19.507</AltitudeMeters><DistanceMeters>4197.89990234375</DistanceMeters><Cadence>92</Cadence><SensorState>Present</SensorState></Trackpoint><Trackpoint><Time>2024-07-23T10:56:26.000Z</Time><Position><LatitudeDegrees>43.28608</LatitudeDegrees><LongitudeDegrees>-2.88225733</LongitudeDegrees></Position><AltitudeMeters>19.507</AltitudeMeters><DistanceMeters>4201.10009765625</DistanceMeters><Cadence>92</Cadence><SensorState>Present</SensorState></Trackpoint><Trackpoint><Time>2024-07-23T10:56:27.000Z</Time><Position><LatitudeDegrees>43.2860795</LatitudeDegrees><LongitudeDegrees>-2.88221517</LongitudeDegrees></Position><AltitudeMeters>19.507</AltitudeMeters><DistanceMeters>4204.10009765625</DistanceMeters><Cadence>92</Cadence><SensorState>Present</SensorState></Trackpoint><Trackpoint><Time>2024-07-23T10:56:28.000Z</Time><Position><LatitudeDegrees>43.28607667</LatitudeDegrees><LongitudeDegrees>-2.88217567</LongitudeDegrees></Position><AltitudeMeters>19.507</AltitudeMeters><DistanceMeters>4207.0</DistanceMeters><Cadence>92</Cadence><SensorState>Present</SensorState></Trackpoint><Trackpoint><Time>2024-07-23T10:56:29.000Z</Time><Position><LatitudeDegrees>43.286075</LatitudeDegrees><LongitudeDegrees>-2.88213567</LongitudeDegrees></Position><AltitudeMeters>19.66</AltitudeMeters><DistanceMeters>4210.10009765625</DistanceMeters><Cadence>92</Cadence><SensorState>Present</SensorState></Trackpoint><Trackpoint><Time>2024-07-23T10:56:30.000Z</Time><Position><LatitudeDegrees>43.2860745</LatitudeDegrees><LongitudeDegrees>-2.88209567</LongitudeDegrees></Position><AltitudeMeters>19.66</AltitudeMeters><DistanceMeters>4213.2998046875</DistanceMeters><Cadence>92</Cadence><SensorState>Present</SensorState></Trackpoint><Trackpoint><Time>2024-07-23T10:56:31.000Z</Time><Position><LatitudeDegrees>43.2860755</LatitudeDegrees><LongitudeDegrees>-2.882055</LongitudeDegrees></Position><AltitudeMeters>19.66</AltitudeMeters><DistanceMeters>4216.5</DistanceMeters><Cadence>92</Cadence><SensorState>Present</SensorState></Trackpoint><Trackpoint><Time>2024-07-23T10:56:32.000Z</Time><Position><LatitudeDegrees>43.286075</LatitudeDegrees><LongitudeDegrees>-2.88201783</LongitudeDegrees></Position><AltitudeMeters>19.66</AltitudeMeters><DistanceMeters>4219.7001953125</DistanceMeters><Cadence>92</Cadence><SensorState>Present</SensorState></Trackpoint><Trackpoint><Time>2024-07-23T10:56:33.000Z</Time><Position><LatitudeDegrees>43.28607267</LatitudeDegrees><LongitudeDegrees>-2.8819795</LongitudeDegrees></Position><AltitudeMeters>19.66</AltitudeMeters><DistanceMeters>4222.7998046875</DistanceMeters><Cadence>92</Cadence><SensorState>Present</SensorState></Trackpoint><Trackpoint><Time>2024-07-23T10:56:34.000Z</Time><Position><LatitudeDegrees>43.28606933</LatitudeDegrees><LongitudeDegrees>-2.88194267</LongitudeDegrees></Position><AltitudeMeters>19.66</AltitudeMeters><DistanceMeters>4225.7998046875</DistanceMeters><Cadence>92</Cadence><SensorState>Present</SensorState></Trackpoint><Trackpoint><Time>2024-07-23T10:56:35.000Z</Time><Position><LatitudeDegrees>43.28606633</LatitudeDegrees><LongitudeDegrees>-2.88190367</LongitudeDegrees></Position><AltitudeMeters>19.66</AltitudeMeters><DistanceMeters>4228.7998046875</DistanceMeters><Cadence>92</Cadence><SensorState>Present</SensorState></Trackpoint><Trackpoint><Time>2024-07-23T10:56:36.000Z</Time><Position><LatitudeDegrees>43.2860635</LatitudeDegrees><LongitudeDegrees>-2.88186583</LongitudeDegrees></Position><AltitudeMeters>19.66</AltitudeMeters><DistanceMeters>4231.7998046875</DistanceMeters><Cadence>92</Cadence><SensorState>Present</SensorState></Trackpoint><Trackpoint><Time>2024-07-23T10:56:37.000Z</Time><Position><LatitudeDegrees>43.28606017</LatitudeDegrees><LongitudeDegrees>-2.8818295</LongitudeDegrees></Position><AltitudeMeters>19.66</AltitudeMeters><DistanceMeters>4235.0</DistanceMeters><Cadence>92</Cadence><SensorState>Present</SensorState></Trackpoint><Trackpoint><Time>2024-07-23T10:56:38.000Z</Time><Position><LatitudeDegrees>43.28605617</LatitudeDegrees><LongitudeDegrees>-2.88179117</LongitudeDegrees></Position><AltitudeMeters>19.66</AltitudeMeters><DistanceMeters>4238.39990234375</DistanceMeters><Cadence>92</Cadence><SensorState>Present</SensorState></Trackpoint><Trackpoint><Time>2024-07-23T10:56:39.000Z</Time><Position><LatitudeDegrees>43.28605133</LatitudeDegrees><LongitudeDegrees>-2.88175167</LongitudeDegrees></Position><AltitudeMeters>19.66</AltitudeMeters><DistanceMeters>4242.10009765625</DistanceMeters><Cadence>92</Cadence><SensorState>Present</SensorState></Trackpoint><Trackpoint><Time>2024-07-23T10:56:40.000Z</Time><Position><LatitudeDegrees>43.2860455</LatitudeDegrees><LongitudeDegrees>-2.881708</LongitudeDegrees></Position><AltitudeMeters>19.66</AltitudeMeters><DistanceMeters>4245.7998046875</DistanceMeters><Cadence>92</Cadence><SensorState>Present</SensorState></Trackpoint><Trackpoint><Time>2024-07-23T10:56:41.000Z</Time><Position><LatitudeDegrees>43.28603783</LatitudeDegrees><LongitudeDegrees>-2.88166183</LongitudeDegrees></Position><AltitudeMeters>19.66</AltitudeMeters><DistanceMeters>4250.0</DistanceMeters><Cadence>92</Cadence><SensorState>Present</SensorState></Trackpoint><Trackpoint><Time>2024-07-23T10:56:42.000Z</Time><Position><LatitudeDegrees>43.286029</LatitudeDegrees><LongitudeDegrees>-2.8816175</LongitudeDegrees></Position><AltitudeMeters>19.66</AltitudeMeters><DistanceMeters>4254.2998046875</DistanceMeters><Cadence>92</Cadence><SensorState>Present</SensorState></Trackpoint><Trackpoint><Time>2024-07-23T10:56:43.000Z</Time><Position><LatitudeDegrees>43.286017</LatitudeDegrees><LongitudeDegrees>-2.88156817</LongitudeDegrees></Position><AltitudeMeters>19.66</AltitudeMeters><DistanceMeters>4259.10009765625</DistanceMeters><Cadence>92</Cadence><SensorState>Present</SensorState></Trackpoint><Trackpoint><Time>2024-07-23T10:56:44.000Z</Time><Position><LatitudeDegrees>43.28600417</LatitudeDegrees><LongitudeDegrees>-2.881519</LongitudeDegrees></Position><AltitudeMeters>19.66</AltitudeMeters><DistanceMeters>4263.89990234375</DistanceMeters><Cadence>92</Cadence><SensorState>Present</SensorState></Trackpoint><Trackpoint><Time>2024-07-23T10:56:45.000Z</Time><Position><LatitudeDegrees>43.2859895</LatitudeDegrees><LongitudeDegrees>-2.88146333</LongitudeDegrees></Position><AltitudeMeters>19.812</AltitudeMeters><DistanceMeters>4268.5</DistanceMeters><Cadence>92</Cadence><SensorState>Present</SensorState></Trackpoint><Trackpoint><Time>2024-07-23T10:56:46.000Z</Time><Position><LatitudeDegrees>43.28597533</LatitudeDegrees><LongitudeDegrees>-2.881412</LongitudeDegrees></Position><AltitudeMeters>19.812</AltitudeMeters><DistanceMeters>4272.60009765625</DistanceMeters><Cadence>92</Cadence><SensorState>Present</SensorState></Trackpoint><Trackpoint><Time>2024-07-23T10:56:47.000Z</Time><Position><LatitudeDegrees>43.2859625</LatitudeDegrees><LongitudeDegrees>-2.88136733</LongitudeDegrees></Position><AltitudeMeters>19.812</AltitudeMeters><DistanceMeters>4276.39990234375</DistanceMeters><Cadence>92</Cadence><SensorState>Present</SensorState></Trackpoint><Trackpoint><Time>2024-07-23T10:56:48.000Z</Time><Position><LatitudeDegrees>43.2859485</LatitudeDegrees><LongitudeDegrees>-2.8813305</LongitudeDegrees></Position><AltitudeMeters>19.812</AltitudeMeters><DistanceMeters>4280.10009765625</DistanceMeters><Cadence>92</Cadence><SensorState>Present</SensorState></Trackpoint><Trackpoint><Time>2024-07-23T10:56:49.000Z</Time><Position><LatitudeDegrees>43.28593533</LatitudeDegrees><LongitudeDegrees>-2.88129567</LongitudeDegrees></Position><AltitudeMeters>19.812</AltitudeMeters><DistanceMeters>4283.7998046875</DistanceMeters><Cadence>92</Cadence><SensorState>Present</SensorState></Trackpoint><Trackpoint><Time>2024-07-23T10:56:50.000Z</Time><Position><LatitudeDegrees>43.2859225</LatitudeDegrees><LongitudeDegrees>-2.88125767</LongitudeDegrees></Position><AltitudeMeters>19.812</AltitudeMeters><DistanceMeters>4287.2001953125</DistanceMeters><Cadence>93</Cadence><SensorState>Present</SensorState></Trackpoint><Trackpoint><Time>2024-07-23T10:56:51.000Z</Time><Position><LatitudeDegrees>43.28591217</LatitudeDegrees><LongitudeDegrees>-2.88121667</LongitudeDegrees></Position><AltitudeMeters>19.965</AltitudeMeters><DistanceMeters>4290.39990234375</DistanceMeters><Cadence>94</Cadence><SensorState>Present</SensorState></Trackpoint><Trackpoint><Time>2024-07-23T10:56:52.000Z</Time><Position><LatitudeDegrees>43.28590533</LatitudeDegrees><LongitudeDegrees>-2.8811735</LongitudeDegrees></Position><AltitudeMeters>19.965</AltitudeMeters><DistanceMeters>4293.2998046875</DistanceMeters><Cadence>92</Cadence><SensorState>Present</SensorState></Trackpoint><Trackpoint><Time>2024-07-23T10:56:53.000Z</Time><Position><LatitudeDegrees>43.2859</LatitudeDegrees><LongitudeDegrees>-2.88112967</LongitudeDegrees></Position><AltitudeMeters>19.965</AltitudeMeters><DistanceMeters>4296.60009765625</DistanceMeters><Cadence>92</Cadence><SensorState>Present</SensorState></Trackpoint><Trackpoint><Time>2024-07-23T10:56:54.000Z</Time><Position><LatitudeDegrees>43.28589633</LatitudeDegrees><LongitudeDegrees>-2.88108733</LongitudeDegrees></Position><AltitudeMeters>19.965</AltitudeMeters><DistanceMeters>4300.2001953125</DistanceMeters><Cadence>92</Cadence><SensorState>Present</SensorState></Trackpoint><Trackpoint><Time>2024-07-23T10:56:55.000Z</Time><Position><LatitudeDegrees>43.28588767</LatitudeDegrees><LongitudeDegrees>-2.88104117</LongitudeDegrees></Position><AltitudeMeters>20.117</AltitudeMeters><DistanceMeters>4304.2001953125</DistanceMeters><Cadence>92</Cadence><SensorState>Present</SensorState></Trackpoint><Trackpoint><Time>2024-07-23T10:56:56.000Z</Time><Position><LatitudeDegrees>43.28587633</LatitudeDegrees><LongitudeDegrees>-2.88099533</LongitudeDegrees></Position><AltitudeMeters>20.117</AltitudeMeters><DistanceMeters>4308.2001953125</DistanceMeters><Cadence>91</Cadence><SensorState>Present</SensorState></Trackpoint><Trackpoint><Time>2024-07-23T10:56:57.000Z</Time><Position><LatitudeDegrees>43.28586217</LatitudeDegrees><LongitudeDegrees>-2.8809485</LongitudeDegrees></Position><AltitudeMeters>20.422</AltitudeMeters><DistanceMeters>4312.2001953125</DistanceMeters><Cadence>90</Cadence><SensorState>Present</SensorState></Trackpoint><Trackpoint><Time>2024-07-23T10:56:58.000Z</Time><Position><LatitudeDegrees>43.2858495</LatitudeDegrees><LongitudeDegrees>-2.88090633</LongitudeDegrees></Position><AltitudeMeters>20.422</AltitudeMeters><DistanceMeters>4315.7998046875</DistanceMeters><Cadence>90</Cadence><SensorState>Present</SensorState></Trackpoint><Trackpoint><Time>2024-07-23T10:56:59.000Z</Time><Position><LatitudeDegrees>43.28583783</LatitudeDegrees><LongitudeDegrees>-2.88086483</LongitudeDegrees></Position><AltitudeMeters>20.574</AltitudeMeters><DistanceMeters>4319.39990234375</DistanceMeters><Cadence>90</Cadence><SensorState>Present</SensorState></Trackpoint><Trackpoint><Time>2024-07-23T10:57:00.000Z</Time><Position><LatitudeDegrees>43.285826</LatitudeDegrees><LongitudeDegrees>-2.88082617</LongitudeDegrees></Position><AltitudeMeters>20.574</AltitudeMeters><DistanceMeters>4322.89990234375</DistanceMeters><Cadence>90</Cadence><SensorState>Present</SensorState></Trackpoint><Trackpoint><Time>2024-07-23T10:57:01.000Z</Time><Position><LatitudeDegrees>43.28581333</LatitudeDegrees><LongitudeDegrees>-2.880788</LongitudeDegrees></Position><AltitudeMeters>20.879</AltitudeMeters><DistanceMeters>4326.39990234375</DistanceMeters><Cadence>90</Cadence><SensorState>Present</SensorState></Trackpoint><Trackpoint><Time>2024-07-23T10:57:02.000Z</Time><Position><LatitudeDegrees>43.28580117</LatitudeDegrees><LongitudeDegrees>-2.88075117</LongitudeDegrees></Position><AltitudeMeters>20.879</AltitudeMeters><DistanceMeters>4329.60009765625</DistanceMeters><Cadence>90</Cadence><SensorState>Present</SensorState></Trackpoint><Trackpoint><Time>2024-07-23T10:57:03.000Z</Time><Position><LatitudeDegrees>43.28579233</LatitudeDegrees><LongitudeDegrees>-2.88071183</LongitudeDegrees></Position><AltitudeMeters>21.031</AltitudeMeters><DistanceMeters>4332.89990234375</DistanceMeters><Cadence>90</Cadence><SensorState>Present</SensorState></Trackpoint><Trackpoint><Time>2024-07-23T10:57:04.000Z</Time><Position><LatitudeDegrees>43.28578567</LatitudeDegrees><LongitudeDegrees>-2.88067367</LongitudeDegrees></Position><AltitudeMeters>21.031</AltitudeMeters><DistanceMeters>4336.2001953125</DistanceMeters><Cadence>90</Cadence><SensorState>Present</SensorState></Trackpoint><Trackpoint><Time>2024-07-23T10:57:05.000Z</Time><Position><LatitudeDegrees>43.28578017</LatitudeDegrees><LongitudeDegrees>-2.880629</LongitudeDegrees></Position><AltitudeMeters>21.336</AltitudeMeters><DistanceMeters>4339.60009765625</DistanceMeters><Cadence>90</Cadence><SensorState>Present</SensorState></Trackpoint><Trackpoint><Time>2024-07-23T10:57:06.000Z</Time><Position><LatitudeDegrees>43.285774</LatitudeDegrees><LongitudeDegrees>-2.88058483</LongitudeDegrees></Position><AltitudeMeters>21.336</AltitudeMeters><DistanceMeters>4342.89990234375</DistanceMeters><Cadence>90</Cadence><SensorState>Present</SensorState></Trackpoint><Trackpoint><Time>2024-07-23T10:57:07.000Z</Time><Position><LatitudeDegrees>43.28577</LatitudeDegrees><LongitudeDegrees>-2.88053917</LongitudeDegrees></Position><AltitudeMeters>21.641</AltitudeMeters><DistanceMeters>4346.2998046875</DistanceMeters><Cadence>90</Cadence><SensorState>Present</SensorState></Trackpoint><Trackpoint><Time>2024-07-23T10:57:08.000Z</Time><Position><LatitudeDegrees>43.28576667</LatitudeDegrees><LongitudeDegrees>-2.880499</LongitudeDegrees></Position><AltitudeMeters>21.641</AltitudeMeters><DistanceMeters>4349.7001953125</DistanceMeters><Cadence>90</Cadence><SensorState>Present</SensorState></Trackpoint><Trackpoint><Time>2024-07-23T10:57:09.000Z</Time><Position><LatitudeDegrees>43.285765</LatitudeDegrees><LongitudeDegrees>-2.88045817</LongitudeDegrees></Position><AltitudeMeters>21.793</AltitudeMeters><DistanceMeters>4353.10009765625</DistanceMeters><Cadence>87</Cadence><SensorState>Present</SensorState></Trackpoint><Trackpoint><Time>2024-07-23T10:57:10.000Z</Time><Position><LatitudeDegrees>43.28576367</LatitudeDegrees><LongitudeDegrees>-2.88041917</LongitudeDegrees></Position><AltitudeMeters>21.793</AltitudeMeters><DistanceMeters>4356.2998046875</DistanceMeters><Cadence>87</Cadence><SensorState>Present</SensorState></Trackpoint><Trackpoint><Time>2024-07-23T10:57:11.000Z</Time><Position><LatitudeDegrees>43.28576317</LatitudeDegrees><LongitudeDegrees>-2.88037967</LongitudeDegrees></Position><AltitudeMeters>22.098</AltitudeMeters><DistanceMeters>4359.60009765625</DistanceMeters><Cadence>87</Cadence><SensorState>Present</SensorState></Trackpoint><Trackpoint><Time>2024-07-23T10:57:12.000Z</Time><Position><LatitudeDegrees>43.28576233</LatitudeDegrees><LongitudeDegrees>-2.880341</LongitudeDegrees></Position><AltitudeMeters>22.098</AltitudeMeters><DistanceMeters>4362.39990234375</DistanceMeters><Cadence>87</Cadence><SensorState>Present</SensorState></Trackpoint><Trackpoint><Time>2024-07-23T10:57:13.000Z</Time><Position><LatitudeDegrees>43.28576067</LatitudeDegrees><LongitudeDegrees>-2.88030333</LongitudeDegrees></Position><AltitudeMeters>22.555</AltitudeMeters><DistanceMeters>4365.0</DistanceMeters><Cadence>87</Cadence><SensorState>Present</SensorState></Trackpoint><Trackpoint><Time>2024-07-23T10:57:14.000Z</Time><Position><LatitudeDegrees>43.28575867</LatitudeDegrees><LongitudeDegrees>-2.88026633</LongitudeDegrees></Position><AltitudeMeters>22.555</AltitudeMeters><DistanceMeters>4367.60009765625</DistanceMeters><Cadence>87</Cadence><SensorState>Present</SensorState></Trackpoint><Trackpoint><Time>2024-07-23T10:57:15.000Z</Time><Position><LatitudeDegrees>43.28575717</LatitudeDegrees><LongitudeDegrees>-2.88023267</LongitudeDegrees></Position><AltitudeMeters>22.86</AltitudeMeters><DistanceMeters>4370.39990234375</DistanceMeters><Cadence>87</Cadence><SensorState>Present</SensorState></Trackpoint><Trackpoint><Time>2024-07-23T10:57:16.000Z</Time><Position><LatitudeDegrees>43.2857585</LatitudeDegrees><LongitudeDegrees>-2.88019833</LongitudeDegrees></Position><AltitudeMeters>22.86</AltitudeMeters><DistanceMeters>4373.39990234375</DistanceMeters><Cadence>87</Cadence><SensorState>Present</SensorState></Trackpoint><Trackpoint><Time>2024-07-23T10:57:17.000Z</Time><Position><LatitudeDegrees>43.28576533</LatitudeDegrees><LongitudeDegrees>-2.88016383</LongitudeDegrees></Position><AltitudeMeters>23.165</AltitudeMeters><DistanceMeters>4376.5</DistanceMeters><Cadence>87</Cadence><SensorState>Present</SensorState></Trackpoint><Trackpoint><Time>2024-07-23T10:57:18.000Z</Time><Position><LatitudeDegrees>43.28577583</LatitudeDegrees><LongitudeDegrees>-2.88012517</LongitudeDegrees></Position><AltitudeMeters>23.165</AltitudeMeters><DistanceMeters>4379.60009765625</DistanceMeters><Cadence>89</Cadence><SensorState>Present</SensorState></Trackpoint><Trackpoint><Time>2024-07-23T10:57:19.000Z</Time><Position><LatitudeDegrees>43.28578733</LatitudeDegrees><LongitudeDegrees>-2.88008717</LongitudeDegrees></Position><AltitudeMeters>23.47</AltitudeMeters><DistanceMeters>4382.39990234375</DistanceMeters><Cadence>88</Cadence><SensorState>Present</SensorState></Trackpoint><Trackpoint><Time>2024-07-23T10:57:20.000Z</Time><Position><LatitudeDegrees>43.28579817</LatitudeDegrees><LongitudeDegrees>-2.88004967</LongitudeDegrees></Position><AltitudeMeters>23.47</AltitudeMeters><DistanceMeters>4385.2001953125</DistanceMeters><Cadence>89</Cadence><SensorState>Present</SensorState></Trackpoint><Trackpoint><Time>2024-07-23T10:57:21.000Z</Time><Position><LatitudeDegrees>43.28580733</LatitudeDegrees><LongitudeDegrees>-2.88001767</LongitudeDegrees></Position><AltitudeMeters>23.775</AltitudeMeters><DistanceMeters>4388.0</DistanceMeters><Cadence>89</Cadence><SensorState>Present</SensorState></Trackpoint><Trackpoint><Time>2024-07-23T10:57:22.000Z</Time><Position><LatitudeDegrees>43.28581717</LatitudeDegrees><LongitudeDegrees>-2.87998583</LongitudeDegrees></Position><AltitudeMeters>23.775</AltitudeMeters><DistanceMeters>4391.0</DistanceMeters><Cadence>88</Cadence><SensorState>Present</SensorState></Trackpoint><Trackpoint><Time>2024-07-23T10:57:23.000Z</Time><Position><LatitudeDegrees>43.2858255</LatitudeDegrees><LongitudeDegrees>-2.87995667</LongitudeDegrees></Position><AltitudeMeters>24.079</AltitudeMeters><DistanceMeters>4393.89990234375</DistanceMeters><Cadence>88</Cadence><SensorState>Present</SensorState></Trackpoint><Trackpoint><Time>2024-07-23T10:57:24.000Z</Time><Position><LatitudeDegrees>43.2858355</LatitudeDegrees><LongitudeDegrees>-2.87992517</LongitudeDegrees></Position><AltitudeMeters>24.079</AltitudeMeters><DistanceMeters>4396.89990234375</DistanceMeters><Cadence>87</Cadence><SensorState>Present</SensorState></Trackpoint><Trackpoint><Time>2024-07-23T10:57:25.000Z</Time><Position><LatitudeDegrees>43.285841</LatitudeDegrees><LongitudeDegrees>-2.87989267</LongitudeDegrees></Position><AltitudeMeters>24.384</AltitudeMeters><DistanceMeters>4399.60009765625</DistanceMeters><Cadence>87</Cadence><SensorState>Present</SensorState></Trackpoint><Trackpoint><Time>2024-07-23T10:57:26.000Z</Time><Position><LatitudeDegrees>43.2858495</LatitudeDegrees><LongitudeDegrees>-2.87985767</LongitudeDegrees></Position><AltitudeMeters>24.384</AltitudeMeters><DistanceMeters>4402.2998046875</DistanceMeters><Cadence>87</Cadence><SensorState>Present</SensorState></Trackpoint><Trackpoint><Time>2024-07-23T10:57:27.000Z</Time><Position><LatitudeDegrees>43.2858595</LatitudeDegrees><LongitudeDegrees>-2.87982333</LongitudeDegrees></Position><AltitudeMeters>24.689</AltitudeMeters><DistanceMeters>4405.0</DistanceMeters><Cadence>88</Cadence><SensorState>Present</SensorState></Trackpoint><Trackpoint><Time>2024-07-23T10:57:28.000Z</Time><Position><LatitudeDegrees>43.28587283</LatitudeDegrees><LongitudeDegrees>-2.879791</LongitudeDegrees></Position><AltitudeMeters>24.689</AltitudeMeters><DistanceMeters>4408.0</DistanceMeters><Cadence>88</Cadence><SensorState>Present</SensorState></Trackpoint><Trackpoint><Time>2024-07-23T10:57:29.000Z</Time><Position><LatitudeDegrees>43.2858835</LatitudeDegrees><LongitudeDegrees>-2.87975717</LongitudeDegrees></Position><AltitudeMeters>24.842</AltitudeMeters><DistanceMeters>4411.2001953125</DistanceMeters><Cadence>87</Cadence><SensorState>Present</SensorState></Trackpoint><Trackpoint><Time>2024-07-23T10:57:30.000Z</Time><Position><LatitudeDegrees>43.28589233</LatitudeDegrees><LongitudeDegrees>-2.87972283</LongitudeDegrees></Position><AltitudeMeters>24.842</AltitudeMeters><DistanceMeters>4414.5</DistanceMeters><Cadence>88</Cadence><SensorState>Present</SensorState></Trackpoint><Trackpoint><Time>2024-07-23T10:57:31.000Z</Time><Position><LatitudeDegrees>43.28590533</LatitudeDegrees><LongitudeDegrees>-2.87968767</LongitudeDegrees></Position><AltitudeMeters>25.146</AltitudeMeters><DistanceMeters>4417.7001953125</DistanceMeters><Cadence>89</Cadence><SensorState>Present</SensorState></Trackpoint><Trackpoint><Time>2024-07-23T10:57:32.000Z</Time><Position><LatitudeDegrees>43.28592017</LatitudeDegrees><LongitudeDegrees>-2.87965533</LongitudeDegrees></Position><AltitudeMeters>25.146</AltitudeMeters><DistanceMeters>4421.10009765625</DistanceMeters><Cadence>89</Cadence><SensorState>Present</SensorState></Trackpoint><Trackpoint><Time>2024-07-23T10:57:33.000Z</Time><Position><LatitudeDegrees>43.28593767</LatitudeDegrees><LongitudeDegrees>-2.87962317</LongitudeDegrees></Position><AltitudeMeters>25.299</AltitudeMeters><DistanceMeters>4424.39990234375</DistanceMeters><Cadence>89</Cadence><SensorState>Present</SensorState></Trackpoint><Trackpoint><Time>2024-07-23T10:57:34.000Z</Time><Position><LatitudeDegrees>43.28595567</LatitudeDegrees><LongitudeDegrees>-2.879592</LongitudeDegrees></Position><AltitudeMeters>25.299</AltitudeMeters><DistanceMeters>4427.5</DistanceMeters><Cadence>89</Cadence><SensorState>Present</SensorState></Trackpoint><Trackpoint><Time>2024-07-23T10:57:35.000Z</Time><Position><LatitudeDegrees>43.28597333</LatitudeDegrees><LongitudeDegrees>-2.87956117</LongitudeDegrees></Position><AltitudeMeters>25.451</AltitudeMeters><DistanceMeters>4430.5</DistanceMeters><Cadence>89</Cadence><SensorState>Present</SensorState></Trackpoint><Trackpoint><Time>2024-07-23T10:57:36.000Z</Time><Position><LatitudeDegrees>43.28598833</LatitudeDegrees><LongitudeDegrees>-2.87953</LongitudeDegrees></Position><AltitudeMeters>25.451</AltitudeMeters><DistanceMeters>4433.7001953125</DistanceMeters><Cadence>89</Cadence><SensorState>Present</SensorState></Trackpoint><Trackpoint><Time>2024-07-23T10:57:37.000Z</Time><Position><LatitudeDegrees>43.286</LatitudeDegrees><LongitudeDegrees>-2.8794985</LongitudeDegrees></Position><AltitudeMeters>25.604</AltitudeMeters><DistanceMeters>4437.0</DistanceMeters><Cadence>89</Cadence><SensorState>Present</SensorState></Trackpoint><Trackpoint><Time>2024-07-23T10:57:38.000Z</Time><Position><LatitudeDegrees>43.28601317</LatitudeDegrees><LongitudeDegrees>-2.8794645</LongitudeDegrees></Position><AltitudeMeters>25.604</AltitudeMeters><DistanceMeters>4440.2998046875</DistanceMeters><Cadence>89</Cadence><SensorState>Present</SensorState></Trackpoint><Trackpoint><Time>2024-07-23T10:57:39.000Z</Time><Position><LatitudeDegrees>43.28603</LatitudeDegrees><LongitudeDegrees>-2.879434</LongitudeDegrees></Position><AltitudeMeters>25.756</AltitudeMeters><DistanceMeters>4443.7001953125</DistanceMeters><Cadence>89</Cadence><SensorState>Present</SensorState></Trackpoint><Trackpoint><Time>2024-07-23T10:57:40.000Z</Time><Position><LatitudeDegrees>43.28605267</LatitudeDegrees><LongitudeDegrees>-2.87940317</LongitudeDegrees></Position><AltitudeMeters>25.756</AltitudeMeters><DistanceMeters>4447.39990234375</DistanceMeters><Cadence>90</Cadence><SensorState>Present</SensorState></Trackpoint><Trackpoint><Time>2024-07-23T10:57:41.000Z</Time><Position><LatitudeDegrees>43.28607883</LatitudeDegrees><LongitudeDegrees>-2.87937667</LongitudeDegrees></Position><AltitudeMeters>26.061</AltitudeMeters><DistanceMeters>4451.10009765625</DistanceMeters><Cadence>91</Cadence><SensorState>Present</SensorState></Trackpoint><Trackpoint><Time>2024-07-23T10:57:42.000Z</Time><Position><LatitudeDegrees>43.2861065</LatitudeDegrees><LongitudeDegrees>-2.87934733</LongitudeDegrees></Position><AltitudeMeters>26.061</AltitudeMeters><DistanceMeters>4454.89990234375</DistanceMeters><Cadence>90</Cadence><SensorState>Present</SensorState></Trackpoint><Trackpoint><Time>2024-07-23T10:57:43.000Z</Time><Position><LatitudeDegrees>43.286133</LatitudeDegrees><LongitudeDegrees>-2.87931917</LongitudeDegrees></Position><AltitudeMeters>26.366</AltitudeMeters><DistanceMeters>4458.5</DistanceMeters><Cadence>90</Cadence><SensorState>Present</SensorState></Trackpoint><Trackpoint><Time>2024-07-23T10:57:44.000Z</Time><Position><LatitudeDegrees>43.28615683</LatitudeDegrees><LongitudeDegrees>-2.87928633</LongitudeDegrees></Position><AltitudeMeters>26.366</AltitudeMeters><DistanceMeters>4462.5</DistanceMeters><Cadence>88</Cadence><SensorState>Present</SensorState></Trackpoint><Trackpoint><Time>2024-07-23T10:57:45.000Z</Time><Position><LatitudeDegrees>43.28617583</LatitudeDegrees><LongitudeDegrees>-2.8792535</LongitudeDegrees></Position><AltitudeMeters>26.518</AltitudeMeters><DistanceMeters>4466.2998046875</DistanceMeters><Cadence>89</Cadence><SensorState>Present</SensorState></Trackpoint><Trackpoint><Time>2024-07-23T10:57:46.000Z</Time><Position><LatitudeDegrees>43.28619317</LatitudeDegrees><LongitudeDegrees>-2.87921767</LongitudeDegrees></Position><AltitudeMeters>26.518</AltitudeMeters><DistanceMeters>4469.89990234375</DistanceMeters><Cadence>89</Cadence><SensorState>Present</SensorState></Trackpoint><Trackpoint><Time>2024-07-23T10:57:47.000Z</Time><Position><LatitudeDegrees>43.286209</LatitudeDegrees><LongitudeDegrees>-2.87918317</LongitudeDegrees></Position><AltitudeMeters>26.823</AltitudeMeters><DistanceMeters>4473.2998046875</DistanceMeters><Cadence>89</Cadence><SensorState>Present</SensorState></Trackpoint><Trackpoint><Time>2024-07-23T10:57:48.000Z</Time><Position><LatitudeDegrees>43.28622417</LatitudeDegrees><LongitudeDegrees>-2.87914717</LongitudeDegrees></Position><AltitudeMeters>26.823</AltitudeMeters><DistanceMeters>4476.60009765625</DistanceMeters><Cadence>89</Cadence><SensorState>Present</SensorState></Trackpoint><Trackpoint><Time>2024-07-23T10:57:49.000Z</Time><Position><LatitudeDegrees>43.28623667</LatitudeDegrees><LongitudeDegrees>-2.879112</LongitudeDegrees></Position><AltitudeMeters>27.28</AltitudeMeters><DistanceMeters>4479.7998046875</DistanceMeters><Cadence>89</Cadence><SensorState>Present</SensorState></Trackpoint><Trackpoint><Time>2024-07-23T10:57:50.000Z</Time><Position><LatitudeDegrees>43.28625117</LatitudeDegrees><LongitudeDegrees>-2.8790745</LongitudeDegrees></Position><AltitudeMeters>27.28</AltitudeMeters><DistanceMeters>4483.10009765625</DistanceMeters><Cadence>89</Cadence><SensorState>Present</SensorState></Trackpoint><Trackpoint><Time>2024-07-23T10:57:51.000Z</Time><Position><LatitudeDegrees>43.286266</LatitudeDegrees><LongitudeDegrees>-2.87903783</LongitudeDegrees></Position><AltitudeMeters>27.585</AltitudeMeters><DistanceMeters>4486.10009765625</DistanceMeters><Cadence>89</Cadence><SensorState>Present</SensorState></Trackpoint><Trackpoint><Time>2024-07-23T10:57:52.000Z</Time><Position><LatitudeDegrees>43.28628217</LatitudeDegrees><LongitudeDegrees>-2.8790005</LongitudeDegrees></Position><AltitudeMeters>27.585</AltitudeMeters><DistanceMeters>4489.5</DistanceMeters><Cadence>89</Cadence><SensorState>Present</SensorState></Trackpoint><Trackpoint><Time>2024-07-23T10:57:53.000Z</Time><Position><LatitudeDegrees>43.28629517</LatitudeDegrees><LongitudeDegrees>-2.878965</LongitudeDegrees></Position><AltitudeMeters>27.89</AltitudeMeters><DistanceMeters>4492.60009765625</DistanceMeters><Cadence>89</Cadence><SensorState>Present</SensorState></Trackpoint><Trackpoint><Time>2024-07-23T10:57:54.000Z</Time><Position><LatitudeDegrees>43.28630817</LatitudeDegrees><LongitudeDegrees>-2.8789295</LongitudeDegrees></Position><AltitudeMeters>27.89</AltitudeMeters><DistanceMeters>4495.5</DistanceMeters><Cadence>89</Cadence><SensorState>Present</SensorState></Trackpoint><Trackpoint><Time>2024-07-23T10:57:55.000Z</Time><Position><LatitudeDegrees>43.28632183</LatitudeDegrees><LongitudeDegrees>-2.87889767</LongitudeDegrees></Position><AltitudeMeters>28.194</AltitudeMeters><DistanceMeters>4498.2001953125</DistanceMeters><Cadence>90</Cadence><SensorState>Present</SensorState></Trackpoint><Trackpoint><Time>2024-07-23T10:57:56.000Z</Time><Position><LatitudeDegrees>43.28633967</LatitudeDegrees><LongitudeDegrees>-2.878873</LongitudeDegrees></Position><AltitudeMeters>28.194</AltitudeMeters><DistanceMeters>4501.0</DistanceMeters><Cadence>90</Cadence><SensorState>Present</SensorState></Trackpoint><Trackpoint><Time>2024-07-23T10:57:57.000Z</Time><Position><LatitudeDegrees>43.28636217</LatitudeDegrees><LongitudeDegrees>-2.87885583</LongitudeDegrees></Position><AltitudeMeters>28.499</AltitudeMeters><DistanceMeters>4503.60009765625</DistanceMeters><Cadence>90</Cadence><SensorState>Present</SensorState></Trackpoint><Trackpoint><Time>2024-07-23T10:57:58.000Z</Time><Position><LatitudeDegrees>43.28638783</LatitudeDegrees><LongitudeDegrees>-2.87884667</LongitudeDegrees></Position><AltitudeMeters>28.499</AltitudeMeters><DistanceMeters>4506.5</DistanceMeters><Cadence>90</Cadence><SensorState>Present</SensorState></Trackpoint><Trackpoint><Time>2024-07-23T10:57:59.000Z</Time><Position><LatitudeDegrees>43.2864155</LatitudeDegrees><LongitudeDegrees>-2.878843</LongitudeDegrees></Position><AltitudeMeters>28.652</AltitudeMeters><DistanceMeters>4509.2998046875</DistanceMeters><Cadence>90</Cadence><SensorState>Present</SensorState></Trackpoint><Trackpoint><Time>2024-07-23T10:58:00.000Z</Time><Position><LatitudeDegrees>43.2864455</LatitudeDegrees><LongitudeDegrees>-2.8788445</LongitudeDegrees></Position><AltitudeMeters>28.652</AltitudeMeters><DistanceMeters>4512.2001953125</DistanceMeters><Cadence>91</Cadence><SensorState>Present</SensorState></Trackpoint><Trackpoint><Time>2024-07-23T10:58:01.000Z</Time><Position><LatitudeDegrees>43.2864775</LatitudeDegrees><LongitudeDegrees>-2.87885083</LongitudeDegrees></Position><AltitudeMeters>28.956</AltitudeMeters><DistanceMeters>4515.10009765625</DistanceMeters><Cadence>91</Cadence><SensorState>Present</SensorState></Trackpoint><Trackpoint><Time>2024-07-23T10:58:02.000Z</Time><Position><LatitudeDegrees>43.28650667</LatitudeDegrees><LongitudeDegrees>-2.87886233</LongitudeDegrees></Position><AltitudeMeters>28.956</AltitudeMeters><DistanceMeters>4518.2001953125</DistanceMeters><Cadence>91</Cadence><SensorState>Present</SensorState></Trackpoint><Trackpoint><Time>2024-07-23T10:58:03.000Z</Time><Position><LatitudeDegrees>43.28653217</LatitudeDegrees><LongitudeDegrees>-2.87888133</LongitudeDegrees></Position><AltitudeMeters>29.109</AltitudeMeters><DistanceMeters>4521.89990234375</DistanceMeters><Cadence>90</Cadence><SensorState>Present</SensorState></Trackpoint><Trackpoint><Time>2024-07-23T10:58:04.000Z</Time><Position><LatitudeDegrees>43.28655483</LatitudeDegrees><LongitudeDegrees>-2.8789045</LongitudeDegrees></Position><AltitudeMeters>29.109</AltitudeMeters><DistanceMeters>4525.5</DistanceMeters><Cadence>90</Cadence><SensorState>Present</SensorState></Trackpoint><Trackpoint><Time>2024-07-23T10:58:05.000Z</Time><Position><LatitudeDegrees>43.28657767</LatitudeDegrees><LongitudeDegrees>-2.87893117</LongitudeDegrees></Position><AltitudeMeters>29.261</AltitudeMeters><DistanceMeters>4528.89990234375</DistanceMeters><Cadence>91</Cadence><SensorState>Present</SensorState></Trackpoint><Trackpoint><Time>2024-07-23T10:58:06.000Z</Time><Position><LatitudeDegrees>43.28659933</LatitudeDegrees><LongitudeDegrees>-2.87895983</LongitudeDegrees></Position><AltitudeMeters>29.261</AltitudeMeters><DistanceMeters>4532.2998046875</DistanceMeters><Cadence>91</Cadence><SensorState>Present</SensorState></Trackpoint><Trackpoint><Time>2024-07-23T10:58:07.000Z</Time><Position><LatitudeDegrees>43.28661883</LatitudeDegrees><LongitudeDegrees>-2.8789915</LongitudeDegrees></Position><AltitudeMeters>29.414</AltitudeMeters><DistanceMeters>4535.7001953125</DistanceMeters><Cadence>91</Cadence><SensorState>Present</SensorState></Trackpoint><Trackpoint><Time>2024-07-23T10:58:08.000Z</Time><Position><LatitudeDegrees>43.28663633</LatitudeDegrees><LongitudeDegrees>-2.87902683</LongitudeDegrees></Position><AltitudeMeters>29.414</AltitudeMeters><DistanceMeters>4539.10009765625</DistanceMeters><Cadence>91</Cadence><SensorState>Present</SensorState></Trackpoint><Trackpoint><Time>2024-07-23T10:58:09.000Z</Time><Position><LatitudeDegrees>43.28665183</LatitudeDegrees><LongitudeDegrees>-2.8790645</LongitudeDegrees></Position><AltitudeMeters>29.566</AltitudeMeters><DistanceMeters>4542.7998046875</DistanceMeters><Cadence>91</Cadence><SensorState>Present</SensorState></Trackpoint><Trackpoint><Time>2024-07-23T10:58:10.000Z</Time><Position><LatitudeDegrees>43.286667</LatitudeDegrees><LongitudeDegrees>-2.87910333</LongitudeDegrees></Position><AltitudeMeters>29.566</AltitudeMeters><DistanceMeters>4546.5</DistanceMeters><Cadence>91</Cadence><SensorState>Present</SensorState></Trackpoint><Trackpoint><Time>2024-07-23T10:58:11.000Z</Time><Position><LatitudeDegrees>43.28668283</LatitudeDegrees><LongitudeDegrees>-2.8791425</LongitudeDegrees></Position><AltitudeMeters>29.566</AltitudeMeters><DistanceMeters>4550.39990234375</DistanceMeters><Cadence>91</Cadence><SensorState>Present</SensorState></Trackpoint><Trackpoint><Time>2024-07-23T10:58:12.000Z</Time><Position><LatitudeDegrees>43.2866975</LatitudeDegrees><LongitudeDegrees>-2.879184</LongitudeDegrees></Position><AltitudeMeters>29.566</AltitudeMeters><DistanceMeters>4554.2998046875</DistanceMeters><Cadence>91</Cadence><SensorState>Present</SensorState></Trackpoint><Trackpoint><Time>2024-07-23T10:58:13.000Z</Time><Position><LatitudeDegrees>43.28671133</LatitudeDegrees><LongitudeDegrees>-2.879227</LongitudeDegrees></Position><AltitudeMeters>29.718</AltitudeMeters><DistanceMeters>4558.2998046875</DistanceMeters><Cadence>91</Cadence><SensorState>Present</SensorState></Trackpoint><Trackpoint><Time>2024-07-23T10:58:14.000Z</Time><Position><LatitudeDegrees>43.28672067</LatitudeDegrees><LongitudeDegrees>-2.87927233</LongitudeDegrees></Position><AltitudeMeters>29.718</AltitudeMeters><DistanceMeters>4562.39990234375</DistanceMeters><Cadence>91</Cadence><SensorState>Present</SensorState></Trackpoint><Trackpoint><Time>2024-07-23T10:58:15.000Z</Time><Position><LatitudeDegrees>43.28672783</LatitudeDegrees><LongitudeDegrees>-2.87931817</LongitudeDegrees></Position><AltitudeMeters>29.718</AltitudeMeters><DistanceMeters>4566.5</DistanceMeters><Cadence>91</Cadence><SensorState>Present</SensorState></Trackpoint><Trackpoint><Time>2024-07-23T10:58:16.000Z</Time><Position><LatitudeDegrees>43.28673417</LatitudeDegrees><LongitudeDegrees>-2.879367</LongitudeDegrees></Position><AltitudeMeters>29.718</AltitudeMeters><DistanceMeters>4570.7001953125</DistanceMeters><Cadence>91</Cadence><SensorState>Present</SensorState></Trackpoint><Trackpoint><Time>2024-07-23T10:58:17.000Z</Time><Position><LatitudeDegrees>43.28674167</LatitudeDegrees><LongitudeDegrees>-2.87941467</LongitudeDegrees></Position><AltitudeMeters>29.871</AltitudeMeters><DistanceMeters>4574.89990234375</DistanceMeters><Cadence>91</Cadence><SensorState>Present</SensorState></Trackpoint><Trackpoint><Time>2024-07-23T10:58:18.000Z</Time><Position><LatitudeDegrees>43.28675133</LatitudeDegrees><LongitudeDegrees>-2.87946383</LongitudeDegrees></Position><AltitudeMeters>29.871</AltitudeMeters><DistanceMeters>4578.7998046875</DistanceMeters><Cadence>91</Cadence><SensorState>Present</SensorState></Trackpoint><Trackpoint><Time>2024-07-23T10:58:19.000Z</Time><Position><LatitudeDegrees>43.2867615</LatitudeDegrees><LongitudeDegrees>-2.87950967</LongitudeDegrees></Position><AltitudeMeters>29.871</AltitudeMeters><DistanceMeters>4582.7998046875</DistanceMeters><Cadence>91</Cadence><SensorState>Present</SensorState></Trackpoint><Trackpoint><Time>2024-07-23T10:58:20.000Z</Time><Position><LatitudeDegrees>43.28676967</LatitudeDegrees><LongitudeDegrees>-2.879556</LongitudeDegrees></Position><AltitudeMeters>29.871</AltitudeMeters><DistanceMeters>4586.89990234375</DistanceMeters><Cadence>93</Cadence><SensorState>Present</SensorState></Trackpoint><Trackpoint><Time>2024-07-23T10:58:21.000Z</Time><Position><LatitudeDegrees>43.2867775</LatitudeDegrees><LongitudeDegrees>-2.87960083</LongitudeDegrees></Position><AltitudeMeters>29.871</AltitudeMeters><DistanceMeters>4590.7998046875</DistanceMeters><Cadence>92</Cadence><SensorState>Present</SensorState></Trackpoint><Trackpoint><Time>2024-07-23T10:58:22.000Z</Time><Position><LatitudeDegrees>43.28678383</LatitudeDegrees><LongitudeDegrees>-2.8796475</LongitudeDegrees></Position><AltitudeMeters>29.871</AltitudeMeters><DistanceMeters>4594.89990234375</DistanceMeters><Cadence>93</Cadence><SensorState>Present</SensorState></Trackpoint><Trackpoint><Time>2024-07-23T10:58:23.000Z</Time><Position><LatitudeDegrees>43.28679033</LatitudeDegrees><LongitudeDegrees>-2.87969417</LongitudeDegrees></Position><AltitudeMeters>29.871</AltitudeMeters><DistanceMeters>4598.7998046875</DistanceMeters><Cadence>94</Cadence><SensorState>Present</SensorState></Trackpoint><Trackpoint><Time>2024-07-23T10:58:24.000Z</Time><Position><LatitudeDegrees>43.28679783</LatitudeDegrees><LongitudeDegrees>-2.879742</LongitudeDegrees></Position><AltitudeMeters>29.871</AltitudeMeters><DistanceMeters>4602.7998046875</DistanceMeters><Cadence>94</Cadence><SensorState>Present</SensorState></Trackpoint><Trackpoint><Time>2024-07-23T10:58:25.000Z</Time><Position><LatitudeDegrees>43.28680617</LatitudeDegrees><LongitudeDegrees>-2.87978917</LongitudeDegrees></Position><AltitudeMeters>29.871</AltitudeMeters><DistanceMeters>4606.7998046875</DistanceMeters><Cadence>94</Cadence><SensorState>Present</SensorState></Trackpoint><Trackpoint><Time>2024-07-23T10:58:26.000Z</Time><Position><LatitudeDegrees>43.286818</LatitudeDegrees><LongitudeDegrees>-2.8798385</LongitudeDegrees></Position><AltitudeMeters>29.871</AltitudeMeters><DistanceMeters>4610.89990234375</DistanceMeters><Cadence>94</Cadence><SensorState>Present</SensorState></Trackpoint><Trackpoint><Time>2024-07-23T10:58:27.000Z</Time><Position><LatitudeDegrees>43.286831</LatitudeDegrees><LongitudeDegrees>-2.87988517</LongitudeDegrees></Position><AltitudeMeters>29.871</AltitudeMeters><DistanceMeters>4614.89990234375</DistanceMeters><Cadence>93</Cadence><SensorState>Present</SensorState></Trackpoint><Trackpoint><Time>2024-07-23T10:58:28.000Z</Time><Position><LatitudeDegrees>43.28684467</LatitudeDegrees><LongitudeDegrees>-2.87993167</LongitudeDegrees></Position><AltitudeMeters>29.871</AltitudeMeters><DistanceMeters>4618.7998046875</DistanceMeters><Cadence>93</Cadence><SensorState>Present</SensorState></Trackpoint><Trackpoint><Time>2024-07-23T10:58:29.000Z</Time><Position><LatitudeDegrees>43.286858</LatitudeDegrees><LongitudeDegrees>-2.87997533</LongitudeDegrees></Position><AltitudeMeters>29.871</AltitudeMeters><DistanceMeters>4622.60009765625</DistanceMeters><Cadence>92</Cadence><SensorState>Present</SensorState></Trackpoint><Trackpoint><Time>2024-07-23T10:58:30.000Z</Time><Position><LatitudeDegrees>43.28687117</LatitudeDegrees><LongitudeDegrees>-2.8800165</LongitudeDegrees></Position><AltitudeMeters>29.871</AltitudeMeters><DistanceMeters>4626.2001953125</DistanceMeters><Cadence>92</Cadence><SensorState>Present</SensorState></Trackpoint><Trackpoint><Time>2024-07-23T10:58:31.000Z</Time><Position><LatitudeDegrees>43.286887</LatitudeDegrees><LongitudeDegrees>-2.88005533</LongitudeDegrees></Position><AltitudeMeters>29.871</AltitudeMeters><DistanceMeters>4629.7001953125</DistanceMeters><Cadence>91</Cadence><SensorState>Present</SensorState></Trackpoint><Trackpoint><Time>2024-07-23T10:58:32.000Z</Time><Position><LatitudeDegrees>43.2869015</LatitudeDegrees><LongitudeDegrees>-2.88009183</LongitudeDegrees></Position><AltitudeMeters>29.871</AltitudeMeters><DistanceMeters>4633.2001953125</DistanceMeters><Cadence>91</Cadence><SensorState>Present</SensorState></Trackpoint><Trackpoint><Time>2024-07-23T10:58:33.000Z</Time><Position><LatitudeDegrees>43.286914</LatitudeDegrees><LongitudeDegrees>-2.88013283</LongitudeDegrees></Position><AltitudeMeters>29.871</AltitudeMeters><DistanceMeters>4636.5</DistanceMeters><Cadence>90</Cadence><SensorState>Present</SensorState></Trackpoint><Trackpoint><Time>2024-07-23T10:58:34.000Z</Time><Position><LatitudeDegrees>43.28692383</LatitudeDegrees><LongitudeDegrees>-2.88017233</LongitudeDegrees></Position><AltitudeMeters>29.871</AltitudeMeters><DistanceMeters>4639.7001953125</DistanceMeters><Cadence>90</Cadence><SensorState>Present</SensorState></Trackpoint><Trackpoint><Time>2024-07-23T10:58:35.000Z</Time><Position><LatitudeDegrees>43.28693417</LatitudeDegrees><LongitudeDegrees>-2.88021417</LongitudeDegrees></Position><AltitudeMeters>29.718</AltitudeMeters><DistanceMeters>4642.89990234375</DistanceMeters><Cadence>86</Cadence><SensorState>Present</SensorState></Trackpoint><Trackpoint><Time>2024-07-23T10:58:36.000Z</Time><Position><LatitudeDegrees>43.28694533</LatitudeDegrees><LongitudeDegrees>-2.88025283</LongitudeDegrees></Position><SensorState>Absent</SensorState></Trackpoint><Trackpoint><Time>2024-07-23T10:58:37.000Z</Time><Position><LatitudeDegrees>43.28695617</LatitudeDegrees><LongitudeDegrees>-2.880293</LongitudeDegrees></Position><SensorState>Absent</SensorState></Trackpoint><Trackpoint><Time>2024-07-23T10:58:38.000Z</Time><Position><LatitudeDegrees>43.28696483</LatitudeDegrees><LongitudeDegrees>-2.88033067</LongitudeDegrees></Position><SensorState>Absent</SensorState></Trackpoint></Track><Extensions><LX xmlns="http://www.garmin.com/xmlschemas/ActivityExtension/v2"><AvgSpeed>3.4770061728395034</AvgSpeed></LX></Extensions></Lap><Training xmlns="http://www.garmin.com/xmlschemas/TrainingCenterDatabase/v2" VirtualPartner="false"><Plan Type="Workout" IntervalWorkout="false"><Name>Correr</Name><Extensions></Extensions></Plan></Training><Creator xmlns:xsi="http://www.w3.org/2001/XMLSchema-instance" xsi:type="Device_t"><Name>Polar M400</Name><UnitId>0</UnitId><ProductID>22</ProductID><Version><VersionMajor>1</VersionMajor><VersionMinor>9</VersionMinor><BuildMajor>0</BuildMajor><BuildMinor>0</BuildMinor></Version></Creator></Activity></Activities><Author xmlns:xsi="http://www.w3.org/2001/XMLSchema-instance" xsi:type="Application_t"><Name>Polar Flow Mobile Viewer Android</Name><Build><Version><VersionMajor>0</VersionMajor><VersionMinor>0</VersionMinor></Version></Build><LangID>EN</LangID><PartNumber>XXX-XXXXX-XX</PartNumber></Author></TrainingCenterDatabase>