Name,Sport,Date,Start time,Duration,Total distance (km),Average heart rate (bpm),Average speed (km/h),Max speed (km/h),Average pace (min/km),Max pace (min/km),Calories,Fat percentage of calories(%),Carbohydrate percentage of calories(%),Protein percentage of calories(%),Average cadence (rpm),Average stride length (cm),Running index,Training load,Ascent (m),Descent (m),Average power (W),Max power (W),Notes,Height (cm),Weight (kg),HR max,HR sit,VO2max,
anton espiga,RUNNING,16-11-2025,13:45:25,01:00:20,10.71,140,10.7,16.0,05:38,03:44,585,38,61,1,88,,57,,120,116,,,,169.0,64.0,183,50,47,
Sample rate,Time,HR (bpm),Speed (km/h),Pace (min/km),Cadence,Altitude (m),Stride length (m),Distances (m),Temperatures (C),Power (W),
1,00:00:00,80,0.0,00:00,0,,,0.00,,,
,00:00:01,81,0.0,00:00,0,,,0.00,,,
,00:00:02,82,0.0,00:00,0,,,0.00,,,
,00:00:03,82,0.1,00:00,0,,,0.00,,,
,00:00:04,82,0.4,162:04,0,,,0.00,,,
,00:00:05,82,1.0,58:12,0,,,0.40,,,
,00:00:06,84,1.9,30:58,0,,,1.00,,,
,00:00:07,86,4.8,12:28,63,,,2.60,,,
,00:00:08,87,7.2,08:17,73,,,4.80,,,
,00:00:09,89,8.6,06:57,81,,,7.30,,,
,00:00:10,91,9.2,06:31,82,,,10.00,,,
,00:00:11,92,9.3,06:29,83,,,12.60,,,
,00:00:12,92,9.1,06:35,83,,,15.00,,,
,00:00:13,93,9.1,06:38,83,,,17.50,,,
,00:00:14,93,9.2,06:30,83,,,20.10,,,
,00:00:15,93,9.4,06:23,83,,,22.70,,,
,00:00:16,94,9.5,06:18,83,,,25.30,,,
,00:00:17,96,9.6,06:15,83,,,28.00,,,
,00:00:18,97,9.7,06:11,83,,,30.70,,,
,00:00:19,98,9.8,06:07,83,,,33.40,,,
,00:00:20,99,9.9,06:02,83,,,36.10,,,
,00:00:21,99,10.1,05:58,83,,,38.90,,,
,00:00:22,99,10.2,05:54,83,,,41.70,,,
,00:00:23,99,10.2,05:52,83,,,44.50,,,
,00:00:24,100,10.2,05:52,83,,,47.40,,,
,00:00:25,101,10.2,05:53,84,,,50.20,,,
,00:00:26,102,10.1,05:55,85,,,52.90,,,
,00:00:27,103,10.0,05:58,85,,,56.30,,,
,00:00:28,103,9.9,06:02,85,,,59.00,,,
,00:00:29,104,9.8,06:06,85,,,61.70,,,
,00:00:30,106,9.7,06:10,84,,,64.40,,,
,00:00:31,106,9.6,06:17,84,,,67.00,,,
,00:00:32,106,9.3,06:25,84,,,69.60,,,
,00:00:33,106,6.3,09:34,82,,,71.80,,,
,00:00:34,106,7.5,08:02,82,,,72.00,,,
,00:00:35,107,7.9,07:35,81,,,72.00,,,
,00:00:36,107,8.1,07:26,81,,,72.00,,,
,00:00:37,107,8.1,07:23,82,,,74.20,,,
,00:00:38,107,8.2,07:19,83,,,77.10,,,
,00:00:39,107,8.3,07:14,83,,,81.40,,,
,00:00:40,108,8.4,07:10,83,,,84.40,,,
,00:00:41,108,8.5,07:06,84,,,87.80,,,
,00:00:42,108,8.5,07:05,85,,,91.30,,,
,00:00:43,108,8.6,07:00,85,,,94.80,,,
,00:00:44,108,8.7,06:53,85,,,96.80,,,
,00:00:45,108,8.9,06:45,85,,,99.30,,,
,00:00:46,108,9.0,06:42,85,,,102.20,,,
,00:00:47,109,9.0,06:41,84,,,104.30,,,
,00:00:48,109,9.0,06:38,84,,,107.00,,,
,00:00:49,110,9.1,06:37,85,,,109.70,,,
,00:00:50,110,9.1,06:37,84,,,111.90,,,
,00:00:51,111,9.0,06:40,85,,,114.10,,,
,00:00:52,111,9.0,06:40,85,,,116.20,,,
,00:00:53,111,9.0,06:40,85,,,118.70,,,
,00:00:54,111,9.0,06:40,85,,,120.80,,,
,00:00:55,111,9.0,06:38,85,,,123.20,,,
,00:00:56,111,9.0,06:40,85,,,125.90,,,
,00:00:57,111,9.0,06:41,85,,,128.70,,,
,00:00:58,111,9.0,06:41,84,,,131.60,,,
,00:00:59,111,9.0,06:41,84,,,134.30,,,
,00:01:00,111,9.0,06:38,84,,,137.00,,,
,00:01:01,111,9.1,06:37,84,,,140.00,,,
,00:01:02,112,9.1,06:37,84,,,142.20,,,
,00:01:03,112,9.1,06:37,84,,,144.60,,,
,00:01:04,113,9.1,06:37,84,,,147.10,,,
,00:01:05,113,9.1,06:37,84,,,149.00,,,
,00:01:06,114,9.0,06:40,84,,,151.40,,,
,00:01:07,114,8.9,06:43,84,,,153.90,,,
,00:01:08,114,8.7,06:53,84,,,156.20,,,
,00:01:09,115,8.6,06:58,84,,,158.30,,,
,00:01:10,115,8.7,06:54,84,,,160.70,,,
,00:01:11,115,8.7,06:55,84,,,163.20,,,
,00:01:12,115,8.6,06:56,84,,,165.40,,,
,00:01:13,115,8.5,07:01,84,,,167.60,,,
,00:01:14,115,8.4,07:09,84,,,170.00,,,
,00:01:15,115,8.3,07:12,84,,,172.40,,,
,00:01:16,116,8.3,07:14,84,,,174.30,,,
,00:01:17,116,8.3,07:15,84,,,176.80,,,
,00:01:18,116,8.3,07:15,84,,,179.60,,,
,00:01:19,116,8.3,07:15,84,,,181.80,,,
,00:01:20,117,8.3,07:15,84,,,184.10,,,
,00:01:21,117,8.3,07:14,84,,,186.50,,,
,00:01:22,117,8.3,07:14,82,,,188.70,,,
,00:01:23,117,8.3,07:13,83,,,191.10,,,
,00:01:24,118,8.3,07:13,83,,,193.30,,,
,00:01:25,118,8.3,07:13,83,,,195.70,,,
,00:01:26,118,8.3,07:13,83,,,197.90,,,
,00:01:27,118,8.3,07:13,83,,,199.90,,,
,00:01:28,118,8.3,07:12,83,,,202.00,,,
,00:01:29,119,8.3,07:12,83,,,204.00,,,
,00:01:30,119,8.3,07:12,83,,,206.20,,,
,00:01:31,119,8.3,07:12,83,,,208.40,,,
,00:01:32,119,8.3,07:12,83,,,210.40,,,
,00:01:33,120,8.3,07:12,83,,,212.70,,,
,00:01:34,120,8.3,07:12,83,39,,214.80,,,
,00:01:35,120,8.3,07:12,83,41,,216.90,,,
,00:01:36,120,8.3,07:12,83,41,,219.20,,,
,00:01:37,121,8.3,07:12,83,41,,221.50,,,
,00:01:38,121,8.3,07:12,83,40,,223.80,,,
,00:01:39,121,8.3,07:12,83,40,,226.10,,,
,00:01:40,121,8.3,07:12,83,40,,228.70,,,
,00:01:41,121,8.3,07:12,83,40,,230.80,,,
,00:01:42,122,8.3,07:12,83,40,,233.00,,,
,00:01:43,122,8.3,07:12,83,39,,235.30,,,
,00:01:44,122,8.3,07:12,83,39,,237.70,,,
,00:01:45,122,8.3,07:12,83,39,,240.00,,,
,00:01:46,123,8.3,07:12,83,39,,242.60,,,
,00:01:47,123,8.3,07:13,82,39,,244.60,,,
,00:01:48,124,8.3,07:13,81,39,,246.90,,,
,00:01:49,124,8.3,07:13,81,39,,249.10,,,
,00:01:50,125,8.3,07:13,81,39,,251.50,,,
,00:01:51,125,8.3,07:13,82,39,,253.80,,,
,00:01:52,125,8.3,07:13,83,39,,256.00,,,
,00:01:53,125,8.3,07:13,83,39,,258.20,,,
,00:01:54,125,8.3,07:13,83,39,,260.40,,,
,00:01:55,126,8.3,07:13,83,39,,262.60,,,
,00:01:56,126,8.3,07:14,83,39,,264.70,,,
,00:01:57,126,8.3,07:15,82,39,,267.00,,,
,00:01:58,126,8.3,07:16,81,39,,269.20,,,
,00:01:59,126,8.3,07:16,81,39,,271.40,,,
,00:02:00,126,8.3,07:16,82,39,,273.80,,,
,00:02:01,127,8.2,07:17,83,39,,276.40,,,
,00:02:02,127,8.2,07:17,83,39,,278.40,,,
,00:02:03,127,8.2,07:17,83,39,,280.80,,,
,00:02:04,127,8.2,07:18,83,39,,282.90,,,
,00:02:05,127,8.2,07:18,83,39,,285.50,,,
,00:02:06,128,8.2,07:18,83,39,,287.80,,,
,00:02:07,128,8.2,07:18,83,39,,289.90,,,
,00:02:08,128,8.2,07:19,83,39,,292.50,,,
,00:02:09,129,8.2,07:19,83,39,,294.50,,,
,00:02:10,129,8.2,07:20,81,39,,296.60,,,
,00:02:11,129,8.2,07:20,82,40,,299.00,,,
,00:02:12,129,8.2,07:20,83,40,,301.30,,,
,00:02:13,130,8.2,07:20,83,40,,303.30,,,
,00:02:14,130,8.2,07:20,83,40,,305.70,,,
,00:02:15,130,8.2,07:20,83,40,,307.90,,,
,00:02:16,130,8.2,07:21,82,40,,310.40,,,
,00:02:17,130,8.2,07:21,83,40,,312.30,,,
,00:02:18,130,8.2,07:21,83,40,,315.20,,,
,00:02:19,131,8.2,07:21,83,39,,317.20,,,
,00:02:20,131,8.2,07:21,83,39,,319.60,,,
,00:02:21,131,8.2,07:21,83,39,,321.70,,,
,00:02:22,131,8.2,07:21,83,39,,324.20,,,
,00:02:23,132,8.2,07:21,83,39,,326.20,,,
,00:02:24,132,8.1,07:22,83,39,,328.40,,,
,00:02:25,132,8.1,07:22,83,39,,330.40,,,
,00:02:26,133,8.1,07:22,83,39,,333.00,,,
,00:02:27,133,8.1,07:22,82,39,,334.70,,,
,00:02:28,133,8.1,07:22,81,39,,337.10,,,
,00:02:29,133,8.1,07:22,81,39,,339.50,,,
,00:02:30,133,8.1,07:22,81,39,,341.70,,,
,00:02:31,133,8.1,07:22,82,39,,344.00,,,
,00:02:32,133,8.1,07:22,83,39,,346.40,,,
,00:02:33,133,8.1,07:22,83,39,,348.60,,,
,00:02:34,133,8.1,07:23,83,39,,351.30,,,
,00:02:35,133,8.1,07:23,83,39,,353.30,,,
,00:02:36,133,8.1,07:23,83,39,,356.00,,,
,00:02:37,133,8.1,07:23,81,39,,358.10,,,
,00:02:38,133,8.1,07:23,81,39,,360.20,,,
,00:02:39,133,8.0,07:28,81,39,,362.30,,,
,00:02:40,133,8.0,07:32,83,39,,364.40,,,
,00:02:41,133,8.0,07:31,83,39,,366.70,,,
,00:02:42,133,8.0,07:29,83,39,,368.90,,,
,00:02:43,132,8.0,07:29,83,39,,370.90,,,
,00:02:44,132,8.0,07:28,83,39,,373.60,,,
,00:02:45,132,8.1,07:27,83,39,,375.40,,,
,00:02:46,132,8.1,07:26,83,39,,378.00,,,
,00:02:47,132,8.1,07:26,82,39,,380.20,,,
,00:02:48,132,8.1,07:25,83,39,,382.70,,,
,00:02:49,132,8.1,07:25,83,39,,385.10,,,
,00:02:50,133,8.1,07:25,83,39,,387.30,,,
,00:02:51,133,8.1,07:25,83,39,,389.30,,,
,00:02:52,133,8.1,07:25,83,39,,391.40,,,
,00:02:53,133,8.1,07:25,83,39,,393.30,,,
,00:02:54,133,8.1,07:25,83,39,,395.70,,,
,00:02:55,134,8.1,07:25,83,39,,397.70,,,
,00:02:56,134,8.1,07:25,83,39,,399.60,,,
,00:02:57,134,8.1,07:25,83,39,,401.70,,,
,00:02:58,134,8.1,07:25,83,39,,404.00,,,
,00:02:59,134,8.1,07:25,83,40,,406.10,,,
,00:03:00,135,8.1,07:25,83,40,,408.50,,,
,00:03:01,135,8.1,07:25,83,40,,410.50,,,
,00:03:02,136,8.1,07:25,83,40,,413.20,,,
,00:03:03,136,8.1,07:25,83,40,,415.50,,,
,00:03:04,136,8.1,07:24,83,40,,418.00,,,
,00:03:05,136,8.1,07:23,83,40,,420.60,,,
,00:03:06,136,8.1,07:24,83,40,,423.20,,,
,00:03:07,137,8.1,07:24,84,40,,425.50,,,
,00:03:08,137,8.1,07:24,85,40,,428.20,,,
,00:03:09,136,8.1,07:24,85,41,,430.80,,,
,00:03:10,136,8.2,07:18,84,41,,433.50,,,
,00:03:11,136,8.3,07:12,84,41,,435.90,,,
,00:03:12,136,8.3,07:14,85,41,,438.10,,,
,00:03:13,136,8.3,07:16,85,41,,440.60,,,
,00:03:14,136,8.2,07:18,85,41,,442.70,,,
,00:03:15,136,8.2,07:19,85,41,,445.20,,,
,00:03:16,136,8.2,07:20,85,41,,447.50,,,
,00:03:17,136,8.2,07:21,85,41,,450.40,,,
,00:03:18,136,8.2,07:21,85,41,,452.30,,,
,00:03:19,136,8.1,07:22,85,41,,455.00,,,
,00:03:20,135,8.1,07:22,85,41,,457.30,,,
,00:03:21,135,8.1,07:22,84,41,,460.20,,,
,00:03:22,135,8.1,07:22,84,41,,462.70,,,
,00:03:23,134,8.2,07:21,84,41,,465.40,,,
,00:03:24,134,8.2,07:20,85,41,,467.90,,,
,00:03:25,134,8.2,07:19,85,42,,470.40,,,
,00:03:26,133,8.2,07:18,85,42,,472.60,,,
,00:03:27,132,8.3,07:15,85,42,,475.30,,,
,00:03:28,132,8.3,07:13,85,42,,478.00,,,
,00:03:29,131,8.4,07:11,85,42,,480.60,,,
,00:03:30,131,8.4,07:09,85,42,,483.10,,,
,00:03:31,130,8.4,07:08,85,42,,485.70,,,
,00:03:32,130,8.4,07:07,85,42,,488.50,,,
,00:03:33,130,8.5,07:06,85,42,,491.20,,,
,00:03:34,130,8.5,07:05,85,42,,493.80,,,
,00:03:35,130,8.5,07:04,85,42,,496.40,,,
,00:03:36,130,8.5,07:03,84,42,,499.00,,,
,00:03:37,131,8.5,07:03,85,42,,501.50,,,
,00:03:38,131,8.5,07:01,84,42,,504.10,,,
,00:03:39,131,8.6,07:00,85,43,,506.60,,,
,00:03:40,131,8.6,06:58,85,43,,509.20,,,
,00:03:41,131,8.6,06:57,85,43,,511.70,,,
,00:03:42,131,8.7,06:56,85,43,,514.10,,,
,00:03:43,131,8.7,06:55,85,43,,516.40,,,
,00:03:44,131,8.7,06:54,85,43,,518.70,,,
,00:03:45,131,8.7,06:54,85,43,,521.10,,,
,00:03:46,131,8.7,06:53,85,43,,523.30,,,
,00:03:47,131,8.7,06:53,85,43,,525.80,,,
,00:03:48,131,8.7,06:52,85,43,,528.20,,,
,00:03:49,130,8.7,06:52,85,43,,530.60,,,
,00:03:50,130,8.7,06:52,85,43,,532.90,,,
,00:03:51,130,8.7,06:52,85,43,,535.40,,,
,00:03:52,130,8.8,06:51,85,43,,538.00,,,
,00:03:53,130,8.8,06:51,85,43,,540.50,,,
,00:03:54,130,8.8,06:50,85,43,,543.10,,,
,00:03:55,130,8.8,06:49,85,43,,545.60,,,
,00:03:56,130,8.8,06:49,85,43,,548.00,,,
,00:03:57,130,8.8,06:49,85,43,,550.50,,,
,00:03:58,130,8.8,06:48,84,43,,553.00,,,
,00:03:59,130,8.8,06:48,84,44,,555.80,,,
,00:04:00,130,8.8,06:48,85,44,,558.10,,,
,00:04:01,130,8.8,06:48,85,44,,560.60,,,
,00:04:02,130,8.8,06:47,85,44,,563.30,,,
,00:04:03,130,8.8,06:47,85,44,,565.40,,,
,00:04:04,130,8.9,06:47,85,44,,567.60,,,
,00:04:05,130,8.8,06:50,85,44,,569.90,,,
,00:04:06,130,8.7,06:56,84,44,,572.00,,,
,00:04:07,131,8.5,07:02,84,44,,574.10,,,
,00:04:08,131,8.4,07:08,84,44,,576.00,,,
,00:04:09,131,8.4,07:11,84,44,,578.20,,,
,00:04:10,131,8.4,07:09,83,44,,580.50,,,
,00:04:11,131,8.5,07:05,83,44,,582.40,,,
,00:04:12,131,8.5,07:02,84,44,,585.20,,,
,00:04:13,131,8.6,07:00,84,44,,587.30,,,
,00:04:14,131,8.6,06:57,84,44,,589.80,,,
,00:04:15,131,8.7,06:56,84,44,,592.40,,,
,00:04:16,131,8.7,06:54,84,44,,595.10,,,
,00:04:17,131,8.8,06:50,84,44,,598.00,,,
,00:04:18,131,9.0,06:40,84,44,,600.90,,,
,00:04:19,131,9.3,06:28,84,45,,604.00,,,
,00:04:20,131,9.5,06:20,84,45,,606.80,,,
,00:04:21,131,9.5,06:20,84,45,,609.40,,,
,00:04:22,131,9.4,06:23,84,45,,612.40,,,
,00:04:23,131,9.3,06:26,84,45,,615.30,,,
,00:04:24,132,9.3,06:29,85,45,,618.50,,,
,00:04:25,132,9.2,06:31,85,45,,620.90,,,
,00:04:26,132,9.2,06:33,85,45,,623.20,,,
,00:04:27,133,9.1,06:35,85,45,,625.70,,,
,00:04:28,133,9.1,06:37,85,45,,628.30,,,
,00:04:29,133,9.1,06:35,85,45,,630.60,,,
,00:04:30,134,9.1,06:34,85,46,,633.50,,,
,00:04:31,134,9.1,06:36,85,46,,635.90,,,
,00:04:32,135,9.1,06:38,85,46,,638.50,,,
,00:04:33,135,9.0,06:39,84,46,,640.90,,,
,00:04:34,136,9.0,06:40,84,46,,644.00,,,
,00:04:35,136,9.1,06:36,84,46,,646.60,,,
,00:04:36,136,9.2,06:33,84,46,,649.70,,,
,00:04:37,136,9.1,06:36,84,46,,651.70,,,
,00:04:38,136,9.1,06:38,84,47,,654.60,,,
,00:04:39,136,9.0,06:39,85,47,,656.80,,,
,00:04:40,136,9.0,06:41,84,47,,659.50,,,
,00:04:41,136,9.0,06:42,84,47,,661.80,,,
,00:04:42,136,8.9,06:43,84,47,,664.10,,,
,00:04:43,136,8.9,06:44,84,47,,666.20,,,
,00:04:44,136,8.9,06:45,85,48,,668.90,,,
,00:04:45,136,8.9,06:46,85,48,,671.10,,,
,00:04:46,137,8.9,06:46,85,48,,673.90,,,
,00:04:47,137,8.9,06:46,85,48,,677.00,,,
,00:04:48,137,8.9,06:44,85,48,,679.40,,,
,00:04:49,137,9.2,06:31,85,48,,682.40,,,
,00:04:50,136,9.4,06:23,85,48,,685.70,,,
,00:04:51,136,9.4,06:23,85,49,,688.40,,,
,00:04:52,136,9.4,06:23,87,49,,691.30,,,
,00:04:53,136,9.3,06:27,88,49,,694.00,,,
,00:04:54,136,9.3,06:29,88,49,,696.80,,,
,00:04:55,135,9.2,06:31,87,49,,699.60,,,
,00:04:56,135,9.2,06:32,86,50,,702.00,,,
,00:04:57,135,9.2,06:33,86,50,,705.10,,,
,00:04:58,135,9.1,06:34,86,50,,707.80,,,
,00:04:59,134,9.2,06:33,86,50,,710.00,,,
,00:05:00,134,9.2,06:32,87,50,,713.00,,,
,00:05:01,134,9.2,06:30,86,51,,715.80,,,
,00:05:02,134,9.3,06:27,86,51,,718.80,,,
,00:05:03,133,9.4,06:22,86,51,,721.70,,,
,00:05:04,133,9.6,06:14,86,51,,724.70,,,
,00:05:05,133,9.8,06:06,86,51,,728.00,,,
,00:05:06,133,9.9,06:04,86,52,,730.50,,,
,00:05:07,133,9.7,06:13,86,52,,732.80,,,
,00:05:08,133,9.3,06:26,86,52,,735.30,,,
,00:05:09,133,9.1,06:34,86,52,,737.80,,,
,00:05:10,133,9.1,06:34,86,52,,740.00,,,
,00:05:11,133,9.2,06:32,86,52,,742.10,,,
,00:05:12,133,9.2,06:30,86,53,,744.30,,,
,00:05:13,133,9.3,06:28,86,53,,746.20,,,
,00:05:14,133,9.2,06:30,86,53,,748.10,,,
,00:05:15,133,9.0,06:38,86,53,,750.30,,,
,00:05:16,134,8.7,06:52,86,53,,752.50,,,
,00:05:17,134,8.4,07:07,86,54,,754.60,,,
,00:05:18,134,8.2,07:19,86,54,,756.30,,,
,00:05:19,134,8.0,07:29,86,54,,758.30,,,
,00:05:20,134,7.9,07:36,86,54,,760.30,,,
,00:05:21,134,7.9,07:36,86,54,,762.10,,,
,00:05:22,134,8.1,07:26,86,54,,764.40,,,
,00:05:23,134,8.3,07:13,86,55,,766.80,,,
,00:05:24,134,8.5,07:05,86,55,,769.50,,,
,00:05:25,134,8.6,07:00,86,55,,771.90,,,
,00:05:26,134,8.6,06:56,86,55,,774.50,,,
,00:05:27,135,8.7,06:54,85,55,,777.20,,,
,00:05:28,135,8.8,06:51,85,55,,780.00,,,
,00:05:29,135,8.8,06:47,85,55,,782.60,,,
,00:05:30,135,8.9,06:43,84,55,,785.80,,,
,00:05:31,135,9.0,06:41,85,55,,788.10,,,
,00:05:32,135,8.8,06:47,85,56,,790.20,,,
,00:05:33,135,8.6,07:01,85,56,,792.40,,,
,00:05:34,135,8.3,07:14,85,56,,794.60,,,
,00:05:35,136,8.1,07:25,87,56,,796.60,,,
,00:05:36,136,7.9,07:35,86,56,,798.40,,,
,00:05:37,136,7.8,07:41,86,56,,800.20,,,
,00:05:38,136,7.8,07:40,86,56,,802.20,,,
,00:05:39,136,7.9,07:34,86,57,,804.10,,,
,00:05:40,136,8.0,07:29,86,57,,806.50,,,
,00:05:41,136,8.1,07:24,86,57,,809.00,,,
,00:05:42,136,8.2,07:20,87,57,,811.50,,,
,00:05:43,136,8.3,07:16,86,57,,814.10,,,
,00:05:44,136,8.3,07:13,87,57,,816.20,,,
,00:05:45,136,8.4,07:10,86,57,,818.60,,,
,00:05:46,136,8.4,07:08,86,57,,821.20,,,
,00:05:47,136,8.4,07:07,86,58,,823.30,,,
,00:05:48,136,8.5,07:06,86,58,,825.50,,,
,00:05:49,136,8.5,07:05,86,58,,827.80,,,
,00:05:50,136,8.5,07:04,88,58,,830.30,,,
,00:05:51,136,8.5,07:03,87,58,,832.90,,,
,00:05:52,136,8.5,07:02,87,58,,835.70,,,
,00:05:53,136,8.5,07:02,86,59,,838.80,,,
,00:05:54,136,8.6,07:00,87,59,,841.60,,,
,00:05:55,136,8.6,06:58,88,59,,844.30,,,
,00:05:56,136,8.6,06:57,88,59,,846.80,,,
,00:05:57,136,8.6,06:57,88,59,,849.30,,,
,00:05:58,136,8.6,06:57,88,59,,851.70,,,
,00:05:59,136,8.6,06:58,88,59,,854.00,,,
,00:06:00,136,8.7,06:53,88,59,,857.30,,,
,00:06:01,136,9.1,06:37,87,59,,860.50,,,
,00:06:02,136,9.6,06:16,86,60,,864.20,,,
,00:06:03,136,10.1,05:57,86,60,,868.40,,,
,00:06:04,136,10.6,05:41,86,60,,872.85,,,
,00:06:05,136,11.0,05:28,87,60,,877.31,,,
,00:06:06,137,11.3,05:20,87,60,,881.76,,,
,00:06:07,137,11.5,05:14,88,60,,886.22,,,
,00:06:08,137,11.7,05:09,88,60,,890.67,,,
,00:06:09,137,11.8,05:05,88,60,,895.13,,,
,00:06:10,137,12.4,04:51,88,61,,899.58,,,
,00:06:11,137,13.0,04:36,88,61,,903.30,,,
,00:06:12,137,13.5,04:26,88,61,,907.00,,,
,00:06:13,137,14.2,04:14,88,61,,910.60,,,
,00:06:14,137,14.6,04:06,88,61,,914.90,,,
,00:06:15,137,14.7,04:05,88,61,,918.90,,,
,00:06:16,137,14.6,04:07,88,61,,922.90,,,
,00:06:17,137,14.3,04:12,88,61,,926.90,,,
,00:06:18,137,13.8,04:21,88,61,,930.50,,,
,00:06:19,137,13.3,04:31,88,61,,934.10,,,
,00:06:20,137,12.8,04:41,88,61,,937.40,,,
,00:06:21,137,12.1,04:57,88,61,,940.90,,,
,00:06:22,137,11.7,05:07,88,61,,943.50,,,
,00:06:23,137,11.5,05:14,88,61,,946.20,,,
,00:06:24,137,11.2,05:22,88,61,,948.70,,,
,00:06:25,137,10.9,05:31,88,61,,951.20,,,
,00:06:26,137,10.6,05:39,88,61,,954.00,,,
,00:06:27,136,10.4,05:45,88,62,,956.50,,,
,00:06:28,136,10.3,05:49,88,62,,959.30,,,
,00:06:29,136,10.2,05:53,88,62,,962.00,,,
,00:06:30,136,10.2,05:54,88,62,,964.50,,,
,00:06:31,136,10.2,05:54,88,62,,967.80,,,
,00:06:32,136,10.2,05:53,85,62,,970.40,,,
,00:06:33,136,10.2,05:53,85,62,,973.50,,,
,00:06:34,136,10.2,05:52,85,62,,976.60,,,
,00:06:35,136,10.2,05:52,84,62,,978.90,,,
,00:06:36,136,10.3,05:51,85,62,,982.10,,,
,00:06:37,136,10.3,05:51,85,61,,984.90,,,
,00:06:38,136,10.3,05:50,85,61,,987.70,,,
,00:06:39,136,10.3,05:49,85,61,,991.00,,,
,00:06:40,136,10.3,05:48,85,61,,993.30,,,
,00:06:41,136,10.4,05:47,87,61,,996.40,,,
,00:06:42,136,10.3,05:49,88,61,,999.70,,,
,00:06:43,136,10.3,05:51,88,61,,1001.90,,,
,00:06:44,136,10.3,05:49,87,61,,1004.90,,,
,00:06:45,136,10.4,05:47,86,61,,1007.80,,,
,00:06:46,136,10.4,05:46,86,61,,1010.90,,,
,00:06:47,136,10.4,05:45,87,61,,1014.00,,,
,00:06:48,136,10.5,05:44,88,61,,1016.30,,,
,00:06:49,137,10.5,05:43,88,61,,1019.80,,,
,00:06:50,137,10.5,05:42,88,61,,1022.70,,,
,00:06:51,137,10.5,05:41,88,61,,1025.50,,,
,00:06:52,137,10.6,05:41,88,61,,1029.20,,,
,00:06:53,137,10.6,05:40,88,61,,1031.90,,,
,00:06:54,137,10.6,05:40,88,61,,1034.80,,,
,00:06:55,137,10.6,05:39,87,61,,1037.70,,,
,00:06:56,137,10.6,05:39,88,61,,1040.40,,,
,00:06:57,138,10.7,05:37,88,61,,1043.80,,,
,00:06:58,138,10.7,05:37,88,61,,1046.30,,,
,00:06:59,138,10.7,05:36,88,61,,1049.20,,,
,00:07:00,138,10.7,05:35,88,61,,1051.80,,,
,00:07:01,138,10.7,05:35,87,61,,1054.20,,,
,00:07:02,138,10.7,05:36,86,61,,1057.20,,,
,00:07:03,138,10.6,05:39,88,61,,1059.60,,,
,00:07:04,138,10.3,05:48,88,61,,1061.70,,,
,00:07:05,138,10.0,06:00,88,61,,1063.80,,,
,00:07:06,138,9.7,06:10,88,61,,1065.80,,,
,00:07:07,138,9.6,06:15,87,61,,1068.60,,,
,00:07:08,138,9.6,06:13,86,61,,1071.10,,,
,00:07:09,138,9.8,06:07,86,61,,1073.90,,,
,00:07:10,138,10.0,06:02,86,61,,1076.20,,,
,00:07:11,139,10.1,05:58,86,61,,1078.90,,,
,00:07:12,138,10.1,05:55,86,61,,1081.80,,,
,00:07:13,138,10.2,05:53,87,61,,1084.90,,,
,00:07:14,138,10.3,05:51,86,61,,1088.00,,,
,00:07:15,138,10.3,05:50,86,61,,1091.10,,,
,00:07:16,138,10.3,05:49,86,61,,1094.30,,,
,00:07:17,138,10.4,05:48,86,61,,1097.60,,,
,00:07:18,138,10.4,05:47,86,61,,1100.70,,,
,00:07:19,138,10.4,05:46,86,61,,1103.70,,,
,00:07:20,138,10.4,05:45,86,61,,1106.80,,,
,00:07:21,138,10.5,05:43,88,61,,1110.20,,,
,00:07:22,138,10.5,05:43,88,61,,1113.10,,,
,00:07:23,138,10.5,05:43,88,61,,1116.00,,,
,00:07:24,138,10.5,05:43,87,61,,1119.10,,,
,00:07:25,138,10.5,05:43,86,61,,1122.00,,,
,00:07:26,138,10.5,05:43,86,61,,1124.90,,,
,00:07:27,138,10.5,05:43,86,61,,1127.60,,,
,00:07:28,138,10.5,05:43,86,61,,1130.90,,,
,00:07:29,138,10.5,05:43,86,61,,1133.90,,,
,00:07:30,138,10.5,05:43,86,61,,1136.90,,,
,00:07:31,138,10.5,05:43,86,61,,1140.00,,,
,00:07:32,138,10.5,05:43,86,61,,1142.70,,,
,00:07:33,138,10.5,05:43,86,61,,1145.50,,,
,00:07:34,138,10.5,05:43,86,61,,1148.40,,,
,00:07:35,138,10.5,05:43,86,61,,1151.50,,,
,00:07:36,138,10.5,05:43,86,61,,1154.10,,,
,00:07:37,138,10.5,05:43,86,61,,1156.90,,,
,00:07:38,137,10.5,05:43,86,61,,1159.80,,,
,00:07:39,137,10.5,05:43,86,61,,1162.30,,,
,00:07:40,137,10.5,05:43,86,61,,1164.60,,,
,00:07:41,137,10.5,05:43,86,61,,1167.60,,,
,00:07:42,137,10.5,05:43,86,61,,1170.20,,,
,00:07:43,137,10.5,05:43,86,61,,1173.00,,,
,00:07:44,137,10.5,05:43,86,61,,1175.30,,,
,00:07:45,137,10.5,05:43,86,61,,1178.40,,,
,00:07:46,137,10.5,05:44,87,61,,1181.30,,,
,00:07:47,136,10.5,05:44,87,61,,1184.20,,,
,00:07:48,136,10.5,05:44,86,61,,1186.60,,,
,00:07:49,136,10.4,05:45,86,61,,1189.80,,,
,00:07:50,136,10.4,05:46,86,62,,1192.40,,,
,00:07:51,136,10.4,05:47,86,62,,1195.40,,,
,00:07:52,136,10.3,05:48,88,62,,1197.90,,,
,00:07:53,136,10.3,05:50,88,62,,1200.70,,,
,00:07:54,136,10.3,05:51,87,62,,1203.40,,,
,00:07:55,136,10.2,05:52,86,62,,1206.00,,,
,00:07:56,136,10.2,05:53,87,62,,1208.40,,,
,00:07:57,136,10.2,05:54,86,62,,1211.20,,,
,00:07:58,136,10.2,05:54,88,62,,1214.00,,,
,00:07:59,136,10.1,05:55,88,62,,1216.70,,,
,00:08:00,136,10.1,05:55,87,62,,1219.50,,,
,00:08:01,136,10.1,05:56,86,62,,1222.40,,,
,00:08:02,136,10.1,05:56,86,62,,1225.30,,,
,00:08:03,136,10.1,05:56,86,62,,1228.10,,,
,00:08:04,136,10.1,05:56,86,62,,1230.90,,,
,00:08:05,136,10.1,05:56,86,62,,1233.70,,,
,00:08:06,136,10.1,05:57,86,63,,1236.50,,,
,00:08:07,136,10.1,05:57,88,63,,1239.30,,,
,00:08:08,136,10.1,05:57,88,63,,1242.10,,,
,00:08:09,136,10.1,05:57,88,63,,1244.70,,,
,00:08:10,136,10.1,05:57,88,63,,1247.50,,,
,00:08:11,136,10.1,05:57,88,63,,1250.20,,,
,00:08:12,136,10.1,05:57,88,63,,1253.10,,,
,00:08:13,136,10.1,05:57,87,63,,1256.10,,,
,00:08:14,136,10.1,05:57,86,63,,1258.90,,,
,00:08:15,136,10.1,05:56,86,63,,1261.90,,,
,00:08:16,136,10.1,05:56,88,63,,1264.90,,,
,00:08:17,136,10.1,05:56,88,63,,1267.80,,,
,00:08:18,136,10.1,05:56,88,63,,1271.00,,,
,00:08:19,136,10.1,05:56,88,63,,1273.80,,,
,00:08:20,136,10.1,05:56,88,63,,1276.50,,,
,00:08:21,136,10.1,05:56,88,63,,1279.60,,,
,00:08:22,137,10.1,05:56,88,63,,1282.50,,,
,00:08:23,137,10.1,05:56,88,63,,1284.90,,,
,00:08:24,137,10.1,05:56,87,64,,1287.40,,,
,00:08:25,137,10.1,05:57,86,64,,1290.10,,,
,00:08:26,137,10.1,05:57,86,64,,1292.80,,,
,00:08:27,137,10.1,05:57,86,64,,1295.50,,,
,00:08:28,137,10.1,05:57,86,64,,1297.70,,,
,00:08:29,137,10.1,05:58,86,64,,1300.60,,,
,00:08:30,137,10.1,05:58,86,64,,1302.70,,,
,00:08:31,137,10.0,05:58,86,64,,1305.10,,,
,00:08:32,137,10.0,05:58,86,64,,1307.80,,,
,00:08:33,137,10.0,05:59,86,64,,1310.10,,,
,00:08:34,137,10.0,05:59,86,64,,1312.50,,,
,00:08:35,137,10.0,06:00,86,64,,1314.70,,,
,00:08:36,137,10.0,06:01,86,64,,1316.70,,,
,00:08:37,137,10.0,06:01,86,64,,1319.70,,,
,00:08:38,137,10.0,06:01,86,64,,1322.50,,,
,00:08:39,137,9.9,06:02,86,64,,1325.40,,,
,00:08:40,137,9.9,06:02,86,64,,1328.00,,,
,00:08:41,137,9.8,06:06,85,64,,1330.70,,,
,00:08:42,137,9.7,06:12,84,64,,1333.10,,,
,00:08:43,138,9.5,06:18,84,64,,1335.40,,,
,00:08:44,138,9.4,06:25,84,64,,1337.80,,,
,00:08:45,138,9.2,06:30,84,64,,1339.90,,,
,00:08:46,138,9.2,06:32,84,64,,1341.90,,,
,00:08:47,138,9.2,06:31,84,64,,1344.00,,,
,00:08:48,138,9.2,06:30,82,64,,1346.30,,,
,00:08:49,139,9.2,06:31,82,65,,1348.50,,,
,00:08:50,139,9.2,06:32,82,65,,1350.80,,,
,00:08:51,139,9.2,06:32,83,65,,1353.10,,,
,00:08:52,139,9.2,06:31,82,65,,1355.60,,,
,00:08:53,139,9.3,06:26,83,65,,1358.20,,,
,00:08:54,139,9.4,06:23,83,65,,1361.00,,,
,00:08:55,139,9.5,06:20,83,65,,1363.40,,,
,00:08:56,140,9.5,06:19,83,65,,1365.90,,,
,00:08:57,140,9.5,06:20,83,65,,1368.30,,,
,00:08:58,140,9.4,06:23,83,65,,1370.90,,,
,00:08:59,141,9.3,06:26,82,65,,1373.30,,,
,00:09:00,141,9.2,06:30,83,66,,1375.50,,,
,00:09:01,141,9.1,06:35,82,66,,1377.70,,,
,00:09:02,141,9.0,06:40,82,66,,1379.80,,,
,00:09:03,141,8.9,06:42,82,66,,1381.90,,,
,00:09:04,141,9.0,06:41,82,66,,1384.20,,,
,00:09:05,141,9.0,06:38,83,66,,1386.50,,,
,00:09:06,141,9.1,06:37,83,66,,1388.80,,,
,00:09:07,141,9.1,06:35,83,66,,1391.30,,,
,00:09:08,141,9.1,06:35,83,66,,1393.80,,,
,00:09:09,141,9.1,06:34,83,66,,1396.10,,,
,00:09:10,141,9.1,06:34,83,67,,1398.50,,,
,00:09:11,141,9.1,06:34,83,67,,1401.10,,,
,00:09:12,141,9.1,06:34,84,67,,1403.70,,,
,00:09:13,141,9.1,06:34,85,67,,1406.20,,,
,00:09:14,142,9.1,06:35,85,67,,1408.60,,,
,00:09:15,142,9.1,06:35,85,67,,1411.40,,,
,00:09:16,142,9.1,06:36,85,67,,1414.00,,,
,00:09:17,142,9.1,06:35,85,68,,1416.80,,,
,00:09:18,142,9.2,06:31,85,68,,1420.00,,,
,00:09:19,143,9.3,06:25,85,68,,1423.00,,,
,00:09:20,143,9.5,06:21,85,68,,1425.70,,,
,00:09:21,143,9.5,06:21,85,68,,1428.60,,,
,00:09:22,143,9.4,06:23,85,68,,1431.50,,,
,00:09:23,144,9.4,06:23,85,68,,1434.60,,,
,00:09:24,144,9.5,06:20,85,69,,1437.40,,,
,00:09:25,144,9.6,06:14,85,69,,1440.50,,,
,00:09:26,144,9.8,06:09,85,69,,1443.50,,,
,00:09:27,144,9.8,06:07,85,69,,1446.30,,,
,00:09:28,144,9.8,06:07,85,69,,1449.00,,,
,00:09:29,144,9.8,06:07,85,69,,1452.10,,,
,00:09:30,144,9.8,06:09,85,69,,1454.90,,,
,00:09:31,144,9.8,06:09,85,70,,1457.70,,,
,00:09:32,144,9.8,06:09,85,70,,1460.50,,,
,00:09:33,143,9.7,06:12,85,70,,1463.20,,,
,00:09:34,143,9.6,06:16,85,70,,1465.40,,,
,00:09:35,143,9.4,06:22,85,70,,1467.10,,,
,00:09:36,142,9.2,06:30,85,70,,1468.80,,,
,00:09:37,142,9.1,06:34,85,71,,1470.80,,,
,00:09:38,141,9.1,06:35,85,71,,1472.90,,,
,00:09:39,141,9.1,06:36,84,71,,1474.50,,,
,00:09:40,141,9.1,06:36,84,71,,1476.30,,,
,00:09:41,141,9.1,06:37,84,71,,1478.30,,,
,00:09:42,140,9.1,06:37,84,71,,1481.00,,,
,00:09:43,140,9.1,06:37,84,71,,1483.90,,,
,00:09:44,140,9.1,06:37,84,71,,1486.80,,,
,00:09:45,140,9.1,06:37,84,71,,1489.60,,,
,00:09:46,140,9.1,06:34,85,71,,1492.60,,,
,00:09:47,140,9.4,06:21,85,72,,1496.00,,,
,00:09:48,140,9.9,06:04,85,72,,1499.40,,,
,00:09:49,140,10.3,05:49,85,72,,1503.00,,,
,00:09:50,140,10.6,05:38,85,72,,1506.60,,,
,00:09:51,140,10.9,05:31,85,72,,1510.20,,,
,00:09:52,140,11.0,05:26,85,72,,1513.80,,,
,00:09:53,140,11.2,05:22,88,72,,1517.70,,,
,00:09:54,140,11.3,05:18,88,72,,1521.40,,,
,00:09:55,139,11.4,05:15,88,72,,1524.90,,,
,00:09:56,139,11.5,05:13,88,72,,1528.00,,,
,00:09:57,138,11.6,05:11,88,72,,1531.20,,,
,00:09:58,138,11.6,05:10,88,72,,1534.40,,,
,00:09:59,137,11.6,05:09,88,72,,1537.70,,,
,00:10:00,137,11.6,05:10,88,72,,1541.00,,,
,00:10:01,137,11.5,05:12,87,72,,1544.10,,,
,00:10:02,137,11.5,05:12,86,72,,1547.40,,,
,00:10:03,136,11.6,05:11,86,72,,1550.80,,,
,00:10:04,136,11.7,05:09,86,72,,1554.30,,,
,00:10:05,135,11.8,05:05,86,72,,1557.80,,,
,00:10:06,135,11.9,05:02,86,72,,1561.10,,,
,00:10:07,135,12.1,04:58,88,72,,1564.70,,,
,00:10:08,135,12.2,04:56,88,72,,1568.40,,,
,00:10:09,134,12.2,04:55,86,72,,1571.80,,,
,00:10:10,134,12.2,04:54,86,72,,1575.50,,,
,00:10:11,133,12.2,04:54,86,72,,1579.10,,,
,00:10:12,133,12.2,04:54,86,72,,1582.60,,,
,00:10:13,132,12.2,04:55,87,72,,1585.80,,,
,00:10:14,132,12.2,04:54,86,72,,1589.30,,,
,00:10:15,132,12.3,04:53,86,72,,1592.70,,,
,00:10:16,132,12.3,04:53,86,71,,1596.30,,,
,00:10:17,131,12.2,04:54,86,71,,1599.70,,,
,00:10:18,131,12.1,04:58,86,71,,1603.00,,,
,00:10:19,131,12.0,05:00,87,71,,1606.60,,,
,00:10:20,131,12.0,05:01,87,71,,1610.10,,,
,00:10:21,130,11.9,05:02,86,71,,1613.60,,,
,00:10:22,130,11.9,05:02,86,71,,1617.30,,,
,00:10:23,130,11.9,05:02,87,71,,1620.80,,,
,00:10:24,130,11.9,05:02,88,70,,1624.30,,,
,00:10:25,130,11.9,05:03,88,70,,1627.60,,,
,00:10:26,129,11.9,05:03,88,70,,1631.10,,,
,00:10:27,129,11.9,05:03,88,70,,1634.60,,,
,00:10:28,129,11.9,05:03,88,70,,1638.00,,,
,00:10:29,129,11.9,05:03,88,70,,1641.60,,,
,00:10:30,129,11.9,05:03,88,70,,1645.00,,,
,00:10:31,129,11.9,05:03,88,69,,1648.30,,,
,00:10:32,129,11.9,05:02,88,69,,1651.90,,,
,00:10:33,129,12.0,05:00,88,69,,1655.50,,,
,00:10:34,129,12.0,04:59,88,69,,1659.40,,,
,00:10:35,129,12.1,04:58,88,69,,1663.10,,,
,00:10:36,128,12.1,04:57,88,69,,1666.80,,,
,00:10:37,128,12.2,04:56,88,69,,1670.40,,,
,00:10:38,128,12.2,04:55,87,68,,1674.00,,,
,00:10:39,128,12.2,04:54,88,68,,1677.60,,,
,00:10:40,128,12.3,04:53,87,68,,1681.20,,,
,00:10:41,127,12.3,04:53,86,68,,1684.70,,,
,00:10:42,127,12.3,04:52,86,68,,1688.20,,,
,00:10:43,127,12.3,04:52,86,67,,1691.50,,,
,00:10:44,126,12.4,04:51,86,67,,1694.80,,,
,00:10:45,126,12.4,04:51,86,67,,1698.10,,,
,00:10:46,125,12.4,04:51,86,67,,1701.20,,,
,00:10:47,125,12.4,04:51,87,66,,1704.10,,,
,00:10:48,125,12.3,04:53,88,66,,1707.10,,,
,00:10:49,125,12.1,04:57,88,66,,1709.70,,,
,00:10:50,124,11.8,05:06,87,66,,1712.20,,,
,00:10:51,124,11.4,05:16,86,65,,1714.30,,,
,00:10:52,124,11.1,05:24,86,65,,1716.80,,,
,00:10:53,124,11.0,05:26,87,65,,1719.60,,,
,00:10:54,124,11.2,05:22,88,65,,1722.80,,,
,00:10:55,124,11.4,05:15,89,65,,1726.00,,,
,00:10:56,124,11.6,05:10,90,64,,1729.50,,,
,00:10:57,124,11.8,05:06,90,64,,1733.40,,,
,00:10:58,123,12.0,05:00,90,64,,1737.70,,,
,00:10:59,123,12.3,04:53,89,64,,1742.15,,,
,00:11:00,123,12.6,04:45,89,63,,1746.61,,,
,00:11:01,123,12.9,04:38,89,63,,1751.06,,,
,00:11:02,122,13.1,04:34,89,63,,1755.52,,,
,00:11:03,122,13.1,04:35,89,63,,1759.97,,,
,00:11:04,122,13.0,04:37,89,63,,1763.70,,,
,00:11:05,122,12.9,04:39,89,62,,1766.90,,,
,00:11:06,122,12.8,04:41,89,62,,1770.20,,,
,00:11:07,122,12.8,04:42,89,62,,1773.30,,,
,00:11:08,123,12.7,04:43,89,62,,1776.10,,,
,00:11:09,123,12.7,04:44,89,62,,1779.00,,,
,00:11:10,123,12.7,04:44,89,61,,1781.40,,,
,00:11:11,123,12.6,04:45,89,61,,1784.20,,,
,00:11:12,124,12.5,04:49,89,61,,1787.10,,,
,00:11:13,124,12.2,04:54,89,61,,1790.10,,,
,00:11:14,124,12.0,05:01,89,61,,1792.90,,,
,00:11:15,124,11.7,05:09,89,60,,1795.60,,,
,00:11:16,125,11.4,05:17,89,60,,1798.20,,,
,00:11:17,125,11.2,05:23,89,60,,1800.80,,,
,00:11:18,125,11.0,05:26,89,60,,1803.60,,,
,00:11:19,125,11.1,05:26,89,59,,1806.40,,,
,00:11:20,126,11.1,05:24,89,59,,1809.10,,,
,00:11:21,126,11.1,05:23,87,59,,1811.90,,,
,00:11:22,126,11.2,05:22,86,59,,1814.80,,,
,00:11:23,126,11.3,05:19,86,59,,1817.80,,,
,00:11:24,126,11.4,05:17,86,59,,1821.10,,,
,00:11:25,126,11.4,05:17,86,59,,1824.30,,,
,00:11:26,126,11.3,05:18,86,59,,1827.20,,,
,00:11:27,126,11.3,05:19,86,58,,1830.00,,,
,00:11:28,126,11.2,05:21,86,58,,1832.70,,,
,00:11:29,127,10.9,05:29,86,58,,1835.10,,,
,00:11:30,127,10.6,05:40,86,58,,1837.30,,,
,00:11:31,127,10.2,05:52,86,58,,1839.50,,,
,00:11:32,127,10.0,06:01,86,58,,1841.80,,,
,00:11:33,127,9.7,06:10,86,58,,1844.10,,,
,00:11:34,127,9.6,06:15,86,58,,1846.30,,,
,00:11:35,128,9.5,06:18,86,58,,1848.70,,,
,00:11:36,128,9.5,06:19,86,58,,1851.00,,,
,00:11:37,128,9.5,06:18,86,58,,1853.50,,,
,00:11:38,129,9.6,06:14,86,58,,1856.20,,,
,00:11:39,129,9.8,06:07,86,57,,1859.10,,,
,00:11:40,129,10.0,06:01,86,57,,1861.90,,,
,00:11:41,130,10.1,05:56,86,57,,1864.70,,,
,00:11:42,130,10.2,05:52,86,57,,1867.40,,,
,00:11:43,131,10.3,05:51,86,57,,1870.20,,,
,00:11:44,131,10.2,05:52,86,57,,1872.80,,,
,00:11:45,132,10.2,05:51,85,57,,1875.50,,,
,00:11:46,132,10.3,05:50,85,57,,1878.10,,,
,00:11:47,132,10.3,05:48,85,57,,1880.70,,,
,00:11:48,133,10.4,05:48,85,57,,1883.40,,,
,00:11:49,133,10.4,05:48,85,57,,1885.90,,,
,00:11:50,133,10.3,05:48,85,57,,1888.60,,,
,00:11:51,134,10.3,05:48,85,57,,1891.30,,,
,00:11:52,134,10.3,05:48,85,57,,1894.00,,,
,00:11:53,134,10.2,05:52,84,57,,1896.60,,,
,00:11:54,134,10.1,05:57,84,57,,1898.90,,,
,00:11:55,135,10.0,06:01,84,57,,1901.40,,,
,00:11:56,135,9.9,06:02,84,57,,1903.90,,,
,00:11:57,135,9.9,06:02,84,57,,1906.40,,,
,00:11:58,135,9.9,06:02,85,57,,1908.90,,,
,00:11:59,135,9.9,06:05,84,57,,1911.10,,,
,00:12:00,135,9.7,06:10,84,56,,1913.30,,,
,00:12:01,136,9.6,06:15,84,56,,1915.70,,,
,00:12:02,136,9.6,06:17,84,56,,1918.20,,,
,00:12:03,136,9.6,06:16,84,56,,1920.60,,,
,00:12:04,136,9.6,06:16,84,56,,1922.90,,,
,00:12:05,136,9.6,06:16,84,56,,1925.30,,,
,00:12:06,136,9.6,06:15,85,57,,1927.70,,,
,00:12:07,136,9.6,06:15,84,57,,1930.10,,,
,00:12:08,136,9.6,06:16,84,57,,1932.70,,,
,00:12:09,136,9.6,06:16,84,57,,1935.30,,,
,00:12:10,136,9.5,06:19,84,57,,1937.60,,,
,00:12:11,136,9.4,06:22,84,57,,1939.70,,,
,00:12:12,137,9.4,06:22,84,57,,1942.20,,,
,00:12:13,137,9.4,06:22,84,57,,1944.60,,,
,00:12:14,138,9.4,06:22,84,57,,1946.90,,,
,00:12:15,138,9.4,06:24,84,57,,1949.00,,,
,00:12:16,139,9.3,06:25,84,57,,1951.30,,,
,00:12:17,139,9.3,06:28,84,57,,1953.50,,,
,00:12:18,140,9.2,06:33,84,57,,1955.60,,,
,00:12:19,140,9.1,06:36,84,57,,1957.80,,,
,00:12:20,140,9.0,06:39,85,57,,1960.40,,,
,00:12:21,140,9.0,06:40,85,57,,1962.60,,,
,00:12:22,140,9.0,06:41,83,57,,1964.80,,,
,00:12:23,140,9.0,06:41,82,57,,1967.00,,,
,00:12:24,141,9.0,06:42,83,57,,1969.30,,,
,00:12:25,141,8.9,06:42,83,57,,1971.60,,,
,00:12:26,141,8.9,06:42,83,57,,1973.90,,,
,00:12:27,141,8.9,06:43,83,57,,1976.40,,,
,00:12:28,142,8.9,06:43,83,57,,1979.10,,,
,00:12:29,142,8.9,06:44,83,57,,1981.50,,,
,00:12:30,143,8.9,06:44,83,57,,1984.00,,,
,00:12:31,143,8.9,06:44,84,57,,1986.50,,,
,00:12:32,143,8.9,06:44,85,57,,1989.10,,,
,00:12:33,144,8.9,06:44,84,57,,1991.60,,,
,00:12:34,144,8.9,06:44,84,57,,1993.90,,,
,00:12:35,144,8.9,06:44,84,58,,1996.30,,,
,00:12:36,144,8.9,06:45,84,58,,1998.70,,,
,00:12:37,144,8.9,06:45,84,58,,2001.00,,,
,00:12:38,144,8.9,06:46,84,58,,2003.50,,,
,00:12:39,144,8.9,06:46,84,58,,2006.00,,,
,00:12:40,144,8.9,06:46,84,58,,2008.40,,,
,00:12:41,144,8.9,06:46,84,58,,2010.70,,,
,00:12:42,144,8.8,06:47,85,59,,2013.10,,,
,00:12:43,144,8.8,06:48,85,59,,2015.40,,,
,00:12:44,144,8.8,06:49,85,59,,2017.70,,,
,00:12:45,144,8.8,06:49,85,59,,2020.20,,,
,00:12:46,144,8.8,06:50,85,59,,2022.60,,,
,00:12:47,144,8.8,06:51,85,59,,2025.00,,,
,00:12:48,144,8.8,06:51,84,59,,2027.50,,,
,00:12:49,144,8.8,06:51,84,59,,2030.10,,,
,00:12:50,145,8.8,06:51,84,59,,2032.70,,,
,00:12:51,145,8.7,06:52,84,59,,2035.30,,,
,00:12:52,145,8.7,06:52,84,60,,2037.90,,,
,00:12:53,145,8.7,06:53,84,60,,2040.20,,,
,00:12:54,145,8.7,06:53,84,60,,2042.30,,,
,00:12:55,145,8.7,06:53,84,60,,2044.50,,,
,00:12:56,145,8.7,06:55,85,60,,2046.60,,,
,00:12:57,144,8.6,06:57,85,60,,2048.40,,,
,00:12:58,144,8.6,06:58,84,60,,2050.50,,,
,00:12:59,144,8.6,06:59,84,61,,2052.40,,,
,00:13:00,144,8.6,07:00,85,61,,2054.50,,,
,00:13:01,144,8.6,07:01,85,61,,2056.60,,,
,00:13:02,144,8.5,07:02,85,61,,2058.90,,,
,00:13:03,144,8.5,07:02,85,61,,2061.20,,,
,00:13:04,144,8.5,07:03,85,61,,2063.50,,,
,00:13:05,144,8.5,07:03,85,61,,2065.90,,,
,00:13:06,144,8.5,07:04,85,61,,2068.60,,,
,00:13:07,144,8.5,07:04,87,62,,2071.00,,,
,00:13:08,144,8.5,07:04,86,62,,2073.40,,,
,00:13:09,144,8.5,07:04,86,62,,2075.70,,,
,00:13:10,145,8.5,07:04,86,62,,2078.10,,,
,00:13:11,145,8.5,07:05,86,62,,2080.30,,,
,00:13:12,145,8.5,07:06,84,62,,2082.60,,,
,00:13:13,145,8.4,07:08,83,62,,2084.80,,,
,00:13:14,145,8.4,07:09,81,62,,2086.70,,,
,00:13:15,145,8.4,07:10,81,62,,2088.60,,,
,00:13:16,145,8.3,07:15,81,63,,2090.70,,,
,00:13:17,145,8.1,07:26,81,63,,2092.70,,,
,00:13:18,146,7.9,07:34,81,63,,2094.50,,,
,00:13:19,146,7.8,07:39,81,63,,2096.50,,,
,00:13:20,147,7.7,07:45,81,63,,2098.50,,,
,00:13:21,147,7.7,07:48,81,63,,2100.30,,,
,00:13:22,148,7.6,07:51,82,63,,2102.20,,,
,00:13:23,148,7.6,07:55,83,64,,2104.10,,,
,00:13:24,148,7.4,08:05,83,64,,2105.80,,,
,00:13:25,148,7.2,08:18,83,64,,2107.50,,,
,00:13:26,148,7.1,08:29,83,64,,2109.40,,,
,00:13:27,148,7.0,08:36,84,64,,2111.30,,,
,00:13:28,148,6.9,08:38,85,64,,2112.90,,,
,00:13:29,148,6.9,08:38,84,64,,2114.60,,,
,00:13:30,147,7.0,08:35,84,64,,2116.50,,,
,00:13:31,147,7.1,08:27,84,64,,2118.40,,,
,00:13:32,147,7.3,08:15,84,65,,2120.40,,,
,00:13:33,147,7.4,08:06,84,65,,2122.60,,,
,00:13:34,147,7.5,08:00,84,65,,2125.00,,,
,00:13:35,147,7.6,07:55,84,65,,2127.10,,,
,00:13:36,146,7.6,07:51,84,65,,2129.30,,,
,00:13:37,146,7.7,07:49,84,65,,2131.70,,,
,00:13:38,147,7.7,07:46,84,65,,2134.10,,,
,00:13:39,147,7.8,07:44,83,66,,2136.30,,,
,00:13:40,147,7.8,07:42,82,66,,2138.80,,,
,00:13:41,147,7.8,07:40,83,66,,2141.30,,,
,00:13:42,148,7.8,07:39,84,66,,2143.70,,,
,00:13:43,148,7.8,07:39,85,66,,2146.10,,,
,00:13:44,148,7.9,07:38,84,66,,2148.70,,,
,00:13:45,148,8.0,07:33,84,66,,2151.20,,,
,00:13:46,148,8.1,07:23,85,67,,2153.90,,,
,00:13:47,148,8.3,07:12,85,67,,2156.50,,,
,00:13:48,148,8.5,07:01,85,67,,2159.40,,,
,00:13:49,148,8.8,06:49,87,67,,2162.20,,,
,00:13:50,148,9.1,06:36,86,67,,2165.20,,,
,00:13:51,148,9.4,06:23,88,67,,2168.50,,,
,00:13:52,148,9.7,06:13,88,68,,2171.70,,,
,00:13:53,148,9.9,06:03,88,68,,2174.90,,,
,00:13:54,148,10.2,05:54,88,68,,2178.30,,,
,00:13:55,147,10.4,05:46,88,68,,2181.80,,,
,00:13:56,147,11.0,05:27,88,68,,2185.30,,,
,00:13:57,147,11.7,05:08,88,68,,2189.00,,,
,00:13:58,146,12.0,05:00,88,68,,2192.50,,,
,00:13:59,146,12.2,04:55,88,68,,2196.20,,,
,00:14:00,146,12.4,04:50,88,68,,2199.80,,,
,00:14:01,146,12.6,04:45,88,68,,2203.50,,,
,00:14:02,145,12.9,04:39,89,68,,2207.30,,,
,00:14:03,145,13.1,04:35,90,69,,2211.20,,,
,00:14:04,145,13.2,04:33,90,69,,2215.10,,,
,00:14:05,145,13.4,04:29,90,69,,2218.90,,,
,00:14:06,144,13.5,04:26,90,69,,2222.70,,,
,00:14:07,144,13.7,04:23,90,69,,2226.80,,,
,00:14:08,144,13.9,04:18,90,69,,2230.90,,,
,00:14:09,143,14.1,04:15,90,69,,2235.00,,,
,00:14:10,142,14.1,04:15,90,69,,2239.00,,,
,00:14:11,142,14.1,04:15,90,69,,2243.20,,,
,00:14:12,141,14.2,04:14,90,69,,2247.30,,,
,00:14:13,141,14.5,04:09,90,69,,2251.60,,,
,00:14:14,140,14.7,04:05,90,69,,2255.90,,,
,00:14:15,140,14.9,04:02,90,69,,2260.10,,,
,00:14:16,140,14.9,04:01,90,69,,2264.30,,,
,00:14:17,139,14.7,04:05,90,69,,2268.30,,,
,00:14:18,139,14.2,04:13,90,69,,2272.20,,,
,00:14:19,139,13.9,04:20,90,69,,2275.80,,,
,00:14:20,138,13.3,04:31,90,69,,2279.30,,,
,00:14:21,138,12.7,04:44,90,69,,2282.70,,,
,00:14:22,138,12.4,04:49,90,69,,2285.90,,,
,00:14:23,138,12.2,04:54,90,69,,2289.00,,,
,00:14:24,138,12.1,04:58,90,69,,2291.90,,,
,00:14:25,138,12.0,05:01,90,69,,2294.80,,,
,00:14:26,138,11.9,05:02,90,69,,2297.80,,,
,00:14:27,138,11.9,05:03,90,69,,2300.70,,,
,00:14:28,138,11.8,05:04,90,69,,2303.60,,,
,00:14:29,138,11.8,05:05,90,69,,2306.70,,,
,00:14:30,137,11.8,05:06,90,69,,2309.80,,,
,00:14:31,137,11.8,05:06,90,69,,2313.00,,,
,00:14:32,137,11.8,05:06,90,69,,2316.10,,,
,00:14:33,137,11.8,05:06,90,68,,2319.70,,,
,00:14:34,137,12.0,05:01,90,68,,2323.60,,,
,00:14:35,137,12.3,04:52,89,68,,2327.50,,,
,00:14:36,136,12.6,04:45,89,68,,2331.60,,,
,00:14:37,136,12.8,04:41,89,68,,2335.80,,,
,00:14:38,136,12.8,04:41,90,68,,2339.80,,,
,00:14:39,136,12.7,04:43,89,68,,2344.00,,,
,00:14:40,135,12.6,04:45,89,68,,2347.90,,,
,00:14:41,135,12.6,04:46,89,68,,2352.00,,,
,00:14:42,135,12.5,04:47,90,68,,2355.40,,,
,00:14:43,135,12.5,04:47,90,68,,2358.60,,,
,00:14:44,135,12.5,04:47,89,67,,2361.80,,,
,00:14:45,135,12.5,04:47,89,67,,2365.00,,,
,00:14:46,135,12.5,04:47,89,67,,2368.30,,,
,00:14:47,135,12.5,04:47,89,67,,2371.90,,,
,00:14:48,135,12.7,04:44,90,67,,2375.70,,,
,00:14:49,135,12.9,04:39,90,67,,2379.60,,,
,00:14:50,135,13.1,04:34,90,66,,2383.70,,,
,00:14:51,134,13.4,04:29,90,66,,2387.90,,,
,00:14:52,134,13.6,04:24,89,66,,2392.35,,,
,00:14:53,134,13.8,04:20,89,66,,2396.81,,,
,00:14:54,134,14.0,04:17,89,66,,2401.26,,,
,00:14:55,134,14.2,04:14,89,66,,2405.72,,,
,00:14:56,133,14.3,04:11,89,66,,2410.17,,,
,00:14:57,133,14.4,04:10,89,66,,2414.63,,,
,00:14:58,133,14.3,04:11,90,66,,2419.08,,,
,00:14:59,133,14.2,04:14,90,65,,2423.20,,,
,00:15:00,133,14.0,04:17,90,65,,2427.00,,,
,00:15:01,133,13.9,04:19,90,65,,2430.80,,,
,00:15:02,134,13.9,04:20,90,65,,2434.60,,,
,00:15:03,134,13.8,04:21,90,65,,2438.30,,,
,00:15:04,134,13.8,04:21,90,65,,2442.10,,,
,00:15:05,134,13.8,04:22,90,64,,2445.90,,,
,00:15:06,134,13.8,04:22,90,64,,2449.70,,,
,00:15:07,133,13.8,04:21,90,64,,2453.70,,,
,00:15:08,133,13.8,04:21,90,64,,2458.00,,,
,00:15:09,133,13.8,04:20,90,64,,2462.10,,,
,00:15:10,133,13.8,04:21,89,64,,2466.00,,,
,00:15:11,133,13.8,04:21,89,63,,2469.80,,,
,00:15:12,133,13.8,04:21,89,63,,2473.60,,,
,00:15:13,133,13.8,04:22,89,63,,2477.50,,,
,00:15:14,133,13.8,04:22,90,63,,2481.40,,,
,00:15:15,133,13.7,04:22,90,62,,2485.30,,,
,00:15:16,133,13.7,04:22,90,62,,2489.20,,,
,00:15:17,133,13.7,04:22,90,62,,2493.10,,,
,00:15:18,133,13.7,04:22,90,62,,2497.20,,,
,00:15:19,134,13.7,04:22,90,62,,2501.30,,,
,00:15:20,134,13.7,04:22,90,61,,2505.40,,,
,00:15:21,134,13.7,04:22,90,61,,2509.40,,,
,00:15:22,134,13.8,04:22,90,61,,2513.50,,,
,00:15:23,134,13.8,04:21,90,61,,2517.50,,,
,00:15:24,133,13.8,04:21,89,61,,2521.30,,,
,00:15:25,133,13.8,04:20,89,60,,2525.00,,,
,00:15:26,133,13.9,04:20,89,60,,2528.90,,,
,00:15:27,132,13.9,04:19,89,60,,2532.80,,,
,00:15:28,132,13.9,04:19,89,60,,2536.50,,,
,00:15:29,132,13.9,04:19,89,59,,2540.00,,,
,00:15:30,132,13.9,04:19,89,59,,2543.80,,,
,00:15:31,132,13.9,04:19,89,59,,2547.30,,,
,00:15:32,132,13.9,04:19,89,59,,2550.70,,,
,00:15:33,132,13.9,04:18,89,58,,2554.30,,,
,00:15:34,132,13.9,04:18,89,58,,2558.00,,,
,00:15:35,132,13.9,04:18,89,58,,2561.50,,,
,00:15:36,133,13.9,04:18,89,58,,2565.10,,,
,00:15:37,133,13.9,04:18,89,57,,2568.40,,,
,00:15:38,133,13.9,04:19,89,57,,2571.90,,,
,00:15:39,133,13.9,04:20,89,57,,2575.40,,,
,00:15:40,133,13.8,04:20,89,57,,2578.90,,,
,00:15:41,133,13.8,04:21,89,56,,2582.60,,,
,00:15:42,133,13.8,04:21,89,56,,2586.20,,,
,00:15:43,133,13.8,04:21,89,56,,2589.60,,,
,00:15:44,133,13.8,04:21,89,56,,2593.10,,,
,00:15:45,133,13.8,04:21,89,55,,2596.80,,,
,00:15:46,133,13.8,04:22,89,55,,2600.40,,,
,00:15:47,132,13.8,04:22,89,55,,2604.10,,,
,00:15:48,132,13.7,04:22,89,55,,2607.70,,,
,00:15:49,132,13.7,04:22,89,55,,2611.20,,,
,00:15:50,131,13.7,04:22,89,54,,2614.90,,,
,00:15:51,131,13.7,04:22,89,54,,2618.50,,,
,00:15:52,131,13.7,04:22,89,54,,2622.20,,,
,00:15:53,131,13.7,04:23,89,54,,2625.80,,,
,00:15:54,131,13.7,04:23,89,54,,2629.40,,,
,00:15:55,131,13.6,04:24,89,53,,2633.10,,,
,00:15:56,131,13.6,04:25,89,53,,2636.70,,,
,00:15:57,131,13.5,04:26,89,53,,2640.30,,,
,00:15:58,131,13.5,04:27,89,53,,2643.90,,,
,00:15:59,131,13.5,04:27,89,53,,2647.40,,,
,00:16:00,131,13.5,04:27,89,53,,2651.00,,,
,00:16:01,131,13.4,04:28,89,52,,2654.50,,,
,00:16:02,130,13.4,04:29,89,52,,2658.00,,,
,00:16:03,130,13.4,04:29,89,52,,2661.40,,,
,00:16:04,130,13.3,04:30,89,52,,2665.00,,,
,00:16:05,130,13.3,04:30,89,52,,2668.30,,,
,00:16:06,130,13.3,04:31,89,51,,2671.40,,,
,00:16:07,131,13.2,04:33,89,51,,2674.40,,,
,00:16:08,131,12.9,04:39,89,51,,2677.40,,,
,00:16:09,131,12.6,04:46,87,51,,2680.40,,,
,00:16:10,132,12.3,04:53,86,51,,2683.20,,,
,00:16:11,132,12.1,04:58,86,51,,2686.20,,,
,00:16:12,132,11.9,05:02,86,51,,2689.10,,,
,00:16:13,132,11.8,05:06,86,50,,2691.90,,,
,00:16:14,133,11.5,05:12,86,50,,2694.50,,,
,00:16:15,133,11.2,05:20,86,50,,2697.10,,,
,00:16:16,133,10.9,05:30,86,50,,2699.60,,,
,00:16:17,133,10.6,05:39,86,50,,2702.20,,,
,00:16:18,133,10.4,05:47,86,50,,2704.60,,,
,00:16:19,133,10.2,05:53,84,50,,2707.10,,,
,00:16:20,133,10.1,05:57,84,50,,2709.50,,,
,00:16:21,133,10.0,06:01,84,50,,2711.70,,,
,00:16:22,133,9.9,06:04,84,49,,2714.20,,,
,00:16:23,133,9.8,06:07,84,49,,2716.90,,,
,00:16:24,133,9.7,06:09,85,49,,2719.40,,,
,00:16:25,133,9.7,06:12,85,49,,2721.90,,,
,00:16:26,133,9.6,06:14,85,49,,2724.20,,,
,00:16:27,133,9.5,06:18,85,49,,2726.90,,,
,00:16:28,133,9.4,06:21,85,49,,2729.40,,,
,00:16:29,133,9.4,06:24,85,49,,2731.70,,,
,00:16:30,133,9.4,06:25,85,49,,2734.20,,,
,00:16:31,133,9.3,06:25,85,49,,2736.80,,,
,00:16:32,133,9.3,06:25,85,49,,2739.40,,,
,00:16:33,133,9.4,06:24,84,49,,2742.10,,,
,00:16:34,133,9.4,06:22,85,49,,2744.70,,,
,00:16:35,133,9.5,06:19,87,48,,2747.60,,,
,00:16:36,133,9.6,06:16,86,48,,2750.40,,,
,00:16:37,133,9.7,06:13,86,48,,2753.20,,,
,00:16:38,133,9.8,06:07,86,48,,2755.90,,,
,00:16:39,133,10.0,06:01,86,48,,2758.70,,,
,00:16:40,133,10.1,05:56,88,48,,2761.50,,,
,00:16:41,132,10.2,05:52,88,48,,2764.30,,,
,00:16:42,132,10.3,05:49,88,48,,2767.10,,,
,00:16:43,132,10.4,05:47,88,48,,2770.00,,,
,00:16:44,132,10.4,05:47,88,48,,2772.70,,,
,00:16:45,132,10.3,05:48,88,48,,2775.60,,,
,00:16:46,132,10.3,05:50,88,48,,2778.50,,,
,00:16:47,132,10.3,05:51,88,48,,2781.40,,,
,00:16:48,132,10.2,05:52,88,48,,2784.30,,,
,00:16:49,132,10.2,05:53,88,48,,2787.40,,,
,00:16:50,132,10.2,05:53,88,48,,2790.30,,,
,00:16:51,132,10.2,05:54,88,48,,2793.40,,,
,00:16:52,132,10.2,05:54,88,48,,2796.30,,,
,00:16:53,132,10.1,05:55,88,48,,2799.30,,,
,00:16:54,132,10.1,05:55,88,48,,2802.20,,,
,00:16:55,132,10.1,05:55,88,47,,2805.00,,,
,00:16:56,132,10.1,05:55,88,47,,2807.90,,,
,00:16:57,132,10.1,05:56,88,47,,2811.00,,,
,00:16:58,132,10.1,05:56,88,47,,2813.90,,,
,00:16:59,132,10.1,05:56,88,47,,2816.90,,,
,00:17:00,131,10.1,05:56,88,47,,2819.80,,,
,00:17:01,131,10.1,05:56,88,47,,2822.60,,,
,00:17:02,131,10.1,05:56,88,47,,2825.50,,,
,00:17:03,131,10.1,05:56,87,47,,2828.40,,,
,00:17:04,130,10.1,05:56,86,47,,2831.20,,,
,00:17:05,130,10.1,05:56,86,47,,2833.90,,,
,00:17:06,130,10.1,05:56,86,47,,2836.70,,,
,00:17:07,130,10.1,05:57,86,47,,2839.40,,,
,00:17:08,130,10.1,05:58,87,47,,2842.20,,,
,00:17:09,130,10.0,05:58,86,47,,2845.00,,,
,00:17:10,130,10.0,05:59,88,47,,2847.80,,,
,00:17:11,130,10.0,05:59,88,47,,2850.70,,,
,00:17:12,130,10.0,05:59,86,47,,2853.40,,,
,00:17:13,131,10.0,06:00,86,47,,2856.20,,,
,00:17:14,131,10.0,06:00,86,47,,2859.20,,,
,00:17:15,131,10.0,06:00,86,47,,2862.00,,,
,00:17:16,131,10.0,06:00,86,47,,2865.00,,,
,00:17:17,131,10.0,06:00,86,47,,2868.00,,,
,00:17:18,131,10.0,06:00,87,47,,2870.90,,,
,00:17:19,131,10.0,05:59,88,47,,2873.90,,,
,00:17:20,130,10.1,05:58,88,47,,2876.80,,,
,00:17:21,130,10.1,05:57,87,47,,2879.90,,,
,00:17:22,131,10.1,05:56,86,47,,2882.80,,,
,00:17:23,131,10.1,05:55,86,47,,2885.80,,,
,00:17:24,131,10.2,05:55,87,47,,2888.90,,,
,00:17:25,131,10.2,05:54,88,47,,2891.90,,,
,00:17:26,131,10.2,05:54,88,47,,2895.00,,,
,00:17:27,130,10.2,05:54,88,47,,2898.00,,,
,00:17:28,130,10.2,05:53,88,47,,2900.90,,,
,00:17:29,130,10.2,05:53,88,47,,2903.80,,,
,00:17:30,130,10.2,05:53,88,47,,2906.60,,,
,00:17:31,130,10.2,05:53,88,47,,2909.80,,,
,00:17:32,130,10.2,05:52,88,47,,2912.90,,,
,00:17:33,130,10.2,05:51,88,47,,2915.80,,,
,00:17:34,130,10.3,05:51,88,47,,2918.70,,,
,00:17:35,130,10.3,05:50,88,47,,2921.70,,,
,00:17:36,130,10.3,05:49,88,47,,2924.80,,,
,00:17:37,130,10.3,05:48,88,47,,2927.90,,,
,00:17:38,130,10.4,05:48,88,47,,2931.10,,,
,00:17:39,130,10.4,05:47,86,47,,2934.10,,,
,00:17:40,130,10.4,05:46,86,47,,2936.90,,,
,00:17:41,130,10.4,05:46,88,47,,2939.80,,,
,00:17:42,130,10.4,05:46,88,47,,2942.70,,,
,00:17:43,130,10.4,05:46,88,47,,2945.60,,,
,00:17:44,129,10.4,05:46,88,47,,2948.60,,,
,00:17:45,129,10.4,05:45,87,47,,2951.50,,,
,00:17:46,129,10.4,05:45,88,47,,2954.60,,,
,00:17:47,129,10.4,05:45,88,47,,2957.50,,,
,00:17:48,129,10.4,05:45,87,47,,2960.60,,,
,00:17:49,129,10.4,05:45,86,47,,2963.40,,,
,00:17:50,129,10.5,05:44,86,47,,2966.50,,,
,00:17:51,129,10.5,05:44,86,47,,2969.60,,,
,00:17:52,129,10.5,05:44,87,47,,2972.60,,,
,00:17:53,129,10.5,05:44,88,47,,2975.50,,,
,00:17:54,129,10.5,05:44,88,47,,2978.60,,,
,00:17:55,129,10.5,05:44,88,47,,2981.70,,,
,00:17:56,129,10.5,05:44,88,47,,2984.30,,,
,00:17:57,128,10.5,05:44,88,47,,2987.10,,,
,00:17:58,128,10.5,05:44,88,47,,2990.00,,,
,00:17:59,128,10.5,05:44,88,47,,2993.00,,,
,00:18:00,128,10.5,05:42,88,47,,2996.30,,,
,00:18:01,128,10.6,05:39,88,47,,2999.60,,,
,00:18:02,128,10.7,05:37,88,47,,3002.80,,,
,00:18:03,128,10.7,05:37,88,47,,3005.60,,,
,00:18:04,128,10.6,05:40,88,47,,3008.00,,,
,00:18:05,128,10.4,05:46,88,47,,3010.60,,,
,00:18:06,128,10.2,05:55,88,47,,3013.00,,,
,00:18:07,128,9.9,06:03,88,47,,3015.10,,,
,00:18:08,128,9.7,06:11,88,47,,3016.80,,,
,00:18:09,128,9.4,06:23,88,47,,3018.20,,,
,00:18:10,128,9.0,06:39,88,47,,3019.60,,,
,00:18:11,128,8.7,06:52,88,47,,3021.20,,,
,00:18:12,128,8.5,07:04,88,47,,3023.00,,,
,00:18:13,128,8.3,07:12,88,47,,3024.90,,,
,00:18:14,128,8.3,07:14,88,48,,3027.30,,,
,00:18:15,128,8.5,07:03,88,48,,3030.00,,,
,00:18:16,128,8.9,06:45,88,48,,3032.80,,,
,00:18:17,128,9.1,06:35,88,48,,3035.70,,,
,00:18:18,128,9.3,06:29,87,48,,3038.90,,,
,00:18:19,128,9.4,06:24,86,48,,3042.10,,,
,00:18:20,128,9.5,06:17,86,48,,3045.30,,,
,00:18:21,129,9.7,06:10,86,48,,3048.70,,,
,00:18:22,129,9.9,06:04,86,48,,3052.10,,,
,00:18:23,129,10.0,06:00,86,48,,3055.40,,,
,00:18:24,130,10.1,05:58,86,48,,3058.70,,,
,00:18:25,130,10.1,05:56,86,48,,3062.00,,,
,00:18:26,130,10.2,05:51,86,48,,3065.70,,,
,00:18:27,130,10.4,05:45,86,49,,3069.10,,,
,00:18:28,130,10.6,05:38,86,49,,3073.00,,,
,00:18:29,129,10.8,05:32,86,49,,3076.70,,,
,00:18:30,129,11.0,05:29,87,49,,3080.20,,,
,00:18:31,129,11.0,05:29,88,49,,3083.70,,,
,00:18:32,129,10.9,05:30,88,49,,3087.20,,,
,00:18:33,129,10.9,05:31,88,49,,3090.40,,,
,00:18:34,129,10.8,05:32,88,49,,3093.40,,,
,00:18:35,129,11.0,05:28,88,49,,3097.20,,,
,00:18:36,129,11.4,05:16,88,49,,3101.00,,,
,00:18:37,129,11.9,05:03,88,49,,3104.40,,,
,00:18:38,129,12.2,04:55,88,49,,3107.90,,,
,00:18:39,129,12.5,04:49,88,49,,3112.00,,,
,00:18:40,129,12.7,04:44,88,49,,3116.10,,,
,00:18:41,129,12.9,04:39,88,48,,3120.30,,,
,00:18:42,129,13.1,04:35,88,48,,3124.40,,,
,00:18:43,129,13.2,04:33,88,48,,3128.60,,,
,00:18:44,128,13.2,04:34,88,48,,3131.90,,,
,00:18:45,128,12.9,04:39,88,48,,3134.90,,,
,00:18:46,128,12.5,04:48,88,48,,3137.60,,,
,00:18:47,128,12.2,04:55,88,48,,3140.30,,,
,00:18:48,128,11.9,05:01,86,48,,3142.90,,,
,00:18:49,128,11.7,05:07,86,48,,3145.40,,,
,00:18:50,128,11.5,05:12,87,48,,3147.80,,,
,00:18:51,128,11.4,05:16,88,48,,3150.40,,,
,00:18:52,128,11.3,05:20,88,48,,3153.10,,,
,00:18:53,128,11.2,05:21,88,48,,3156.00,,,
,00:18:54,128,11.4,05:17,88,48,,3159.60,,,
,00:18:55,128,11.5,05:12,88,48,,3163.30,,,
,00:18:56,129,11.7,05:08,87,47,,3167.00,,,
,00:18:57,129,11.8,05:06,88,47,,3170.70,,,
,00:18:58,129,11.7,05:08,88,47,,3174.20,,,
,00:18:59,129,11.6,05:10,88,47,,3177.90,,,
,00:19:00,129,11.5,05:12,88,47,,3181.50,,,
,00:19:01,129,11.5,05:13,88,47,,3184.60,,,
,00:19:02,129,11.4,05:15,88,47,,3187.50,,,
,00:19:03,130,11.4,05:17,88,47,,3190.40,,,
,00:19:04,130,11.3,05:18,88,46,,3193.30,,,
,00:19:05,130,11.3,05:19,88,46,,3196.10,,,
,00:19:06,131,11.2,05:20,88,46,,3199.00,,,
,00:19:07,131,11.2,05:21,88,46,,3202.00,,,
,00:19:08,131,11.2,05:21,88,46,,3204.90,,,
,00:19:09,131,11.2,05:21,88,46,,3207.90,,,
,00:19:10,132,11.2,05:21,88,46,,3211.10,,,
,00:19:11,132,11.2,05:21,88,46,,3214.20,,,
,00:19:12,132,11.2,05:21,88,45,,3217.30,,,
,00:19:13,132,11.2,05:22,88,45,,3220.20,,,
,00:19:14,132,11.2,05:22,88,45,,3223.00,,,
,00:19:15,132,11.2,05:22,88,45,,3225.80,,,
,00:19:16,132,11.2,05:22,88,45,,3228.70,,,
,00:19:17,132,11.2,05:22,88,45,,3231.60,,,
,00:19:18,132,11.2,05:22,88,45,,3234.80,,,
,00:19:19,132,11.2,05:21,88,45,,3238.00,,,
,00:19:20,132,11.2,05:21,88,45,,3241.40,,,
,00:19:21,132,11.2,05:20,88,45,,3244.60,,,
,00:19:22,132,11.3,05:19,88,45,,3248.10,,,
,00:19:23,132,11.3,05:19,88,45,,3251.50,,,
,00:19:24,132,11.3,05:18,88,45,,3254.70,,,
,00:19:25,132,11.3,05:18,88,45,,3258.00,,,
,00:19:26,132,11.4,05:17,88,45,,3261.20,,,
,00:19:27,132,11.4,05:17,88,44,,3264.60,,,
,00:19:28,133,11.4,05:16,88,44,,3267.70,,,
,00:19:29,133,11.4,05:16,88,44,,3270.60,,,
,00:19:30,133,11.4,05:16,88,44,,3273.70,,,
,00:19:31,133,11.4,05:16,88,44,,3276.60,,,
,00:19:32,134,11.3,05:18,88,44,,3279.30,,,
,00:19:33,134,11.1,05:24,88,44,,3282.10,,,
,00:19:34,134,10.9,05:31,88,44,,3284.60,,,
,00:19:35,135,10.6,05:38,88,44,,3287.10,,,
,00:19:36,135,10.5,05:44,88,44,,3289.40,,,
,00:19:37,136,10.3,05:50,88,44,,3291.70,,,
,00:19:38,136,10.1,05:56,88,44,,3294.10,,,
,00:19:39,136,10.0,06:01,88,44,,3296.40,,,
,00:19:40,137,9.8,06:06,88,44,,3298.80,,,
,00:19:41,137,9.8,06:09,88,44,,3301.40,,,
,00:19:42,137,9.8,06:09,88,44,,3303.80,,,
,00:19:43,137,9.8,06:08,88,44,,3306.50,,,
,00:19:44,137,9.9,06:05,88,44,,3309.10,,,
,00:19:45,137,10.0,05:59,88,44,,3311.90,,,
,00:19:46,137,10.2,05:53,86,44,,3314.70,,,
,00:19:47,137,10.3,05:49,87,44,,3317.70,,,
,00:19:48,137,10.4,05:46,88,44,,3320.90,,,
,00:19:49,137,10.5,05:44,88,43,,3324.10,,,
,00:19:50,137,10.5,05:42,87,43,,3327.00,,,
,00:19:51,137,10.6,05:39,86,43,,3330.00,,,
,00:19:52,137,10.7,05:37,86,43,,3333.10,,,
,00:19:53,136,10.7,05:35,88,43,,3336.20,,,
,00:19:54,136,10.8,05:34,88,43,,3339.20,,,
,00:19:55,136,10.8,05:34,88,43,,3342.00,,,
,00:19:56,136,10.8,05:34,88,43,,3345.00,,,
,00:19:57,136,10.8,05:33,88,43,,3347.90,,,
,00:19:58,136,10.8,05:33,88,43,,3350.90,,,
,00:19:59,136,10.8,05:33,88,43,,3353.70,,,
,00:20:00,136,10.7,05:37,88,43,,3356.50,,,
,00:20:01,136,10.4,05:45,88,43,,3358.90,,,
,00:20:02,136,10.2,05:54,88,43,,3361.50,,,
,00:20:03,136,10.0,06:00,88,43,,3364.00,,,
,00:20:04,136,10.0,06:01,88,43,,3366.70,,,
,00:20:05,136,10.1,05:58,88,43,,3369.20,,,
,00:20:06,136,10.1,05:55,88,43,,3371.80,,,
,00:20:07,136,10.2,05:53,88,43,,3374.10,,,
,00:20:08,136,10.2,05:51,88,44,,3377.00,,,
,00:20:09,136,10.3,05:50,88,44,,3380.00,,,
,00:20:10,136,10.3,05:50,88,44,,3383.20,,,
,00:20:11,136,10.4,05:48,88,44,,3386.70,,,
,00:20:12,136,10.5,05:44,88,44,,3390.00,,,
,00:20:13,136,10.5,05:41,88,44,,3393.20,,,
,00:20:14,136,10.6,05:40,88,44,,3396.40,,,
,00:20:15,136,10.6,05:41,88,44,,3399.70,,,
,00:20:16,136,10.5,05:42,88,44,,3402.80,,,
,00:20:17,136,10.5,05:43,88,45,,3405.80,,,
,00:20:18,136,10.5,05:43,88,45,,3408.60,,,
,00:20:19,136,10.5,05:44,88,45,,3411.40,,,
,00:20:20,136,10.4,05:45,88,45,,3414.20,,,
,00:20:21,136,10.4,05:45,88,45,,3416.90,,,
,00:20:22,136,10.4,05:46,88,45,,3419.80,,,
,00:20:23,136,10.4,05:46,87,45,,3422.80,,,
,00:20:24,136,10.4,05:46,86,46,,3425.80,,,
,00:20:25,136,10.4,05:47,86,46,,3429.20,,,
,00:20:26,137,10.4,05:47,87,46,,3432.40,,,
,00:20:27,137,10.4,05:47,88,46,,3435.60,,,
,00:20:28,137,10.4,05:47,88,46,,3438.80,,,
,00:20:29,138,10.4,05:47,88,46,,3441.90,,,
,00:20:30,138,10.4,05:48,88,46,,3445.00,,,
,00:20:31,138,10.4,05:48,87,47,,3447.80,,,
,00:20:32,139,10.3,05:48,86,47,,3450.30,,,
,00:20:33,139,10.3,05:49,86,47,,3453.00,,,
,00:20:34,139,10.3,05:49,86,47,,3455.60,,,
,00:20:35,139,10.3,05:50,88,47,,3458.10,,,
,00:20:36,139,10.3,05:50,88,48,,3460.60,,,
,00:20:37,139,10.3,05:50,88,48,,3463.40,,,
,00:20:38,139,10.3,05:50,88,48,,3466.30,,,
,00:20:39,140,10.3,05:50,88,48,,3469.40,,,
,00:20:40,140,10.3,05:49,88,48,,3472.60,,,
,00:20:41,140,10.3,05:48,88,48,,3476.00,,,
,00:20:42,140,10.4,05:47,87,48,,3479.40,,,
,00:20:43,140,10.4,05:47,86,49,,3482.80,,,
,00:20:44,140,10.4,05:46,86,49,,3486.20,,,
,00:20:45,141,10.4,05:46,86,49,,3489.00,,,
,00:20:46,141,10.3,05:49,86,49,,3491.40,,,
,00:20:47,141,10.1,05:58,86,49,,3493.80,,,
,00:20:48,141,9.8,06:07,86,49,,3496.00,,,
,00:20:49,141,9.7,06:13,86,49,,3498.40,,,
,00:20:50,142,9.6,06:16,86,49,,3500.80,,,
,00:20:51,142,9.5,06:18,86,50,,3502.90,,,
,00:20:52,142,9.5,06:20,87,50,,3505.10,,,
,00:20:53,142,9.4,06:24,88,50,,3507.10,,,
,00:20:54,142,9.3,06:29,88,50,,3509.50,,,
,00:20:55,142,9.1,06:34,88,50,,3512.00,,,
,00:20:56,142,9.1,06:37,88,50,,3514.30,,,
,00:20:57,142,9.2,06:33,88,50,,3517.10,,,
,00:20:58,142,9.3,06:25,88,50,,3519.90,,,
,00:20:59,143,9.5,06:17,88,50,,3523.20,,,
,00:21:00,143,9.7,06:12,88,50,,3526.50,,,
,00:21:01,143,9.7,06:10,88,51,,3529.10,,,
,00:21:02,143,9.6,06:15,88,51,,3531.70,,,
,00:21:03,143,9.3,06:26,88,51,,3534.20,,,
,00:21:04,143,9.2,06:32,86,51,,3537.20,,,
,00:21:05,143,9.3,06:28,86,51,,3540.10,,,
,00:21:06,143,9.5,06:21,86,51,,3542.30,,,
,00:21:07,143,9.6,06:15,87,51,,3544.60,,,
,00:21:08,143,9.7,06:11,86,51,,3547.60,,,
,00:21:09,143,9.8,06:08,88,51,,3550.60,,,
,00:21:10,143,9.8,06:06,88,51,,3554.00,,,
,00:21:11,143,9.9,06:04,88,52,,3557.20,,,
,00:21:12,143,9.9,06:02,88,52,,3560.60,,,
,00:21:13,143,10.0,06:01,87,52,,3563.80,,,
,00:21:14,143,10.0,06:00,86,52,,3566.80,,,
,00:21:15,143,10.0,06:00,86,52,,3569.70,,,
,00:21:16,143,10.0,05:59,86,52,,3572.50,,,
,00:21:17,143,10.0,05:59,86,52,,3574.50,,,
,00:21:18,143,10.0,05:59,86,52,,3577.00,,,
,00:21:19,143,10.0,05:58,86,52,,3580.00,,,
,00:21:20,143,10.0,05:58,86,52,,3583.00,,,
,00:21:21,143,10.1,05:57,86,53,,3586.00,,,
,00:21:22,143,10.2,05:53,86,53,,3589.30,,,
,00:21:23,143,10.3,05:48,86,53,,3593.30,,,
,00:21:24,143,10.4,05:46,86,53,,3596.60,,,
,00:21:25,143,10.4,05:46,86,53,,3599.80,,,
,00:21:26,143,10.4,05:47,86,53,,3602.60,,,
,00:21:27,143,10.2,05:52,86,53,,3605.30,,,
,00:21:28,143,10.0,06:00,86,53,,3607.70,,,
,00:21:29,143,9.8,06:07,86,54,,3610.00,,,
,00:21:30,143,9.7,06:13,86,54,,3612.30,,,
,00:21:31,142,9.6,06:17,86,54,,3614.20,,,
,00:21:32,142,9.5,06:17,86,54,,3615.80,,,
,00:21:33,142,9.6,06:17,86,54,,3618.20,,,
,00:21:34,142,9.6,06:16,86,54,,3620.70,,,
,00:21:35,142,9.6,06:15,86,54,,3623.40,,,
,00:21:36,142,9.6,06:15,87,55,,3626.30,,,
,00:21:37,142,9.7,06:11,88,55,,3629.80,,,
,00:21:38,142,9.9,06:04,88,55,,3633.40,,,
,00:21:39,143,10.0,06:01,88,55,,3636.50,,,
,00:21:40,143,10.0,06:01,86,55,,3639.70,,,
,00:21:41,143,9.9,06:02,86,55,,3642.70,,,
,00:21:42,143,9.9,06:04,86,55,,3645.50,,,
,00:21:43,144,9.8,06:06,86,55,,3648.10,,,
,00:21:44,144,9.7,06:10,86,55,,3650.60,,,
,00:21:45,144,9.6,06:16,86,55,,3652.70,,,
,00:21:46,145,9.5,06:18,86,56,,3654.70,,,
,00:21:47,145,9.5,06:18,86,56,,3657.00,,,
,00:21:48,145,9.5,06:18,86,56,,3659.70,,,
,00:21:49,146,9.5,06:18,87,56,,3662.20,,,
,00:21:50,146,9.5,06:18,86,56,,3664.70,,,
,00:21:51,146,9.5,06:18,86,56,,3667.30,,,
,00:21:52,147,9.5,06:18,87,56,,3669.70,,,
,00:21:53,147,9.5,06:18,86,56,,3672.20,,,
,00:21:54,147,9.5,06:18,88,57,,3675.00,,,
,00:21:55,147,9.5,06:18,88,57,,3677.70,,,
,00:21:56,147,9.5,06:18,88,57,,3680.20,,,
,00:21:57,147,9.5,06:17,88,57,,3682.70,,,
,00:21:58,148,9.6,06:16,88,57,,3685.30,,,
,00:21:59,148,9.6,06:16,88,57,,3687.60,,,
,00:22:00,148,9.5,06:17,88,57,,3690.00,,,
,00:22:01,148,9.5,06:19,88,57,,3692.90,,,
,00:22:02,148,9.4,06:22,88,58,,3695.50,,,
,00:22:03,148,9.4,06:22,88,58,,3697.50,,,
,00:22:04,148,9.4,06:22,88,58,,3699.70,,,
,00:22:05,149,9.4,06:22,88,58,,3702.10,,,
,00:22:06,149,9.4,06:21,88,58,,3704.90,,,
,00:22:07,149,9.4,06:21,88,58,,3707.50,,,
,00:22:08,150,9.4,06:21,88,58,,3710.20,,,
,00:22:09,150,9.5,06:21,88,59,,3713.10,,,
,00:22:10,150,9.5,06:21,88,59,,3715.80,,,
,00:22:11,151,9.5,06:21,88,59,,3718.80,,,
,00:22:12,151,9.5,06:20,88,59,,3721.50,,,
,00:22:13,151,9.5,06:20,88,59,,3724.30,,,
,00:22:14,152,9.5,06:20,88,59,,3727.10,,,
,00:22:15,152,9.5,06:20,88,59,,3729.70,,,
,00:22:16,152,9.5,06:19,88,59,,3732.50,,,
,00:22:17,152,9.5,06:19,88,59,,3735.50,,,
,00:22:18,151,9.5,06:17,88,59,,3738.50,,,
,00:22:19,151,9.6,06:15,88,59,,3741.40,,,
,00:22:20,152,9.7,06:12,88,59,,3744.50,,,
,00:22:21,152,9.8,06:08,88,60,,3747.90,,,
,00:22:22,152,10.0,06:01,88,60,,3751.40,,,
,00:22:23,152,10.2,05:54,89,60,,3755.00,,,
,00:22:24,152,10.4,05:48,89,60,,3758.40,,,
,00:22:25,152,10.5,05:43,89,60,,3761.80,,,
,00:22:26,152,10.6,05:41,88,60,,3765.00,,,
,00:22:27,153,10.7,05:37,87,60,,3768.50,,,
,00:22:28,153,10.9,05:30,86,60,,3772.00,,,
,00:22:29,153,11.2,05:22,86,60,,3775.50,,,
,00:22:30,153,11.4,05:16,87,60,,3778.80,,,
,00:22:31,152,11.6,05:11,88,60,,3782.10,,,
,00:22:32,152,11.7,05:08,88,60,,3785.40,,,
,00:22:33,152,11.6,05:10,88,60,,3788.40,,,
,00:22:34,152,11.4,05:16,88,60,,3791.60,,,
,00:22:35,152,11.1,05:24,88,60,,3794.70,,,
,00:22:36,152,10.9,05:30,88,60,,3797.50,,,
,00:22:37,152,10.7,05:35,88,59,,3800.30,,,
,00:22:38,152,10.6,05:40,88,59,,3802.90,,,
,00:22:39,152,10.5,05:44,88,59,,3805.30,,,
,00:22:40,152,10.4,05:47,88,59,,3807.60,,,
,00:22:41,152,10.3,05:50,88,59,,3809.80,,,
,00:22:42,152,10.2,05:52,88,59,,3812.50,,,
,00:22:43,152,10.2,05:54,88,59,,3815.00,,,
,00:22:44,152,10.1,05:55,88,59,,3817.60,,,
,00:22:45,152,10.1,05:56,88,59,,3820.10,,,
,00:22:46,152,10.1,05:58,88,59,,3822.50,,,
,00:22:47,152,10.0,05:59,88,59,,3824.70,,,
,00:22:48,152,10.0,06:02,88,59,,3827.10,,,
,00:22:49,152,9.9,06:03,88,59,,3829.60,,,
,00:22:50,152,9.9,06:05,88,58,,3832.40,,,
,00:22:51,152,9.8,06:06,88,58,,3834.90,,,
,00:22:52,152,9.8,06:06,88,58,,3837.50,,,
,00:22:53,151,9.8,06:06,88,58,,3840.10,,,
,00:22:54,151,9.8,06:06,88,58,,3842.80,,,
,00:22:55,151,9.9,06:05,88,58,,3845.70,,,
,00:22:56,151,9.9,06:05,88,58,,3848.70,,,
,00:22:57,151,9.9,06:04,88,58,,3852.00,,,
,00:22:58,151,9.9,06:04,88,58,,3855.10,,,
,00:22:59,151,9.9,06:04,88,58,,3858.20,,,
,00:23:00,151,9.9,06:03,88,58,,3861.20,,,
,00:23:01,152,9.9,06:02,87,58,,3864.50,,,
,00:23:02,152,10.0,06:02,86,58,,3867.60,,,
,00:23:03,152,10.0,06:00,86,58,,3870.50,,,
,00:23:04,152,10.0,05:59,87,58,,3873.40,,,
,00:23:05,152,10.1,05:58,88,58,,3876.20,,,
,00:23:06,152,10.1,05:57,87,58,,3878.80,,,
,00:23:07,152,10.1,05:56,88,58,,3881.60,,,
,00:23:08,152,10.1,05:55,88,58,,3884.30,,,
,00:23:09,152,10.1,05:55,88,58,,3887.00,,,
,00:23:10,152,10.2,05:55,88,58,,3889.60,,,
,00:23:11,152,10.2,05:54,88,58,,3892.30,,,
,00:23:12,152,10.2,05:54,88,58,,3894.80,,,
,00:23:13,152,10.2,05:54,88,58,,3897.50,,,
,00:23:14,152,10.1,05:57,88,58,,3900.00,,,
,00:23:15,152,10.0,06:01,88,58,,3902.40,,,
,00:23:16,152,9.9,06:04,88,58,,3904.70,,,
,00:23:17,152,9.8,06:06,87,58,,3907.20,,,
,00:23:18,152,9.9,06:05,86,58,,3909.60,,,
,00:23:19,152,9.9,06:04,86,58,,3912.10,,,
,00:23:20,152,9.9,06:03,86,58,,3914.60,,,
,00:23:21,152,10.0,06:02,86,58,,3917.60,,,
,00:23:22,152,10.0,06:01,86,58,,3920.60,,,
,00:23:23,152,10.1,05:58,86,58,,3923.80,,,
,00:23:24,152,10.3,05:50,88,58,,3927.10,,,
,00:23:25,152,10.6,05:40,88,58,,3930.40,,,
,00:23:26,151,10.8,05:32,88,58,,3934.00,,,
,00:23:27,151,11.1,05:25,88,58,,3937.50,,,
,00:23:28,151,11.3,05:20,88,58,,3941.00,,,
,00:23:29,151,11.4,05:16,88,58,,3944.30,,,
,00:23:30,151,11.5,05:14,88,58,,3947.80,,,
,00:23:31,151,11.5,05:14,88,58,,3951.20,,,
,00:23:32,151,11.5,05:14,88,58,,3954.70,,,
,00:23:33,151,11.4,05:17,88,58,,3957.80,,,
,00:23:34,151,11.2,05:22,88,59,,3960.70,,,
,00:23:35,151,11.0,05:27,88,59,,3963.80,,,
,00:23:36,151,10.8,05:32,87,59,,3966.80,,,
,00:23:37,151,10.7,05:35,87,59,,3969.70,,,
,00:23:38,151,10.7,05:38,87,59,,3972.80,,,
,00:23:39,151,10.6,05:41,86,59,,3975.70,,,
,00:23:40,151,10.5,05:44,86,59,,3978.70,,,
,00:23:41,150,10.4,05:46,86,59,,3981.60,,,
,00:23:42,150,10.4,05:46,86,59,,3984.70,,,
,00:23:43,149,10.4,05:46,86,59,,3987.50,,,
,00:23:44,149,10.4,05:45,86,59,,3990.50,,,
,00:23:45,149,10.4,05:45,86,59,,3993.20,,,
,00:23:46,148,10.5,05:44,86,60,,3996.00,,,
,00:23:47,148,10.5,05:44,86,60,,3998.70,,,
,00:23:48,148,10.5,05:44,87,60,,4001.40,,,
,00:23:49,147,10.5,05:44,88,60,,4004.20,,,
,00:23:50,147,10.5,05:44,87,60,,4006.90,,,
,00:23:51,146,10.5,05:43,86,60,,4009.50,,,
,00:23:52,146,10.5,05:43,81,60,,4012.50,,,
,00:23:53,146,10.5,05:43,79,60,,4015.20,,,
,00:23:54,146,10.5,05:43,85,60,,4017.80,,,
,00:23:55,146,10.5,05:43,85,60,,4020.60,,,
,00:23:56,145,10.5,05:43,85,60,,4023.20,,,
,00:23:57,145,10.5,05:43,85,61,,4026.00,,,
,00:23:58,145,10.5,05:43,85,61,,4028.70,,,
,00:23:59,145,10.4,05:45,87,61,,4031.40,,,
,00:24:00,145,10.4,05:46,86,61,,4034.30,,,
,00:24:01,145,10.4,05:48,87,61,,4036.80,,,
,00:24:02,144,10.3,05:49,86,61,,4039.70,,,
,00:24:03,144,10.3,05:49,86,61,,4042.70,,,
,00:24:04,143,10.3,05:50,86,61,,4045.60,,,
,00:24:05,143,10.3,05:51,87,61,,4048.80,,,
,00:24:06,143,10.3,05:51,88,61,,4051.90,,,
,00:24:07,143,10.3,05:51,88,61,,4054.90,,,
,00:24:08,143,10.3,05:51,88,61,,4057.90,,,
,00:24:09,143,10.3,05:49,88,61,,4060.90,,,
,00:24:10,143,10.3,05:49,88,61,,4063.80,,,
,00:24:11,143,10.4,05:48,88,61,,4066.50,,,
,00:24:12,144,10.4,05:47,88,61,,4069.10,,,
,00:24:13,144,10.4,05:47,88,60,,4071.80,,,
,00:24:14,143,10.4,05:46,88,60,,4074.30,,,
,00:24:15,143,10.4,05:46,87,60,,4076.60,,,
,00:24:16,143,10.4,05:46,86,60,,4079.20,,,
,00:24:17,143,10.4,05:46,86,60,,4081.50,,,
,00:24:18,142,10.4,05:46,86,60,,4084.10,,,
,00:24:19,142,10.3,05:48,86,60,,4086.60,,,
,00:24:20,141,10.2,05:53,86,60,,4089.20,,,
,00:24:21,141,10.1,05:58,87,60,,4091.60,,,
,00:24:22,141,10.0,06:01,88,60,,4094.10,,,
,00:24:23,141,9.9,06:04,88,60,,4096.60,,,
,00:24:24,141,9.9,06:05,88,60,,4099.40,,,
,00:24:25,141,9.9,06:03,88,60,,4101.90,,,
,00:24:26,141,9.9,06:02,88,61,,4104.60,,,
,00:24:27,141,10.0,06:01,88,61,,4107.20,,,
,00:24:28,141,10.0,06:00,87,61,,4109.60,,,
,00:24:29,141,10.0,06:02,88,61,,4112.10,,,
,00:24:30,141,9.9,06:05,88,61,,4114.70,,,
,00:24:31,141,9.8,06:06,87,61,,4117.30,,,
,00:24:32,141,9.9,06:05,86,61,,4119.90,,,
,00:24:33,141,9.9,06:05,87,61,,4122.40,,,
,00:24:34,141,9.9,06:05,88,61,,4124.80,,,
,00:24:35,141,9.9,06:05,88,62,,4127.20,,,
,00:24:36,141,9.9,06:05,88,62,,4129.60,,,
,00:24:37,141,9.8,06:07,88,62,,4132.30,,,
,00:24:38,141,9.7,06:11,88,62,,4134.80,,,
,00:24:39,141,9.6,06:14,88,62,,4137.20,,,
,00:24:40,141,9.6,06:14,88,63,,4139.90,,,
,00:24:41,141,9.6,06:14,88,63,,4142.50,,,
,00:24:42,141,9.6,06:14,88,63,,4145.20,,,
,00:24:43,141,9.6,06:14,88,63,,4148.00,,,
,00:24:44,141,9.6,06:13,88,64,,4151.00,,,
,00:24:45,141,9.6,06:13,88,64,,4153.90,,,
,00:24:46,141,9.6,06:13,88,64,,4156.40,,,
,00:24:47,142,9.6,06:13,88,64,,4159.30,,,
,00:24:48,142,9.6,06:13,88,64,,4162.40,,,
,00:24:49,142,9.6,06:13,88,65,,4165.20,,,
,00:24:50,142,9.6,06:13,88,65,,4167.60,,,
,00:24:51,142,9.6,06:13,88,65,,4170.00,,,
,00:24:52,142,9.6,06:14,88,66,,4172.80,,,
,00:24:53,141,9.6,06:15,88,66,,4175.30,,,
,00:24:54,141,9.6,06:16,88,66,,4178.00,,,
,00:24:55,141,9.6,06:17,88,66,,4180.50,,,
,00:24:56,141,9.5,06:17,90,66,,4183.10,,,
,00:24:57,141,9.5,06:18,90,67,,4185.40,,,
,00:24:58,142,9.5,06:18,89,67,,4187.90,,,
,00:24:59,142,9.5,06:18,89,67,,4191.00,,,
,00:25:00,142,9.5,06:19,89,67,,4193.80,,,
,00:25:01,142,9.5,06:19,89,67,,4196.10,,,
,00:25:02,142,9.5,06:19,89,68,,4198.80,,,
,00:25:03,142,9.5,06:19,89,68,,4201.40,,,
,00:25:04,141,9.5,06:19,89,68,,4204.20,,,
,00:25:05,141,9.5,06:19,89,68,,4207.00,,,
,00:25:06,141,9.5,06:19,89,68,,4209.80,,,
,00:25:07,141,9.5,06:19,89,68,,4212.40,,,
,00:25:08,141,9.5,06:19,89,69,,4214.80,,,
,00:25:09,141,9.5,06:19,89,69,,4217.70,,,
,00:25:10,141,9.5,06:19,89,69,,4220.80,,,
,00:25:11,142,9.6,06:17,89,69,,4224.00,,,
,00:25:12,142,9.6,06:15,89,69,,4226.90,,,
,00:25:13,142,9.6,06:13,89,70,,4229.80,,,
,00:25:14,142,9.7,06:12,89,70,,4232.80,,,
,00:25:15,142,9.7,06:10,89,70,,4235.70,,,
,00:25:16,142,9.8,06:08,89,70,,4239.00,,,
,00:25:17,142,9.9,06:05,87,70,,4242.10,,,
,00:25:18,142,9.9,06:05,86,70,,4245.10,,,
,00:25:19,142,9.8,06:07,86,71,,4247.80,,,
,00:25:20,142,9.7,06:09,86,71,,4250.70,,,
,00:25:21,142,9.7,06:11,86,71,,4253.50,,,
,00:25:22,143,9.7,06:12,86,71,,4256.40,,,
,00:25:23,143,9.7,06:13,86,71,,4259.30,,,
,00:25:24,143,9.7,06:11,86,71,,4262.20,,,
,00:25:25,143,9.8,06:08,87,71,,4265.10,,,
,00:25:26,143,9.9,06:03,88,71,,4268.20,,,
,00:25:27,143,10.0,06:00,88,71,,4271.00,,,
,00:25:28,144,10.0,05:59,88,72,,4274.10,,,
,00:25:29,144,10.0,06:00,88,72,,4277.10,,,
,00:25:30,144,10.0,06:02,88,72,,4280.00,,,
,00:25:31,144,9.9,06:03,88,72,,4282.80,,,
,00:25:32,144,9.9,06:04,88,72,,4285.50,,,
,00:25:33,144,9.9,06:04,88,72,,4288.30,,,
,00:25:34,143,9.9,06:04,88,72,,4291.10,,,
,00:25:35,143,9.9,06:05,88,72,,4293.80,,,
,00:25:36,143,9.9,06:05,88,72,,4296.70,,,
,00:25:37,143,9.9,06:05,88,72,,4299.40,,,
,00:25:38,143,9.9,06:04,88,72,,4302.30,,,
,00:25:39,143,9.9,06:03,88,72,,4305.30,,,
,00:25:40,143,9.9,06:02,88,72,,4308.50,,,
,00:25:41,143,10.0,05:59,88,72,,4311.80,,,
,00:25:42,143,10.2,05:53,88,72,,4314.90,,,
,00:25:43,143,10.3,05:51,88,72,,4318.00,,,
,00:25:44,142,10.3,05:51,88,72,,4321.10,,,
,00:25:45,142,10.2,05:52,88,72,,4324.20,,,
,00:25:46,142,10.2,05:53,88,72,,4327.40,,,
,00:25:47,142,10.2,05:54,88,72,,4330.40,,,
,00:25:48,142,10.2,05:54,88,72,,4333.60,,,
,00:25:49,142,10.2,05:54,88,72,,4336.40,,,
,00:25:50,142,10.2,05:54,88,72,,4339.10,,,
,00:25:51,141,10.2,05:53,88,72,,4341.70,,,
,00:25:52,141,10.2,05:53,88,72,,4344.50,,,
,00:25:53,141,10.2,05:53,88,72,,4347.20,,,
,00:25:54,141,10.2,05:53,88,72,,4349.90,,,
,00:25:55,141,10.2,05:52,88,72,,4352.50,,,
,00:25:56,141,10.2,05:52,87,72,,4355.10,,,
,00:25:57,141,10.2,05:52,86,72,,4357.70,,,
,00:25:58,141,10.2,05:54,84,72,,4360.20,,,
,00:25:59,141,10.1,05:58,85,72,,4362.70,,,
,00:26:00,141,9.9,06:02,85,72,,4365.30,,,
,00:26:01,141,9.9,06:05,85,72,,4367.60,,,
,00:26:02,141,9.8,06:06,85,72,,4370.10,,,
,00:26:03,141,9.8,06:08,85,72,,4372.40,,,
,00:26:04,141,9.7,06:11,85,71,,4374.90,,,
,00:26:05,141,9.7,06:12,87,71,,4377.20,,,
,00:26:06,141,9.7,06:10,88,71,,4379.90,,,
,00:26:07,141,9.8,06:07,88,71,,4382.50,,,
,00:26:08,141,9.9,06:04,88,71,,4385.10,,,
,00:26:09,141,9.9,06:02,86,71,,4387.60,,,
,00:26:10,141,9.9,06:02,86,71,,4390.20,,,
,00:26:11,140,10.0,06:01,86,71,,4392.80,,,
,00:26:12,140,10.0,06:00,86,71,,4395.40,,,
,00:26:13,140,10.0,05:59,86,71,,4398.00,,,
,00:26:14,140,10.0,05:59,86,71,,4400.70,,,
,00:26:15,140,10.0,05:59,86,71,,4403.50,,,
,00:26:16,140,10.0,05:59,86,71,,4406.10,,,
,00:26:17,140,10.0,05:59,86,71,,4408.70,,,
,00:26:18,140,10.0,05:59,86,71,,4411.30,,,
,00:26:19,140,10.0,05:59,86,71,,4413.80,,,
,00:26:20,140,10.0,06:01,86,71,,4416.40,,,
,00:26:21,140,9.9,06:04,86,71,,4418.90,,,
,00:26:22,140,9.9,06:05,86,71,,4421.40,,,
,00:26:23,140,9.8,06:08,86,71,,4423.80,,,
,00:26:24,140,9.7,06:12,86,71,,4426.00,,,
,00:26:25,140,9.6,06:16,86,71,,4428.30,,,
,00:26:26,140,9.5,06:18,86,71,,4430.70,,,
,00:26:27,140,9.5,06:19,87,71,,4433.20,,,
,00:26:28,140,9.5,06:19,86,71,,4435.60,,,
,00:26:29,140,9.5,06:19,88,71,,4438.10,,,
,00:26:30,140,9.5,06:20,88,71,,4440.60,,,
,00:26:31,140,9.5,06:20,88,71,,4443.10,,,
,00:26:32,140,9.5,06:21,88,71,,4445.60,,,
,00:26:33,140,9.4,06:22,88,71,,4448.10,,,
,00:26:34,140,9.4,06:23,88,71,,4450.70,,,
,00:26:35,140,9.4,06:24,88,71,,4453.30,,,
,00:26:36,140,9.3,06:25,88,71,,4455.90,,,
,00:26:37,140,9.3,06:26,88,71,,4458.40,,,
,00:26:38,139,9.3,06:27,88,71,,4460.90,,,
,00:26:39,139,9.3,06:27,88,71,,4463.60,,,
,00:26:40,139,9.3,06:28,88,71,,4466.30,,,
,00:26:41,139,9.3,06:28,88,71,,4468.90,,,
,00:26:42,139,9.3,06:29,88,71,,4471.80,,,
,00:26:43,139,9.3,06:29,88,71,,4474.60,,,
,00:26:44,140,9.3,06:29,87,71,,4477.20,,,
,00:26:45,140,9.3,06:29,86,71,,4479.80,,,
,00:26:46,140,9.3,06:29,85,72,,4482.40,,,
,00:26:47,140,9.2,06:30,84,72,,4485.10,,,
,00:26:48,140,9.2,06:30,85,72,,4487.70,,,
,00:26:49,141,9.2,06:31,85,72,,4490.10,,,
,00:26:50,141,9.2,06:31,85,72,,4492.70,,,
,00:26:51,141,9.2,06:32,85,72,,4495.20,,,
,00:26:52,141,9.2,06:32,85,72,,4497.70,,,
,00:26:53,142,9.2,06:32,85,72,,4500.40,,,
,00:26:54,142,9.2,06:32,85,72,,4503.00,,,
,00:26:55,142,9.2,06:33,85,72,,4505.50,,,
,00:26:56,142,9.2,06:33,85,72,,4508.10,,,
,00:26:57,142,9.2,06:33,85,72,,4510.70,,,
,00:26:58,142,9.1,06:33,85,72,,4513.00,,,
,00:26:59,142,9.1,06:33,85,72,,4515.40,,,
,00:27:00,142,9.1,06:33,85,72,,4517.80,,,
,00:27:01,143,9.1,06:33,87,72,,4520.30,,,
,00:27:02,143,9.1,06:34,88,72,,4522.70,,,
,00:27:03,143,9.1,06:34,87,72,,4525.30,,,
,00:27:04,143,9.1,06:34,86,72,,4527.80,,,
,00:27:05,142,9.1,06:34,86,72,,4530.40,,,
,00:27:06,142,9.1,06:34,86,73,,4533.00,,,
,00:27:07,142,9.1,06:34,86,73,,4535.90,,,
,00:27:08,142,9.1,06:34,86,73,,4538.70,,,
,00:27:09,142,9.1,06:34,86,73,,4541.50,,,
,00:27:10,142,9.1,06:34,86,73,,4544.30,,,
,00:27:11,142,9.2,06:33,86,73,,4547.20,,,
,00:27:12,142,9.2,06:32,86,73,,4549.90,,,
,00:27:13,143,9.2,06:32,86,73,,4552.80,,,
,00:27:14,143,9.2,06:31,86,73,,4555.50,,,
,00:27:15,143,9.2,06:31,86,73,,4558.20,,,
,00:27:16,143,9.2,06:30,86,73,,4560.70,,,
,00:27:17,143,9.2,06:30,86,74,,4563.20,,,
,00:27:18,144,9.2,06:30,87,74,,4565.80,,,
,00:27:19,144,9.2,06:30,88,74,,4568.30,,,
,00:27:20,144,9.2,06:30,86,74,,4570.80,,,
,00:27:21,144,9.2,06:30,86,74,,4573.30,,,
,00:27:22,144,9.2,06:30,86,74,,4575.70,,,
,00:27:23,144,9.2,06:30,86,74,,4578.20,,,
,00:27:24,144,9.2,06:30,86,74,,4580.80,,,
,00:27:25,144,9.2,06:30,86,74,,4583.40,,,
,00:27:26,144,9.2,06:30,86,74,,4586.00,,,
,00:27:27,144,9.2,06:29,86,74,,4588.20,,,
,00:27:28,144,9.2,06:29,86,74,,4590.60,,,
,00:27:29,144,9.2,06:29,87,74,,4592.90,,,
,00:27:30,144,9.2,06:29,88,74,,4595.40,,,
,00:27:31,144,9.2,06:29,87,74,,4598.00,,,
,00:27:32,144,9.2,06:29,88,74,,4600.50,,,
,00:27:33,144,9.2,06:29,88,74,,4602.90,,,
,00:27:34,144,9.2,06:29,88,74,,4605.40,,,
,00:27:35,144,9.2,06:29,88,74,,4608.00,,,
,00:27:36,144,9.2,06:29,88,74,,4610.80,,,
,00:27:37,144,9.2,06:29,88,74,,4613.60,,,
,00:27:38,144,9.2,06:29,88,74,,4616.20,,,
,00:27:39,145,9.2,06:29,88,74,,4618.80,,,
,00:27:40,145,9.2,06:29,88,74,,4621.00,,,
,00:27:41,145,9.2,06:29,88,74,,4623.90,,,
,00:27:42,145,9.2,06:29,88,74,,4626.60,,,
,00:27:43,145,9.2,06:29,88,74,,4629.30,,,
,00:27:44,145,9.2,06:29,88,74,,4631.90,,,
,00:27:45,145,9.2,06:29,88,74,,4634.40,,,
,00:27:46,145,9.2,06:29,88,74,,4636.80,,,
,00:27:47,145,9.2,06:29,88,74,,4639.50,,,
,00:27:48,145,9.2,06:29,88,74,,4642.10,,,
,00:27:49,146,9.2,06:30,88,74,,4644.70,,,
,00:27:50,146,9.2,06:30,87,74,,4647.30,,,
,00:27:51,146,9.2,06:30,86,75,,4649.80,,,
,00:27:52,146,9.2,06:30,86,75,,4652.20,,,
,00:27:53,146,9.2,06:30,86,75,,4654.60,,,
,00:27:54,146,9.2,06:31,87,75,,4657.10,,,
,00:27:55,146,9.2,06:31,88,75,,4659.60,,,
,00:27:56,146,9.2,06:32,88,75,,4662.00,,,
,00:27:57,146,9.2,06:32,88,75,,4664.30,,,
,00:27:58,146,9.2,06:32,88,75,,4666.60,,,
,00:27:59,146,9.2,06:33,88,75,,4668.80,,,
,00:28:00,146,9.2,06:33,88,75,,4671.10,,,
,00:28:01,146,9.2,06:33,88,75,,4673.30,,,
,00:28:02,146,9.2,06:33,88,76,,4675.80,,,
,00:28:03,146,9.2,06:33,88,76,,4678.40,,,
,00:28:04,147,9.2,06:33,88,76,,4681.00,,,
,00:28:05,147,9.1,06:34,88,76,,4683.60,,,
,00:28:06,147,9.1,06:34,88,76,,4686.50,,,
,00:28:07,148,9.2,06:30,88,76,,4689.70,,,
,00:28:08,148,9.4,06:24,88,76,,4692.70,,,
,00:28:09,148,9.5,06:18,88,76,,4695.70,,,
,00:28:10,148,9.6,06:14,88,76,,4698.90,,,
,00:28:11,148,9.6,06:14,88,76,,4701.90,,,
,00:28:12,148,9.5,06:18,88,76,,4704.80,,,
,00:28:13,148,9.5,06:21,88,77,,4707.70,,,
,00:28:14,148,9.4,06:23,88,77,,4710.70,,,
,00:28:15,148,9.4,06:22,88,77,,4713.50,,,
,00:28:16,148,9.6,06:16,88,77,,4716.50,,,
,00:28:17,148,9.8,06:09,88,77,,4719.40,,,
,00:28:18,148,9.9,06:02,90,77,,4722.50,,,
,00:28:19,148,10.1,05:55,90,77,,4725.60,,,
,00:28:20,148,10.3,05:48,90,77,,4728.80,,,
,00:28:21,148,10.5,05:41,89,77,,4732.20,,,
,00:28:22,149,10.7,05:35,89,77,,4735.50,,,
,00:28:23,149,10.9,05:29,90,77,,4738.90,,,
,00:28:24,149,11.1,05:24,90,78,,4742.40,,,
,00:28:25,149,11.3,05:20,90,78,,4745.80,,,
,00:28:26,149,11.4,05:16,90,78,,4749.30,,,
,00:28:27,149,11.5,05:13,90,78,,4752.70,,,
,00:28:28,148,11.6,05:09,89,78,,4756.20,,,
,00:28:29,148,11.8,05:05,89,78,,4759.90,,,
,00:28:30,148,12.0,05:01,89,78,,4763.50,,,
,00:28:31,148,12.1,04:57,89,78,,4767.00,,,
,00:28:32,147,12.2,04:54,90,78,,4770.60,,,
,00:28:33,147,12.3,04:52,90,78,,4774.20,,,
,00:28:34,147,12.4,04:51,90,78,,4778.00,,,
,00:28:35,146,12.4,04:49,90,78,,4781.60,,,
,00:28:36,146,12.5,04:48,90,78,,4785.20,,,
,00:28:37,146,12.6,04:46,90,78,,4788.90,,,
,00:28:38,146,12.6,04:45,90,78,,4792.30,,,
,00:28:39,146,12.7,04:44,90,78,,4795.90,,,
,00:28:40,146,12.7,04:42,90,78,,4799.60,,,
,00:28:41,146,12.9,04:40,90,78,,4803.30,,,
,00:28:42,146,13.0,04:37,89,78,,4807.10,,,
,00:28:43,146,13.1,04:35,90,78,,4810.80,,,
,00:28:44,146,13.1,04:34,90,78,,4814.60,,,
,00:28:45,145,13.1,04:35,90,78,,4818.30,,,
,00:28:46,145,13.1,04:35,90,78,,4822.10,,,
,00:28:47,145,13.2,04:33,90,78,,4826.10,,,
,00:28:48,144,13.3,04:30,90,78,,4830.10,,,
,00:28:49,144,13.5,04:27,90,78,,4834.00,,,
,00:28:50,144,13.6,04:25,90,78,,4837.90,,,
,00:28:51,143,13.7,04:23,90,78,,4841.90,,,
,00:28:52,143,13.8,04:21,90,78,,4845.90,,,
,00:28:53,143,13.8,04:20,90,78,,4850.00,,,
,00:28:54,143,13.8,04:20,90,78,,4854.20,,,
,00:28:55,142,13.8,04:20,90,78,,4858.10,,,
,00:28:56,142,13.8,04:20,90,78,,4862.00,,,
,00:28:57,142,13.7,04:22,90,77,,4865.90,,,
,00:28:58,142,13.5,04:26,90,77,,4869.60,,,
,00:28:59,142,13.4,04:29,90,77,,4873.30,,,
,00:29:00,141,13.2,04:32,90,77,,4877.00,,,
,00:29:01,141,13.1,04:34,90,77,,4880.70,,,
,00:29:02,141,13.1,04:36,90,77,,4884.60,,,
,00:29:03,141,13.0,04:37,90,77,,4888.30,,,
,00:29:04,140,12.9,04:38,92,76,,4892.10,,,
,00:29:05,140,12.9,04:39,93,76,,4895.70,,,
,00:29:06,140,12.9,04:39,92,76,,4899.50,,,
,00:29:07,139,12.9,04:39,92,76,,4903.30,,,
,00:29:08,139,12.9,04:39,91,76,,4907.10,,,
,00:29:09,139,12.9,04:39,91,75,,4910.90,,,
,00:29:10,138,12.9,04:39,91,75,,4914.60,,,
,00:29:11,138,12.9,04:38,91,75,,4918.40,,,
,00:29:12,138,13.0,04:38,91,75,,4922.20,,,
,00:29:13,138,13.0,04:37,91,75,,4925.70,,,
,00:29:14,138,13.0,04:36,91,74,,4929.30,,,
,00:29:15,138,13.1,04:35,91,74,,4932.80,,,
,00:29:16,138,13.1,04:35,91,74,,4936.50,,,
,00:29:17,137,13.1,04:35,91,74,,4940.00,,,
,00:29:18,137,13.1,04:34,91,73,,4943.40,,,
,00:29:19,137,13.1,04:34,91,73,,4946.90,,,
,00:29:20,137,13.1,04:34,91,73,,4950.20,,,
,00:29:21,136,13.2,04:34,91,73,,4953.50,,,
,00:29:22,136,13.2,04:34,91,73,,4956.90,,,
,00:29:23,136,13.2,04:33,91,73,,4960.30,,,
,00:29:24,136,13.2,04:33,91,72,,4963.70,,,
,00:29:25,136,13.2,04:33,91,72,,4966.70,,,
,00:29:26,136,13.1,04:34,91,72,,4969.90,,,
,00:29:27,136,13.1,04:36,91,72,,4973.10,,,
,00:29:28,136,13.0,04:37,91,72,,4976.30,,,
,00:29:29,136,13.0,04:37,91,72,,4979.50,,,
,00:29:30,136,13.0,04:36,91,71,,4983.00,,,
,00:29:31,136,13.0,04:37,91,71,,4986.20,,,
,00:29:32,136,12.9,04:40,91,71,,4989.40,,,
,00:29:33,136,12.7,04:44,91,71,,4992.50,,,
,00:29:34,136,12.5,04:47,91,71,,4995.80,,,
,00:29:35,136,12.5,04:48,91,71,,4999.00,,,
,00:29:36,136,12.5,04:47,91,71,,5002.30,,,
,00:29:37,136,12.6,04:45,91,70,,5005.40,,,
,00:29:38,136,12.7,04:43,91,70,,5008.70,,,
,00:29:39,136,12.7,04:44,91,70,,5011.80,,,
,00:29:40,136,12.6,04:46,91,70,,5015.10,,,
,00:29:41,136,12.6,04:46,91,70,,5018.40,,,
,00:29:42,136,12.7,04:44,92,70,,5021.80,,,
,00:29:43,136,12.7,04:43,92,70,,5025.10,,,
,00:29:44,136,12.8,04:42,96,69,,5028.40,,,
,00:29:45,136,12.7,04:43,96,69,,5031.50,,,
,00:29:46,136,12.6,04:46,96,69,,5034.60,,,
,00:29:47,136,12.4,04:50,96,69,,5037.70,,,
,00:29:48,136,12.4,04:50,95,69,,5040.90,,,
,00:29:49,136,12.4,04:49,92,69,,5044.10,,,
,00:29:50,137,12.4,04:49,90,69,,5047.40,,,
,00:29:51,137,12.4,04:50,90,69,,5051.00,,,
,00:29:52,137,12.4,04:51,90,68,,5054.40,,,
,00:29:53,137,12.3,04:52,90,68,,5057.60,,,
,00:29:54,137,12.3,04:53,90,68,,5061.00,,,
,00:29:55,138,12.3,04:54,90,68,,5064.70,,,
,00:29:56,138,12.2,04:55,90,68,,5068.20,,,
,00:29:57,138,12.2,04:55,90,68,,5071.60,,,
,00:29:58,138,12.2,04:56,90,68,,5074.90,,,
,00:29:59,138,12.1,04:56,90,68,,5078.50,,,
,00:30:00,138,12.1,04:57,90,68,,5081.30,,,
,00:30:01,138,12.1,04:57,90,67,,5084.60,,,
,00:30:02,138,12.1,04:58,90,67,,5087.60,,,
,00:30:03,138,12.1,04:58,90,67,,5091.10,,,
,00:30:04,138,12.0,05:01,90,67,,5094.10,,,
,00:30:05,138,11.8,05:04,90,67,,5097.00,,,
,00:30:06,138,11.8,05:06,90,67,,5099.90,,,
,00:30:07,138,11.7,05:07,90,67,,5102.70,,,
,00:30:08,138,11.7,05:07,90,67,,5105.60,,,
,00:30:09,138,11.7,05:08,90,67,,5108.40,,,
,00:30:10,138,11.7,05:09,90,67,,5111.10,,,
,00:30:11,137,11.6,05:11,90,67,,5114.30,,,
,00:30:12,137,11.5,05:13,90,67,,5116.80,,,
,00:30:13,137,11.5,05:13,90,66,,5119.40,,,
,00:30:14,137,11.5,05:14,90,66,,5122.80,,,
,00:30:15,137,11.4,05:16,90,66,,5125.70,,,
,00:30:16,137,11.4,05:15,90,66,,5128.80,,,
,00:30:17,137,11.5,05:14,90,66,,5132.50,,,
,00:30:18,137,11.5,05:12,90,66,,5135.90,,,
,00:30:19,137,11.6,05:11,90,66,,5139.20,,,
,00:30:20,137,11.6,05:11,90,66,,5142.30,,,
,00:30:21,137,11.6,05:10,90,66,,5145.60,,,
,00:30:22,137,11.6,05:09,90,66,,5149.60,,,
,00:30:23,137,11.7,05:07,90,66,,5152.80,,,
,00:30:24,137,11.8,05:04,90,66,,5156.70,,,
,00:30:25,137,11.9,05:03,92,66,,5160.30,,,
,00:30:26,137,11.9,05:04,92,66,,5163.40,,,
,00:30:27,137,11.8,05:04,90,65,,5167.00,,,
,00:30:28,137,11.8,05:05,90,65,,5171.00,,,
,00:30:29,137,11.8,05:05,90,65,,5175.20,,,
,00:30:30,137,11.8,05:05,90,65,,5178.40,,,
,00:30:31,136,11.8,05:05,90,65,,5181.60,,,
,00:30:32,136,11.8,05:05,90,65,,5185.10,,,
,00:30:33,136,11.8,05:05,90,65,,5188.40,,,
,00:30:34,136,11.8,05:05,90,65,,5192.00,,,
,00:30:35,136,11.8,05:05,90,65,,5195.50,,,
,00:30:36,136,11.8,05:05,90,65,,5198.90,,,
,00:30:37,137,11.8,05:05,90,65,,5202.20,,,
,00:30:38,137,11.8,05:05,90,65,,5205.40,,,
,00:30:39,137,11.8,05:05,92,65,,5209.20,,,
,00:30:40,137,11.8,05:05,91,65,,5212.60,,,
,00:30:41,137,11.8,05:04,91,65,,5215.80,,,
,00:30:42,137,11.8,05:04,91,65,,5219.10,,,
,00:30:43,138,11.8,05:04,91,65,,5222.40,,,
,00:30:44,138,11.9,05:04,91,65,,5225.80,,,
,00:30:45,138,11.9,05:04,91,65,,5229.30,,,
,00:30:46,138,11.9,05:03,91,65,,5232.80,,,
,00:30:47,138,11.9,05:03,91,65,,5236.10,,,
,00:30:48,138,11.9,05:02,91,65,,5239.50,,,
,00:30:49,138,11.9,05:02,91,65,,5243.00,,,
,00:30:50,138,11.9,05:02,91,65,,5246.40,,,
,00:30:51,138,11.9,05:01,91,65,,5249.80,,,
,00:30:52,138,11.9,05:01,91,65,,5253.60,,,
,00:30:53,138,12.0,05:01,91,65,,5257.00,,,
,00:30:54,138,12.0,05:01,91,65,,5260.60,,,
,00:30:55,138,12.0,05:00,91,65,,5264.10,,,
,00:30:56,138,12.0,05:00,91,65,,5267.40,,,
,00:30:57,138,12.0,05:00,91,65,,5271.60,,,
,00:30:58,138,12.0,04:59,91,65,,5275.10,,,
,00:30:59,138,12.1,04:59,91,65,,5278.70,,,
,00:31:00,138,12.1,04:58,91,65,,5282.00,,,
,00:31:01,138,12.1,04:58,91,65,,5285.20,,,
,00:31:02,138,12.1,04:57,91,65,,5288.50,,,
,00:31:03,138,12.1,04:57,91,65,,5291.90,,,
,00:31:04,138,12.1,04:57,91,64,,5295.10,,,
,00:31:05,137,12.1,04:57,91,64,,5298.50,,,
,00:31:06,137,12.2,04:56,91,64,,5301.40,,,
,00:31:07,137,12.2,04:56,91,64,,5304.70,,,
,00:31:08,137,12.2,04:56,91,64,,5307.90,,,
,00:31:09,137,12.2,04:56,91,64,,5311.40,,,
,00:31:10,137,12.2,04:56,91,64,,5314.70,,,
,00:31:11,137,12.2,04:56,91,64,,5318.00,,,
,00:31:12,137,12.2,04:56,91,64,,5321.50,,,
,00:31:13,137,12.2,04:56,91,64,,5325.40,,,
,00:31:14,137,12.2,04:55,91,64,,5329.20,,,
,00:31:15,137,12.2,04:55,91,64,,5332.80,,,
,00:31:16,137,12.2,04:54,91,64,,5336.30,,,
,00:31:17,137,12.2,04:54,91,64,,5339.90,,,
,00:31:18,137,12.3,04:54,91,64,,5343.40,,,
,00:31:19,137,12.3,04:54,91,64,,5347.00,,,
,00:31:20,137,12.3,04:53,91,64,,5350.70,,,
,00:31:21,137,12.3,04:53,91,64,,5354.10,,,
,00:31:22,137,12.3,04:53,91,64,,5357.40,,,
,00:31:23,137,12.3,04:52,91,64,,5360.80,,,
,00:31:24,136,12.3,04:52,91,64,,5363.90,,,
,00:31:25,136,12.3,04:52,91,63,,5367.40,,,
,00:31:26,136,12.3,04:52,91,63,,5371.30,,,
,00:31:27,136,12.3,04:52,91,63,,5374.70,,,
,00:31:28,136,12.3,04:52,91,63,,5378.00,,,
,00:31:29,136,12.3,04:52,91,63,,5380.90,,,
,00:31:30,137,12.3,04:52,91,63,,5384.80,,,
,00:31:31,137,12.3,04:52,91,63,,5388.20,,,
,00:31:32,137,12.3,04:52,91,63,,5391.60,,,
,00:31:33,137,12.3,04:52,91,63,,5395.10,,,
,00:31:34,137,12.3,04:52,91,63,,5398.40,,,
,00:31:35,137,12.3,04:52,91,63,,5401.30,,,
,00:31:36,138,12.3,04:52,91,63,,5404.60,,,
,00:31:37,138,12.3,04:53,91,63,,5407.90,,,
,00:31:38,139,12.3,04:53,91,63,,5411.50,,,
,00:31:39,139,12.3,04:53,91,62,,5414.40,,,
,00:31:40,139,12.3,04:53,91,62,,5417.70,,,
,00:31:41,140,12.3,04:54,91,62,,5421.40,,,
,00:31:42,140,12.3,04:54,91,62,,5424.70,,,
,00:31:43,140,12.3,04:54,91,62,,5428.40,,,
,00:31:44,140,12.3,04:54,91,62,,5431.80,,,
,00:31:45,140,12.3,04:54,91,62,,5435.20,,,
,00:31:46,140,12.3,04:54,91,62,,5438.50,,,
,00:31:47,140,12.2,04:54,91,62,,5441.90,,,
,00:31:48,140,12.2,04:54,91,62,,5445.10,,,
,00:31:49,140,12.2,04:54,91,62,,5448.30,,,
,00:31:50,140,12.2,04:54,91,62,,5450.90,,,
,00:31:51,140,12.2,04:55,91,62,,5454.50,,,
,00:31:52,140,12.2,04:55,91,62,,5457.50,,,
,00:31:53,141,12.2,04:55,91,62,,5460.70,,,
,00:31:54,141,12.2,04:55,91,61,,5464.20,,,
,00:31:55,141,12.2,04:55,91,61,,5467.30,,,
,00:31:56,141,12.2,04:55,91,61,,5470.70,,,
,00:31:57,141,12.2,04:56,89,61,,5474.10,,,
,00:31:58,141,12.2,04:56,89,61,,5477.20,,,
,00:31:59,141,12.2,04:56,89,61,,5480.80,,,
,00:32:00,141,12.2,04:56,89,61,,5483.80,,,
,00:32:01,141,12.1,04:57,89,61,,5486.90,,,
,00:32:02,141,12.1,04:57,89,61,,5489.90,,,
,00:32:03,141,12.1,04:57,89,61,,5492.80,,,
,00:32:04,141,12.1,04:58,89,61,,5495.70,,,
,00:32:05,141,12.1,04:59,89,61,,5498.60,,,
,00:32:06,140,12.0,05:00,89,61,,5501.60,,,
,00:32:07,140,12.0,05:00,89,61,,5504.70,,,
,00:32:08,140,12.0,05:00,89,61,,5507.60,,,
,00:32:09,140,11.9,05:01,89,60,,5510.60,,,
,00:32:10,140,11.9,05:02,89,60,,5513.40,,,
,00:32:11,140,11.9,05:02,89,60,,5516.50,,,
,00:32:12,140,11.9,05:02,89,60,,5519.60,,,
,00:32:13,140,11.9,05:02,89,60,,5522.70,,,
,00:32:14,140,11.9,05:02,89,60,,5525.70,,,
,00:32:15,141,11.9,05:02,89,60,,5528.80,,,
,00:32:16,141,11.9,05:02,89,60,,5531.80,,,
,00:32:17,141,11.9,05:02,89,60,,5534.70,,,
,00:32:18,141,11.9,05:03,89,60,,5537.70,,,
,00:32:19,141,11.9,05:03,89,60,,5540.70,,,
,00:32:20,141,11.9,05:04,89,59,,5543.60,,,
,00:32:21,142,11.8,05:05,89,59,,5546.40,,,
,00:32:22,142,11.7,05:08,89,59,,5549.20,,,
,00:32:23,142,11.5,05:12,89,59,,5552.00,,,
,00:32:24,142,11.4,05:15,89,59,,5554.80,,,
,00:32:25,142,11.3,05:18,89,59,,5557.60,,,
,00:32:26,142,11.3,05:18,89,59,,5560.60,,,
,00:32:27,142,11.3,05:18,89,59,,5563.50,,,
,00:32:28,142,11.3,05:18,89,59,,5566.50,,,
,00:32:29,142,11.3,05:18,89,59,,5569.60,,,
,00:32:30,142,11.3,05:18,89,59,,5572.70,,,
,00:32:31,142,11.3,05:19,89,59,,5575.70,,,
,00:32:32,142,11.3,05:19,89,59,,5578.80,,,
,00:32:33,142,11.3,05:20,89,59,,5582.00,,,
,00:32:34,142,11.2,05:21,89,59,,5585.10,,,
,00:32:35,142,11.2,05:21,89,59,,5588.20,,,
,00:32:36,142,11.2,05:22,87,59,,5591.20,,,
,00:32:37,142,11.1,05:23,86,59,,5594.00,,,
,00:32:38,142,11.1,05:24,87,59,,5597.10,,,
,00:32:39,142,11.1,05:25,88,59,,5600.00,,,
,00:32:40,142,11.1,05:26,88,59,,5602.90,,,
,00:32:41,142,11.0,05:26,88,59,,5605.90,,,
,00:32:42,142,11.0,05:27,88,59,,5608.80,,,
,00:32:43,142,11.0,05:27,88,59,,5611.60,,,
,00:32:44,142,11.0,05:27,87,59,,5614.60,,,
,00:32:45,142,11.0,05:28,87,59,,5617.60,,,
,00:32:46,142,11.0,05:28,88,59,,5620.60,,,
,00:32:47,142,11.0,05:29,88,59,,5623.40,,,
,00:32:48,142,10.9,05:30,88,59,,5626.30,,,
,00:32:49,143,10.9,05:31,88,59,,5629.20,,,
,00:32:50,143,10.9,05:32,88,59,,5632.10,,,
,00:32:51,143,10.8,05:32,88,59,,5635.00,,,
,00:32:52,143,10.8,05:33,88,59,,5638.00,,,
,00:32:53,143,10.8,05:34,88,59,,5641.10,,,
,00:32:54,142,10.8,05:34,88,59,,5644.10,,,
,00:32:55,142,10.8,05:35,88,59,,5647.10,,,
,00:32:56,142,10.8,05:35,88,59,,5650.30,,,
,00:32:57,142,10.8,05:35,88,59,,5653.30,,,
,00:32:58,142,10.7,05:35,88,59,,5656.60,,,
,00:32:59,141,10.7,05:35,88,59,,5660.20,,,
,00:33:00,142,10.8,05:32,88,59,,5663.20,,,
,00:33:01,142,11.0,05:26,89,59,,5666.60,,,
,00:33:02,142,11.2,05:22,90,59,,5670.00,,,
,00:33:03,142,11.4,05:17,90,59,,5673.50,,,
,00:33:04,142,11.6,05:11,90,59,,5677.30,,,
,00:33:05,142,11.8,05:05,90,59,,5681.00,,,
,00:33:06,142,12.0,04:59,90,60,,5685.20,,,
,00:33:07,142,12.2,04:54,90,60,,5689.50,,,
,00:33:08,142,12.4,04:49,90,60,,5692.80,,,
,00:33:09,142,12.7,04:43,90,60,,5697.25,,,
,00:33:10,142,12.9,04:39,90,60,,5701.30,,,
,00:33:11,142,13.1,04:35,90,60,,5705.75,,,
,00:33:12,142,13.3,04:31,90,59,,5709.50,,,
,00:33:13,141,13.4,04:29,90,59,,5713.60,,,
,00:33:14,141,13.4,04:29,90,59,,5717.20,,,
,00:33:15,141,13.3,04:30,90,59,,5721.40,,,
,00:33:16,141,13.3,04:31,90,59,,5724.20,,,
,00:33:17,141,13.4,04:29,90,59,,5728.66,,,
,00:33:18,141,13.5,04:27,93,59,,5732.50,,,
,00:33:19,140,13.8,04:20,93,59,,5736.70,,,
,00:33:20,140,14.7,04:06,91,59,,5741.16,,,
,00:33:21,140,15.4,03:54,91,59,,5745.61,,,
,00:33:22,140,15.4,03:54,91,59,,5750.06,,,
,00:33:23,140,15.2,03:56,93,59,,5754.50,,,
,00:33:24,140,15.1,03:58,93,59,,5758.90,,,
,00:33:25,140,15.1,03:59,93,59,,5763.35,,,
,00:33:26,139,15.0,04:00,93,59,,5767.80,,,
,00:33:27,139,15.0,04:00,93,59,,5771.90,,,
,00:33:28,139,15.0,04:01,93,59,,5776.30,,,
,00:33:29,139,13.8,04:20,93,59,,5779.50,,,
,00:33:30,139,12.8,04:42,93,59,,5782.90,,,
,00:33:31,139,12.8,04:42,93,59,,5786.80,,,
,00:33:32,139,12.9,04:40,93,58,,5791.25,,,
,00:33:33,139,13.1,04:35,93,58,,5795.10,,,
,00:33:34,139,13.3,04:30,93,58,,5799.20,,,
,00:33:35,139,13.5,04:26,92,58,,5803.20,,,
,00:33:36,140,13.6,04:24,91,58,,5807.66,,,
,00:33:37,140,13.7,04:23,93,58,,5811.50,,,
,00:33:38,140,13.7,04:23,93,58,,5815.70,,,
,00:33:39,140,13.6,04:24,93,58,,5819.80,,,
,00:33:40,140,13.6,04:25,93,58,,5823.90,,,
,00:33:41,140,13.5,04:26,92,58,,5827.50,,,
,00:33:42,139,13.6,04:25,91,57,,5831.95,,,
,00:33:43,139,13.6,04:24,91,57,,5836.10,,,
,00:33:44,139,13.9,04:20,91,57,,5839.90,,,
,00:33:45,139,14.0,04:16,91,57,,5844.35,,,
,00:33:46,139,14.0,04:17,91,57,,5848.50,,,
,00:33:47,138,14.0,04:18,91,57,,5852.40,,,
,00:33:48,138,14.0,04:18,91,57,,5856.30,,,
,00:33:49,137,13.9,04:18,91,57,,5860.10,,,
,00:33:50,137,13.8,04:20,91,56,,5863.50,,,
,00:33:51,137,13.7,04:23,91,56,,5866.40,,,
,00:33:52,136,13.6,04:25,91,56,,5869.30,,,
,00:33:53,136,13.4,04:28,91,56,,5873.30,,,
,00:33:54,136,13.4,04:29,91,56,,5876.00,,,
,00:33:55,136,13.4,04:28,91,55,,5879.30,,,
,00:33:56,136,13.5,04:27,91,55,,5883.00,,,
,00:33:57,135,13.6,04:26,91,55,,5887.00,,,
,00:33:58,135,13.6,04:25,91,55,,5890.20,,,
,00:33:59,135,13.6,04:24,91,55,,5893.80,,,
,00:34:00,134,13.7,04:23,91,54,,5897.60,,,
,00:34:01,134,13.7,04:23,91,54,,5901.50,,,
,00:34:02,133,13.7,04:22,91,54,,5904.70,,,
,00:34:03,133,13.8,04:22,91,54,,5908.50,,,
,00:34:04,133,13.8,04:21,91,53,,5912.10,,,
,00:34:05,132,13.8,04:21,91,53,,5915.80,,,
,00:34:06,132,13.8,04:21,91,53,,5919.40,,,
,00:34:07,132,13.8,04:21,91,53,,5923.20,,,
,00:34:08,132,13.8,04:21,91,52,,5926.20,,,
,00:34:09,132,13.8,04:21,91,52,,5930.10,,,
,00:34:10,132,13.8,04:21,91,52,,5933.70,,,
,00:34:11,132,13.8,04:21,91,52,,5937.20,,,
,00:34:12,132,13.8,04:21,91,51,,5940.70,,,
,00:34:13,132,13.8,04:22,91,51,,5944.40,,,
,00:34:14,133,13.7,04:22,91,51,,5947.70,,,
,00:34:15,133,13.7,04:23,91,50,,5951.10,,,
,00:34:16,133,13.7,04:23,91,50,,5954.60,,,
,00:34:17,133,13.7,04:23,91,50,,5958.40,,,
,00:34:18,134,13.7,04:23,91,50,,5961.70,,,
,00:34:19,134,13.7,04:24,91,49,,5965.20,,,
,00:34:20,134,13.6,04:24,91,49,,5968.60,,,
,00:34:21,134,13.6,04:25,90,49,,5971.50,,,
,00:34:22,135,13.5,04:26,89,49,,5974.90,,,
,00:34:23,135,13.3,04:30,90,48,,5978.10,,,
,00:34:24,135,13.1,04:35,89,48,,5980.80,,,
,00:34:25,135,13.0,04:38,89,48,,5983.80,,,
,00:34:26,136,12.7,04:43,89,48,,5987.40,,,
,00:34:27,136,12.4,04:51,89,47,,5990.20,,,
,00:34:28,136,12.0,04:59,89,47,,5992.70,,,
,00:34:29,136,11.7,05:08,89,47,,5995.20,,,
,00:34:30,136,11.3,05:18,89,46,,5998.10,,,
,00:34:31,136,11.1,05:26,87,46,,6000.40,,,
,00:34:32,137,10.8,05:33,86,46,,6002.90,,,
,00:34:33,137,10.6,05:39,86,46,,6005.40,,,
,00:34:34,137,10.5,05:44,87,46,,6008.20,,,
,00:34:35,137,10.2,05:52,88,46,,6010.40,,,
,00:34:36,138,10.0,05:58,88,45,,6012.70,,,
,00:34:37,138,10.0,05:59,87,45,,6015.30,,,
,00:34:38,138,10.0,05:59,86,45,,6018.30,,,
,00:34:39,138,10.2,05:54,86,45,,6021.20,,,
,00:34:40,139,10.5,05:44,86,45,,6024.20,,,
,00:34:41,139,10.8,05:32,86,45,,6027.40,,,
,00:34:42,139,11.2,05:22,86,45,,6031.00,,,
,00:34:43,140,11.4,05:15,86,44,,6034.00,,,
,00:34:44,140,11.7,05:09,86,44,,6037.60,,,
,00:34:45,140,11.8,05:05,87,44,,6041.40,,,
,00:34:46,141,11.9,05:02,88,44,,6045.00,,,
,00:34:47,141,12.0,05:00,87,44,,6048.70,,,
,00:34:48,141,12.1,04:59,88,44,,6052.50,,,
,00:34:49,141,12.1,04:57,88,44,,6056.00,,,
,00:34:50,142,12.1,04:56,88,44,,6059.50,,,
,00:34:51,142,12.2,04:56,88,44,,6062.80,,,
,00:34:52,142,12.2,04:56,88,44,,6066.30,,,
,00:34:53,142,12.2,04:55,88,43,,6069.60,,,
,00:34:54,142,12.2,04:55,88,43,,6072.80,,,
,00:34:55,142,12.2,04:55,88,43,,6075.70,,,
,00:34:56,142,12.2,04:56,88,43,,6078.60,,,
,00:34:57,142,12.1,04:58,88,43,,6081.50,,,
,00:34:58,142,12.0,05:00,88,43,,6084.20,,,
,00:34:59,142,12.0,05:01,88,43,,6087.50,,,
,00:35:00,142,11.9,05:02,88,43,,6090.50,,,
,00:35:01,142,11.9,05:03,88,43,,6093.40,,,
,00:35:02,142,11.8,05:04,88,43,,6096.10,,,
,00:35:03,142,11.8,05:06,88,43,,6099.30,,,
,00:35:04,142,11.7,05:07,88,43,,6102.30,,,
,00:35:05,142,11.7,05:08,88,43,,6105.60,,,
,00:35:06,142,11.7,05:09,88,42,,6108.70,,,
,00:35:07,142,11.6,05:10,88,42,,6111.70,,,
,00:35:08,142,11.6,05:11,88,42,,6114.50,,,
,00:35:09,142,11.5,05:12,88,42,,6117.90,,,
,00:35:10,142,11.5,05:13,88,42,,6121.10,,,
,00:35:11,141,11.5,05:14,88,42,,6124.30,,,
,00:35:12,141,11.4,05:15,88,42,,6127.50,,,
,00:35:13,141,11.4,05:16,88,42,,6130.60,,,
,00:35:14,141,11.3,05:18,88,42,,6133.80,,,
,00:35:15,141,11.3,05:19,88,42,,6136.90,,,
,00:35:16,141,11.3,05:20,88,42,,6140.50,,,
,00:35:17,141,11.2,05:21,88,41,,6143.80,,,
,00:35:18,141,11.2,05:21,88,41,,6146.50,,,
,00:35:19,141,11.2,05:22,88,41,,6149.70,,,
,00:35:20,141,11.2,05:22,88,41,,6153.20,,,
,00:35:21,142,11.2,05:22,88,41,,6155.40,,,
,00:35:22,142,11.2,05:22,88,41,,6158.70,,,
,00:35:23,142,11.1,05:23,88,41,,6161.70,,,
,00:35:24,142,11.1,05:23,88,41,,6164.80,,,
,00:35:25,143,11.1,05:23,88,41,,6167.50,,,
,00:35:26,143,11.1,05:23,88,41,,6170.70,,,
,00:35:27,143,11.1,05:23,89,41,,6173.90,,,
,00:35:28,143,11.1,05:24,90,41,,6177.20,,,
,00:35:29,143,11.1,05:24,90,41,,6180.00,,,
,00:35:30,143,11.1,05:24,89,41,,6183.50,,,
,00:35:31,143,11.1,05:23,89,40,,6186.60,,,
,00:35:32,142,11.1,05:23,89,40,,6189.90,,,
,00:35:33,142,11.2,05:23,89,40,,6193.50,,,
,00:35:34,142,11.2,05:23,89,40,,6196.90,,,
,00:35:35,142,11.2,05:22,89,40,,6200.10,,,
,00:35:36,142,11.2,05:22,89,40,,6203.00,,,
,00:35:37,142,11.2,05:22,89,40,,6205.90,,,
,00:35:38,142,11.2,05:22,89,40,,6209.20,,,
,00:35:39,141,11.2,05:22,89,40,,6212.20,,,
,00:35:40,141,11.2,05:22,89,40,,6215.00,,,
,00:35:41,141,11.2,05:22,89,40,,6217.90,,,
,00:35:42,141,11.2,05:22,89,40,,6220.40,,,
,00:35:43,141,11.2,05:22,89,40,,6223.50,,,
,00:35:44,141,11.2,05:22,89,40,,6226.10,,,
,00:35:45,141,11.2,05:22,89,40,,6229.30,,,
,00:35:46,141,11.2,05:22,89,40,,6232.20,,,
,00:35:47,141,11.2,05:22,89,39,,6235.40,,,
,00:35:48,141,11.2,05:23,89,39,,6238.10,,,
,00:35:49,141,11.2,05:23,89,39,,6241.00,,,
,00:35:50,141,11.1,05:23,89,39,,6243.80,,,
,00:35:51,141,11.1,05:23,89,39,,6247.30,,,
,00:35:52,141,11.1,05:24,89,39,,6249.70,,,
,00:35:53,141,11.1,05:24,89,39,,6253.00,,,
,00:35:54,141,11.1,05:24,89,39,,6255.90,,,
,00:35:55,141,11.1,05:24,89,39,,6258.90,,,
,00:35:56,140,11.1,05:24,89,39,,6261.90,,,
,00:35:57,140,11.1,05:24,89,39,,6265.30,,,
,00:35:58,140,11.1,05:24,89,39,,6268.30,,,
,00:35:59,140,11.1,05:24,89,39,,6271.60,,,
,00:36:00,140,11.1,05:24,89,39,,6274.30,,,
,00:36:01,140,11.1,05:24,89,39,,6277.40,,,
,00:36:02,140,11.1,05:25,89,39,,6280.80,,,
,00:36:03,140,11.1,05:25,89,39,,6283.90,,,
,00:36:04,140,11.1,05:25,89,39,,6287.00,,,
,00:36:05,141,11.1,05:25,89,39,,6290.00,,,
,00:36:06,140,11.1,05:26,89,39,,6293.10,,,
,00:36:07,140,11.0,05:26,86,39,,6295.70,,,
,00:36:08,140,11.0,05:27,87,39,,6298.50,,,
,00:36:09,140,11.0,05:27,88,39,,6301.30,,,
,00:36:10,140,11.0,05:27,88,39,,6304.30,,,
,00:36:11,139,10.9,05:29,88,39,,6306.70,,,
,00:36:12,139,10.8,05:32,88,39,,6309.30,,,
,00:36:13,140,10.7,05:37,88,39,,6311.80,,,
,00:36:14,140,10.5,05:41,88,39,,6314.00,,,
,00:36:15,140,10.5,05:42,88,39,,6316.90,,,
,00:36:16,140,10.6,05:40,88,39,,6320.00,,,
,00:36:17,141,10.6,05:39,88,40,,6322.70,,,
,00:36:18,141,10.7,05:37,88,40,,6325.10,,,
,00:36:19,142,10.7,05:36,88,40,,6328.10,,,
,00:36:20,142,10.7,05:35,88,40,,6331.10,,,
,00:36:21,143,10.8,05:34,88,40,,6334.20,,,
,00:36:22,143,10.8,05:34,88,40,,6337.10,,,
,00:36:23,143,10.8,05:33,88,40,,6340.00,,,
,00:36:24,143,10.8,05:33,88,40,,6342.50,,,
,00:36:25,143,10.8,05:33,88,40,,6345.30,,,
,00:36:26,144,10.8,05:33,88,40,,6348.40,,,
,00:36:27,144,10.8,05:33,88,40,,6351.50,,,
,00:36:28,144,10.8,05:33,88,40,,6354.10,,,
,00:36:29,144,10.8,05:33,88,40,,6356.80,,,
,00:36:30,144,10.8,05:33,88,40,,6359.30,,,
,00:36:31,144,10.8,05:34,88,41,,6362.40,,,
,00:36:32,144,10.8,05:34,88,41,,6365.40,,,
,00:36:33,145,10.8,05:35,86,41,,6368.40,,,
,00:36:34,145,10.7,05:35,84,41,,6370.90,,,
,00:36:35,145,10.7,05:36,85,41,,6373.90,,,
,00:36:36,146,10.5,05:44,85,41,,6376.10,,,
,00:36:37,146,10.2,05:54,85,41,,6378.40,,,
,00:36:38,146,9.9,06:04,85,41,,6381.10,,,
,00:36:39,146,9.6,06:17,85,41,,6383.50,,,
,00:36:40,146,9.4,06:23,85,41,,6385.40,,,
,00:36:41,147,9.3,06:27,85,42,,6387.70,,,
,00:36:42,147,9.3,06:29,85,42,,6390.00,,,
,00:36:43,147,9.3,06:28,85,42,,6392.50,,,
,00:36:44,147,9.4,06:22,87,42,,6394.70,,,
,00:36:45,147,9.6,06:15,88,42,,6397.90,,,
,00:36:46,147,9.7,06:10,88,42,,6400.90,,,
,00:36:47,147,9.8,06:06,88,42,,6403.20,,,
,00:36:48,147,9.9,06:02,88,42,,6406.50,,,
,00:36:49,146,10.0,06:02,88,42,,6409.10,,,
,00:36:50,146,9.9,06:03,88,42,,6411.90,,,
,00:36:51,146,9.9,06:03,88,42,,6414.20,,,
,00:36:52,146,9.9,06:02,88,42,,6417.30,,,
,00:36:53,145,10.0,06:00,88,43,,6420.10,,,
,00:36:54,145,10.0,05:58,88,43,,6422.40,,,
,00:36:55,145,10.1,05:58,88,43,,6425.20,,,
,00:36:56,145,10.1,05:58,88,43,,6427.90,,,
,00:36:57,145,10.0,06:01,88,43,,6430.50,,,
,00:36:58,144,9.9,06:04,88,43,,6432.90,,,
,00:36:59,145,9.9,06:04,88,43,,6435.90,,,
,00:37:00,145,9.9,06:03,88,43,,6438.70,,,
,00:37:01,145,10.0,06:00,89,43,,6441.50,,,
,00:37:02,145,10.1,05:58,90,43,,6444.30,,,
,00:37:03,145,10.0,05:59,89,43,,6447.30,,,
,00:37:04,145,10.0,05:59,90,43,,6450.20,,,
,00:37:05,145,10.0,06:00,90,43,,6453.20,,,
,00:37:06,145,10.0,06:01,90,43,,6455.20,,,
,00:37:07,145,9.9,06:03,90,43,,6457.20,,,
,00:37:08,145,9.9,06:04,89,43,,6458.90,,,
,00:37:09,145,9.9,06:04,90,43,,6461.80,,,
,00:37:10,145,10.0,06:01,90,44,,6464.10,,,
,00:37:11,144,10.1,05:55,90,44,,6465.90,,,
,00:37:12,144,10.5,05:44,90,44,,6468.40,,,
,00:37:13,144,10.9,05:29,90,44,,6472.20,,,
,00:37:14,144,11.4,05:17,90,44,,6476.60,,,
,00:37:15,143,11.6,05:11,90,44,,6481.00,,,
,00:37:16,143,11.6,05:10,90,45,,6484.60,,,
,00:37:17,143,11.5,05:14,89,45,,6488.70,,,
,00:37:18,143,11.4,05:15,89,45,,6491.90,,,
,00:37:19,144,11.6,05:11,89,45,,6496.00,,,
,00:37:20,144,11.7,05:07,89,45,,6499.20,,,
,00:37:21,144,11.9,05:03,89,46,,6502.60,,,
,00:37:22,144,11.8,05:06,89,46,,6505.30,,,
,00:37:23,144,11.4,05:15,89,46,,6508.40,,,
,00:37:24,144,11.2,05:22,89,46,,6511.60,,,
,00:37:25,144,11.0,05:28,89,47,,6514.40,,,
,00:37:26,143,10.8,05:33,89,47,,6517.10,,,
,00:37:27,143,10.7,05:37,89,47,,6520.10,,,
,00:37:28,143,10.6,05:41,89,47,,6522.20,,,
,00:37:29,142,10.5,05:44,89,48,,6525.00,,,
,00:37:30,142,10.4,05:46,89,48,,6526.90,,,
,00:37:31,142,10.3,05:49,89,48,,6529.90,,,
,00:37:32,142,10.3,05:49,89,48,,6533.00,,,
,00:37:33,142,10.4,05:45,89,48,,6536.00,,,
,00:37:34,142,10.6,05:40,89,49,,6539.50,,,
,00:37:35,142,10.6,05:38,89,49,,6542.50,,,
,00:37:36,142,10.6,05:40,89,49,,6545.70,,,
,00:37:37,142,10.5,05:43,89,49,,6548.80,,,
,00:37:38,142,10.4,05:45,89,49,,6552.00,,,
,00:37:39,142,10.4,05:46,89,49,,6555.80,,,
,00:37:40,142,10.4,05:46,89,49,,6559.10,,,
,00:37:41,142,10.4,05:46,89,49,,6562.00,,,
,00:37:42,142,10.4,05:46,89,49,,6564.70,,,
,00:37:43,141,10.4,05:46,89,50,,6568.00,,,
,00:37:44,141,10.4,05:46,89,49,,6571.10,,,
,00:37:45,141,10.4,05:45,90,49,,6573.80,,,
,00:37:46,141,10.5,05:44,90,49,,6576.90,,,
,00:37:47,141,10.5,05:42,90,49,,6580.00,,,
,00:37:48,141,10.6,05:41,89,49,,6582.60,,,
,00:37:49,141,10.6,05:40,90,49,,6585.80,,,
,00:37:50,141,10.6,05:39,89,49,,6588.80,,,
,00:37:51,141,10.7,05:38,89,49,,6591.80,,,
,00:37:52,141,10.7,05:37,89,49,,6594.60,,,
,00:37:53,141,10.7,05:36,89,49,,6598.20,,,
,00:37:54,141,10.7,05:35,90,49,,6601.80,,,
,00:37:55,141,10.8,05:32,90,48,,6605.10,,,
,00:37:56,140,10.9,05:30,90,48,,6608.30,,,
,00:37:57,140,10.9,05:30,90,48,,6611.60,,,
,00:37:58,140,10.9,05:30,90,48,,6614.80,,,
,00:37:59,140,10.9,05:29,90,48,,6618.10,,,
,00:38:00,140,11.0,05:28,90,48,,6621.80,,,
,00:38:01,140,11.0,05:27,90,48,,6625.10,,,
,00:38:02,140,11.0,05:26,90,48,,6627.90,,,
,00:38:03,140,11.1,05:25,90,48,,6631.60,,,
,00:38:04,139,11.1,05:24,90,48,,6634.60,,,
,00:38:05,139,11.1,05:23,89,48,,6637.60,,,
,00:38:06,139,11.2,05:23,89,47,,6640.60,,,
,00:38:07,139,11.2,05:22,90,47,,6644.00,,,
,00:38:08,140,11.2,05:22,90,47,,6647.30,,,
,00:38:09,140,11.2,05:22,90,47,,6650.70,,,
,00:38:10,140,11.2,05:21,89,47,,6653.80,,,
,00:38:11,140,11.2,05:21,89,47,,6657.10,,,
,00:38:12,140,11.2,05:20,89,47,,6660.20,,,
,00:38:13,140,11.2,05:20,89,47,,6663.50,,,
,00:38:14,139,11.2,05:20,89,47,,6667.00,,,
,00:38:15,139,11.3,05:20,90,47,,6670.40,,,
,00:38:16,139,11.3,05:20,90,47,,6673.50,,,
,00:38:17,139,11.3,05:19,90,47,,6676.80,,,
,00:38:18,139,11.3,05:19,89,46,,6680.00,,,
,00:38:19,140,11.3,05:19,90,46,,6683.50,,,
,00:38:20,140,11.3,05:19,90,46,,6686.90,,,
,00:38:21,140,11.3,05:18,90,46,,6690.40,,,
,00:38:22,140,11.3,05:18,90,46,,6694.00,,,
,00:38:23,140,11.3,05:18,89,46,,6697.40,,,
,00:38:24,140,11.3,05:18,89,46,,6700.90,,,
,00:38:25,140,11.3,05:18,90,46,,6704.10,,,
,00:38:26,141,11.3,05:18,90,46,,6707.00,,,
,00:38:27,141,11.3,05:20,90,46,,6709.90,,,
,00:38:28,141,11.1,05:24,89,46,,6712.60,,,
,00:38:29,141,11.1,05:25,90,45,,6715.40,,,
,00:38:30,141,11.1,05:24,90,45,,6718.10,,,
,00:38:31,142,11.2,05:22,90,45,,6720.90,,,
,00:38:32,142,11.2,05:21,90,45,,6723.80,,,
,00:38:33,142,11.3,05:20,90,45,,6726.80,,,
,00:38:34,142,11.3,05:19,90,45,,6730.00,,,
,00:38:35,142,11.3,05:18,90,45,,6733.40,,,
,00:38:36,142,11.4,05:17,90,45,,6736.90,,,
,00:38:37,142,11.4,05:16,90,45,,6740.50,,,
,00:38:38,142,11.4,05:16,90,44,,6743.80,,,
,00:38:39,142,11.4,05:15,90,44,,6747.10,,,
,00:38:40,142,11.4,05:15,90,44,,6750.20,,,
,00:38:41,142,11.5,05:14,90,44,,6753.40,,,
,00:38:42,142,11.5,05:14,90,44,,6756.50,,,
,00:38:43,142,11.5,05:14,90,44,,6759.60,,,
,00:38:44,142,11.5,05:14,90,44,,6762.70,,,
,00:38:45,142,11.5,05:14,90,44,,6765.70,,,
,00:38:46,142,11.5,05:13,89,44,,6768.70,,,
,00:38:47,142,11.5,05:13,90,43,,6771.70,,,
,00:38:48,142,11.5,05:13,90,43,,6774.90,,,
,00:38:49,142,11.5,05:13,90,43,,6778.20,,,
,00:38:50,142,11.5,05:13,89,43,,6781.30,,,
,00:38:51,142,11.5,05:13,90,43,,6784.70,,,
,00:38:52,142,11.5,05:13,90,43,,6787.90,,,
,00:38:53,143,11.5,05:13,90,43,,6791.30,,,
,00:38:54,143,11.5,05:13,90,43,,6794.60,,,
,00:38:55,143,11.5,05:13,90,43,,6797.90,,,
,00:38:56,144,11.5,05:13,90,43,,6801.10,,,
,00:38:57,144,11.5,05:13,90,43,,6804.30,,,
,00:38:58,144,11.5,05:13,89,43,,6807.50,,,
,00:38:59,144,11.5,05:12,89,42,,6810.60,,,
,00:39:00,144,11.5,05:12,89,42,,6813.50,,,
,00:39:01,144,11.5,05:12,89,42,,6816.50,,,
,00:39:02,144,11.5,05:12,89,42,,6819.50,,,
,00:39:03,145,11.5,05:12,89,42,,6822.50,,,
,00:39:04,145,11.5,05:13,89,42,,6825.30,,,
,00:39:05,145,11.5,05:13,89,42,,6828.20,,,
,00:39:06,145,11.5,05:13,89,42,,6831.10,,,
,00:39:07,145,11.5,05:13,87,42,,6833.80,,,
,00:39:08,145,11.5,05:13,87,42,,6836.70,,,
,00:39:09,145,11.5,05:14,86,42,,6839.70,,,
,00:39:10,145,11.5,05:14,88,42,,6842.60,,,
,00:39:11,145,11.4,05:14,88,42,,6845.50,,,
,00:39:12,145,11.4,05:15,88,42,,6848.30,,,
,00:39:13,145,11.4,05:16,88,42,,6851.20,,,
,00:39:14,144,11.4,05:16,88,42,,6854.10,,,
,00:39:15,144,11.3,05:17,88,42,,6857.00,,,
,00:39:16,144,11.3,05:18,88,42,,6859.90,,,
,00:39:17,144,11.3,05:19,88,42,,6862.90,,,
,00:39:18,144,11.3,05:20,88,42,,6865.90,,,
,00:39:19,144,11.2,05:21,88,42,,6869.00,,,
,00:39:20,144,11.2,05:22,88,42,,6872.00,,,
,00:39:21,144,11.2,05:22,88,42,,6875.20,,,
,00:39:22,145,11.2,05:23,88,42,,6878.10,,,
,00:39:23,145,11.1,05:23,88,42,,6881.80,,,
,00:39:24,145,11.1,05:23,88,42,,6884.80,,,
,00:39:25,145,11.1,05:23,88,41,,6887.90,,,
,00:39:26,145,11.1,05:24,88,41,,6891.10,,,
,00:39:27,145,11.1,05:24,88,41,,6894.40,,,
,00:39:28,146,11.1,05:24,88,41,,6897.20,,,
,00:39:29,146,11.1,05:24,88,41,,6900.60,,,
,00:39:30,146,11.1,05:24,88,41,,6903.50,,,
,00:39:31,146,11.1,05:25,88,41,,6906.60,,,
,00:39:32,147,11.1,05:25,88,41,,6909.30,,,
,00:39:33,147,11.1,05:25,88,41,,6912.40,,,
,00:39:34,147,11.1,05:25,88,41,,6915.50,,,
,00:39:35,147,11.1,05:25,88,41,,6918.30,,,
,00:39:36,147,11.1,05:25,88,41,,6921.20,,,
,00:39:37,147,11.1,05:26,88,41,,6924.50,,,
,00:39:38,147,11.0,05:27,88,41,,6927.00,,,
,00:39:39,147,11.0,05:28,88,41,,6930.00,,,
,00:39:40,147,11.0,05:29,88,41,,6932.80,,,
,00:39:41,147,10.9,05:30,88,41,,6935.40,,,
,00:39:42,147,10.9,05:30,88,41,,6938.20,,,
,00:39:43,148,10.9,05:31,88,41,,6941.00,,,
,00:39:44,148,10.9,05:32,88,41,,6943.80,,,
,00:39:45,148,10.8,05:32,88,41,,6946.20,,,
,00:39:46,148,10.7,05:36,88,41,,6948.70,,,
,00:39:47,148,10.4,05:45,87,41,,6950.90,,,
,00:39:48,148,10.1,05:58,86,41,,6953.20,,,
,00:39:49,148,9.7,06:11,86,41,,6955.20,,,
,00:39:50,149,9.5,06:19,86,41,,6957.50,,,
,00:39:51,149,9.4,06:21,86,41,,6959.90,,,
,00:39:52,149,9.5,06:18,84,41,,6962.10,,,
,00:39:53,148,9.7,06:13,84,41,,6964.50,,,
,00:39:54,148,9.7,06:10,84,41,,6967.10,,,
,00:39:55,148,9.8,06:07,85,41,,6969.70,,,
,00:39:56,148,9.9,06:03,85,41,,6972.70,,,
,00:39:57,148,10.0,05:59,84,41,,6975.60,,,
,00:39:58,148,10.1,05:56,85,41,,6978.70,,,
,00:39:59,148,10.2,05:53,85,41,,6981.60,,,
,00:40:00,148,10.2,05:52,85,41,,6984.70,,,
,00:40:01,148,10.3,05:50,85,41,,6987.50,,,
,00:40:02,149,10.3,05:49,85,42,,6990.20,,,
,00:40:03,149,10.3,05:49,85,42,,6993.30,,,
,00:40:04,149,10.3,05:48,85,42,,6996.10,,,
,00:40:05,149,10.3,05:48,87,42,,6998.80,,,
,00:40:06,149,10.3,05:48,87,42,,7001.30,,,
,00:40:07,149,10.3,05:48,88,42,,7003.90,,,
,00:40:08,149,10.3,05:48,88,42,,7006.90,,,
,00:40:09,149,10.3,05:48,88,42,,7009.20,,,
,00:40:10,149,10.3,05:48,88,42,,7012.20,,,
,00:40:11,149,10.3,05:48,88,42,,7015.30,,,
,00:40:12,149,10.3,05:49,88,42,,7018.00,,,
,00:40:13,150,10.3,05:49,87,42,,7021.10,,,
,00:40:14,150,10.3,05:49,86,42,,7024.20,,,
,00:40:15,150,10.3,05:49,88,42,,7027.50,,,
,00:40:16,150,10.4,05:48,88,42,,7030.70,,,
,00:40:17,150,10.4,05:46,88,42,,7034.00,,,
,00:40:18,149,10.4,05:45,88,42,,7037.30,,,
,00:40:19,149,10.6,05:41,88,43,,7040.70,,,
,00:40:20,150,10.8,05:33,88,43,,7044.30,,,
,00:40:21,150,11.1,05:26,88,43,,7047.90,,,
,00:40:22,150,11.2,05:21,89,43,,7051.30,,,
,00:40:23,150,11.2,05:22,90,43,,7054.80,,,
,00:40:24,150,11.1,05:25,90,43,,7057.90,,,
,00:40:25,149,11.1,05:24,90,43,,7061.50,,,
,00:40:26,149,11.3,05:18,90,43,,7065.10,,,
,00:40:27,149,11.6,05:10,90,43,,7068.80,,,
,00:40:28,149,11.8,05:04,90,43,,7072.30,,,
,00:40:29,148,12.0,05:00,90,43,,7075.90,,,
,00:40:30,148,12.2,04:56,90,43,,7079.40,,,
,00:40:31,148,12.3,04:53,90,43,,7083.20,,,
,00:40:32,147,12.4,04:50,90,43,,7087.10,,,
,00:40:33,147,12.5,04:48,90,43,,7091.00,,,
,00:40:34,147,12.5,04:48,90,43,,7094.40,,,
,00:40:35,147,12.5,04:49,90,43,,7097.90,,,
,00:40:36,146,12.4,04:51,90,43,,7101.20,,,
,00:40:37,146,12.2,04:55,90,43,,7104.50,,,
,00:40:38,146,12.0,05:01,89,42,,7107.70,,,
,00:40:39,145,11.7,05:08,89,42,,7110.90,,,
,00:40:40,145,11.5,05:14,89,42,,7113.90,,,
,00:40:41,145,11.3,05:19,89,42,,7116.60,,,
,00:40:42,145,11.1,05:23,89,42,,7119.50,,,
,00:40:43,145,11.1,05:26,89,42,,7122.30,,,
,00:40:44,145,11.0,05:27,89,42,,7125.10,,,
,00:40:45,144,11.0,05:29,87,42,,7128.30,,,
,00:40:46,144,10.9,05:30,88,42,,7131.20,,,
,00:40:47,144,10.9,05:31,88,41,,7133.80,,,
,00:40:48,144,10.9,05:31,88,41,,7136.60,,,
,00:40:49,144,10.8,05:32,88,41,,7139.50,,,
,00:40:50,144,10.8,05:32,88,41,,7142.30,,,
,00:40:51,144,10.8,05:33,88,41,,7145.10,,,
,00:40:52,143,10.8,05:33,88,41,,7147.90,,,
,00:40:53,143,10.8,05:33,88,41,,7150.70,,,
,00:40:54,143,10.8,05:33,88,41,,7153.00,,,
,00:40:55,143,10.8,05:33,88,41,,7155.60,,,
,00:40:56,143,10.8,05:34,88,41,,7158.60,,,
,00:40:57,142,10.8,05:35,88,41,,7161.40,,,
,00:40:58,142,10.8,05:35,88,41,,7164.00,,,
,00:40:59,142,10.8,05:35,88,41,,7166.70,,,
,00:41:00,142,10.7,05:37,88,40,,7169.30,,,
,00:41:01,142,10.6,05:40,88,40,,7171.80,,,
,00:41:02,142,10.4,05:45,87,40,,7174.50,,,
,00:41:03,142,10.2,05:51,86,40,,7177.10,,,
,00:41:04,143,10.1,05:57,86,40,,7179.50,,,
,00:41:05,143,9.9,06:04,86,40,,7181.90,,,
,00:41:06,143,9.7,06:12,86,40,,7184.20,,,
,00:41:07,143,9.5,06:19,86,40,,7186.30,,,
,00:41:08,143,9.3,06:25,86,40,,7188.60,,,
,00:41:09,144,9.2,06:31,86,40,,7190.90,,,
,00:41:10,144,9.1,06:37,88,40,,7193.20,,,
,00:41:11,144,9.0,06:42,88,40,,7195.30,,,
,00:41:12,144,8.8,06:48,88,40,,7197.40,,,
,00:41:13,143,8.7,06:56,88,40,,7199.40,,,
,00:41:14,143,8.5,07:04,88,40,,7201.50,,,
,00:41:15,143,8.3,07:12,87,41,,7203.70,,,
,00:41:16,143,8.2,07:20,86,41,,7205.70,,,
,00:41:17,143,8.0,07:29,86,41,,7207.50,,,
,00:41:18,143,7.9,07:38,86,41,,7209.30,,,
,00:41:19,143,7.7,07:48,86,41,,7211.20,,,
,00:41:20,143,7.6,07:56,86,41,,7212.80,,,
,00:41:21,144,7.5,08:00,85,41,,7214.80,,,
,00:41:22,144,7.4,08:06,85,41,,7216.80,,,
,00:41:23,144,7.3,08:14,85,41,,7218.40,,,
,00:41:24,144,7.2,08:22,85,41,,7220.20,,,
,00:41:25,145,7.0,08:33,85,41,,7221.80,,,
,00:41:26,145,6.9,08:42,85,41,,7223.50,,,
,00:41:27,145,6.8,08:49,84,41,,7225.30,,,
,00:41:28,146,6.7,08:54,85,42,,7226.90,,,
,00:41:29,146,6.7,08:56,85,42,,7228.90,,,
,00:41:30,146,6.7,08:56,85,42,,7230.60,,,
,00:41:31,146,6.8,08:53,85,42,,7232.40,,,
,00:41:32,146,6.8,08:48,85,42,,7234.50,,,
,00:41:33,147,6.9,08:44,84,42,,7236.50,,,
,00:41:34,147,6.9,08:38,84,42,,7238.50,,,
,00:41:35,147,7.0,08:31,84,42,,7240.70,,,
,00:41:36,147,7.1,08:25,84,42,,7242.70,,,
,00:41:37,147,7.3,08:16,84,43,,7245.00,,,
,00:41:38,147,7.4,08:08,84,43,,7247.10,,,
,00:41:39,148,7.4,08:05,84,43,,7249.10,,,
,00:41:40,148,7.4,08:05,84,43,,7251.00,,,
,00:41:41,148,7.4,08:10,84,43,,7252.70,,,
,00:41:42,148,7.3,08:14,84,43,,7254.50,,,
,00:41:43,148,7.3,08:13,84,43,,7256.60,,,
,00:41:44,148,7.4,08:08,85,43,,7258.70,,,
,00:41:45,148,7.4,08:04,84,44,,7260.90,,,
,00:41:46,148,7.5,08:01,85,44,,7262.70,,,
,00:41:47,148,7.5,08:00,84,44,,7264.80,,,
,00:41:48,148,7.5,08:00,84,44,,7266.80,,,
,00:41:49,149,7.5,07:59,84,44,,7268.90,,,
,00:41:50,148,7.5,07:59,84,44,,7271.10,,,
,00:41:51,149,7.5,08:00,84,45,,7273.10,,,
,00:41:52,148,7.5,08:01,84,45,,7275.00,,,
,00:41:53,148,7.5,08:02,84,45,,7277.00,,,
,00:41:54,148,7.4,08:04,84,45,,7278.90,,,
,00:41:55,148,7.4,08:06,84,45,,7280.90,,,
,00:41:56,148,7.4,08:07,84,45,,7282.90,,,
,00:41:57,148,7.4,08:08,84,46,,7284.80,,,
,00:41:58,149,7.4,08:09,84,46,,7286.50,,,
,00:41:59,149,7.3,08:11,85,46,,7288.50,,,
,00:42:00,149,7.3,08:12,84,46,,7290.30,,,
,00:42:01,149,7.3,08:12,84,46,,7292.10,,,
,00:42:02,150,7.3,08:13,84,46,,7293.90,,,
,00:42:03,150,7.3,08:13,84,46,,7295.50,,,
,00:42:04,150,7.2,08:19,84,47,,7297.10,,,
,00:42:05,150,7.0,08:32,84,47,,7298.60,,,
,00:42:06,150,6.8,08:51,82,47,,7300.20,,,
,00:42:07,150,6.5,09:13,82,47,,7301.70,,,
,00:42:08,150,6.3,09:36,82,47,,7303.00,,,
,00:42:09,150,6.0,10:00,82,48,,7304.10,,,
,00:42:10,150,5.8,10:25,82,48,,7305.10,,,
,00:42:11,150,5.6,10:46,82,48,,7306.20,,,
,00:42:12,150,5.4,11:02,82,48,,7307.30,,,
,00:42:13,150,5.4,11:06,82,48,,7308.80,,,
,00:42:14,150,5.5,10:53,83,48,,7310.20,,,
,00:42:15,150,5.7,10:32,83,49,,7311.80,,,
,00:42:16,150,5.9,10:14,83,49,,7313.50,,,
,00:42:17,150,6.0,09:57,83,49,,7315.20,,,
,00:42:18,151,6.2,09:44,83,49,,7317.30,,,
,00:42:19,151,6.3,09:33,83,49,,7319.40,,,
,00:42:20,151,6.4,09:25,83,50,,7321.40,,,
,00:42:21,151,6.4,09:20,83,50,,7323.40,,,
,00:42:22,151,6.5,09:16,83,50,,7325.20,,,
,00:42:23,152,6.5,09:11,83,50,,7327.40,,,
,00:42:24,152,6.6,09:04,83,50,,7329.50,,,
,00:42:25,152,6.8,08:52,83,50,,7331.70,,,
,00:42:26,152,6.9,08:39,83,51,,7333.90,,,
,00:42:27,153,7.0,08:33,83,51,,7336.20,,,
,00:42:28,153,7.0,08:32,83,51,,7338.40,,,
,00:42:29,153,7.1,08:29,83,52,,7340.60,,,
,00:42:30,153,7.2,08:22,84,52,,7343.20,,,
,00:42:31,154,7.3,08:12,85,52,,7345.90,,,
,00:42:32,154,7.5,07:58,85,52,,7348.20,,,
,00:42:33,154,7.7,07:46,85,53,,7350.60,,,
,00:42:34,154,7.9,07:38,84,53,,7353.40,,,
,00:42:35,155,8.0,07:32,84,53,,7355.80,,,
,00:42:36,155,8.0,07:29,84,53,,7358.20,,,
,00:42:37,155,8.0,07:28,84,54,,7360.70,,,
,00:42:38,155,8.0,07:27,84,54,,7363.50,,,
,00:42:39,155,8.0,07:30,84,54,,7365.20,,,
,00:42:40,155,7.9,07:36,84,54,,7367.30,,,
,00:42:41,155,7.8,07:43,84,55,,7369.50,,,
,00:42:42,155,7.7,07:50,84,55,,7371.80,,,
,00:42:43,155,7.6,07:51,84,55,,7373.50,,,
,00:42:44,155,7.7,07:49,83,55,,7375.80,,,
,00:42:45,155,7.7,07:50,83,56,,7378.10,,,
,00:42:46,155,7.6,07:52,84,56,,7380.20,,,
,00:42:47,156,7.6,07:54,85,56,,7382.20,,,
,00:42:48,156,7.5,07:58,85,56,,7384.60,,,
,00:42:49,156,7.5,08:01,85,57,,7386.70,,,
,00:42:50,156,7.5,08:03,85,57,,7388.90,,,
,00:42:51,156,7.5,08:00,85,57,,7391.10,,,
,00:42:52,156,7.7,07:48,85,57,,7393.60,,,
,00:42:53,156,7.9,07:33,86,57,,7396.10,,,
,00:42:54,156,8.2,07:20,86,57,,7398.80,,,
,00:42:55,156,8.3,07:11,86,58,,7401.30,,,
,00:42:56,156,8.5,07:03,86,58,,7403.90,,,
,00:42:57,156,8.5,07:02,86,58,,7406.90,,,
,00:42:58,156,8.5,07:03,86,58,,7409.50,,,
,00:42:59,156,8.6,06:56,87,58,,7412.30,,,
,00:43:00,156,8.6,06:56,87,58,,7414.90,,,
,00:43:01,156,8.6,06:57,86,58,,7417.30,,,
,00:43:02,156,8.7,06:55,86,59,,7419.80,,,
,00:43:03,156,8.7,06:52,86,59,,7422.20,,,
,00:43:04,156,8.8,06:48,86,59,,7425.00,,,
,00:43:05,156,8.9,06:43,86,59,,7427.60,,,
,00:43:06,156,9.0,06:38,86,59,,7430.10,,,
,00:43:07,156,9.1,06:34,86,59,,7433.40,,,
,00:43:08,156,9.2,06:31,86,59,,7435.70,,,
,00:43:09,156,9.3,06:29,86,59,,7438.40,,,
,00:43:10,156,9.3,06:27,87,59,,7441.20,,,
,00:43:11,156,9.3,06:26,90,59,,7444.00,,,
,00:43:12,155,9.5,06:20,89,59,,7446.30,,,
,00:43:13,155,9.8,06:06,90,60,,7449.00,,,
,00:43:14,155,10.2,05:52,89,60,,7452.40,,,
,00:43:15,155,10.6,05:41,89,60,,7455.20,,,
,00:43:16,155,10.9,05:31,89,60,,7457.90,,,
,00:43:17,154,10.9,05:30,89,60,,7461.20,,,
,00:43:18,154,10.8,05:34,89,60,,7463.90,,,
,00:43:19,154,10.5,05:43,89,60,,7467.20,,,
,00:43:20,154,10.2,05:54,89,60,,7470.10,,,
,00:43:21,153,10.1,05:56,89,61,,7473.70,,,
,00:43:22,153,10.4,05:45,89,61,,7476.80,,,
,00:43:23,153,11.3,05:20,89,61,,7479.40,,,
,00:43:24,153,11.3,05:20,89,61,,7482.30,,,
,00:43:25,153,11.7,05:07,89,61,,7485.20,,,
,00:43:26,153,11.6,05:11,89,61,,7488.30,,,
,00:43:27,152,11.4,05:14,89,61,,7492.00,,,
,00:43:28,152,11.4,05:15,89,61,,7495.60,,,
,00:43:29,152,11.5,05:14,89,62,,7499.10,,,
,00:43:30,152,11.5,05:12,88,62,,7502.30,,,
,00:43:31,151,11.6,05:11,87,62,,7505.30,,,
,00:43:32,151,11.6,05:11,86,62,,7508.20,,,
,00:43:33,151,11.6,05:11,87,62,,7511.80,,,
,00:43:34,151,11.6,05:11,88,62,,7515.20,,,
,00:43:35,150,11.6,05:09,88,62,,7518.70,,,
,00:43:36,150,11.7,05:07,88,62,,7522.20,,,
,00:43:37,150,11.8,05:05,88,62,,7525.40,,,
,00:43:38,149,11.8,05:04,88,62,,7528.50,,,
,00:43:39,149,11.8,05:06,88,62,,7531.80,,,
,00:43:40,149,11.7,05:09,87,62,,7535.10,,,
,00:43:41,149,11.6,05:11,89,62,,7538.40,,,
,00:43:42,148,11.5,05:12,90,62,,7541.60,,,
,00:43:43,148,11.5,05:12,90,62,,7544.70,,,
,00:43:44,148,11.5,05:12,90,62,,7548.00,,,
,00:43:45,149,11.5,05:12,90,62,,7551.60,,,
,00:43:46,149,11.6,05:09,90,62,,7554.60,,,
,00:43:47,149,11.8,05:06,90,63,,7558.50,,,
,00:43:48,149,11.7,05:08,90,63,,7561.60,,,
,00:43:49,149,11.6,05:11,90,63,,7565.10,,,
,00:43:50,149,11.5,05:12,90,63,,7568.50,,,
,00:43:51,149,11.5,05:14,90,63,,7572.40,,,
,00:43:52,149,11.5,05:14,90,63,,7575.80,,,
,00:43:53,149,11.5,05:14,90,62,,7579.30,,,
,00:43:54,148,11.5,05:14,89,62,,7582.10,,,
,00:43:55,148,11.5,05:14,90,62,,7586.00,,,
,00:43:56,147,11.5,05:14,89,62,,7589.10,,,
,00:43:57,147,11.5,05:13,90,62,,7592.90,,,
,00:43:58,147,11.7,05:08,90,62,,7596.80,,,
,00:43:59,147,12.0,05:00,90,62,,7601.10,,,
,00:44:00,147,12.4,04:49,90,62,,7604.30,,,
,00:44:01,146,12.9,04:40,90,62,,7608.75,,,
,00:44:02,146,12.9,04:39,90,62,,7612.70,,,
,00:44:03,146,12.9,04:38,92,62,,7617.00,,,
,00:44:04,145,13.1,04:34,92,62,,7621.10,,,
,00:44:05,145,13.3,04:31,92,62,,7625.50,,,
,00:44:06,144,13.2,04:33,93,62,,7628.90,,,
,00:44:07,144,12.9,04:38,91,62,,7632.20,,,
,00:44:08,144,12.7,04:43,91,62,,7635.30,,,
,00:44:09,143,12.6,04:46,89,62,,7639.20,,,
,00:44:10,143,12.4,04:49,89,62,,7642.10,,,
,00:44:11,143,12.3,04:52,89,62,,7645.50,,,
,00:44:12,142,12.3,04:53,89,62,,7648.70,,,
,00:44:13,142,12.3,04:53,89,61,,7652.00,,,
,00:44:14,142,12.2,04:54,89,61,,7654.60,,,
,00:44:15,142,12.2,04:55,89,61,,7658.20,,,
,00:44:16,142,12.2,04:55,89,61,,7661.80,,,
,00:44:17,142,12.2,04:55,89,61,,7665.50,,,
,00:44:18,142,12.2,04:55,89,61,,7668.70,,,
,00:44:19,141,12.2,04:55,89,61,,7672.30,,,
,00:44:20,141,12.2,04:55,89,61,,7675.90,,,
,00:44:21,141,12.2,04:55,90,61,,7679.20,,,
,00:44:22,141,12.2,04:55,89,61,,7682.50,,,
,00:44:23,140,12.2,04:55,89,60,,7685.80,,,
,00:44:24,140,12.2,04:55,90,60,,7689.20,,,
,00:44:25,141,12.2,04:55,90,60,,7692.50,,,
,00:44:26,141,12.2,04:55,90,60,,7695.50,,,
,00:44:27,141,12.2,04:55,90,60,,7699.20,,,
,00:44:28,141,12.2,04:55,90,60,,7702.30,,,
,00:44:29,141,12.2,04:55,90,60,,7705.50,,,
,00:44:30,141,12.2,04:55,90,59,,7709.00,,,
,00:44:31,141,12.2,04:55,90,59,,7712.60,,,
,00:44:32,141,12.2,04:55,90,59,,7716.30,,,
,00:44:33,141,12.2,04:55,90,59,,7719.80,,,
,00:44:34,141,12.2,04:54,90,59,,7723.70,,,
,00:44:35,141,12.2,04:54,90,59,,7726.80,,,
,00:44:36,141,12.2,04:54,90,59,,7729.90,,,
,00:44:37,141,12.2,04:54,90,59,,7733.30,,,
,00:44:38,141,12.2,04:54,90,59,,7736.60,,,
,00:44:39,141,12.3,04:54,90,58,,7739.00,,,
,00:44:40,141,12.3,04:54,90,58,,7741.90,,,
,00:44:41,142,12.3,04:53,90,58,,7745.60,,,
,00:44:42,142,12.3,04:53,90,58,,7748.50,,,
,00:44:43,142,12.3,04:53,90,58,,7751.10,,,
,00:44:44,142,12.3,04:52,90,58,,7754.50,,,
,00:44:45,142,12.3,04:52,90,58,,7758.50,,,
,00:44:46,142,12.3,04:52,90,58,,7761.80,,,
,00:44:47,142,12.3,04:52,90,58,,7764.80,,,
,00:44:48,142,12.4,04:51,89,57,,7768.00,,,
,00:44:49,142,12.4,04:51,89,57,,7771.10,,,
,00:44:50,142,12.4,04:51,90,57,,7773.30,,,
,00:44:51,142,12.3,04:53,90,57,,7776.00,,,
,00:44:52,142,12.1,04:57,90,57,,7779.20,,,
,00:44:53,142,11.8,05:04,89,57,,7782.40,,,
,00:44:54,142,11.6,05:09,90,57,,7785.00,,,
,00:44:55,141,11.5,05:14,90,57,,7788.20,,,
,00:44:56,141,11.4,05:17,90,57,,7790.90,,,
,00:44:57,141,11.4,05:17,89,56,,7793.80,,,
,00:44:58,141,11.4,05:15,90,56,,7796.40,,,
,00:44:59,141,11.5,05:12,90,56,,7799.60,,,
,00:45:00,141,11.7,05:08,89,56,,7803.10,,,
,00:45:01,141,11.8,05:05,89,56,,7806.20,,,
,00:45:02,141,11.9,05:03,89,56,,7809.50,,,
,00:45:03,141,11.9,05:02,89,56,,7813.20,,,
,00:45:04,141,12.0,05:00,89,56,,7816.30,,,
,00:45:05,141,12.0,04:59,89,56,,7819.90,,,
,00:45:06,141,12.1,04:58,89,56,,7822.80,,,
,00:45:07,141,12.0,05:00,89,56,,7826.30,,,
,00:45:08,140,11.7,05:07,89,55,,7829.00,,,
,00:45:09,140,11.6,05:11,89,55,,7831.80,,,
,00:45:10,140,11.6,05:11,89,55,,7834.90,,,
,00:45:11,140,11.5,05:13,89,55,,7837.70,,,
,00:45:12,140,11.3,05:17,89,55,,7839.50,,,
,00:45:13,139,11.2,05:23,89,55,,7842.50,,,
,00:45:14,140,10.9,05:29,87,55,,7845.10,,,
,00:45:15,140,10.7,05:36,86,55,,7847.90,,,
,00:45:16,140,10.5,05:43,86,55,,7850.20,,,
,00:45:17,140,10.3,05:50,86,55,,7852.80,,,
,00:45:18,140,10.1,05:56,88,55,,7855.70,,,
,00:45:19,141,9.9,06:04,88,55,,7857.90,,,
,00:45:20,141,9.7,06:10,88,55,,7860.20,,,
,00:45:21,141,9.7,06:11,88,55,,7863.00,,,
,00:45:22,141,9.7,06:09,88,55,,7865.70,,,
,00:45:23,141,9.9,06:05,88,55,,7868.30,,,
,00:45:24,141,10.1,05:58,88,55,,7870.80,,,
,00:45:25,140,10.3,05:50,88,55,,7873.70,,,
,00:45:26,140,10.5,05:44,88,55,,7877.20,,,
,00:45:27,140,10.6,05:40,88,55,,7880.00,,,
,00:45:28,140,10.7,05:37,88,55,,7882.80,,,
,00:45:29,140,10.7,05:35,88,54,,7886.10,,,
,00:45:30,140,10.8,05:33,88,54,,7889.10,,,
,00:45:31,140,10.9,05:32,88,54,,7892.00,,,
,00:45:32,140,10.9,05:31,88,54,,7894.90,,,
,00:45:33,141,10.9,05:30,88,54,,7898.10,,,
,00:45:34,141,10.9,05:29,88,54,,7901.50,,,
,00:45:35,141,10.9,05:29,88,54,,7904.40,,,
,00:45:36,141,10.9,05:29,87,54,,7907.00,,,
,00:45:37,141,10.9,05:29,85,54,,7910.10,,,
,00:45:38,142,10.8,05:32,85,54,,7913.00,,,
,00:45:39,142,10.7,05:37,85,54,,7915.60,,,
,00:45:40,142,10.5,05:41,85,54,,7918.30,,,
,00:45:41,142,10.4,05:46,85,54,,7920.60,,,
,00:45:42,142,10.2,05:52,85,54,,7922.80,,,
,00:45:43,142,10.0,05:58,85,54,,7924.70,,,
,00:45:44,142,9.9,06:04,85,54,,7927.20,,,
,00:45:45,142,9.8,06:09,85,54,,7929.40,,,
,00:45:46,143,9.8,06:08,85,54,,7931.80,,,
,00:45:47,143,9.8,06:08,85,54,,7934.20,,,
,00:45:48,143,9.7,06:12,85,54,,7936.60,,,
,00:45:49,144,9.6,06:16,85,54,,7938.90,,,
,00:45:50,144,9.4,06:21,85,54,,7941.00,,,
,00:45:51,144,9.3,06:28,85,54,,7943.50,,,
,00:45:52,144,9.2,06:32,87,54,,7945.70,,,
,00:45:53,145,9.3,06:27,87,54,,7948.30,,,
,00:45:54,145,9.4,06:21,86,54,,7950.90,,,
,00:45:55,145,9.6,06:17,86,54,,7953.70,,,
,00:45:56,145,9.5,06:17,86,54,,7956.00,,,
,00:45:57,145,9.5,06:18,86,54,,7958.30,,,
,00:45:58,145,9.6,06:15,86,54,,7960.90,,,
,00:45:59,146,9.5,06:18,86,55,,7963.90,,,
,00:46:00,146,9.5,06:20,86,55,,7965.90,,,
,00:46:01,146,9.5,06:19,86,55,,7968.60,,,
,00:46:02,146,9.5,06:20,86,55,,7970.70,,,
,00:46:03,146,9.4,06:21,86,55,,7973.20,,,
,00:46:04,146,9.3,06:26,86,55,,7975.10,,,
,00:46:05,147,9.1,06:37,86,55,,7977.10,,,
,00:46:06,147,8.8,06:50,86,55,,7979.40,,,
,00:46:07,147,8.5,07:02,85,55,,7981.60,,,
,00:46:08,147,8.4,07:07,83,55,,7983.30,,,
,00:46:09,147,8.4,07:08,82,55,,7985.70,,,
,00:46:10,147,8.3,07:14,82,55,,7987.50,,,
,00:46:11,147,8.2,07:19,82,55,,7989.70,,,
,00:46:12,148,8.1,07:25,82,55,,7991.40,,,
,00:46:13,148,8.0,07:33,82,55,,7993.60,,,
,00:46:14,148,7.8,07:43,83,55,,7995.50,,,
,00:46:15,148,7.8,07:44,83,55,,7997.70,,,
,00:46:16,149,7.8,07:44,83,56,,7999.70,,,
,00:46:17,149,7.7,07:50,83,56,,8001.80,,,
,00:46:18,149,7.6,07:51,83,56,,8003.60,,,
,00:46:19,150,7.6,07:51,83,56,,8005.90,,,
,00:46:20,149,7.7,07:50,83,56,,8007.80,,,
,00:46:21,149,7.7,07:47,84,56,,8010.20,,,
,00:46:22,149,7.8,07:43,84,56,,8012.40,,,
,00:46:23,149,7.8,07:42,84,56,,8014.60,,,
,00:46:24,149,7.9,07:37,83,56,,8016.70,,,
,00:46:25,149,7.9,07:37,82,56,,8018.80,,,
,00:46:26,149,7.8,07:42,82,56,,8021.10,,,
,00:46:27,149,7.8,07:39,83,56,,8023.30,,,
,00:46:28,149,7.9,07:35,83,56,,8025.50,,,
,00:46:29,149,8.0,07:30,83,56,,8027.70,,,
,00:46:30,148,8.1,07:24,83,57,,8030.00,,,
,00:46:31,148,8.2,07:20,83,57,,8032.20,,,
,00:46:32,148,8.2,07:18,83,57,,8034.70,,,
,00:46:33,149,8.3,07:16,83,57,,8037.20,,,
,00:46:34,149,8.3,07:15,83,57,,8039.20,,,
,00:46:35,149,8.3,07:14,83,57,,8041.90,,,
,00:46:36,149,8.3,07:14,83,57,,8044.00,,,
,00:46:37,149,8.3,07:14,83,57,,8046.40,,,
,00:46:38,149,8.3,07:14,85,57,,8048.60,,,
,00:46:39,149,8.3,07:14,85,58,,8051.00,,,
,00:46:40,149,8.3,07:14,85,58,,8053.30,,,
,00:46:41,149,8.3,07:14,85,58,,8055.70,,,
,00:46:42,149,8.3,07:14,85,58,,8058.30,,,
,00:46:43,149,8.3,07:14,85,58,,8060.50,,,
,00:46:44,149,8.3,07:14,85,58,,8063.10,,,
,00:46:45,149,8.3,07:12,85,59,,8065.80,,,
,00:46:46,149,8.4,07:10,85,59,,8068.60,,,
,00:46:47,149,8.4,07:09,85,59,,8070.90,,,
,00:46:48,149,8.5,07:04,85,59,,8073.30,,,
,00:46:49,149,8.6,06:58,85,59,,8076.00,,,
,00:46:50,149,8.7,06:53,85,59,,8078.70,,,
,00:46:51,149,8.9,06:45,85,59,,8080.60,,,
,00:46:52,149,9.1,06:35,85,59,,8083.50,,,
,00:46:53,149,9.2,06:30,85,60,,8086.50,,,
,00:46:54,149,9.3,06:26,85,60,,8089.20,,,
,00:46:55,149,9.3,06:28,88,60,,8091.40,,,
,00:46:56,149,9.1,06:35,88,60,,8094.00,,,
,00:46:57,149,9.0,06:41,88,60,,8096.90,,,
,00:46:58,149,8.9,06:46,88,61,,8098.90,,,
,00:46:59,149,8.8,06:49,87,61,,8100.90,,,
,00:47:00,149,8.8,06:50,86,61,,8103.70,,,
,00:47:01,149,8.8,06:51,87,61,,8106.40,,,
,00:47:02,150,8.8,06:49,88,61,,8108.60,,,
,00:47:03,150,8.9,06:43,88,61,,8111.30,,,
,00:47:04,150,8.9,06:43,88,61,,8114.10,,,
,00:47:05,150,8.9,06:43,88,62,,8116.70,,,
,00:47:06,150,9.0,06:40,88,62,,8119.30,,,
,00:47:07,151,9.1,06:36,88,62,,8122.40,,,
,00:47:08,151,9.2,06:30,88,62,,8125.20,,,
,00:47:09,151,9.3,06:26,88,62,,8127.90,,,
,00:47:10,151,9.4,06:23,88,62,,8130.70,,,
,00:47:11,152,9.4,06:21,88,63,,8133.80,,,
,00:47:12,151,9.5,06:21,88,63,,8136.50,,,
,00:47:13,151,9.5,06:21,88,63,,8139.40,,,
,00:47:14,151,9.5,06:19,88,63,,8142.40,,,
,00:47:15,151,9.5,06:18,90,63,,8145.70,,,
,00:47:16,151,9.5,06:20,89,64,,8148.40,,,
,00:47:17,151,9.4,06:22,89,64,,8151.10,,,
,00:47:18,151,9.4,06:24,89,64,,8153.90,,,
,00:47:19,150,9.3,06:26,89,64,,8156.80,,,
,00:47:20,150,9.3,06:27,89,64,,8159.20,,,
,00:47:21,150,9.4,06:25,89,64,,8162.00,,,
,00:47:22,150,9.5,06:20,87,65,,8165.00,,,
,00:47:23,150,9.6,06:17,86,65,,8168.00,,,
,00:47:24,150,9.7,06:12,86,65,,8170.10,,,
,00:47:25,150,9.8,06:08,86,65,,8173.20,,,
,00:47:26,150,9.8,06:08,86,65,,8176.20,,,
,00:47:27,150,9.8,06:08,86,66,,8179.20,,,
,00:47:28,150,9.8,06:08,88,66,,8181.80,,,
,00:47:29,150,9.9,06:05,88,66,,8185.30,,,
,00:47:30,150,10.1,05:58,88,66,,8188.40,,,
,00:47:31,149,10.2,05:51,88,66,,8191.40,,,
,00:47:32,149,10.3,05:49,89,66,,8194.30,,,
,00:47:33,149,10.2,05:52,89,66,,8197.60,,,
,00:47:34,149,10.1,05:55,89,66,,8200.40,,,
,00:47:35,148,10.1,05:58,89,67,,8203.20,,,
,00:47:36,148,10.0,06:00,89,67,,8206.20,,,
,00:47:37,148,9.9,06:02,89,67,,8208.90,,,
,00:47:38,148,9.9,06:03,89,67,,8211.60,,,
,00:47:39,148,9.9,06:04,89,67,,8214.00,,,
,00:47:40,148,9.9,06:05,89,67,,8216.30,,,
,00:47:41,148,9.8,06:06,89,67,,8218.80,,,
,00:47:42,148,9.8,06:06,89,67,,8221.20,,,
,00:47:43,148,9.8,06:06,89,67,,8223.80,,,
,00:47:44,148,9.8,06:06,89,67,,8226.50,,,
,00:47:45,148,9.8,06:06,90,67,,8229.00,,,
,00:47:46,148,9.8,06:06,89,67,,8231.80,,,
,00:47:47,148,9.8,06:06,89,67,,8234.60,,,
,00:47:48,148,9.9,06:05,89,67,,8237.70,,,
,00:47:49,149,9.9,06:05,89,67,,8240.80,,,
,00:47:50,149,9.9,06:03,89,67,,8243.90,,,
,00:47:51,149,10.1,05:58,89,67,,8247.30,,,
,00:47:52,149,10.1,05:56,89,67,,8250.90,,,
,00:47:53,149,10.2,05:52,89,67,,8253.80,,,
,00:47:54,149,10.5,05:44,89,67,,8257.10,,,
,00:47:55,149,10.5,05:42,89,67,,8260.40,,,
,00:47:56,149,10.6,05:40,89,67,,8263.70,,,
,00:47:57,149,10.6,05:39,89,67,,8266.80,,,
,00:47:58,149,10.5,05:42,89,68,,8269.60,,,
,00:47:59,149,10.4,05:45,89,68,,8272.60,,,
,00:48:00,148,10.4,05:47,89,68,,8275.10,,,
,00:48:01,148,10.3,05:49,89,68,,8277.60,,,
,00:48:02,148,10.3,05:51,89,68,,8280.60,,,
,00:48:03,147,10.2,05:52,89,68,,8283.20,,,
,00:48:04,147,10.2,05:53,89,68,,8285.80,,,
,00:48:05,146,10.2,05:53,89,68,,8288.80,,,
,00:48:06,146,10.2,05:53,89,68,,8291.50,,,
,00:48:07,146,10.2,05:52,89,68,,8295.10,,,
,00:48:08,146,10.3,05:51,89,68,,8298.00,,,
,00:48:09,145,10.3,05:50,89,68,,8301.40,,,
,00:48:10,145,10.3,05:49,89,68,,8304.40,,,
,00:48:11,145,10.3,05:48,89,68,,8308.20,,,
,00:48:12,145,10.4,05:48,89,68,,8311.10,,,
,00:48:13,145,10.4,05:47,89,68,,8314.00,,,
,00:48:14,145,10.4,05:47,89,68,,8317.00,,,
,00:48:15,145,10.4,05:47,89,68,,8320.00,,,
,00:48:16,145,10.4,05:46,89,69,,8322.50,,,
,00:48:17,145,10.4,05:46,89,69,,8325.50,,,
,00:48:18,145,10.4,05:45,89,69,,8328.10,,,
,00:48:19,145,10.4,05:45,89,69,,8331.10,,,
,00:48:20,145,10.4,05:45,89,69,,8333.50,,,
,00:48:21,145,10.4,05:45,89,69,,8336.80,,,
,00:48:22,145,10.4,05:45,89,69,,8339.40,,,
,00:48:23,145,10.4,05:45,89,69,,8342.00,,,
,00:48:24,145,10.4,05:46,89,69,,8344.90,,,
,00:48:25,144,10.3,05:48,90,69,,8347.40,,,
,00:48:26,144,10.4,05:47,88,69,,8350.20,,,
,00:48:27,144,10.4,05:47,87,69,,8352.80,,,
,00:48:28,144,10.4,05:47,86,69,,8355.60,,,
,00:48:29,144,10.3,05:49,88,69,,8358.00,,,
,00:48:30,144,10.1,05:56,90,69,,8360.00,,,
,00:48:31,144,9.8,06:08,90,69,,8362.20,,,
,00:48:32,144,9.3,06:26,90,69,,8363.70,,,
,00:48:33,144,9.0,06:42,87,69,,8365.50,,,
,00:48:34,144,8.8,06:50,86,69,,8367.30,,,
,00:48:35,143,8.9,06:44,86,69,,8369.40,,,
,00:48:36,143,9.1,06:35,86,69,,8371.80,,,
,00:48:37,143,9.3,06:28,86,69,,8373.60,,,
,00:48:38,143,9.5,06:20,87,69,,8376.30,,,
,00:48:39,143,9.6,06:14,88,69,,8379.40,,,
,00:48:40,142,9.8,06:09,88,69,,8382.90,,,
,00:48:41,142,9.9,06:05,88,69,,8386.60,,,
,00:48:42,142,10.0,06:01,88,69,,8389.50,,,
,00:48:43,142,10.0,05:58,88,69,,8392.80,,,
,00:48:44,142,10.1,05:56,88,69,,8396.00,,,
,00:48:45,142,10.2,05:54,88,69,,8398.90,,,
,00:48:46,142,10.2,05:52,88,69,,8402.40,,,
,00:48:47,142,10.3,05:50,88,69,,8405.80,,,
,00:48:48,142,10.3,05:49,88,69,,8409.00,,,
,00:48:49,142,10.3,05:49,88,69,,8412.20,,,
,00:48:50,142,10.3,05:48,88,69,,8415.00,,,
,00:48:51,142,10.4,05:47,88,69,,8418.40,,,
,00:48:52,142,10.4,05:47,89,69,,8421.30,,,
,00:48:53,142,10.4,05:47,89,69,,8424.10,,,
,00:48:54,142,10.4,05:47,89,69,,8427.10,,,
,00:48:55,142,10.4,05:46,89,69,,8429.90,,,
,00:48:56,142,10.4,05:46,89,69,,8432.80,,,
,00:48:57,142,10.4,05:46,89,69,,8435.70,,,
,00:48:58,142,10.4,05:46,89,69,,8438.60,,,
,00:48:59,142,10.4,05:46,89,69,,8441.40,,,
,00:49:00,142,10.4,05:46,89,69,,8444.20,,,
,00:49:01,142,10.4,05:46,89,69,,8447.00,,,
,00:49:02,142,10.4,05:46,87,69,,8449.80,,,
,00:49:03,142,10.4,05:46,88,69,,8452.60,,,
,00:49:04,143,10.4,05:46,87,69,,8455.70,,,
,00:49:05,143,10.4,05:46,88,69,,8458.10,,,
,00:49:06,143,10.4,05:46,88,69,,8460.70,,,
,00:49:07,143,10.4,05:46,88,69,,8463.50,,,
,00:49:08,143,10.4,05:46,88,69,,8466.30,,,
,00:49:09,143,10.4,05:47,88,69,,8469.20,,,
,00:49:10,143,10.4,05:48,88,69,,8471.80,,,
,00:49:11,144,10.3,05:49,88,69,,8474.40,,,
,00:49:12,144,10.2,05:54,88,69,,8476.70,,,
,00:49:13,144,9.9,06:05,88,69,,8478.60,,,
,00:49:14,144,9.5,06:18,88,69,,8481.10,,,
,00:49:15,144,9.3,06:29,87,69,,8482.90,,,
,00:49:16,145,9.0,06:38,86,69,,8484.30,,,
,00:49:17,145,8.7,06:54,86,69,,8485.80,,,
,00:49:18,145,8.4,07:11,86,69,,8487.60,,,
,00:49:19,146,8.3,07:15,86,69,,8489.50,,,
,00:49:20,146,8.4,07:11,87,69,,8491.60,,,
,00:49:21,146,8.3,07:15,88,69,,8493.10,,,
,00:49:22,146,8.1,07:27,88,69,,8494.70,,,
,00:49:23,146,7.9,07:38,88,69,,8496.90,,,
,00:49:24,146,7.7,07:47,88,70,,8499.00,,,
,00:49:25,145,7.8,07:44,88,70,,8501.30,,,
,00:49:26,145,8.0,07:32,89,70,,8503.90,,,
,00:49:27,145,8.1,07:22,89,70,,8506.90,,,
,00:49:28,145,8.3,07:14,89,70,,8509.60,,,
,00:49:29,145,8.5,07:03,89,70,,8512.30,,,
,00:49:30,145,8.8,06:50,89,70,,8515.90,,,
,00:49:31,145,9.3,06:29,92,70,,8520.00,,,
,00:49:32,145,9.9,06:05,93,70,,8524.20,,,
,00:49:33,145,10.4,05:48,91,70,,8527.80,,,
,00:49:34,145,10.9,05:31,91,70,,8532.10,,,
,00:49:35,145,11.3,05:18,91,70,,8536.40,,,
,00:49:36,145,11.6,05:09,91,69,,8540.30,,,
,00:49:37,145,11.9,05:02,91,69,,8544.20,,,
,00:49:38,145,12.1,04:57,91,69,,8547.90,,,
,00:49:39,145,12.2,04:55,91,69,,8551.80,,,
,00:49:40,145,12.2,04:54,91,69,,8555.20,,,
,00:49:41,145,12.5,04:49,91,69,,8558.60,,,
,00:49:42,145,13.1,04:34,91,69,,8562.90,,,
,00:49:43,145,14.0,04:18,91,69,,8567.10,,,
,00:49:44,146,14.4,04:09,91,69,,8570.80,,,
,00:49:45,146,14.7,04:04,91,69,,8575.00,,,
,00:49:46,146,15.0,03:59,91,69,,8579.40,,,
,00:49:47,146,15.3,03:55,91,69,,8583.86,,,
,00:49:48,146,15.2,03:56,91,69,,8588.31,,,
,00:49:49,146,14.8,04:03,91,69,,8592.76,,,
,00:49:50,146,14.5,04:09,91,69,,8597.00,,,
,00:49:51,146,14.3,04:12,91,69,,8600.90,,,
,00:49:52,146,14.1,04:16,91,69,,8604.90,,,
,00:49:53,146,14.1,04:15,91,69,,8608.80,,,
,00:49:54,146,14.2,04:14,91,69,,8612.70,,,
,00:49:55,146,14.2,04:14,91,69,,8616.60,,,
,00:49:56,146,14.2,04:13,91,69,,8620.30,,,
,00:49:57,146,14.2,04:13,91,69,,8624.10,,,
,00:49:58,146,14.2,04:14,91,69,,8628.50,,,
,00:49:59,146,14.1,04:15,91,69,,8632.70,,,
,00:50:00,146,14.0,04:16,91,68,,8636.60,,,
,00:50:01,146,13.8,04:20,91,68,,8640.10,,,
,00:50:02,146,13.6,04:25,91,68,,8643.40,,,
,00:50:03,146,13.4,04:29,91,68,,8647.20,,,
,00:50:04,146,13.2,04:32,91,68,,8650.70,,,
,00:50:05,145,13.1,04:34,91,68,,8654.20,,,
,00:50:06,145,13.1,04:36,91,68,,8657.40,,,
,00:50:07,145,13.0,04:37,91,68,,8660.40,,,
,00:50:08,145,13.0,04:38,91,68,,8664.10,,,
,00:50:09,145,12.9,04:38,91,68,,8667.60,,,
,00:50:10,145,12.9,04:39,91,68,,8671.10,,,
,00:50:11,145,12.9,04:39,91,68,,8674.90,,,
,00:50:12,144,12.9,04:40,91,68,,8677.70,,,
,00:50:13,144,12.9,04:40,91,68,,8681.00,,,
,00:50:14,144,12.8,04:40,91,67,,8684.30,,,
,00:50:15,144,12.8,04:40,91,67,,8687.80,,,
,00:50:16,144,12.8,04:41,91,67,,8690.90,,,
,00:50:17,144,12.8,04:41,91,67,,8693.70,,,
,00:50:18,144,12.8,04:41,91,67,,8696.80,,,
,00:50:19,144,12.8,04:41,91,67,,8699.90,,,
,00:50:20,144,12.8,04:41,91,67,,8703.10,,,
,00:50:21,145,12.8,04:41,91,67,,8706.80,,,
,00:50:22,145,12.8,04:41,91,67,,8710.50,,,
,00:50:23,145,12.8,04:41,91,67,,8713.80,,,
,00:50:24,145,12.8,04:41,91,66,,8717.20,,,
,00:50:25,145,12.8,04:41,91,66,,8721.00,,,
,00:50:26,146,12.8,04:40,91,66,,8724.60,,,
,00:50:27,146,12.8,04:40,91,66,,8728.20,,,
,00:50:28,146,12.8,04:40,91,66,,8731.40,,,
,00:50:29,146,12.9,04:40,91,66,,8734.90,,,
,00:50:30,147,12.9,04:40,91,66,,8738.50,,,
,00:50:31,147,12.9,04:40,91,66,,8741.50,,,
,00:50:32,147,12.9,04:40,91,66,,8744.80,,,
,00:50:33,147,12.9,04:40,91,66,,8748.30,,,
,00:50:34,147,12.9,04:39,91,66,,8751.70,,,
,00:50:35,147,12.8,04:42,90,66,,8754.90,,,
,00:50:36,147,12.5,04:47,90,66,,8757.90,,,
,00:50:37,147,12.4,04:51,90,66,,8760.90,,,
,00:50:38,147,12.3,04:52,90,66,,8764.30,,,
,00:50:39,147,12.3,04:52,90,66,,8767.20,,,
,00:50:40,147,12.4,04:51,90,66,,8770.30,,,
,00:50:41,147,12.4,04:51,89,66,,8773.40,,,
,00:50:42,147,12.4,04:50,89,66,,8776.80,,,
,00:50:43,147,12.4,04:50,89,66,,8779.80,,,
,00:50:44,147,12.4,04:50,89,66,,8783.10,,,
,00:50:45,147,12.4,04:49,90,65,,8786.60,,,
,00:50:46,147,12.4,04:49,90,65,,8790.20,,,
,00:50:47,148,12.4,04:49,90,65,,8793.30,,,
,00:50:48,148,12.4,04:50,90,65,,8796.20,,,
,00:50:49,148,12.4,04:51,90,65,,8799.40,,,
,00:50:50,148,12.3,04:52,90,65,,8802.60,,,
,00:50:51,148,12.3,04:53,90,65,,8806.30,,,
,00:50:52,148,12.3,04:54,90,65,,8809.80,,,
,00:50:53,148,12.2,04:54,90,65,,8813.00,,,
,00:50:54,148,12.2,04:55,90,65,,8816.50,,,
,00:50:55,148,12.2,04:55,90,65,,8820.10,,,
,00:50:56,148,12.2,04:55,90,65,,8823.60,,,
,00:50:57,148,12.2,04:56,90,65,,8827.40,,,
,00:50:58,148,12.2,04:56,90,65,,8830.50,,,
,00:50:59,148,12.2,04:56,90,65,,8834.30,,,
,00:51:00,148,12.2,04:56,89,65,,8837.40,,,
,00:51:01,148,12.1,04:56,90,65,,8840.80,,,
,00:51:02,148,12.1,04:56,90,65,,8844.20,,,
,00:51:03,148,12.1,04:56,90,65,,8848.00,,,
,00:51:04,148,12.1,04:57,90,65,,8851.70,,,
,00:51:05,148,12.1,04:57,90,65,,8855.00,,,
,00:51:06,148,12.1,04:56,90,65,,8858.60,,,
,00:51:07,148,12.1,04:56,89,65,,8862.50,,,
,00:51:08,148,12.1,04:56,90,65,,8865.70,,,
,00:51:09,148,12.1,04:57,90,65,,8869.20,,,
,00:51:10,148,12.1,04:57,90,65,,8872.70,,,
,00:51:11,148,12.1,04:57,90,65,,8876.40,,,
,00:51:12,148,12.1,04:57,90,64,,8879.20,,,
,00:51:13,148,12.1,04:57,89,64,,8882.40,,,
,00:51:14,148,12.1,04:57,89,64,,8886.40,,,
,00:51:15,148,12.1,04:57,90,64,,8889.10,,,
,00:51:16,147,12.1,04:57,90,64,,8892.30,,,
,00:51:17,147,12.1,04:57,90,64,,8895.30,,,
,00:51:18,147,12.1,04:57,89,64,,8898.50,,,
,00:51:19,147,12.1,04:57,90,64,,8901.50,,,
,00:51:20,147,12.1,04:57,89,64,,8904.90,,,
,00:51:21,147,12.1,04:57,89,64,,8908.10,,,
,00:51:22,147,12.1,04:58,90,64,,8911.30,,,
,00:51:23,146,12.1,04:58,89,64,,8914.10,,,
,00:51:24,146,12.1,04:58,90,64,,8917.70,,,
,00:51:25,146,12.1,04:59,90,64,,8921.20,,,
,00:51:26,146,12.0,04:59,90,64,,8924.30,,,
,00:51:27,146,12.0,04:59,90,64,,8927.20,,,
,00:51:28,145,12.0,05:00,90,64,,8930.70,,,
,00:51:29,145,12.0,05:00,90,64,,8934.10,,,
,00:51:30,145,12.0,05:01,90,64,,8937.30,,,
,00:51:31,145,12.0,05:01,90,64,,8940.10,,,
,00:51:32,145,11.9,05:04,90,63,,8943.50,,,
,00:51:33,145,11.5,05:12,90,63,,8946.20,,,
,00:51:34,145,11.1,05:23,90,63,,8948.50,,,
,00:51:35,145,10.9,05:32,90,63,,8951.30,,,
,00:51:36,145,10.6,05:40,90,63,,8954.00,,,
,00:51:37,145,10.4,05:48,89,63,,8955.60,,,
,00:51:38,145,10.1,05:55,89,63,,8957.60,,,
,00:51:39,145,9.9,06:04,89,63,,8960.10,,,
,00:51:40,144,9.7,06:11,89,63,,8962.50,,,
,00:51:41,144,9.8,06:07,89,63,,8964.70,,,
,00:51:42,144,9.9,06:04,89,63,,8967.80,,,
,00:51:43,144,10.0,06:02,89,63,,8970.30,,,
,00:51:44,144,10.1,05:55,89,63,,8973.10,,,
,00:51:45,144,10.0,06:00,89,63,,8975.60,,,
,00:51:46,144,9.9,06:03,90,63,,8978.50,,,
,00:51:47,144,9.9,06:02,90,63,,8981.90,,,
,00:51:48,144,10.1,05:57,90,63,,8984.60,,,
,00:51:49,144,10.4,05:47,90,63,,8988.40,,,
,00:51:50,144,10.6,05:38,90,63,,8991.70,,,
,00:51:51,144,10.9,05:32,90,63,,8994.90,,,
,00:51:52,145,11.0,05:26,89,63,,8998.40,,,
,00:51:53,145,11.2,05:22,90,63,,9002.40,,,
,00:51:54,145,11.3,05:19,90,62,,9005.90,,,
,00:51:55,145,11.4,05:17,89,62,,9009.90,,,
,00:51:56,145,11.4,05:15,87,62,,9013.20,,,
,00:51:57,145,11.5,05:13,88,62,,9017.10,,,
,00:51:58,145,11.5,05:12,88,62,,9019.60,,,
,00:51:59,145,11.6,05:11,88,62,,9023.10,,,
,00:52:00,145,11.6,05:10,88,62,,9026.30,,,
,00:52:01,145,11.6,05:09,88,62,,9029.80,,,
,00:52:02,145,11.7,05:09,88,62,,9032.30,,,
,00:52:03,145,11.7,05:08,88,62,,9036.60,,,
,00:52:04,145,11.7,05:08,88,62,,9040.00,,,
,00:52:05,145,11.7,05:08,88,62,,9043.20,,,
,00:52:06,145,11.7,05:08,88,62,,9046.50,,,
,00:52:07,145,11.7,05:07,88,62,,9050.70,,,
,00:52:08,145,11.7,05:07,89,62,,9054.60,,,
,00:52:09,146,11.9,05:02,90,62,,9058.10,,,
,00:52:10,146,12.2,04:55,90,62,,9062.30,,,
,00:52:11,146,12.2,04:55,90,62,,9065.60,,,
,00:52:12,146,12.1,04:57,90,62,,9068.40,,,
,00:52:13,146,12.0,04:59,90,62,,9071.50,,,
,00:52:14,146,11.9,05:01,89,62,,9074.80,,,
,00:52:15,146,11.8,05:05,89,62,,9077.50,,,
,00:52:16,146,11.5,05:12,89,62,,9079.90,,,
,00:52:17,146,11.3,05:20,89,62,,9081.80,,,
,00:52:18,146,11.1,05:26,89,62,,9084.70,,,
,00:52:19,145,10.9,05:29,89,62,,9086.70,,,
,00:52:20,145,10.9,05:29,89,62,,9089.40,,,
,00:52:21,145,11.0,05:28,89,62,,9092.40,,,
,00:52:22,145,11.0,05:26,87,62,,9095.90,,,
,00:52:23,145,11.1,05:25,86,62,,9098.80,,,
,00:52:24,145,11.1,05:25,86,62,,9101.90,,,
,00:52:25,145,11.1,05:25,86,62,,9105.50,,,
,00:52:26,145,11.1,05:25,86,62,,9108.50,,,
,00:52:27,145,11.0,05:27,86,62,,9111.60,,,
,00:52:28,145,11.0,05:28,88,62,,9114.70,,,
,00:52:29,145,10.9,05:30,87,62,,9117.70,,,
,00:52:30,145,10.9,05:31,86,62,,9120.70,,,
,00:52:31,145,10.9,05:32,86,62,,9123.30,,,
,00:52:32,145,10.8,05:32,87,62,,9126.80,,,
,00:52:33,145,10.9,05:31,88,62,,9129.60,,,
,00:52:34,145,11.0,05:26,88,62,,9132.50,,,
,00:52:35,146,11.1,05:23,88,62,,9136.20,,,
,00:52:36,146,11.1,05:25,88,62,,9139.10,,,
,00:52:37,146,10.9,05:31,88,62,,9141.90,,,
,00:52:38,146,10.6,05:40,88,62,,9144.20,,,
,00:52:39,146,10.5,05:43,88,62,,9147.20,,,
,00:52:40,147,10.6,05:38,88,62,,9150.70,,,
,00:52:41,147,10.9,05:31,88,62,,9154.00,,,
,00:52:42,147,11.1,05:26,88,62,,9157.70,,,
,00:52:43,147,11.1,05:23,88,62,,9161.10,,,
,00:52:44,147,11.2,05:23,88,62,,9163.90,,,
,00:52:45,147,11.2,05:22,88,62,,9167.40,,,
,00:52:46,147,11.2,05:22,88,62,,9170.70,,,
,00:52:47,147,11.2,05:21,88,62,,9174.70,,,
,00:52:48,147,11.2,05:21,88,62,,9177.30,,,
,00:52:49,147,11.3,05:19,88,62,,9179.90,,,
,00:52:50,147,11.3,05:17,88,62,,9182.80,,,
,00:52:51,147,11.4,05:17,88,62,,9186.00,,,
,00:52:52,147,11.4,05:17,88,62,,9189.00,,,
,00:52:53,146,11.3,05:17,88,62,,9191.70,,,
,00:52:54,146,11.3,05:18,88,62,,9194.80,,,
,00:52:55,146,11.3,05:18,89,62,,9198.40,,,
,00:52:56,146,11.3,05:18,90,62,,9201.70,,,
,00:52:57,146,11.3,05:18,90,62,,9205.30,,,
,00:52:58,146,11.3,05:19,90,62,,9208.40,,,
,00:52:59,146,11.3,05:19,90,62,,9211.90,,,
,00:53:00,145,11.3,05:19,90,62,,9216.00,,,
,00:53:01,145,11.6,05:12,90,62,,9219.70,,,
,00:53:02,145,12.1,04:57,90,62,,9224.16,,,
,00:53:03,145,12.4,04:51,90,62,,9228.61,,,
,00:53:04,145,12.6,04:45,90,62,,9232.30,,,
,00:53:05,145,12.8,04:41,90,62,,9236.75,,,
,00:53:06,145,12.8,04:41,90,62,,9240.60,,,
,00:53:07,144,13.1,04:36,90,62,,9245.05,,,
,00:53:08,144,13.2,04:33,90,62,,9249.00,,,
,00:53:09,144,13.1,04:34,90,62,,9252.50,,,
,00:53:10,144,13.1,04:35,90,62,,9256.70,,,
,00:53:11,144,13.0,04:36,90,62,,9260.00,,,
,00:53:12,144,12.9,04:39,90,62,,9263.50,,,
,00:53:13,144,12.7,04:43,89,62,,9267.00,,,
,00:53:14,144,12.6,04:46,90,62,,9270.50,,,
,00:53:15,144,12.5,04:49,89,62,,9274.40,,,
,00:53:16,144,12.4,04:51,90,62,,9277.50,,,
,00:53:17,145,12.3,04:52,89,62,,9281.00,,,
,00:53:18,145,12.2,04:54,89,62,,9284.40,,,
,00:53:19,145,12.2,04:56,89,62,,9288.00,,,
,00:53:20,145,12.1,04:57,89,61,,9291.10,,,
,00:53:21,145,12.1,04:58,89,61,,9294.30,,,
,00:53:22,145,12.1,04:59,89,61,,9297.50,,,
,00:53:23,145,12.0,04:59,89,61,,9300.00,,,
,00:53:24,145,11.9,05:02,89,61,,9303.10,,,
,00:53:25,145,11.8,05:05,89,61,,9305.80,,,
,00:53:26,145,11.8,05:04,89,61,,9308.90,,,
,00:53:27,145,11.7,05:07,89,61,,9311.70,,,
,00:53:28,146,11.7,05:09,87,61,,9314.40,,,
,00:53:29,146,11.6,05:09,86,61,,9317.40,,,
,00:53:30,146,11.6,05:11,86,61,,9320.20,,,
,00:53:31,146,11.5,05:12,86,61,,9323.30,,,
,00:53:32,146,11.4,05:16,86,60,,9326.10,,,
,00:53:33,146,11.2,05:21,86,60,,9328.50,,,
,00:53:34,146,11.0,05:26,86,60,,9331.50,,,
,00:53:35,146,10.9,05:31,86,60,,9333.80,,,
,00:53:36,146,10.8,05:35,86,60,,9336.60,,,
,00:53:37,147,10.7,05:38,86,60,,9339.30,,,
,00:53:38,147,10.6,05:40,86,60,,9342.00,,,
,00:53:39,147,10.5,05:42,86,60,,9344.70,,,
,00:53:40,147,10.4,05:45,86,60,,9347.40,,,
,00:53:41,147,10.4,05:48,86,60,,9349.80,,,
,00:53:42,148,10.4,05:47,86,60,,9352.90,,,
,00:53:43,148,10.5,05:41,86,59,,9355.90,,,
,00:53:44,148,10.8,05:35,86,59,,9358.90,,,
,00:53:45,148,10.9,05:31,86,59,,9361.70,,,
,00:53:46,148,11.0,05:28,86,59,,9364.90,,,
,00:53:47,148,11.1,05:25,86,59,,9368.50,,,
,00:53:48,148,11.2,05:23,86,59,,9372.00,,,
,00:53:49,147,11.2,05:20,86,59,,9375.40,,,
,00:53:50,147,11.3,05:18,87,59,,9378.90,,,
,00:53:51,147,11.4,05:16,88,59,,9382.30,,,
,00:53:52,146,11.4,05:15,88,59,,9385.70,,,
,00:53:53,146,11.5,05:14,88,59,,9389.00,,,
,00:53:54,146,11.5,05:13,88,59,,9392.20,,,
,00:53:55,145,11.5,05:12,88,59,,9395.70,,,
,00:53:56,145,11.6,05:11,88,59,,9398.70,,,
,00:53:57,145,11.6,05:11,88,59,,9401.90,,,
,00:53:58,145,11.6,05:10,88,59,,9405.30,,,
,00:53:59,145,11.6,05:10,88,59,,9408.60,,,
,00:54:00,145,11.6,05:10,88,59,,9411.50,,,
,00:54:01,144,11.6,05:10,88,58,,9414.70,,,
,00:54:02,144,11.6,05:10,88,58,,9417.70,,,
,00:54:03,144,11.6,05:10,88,58,,9421.20,,,
,00:54:04,144,11.6,05:10,89,58,,9424.00,,,
,00:54:05,144,11.6,05:10,90,58,,9427.40,,,
,00:54:06,144,11.7,05:09,90,58,,9430.90,,,
,00:54:07,143,11.8,05:05,90,58,,9434.90,,,
,00:54:08,143,12.1,04:58,90,58,,9439.00,,,
,00:54:09,143,12.3,04:52,90,58,,9443.00,,,
,00:54:10,142,12.5,04:49,90,58,,9446.90,,,
,00:54:11,141,12.5,04:48,90,58,,9451.10,,,
,00:54:12,141,12.5,04:49,90,58,,9455.00,,,
,00:54:13,141,12.3,04:52,90,58,,9458.90,,,
,00:54:14,141,12.2,04:55,90,57,,9462.60,,,
,00:54:15,141,12.1,04:58,90,57,,9466.10,,,
,00:54:16,141,12.0,05:00,90,57,,9468.90,,,
,00:54:17,140,11.9,05:02,90,57,,9472.10,,,
,00:54:18,140,11.9,05:04,90,57,,9475.20,,,
,00:54:19,140,11.8,05:05,90,57,,9478.40,,,
,00:54:20,140,11.8,05:06,90,57,,9481.70,,,
,00:54:21,140,11.7,05:07,90,57,,9484.90,,,
,00:54:22,140,11.7,05:08,90,57,,9488.10,,,
,00:54:23,140,11.7,05:08,90,57,,9491.30,,,
,00:54:24,140,11.7,05:09,90,57,,9494.70,,,
,00:54:25,140,11.6,05:09,90,56,,9498.00,,,
,00:54:26,140,11.6,05:09,90,56,,9501.10,,,
,00:54:27,139,11.6,05:09,90,56,,9504.50,,,
,00:54:28,139,11.6,05:09,90,56,,9507.90,,,
,00:54:29,139,11.6,05:09,90,56,,9511.70,,,
,00:54:30,139,11.6,05:09,89,56,,9515.10,,,
,00:54:31,139,11.6,05:09,89,56,,9518.60,,,
,00:54:32,139,11.7,05:09,89,55,,9521.90,,,
,00:54:33,139,11.7,05:08,89,55,,9525.30,,,
,00:54:34,139,11.7,05:07,89,55,,9529.00,,,
,00:54:35,139,11.8,05:06,90,55,,9532.90,,,
,00:54:36,139,11.8,05:05,90,55,,9536.40,,,
,00:54:37,139,11.8,05:04,90,55,,9539.80,,,
,00:54:38,139,11.9,05:03,90,55,,9543.00,,,
,00:54:39,139,11.9,05:03,90,55,,9547.00,,,
,00:54:40,139,12.0,04:59,90,54,,9550.40,,,
,00:54:41,139,12.3,04:52,90,54,,9554.30,,,
,00:54:42,139,12.6,04:45,90,54,,9558.20,,,
,00:54:43,139,12.8,04:41,89,54,,9562.20,,,
,00:54:44,139,12.9,04:38,89,54,,9566.10,,,
,00:54:45,139,13.0,04:36,90,54,,9570.10,,,
,00:54:46,139,13.1,04:36,89,53,,9574.10,,,
,00:54:47,139,13.1,04:35,90,53,,9578.00,,,
,00:54:48,139,13.0,04:36,90,53,,9581.80,,,
,00:54:49,139,12.9,04:38,90,53,,9585.40,,,
,00:54:50,139,12.9,04:40,90,53,,9589.00,,,
,00:54:51,140,12.9,04:40,90,53,,9593.10,,,
,00:54:52,140,12.9,04:38,90,53,,9597.10,,,
,00:54:53,140,13.1,04:34,90,53,,9600.40,,,
,00:54:54,140,13.3,04:32,90,53,,9604.40,,,
,00:54:55,140,13.2,04:34,90,53,,9608.10,,,
,00:54:56,140,13.1,04:35,90,52,,9612.00,,,
,00:54:57,140,13.0,04:37,90,52,,9615.50,,,
,00:54:58,141,13.0,04:38,90,52,,9619.80,,,
,00:54:59,141,13.0,04:38,90,52,,9623.60,,,
,00:55:00,141,13.0,04:38,90,52,,9626.50,,,
,00:55:01,141,13.0,04:38,90,52,,9630.00,,,
,00:55:02,142,13.0,04:37,90,52,,9634.30,,,
,00:55:03,142,13.0,04:37,90,52,,9637.80,,,
,00:55:04,142,13.0,04:36,90,52,,9641.60,,,
,00:55:05,142,13.1,04:36,90,52,,9645.40,,,
,00:55:06,141,13.1,04:35,90,52,,9649.40,,,
,00:55:07,141,13.1,04:35,90,52,,9653.20,,,
,00:55:08,141,13.1,04:35,90,52,,9656.60,,,
,00:55:09,141,13.0,04:37,90,51,,9660.20,,,
,00:55:10,141,12.7,04:43,90,51,,9663.30,,,
,00:55:11,140,12.4,04:50,90,51,,9666.10,,,
,00:55:12,140,12.1,04:57,90,51,,9668.40,,,
,00:55:13,140,11.8,05:05,90,51,,9671.00,,,
,00:55:14,140,11.3,05:19,90,51,,9672.70,,,
,00:55:15,140,10.8,05:33,90,51,,9674.50,,,
,00:55:16,140,10.5,05:43,90,51,,9675.50,,,
,00:55:17,140,10.1,05:55,90,51,,9676.00,,,
,00:55:18,140,8.9,06:43,90,51,,9677.30,,,
,00:55:19,140,8.0,07:29,90,51,,9679.20,,,
,00:55:20,140,8.3,07:12,90,51,,9680.80,,,
,00:55:21,140,8.6,06:58,90,50,,9682.70,,,
,00:55:22,140,9.0,06:42,90,50,,9684.30,,,
,00:55:23,140,9.1,06:34,90,50,,9686.40,,,
,00:55:24,140,8.9,06:43,90,50,,9688.50,,,
,00:55:25,140,7.2,08:17,90,50,,9690.10,,,
,00:55:26,140,5.2,11:30,90,50,,9691.00,,,
,00:55:27,140,4.8,12:28,90,50,,9691.20,,,
,00:55:28,140,5.6,10:45,90,50,,9692.50,,,
,00:55:29,140,6.5,09:12,90,50,,9694.90,,,
,00:55:30,140,8.3,07:15,90,50,,9696.80,,,
,00:55:31,140,10.9,05:32,90,50,,9698.40,,,
,00:55:32,140,12.1,04:57,90,51,,9701.50,,,
,00:55:33,141,12.2,04:56,90,51,,9705.80,,,
,00:55:34,141,12.0,04:59,90,51,,9709.80,,,
,00:55:35,141,11.9,05:03,90,51,,9713.80,,,
,00:55:36,141,11.7,05:09,89,51,,9717.30,,,
,00:55:37,141,11.5,05:14,89,51,,9720.40,,,
,00:55:38,142,11.4,05:17,89,51,,9723.10,,,
,00:55:39,142,11.4,05:17,89,51,,9726.00,,,
,00:55:40,142,11.4,05:15,89,51,,9728.90,,,
,00:55:41,143,11.5,05:14,90,51,,9731.30,,,
,00:55:42,143,11.4,05:15,90,51,,9734.10,,,
,00:55:43,143,11.4,05:16,90,51,,9737.60,,,
,00:55:44,143,11.4,05:17,89,51,,9741.00,,,
,00:55:45,144,11.5,05:14,90,51,,9744.50,,,
,00:55:46,144,11.7,05:07,90,51,,9748.50,,,
,00:55:47,144,12.0,05:00,90,51,,9752.70,,,
,00:55:48,144,13.2,04:33,89,51,,9757.16,,,
,00:55:49,145,13.2,04:33,89,51,,9761.40,,,
,00:55:50,145,14.1,04:16,89,51,,9765.86,,,
,00:55:51,145,13.9,04:20,89,51,,9770.00,,,
,00:55:52,145,13.7,04:22,90,51,,9774.00,,,
,00:55:53,145,13.7,04:22,89,51,,9778.10,,,
,00:55:54,145,13.9,04:19,90,51,,9782.40,,,
,00:55:55,145,14.4,04:11,89,51,,9786.60,,,
,00:55:56,145,15.0,04:00,89,51,,9790.30,,,
,00:55:57,145,15.3,03:55,90,51,,9794.60,,,
,00:55:58,145,15.4,03:53,89,51,,9799.00,,,
,00:55:59,145,16.0,03:44,90,51,,9803.45,,,
,00:56:00,144,15.2,03:57,90,51,,9807.91,,,
,00:56:01,144,13.5,04:27,90,51,,9812.36,,,
,00:56:02,144,12.8,04:41,90,51,,9816.82,,,
,00:56:03,144,12.5,04:48,89,51,,9821.27,,,
,00:56:04,144,12.8,04:41,89,51,,9825.73,,,
,00:56:05,144,13.5,04:26,89,50,,9830.18,,,
,00:56:06,144,13.9,04:18,89,50,,9834.64,,,
,00:56:07,144,14.3,04:11,90,50,,9839.09,,,
,00:56:08,144,14.6,04:07,89,50,,9843.55,,,
,00:56:09,145,14.9,04:01,89,50,,9848.00,,,
,00:56:10,145,15.2,03:57,89,50,,9852.46,,,
,00:56:11,145,15.1,03:58,89,50,,9856.91,,,
,00:56:12,145,15.0,04:01,89,50,,9861.37,,,
,00:56:13,146,14.7,04:04,90,49,,9865.82,,,
,00:56:14,146,14.5,04:08,90,49,,9870.28,,,
,00:56:15,146,14.2,04:13,90,49,,9874.73,,,
,00:56:16,146,14.0,04:17,90,49,,9879.19,,,
,00:56:17,146,13.9,04:19,90,49,,9883.64,,,
,00:56:18,146,13.8,04:21,90,48,,9888.10,,,
,00:56:19,146,13.7,04:23,90,48,,9892.55,,,
,00:56:20,146,13.6,04:24,90,48,,9897.01,,,
,00:56:21,146,13.6,04:25,90,48,,9901.46,,,
,00:56:22,146,13.6,04:25,90,47,,9905.92,,,
,00:56:23,146,13.5,04:26,90,47,,9910.37,,,
,00:56:24,146,13.5,04:26,90,47,,9914.83,,,
,00:56:25,146,13.5,04:27,90,47,,9919.28,,,
,00:56:26,146,13.4,04:28,90,46,,9922.70,,,
,00:56:27,146,13.4,04:29,90,46,,9925.90,,,
,00:56:28,146,13.3,04:30,90,46,,9929.20,,,
,00:56:29,146,13.3,04:30,90,46,,9932.40,,,
,00:56:30,147,13.3,04:30,90,45,,9935.70,,,
,00:56:31,147,13.3,04:31,90,45,,9939.10,,,
,00:56:32,147,13.1,04:35,90,45,,9942.00,,,
,00:56:33,147,12.9,04:40,90,45,,9945.10,,,
,00:56:34,147,12.6,04:45,90,44,,9948.30,,,
,00:56:35,147,12.4,04:50,90,44,,9951.50,,,
,00:56:36,147,12.2,04:54,90,44,,9954.60,,,
,00:56:37,147,12.1,04:57,90,44,,9957.50,,,
,00:56:38,147,12.0,04:59,90,44,,9960.70,,,
,00:56:39,147,12.0,05:01,90,43,,9963.90,,,
,00:56:40,147,12.0,05:00,90,43,,9967.00,,,
,00:56:41,148,12.0,04:59,90,43,,9970.30,,,
,00:56:42,148,12.1,04:57,90,43,,9973.60,,,
,00:56:43,148,12.2,04:55,90,43,,9976.90,,,
,00:56:44,148,12.3,04:53,90,43,,9979.90,,,
,00:56:45,148,12.2,04:54,90,43,,9983.20,,,
,00:56:46,148,12.1,04:58,89,43,,9986.40,,,
,00:56:47,148,11.9,05:03,89,43,,9989.30,,,
,00:56:48,148,11.7,05:07,90,43,,9992.30,,,
,00:56:49,148,11.6,05:11,90,43,,9995.30,,,
,00:56:50,148,11.7,05:09,89,43,,9998.80,,,
,00:56:51,148,11.9,05:04,90,42,,10002.30,,,
,00:56:52,148,12.0,05:01,89,42,,10006.10,,,
,00:56:53,148,12.1,04:58,90,42,,10009.90,,,
,00:56:54,148,12.2,04:56,90,42,,10013.90,,,
,00:56:55,148,12.2,04:54,90,42,,10017.90,,,
,00:56:56,148,12.3,04:52,90,42,,10021.70,,,
,00:56:57,148,12.4,04:51,90,42,,10025.70,,,
,00:56:58,148,12.4,04:50,90,42,,10029.60,,,
,00:56:59,148,12.4,04:50,90,42,,10032.90,,,
,00:57:00,148,12.4,04:51,90,42,,10036.10,,,
,00:57:01,148,12.4,04:51,90,43,,10039.20,,,
,00:57:02,148,12.3,04:52,90,43,,10042.30,,,
,00:57:03,148,12.3,04:53,90,43,,10045.20,,,
,00:57:04,148,12.2,04:54,90,42,,10048.20,,,
,00:57:05,148,12.2,04:55,90,42,,10051.20,,,
,00:57:06,148,12.1,04:57,90,42,,10054.00,,,
,00:57:07,148,11.9,05:01,90,42,,10056.90,,,
,00:57:08,148,11.8,05:05,90,42,,10059.80,,,
,00:57:09,148,11.8,05:05,90,42,,10062.90,,,
,00:57:10,148,11.8,05:04,90,42,,10065.90,,,
,00:57:11,148,11.8,05:04,90,42,,10069.10,,,
,00:57:12,148,11.9,05:04,90,42,,10072.20,,,
,00:57:13,148,11.9,05:04,90,42,,10075.30,,,
,00:57:14,148,11.9,05:04,90,42,,10078.60,,,
,00:57:15,148,11.9,05:04,90,41,,10081.30,,,
,00:57:16,148,11.9,05:04,90,41,,10084.30,,,
,00:57:17,148,11.8,05:05,89,41,,10087.30,,,
,00:57:18,148,11.8,05:06,89,41,,10090.00,,,
,00:57:19,148,11.8,05:06,89,41,,10092.80,,,
,00:57:20,148,11.8,05:06,89,41,,10095.40,,,
,00:57:21,148,11.7,05:07,89,41,,10098.50,,,
,00:57:22,148,11.6,05:11,89,41,,10101.40,,,
,00:57:23,148,11.4,05:15,90,41,,10103.90,,,
,00:57:24,149,11.5,05:14,90,41,,10107.30,,,
,00:57:25,149,11.5,05:14,90,40,,10110.70,,,
,00:57:26,149,11.5,05:14,90,40,,10114.40,,,
,00:57:27,149,11.5,05:14,90,40,,10117.50,,,
,00:57:28,149,11.5,05:13,90,40,,10120.50,,,
,00:57:29,149,11.5,05:13,90,40,,10123.90,,,
,00:57:30,149,11.5,05:13,89,40,,10126.80,,,
,00:57:31,149,11.4,05:17,89,40,,10129.20,,,
,00:57:32,149,11.0,05:27,90,40,,10131.50,,,
,00:57:33,149,10.7,05:37,90,40,,10133.80,,,
,00:57:34,149,10.5,05:42,90,40,,10135.90,,,
,00:57:35,149,10.5,05:43,90,40,,10137.70,,,
,00:57:36,149,10.6,05:38,89,40,,10140.10,,,
,00:57:37,149,10.7,05:37,89,40,,10142.40,,,
,00:57:38,149,10.5,05:42,89,40,,10144.70,,,
,00:57:39,149,10.3,05:48,89,40,,10147.00,,,
,00:57:40,149,10.1,05:57,89,40,,10148.80,,,
,00:57:41,149,9.8,06:07,90,40,,10152.10,,,
,00:57:42,149,9.6,06:16,90,40,,10154.60,,,
,00:57:43,149,9.5,06:20,89,40,,10157.10,,,
,00:57:44,150,9.6,06:15,90,40,,10159.50,,,
,00:57:45,150,9.8,06:06,90,40,,10162.20,,,
,00:57:46,150,10.0,05:59,90,40,,10165.10,,,
,00:57:47,150,10.2,05:54,90,40,,10168.20,,,
,00:57:48,150,10.3,05:49,90,40,,10170.90,,,
,00:57:49,150,10.2,05:53,90,40,,10173.60,,,
,00:57:50,150,9.9,06:04,90,40,,10176.20,,,
,00:57:51,150,9.7,06:13,89,40,,10179.00,,,
,00:57:52,150,9.6,06:17,89,41,,10181.60,,,
,00:57:53,150,9.7,06:12,89,41,,10184.40,,,
,00:57:54,150,9.8,06:06,89,41,,10186.80,,,
,00:57:55,150,9.9,06:02,89,41,,10189.40,,,
,00:57:56,150,10.0,05:59,90,41,,10192.00,,,
,00:57:57,150,10.0,06:00,90,41,,10194.60,,,
,00:57:58,150,9.9,06:05,90,41,,10197.20,,,
,00:57:59,150,9.7,06:12,90,42,,10200.20,,,
,00:58:00,150,9.6,06:15,89,42,,10202.90,,,
,00:58:01,150,9.7,06:11,89,42,,10205.50,,,
,00:58:02,149,9.7,06:09,89,42,,10207.60,,,
,00:58:03,150,9.8,06:09,89,42,,10209.90,,,
,00:58:04,150,9.8,06:08,89,43,,10212.10,,,
,00:58:05,150,9.8,06:06,89,43,,10214.80,,,
,00:58:06,150,9.9,06:03,89,43,,10217.60,,,
,00:58:07,150,10.0,06:00,89,43,,10220.70,,,
,00:58:08,150,10.1,05:57,89,43,,10223.80,,,
,00:58:09,150,10.3,05:51,89,43,,10227.30,,,
,00:58:10,150,10.5,05:43,89,43,,10230.90,,,
,00:58:11,150,10.8,05:34,89,43,,10234.90,,,
,00:58:12,150,11.0,05:26,89,43,,10239.00,,,
,00:58:13,150,11.3,05:19,89,44,,10243.40,,,
,00:58:14,149,11.5,05:13,89,44,,10247.50,,,
,00:58:15,149,11.7,05:08,89,44,,10251.50,,,
,00:58:16,149,11.8,05:04,89,44,,10255.80,,,
,00:58:17,149,12.0,04:59,89,44,,10260.00,,,
,00:58:18,149,12.3,04:54,89,44,,10264.40,,,
,00:58:19,149,12.6,04:46,89,44,,10268.60,,,
,00:58:20,149,12.9,04:38,89,44,,10273.05,,,
,00:58:21,149,13.2,04:32,89,44,,10277.51,,,
,00:58:22,149,13.5,04:26,89,44,,10281.96,,,
,00:58:23,149,13.8,04:21,89,44,,10286.42,,,
,00:58:24,149,13.9,04:18,89,44,,10290.87,,,
,00:58:25,149,13.9,04:19,90,44,,10295.20,,,
,00:58:26,150,13.7,04:24,90,44,,10297.80,,,
,00:58:27,150,13.3,04:31,90,44,,10300.00,,,
,00:58:28,150,12.7,04:44,90,44,,10302.20,,,
,00:58:29,150,12.0,05:00,90,44,,10304.30,,,
,00:58:30,150,11.6,05:10,90,44,,10306.10,,,
,00:58:31,150,11.3,05:18,90,44,,10308.40,,,
,00:58:32,151,11.1,05:23,90,44,,10309.90,,,
,00:58:33,151,11.0,05:26,90,44,,10312.60,,,
,00:58:34,151,11.0,05:28,90,45,,10315.40,,,
,00:58:35,151,11.0,05:28,90,45,,10319.10,,,
,00:58:36,151,11.1,05:23,89,45,,10323.10,,,
,00:58:37,151,11.3,05:19,89,45,,10326.80,,,
,00:58:38,151,11.4,05:15,89,45,,10330.60,,,
,00:58:39,151,11.5,05:13,90,45,,10334.20,,,
,00:58:40,152,11.5,05:14,89,45,,10336.90,,,
,00:58:41,152,11.4,05:17,89,45,,10340.00,,,
,00:58:42,152,11.2,05:20,89,45,,10343.10,,,
,00:58:43,152,11.2,05:22,89,45,,10346.60,,,
,00:58:44,152,11.2,05:20,89,45,,10350.00,,,
,00:58:45,152,11.5,05:13,89,45,,10353.90,,,
,00:58:46,152,12.0,05:00,89,45,,10358.36,,,
,00:58:47,151,10.9,05:31,90,45,,10362.81,,,
,00:58:48,151,8.9,06:43,90,45,,10367.26,,,
,00:58:49,151,8.3,07:15,90,45,,10371.72,,,
,00:58:50,151,8.9,06:46,90,45,,10376.17,,,
,00:58:51,151,9.9,06:05,90,45,,10380.63,,,
,00:58:52,151,10.2,05:53,90,45,,10385.08,,,
,00:58:53,151,10.4,05:47,89,45,,10389.54,,,
,00:58:54,151,10.6,05:41,89,45,,10393.99,,,
,00:58:55,151,10.7,05:37,89,45,,10398.45,,,
,00:58:56,151,10.7,05:37,89,44,,10402.00,,,
,00:58:57,152,10.6,05:40,89,44,,10402.50,,,
,00:58:58,152,10.4,05:45,89,44,,10404.30,,,
,00:58:59,152,10.3,05:50,86,44,,10406.70,,,
,00:59:00,152,10.4,05:47,87,44,,10410.00,,,
,00:59:01,152,10.7,05:38,88,44,,10413.10,,,
,00:59:02,152,10.9,05:29,89,44,,10416.80,,,
,00:59:03,152,11.3,05:19,90,44,,10421.25,,,
,00:59:04,151,11.7,05:09,90,44,,10425.00,,,
,00:59:05,151,12.1,04:57,90,44,,10429.20,,,
,00:59:06,151,12.5,04:47,92,44,,10433.66,,,
,00:59:07,151,12.9,04:39,90,44,,10438.11,,,
,00:59:08,151,13.1,04:34,89,43,,10442.56,,,
,00:59:09,150,13.3,04:31,89,43,,10447.02,,,
,00:59:10,150,13.3,04:30,90,43,,10451.47,,,
,00:59:11,150,13.3,04:30,90,43,,10455.93,,,
,00:59:12,150,13.3,04:30,90,43,,10459.40,,,
,00:59:13,150,13.3,04:31,90,43,,10462.50,,,
,00:59:14,149,13.2,04:34,90,43,,10465.00,,,
,00:59:15,149,13.1,04:35,92,43,,10468.60,,,
,00:59:16,149,13.1,04:35,91,43,,10471.70,,,
,00:59:17,149,13.1,04:35,91,42,,10474.70,,,
,00:59:18,149,13.1,04:35,91,42,,10478.30,,,
,00:59:19,149,13.3,04:30,91,42,,10482.40,,,
,00:59:20,149,13.7,04:23,91,42,,10486.86,,,
,00:59:21,149,14.0,04:16,91,42,,10491.31,,,
,00:59:22,148,14.3,04:12,91,42,,10495.76,,,
,00:59:23,148,14.3,04:12,93,42,,10500.22,,,
,00:59:24,148,14.1,04:15,93,42,,10504.67,,,
,00:59:25,148,13.9,04:19,93,41,,10509.13,,,
,00:59:26,148,13.6,04:25,93,41,,10513.58,,,
,00:59:27,148,13.0,04:38,93,41,,10517.00,,,
,00:59:28,148,11.1,05:25,93,41,,10518.60,,,
,00:59:29,148,11.1,05:25,93,41,,10521.00,,,
,00:59:30,149,10.2,05:55,93,41,,10524.00,,,
,00:59:31,149,10.6,05:41,93,41,,10527.20,,,
,00:59:32,149,11.1,05:25,93,41,,10531.66,,,
,00:59:33,149,11.7,05:09,93,41,,10536.11,,,
,00:59:34,149,12.1,04:58,93,41,,10539.90,,,
,00:59:35,149,12.3,04:52,93,41,,10544.36,,,
,00:59:36,149,12.3,04:52,93,41,,10548.81,,,
,00:59:37,149,12.4,04:51,93,41,,10553.20,,,
,00:59:38,149,12.4,04:51,93,41,,10556.90,,,
,00:59:39,149,12.4,04:50,93,41,,10560.00,,,
,00:59:40,149,12.6,04:46,93,41,,10563.70,,,
,00:59:41,149,12.8,04:42,93,41,,10566.40,,,
,00:59:42,149,12.9,04:40,93,41,,10569.20,,,
,00:59:43,149,13.0,04:37,93,41,,10573.10,,,
,00:59:44,149,13.1,04:35,93,41,,10576.60,,,
,00:59:45,149,13.1,04:34,93,41,,10580.30,,,
,00:59:46,149,13.2,04:33,93,42,,10583.90,,,
,00:59:47,149,13.2,04:32,93,42,,10586.80,,,
,00:59:48,149,13.3,04:31,93,42,,10590.70,,,
,00:59:49,149,13.3,04:31,93,42,,10594.00,,,
,00:59:50,149,13.2,04:32,93,42,,10597.40,,,
,00:59:51,149,13.2,04:33,93,42,,10601.00,,,
,00:59:52,149,13.2,04:33,93,42,,10604.60,,,
,00:59:53,149,13.1,04:34,93,42,,10608.20,,,
,00:59:54,150,13.1,04:35,93,42,,10612.50,,,
,00:59:55,150,13.1,04:35,93,42,,10616.30,,,
,00:59:56,150,13.1,04:35,93,42,,10620.40,,,
,00:59:57,150,13.1,04:35,93,42,,10624.40,,,
,00:59:58,150,13.1,04:35,93,42,,10627.70,,,
,00:59:59,151,13.1,04:35,93,42,,10631.40,,,
,01:00:00,151,13.1,04:35,93,42,,10635.20,,,
,01:00:01,151,13.2,04:32,93,42,,10639.50,,,
,01:00:02,151,13.5,04:26,93,42,,10643.95,,,
,01:00:03,151,13.8,04:21,93,42,,10648.41,,,
,01:00:04,151,13.9,04:19,92,42,,10652.60,,,
,01:00:05,151,13.8,04:20,91,42,,10656.00,,,
,01:00:06,152,13.7,04:23,87,42,,10659.60,,,
,01:00:07,152,13.4,04:28,90,42,,10662.90,,,
,01:00:08,152,13.3,04:30,90,42,,10667.00,,,
,01:00:09,152,13.0,04:36,90,42,,10670.40,,,
,01:00:10,152,12.8,04:42,90,42,,10672.30,,,
,01:00:11,153,12.8,04:41,90,42,,10674.50,,,
,01:00:12,153,12.9,04:40,90,42,,10678.20,,,
,01:00:13,154,13.1,04:35,89,42,,10682.66,,,
,01:00:14,154,13.5,04:27,89,42,,10687.11,,,
,01:00:15,154,13.8,04:22,89,42,,10691.20,,,
,01:00:16,155,13.8,04:20,89,42,,10695.66,,,
,01:00:17,155,13.6,04:24,89,42,,10699.40,,,
,01:00:18,155,13.4,04:30,89,42,,10703.30,,,
,01:00:19,155,12.9,04:38,89,42,,10707.00,,,
,01:00:20,155,12.4,04:51,87,42,,10709.40,,,
