<?xml version="1.0" encoding="UTF-8"?><TrainingCenterDatabase xmlns="http://www.garmin.com/xmlschemas/TrainingCenterDatabase/v2"><Activities><Activity Sport="Other"><Id>2025-07-16T10:38:44.080Z</Id><Lap StartTime="2025-07-16T10:38:44.080Z"><TotalTimeSeconds>1571.0</TotalTimeSeconds><DistanceMeters>1250.0</DistanceMeters><MaximumSpeed>1.0917030440436468</MaximumSpeed><Calories>198</Calories><AverageHeartRateBpm><Value>118</Value></AverageHeartRateBpm><MaximumHeartRateBpm><Value>137</Value></MaximumHeartRateBpm><Intensity>Active</Intensity><Cadence>54</Cadence><TriggerMethod>Manual</TriggerMethod><Track><Trackpoint><Time>2025-07-16T10:38:45.080Z</Time><HeartRateBpm><Value>97</Value></HeartRateBpm><SensorState>Present</SensorState></Trackpoint><Trackpoint><Time>2025-07-16T10:38:46.080Z</Time><HeartRateBpm><Value>98</Value></HeartRateBpm><SensorState>Present</SensorState></Trackpoint><Trackpoint><Time>2025-07-16T10:38:47.080Z</Time><HeartRateBpm><Value>98</Value></HeartRateBpm><SensorState>Present</SensorState></Trackpoint><Trackpoint><Time>2025-07-16T10:38:48.080Z</Time><HeartRateBpm><Value>98</Value></HeartRateBpm><SensorState>Present</SensorState></Trackpoint><Trackpoint><Time>2025-07-16T10:38:49.080Z</Time><HeartRateBpm><Value>98</Value></HeartRateBpm><SensorState>Present</SensorState></Trackpoint><Trackpoint><Time>2025-07-16T10:38:50.080Z</Time><HeartRateBpm><Value>98</Value></HeartRateBpm><SensorState>Present</SensorState></Trackpoint><Trackpoint><Time>2025-07-16T10:38:51.080Z</Time><HeartRateBpm><Value>96</Value></HeartRateBpm><SensorState>Present</SensorState></Trackpoint><Trackpoint><Time>2025-07-16T10:38:52.080Z</Time><HeartRateBpm><Value>95</Value></HeartRateBpm><SensorState>Present</SensorState></Trackpoint><Trackpoint><Time>2025-07-16T10:38:53.080Z</Time><HeartRateBpm><Value>94</Value></HeartRateBpm><SensorState>Present</SensorState></Trackpoint><Trackpoint><Time>2025-07-16T10:38:54.080Z</Time><HeartRateBpm><Value>93</Value></HeartRateBpm><SensorState>Present</SensorState></Trackpoint><Trackpoint><Time>2025-07-16T10:38:55.080Z</Time><HeartRateBpm><Value>93</Value></HeartRateBpm><SensorState>Present</SensorState></Trackpoint><Trackpoint><Time>2025-07-16T10:38:56.080Z</Time><HeartRateBpm><Value>92</Value></HeartRateBpm><SensorState>Present</SensorState></Trackpoint><Trackpoint><Time>2025-07-16T10:38:57.080Z</Time><HeartRateBpm><Value>91</Value></HeartRateBpm><SensorState>Present</SensorState></Trackpoint><Trackpoint><Time>2025-07-16T10:38:58.080Z</Time><HeartRateBpm><Value>92</Value></HeartRateBpm><SensorState>Present</SensorState></Trackpoint><Trackpoint><Time>2025-07-16T10:38:59.080Z</Time><HeartRateBpm><Value>93</Value></HeartRateBpm><SensorState>Present</SensorState></Trackpoint><Trackpoint><Time>2025-07-16T10:39:00.080Z</Time><DistanceMeters>1.0917030440436468</DistanceMeters><HeartRateBpm><Value>94</Value></HeartRateBpm><SensorState>Present</SensorState></Trackpoint><Trackpoint><Time>2025-07-16T10:39:01.080Z</Time><DistanceMeters>2.1834060880872936</DistanceMeters><HeartRateBpm><Value>95</Value></HeartRateBpm><SensorState>Present</SensorState></Trackpoint><Trackpoint><Time>2025-07-16T10:39:02.080Z</Time><DistanceMeters>3.2751091321309405</DistanceMeters><HeartRateBpm><Value>97</Value></HeartRateBpm><SensorState>Present</SensorState></Trackpoint><Trackpoint><Time>2025-07-16T10:39:03.080Z</Time><DistanceMeters>4.366812176174587</DistanceMeters><HeartRateBpm><Value>98</Value></HeartRateBpm><SensorState>Present</SensorState></Trackpoint><Trackpoint><Time>2025-07-16T10:39:04.080Z</Time><DistanceMeters>5.458515220218234</DistanceMeters><HeartRateBpm><Value>99</Value></HeartRateBpm><SensorState>Present</SensorState></Trackpoint><Trackpoint><Time>2025-07-16T10:39:05.080Z</Time><DistanceMeters>6.550218264261881</DistanceMeters><HeartRateBpm><Value>101</Value></HeartRateBpm><SensorState>Present</SensorState></Trackpoint><Trackpoint><Time>2025-07-16T10:39:06.080Z</Time><DistanceMeters>7.641921308305528</DistanceMeters><HeartRateBpm><Value>102</Value></HeartRateBpm><SensorState>Present</SensorState></Trackpoint><Trackpoint><Time>2025-07-16T10:39:07.080Z</Time><DistanceMeters>8.733624352349175</DistanceMeters><HeartRateBpm><Value>102</Value></HeartRateBpm><SensorState>Present</SensorState></Trackpoint><Trackpoint><Time>2025-07-16T10:39:08.080Z</Time><DistanceMeters>9.825327396392822</DistanceMeters><HeartRateBpm><Value>102</Value></HeartRateBpm><SensorState>Present</SensorState></Trackpoint><Trackpoint><Time>2025-07-16T10:39:09.080Z</Time><DistanceMeters>10.91703044043647</DistanceMeters><HeartRateBpm><Value>103</Value></HeartRateBpm><SensorState>Present</SensorState></Trackpoint><Trackpoint><Time>2025-07-16T10:39:10.080Z</Time><DistanceMeters>25.0</DistanceMeters><HeartRateBpm><Value>103</Value></HeartRateBpm><SensorState>Present</SensorState></Trackpoint><Trackpoint><Time>2025-07-16T10:39:11.080Z</Time><DistanceMeters>25.0</DistanceMeters><HeartRateBpm><Value>103</Value></HeartRateBpm><SensorState>Present</SensorState></Trackpoint><Trackpoint><Time>2025-07-16T10:39:12.080Z</Time><DistanceMeters>25.0</DistanceMeters><HeartRateBpm><Value>104</Value></HeartRateBpm><SensorState>Present</SensorState></Trackpoint><Trackpoint><Time>2025-07-16T10:39:13.080Z</Time><DistanceMeters>25.0</DistanceMeters><HeartRateBpm><Value>105</Value></HeartRateBpm><SensorState>Present</SensorState></Trackpoint><Trackpoint><Time>2025-07-16T10:39:14.080Z</Time><DistanceMeters>25.0</DistanceMeters><HeartRateBpm><Value>104</Value></HeartRateBpm><SensorState>Present</SensorState></Trackpoint><Trackpoint><Time>2025-07-16T10:39:15.080Z</Time><DistanceMeters>25.0</DistanceMeters><HeartRateBpm><Value>105</Value></HeartRateBpm><SensorState>Present</SensorState></Trackpoint><Trackpoint><Time>2025-07-16T10:39:16.080Z</Time><DistanceMeters>25.0</DistanceMeters><HeartRateBpm><Value>105</Value></HeartRateBpm><SensorState>Present</SensorState></Trackpoint><Trackpoint><Time>2025-07-16T10:39:17.080Z</Time><DistanceMeters>25.0</DistanceMeters><HeartRateBpm><Value>106</Value></HeartRateBpm><SensorState>Present</SensorState></Trackpoint><Trackpoint><Time>2025-07-16T10:39:18.080Z</Time><DistanceMeters>25.0</DistanceMeters><HeartRateBpm><Value>107</Value></HeartRateBpm><SensorState>Present</SensorState></Trackpoint><Trackpoint><Time>2025-07-16T10:39:19.080Z</Time><DistanceMeters>25.0</DistanceMeters><HeartRateBpm><Value>108</Value></HeartRateBpm><SensorState>Present</SensorState></Trackpoint><Trackpoint><Time>2025-07-16T10:39:20.080Z</Time><DistanceMeters>25.0</DistanceMeters><HeartRateBpm><Value>109</Value></HeartRateBpm><SensorState>Present</SensorState></Trackpoint><Trackpoint><Time>2025-07-16T10:39:21.080Z</Time><DistanceMeters>25.0</DistanceMeters><HeartRateBpm><Value>110</Value></HeartRateBpm><SensorState>Present</SensorState></Trackpoint><Trackpoint><Time>2025-07-16T10:39:22.080Z</Time><DistanceMeters>25.0</DistanceMeters><HeartRateBpm><Value>110</Value></HeartRateBpm><SensorState>Present</SensorState></Trackpoint><Trackpoint><Time>2025-07-16T10:39:23.080Z</Time><DistanceMeters>25.0</DistanceMeters><HeartRateBpm><Value>109</Value></HeartRateBpm><SensorState>Present</SensorState></Trackpoint><Trackpoint><Time>2025-07-16T10:39:24.080Z</Time><DistanceMeters>25.0</DistanceMeters><HeartRateBpm><Value>110</Value></HeartRateBpm><SensorState>Present</SensorState></Trackpoint><Trackpoint><Time>2025-07-16T10:39:25.080Z</Time><DistanceMeters>25.0</DistanceMeters><HeartRateBpm><Value>111</Value></HeartRateBpm><SensorState>Present</SensorState></Trackpoint><Trackpoint><Time>2025-07-16T10:39:26.080Z</Time><DistanceMeters>25.0</DistanceMeters><HeartRateBpm><Value>111</Value></HeartRateBpm><SensorState>Present</SensorState></Trackpoint><Trackpoint><Time>2025-07-16T10:39:27.080Z</Time><DistanceMeters>25.0</DistanceMeters><HeartRateBpm><Value>111</Value></HeartRateBpm><SensorState>Present</SensorState></Trackpoint><Trackpoint><Time>2025-07-16T10:39:28.080Z</Time><DistanceMeters>26.091703044043648</DistanceMeters><HeartRateBpm><Value>112</Value></HeartRateBpm><SensorState>Present</SensorState></Trackpoint><Trackpoint><Time>2025-07-16T10:39:29.080Z</Time><DistanceMeters>27.183406088087295</DistanceMeters><HeartRateBpm><Value>112</Value></HeartRateBpm><SensorState>Present</SensorState></Trackpoint><Trackpoint><Time>2025-07-16T10:39:30.080Z</Time><DistanceMeters>28.275109132130943</DistanceMeters><HeartRateBpm><Value>113</Value></HeartRateBpm><SensorState>Present</SensorState></Trackpoint><Trackpoint><Time>2025-07-16T10:39:31.080Z</Time><DistanceMeters>29.36681217617459</DistanceMeters><HeartRateBpm><Value>114</Value></HeartRateBpm><SensorState>Present</SensorState></Trackpoint><Trackpoint><Time>2025-07-16T10:39:32.080Z</Time><DistanceMeters>30.45851522021824</DistanceMeters><HeartRateBpm><Value>114</Value></HeartRateBpm><SensorState>Present</SensorState></Trackpoint><Trackpoint><Time>2025-07-16T10:39:33.080Z</Time><DistanceMeters>31.550218264261886</DistanceMeters><HeartRateBpm><Value>114</Value></HeartRateBpm><SensorState>Present</SensorState></Trackpoint><Trackpoint><Time>2025-07-16T10:39:34.080Z</Time><DistanceMeters>32.641921308305534</DistanceMeters><HeartRateBpm><Value>115</Value></HeartRateBpm><SensorState>Present</SensorState></Trackpoint><Trackpoint><Time>2025-07-16T10:39:35.080Z</Time><DistanceMeters>33.73362435234918</DistanceMeters><HeartRateBpm><Value>115</Value></HeartRateBpm><SensorState>Present</SensorState></Trackpoint><Trackpoint><Time>2025-07-16T10:39:36.080Z</Time><DistanceMeters>34.82532739639283</DistanceMeters><HeartRateBpm><Value>116</Value></HeartRateBpm><SensorState>Present</SensorState></Trackpoint><Trackpoint><Time>2025-07-16T10:39:37.080Z</Time><DistanceMeters>35.91703044043648</DistanceMeters><HeartRateBpm><Value>116</Value></HeartRateBpm><SensorState>Present</SensorState></Trackpoint><Trackpoint><Time>2025-07-16T10:39:38.080Z</Time><DistanceMeters>50.0</DistanceMeters><HeartRateBpm><Value>117</Value></HeartRateBpm><SensorState>Present</SensorState></Trackpoint><Trackpoint><Time>2025-07-16T10:39:39.080Z</Time><DistanceMeters>50.0</DistanceMeters><HeartRateBpm><Value>117</Value></HeartRateBpm><SensorState>Present</SensorState></Trackpoint><Trackpoint><Time>2025-07-16T10:39:40.080Z</Time><DistanceMeters>50.0</DistanceMeters><HeartRateBpm><Value>118</Value></HeartRateBpm><SensorState>Present</SensorState></Trackpoint><Trackpoint><Time>2025-07-16T10:39:41.080Z</Time><DistanceMeters>50.0</DistanceMeters><HeartRateBpm><Value>118</Value></HeartRateBpm><SensorState>Present</SensorState></Trackpoint><Trackpoint><Time>2025-07-16T10:39:42.080Z</Time><DistanceMeters>50.0</DistanceMeters><HeartRateBpm><Value>118</Value></HeartRateBpm><SensorState>Present</SensorState></Trackpoint><Trackpoint><Time>2025-07-16T10:39:43.080Z</Time><DistanceMeters>50.0</DistanceMeters><HeartRateBpm><Value>119</Value></HeartRateBpm><SensorState>Present</SensorState></Trackpoint><Trackpoint><Time>2025-07-16T10:39:44.080Z</Time><DistanceMeters>50.0</DistanceMeters><HeartRateBpm><Value>119</Value></HeartRateBpm><SensorState>Present</SensorState></Trackpoint><Trackpoint><Time>2025-07-16T10:39:45.080Z</Time><DistanceMeters>50.0</DistanceMeters><HeartRateBpm><Value>119</Value></HeartRateBpm><SensorState>Present</SensorState></Trackpoint><Trackpoint><Time>2025-07-16T10:39:46.080Z</Time><DistanceMeters>50.0</DistanceMeters><HeartRateBpm><Value>119</Value></HeartRateBpm><SensorState>Present</SensorState></Trackpoint><Trackpoint><Time>2025-07-16T10:39:47.080Z</Time><DistanceMeters>50.0</DistanceMeters><HeartRateBpm><Value>119</Value></HeartRateBpm><SensorState>Present</SensorState></Trackpoint><Trackpoint><Time>2025-07-16T10:39:48.080Z</Time><DistanceMeters>50.0</DistanceMeters><HeartRateBpm><Value>119</Value></HeartRateBpm><SensorState>Present</SensorState></Trackpoint><Trackpoint><Time>2025-07-16T10:39:49.080Z</Time><DistanceMeters>50.0</DistanceMeters><HeartRateBpm><Value>119</Value></HeartRateBpm><SensorState>Present</SensorState></Trackpoint><Trackpoint><Time>2025-07-16T10:39:50.080Z</Time><DistanceMeters>50.0</DistanceMeters><HeartRateBpm><Value>120</Value></HeartRateBpm><SensorState>Present</SensorState></Trackpoint><Trackpoint><Time>2025-07-16T10:39:51.080Z</Time><DistanceMeters>50.0</DistanceMeters><HeartRateBpm><Value>120</Value></HeartRateBpm><SensorState>Present</SensorState></Trackpoint><Trackpoint><Time>2025-07-16T10:39:52.080Z</Time><DistanceMeters>50.0</DistanceMeters><HeartRateBpm><Value>120</Value></HeartRateBpm><SensorState>Present</SensorState></Trackpoint><Trackpoint><Time>2025-07-16T10:39:53.080Z</Time><DistanceMeters>50.0</DistanceMeters><HeartRateBpm><Value>121</Value></HeartRateBpm><SensorState>Present</SensorState></Trackpoint><Trackpoint><Time>2025-07-16T10:39:54.080Z</Time><DistanceMeters>50.0</DistanceMeters><HeartRateBpm><Value>121</Value></HeartRateBpm><SensorState>Present</SensorState></Trackpoint><Trackpoint><Time>2025-07-16T10:39:55.080Z</Time><DistanceMeters>50.0</DistanceMeters><HeartRateBpm><Value>121</Value></HeartRateBpm><SensorState>Present</SensorState></Trackpoint><Trackpoint><Time>2025-07-16T10:39:56.080Z</Time><DistanceMeters>50.0</DistanceMeters><HeartRateBpm><Value>121</Value></HeartRateBpm><SensorState>Present</SensorState></Trackpoint><Trackpoint><Time>2025-07-16T10:39:57.080Z</Time><DistanceMeters>50.0</DistanceMeters><HeartRateBpm><Value>121</Value></HeartRateBpm><SensorState>Present</SensorState></Trackpoint><Trackpoint><Time>2025-07-16T10:39:58.080Z</Time><DistanceMeters>50.0</DistanceMeters><HeartRateBpm><Value>121</Value></HeartRateBpm><SensorState>Present</SensorState></Trackpoint><Trackpoint><Time>2025-07-16T10:39:59.080Z</Time><DistanceMeters>50.0</DistanceMeters><HeartRateBpm><Value>122</Value></HeartRateBpm><SensorState>Present</SensorState></Trackpoint><Trackpoint><Time>2025-07-16T10:40:00.080Z</Time><DistanceMeters>50.0</DistanceMeters><HeartRateBpm><Value>122</Value></HeartRateBpm><SensorState>Present</SensorState></Trackpoint><Trackpoint><Time>2025-07-16T10:40:01.080Z</Time><DistanceMeters>50.0</DistanceMeters><HeartRateBpm><Value>122</Value></HeartRateBpm><SensorState>Present</SensorState></Trackpoint><Trackpoint><Time>2025-07-16T10:40:02.080Z</Time><DistanceMeters>50.0</DistanceMeters><HeartRateBpm><Value>122</Value></HeartRateBpm><SensorState>Present</SensorState></Trackpoint><Trackpoint><Time>2025-07-16T10:40:03.080Z</Time><DistanceMeters>50.0</DistanceMeters><HeartRateBpm><Value>121</Value></HeartRateBpm><SensorState>Present</SensorState></Trackpoint><Trackpoint><Time>2025-07-16T10:40:04.080Z</Time><DistanceMeters>50.0</DistanceMeters><HeartRateBpm><Value>121</Value></HeartRateBpm><SensorState>Present</SensorState></Trackpoint><Trackpoint><Time>2025-07-16T10:40:05.080Z</Time><DistanceMeters>50.0</DistanceMeters><HeartRateBpm><Value>121</Value></HeartRateBpm><SensorState>Present</SensorState></Trackpoint><Trackpoint><Time>2025-07-16T10:40:06.080Z</Time><DistanceMeters>51.09170304404365</DistanceMeters><HeartRateBpm><Value>121</Value></HeartRateBpm><SensorState>Present</SensorState></Trackpoint><Trackpoint><Time>2025-07-16T10:40:07.080Z</Time><DistanceMeters>52.183406088087295</DistanceMeters><HeartRateBpm><Value>122</Value></HeartRateBpm><SensorState>Present</SensorState></Trackpoint><Trackpoint><Time>2025-07-16T10:40:08.080Z</Time><DistanceMeters>53.27510913213094</DistanceMeters><HeartRateBpm><Value>122</Value></HeartRateBpm><SensorState>Present</SensorState></Trackpoint><Trackpoint><Time>2025-07-16T10:40:09.080Z</Time><DistanceMeters>54.36681217617459</DistanceMeters><HeartRateBpm><Value>121</Value></HeartRateBpm><SensorState>Present</SensorState></Trackpoint><Trackpoint><Time>2025-07-16T10:40:10.080Z</Time><DistanceMeters>55.45851522021824</DistanceMeters><HeartRateBpm><Value>121</Value></HeartRateBpm><SensorState>Present</SensorState></Trackpoint><Trackpoint><Time>2025-07-16T10:40:11.080Z</Time><DistanceMeters>56.550218264261886</DistanceMeters><HeartRateBpm><Value>121</Value></HeartRateBpm><SensorState>Present</SensorState></Trackpoint><Trackpoint><Time>2025-07-16T10:40:12.080Z</Time><DistanceMeters>57.641921308305534</DistanceMeters><HeartRateBpm><Value>121</Value></HeartRateBpm><SensorState>Present</SensorState></Trackpoint><Trackpoint><Time>2025-07-16T10:40:13.080Z</Time><DistanceMeters>58.73362435234918</DistanceMeters><HeartRateBpm><Value>121</Value></HeartRateBpm><SensorState>Present</SensorState></Trackpoint><Trackpoint><Time>2025-07-16T10:40:14.080Z</Time><DistanceMeters>59.82532739639283</DistanceMeters><HeartRateBpm><Value>121</Value></HeartRateBpm><SensorState>Present</SensorState></Trackpoint><Trackpoint><Time>2025-07-16T10:40:15.080Z</Time><DistanceMeters>60.91703044043648</DistanceMeters><HeartRateBpm><Value>121</Value></HeartRateBpm><SensorState>Present</SensorState></Trackpoint><Trackpoint><Time>2025-07-16T10:40:16.080Z</Time><DistanceMeters>75.0</DistanceMeters><HeartRateBpm><Value>121</Value></HeartRateBpm><SensorState>Present</SensorState></Trackpoint><Trackpoint><Time>2025-07-16T10:40:17.080Z</Time><DistanceMeters>75.0</DistanceMeters><HeartRateBpm><Value>121</Value></HeartRateBpm><SensorState>Present</SensorState></Trackpoint><Trackpoint><Time>2025-07-16T10:40:18.080Z</Time><DistanceMeters>75.0</DistanceMeters><HeartRateBpm><Value>121</Value></HeartRateBpm><SensorState>Present</SensorState></Trackpoint><Trackpoint><Time>2025-07-16T10:40:19.080Z</Time><DistanceMeters>75.0</DistanceMeters><HeartRateBpm><Value>121</Value></HeartRateBpm><SensorState>Present</SensorState></Trackpoint><Trackpoint><Time>2025-07-16T10:40:20.080Z</Time><DistanceMeters>75.0</DistanceMeters><HeartRateBpm><Value>121</Value></HeartRateBpm><SensorState>Present</SensorState></Trackpoint><Trackpoint><Time>2025-07-16T10:40:21.080Z</Time><DistanceMeters>75.0</DistanceMeters><HeartRateBpm><Value>121</Value></HeartRateBpm><SensorState>Present</SensorState></Trackpoint><Trackpoint><Time>2025-07-16T10:40:22.080Z</Time><DistanceMeters>75.0</DistanceMeters><HeartRateBpm><Value>120</Value></HeartRateBpm><SensorState>Present</SensorState></Trackpoint><Trackpoint><Time>2025-07-16T10:40:23.080Z</Time><DistanceMeters>75.0</DistanceMeters><HeartRateBpm><Value>120</Value></HeartRateBpm><SensorState>Present</SensorState></Trackpoint><Trackpoint><Time>2025-07-16T10:40:24.080Z</Time><DistanceMeters>75.0</DistanceMeters><HeartRateBpm><Value>120</Value></HeartRateBpm><SensorState>Present</SensorState></Trackpoint><Trackpoint><Time>2025-07-16T10:40:25.080Z</Time><DistanceMeters>75.0</DistanceMeters><HeartRateBpm><Value>119</Value></HeartRateBpm><SensorState>Present</SensorState></Trackpoint><Trackpoint><Time>2025-07-16T10:40:26.080Z</Time><DistanceMeters>75.0</DistanceMeters><HeartRateBpm><Value>118</Value></HeartRateBpm><SensorState>Present</SensorState></Trackpoint><Trackpoint><Time>2025-07-16T10:40:27.080Z</Time><DistanceMeters>75.0</DistanceMeters><HeartRateBpm><Value>118</Value></HeartRateBpm><SensorState>Present</SensorState></Trackpoint><Trackpoint><Time>2025-07-16T10:40:28.080Z</Time><DistanceMeters>75.0</DistanceMeters><HeartRateBpm><Value>118</Value></HeartRateBpm><SensorState>Present</SensorState></Trackpoint><Trackpoint><Time>2025-07-16T10:40:29.080Z</Time><DistanceMeters>75.0</DistanceMeters><HeartRateBpm><Value>118</Value></HeartRateBpm><SensorState>Present</SensorState></Trackpoint><Trackpoint><Time>2025-07-16T10:40:30.080Z</Time><DistanceMeters>75.0</DistanceMeters><HeartRateBpm><Value>118</Value></HeartRateBpm><SensorState>Present</SensorState></Trackpoint><Trackpoint><Time>2025-07-16T10:40:31.080Z</Time><DistanceMeters>75.0</DistanceMeters><HeartRateBpm><Value>118</Value></HeartRateBpm><SensorState>Present</SensorState></Trackpoint><Trackpoint><Time>2025-07-16T10:40:32.080Z</Time><DistanceMeters>75.0</DistanceMeters><HeartRateBpm><Value>119</Value></HeartRateBpm><SensorState>Present</SensorState></Trackpoint><Trackpoint><Time>2025-07-16T10:40:33.080Z</Time><DistanceMeters>75.0</DistanceMeters><HeartRateBpm><Value>118</Value></HeartRateBpm><SensorState>Present</SensorState></Trackpoint><Trackpoint><Time>2025-07-16T10:40:34.080Z</Time><DistanceMeters>75.0</DistanceMeters><HeartRateBpm><Value>118</Value></HeartRateBpm><SensorState>Present</SensorState></Trackpoint><Trackpoint><Time>2025-07-16T10:40:35.080Z</Time><DistanceMeters>76.09170304404364</DistanceMeters><HeartRateBpm><Value>119</Value></HeartRateBpm><SensorState>Present</SensorState></Trackpoint><Trackpoint><Time>2025-07-16T10:40:36.080Z</Time><DistanceMeters>77.18340608808728</DistanceMeters><HeartRateBpm><Value>118</Value></HeartRateBpm><SensorState>Present</SensorState></Trackpoint><Trackpoint><Time>2025-07-16T10:40:37.080Z</Time><DistanceMeters>78.27510913213092</DistanceMeters><HeartRateBpm><Value>117</Value></HeartRateBpm><SensorState>Present</SensorState></Trackpoint><Trackpoint><Time>2025-07-16T10:40:38.080Z</Time><DistanceMeters>79.36681217617456</DistanceMeters><HeartRateBpm><Value>116</Value></HeartRateBpm><SensorState>Present</SensorState></Trackpoint><Trackpoint><Time>2025-07-16T10:40:39.080Z</Time><DistanceMeters>80.4585152202182</DistanceMeters><HeartRateBpm><Value>116</Value></HeartRateBpm><SensorState>Present</SensorState></Trackpoint><Trackpoint><Time>2025-07-16T10:40:40.080Z</Time><DistanceMeters>81.55021826426184</DistanceMeters><HeartRateBpm><Value>114</Value></HeartRateBpm><SensorState>Present</SensorState></Trackpoint><Trackpoint><Time>2025-07-16T10:40:41.080Z</Time><DistanceMeters>82.64192130830548</DistanceMeters><HeartRateBpm><Value>113</Value></HeartRateBpm><SensorState>Present</SensorState></Trackpoint><Trackpoint><Time>2025-07-16T10:40:42.080Z</Time><DistanceMeters>83.73362435234912</DistanceMeters><HeartRateBpm><Value>112</Value></HeartRateBpm><SensorState>Present</SensorState></Trackpoint><Trackpoint><Time>2025-07-16T10:40:43.080Z</Time><DistanceMeters>84.82532739639277</DistanceMeters><HeartRateBpm><Value>111</Value></HeartRateBpm><SensorState>Present</SensorState></Trackpoint><Trackpoint><Time>2025-07-16T10:40:44.080Z</Time><DistanceMeters>85.9170304404364</DistanceMeters><HeartRateBpm><Value>110</Value></HeartRateBpm><SensorState>Present</SensorState></Trackpoint><Trackpoint><Time>2025-07-16T10:40:45.080Z</Time><DistanceMeters>100.0</DistanceMeters><HeartRateBpm><Value>110</Value></HeartRateBpm><SensorState>Present</SensorState></Trackpoint><Trackpoint><Time>2025-07-16T10:40:46.080Z</Time><DistanceMeters>100.0</DistanceMeters><HeartRateBpm><Value>110</Value></HeartRateBpm><SensorState>Present</SensorState></Trackpoint><Trackpoint><Time>2025-07-16T10:40:47.080Z</Time><DistanceMeters>100.0</DistanceMeters><HeartRateBpm><Value>109</Value></HeartRateBpm><SensorState>Present</SensorState></Trackpoint><Trackpoint><Time>2025-07-16T10:40:48.080Z</Time><DistanceMeters>100.0</DistanceMeters><HeartRateBpm><Value>109</Value></HeartRateBpm><SensorState>Present</SensorState></Trackpoint><Trackpoint><Time>2025-07-16T10:40:49.080Z</Time><DistanceMeters>100.0</DistanceMeters><HeartRateBpm><Value>109</Value></HeartRateBpm><SensorState>Present</SensorState></Trackpoint><Trackpoint><Time>2025-07-16T10:40:50.080Z</Time><DistanceMeters>100.0</DistanceMeters><HeartRateBpm><Value>109</Value></HeartRateBpm><SensorState>Present</SensorState></Trackpoint><Trackpoint><Time>2025-07-16T10:40:51.080Z</Time><DistanceMeters>100.0</DistanceMeters><HeartRateBpm><Value>108</Value></HeartRateBpm><SensorState>Present</SensorState></Trackpoint><Trackpoint><Time>2025-07-16T10:40:52.080Z</Time><DistanceMeters>100.0</DistanceMeters><HeartRateBpm><Value>108</Value></HeartRateBpm><SensorState>Present</SensorState></Trackpoint><Trackpoint><Time>2025-07-16T10:40:53.080Z</Time><DistanceMeters>100.0</DistanceMeters><HeartRateBpm><Value>107</Value></HeartRateBpm><SensorState>Present</SensorState></Trackpoint><Trackpoint><Time>2025-07-16T10:40:54.080Z</Time><DistanceMeters>100.0</DistanceMeters><HeartRateBpm><Value>107</Value></HeartRateBpm><SensorState>Present</SensorState></Trackpoint><Trackpoint><Time>2025-07-16T10:40:55.080Z</Time><DistanceMeters>100.0</DistanceMeters><HeartRateBpm><Value>107</Value></HeartRateBpm><SensorState>Present</SensorState></Trackpoint><Trackpoint><Time>2025-07-16T10:40:56.080Z</Time><DistanceMeters>100.0</DistanceMeters><HeartRateBpm><Value>106</Value></HeartRateBpm><SensorState>Present</SensorState></Trackpoint><Trackpoint><Time>2025-07-16T10:40:57.080Z</Time><DistanceMeters>100.0</DistanceMeters><HeartRateBpm><Value>106</Value></HeartRateBpm><SensorState>Present</SensorState></Trackpoint><Trackpoint><Time>2025-07-16T10:40:58.080Z</Time><DistanceMeters>100.0</DistanceMeters><HeartRateBpm><Value>105</Value></HeartRateBpm><SensorState>Present</SensorState></Trackpoint><Trackpoint><Time>2025-07-16T10:40:59.080Z</Time><DistanceMeters>100.0</DistanceMeters><HeartRateBpm><Value>104</Value></HeartRateBpm><SensorState>Present</SensorState></Trackpoint><Trackpoint><Time>2025-07-16T10:41:00.080Z</Time><DistanceMeters>100.0</DistanceMeters><HeartRateBpm><Value>104</Value></HeartRateBpm><SensorState>Present</SensorState></Trackpoint><Trackpoint><Time>2025-07-16T10:41:01.080Z</Time><DistanceMeters>100.0</DistanceMeters><HeartRateBpm><Value>104</Value></HeartRateBpm><SensorState>Present</SensorState></Trackpoint><Trackpoint><Time>2025-07-16T10:41:02.080Z</Time><DistanceMeters>100.0</DistanceMeters><HeartRateBpm><Value>104</Value></HeartRateBpm><SensorState>Present</SensorState></Trackpoint><Trackpoint><Time>2025-07-16T10:41:03.080Z</Time><DistanceMeters>100.0</DistanceMeters><HeartRateBpm><Value>104</Value></HeartRateBpm><SensorState>Present</SensorState></Trackpoint><Trackpoint><Time>2025-07-16T10:41:04.080Z</Time><DistanceMeters>100.0</DistanceMeters><HeartRateBpm><Value>104</Value></HeartRateBpm><SensorState>Present</SensorState></Trackpoint><Trackpoint><Time>2025-07-16T10:41:05.080Z</Time><DistanceMeters>101.09170304404364</DistanceMeters><HeartRateBpm><Value>104</Value></HeartRateBpm><SensorState>Present</SensorState></Trackpoint><Trackpoint><Time>2025-07-16T10:41:06.080Z</Time><DistanceMeters>102.18340608808728</DistanceMeters><HeartRateBpm><Value>104</Value></HeartRateBpm><SensorState>Present</SensorState></Trackpoint><Trackpoint><Time>2025-07-16T10:41:07.080Z</Time><DistanceMeters>103.27510913213092</DistanceMeters><HeartRateBpm><Value>104</Value></HeartRateBpm><SensorState>Present</SensorState></Trackpoint><Trackpoint><Time>2025-07-16T10:41:08.080Z</Time><DistanceMeters>104.36681217617456</DistanceMeters><HeartRateBpm><Value>104</Value></HeartRateBpm><SensorState>Present</SensorState></Trackpoint><Trackpoint><Time>2025-07-16T10:41:09.080Z</Time><DistanceMeters>105.4585152202182</DistanceMeters><HeartRateBpm><Value>103</Value></HeartRateBpm><SensorState>Present</SensorState></Trackpoint><Trackpoint><Time>2025-07-16T10:41:10.080Z</Time><DistanceMeters>106.55021826426184</DistanceMeters><HeartRateBpm><Value>102</Value></HeartRateBpm><SensorState>Present</SensorState></Trackpoint><Trackpoint><Time>2025-07-16T10:41:11.080Z</Time><DistanceMeters>107.64192130830548</DistanceMeters><HeartRateBpm><Value>102</Value></HeartRateBpm><SensorState>Present</SensorState></Trackpoint><Trackpoint><Time>2025-07-16T10:41:12.080Z</Time><DistanceMeters>108.73362435234912</DistanceMeters><HeartRateBpm><Value>101</Value></HeartRateBpm><SensorState>Present</SensorState></Trackpoint><Trackpoint><Time>2025-07-16T10:41:13.080Z</Time><DistanceMeters>109.82532739639277</DistanceMeters><HeartRateBpm><Value>101</Value></HeartRateBpm><SensorState>Present</SensorState></Trackpoint><Trackpoint><Time>2025-07-16T10:41:14.080Z</Time><DistanceMeters>110.9170304404364</DistanceMeters><HeartRateBpm><Value>101</Value></HeartRateBpm><SensorState>Present</SensorState></Trackpoint><Trackpoint><Time>2025-07-16T10:41:15.080Z</Time><DistanceMeters>125.0</DistanceMeters><HeartRateBpm><Value>100</Value></HeartRateBpm><SensorState>Present</SensorState></Trackpoint><Trackpoint><Time>2025-07-16T10:41:16.080Z</Time><DistanceMeters>125.0</DistanceMeters><HeartRateBpm><Value>100</Value></HeartRateBpm><SensorState>Present</SensorState></Trackpoint><Trackpoint><Time>2025-07-16T10:41:17.080Z</Time><DistanceMeters>125.0</DistanceMeters><HeartRateBpm><Value>99</Value></HeartRateBpm><SensorState>Present</SensorState></Trackpoint><Trackpoint><Time>2025-07-16T10:41:18.080Z</Time><DistanceMeters>125.0</DistanceMeters><HeartRateBpm><Value>99</Value></HeartRateBpm><SensorState>Present</SensorState></Trackpoint><Trackpoint><Time>2025-07-16T10:41:19.080Z</Time><DistanceMeters>125.0</DistanceMeters><HeartRateBpm><Value>99</Value></HeartRateBpm><SensorState>Present</SensorState></Trackpoint><Trackpoint><Time>2025-07-16T10:41:20.080Z</Time><DistanceMeters>125.0</DistanceMeters><HeartRateBpm><Value>99</Value></HeartRateBpm><SensorState>Present</SensorState></Trackpoint><Trackpoint><Time>2025-07-16T10:41:21.080Z</Time><DistanceMeters>125.0</DistanceMeters><HeartRateBpm><Value>99</Value></HeartRateBpm><SensorState>Present</SensorState></Trackpoint><Trackpoint><Time>2025-07-16T10:41:22.080Z</Time><DistanceMeters>125.0</DistanceMeters><HeartRateBpm><Value>100</Value></HeartRateBpm><SensorState>Present</SensorState></Trackpoint><Trackpoint><Time>2025-07-16T10:41:23.080Z</Time><DistanceMeters>125.0</DistanceMeters><HeartRateBpm><Value>101</Value></HeartRateBpm><SensorState>Present</SensorState></Trackpoint><Trackpoint><Time>2025-07-16T10:41:24.080Z</Time><DistanceMeters>125.0</DistanceMeters><HeartRateBpm><Value>101</Value></HeartRateBpm><SensorState>Present</SensorState></Trackpoint><Trackpoint><Time>2025-07-16T10:41:25.080Z</Time><DistanceMeters>125.0</DistanceMeters><HeartRateBpm><Value>100</Value></HeartRateBpm><SensorState>Present</SensorState></Trackpoint><Trackpoint><Time>2025-07-16T10:41:26.080Z</Time><DistanceMeters>125.0</DistanceMeters><HeartRateBpm><Value>100</Value></HeartRateBpm><SensorState>Present</SensorState></Trackpoint><Trackpoint><Time>2025-07-16T10:41:27.080Z</Time><DistanceMeters>125.0</DistanceMeters><HeartRateBpm><Value>101</Value></HeartRateBpm><SensorState>Present</SensorState></Trackpoint><Trackpoint><Time>2025-07-16T10:41:28.080Z</Time><DistanceMeters>125.0</DistanceMeters><HeartRateBpm><Value>101</Value></HeartRateBpm><SensorState>Present</SensorState></Trackpoint><Trackpoint><Time>2025-07-16T10:41:29.080Z</Time><DistanceMeters>125.0</DistanceMeters><HeartRateBpm><Value>100</Value></HeartRateBpm><SensorState>Present</SensorState></Trackpoint><Trackpoint><Time>2025-07-16T10:41:30.080Z</Time><DistanceMeters>125.0</DistanceMeters><HeartRateBpm><Value>100</Value></HeartRateBpm><SensorState>Present</SensorState></Trackpoint><Trackpoint><Time>2025-07-16T10:41:31.080Z</Time><DistanceMeters>125.0</DistanceMeters><HeartRateBpm><Value>100</Value></HeartRateBpm><SensorState>Present</SensorState></Trackpoint><Trackpoint><Time>2025-07-16T10:41:32.080Z</Time><DistanceMeters>125.0</DistanceMeters><HeartRateBpm><Value>100</Value></HeartRateBpm><SensorState>Present</SensorState></Trackpoint><Trackpoint><Time>2025-07-16T10:41:33.080Z</Time><DistanceMeters>125.0</DistanceMeters><HeartRateBpm><Value>101</Value></HeartRateBpm><SensorState>Present</SensorState></Trackpoint><Trackpoint><Time>2025-07-16T10:41:34.080Z</Time><DistanceMeters>126.09170304404364</DistanceMeters><HeartRateBpm><Value>100</Value></HeartRateBpm><SensorState>Present</SensorState></Trackpoint><Trackpoint><Time>2025-07-16T10:41:35.080Z</Time><DistanceMeters>127.18340608808728</DistanceMeters><HeartRateBpm><Value>101</Value></HeartRateBpm><SensorState>Present</SensorState></Trackpoint><Trackpoint><Time>2025-07-16T10:41:36.080Z</Time><DistanceMeters>128.27510913213092</DistanceMeters><HeartRateBpm><Value>101</Value></HeartRateBpm><SensorState>Present</SensorState></Trackpoint><Trackpoint><Time>2025-07-16T10:41:37.080Z</Time><DistanceMeters>129.36681217617456</DistanceMeters><HeartRateBpm><Value>101</Value></HeartRateBpm><SensorState>Present</SensorState></Trackpoint><Trackpoint><Time>2025-07-16T10:41:38.080Z</Time><DistanceMeters>130.4585152202182</DistanceMeters><HeartRateBpm><Value>101</Value></HeartRateBpm><SensorState>Present</SensorState></Trackpoint><Trackpoint><Time>2025-07-16T10:41:39.080Z</Time><DistanceMeters>131.55021826426184</DistanceMeters><HeartRateBpm><Value>101</Value></HeartRateBpm><SensorState>Present</SensorState></Trackpoint><Trackpoint><Time>2025-07-16T10:41:40.080Z</Time><DistanceMeters>132.64192130830548</DistanceMeters><HeartRateBpm><Value>101</Value></HeartRateBpm><SensorState>Present</SensorState></Trackpoint><Trackpoint><Time>2025-07-16T10:41:41.080Z</Time><DistanceMeters>133.73362435234912</DistanceMeters><HeartRateBpm><Value>102</Value></HeartRateBpm><SensorState>Present</SensorState></Trackpoint><Trackpoint><Time>2025-07-16T10:41:42.080Z</Time><DistanceMeters>134.82532739639277</DistanceMeters><HeartRateBpm><Value>102</Value></HeartRateBpm><SensorState>Present</SensorState></Trackpoint><Trackpoint><Time>2025-07-16T10:41:43.080Z</Time><DistanceMeters>135.9170304404364</DistanceMeters><HeartRateBpm><Value>103</Value></HeartRateBpm><SensorState>Present</SensorState></Trackpoint><Trackpoint><Time>2025-07-16T10:41:44.080Z</Time><DistanceMeters>150.0</DistanceMeters><HeartRateBpm><Value>103</Value></HeartRateBpm><SensorState>Present</SensorState></Trackpoint><Trackpoint><Time>2025-07-16T10:41:45.080Z</Time><DistanceMeters>150.0</DistanceMeters><HeartRateBpm><Value>103</Value></HeartRateBpm><SensorState>Present</SensorState></Trackpoint><Trackpoint><Time>2025-07-16T10:41:46.080Z</Time><DistanceMeters>150.0</DistanceMeters><HeartRateBpm><Value>103</Value></HeartRateBpm><SensorState>Present</SensorState></Trackpoint><Trackpoint><Time>2025-07-16T10:41:47.080Z</Time><DistanceMeters>150.0</DistanceMeters><HeartRateBpm><Value>103</Value></HeartRateBpm><SensorState>Present</SensorState></Trackpoint><Trackpoint><Time>2025-07-16T10:41:48.080Z</Time><DistanceMeters>150.0</DistanceMeters><HeartRateBpm><Value>104</Value></HeartRateBpm><SensorState>Present</SensorState></Trackpoint><Trackpoint><Time>2025-07-16T10:41:49.080Z</Time><DistanceMeters>150.0</DistanceMeters><HeartRateBpm><Value>104</Value></HeartRateBpm><SensorState>Present</SensorState></Trackpoint><Trackpoint><Time>2025-07-16T10:41:50.080Z</Time><DistanceMeters>150.0</DistanceMeters><HeartRateBpm><Value>104</Value></HeartRateBpm><SensorState>Present</SensorState></Trackpoint><Trackpoint><Time>2025-07-16T10:41:51.080Z</Time><DistanceMeters>150.0</DistanceMeters><HeartRateBpm><Value>104</Value></HeartRateBpm><SensorState>Present</SensorState></Trackpoint><Trackpoint><Time>2025-07-16T10:41:52.080Z</Time><DistanceMeters>150.0</DistanceMeters><HeartRateBpm><Value>105</Value></HeartRateBpm><SensorState>Present</SensorState></Trackpoint><Trackpoint><Time>2025-07-16T10:41:53.080Z</Time><DistanceMeters>150.0</DistanceMeters><HeartRateBpm><Value>105</Value></HeartRateBpm><SensorState>Present</SensorState></Trackpoint><Trackpoint><Time>2025-07-16T10:41:54.080Z</Time><DistanceMeters>150.0</DistanceMeters><HeartRateBpm><Value>105</Value></HeartRateBpm><SensorState>Present</SensorState></Trackpoint><Trackpoint><Time>2025-07-16T10:41:55.080Z</Time><DistanceMeters>150.0</DistanceMeters><HeartRateBpm><Value>105</Value></HeartRateBpm><SensorState>Present</SensorState></Trackpoint><Trackpoint><Time>2025-07-16T10:41:56.080Z</Time><DistanceMeters>150.0</DistanceMeters><HeartRateBpm><Value>105</Value></HeartRateBpm><SensorState>Present</SensorState></Trackpoint><Trackpoint><Time>2025-07-16T10:41:57.080Z</Time><DistanceMeters>150.0</DistanceMeters><HeartRateBpm><Value>105</Value></HeartRateBpm><SensorState>Present</SensorState></Trackpoint><Trackpoint><Time>2025-07-16T10:41:58.080Z</Time><DistanceMeters>150.0</DistanceMeters><HeartRateBpm><Value>105</Value></HeartRateBpm><SensorState>Present</SensorState></Trackpoint><Trackpoint><Time>2025-07-16T10:41:59.080Z</Time><DistanceMeters>150.0</DistanceMeters><HeartRateBpm><Value>105</Value></HeartRateBpm><SensorState>Present</SensorState></Trackpoint><Trackpoint><Time>2025-07-16T10:42:00.080Z</Time><DistanceMeters>150.0</DistanceMeters><HeartRateBpm><Value>106</Value></HeartRateBpm><SensorState>Present</SensorState></Trackpoint><Trackpoint><Time>2025-07-16T10:42:01.080Z</Time><DistanceMeters>150.0</DistanceMeters><HeartRateBpm><Value>106</Value></HeartRateBpm><SensorState>Present</SensorState></Trackpoint><Trackpoint><Time>2025-07-16T10:42:02.080Z</Time><DistanceMeters>150.0</DistanceMeters><HeartRateBpm><Value>107</Value></HeartRateBpm><SensorState>Present</SensorState></Trackpoint><Trackpoint><Time>2025-07-16T10:42:03.080Z</Time><DistanceMeters>150.0</DistanceMeters><HeartRateBpm><Value>107</Value></HeartRateBpm><SensorState>Present</SensorState></Trackpoint><Trackpoint><Time>2025-07-16T10:42:04.080Z</Time><DistanceMeters>151.09170304404364</DistanceMeters><HeartRateBpm><Value>106</Value></HeartRateBpm><SensorState>Present</SensorState></Trackpoint><Trackpoint><Time>2025-07-16T10:42:05.080Z</Time><DistanceMeters>152.18340608808728</DistanceMeters><HeartRateBpm><Value>107</Value></HeartRateBpm><SensorState>Present</SensorState></Trackpoint><Trackpoint><Time>2025-07-16T10:42:06.080Z</Time><DistanceMeters>153.27510913213092</DistanceMeters><HeartRateBpm><Value>106</Value></HeartRateBpm><SensorState>Present</SensorState></Trackpoint><Trackpoint><Time>2025-07-16T10:42:07.080Z</Time><DistanceMeters>154.36681217617456</DistanceMeters><HeartRateBpm><Value>106</Value></HeartRateBpm><SensorState>Present</SensorState></Trackpoint><Trackpoint><Time>2025-07-16T10:42:08.080Z</Time><DistanceMeters>155.4585152202182</DistanceMeters><HeartRateBpm><Value>106</Value></HeartRateBpm><SensorState>Present</SensorState></Trackpoint><Trackpoint><Time>2025-07-16T10:42:09.080Z</Time><DistanceMeters>156.55021826426184</DistanceMeters><HeartRateBpm><Value>106</Value></HeartRateBpm><SensorState>Present</SensorState></Trackpoint><Trackpoint><Time>2025-07-16T10:42:10.080Z</Time><DistanceMeters>157.64192130830548</DistanceMeters><HeartRateBpm><Value>106</Value></HeartRateBpm><SensorState>Present</SensorState></Trackpoint><Trackpoint><Time>2025-07-16T10:42:11.080Z</Time><DistanceMeters>158.73362435234912</DistanceMeters><HeartRateBpm><Value>106</Value></HeartRateBpm><SensorState>Present</SensorState></Trackpoint><Trackpoint><Time>2025-07-16T10:42:12.080Z</Time><DistanceMeters>159.82532739639277</DistanceMeters><HeartRateBpm><Value>105</Value></HeartRateBpm><SensorState>Present</SensorState></Trackpoint><Trackpoint><Time>2025-07-16T10:42:13.080Z</Time><DistanceMeters>160.9170304404364</DistanceMeters><HeartRateBpm><Value>104</Value></HeartRateBpm><SensorState>Present</SensorState></Trackpoint><Trackpoint><Time>2025-07-16T10:42:14.080Z</Time><DistanceMeters>175.0</DistanceMeters><HeartRateBpm><Value>104</Value></HeartRateBpm><SensorState>Present</SensorState></Trackpoint><Trackpoint><Time>2025-07-16T10:42:15.080Z</Time><DistanceMeters>175.0</DistanceMeters><HeartRateBpm><Value>103</Value></HeartRateBpm><SensorState>Present</SensorState></Trackpoint><Trackpoint><Time>2025-07-16T10:42:16.080Z</Time><DistanceMeters>175.0</DistanceMeters><HeartRateBpm><Value>102</Value></HeartRateBpm><SensorState>Present</SensorState></Trackpoint><Trackpoint><Time>2025-07-16T10:42:17.080Z</Time><DistanceMeters>175.0</DistanceMeters><HeartRateBpm><Value>102</Value></HeartRateBpm><SensorState>Present</SensorState></Trackpoint><Trackpoint><Time>2025-07-16T10:42:18.080Z</Time><DistanceMeters>175.0</DistanceMeters><HeartRateBpm><Value>102</Value></HeartRateBpm><SensorState>Present</SensorState></Trackpoint><Trackpoint><Time>2025-07-16T10:42:19.080Z</Time><DistanceMeters>175.0</DistanceMeters><HeartRateBpm><Value>102</Value></HeartRateBpm><SensorState>Present</SensorState></Trackpoint><Trackpoint><Time>2025-07-16T10:42:20.080Z</Time><DistanceMeters>175.0</DistanceMeters><HeartRateBpm><Value>102</Value></HeartRateBpm><SensorState>Present</SensorState></Trackpoint><Trackpoint><Time>2025-07-16T10:42:21.080Z</Time><DistanceMeters>175.0</DistanceMeters><HeartRateBpm><Value>102</Value></HeartRateBpm><SensorState>Present</SensorState></Trackpoint><Trackpoint><Time>2025-07-16T10:42:22.080Z</Time><DistanceMeters>175.0</DistanceMeters><HeartRateBpm><Value>103</Value></HeartRateBpm><SensorState>Present</SensorState></Trackpoint><Trackpoint><Time>2025-07-16T10:42:23.080Z</Time><DistanceMeters>175.0</DistanceMeters><HeartRateBpm><Value>103</Value></HeartRateBpm><SensorState>Present</SensorState></Trackpoint><Trackpoint><Time>2025-07-16T10:42:24.080Z</Time><DistanceMeters>175.0</DistanceMeters><HeartRateBpm><Value>103</Value></HeartRateBpm><SensorState>Present</SensorState></Trackpoint><Trackpoint><Time>2025-07-16T10:42:25.080Z</Time><DistanceMeters>175.0</DistanceMeters><HeartRateBpm><Value>103</Value></HeartRateBpm><SensorState>Present</SensorState></Trackpoint><Trackpoint><Time>2025-07-16T10:42:26.080Z</Time><DistanceMeters>175.0</DistanceMeters><HeartRateBpm><Value>103</Value></HeartRateBpm><SensorState>Present</SensorState></Trackpoint><Trackpoint><Time>2025-07-16T10:42:27.080Z</Time><DistanceMeters>175.0</DistanceMeters><HeartRateBpm><Value>103</Value></HeartRateBpm><SensorState>Present</SensorState></Trackpoint><Trackpoint><Time>2025-07-16T10:42:28.080Z</Time><DistanceMeters>175.0</DistanceMeters><HeartRateBpm><Value>102</Value></HeartRateBpm><SensorState>Present</SensorState></Trackpoint><Trackpoint><Time>2025-07-16T10:42:29.080Z</Time><DistanceMeters>175.0</DistanceMeters><HeartRateBpm><Value>102</Value></HeartRateBpm><SensorState>Present</SensorState></Trackpoint><Trackpoint><Time>2025-07-16T10:42:30.080Z</Time><DistanceMeters>175.0</DistanceMeters><HeartRateBpm><Value>102</Value></HeartRateBpm><SensorState>Present</SensorState></Trackpoint><Trackpoint><Time>2025-07-16T10:42:31.080Z</Time><DistanceMeters>175.0</DistanceMeters><HeartRateBpm><Value>101</Value></HeartRateBpm><SensorState>Present</SensorState></Trackpoint><Trackpoint><Time>2025-07-16T10:42:32.080Z</Time><DistanceMeters>175.0</DistanceMeters><HeartRateBpm><Value>100</Value></HeartRateBpm><SensorState>Present</SensorState></Trackpoint><Trackpoint><Time>2025-07-16T10:42:33.080Z</Time><DistanceMeters>175.0</DistanceMeters><HeartRateBpm><Value>100</Value></HeartRateBpm><SensorState>Present</SensorState></Trackpoint><Trackpoint><Time>2025-07-16T10:42:34.080Z</Time><DistanceMeters>176.09170304404364</DistanceMeters><HeartRateBpm><Value>99</Value></HeartRateBpm><SensorState>Present</SensorState></Trackpoint><Trackpoint><Time>2025-07-16T10:42:35.080Z</Time><DistanceMeters>177.18340608808728</DistanceMeters><HeartRateBpm><Value>99</Value></HeartRateBpm><SensorState>Present</SensorState></Trackpoint><Trackpoint><Time>2025-07-16T10:42:36.080Z</Time><DistanceMeters>178.27510913213092</DistanceMeters><HeartRateBpm><Value>99</Value></HeartRateBpm><SensorState>Present</SensorState></Trackpoint><Trackpoint><Time>2025-07-16T10:42:37.080Z</Time><DistanceMeters>179.36681217617456</DistanceMeters><HeartRateBpm><Value>99</Value></HeartRateBpm><SensorState>Present</SensorState></Trackpoint><Trackpoint><Time>2025-07-16T10:42:38.080Z</Time><DistanceMeters>180.4585152202182</DistanceMeters><HeartRateBpm><Value>100</Value></HeartRateBpm><SensorState>Present</SensorState></Trackpoint><Trackpoint><Time>2025-07-16T10:42:39.080Z</Time><DistanceMeters>181.55021826426184</DistanceMeters><HeartRateBpm><Value>100</Value></HeartRateBpm><SensorState>Present</SensorState></Trackpoint><Trackpoint><Time>2025-07-16T10:42:40.080Z</Time><DistanceMeters>182.64192130830548</DistanceMeters><HeartRateBpm><Value>100</Value></HeartRateBpm><SensorState>Present</SensorState></Trackpoint><Trackpoint><Time>2025-07-16T10:42:41.080Z</Time><DistanceMeters>183.73362435234912</DistanceMeters><HeartRateBpm><Value>100</Value></HeartRateBpm><SensorState>Present</SensorState></Trackpoint><Trackpoint><Time>2025-07-16T10:42:42.080Z</Time><DistanceMeters>184.82532739639277</DistanceMeters><HeartRateBpm><Value>100</Value></HeartRateBpm><SensorState>Present</SensorState></Trackpoint><Trackpoint><Time>2025-07-16T10:42:43.080Z</Time><DistanceMeters>185.9170304404364</DistanceMeters><HeartRateBpm><Value>100</Value></HeartRateBpm><SensorState>Present</SensorState></Trackpoint><Trackpoint><Time>2025-07-16T10:42:44.080Z</Time><DistanceMeters>200.0</DistanceMeters><HeartRateBpm><Value>100</Value></HeartRateBpm><SensorState>Present</SensorState></Trackpoint><Trackpoint><Time>2025-07-16T10:42:45.080Z</Time><DistanceMeters>200.0</DistanceMeters><HeartRateBpm><Value>100</Value></HeartRateBpm><SensorState>Present</SensorState></Trackpoint><Trackpoint><Time>2025-07-16T10:42:46.080Z</Time><DistanceMeters>200.0</DistanceMeters><HeartRateBpm><Value>100</Value></HeartRateBpm><SensorState>Present</SensorState></Trackpoint><Trackpoint><Time>2025-07-16T10:42:47.080Z</Time><DistanceMeters>200.0</DistanceMeters><HeartRateBpm><Value>100</Value></HeartRateBpm><SensorState>Present</SensorState></Trackpoint><Trackpoint><Time>2025-07-16T10:42:48.080Z</Time><DistanceMeters>200.0</DistanceMeters><HeartRateBpm><Value>100</Value></HeartRateBpm><SensorState>Present</SensorState></Trackpoint><Trackpoint><Time>2025-07-16T10:42:49.080Z</Time><DistanceMeters>200.0</DistanceMeters><HeartRateBpm><Value>100</Value></HeartRateBpm><SensorState>Present</SensorState></Trackpoint><Trackpoint><Time>2025-07-16T10:42:50.080Z</Time><DistanceMeters>200.0</DistanceMeters><HeartRateBpm><Value>100</Value></HeartRateBpm><SensorState>Present</SensorState></Trackpoint><Trackpoint><Time>2025-07-16T10:42:51.080Z</Time><DistanceMeters>200.0</DistanceMeters><HeartRateBpm><Value>100</Value></HeartRateBpm><SensorState>Present</SensorState></Trackpoint><Trackpoint><Time>2025-07-16T10:42:52.080Z</Time><DistanceMeters>200.0</DistanceMeters><HeartRateBpm><Value>100</Value></HeartRateBpm><SensorState>Present</SensorState></Trackpoint><Trackpoint><Time>2025-07-16T10:42:53.080Z</Time><DistanceMeters>200.0</DistanceMeters><HeartRateBpm><Value>101</Value></HeartRateBpm><SensorState>Present</SensorState></Trackpoint><Trackpoint><Time>2025-07-16T10:42:54.080Z</Time><DistanceMeters>200.0</DistanceMeters><HeartRateBpm><Value>101</Value></HeartRateBpm><SensorState>Present</SensorState></Trackpoint><Trackpoint><Time>2025-07-16T10:42:55.080Z</Time><DistanceMeters>200.0</DistanceMeters><HeartRateBpm><Value>100</Value></HeartRateBpm><SensorState>Present</SensorState></Trackpoint><Trackpoint><Time>2025-07-16T10:42:56.080Z</Time><DistanceMeters>200.0</DistanceMeters><HeartRateBpm><Value>99</Value></HeartRateBpm><SensorState>Present</SensorState></Trackpoint><Trackpoint><Time>2025-07-16T10:42:57.080Z</Time><DistanceMeters>200.0</DistanceMeters><HeartRateBpm><Value>97</Value></HeartRateBpm><SensorState>Present</SensorState></Trackpoint><Trackpoint><Time>2025-07-16T10:42:58.080Z</Time><DistanceMeters>200.0</DistanceMeters><HeartRateBpm><Value>97</Value></HeartRateBpm><SensorState>Present</SensorState></Trackpoint><Trackpoint><Time>2025-07-16T10:42:59.080Z</Time><DistanceMeters>200.0</DistanceMeters><HeartRateBpm><Value>98</Value></HeartRateBpm><SensorState>Present</SensorState></Trackpoint><Trackpoint><Time>2025-07-16T10:43:00.080Z</Time><DistanceMeters>200.0</DistanceMeters><HeartRateBpm><Value>98</Value></HeartRateBpm><SensorState>Present</SensorState></Trackpoint><Trackpoint><Time>2025-07-16T10:43:01.080Z</Time><DistanceMeters>200.0</DistanceMeters><HeartRateBpm><Value>98</Value></HeartRateBpm><SensorState>Present</SensorState></Trackpoint><Trackpoint><Time>2025-07-16T10:43:02.080Z</Time><DistanceMeters>200.0</DistanceMeters><HeartRateBpm><Value>99</Value></HeartRateBpm><SensorState>Present</SensorState></Trackpoint><Trackpoint><Time>2025-07-16T10:43:03.080Z</Time><DistanceMeters>200.0</DistanceMeters><HeartRateBpm><Value>99</Value></HeartRateBpm><SensorState>Present</SensorState></Trackpoint><Trackpoint><Time>2025-07-16T10:43:04.080Z</Time><DistanceMeters>200.0</DistanceMeters><HeartRateBpm><Value>100</Value></HeartRateBpm><SensorState>Present</SensorState></Trackpoint><Trackpoint><Time>2025-07-16T10:43:05.080Z</Time><DistanceMeters>201.09170304404364</DistanceMeters><HeartRateBpm><Value>100</Value></HeartRateBpm><SensorState>Present</SensorState></Trackpoint><Trackpoint><Time>2025-07-16T10:43:06.080Z</Time><DistanceMeters>202.18340608808728</DistanceMeters><HeartRateBpm><Value>101</Value></HeartRateBpm><SensorState>Present</SensorState></Trackpoint><Trackpoint><Time>2025-07-16T10:43:07.080Z</Time><DistanceMeters>203.27510913213092</DistanceMeters><HeartRateBpm><Value>101</Value></HeartRateBpm><SensorState>Present</SensorState></Trackpoint><Trackpoint><Time>2025-07-16T10:43:08.080Z</Time><DistanceMeters>204.36681217617456</DistanceMeters><HeartRateBpm><Value>100</Value></HeartRateBpm><SensorState>Present</SensorState></Trackpoint><Trackpoint><Time>2025-07-16T10:43:09.080Z</Time><DistanceMeters>205.4585152202182</DistanceMeters><HeartRateBpm><Value>100</Value></HeartRateBpm><SensorState>Present</SensorState></Trackpoint><Trackpoint><Time>2025-07-16T10:43:10.080Z</Time><DistanceMeters>206.55021826426184</DistanceMeters><HeartRateBpm><Value>100</Value></HeartRateBpm><SensorState>Present</SensorState></Trackpoint><Trackpoint><Time>2025-07-16T10:43:11.080Z</Time><DistanceMeters>207.64192130830548</DistanceMeters><HeartRateBpm><Value>100</Value></HeartRateBpm><SensorState>Present</SensorState></Trackpoint><Trackpoint><Time>2025-07-16T10:43:12.080Z</Time><DistanceMeters>208.73362435234912</DistanceMeters><HeartRateBpm><Value>99</Value></HeartRateBpm><SensorState>Present</SensorState></Trackpoint><Trackpoint><Time>2025-07-16T10:43:13.080Z</Time><DistanceMeters>209.82532739639277</DistanceMeters><HeartRateBpm><Value>99</Value></HeartRateBpm><SensorState>Present</SensorState></Trackpoint><Trackpoint><Time>2025-07-16T10:43:14.080Z</Time><DistanceMeters>210.9170304404364</DistanceMeters><HeartRateBpm><Value>98</Value></HeartRateBpm><SensorState>Present</SensorState></Trackpoint><Trackpoint><Time>2025-07-16T10:43:15.080Z</Time><DistanceMeters>225.0</DistanceMeters><HeartRateBpm><Value>98</Value></HeartRateBpm><SensorState>Present</SensorState></Trackpoint><Trackpoint><Time>2025-07-16T10:43:16.080Z</Time><DistanceMeters>225.0</DistanceMeters><HeartRateBpm><Value>98</Value></HeartRateBpm><SensorState>Present</SensorState></Trackpoint><Trackpoint><Time>2025-07-16T10:43:17.080Z</Time><DistanceMeters>225.0</DistanceMeters><HeartRateBpm><Value>98</Value></HeartRateBpm><SensorState>Present</SensorState></Trackpoint><Trackpoint><Time>2025-07-16T10:43:18.080Z</Time><DistanceMeters>225.0</DistanceMeters><HeartRateBpm><Value>97</Value></HeartRateBpm><SensorState>Present</SensorState></Trackpoint><Trackpoint><Time>2025-07-16T10:43:19.080Z</Time><DistanceMeters>225.0</DistanceMeters><HeartRateBpm><Value>98</Value></HeartRateBpm><SensorState>Present</SensorState></Trackpoint><Trackpoint><Time>2025-07-16T10:43:20.080Z</Time><DistanceMeters>225.0</DistanceMeters><HeartRateBpm><Value>98</Value></HeartRateBpm><SensorState>Present</SensorState></Trackpoint><Trackpoint><Time>2025-07-16T10:43:21.080Z</Time><DistanceMeters>225.0</DistanceMeters><HeartRateBpm><Value>98</Value></HeartRateBpm><SensorState>Present</SensorState></Trackpoint><Trackpoint><Time>2025-07-16T10:43:22.080Z</Time><DistanceMeters>225.0</DistanceMeters><HeartRateBpm><Value>99</Value></HeartRateBpm><SensorState>Present</SensorState></Trackpoint><Trackpoint><Time>2025-07-16T10:43:23.080Z</Time><DistanceMeters>225.0</DistanceMeters><HeartRateBpm><Value>99</Value></HeartRateBpm><SensorState>Present</SensorState></Trackpoint><Trackpoint><Time>2025-07-16T10:43:24.080Z</Time><DistanceMeters>225.0</DistanceMeters><HeartRateBpm><Value>99</Value></HeartRateBpm><SensorState>Present</SensorState></Trackpoint><Trackpoint><Time>2025-07-16T10:43:25.080Z</Time><DistanceMeters>225.0</DistanceMeters><HeartRateBpm><Value>100</Value></HeartRateBpm><SensorState>Present</SensorState></Trackpoint><Trackpoint><Time>2025-07-16T10:43:26.080Z</Time><DistanceMeters>225.0</DistanceMeters><HeartRateBpm><Value>100</Value></HeartRateBpm><SensorState>Present</SensorState></Trackpoint><Trackpoint><Time>2025-07-16T10:43:27.080Z</Time><DistanceMeters>225.0</DistanceMeters><HeartRateBpm><Value>100</Value></HeartRateBpm><SensorState>Present</SensorState></Trackpoint><Trackpoint><Time>2025-07-16T10:43:28.080Z</Time><DistanceMeters>225.0</DistanceMeters><HeartRateBpm><Value>101</Value></HeartRateBpm><SensorState>Present</SensorState></Trackpoint><Trackpoint><Time>2025-07-16T10:43:29.080Z</Time><DistanceMeters>225.0</DistanceMeters><HeartRateBpm><Value>100</Value></HeartRateBpm><SensorState>Present</SensorState></Trackpoint><Trackpoint><Time>2025-07-16T10:43:30.080Z</Time><DistanceMeters>225.0</DistanceMeters><HeartRateBpm><Value>100</Value></HeartRateBpm><SensorState>Present</SensorState></Trackpoint><Trackpoint><Time>2025-07-16T10:43:31.080Z</Time><DistanceMeters>225.0</DistanceMeters><HeartRateBpm><Value>100</Value></HeartRateBpm><SensorState>Present</SensorState></Trackpoint><Trackpoint><Time>2025-07-16T10:43:32.080Z</Time><DistanceMeters>225.0</DistanceMeters><HeartRateBpm><Value>100</Value></HeartRateBpm><SensorState>Present</SensorState></Trackpoint><Trackpoint><Time>2025-07-16T10:43:33.080Z</Time><DistanceMeters>225.0</DistanceMeters><HeartRateBpm><Value>100</Value></HeartRateBpm><SensorState>Present</SensorState></Trackpoint><Trackpoint><Time>2025-07-16T10:43:34.080Z</Time><DistanceMeters>225.0</DistanceMeters><HeartRateBpm><Value>100</Value></HeartRateBpm><SensorState>Present</SensorState></Trackpoint><Trackpoint><Time>2025-07-16T10:43:35.080Z</Time><DistanceMeters>226.09170304404364</DistanceMeters><HeartRateBpm><Value>100</Value></HeartRateBpm><SensorState>Present</SensorState></Trackpoint><Trackpoint><Time>2025-07-16T10:43:36.080Z</Time><DistanceMeters>227.18340608808728</DistanceMeters><HeartRateBpm><Value>101</Value></HeartRateBpm><SensorState>Present</SensorState></Trackpoint><Trackpoint><Time>2025-07-16T10:43:37.080Z</Time><DistanceMeters>228.27510913213092</DistanceMeters><HeartRateBpm><Value>101</Value></HeartRateBpm><SensorState>Present</SensorState></Trackpoint><Trackpoint><Time>2025-07-16T10:43:38.080Z</Time><DistanceMeters>229.36681217617456</DistanceMeters><HeartRateBpm><Value>101</Value></HeartRateBpm><SensorState>Present</SensorState></Trackpoint><Trackpoint><Time>2025-07-16T10:43:39.080Z</Time><DistanceMeters>230.4585152202182</DistanceMeters><HeartRateBpm><Value>101</Value></HeartRateBpm><SensorState>Present</SensorState></Trackpoint><Trackpoint><Time>2025-07-16T10:43:40.080Z</Time><DistanceMeters>231.55021826426184</DistanceMeters><HeartRateBpm><Value>101</Value></HeartRateBpm><SensorState>Present</SensorState></Trackpoint><Trackpoint><Time>2025-07-16T10:43:41.080Z</Time><DistanceMeters>232.64192130830548</DistanceMeters><HeartRateBpm><Value>102</Value></HeartRateBpm><SensorState>Present</SensorState></Trackpoint><Trackpoint><Time>2025-07-16T10:43:42.080Z</Time><DistanceMeters>233.73362435234912</DistanceMeters><HeartRateBpm><Value>102</Value></HeartRateBpm><SensorState>Present</SensorState></Trackpoint><Trackpoint><Time>2025-07-16T10:43:43.080Z</Time><DistanceMeters>234.82532739639277</DistanceMeters><HeartRateBpm><Value>103</Value></HeartRateBpm><SensorState>Present</SensorState></Trackpoint><Trackpoint><Time>2025-07-16T10:43:44.080Z</Time><DistanceMeters>235.9170304404364</DistanceMeters><HeartRateBpm><Value>104</Value></HeartRateBpm><SensorState>Present</SensorState></Trackpoint><Trackpoint><Time>2025-07-16T10:43:45.080Z</Time><DistanceMeters>250.0</DistanceMeters><HeartRateBpm><Value>105</Value></HeartRateBpm><SensorState>Present</SensorState></Trackpoint><Trackpoint><Time>2025-07-16T10:43:46.080Z</Time><DistanceMeters>250.0</DistanceMeters><HeartRateBpm><Value>106</Value></HeartRateBpm><SensorState>Present</SensorState></Trackpoint><Trackpoint><Time>2025-07-16T10:43:47.080Z</Time><DistanceMeters>250.0</DistanceMeters><HeartRateBpm><Value>106</Value></HeartRateBpm><SensorState>Present</SensorState></Trackpoint><Trackpoint><Time>2025-07-16T10:43:48.080Z</Time><DistanceMeters>250.0</DistanceMeters><HeartRateBpm><Value>106</Value></HeartRateBpm><SensorState>Present</SensorState></Trackpoint><Trackpoint><Time>2025-07-16T10:43:49.080Z</Time><DistanceMeters>250.0</DistanceMeters><HeartRateBpm><Value>107</Value></HeartRateBpm><SensorState>Present</SensorState></Trackpoint><Trackpoint><Time>2025-07-16T10:43:50.080Z</Time><DistanceMeters>250.0</DistanceMeters><HeartRateBpm><Value>108</Value></HeartRateBpm><SensorState>Present</SensorState></Trackpoint><Trackpoint><Time>2025-07-16T10:43:51.080Z</Time><DistanceMeters>250.0</DistanceMeters><HeartRateBpm><Value>108</Value></HeartRateBpm><SensorState>Present</SensorState></Trackpoint><Trackpoint><Time>2025-07-16T10:43:52.080Z</Time><DistanceMeters>250.0</DistanceMeters><HeartRateBpm><Value>109</Value></HeartRateBpm><SensorState>Present</SensorState></Trackpoint><Trackpoint><Time>2025-07-16T10:43:53.080Z</Time><DistanceMeters>250.0</DistanceMeters><HeartRateBpm><Value>109</Value></HeartRateBpm><SensorState>Present</SensorState></Trackpoint><Trackpoint><Time>2025-07-16T10:43:54.080Z</Time><DistanceMeters>250.0</DistanceMeters><HeartRateBpm><Value>110</Value></HeartRateBpm><SensorState>Present</SensorState></Trackpoint><Trackpoint><Time>2025-07-16T10:43:55.080Z</Time><DistanceMeters>250.0</DistanceMeters><HeartRateBpm><Value>111</Value></HeartRateBpm><SensorState>Present</SensorState></Trackpoint><Trackpoint><Time>2025-07-16T10:43:56.080Z</Time><DistanceMeters>250.0</DistanceMeters><HeartRateBpm><Value>112</Value></HeartRateBpm><SensorState>Present</SensorState></Trackpoint><Trackpoint><Time>2025-07-16T10:43:57.080Z</Time><DistanceMeters>250.0</DistanceMeters><HeartRateBpm><Value>113</Value></HeartRateBpm><SensorState>Present</SensorState></Trackpoint><Trackpoint><Time>2025-07-16T10:43:58.080Z</Time><DistanceMeters>250.0</DistanceMeters><HeartRateBpm><Value>114</Value></HeartRateBpm><SensorState>Present</SensorState></Trackpoint><Trackpoint><Time>2025-07-16T10:43:59.080Z</Time><DistanceMeters>250.0</DistanceMeters><HeartRateBpm><Value>115</Value></HeartRateBpm><SensorState>Present</SensorState></Trackpoint><Trackpoint><Time>2025-07-16T10:44:00.080Z</Time><DistanceMeters>250.0</DistanceMeters><HeartRateBpm><Value>116</Value></HeartRateBpm><SensorState>Present</SensorState></Trackpoint><Trackpoint><Time>2025-07-16T10:44:01.080Z</Time><DistanceMeters>250.0</DistanceMeters><HeartRateBpm><Value>117</Value></HeartRateBpm><SensorState>Present</SensorState></Trackpoint><Trackpoint><Time>2025-07-16T10:44:02.080Z</Time><DistanceMeters>250.0</DistanceMeters><HeartRateBpm><Value>118</Value></HeartRateBpm><SensorState>Present</SensorState></Trackpoint><Trackpoint><Time>2025-07-16T10:44:03.080Z</Time><DistanceMeters>250.0</DistanceMeters><HeartRateBpm><Value>119</Value></HeartRateBpm><SensorState>Present</SensorState></Trackpoint><Trackpoint><Time>2025-07-16T10:44:04.080Z</Time><DistanceMeters>251.09170304404364</DistanceMeters><HeartRateBpm><Value>120</Value></HeartRateBpm><SensorState>Present</SensorState></Trackpoint><Trackpoint><Time>2025-07-16T10:44:05.080Z</Time><DistanceMeters>252.18340608808728</DistanceMeters><HeartRateBpm><Value>121</Value></HeartRateBpm><SensorState>Present</SensorState></Trackpoint><Trackpoint><Time>2025-07-16T10:44:06.080Z</Time><DistanceMeters>253.27510913213092</DistanceMeters><HeartRateBpm><Value>122</Value></HeartRateBpm><SensorState>Present</SensorState></Trackpoint><Trackpoint><Time>2025-07-16T10:44:07.080Z</Time><DistanceMeters>254.36681217617456</DistanceMeters><HeartRateBpm><Value>121</Value></HeartRateBpm><SensorState>Present</SensorState></Trackpoint><Trackpoint><Time>2025-07-16T10:44:08.080Z</Time><DistanceMeters>255.4585152202182</DistanceMeters><HeartRateBpm><Value>120</Value></HeartRateBpm><SensorState>Present</SensorState></Trackpoint><Trackpoint><Time>2025-07-16T10:44:09.080Z</Time><DistanceMeters>256.55021826426184</DistanceMeters><HeartRateBpm><Value>120</Value></HeartRateBpm><SensorState>Present</SensorState></Trackpoint><Trackpoint><Time>2025-07-16T10:44:10.080Z</Time><DistanceMeters>257.6419213083055</DistanceMeters><HeartRateBpm><Value>119</Value></HeartRateBpm><SensorState>Present</SensorState></Trackpoint><Trackpoint><Time>2025-07-16T10:44:11.080Z</Time><DistanceMeters>258.7336243523491</DistanceMeters><HeartRateBpm><Value>119</Value></HeartRateBpm><SensorState>Present</SensorState></Trackpoint><Trackpoint><Time>2025-07-16T10:44:12.080Z</Time><DistanceMeters>259.82532739639277</DistanceMeters><HeartRateBpm><Value>119</Value></HeartRateBpm><SensorState>Present</SensorState></Trackpoint><Trackpoint><Time>2025-07-16T10:44:13.080Z</Time><DistanceMeters>260.9170304404364</DistanceMeters><HeartRateBpm><Value>120</Value></HeartRateBpm><SensorState>Present</SensorState></Trackpoint><Trackpoint><Time>2025-07-16T10:44:14.080Z</Time><DistanceMeters>275.0</DistanceMeters><HeartRateBpm><Value>121</Value></HeartRateBpm><SensorState>Present</SensorState></Trackpoint><Trackpoint><Time>2025-07-16T10:44:15.080Z</Time><DistanceMeters>275.0</DistanceMeters><HeartRateBpm><Value>122</Value></HeartRateBpm><SensorState>Present</SensorState></Trackpoint><Trackpoint><Time>2025-07-16T10:44:16.080Z</Time><DistanceMeters>275.0</DistanceMeters><HeartRateBpm><Value>122</Value></HeartRateBpm><SensorState>Present</SensorState></Trackpoint><Trackpoint><Time>2025-07-16T10:44:17.080Z</Time><DistanceMeters>275.0</DistanceMeters><HeartRateBpm><Value>122</Value></HeartRateBpm><SensorState>Present</SensorState></Trackpoint><Trackpoint><Time>2025-07-16T10:44:18.080Z</Time><DistanceMeters>275.0</DistanceMeters><HeartRateBpm><Value>122</Value></HeartRateBpm><SensorState>Present</SensorState></Trackpoint><Trackpoint><Time>2025-07-16T10:44:19.080Z</Time><DistanceMeters>275.0</DistanceMeters><HeartRateBpm><Value>122</Value></HeartRateBpm><SensorState>Present</SensorState></Trackpoint><Trackpoint><Time>2025-07-16T10:44:20.080Z</Time><DistanceMeters>275.0</DistanceMeters><HeartRateBpm><Value>123</Value></HeartRateBpm><SensorState>Present</SensorState></Trackpoint><Trackpoint><Time>2025-07-16T10:44:21.080Z</Time><DistanceMeters>275.0</DistanceMeters><HeartRateBpm><Value>124</Value></HeartRateBpm><SensorState>Present</SensorState></Trackpoint><Trackpoint><Time>2025-07-16T10:44:22.080Z</Time><DistanceMeters>275.0</DistanceMeters><HeartRateBpm><Value>125</Value></HeartRateBpm><SensorState>Present</SensorState></Trackpoint><Trackpoint><Time>2025-07-16T10:44:23.080Z</Time><DistanceMeters>275.0</DistanceMeters><HeartRateBpm><Value>125</Value></HeartRateBpm><SensorState>Present</SensorState></Trackpoint><Trackpoint><Time>2025-07-16T10:44:24.080Z</Time><DistanceMeters>275.0</DistanceMeters><HeartRateBpm><Value>127</Value></HeartRateBpm><SensorState>Present</SensorState></Trackpoint><Trackpoint><Time>2025-07-16T10:44:25.080Z</Time><DistanceMeters>275.0</DistanceMeters><HeartRateBpm><Value>129</Value></HeartRateBpm><SensorState>Present</SensorState></Trackpoint><Trackpoint><Time>2025-07-16T10:44:26.080Z</Time><DistanceMeters>275.0</DistanceMeters><HeartRateBpm><Value>131</Value></HeartRateBpm><SensorState>Present</SensorState></Trackpoint><Trackpoint><Time>2025-07-16T10:44:27.080Z</Time><DistanceMeters>275.0</DistanceMeters><HeartRateBpm><Value>132</Value></HeartRateBpm><SensorState>Present</SensorState></Trackpoint><Trackpoint><Time>2025-07-16T10:44:28.080Z</Time><DistanceMeters>275.0</DistanceMeters><HeartRateBpm><Value>133</Value></HeartRateBpm><SensorState>Present</SensorState></Trackpoint><Trackpoint><Time>2025-07-16T10:44:29.080Z</Time><DistanceMeters>275.0</DistanceMeters><HeartRateBpm><Value>134</Value></HeartRateBpm><SensorState>Present</SensorState></Trackpoint><Trackpoint><Time>2025-07-16T10:44:30.080Z</Time><DistanceMeters>275.0</DistanceMeters><HeartRateBpm><Value>135</Value></HeartRateBpm><SensorState>Present</SensorState></Trackpoint><Trackpoint><Time>2025-07-16T10:44:31.080Z</Time><DistanceMeters>275.0</DistanceMeters><HeartRateBpm><Value>136</Value></HeartRateBpm><SensorState>Present</SensorState></Trackpoint><Trackpoint><Time>2025-07-16T10:44:32.080Z</Time><DistanceMeters>275.0</DistanceMeters><HeartRateBpm><Value>136</Value></HeartRateBpm><SensorState>Present</SensorState></Trackpoint><Trackpoint><Time>2025-07-16T10:44:33.080Z</Time><DistanceMeters>276.09170304404364</DistanceMeters><HeartRateBpm><Value>136</Value></HeartRateBpm><SensorState>Present</SensorState></Trackpoint><Trackpoint><Time>2025-07-16T10:44:34.080Z</Time><DistanceMeters>277.1834060880873</DistanceMeters><HeartRateBpm><Value>136</Value></HeartRateBpm><SensorState>Present</SensorState></Trackpoint><Trackpoint><Time>2025-07-16T10:44:35.080Z</Time><DistanceMeters>278.2751091321309</DistanceMeters><HeartRateBpm><Value>135</Value></HeartRateBpm><SensorState>Present</SensorState></Trackpoint><Trackpoint><Time>2025-07-16T10:44:36.080Z</Time><DistanceMeters>279.36681217617456</DistanceMeters><HeartRateBpm><Value>135</Value></HeartRateBpm><SensorState>Present</SensorState></Trackpoint><Trackpoint><Time>2025-07-16T10:44:37.080Z</Time><DistanceMeters>280.4585152202182</DistanceMeters><HeartRateBpm><Value>135</Value></HeartRateBpm><SensorState>Present</SensorState></Trackpoint><Trackpoint><Time>2025-07-16T10:44:38.080Z</Time><DistanceMeters>281.55021826426184</DistanceMeters><HeartRateBpm><Value>135</Value></HeartRateBpm><SensorState>Present</SensorState></Trackpoint><Trackpoint><Time>2025-07-16T10:44:39.080Z</Time><DistanceMeters>282.6419213083055</DistanceMeters><HeartRateBpm><Value>135</Value></HeartRateBpm><SensorState>Present</SensorState></Trackpoint><Trackpoint><Time>2025-07-16T10:44:40.080Z</Time><DistanceMeters>283.7336243523491</DistanceMeters><HeartRateBpm><Value>135</Value></HeartRateBpm><SensorState>Present</SensorState></Trackpoint><Trackpoint><Time>2025-07-16T10:44:41.080Z</Time><DistanceMeters>284.82532739639277</DistanceMeters><HeartRateBpm><Value>134</Value></HeartRateBpm><SensorState>Present</SensorState></Trackpoint><Trackpoint><Time>2025-07-16T10:44:42.080Z</Time><DistanceMeters>285.9170304404364</DistanceMeters><HeartRateBpm><Value>134</Value></HeartRateBpm><SensorState>Present</SensorState></Trackpoint><Trackpoint><Time>2025-07-16T10:44:43.080Z</Time><DistanceMeters>300.0</DistanceMeters><HeartRateBpm><Value>134</Value></HeartRateBpm><SensorState>Present</SensorState></Trackpoint><Trackpoint><Time>2025-07-16T10:44:44.080Z</Time><DistanceMeters>300.0</DistanceMeters><HeartRateBpm><Value>134</Value></HeartRateBpm><SensorState>Present</SensorState></Trackpoint><Trackpoint><Time>2025-07-16T10:44:45.080Z</Time><DistanceMeters>300.0</DistanceMeters><HeartRateBpm><Value>134</Value></HeartRateBpm><SensorState>Present</SensorState></Trackpoint><Trackpoint><Time>2025-07-16T10:44:46.080Z</Time><DistanceMeters>300.0</DistanceMeters><HeartRateBpm><Value>134</Value></HeartRateBpm><SensorState>Present</SensorState></Trackpoint><Trackpoint><Time>2025-07-16T10:44:47.080Z</Time><DistanceMeters>300.0</DistanceMeters><HeartRateBpm><Value>133</Value></HeartRateBpm><SensorState>Present</SensorState></Trackpoint><Trackpoint><Time>2025-07-16T10:44:48.080Z</Time><DistanceMeters>300.0</DistanceMeters><HeartRateBpm><Value>132</Value></HeartRateBpm><SensorState>Present</SensorState></Trackpoint><Trackpoint><Time>2025-07-16T10:44:49.080Z</Time><DistanceMeters>300.0</DistanceMeters><HeartRateBpm><Value>130</Value></HeartRateBpm><SensorState>Present</SensorState></Trackpoint><Trackpoint><Time>2025-07-16T10:44:50.080Z</Time><DistanceMeters>300.0</DistanceMeters><HeartRateBpm><Value>130</Value></HeartRateBpm><SensorState>Present</SensorState></Trackpoint><Trackpoint><Time>2025-07-16T10:44:51.080Z</Time><DistanceMeters>300.0</DistanceMeters><HeartRateBpm><Value>130</Value></HeartRateBpm><SensorState>Present</SensorState></Trackpoint><Trackpoint><Time>2025-07-16T10:44:52.080Z</Time><DistanceMeters>300.0</DistanceMeters><HeartRateBpm><Value>131</Value></HeartRateBpm><SensorState>Present</SensorState></Trackpoint><Trackpoint><Time>2025-07-16T10:44:53.080Z</Time><DistanceMeters>300.0</DistanceMeters><HeartRateBpm><Value>131</Value></HeartRateBpm><SensorState>Present</SensorState></Trackpoint><Trackpoint><Time>2025-07-16T10:44:54.080Z</Time><DistanceMeters>300.0</DistanceMeters><HeartRateBpm><Value>131</Value></HeartRateBpm><SensorState>Present</SensorState></Trackpoint><Trackpoint><Time>2025-07-16T10:44:55.080Z</Time><DistanceMeters>300.0</DistanceMeters><HeartRateBpm><Value>132</Value></HeartRateBpm><SensorState>Present</SensorState></Trackpoint><Trackpoint><Time>2025-07-16T10:44:56.080Z</Time><DistanceMeters>300.0</DistanceMeters><HeartRateBpm><Value>132</Value></HeartRateBpm><SensorState>Present</SensorState></Trackpoint><Trackpoint><Time>2025-07-16T10:44:57.080Z</Time><DistanceMeters>300.0</DistanceMeters><HeartRateBpm><Value>132</Value></HeartRateBpm><SensorState>Present</SensorState></Trackpoint><Trackpoint><Time>2025-07-16T10:44:58.080Z</Time><DistanceMeters>300.0</DistanceMeters><HeartRateBpm><Value>132</Value></HeartRateBpm><SensorState>Present</SensorState></Trackpoint><Trackpoint><Time>2025-07-16T10:44:59.080Z</Time><DistanceMeters>300.0</DistanceMeters><HeartRateBpm><Value>133</Value></HeartRateBpm><SensorState>Present</SensorState></Trackpoint><Trackpoint><Time>2025-07-16T10:45:00.080Z</Time><DistanceMeters>300.0</DistanceMeters><HeartRateBpm><Value>133</Value></HeartRateBpm><SensorState>Present</SensorState></Trackpoint><Trackpoint><Time>2025-07-16T10:45:01.080Z</Time><DistanceMeters>300.0</DistanceMeters><HeartRateBpm><Value>133</Value></HeartRateBpm><SensorState>Present</SensorState></Trackpoint><Trackpoint><Time>2025-07-16T10:45:02.080Z</Time><DistanceMeters>300.0</DistanceMeters><HeartRateBpm><Value>133</Value></HeartRateBpm><SensorState>Present</SensorState></Trackpoint><Trackpoint><Time>2025-07-16T10:45:03.080Z</Time><DistanceMeters>300.0</DistanceMeters><HeartRateBpm><Value>133</Value></HeartRateBpm><SensorState>Present</SensorState></Trackpoint><Trackpoint><Time>2025-07-16T10:45:04.080Z</Time><DistanceMeters>300.0</DistanceMeters><HeartRateBpm><Value>133</Value></HeartRateBpm><SensorState>Present</SensorState></Trackpoint><Trackpoint><Time>2025-07-16T10:45:05.080Z</Time><DistanceMeters>301.09170304404364</DistanceMeters><HeartRateBpm><Value>133</Value></HeartRateBpm><SensorState>Present</SensorState></Trackpoint><Trackpoint><Time>2025-07-16T10:45:06.080Z</Time><DistanceMeters>302.1834060880873</DistanceMeters><HeartRateBpm><Value>133</Value></HeartRateBpm><SensorState>Present</SensorState></Trackpoint><Trackpoint><Time>2025-07-16T10:45:07.080Z</Time><DistanceMeters>303.2751091321309</DistanceMeters><HeartRateBpm><Value>133</Value></HeartRateBpm><SensorState>Present</SensorState></Trackpoint><Trackpoint><Time>2025-07-16T10:45:08.080Z</Time><DistanceMeters>304.36681217617456</DistanceMeters><HeartRateBpm><Value>133</Value></HeartRateBpm><SensorState>Present</SensorState></Trackpoint><Trackpoint><Time>2025-07-16T10:45:09.080Z</Time><DistanceMeters>305.4585152202182</DistanceMeters><HeartRateBpm><Value>133</Value></HeartRateBpm><SensorState>Present</SensorState></Trackpoint><Trackpoint><Time>2025-07-16T10:45:10.080Z</Time><DistanceMeters>306.55021826426184</DistanceMeters><HeartRateBpm><Value>133</Value></HeartRateBpm><SensorState>Present</SensorState></Trackpoint><Trackpoint><Time>2025-07-16T10:45:11.080Z</Time><DistanceMeters>307.6419213083055</DistanceMeters><HeartRateBpm><Value>133</Value></HeartRateBpm><SensorState>Present</SensorState></Trackpoint><Trackpoint><Time>2025-07-16T10:45:12.080Z</Time><DistanceMeters>308.7336243523491</DistanceMeters><HeartRateBpm><Value>133</Value></HeartRateBpm><SensorState>Present</SensorState></Trackpoint><Trackpoint><Time>2025-07-16T10:45:13.080Z</Time><DistanceMeters>309.82532739639277</DistanceMeters><HeartRateBpm><Value>133</Value></HeartRateBpm><SensorState>Present</SensorState></Trackpoint><Trackpoint><Time>2025-07-16T10:45:14.080Z</Time><DistanceMeters>310.9170304404364</DistanceMeters><HeartRateBpm><Value>133</Value></HeartRateBpm><SensorState>Present</SensorState></Trackpoint><Trackpoint><Time>2025-07-16T10:45:15.080Z</Time><DistanceMeters>325.0</DistanceMeters><HeartRateBpm><Value>133</Value></HeartRateBpm><SensorState>Present</SensorState></Trackpoint><Trackpoint><Time>2025-07-16T10:45:16.080Z</Time><DistanceMeters>325.0</DistanceMeters><HeartRateBpm><Value>133</Value></HeartRateBpm><SensorState>Present</SensorState></Trackpoint><Trackpoint><Time>2025-07-16T10:45:17.080Z</Time><DistanceMeters>325.0</DistanceMeters><HeartRateBpm><Value>132</Value></HeartRateBpm><SensorState>Present</SensorState></Trackpoint><Trackpoint><Time>2025-07-16T10:45:18.080Z</Time><DistanceMeters>325.0</DistanceMeters><HeartRateBpm><Value>132</Value></HeartRateBpm><SensorState>Present</SensorState></Trackpoint><Trackpoint><Time>2025-07-16T10:45:19.080Z</Time><DistanceMeters>325.0</DistanceMeters><HeartRateBpm><Value>131</Value></HeartRateBpm><SensorState>Present</SensorState></Trackpoint><Trackpoint><Time>2025-07-16T10:45:20.080Z</Time><DistanceMeters>325.0</DistanceMeters><HeartRateBpm><Value>130</Value></HeartRateBpm><SensorState>Present</SensorState></Trackpoint><Trackpoint><Time>2025-07-16T10:45:21.080Z</Time><DistanceMeters>325.0</DistanceMeters><HeartRateBpm><Value>129</Value></HeartRateBpm><SensorState>Present</SensorState></Trackpoint><Trackpoint><Time>2025-07-16T10:45:22.080Z</Time><DistanceMeters>325.0</DistanceMeters><HeartRateBpm><Value>129</Value></HeartRateBpm><SensorState>Present</SensorState></Trackpoint><Trackpoint><Time>2025-07-16T10:45:23.080Z</Time><DistanceMeters>325.0</DistanceMeters><HeartRateBpm><Value>129</Value></HeartRateBpm><SensorState>Present</SensorState></Trackpoint><Trackpoint><Time>2025-07-16T10:45:24.080Z</Time><DistanceMeters>325.0</DistanceMeters><HeartRateBpm><Value>128</Value></HeartRateBpm><SensorState>Present</SensorState></Trackpoint><Trackpoint><Time>2025-07-16T10:45:25.080Z</Time><DistanceMeters>325.0</DistanceMeters><HeartRateBpm><Value>127</Value></HeartRateBpm><SensorState>Present</SensorState></Trackpoint><Trackpoint><Time>2025-07-16T10:45:26.080Z</Time><DistanceMeters>325.0</DistanceMeters><HeartRateBpm><Value>126</Value></HeartRateBpm><SensorState>Present</SensorState></Trackpoint><Trackpoint><Time>2025-07-16T10:45:27.080Z</Time><DistanceMeters>325.0</DistanceMeters><HeartRateBpm><Value>126</Value></HeartRateBpm><SensorState>Present</SensorState></Trackpoint><Trackpoint><Time>2025-07-16T10:45:28.080Z</Time><DistanceMeters>325.0</DistanceMeters><HeartRateBpm><Value>125</Value></HeartRateBpm><SensorState>Present</SensorState></Trackpoint><Trackpoint><Time>2025-07-16T10:45:29.080Z</Time><DistanceMeters>325.0</DistanceMeters><HeartRateBpm><Value>124</Value></HeartRateBpm><SensorState>Present</SensorState></Trackpoint><Trackpoint><Time>2025-07-16T10:45:30.080Z</Time><DistanceMeters>325.0</DistanceMeters><HeartRateBpm><Value>122</Value></HeartRateBpm><SensorState>Present</SensorState></Trackpoint><Trackpoint><Time>2025-07-16T10:45:31.080Z</Time><DistanceMeters>325.0</DistanceMeters><HeartRateBpm><Value>122</Value></HeartRateBpm><SensorState>Present</SensorState></Trackpoint><Trackpoint><Time>2025-07-16T10:45:32.080Z</Time><DistanceMeters>325.0</DistanceMeters><HeartRateBpm><Value>122</Value></HeartRateBpm><SensorState>Present</SensorState></Trackpoint><Trackpoint><Time>2025-07-16T10:45:33.080Z</Time><DistanceMeters>325.0</DistanceMeters><HeartRateBpm><Value>121</Value></HeartRateBpm><SensorState>Present</SensorState></Trackpoint><Trackpoint><Time>2025-07-16T10:45:34.080Z</Time><DistanceMeters>325.0</DistanceMeters><HeartRateBpm><Value>121</Value></HeartRateBpm><SensorState>Present</SensorState></Trackpoint><Trackpoint><Time>2025-07-16T10:45:35.080Z</Time><DistanceMeters>325.0</DistanceMeters><HeartRateBpm><Value>120</Value></HeartRateBpm><SensorState>Present</SensorState></Trackpoint><Trackpoint><Time>2025-07-16T10:45:36.080Z</Time><DistanceMeters>325.0</DistanceMeters><HeartRateBpm><Value>120</Value></HeartRateBpm><SensorState>Present</SensorState></Trackpoint><Trackpoint><Time>2025-07-16T10:45:37.080Z</Time><DistanceMeters>326.09170304404364</DistanceMeters><HeartRateBpm><Value>120</Value></HeartRateBpm><SensorState>Present</SensorState></Trackpoint><Trackpoint><Time>2025-07-16T10:45:38.080Z</Time><DistanceMeters>327.1834060880873</DistanceMeters><HeartRateBpm><Value>120</Value></HeartRateBpm><SensorState>Present</SensorState></Trackpoint><Trackpoint><Time>2025-07-16T10:45:39.080Z</Time><DistanceMeters>328.2751091321309</DistanceMeters><HeartRateBpm><Value>121</Value></HeartRateBpm><SensorState>Present</SensorState></Trackpoint><Trackpoint><Time>2025-07-16T10:45:40.080Z</Time><DistanceMeters>329.36681217617456</DistanceMeters><HeartRateBpm><Value>122</Value></HeartRateBpm><SensorState>Present</SensorState></Trackpoint><Trackpoint><Time>2025-07-16T10:45:41.080Z</Time><DistanceMeters>330.4585152202182</DistanceMeters><HeartRateBpm><Value>121</Value></HeartRateBpm><SensorState>Present</SensorState></Trackpoint><Trackpoint><Time>2025-07-16T10:45:42.080Z</Time><DistanceMeters>331.55021826426184</DistanceMeters><HeartRateBpm><Value>120</Value></HeartRateBpm><SensorState>Present</SensorState></Trackpoint><Trackpoint><Time>2025-07-16T10:45:43.080Z</Time><DistanceMeters>332.6419213083055</DistanceMeters><HeartRateBpm><Value>119</Value></HeartRateBpm><SensorState>Present</SensorState></Trackpoint><Trackpoint><Time>2025-07-16T10:45:44.080Z</Time><DistanceMeters>333.7336243523491</DistanceMeters><HeartRateBpm><Value>119</Value></HeartRateBpm><SensorState>Present</SensorState></Trackpoint><Trackpoint><Time>2025-07-16T10:45:45.080Z</Time><DistanceMeters>334.82532739639277</DistanceMeters><HeartRateBpm><Value>118</Value></HeartRateBpm><SensorState>Present</SensorState></Trackpoint><Trackpoint><Time>2025-07-16T10:45:46.080Z</Time><DistanceMeters>335.9170304404364</DistanceMeters><HeartRateBpm><Value>118</Value></HeartRateBpm><SensorState>Present</SensorState></Trackpoint><Trackpoint><Time>2025-07-16T10:45:47.080Z</Time><DistanceMeters>350.0</DistanceMeters><HeartRateBpm><Value>118</Value></HeartRateBpm><SensorState>Present</SensorState></Trackpoint><Trackpoint><Time>2025-07-16T10:45:48.080Z</Time><DistanceMeters>350.0</DistanceMeters><HeartRateBpm><Value>118</Value></HeartRateBpm><SensorState>Present</SensorState></Trackpoint><Trackpoint><Time>2025-07-16T10:45:49.080Z</Time><DistanceMeters>350.0</DistanceMeters><HeartRateBpm><Value>118</Value></HeartRateBpm><SensorState>Present</SensorState></Trackpoint><Trackpoint><Time>2025-07-16T10:45:50.080Z</Time><DistanceMeters>350.0</DistanceMeters><HeartRateBpm><Value>118</Value></HeartRateBpm><SensorState>Present</SensorState></Trackpoint><Trackpoint><Time>2025-07-16T10:45:51.080Z</Time><DistanceMeters>350.0</DistanceMeters><HeartRateBpm><Value>118</Value></HeartRateBpm><SensorState>Present</SensorState></Trackpoint><Trackpoint><Time>2025-07-16T10:45:52.080Z</Time><DistanceMeters>350.0</DistanceMeters><HeartRateBpm><Value>118</Value></HeartRateBpm><SensorState>Present</SensorState></Trackpoint><Trackpoint><Time>2025-07-16T10:45:53.080Z</Time><DistanceMeters>350.0</DistanceMeters><HeartRateBpm><Value>118</Value></HeartRateBpm><SensorState>Present</SensorState></Trackpoint><Trackpoint><Time>2025-07-16T10:45:54.080Z</Time><DistanceMeters>350.0</DistanceMeters><HeartRateBpm><Value>119</Value></HeartRateBpm><SensorState>Present</SensorState></Trackpoint><Trackpoint><Time>2025-07-16T10:45:55.080Z</Time><DistanceMeters>350.0</DistanceMeters><HeartRateBpm><Value>120</Value></HeartRateBpm><SensorState>Present</SensorState></Trackpoint><Trackpoint><Time>2025-07-16T10:45:56.080Z</Time><DistanceMeters>350.0</DistanceMeters><HeartRateBpm><Value>122</Value></HeartRateBpm><SensorState>Present</SensorState></Trackpoint><Trackpoint><Time>2025-07-16T10:45:57.080Z</Time><DistanceMeters>350.0</DistanceMeters><HeartRateBpm><Value>123</Value></HeartRateBpm><SensorState>Present</SensorState></Trackpoint><Trackpoint><Time>2025-07-16T10:45:58.080Z</Time><DistanceMeters>350.0</DistanceMeters><HeartRateBpm><Value>123</Value></HeartRateBpm><SensorState>Present</SensorState></Trackpoint><Trackpoint><Time>2025-07-16T10:45:59.080Z</Time><DistanceMeters>350.0</DistanceMeters><HeartRateBpm><Value>124</Value></HeartRateBpm><SensorState>Present</SensorState></Trackpoint><Trackpoint><Time>2025-07-16T10:46:00.080Z</Time><DistanceMeters>350.0</DistanceMeters><HeartRateBpm><Value>124</Value></HeartRateBpm><SensorState>Present</SensorState></Trackpoint><Trackpoint><Time>2025-07-16T10:46:01.080Z</Time><DistanceMeters>350.0</DistanceMeters><HeartRateBpm><Value>125</Value></HeartRateBpm><SensorState>Present</SensorState></Trackpoint><Trackpoint><Time>2025-07-16T10:46:02.080Z</Time><DistanceMeters>350.0</DistanceMeters><HeartRateBpm><Value>125</Value></HeartRateBpm><SensorState>Present</SensorState></Trackpoint><Trackpoint><Time>2025-07-16T10:46:03.080Z</Time><DistanceMeters>350.0</DistanceMeters><HeartRateBpm><Value>125</Value></HeartRateBpm><SensorState>Present</SensorState></Trackpoint><Trackpoint><Time>2025-07-16T10:46:04.080Z</Time><DistanceMeters>350.0</DistanceMeters><HeartRateBpm><Value>125</Value></HeartRateBpm><SensorState>Present</SensorState></Trackpoint><Trackpoint><Time>2025-07-16T10:46:05.080Z</Time><DistanceMeters>350.0</DistanceMeters><HeartRateBpm><Value>124</Value></HeartRateBpm><SensorState>Present</SensorState></Trackpoint><Trackpoint><Time>2025-07-16T10:46:06.080Z</Time><DistanceMeters>351.09170304404364</DistanceMeters><HeartRateBpm><Value>125</Value></HeartRateBpm><SensorState>Present</SensorState></Trackpoint><Trackpoint><Time>2025-07-16T10:46:07.080Z</Time><DistanceMeters>352.1834060880873</DistanceMeters><HeartRateBpm><Value>125</Value></HeartRateBpm><SensorState>Present</SensorState></Trackpoint><Trackpoint><Time>2025-07-16T10:46:08.080Z</Time><DistanceMeters>353.2751091321309</DistanceMeters><HeartRateBpm><Value>125</Value></HeartRateBpm><SensorState>Present</SensorState></Trackpoint><Trackpoint><Time>2025-07-16T10:46:09.080Z</Time><DistanceMeters>354.36681217617456</DistanceMeters><HeartRateBpm><Value>125</Value></HeartRateBpm><SensorState>Present</SensorState></Trackpoint><Trackpoint><Time>2025-07-16T10:46:10.080Z</Time><DistanceMeters>355.4585152202182</DistanceMeters><HeartRateBpm><Value>125</Value></HeartRateBpm><SensorState>Present</SensorState></Trackpoint><Trackpoint><Time>2025-07-16T10:46:11.080Z</Time><DistanceMeters>356.55021826426184</DistanceMeters><HeartRateBpm><Value>125</Value></HeartRateBpm><SensorState>Present</SensorState></Trackpoint><Trackpoint><Time>2025-07-16T10:46:12.080Z</Time><DistanceMeters>357.6419213083055</DistanceMeters><HeartRateBpm><Value>125</Value></HeartRateBpm><SensorState>Present</SensorState></Trackpoint><Trackpoint><Time>2025-07-16T10:46:13.080Z</Time><DistanceMeters>358.7336243523491</DistanceMeters><HeartRateBpm><Value>124</Value></HeartRateBpm><SensorState>Present</SensorState></Trackpoint><Trackpoint><Time>2025-07-16T10:46:14.080Z</Time><DistanceMeters>359.82532739639277</DistanceMeters><HeartRateBpm><Value>124</Value></HeartRateBpm><SensorState>Present</SensorState></Trackpoint><Trackpoint><Time>2025-07-16T10:46:15.080Z</Time><DistanceMeters>360.9170304404364</DistanceMeters><HeartRateBpm><Value>124</Value></HeartRateBpm><SensorState>Present</SensorState></Trackpoint><Trackpoint><Time>2025-07-16T10:46:16.080Z</Time><DistanceMeters>375.0</DistanceMeters><HeartRateBpm><Value>123</Value></HeartRateBpm><SensorState>Present</SensorState></Trackpoint><Trackpoint><Time>2025-07-16T10:46:17.080Z</Time><DistanceMeters>375.0</DistanceMeters><HeartRateBpm><Value>123</Value></HeartRateBpm><SensorState>Present</SensorState></Trackpoint><Trackpoint><Time>2025-07-16T10:46:18.080Z</Time><DistanceMeters>375.0</DistanceMeters><HeartRateBpm><Value>123</Value></HeartRateBpm><SensorState>Present</SensorState></Trackpoint><Trackpoint><Time>2025-07-16T10:46:19.080Z</Time><DistanceMeters>375.0</DistanceMeters><HeartRateBpm><Value>122</Value></HeartRateBpm><SensorState>Present</SensorState></Trackpoint><Trackpoint><Time>2025-07-16T10:46:20.080Z</Time><DistanceMeters>375.0</DistanceMeters><HeartRateBpm><Value>122</Value></HeartRateBpm><SensorState>Present</SensorState></Trackpoint><Trackpoint><Time>2025-07-16T10:46:21.080Z</Time><DistanceMeters>375.0</DistanceMeters><HeartRateBpm><Value>122</Value></HeartRateBpm><SensorState>Present</SensorState></Trackpoint><Trackpoint><Time>2025-07-16T10:46:22.080Z</Time><DistanceMeters>375.0</DistanceMeters><HeartRateBpm><Value>121</Value></HeartRateBpm><SensorState>Present</SensorState></Trackpoint><Trackpoint><Time>2025-07-16T10:46:23.080Z</Time><DistanceMeters>375.0</DistanceMeters><HeartRateBpm><Value>121</Value></HeartRateBpm><SensorState>Present</SensorState></Trackpoint><Trackpoint><Time>2025-07-16T10:46:24.080Z</Time><DistanceMeters>375.0</DistanceMeters><HeartRateBpm><Value>120</Value></HeartRateBpm><SensorState>Present</SensorState></Trackpoint><Trackpoint><Time>2025-07-16T10:46:25.080Z</Time><DistanceMeters>375.0</DistanceMeters><HeartRateBpm><Value>119</Value></HeartRateBpm><SensorState>Present</SensorState></Trackpoint><Trackpoint><Time>2025-07-16T10:46:26.080Z</Time><DistanceMeters>375.0</DistanceMeters><HeartRateBpm><Value>118</Value></HeartRateBpm><SensorState>Present</SensorState></Trackpoint><Trackpoint><Time>2025-07-16T10:46:27.080Z</Time><DistanceMeters>375.0</DistanceMeters><HeartRateBpm><Value>117</Value></HeartRateBpm><SensorState>Present</SensorState></Trackpoint><Trackpoint><Time>2025-07-16T10:46:28.080Z</Time><DistanceMeters>375.0</DistanceMeters><HeartRateBpm><Value>117</Value></HeartRateBpm><SensorState>Present</SensorState></Trackpoint><Trackpoint><Time>2025-07-16T10:46:29.080Z</Time><DistanceMeters>375.0</DistanceMeters><HeartRateBpm><Value>117</Value></HeartRateBpm><SensorState>Present</SensorState></Trackpoint><Trackpoint><Time>2025-07-16T10:46:30.080Z</Time><DistanceMeters>375.0</DistanceMeters><HeartRateBpm><Value>116</Value></HeartRateBpm><SensorState>Present</SensorState></Trackpoint><Trackpoint><Time>2025-07-16T10:46:31.080Z</Time><DistanceMeters>375.0</DistanceMeters><HeartRateBpm><Value>116</Value></HeartRateBpm><SensorState>Present</SensorState></Trackpoint><Trackpoint><Time>2025-07-16T10:46:32.080Z</Time><DistanceMeters>375.0</DistanceMeters><HeartRateBpm><Value>115</Value></HeartRateBpm><SensorState>Present</SensorState></Trackpoint><Trackpoint><Time>2025-07-16T10:46:33.080Z</Time><DistanceMeters>375.0</DistanceMeters><HeartRateBpm><Value>115</Value></HeartRateBpm><SensorState>Present</SensorState></Trackpoint><Trackpoint><Time>2025-07-16T10:46:34.080Z</Time><DistanceMeters>375.0</DistanceMeters><HeartRateBpm><Value>114</Value></HeartRateBpm><SensorState>Present</SensorState></Trackpoint><Trackpoint><Time>2025-07-16T10:46:35.080Z</Time><DistanceMeters>375.0</DistanceMeters><HeartRateBpm><Value>114</Value></HeartRateBpm><SensorState>Present</SensorState></Trackpoint><Trackpoint><Time>2025-07-16T10:46:36.080Z</Time><DistanceMeters>376.09170304404364</DistanceMeters><HeartRateBpm><Value>113</Value></HeartRateBpm><SensorState>Present</SensorState></Trackpoint><Trackpoint><Time>2025-07-16T10:46:37.080Z</Time><DistanceMeters>377.1834060880873</DistanceMeters><HeartRateBpm><Value>113</Value></HeartRateBpm><SensorState>Present</SensorState></Trackpoint><Trackpoint><Time>2025-07-16T10:46:38.080Z</Time><DistanceMeters>378.2751091321309</DistanceMeters><HeartRateBpm><Value>113</Value></HeartRateBpm><SensorState>Present</SensorState></Trackpoint><Trackpoint><Time>2025-07-16T10:46:39.080Z</Time><DistanceMeters>379.36681217617456</DistanceMeters><HeartRateBpm><Value>112</Value></HeartRateBpm><SensorState>Present</SensorState></Trackpoint><Trackpoint><Time>2025-07-16T10:46:40.080Z</Time><DistanceMeters>380.4585152202182</DistanceMeters><HeartRateBpm><Value>112</Value></HeartRateBpm><SensorState>Present</SensorState></Trackpoint><Trackpoint><Time>2025-07-16T10:46:41.080Z</Time><DistanceMeters>381.55021826426184</DistanceMeters><HeartRateBpm><Value>112</Value></HeartRateBpm><SensorState>Present</SensorState></Trackpoint><Trackpoint><Time>2025-07-16T10:46:42.080Z</Time><DistanceMeters>382.6419213083055</DistanceMeters><HeartRateBpm><Value>111</Value></HeartRateBpm><SensorState>Present</SensorState></Trackpoint><Trackpoint><Time>2025-07-16T10:46:43.080Z</Time><DistanceMeters>383.7336243523491</DistanceMeters><HeartRateBpm><Value>111</Value></HeartRateBpm><SensorState>Present</SensorState></Trackpoint><Trackpoint><Time>2025-07-16T10:46:44.080Z</Time><DistanceMeters>384.82532739639277</DistanceMeters><HeartRateBpm><Value>110</Value></HeartRateBpm><SensorState>Present</SensorState></Trackpoint><Trackpoint><Time>2025-07-16T10:46:45.080Z</Time><DistanceMeters>385.9170304404364</DistanceMeters><HeartRateBpm><Value>110</Value></HeartRateBpm><SensorState>Present</SensorState></Trackpoint><Trackpoint><Time>2025-07-16T10:46:46.080Z</Time><DistanceMeters>400.0</DistanceMeters><HeartRateBpm><Value>109</Value></HeartRateBpm><SensorState>Present</SensorState></Trackpoint><Trackpoint><Time>2025-07-16T10:46:47.080Z</Time><DistanceMeters>400.0</DistanceMeters><HeartRateBpm><Value>109</Value></HeartRateBpm><SensorState>Present</SensorState></Trackpoint><Trackpoint><Time>2025-07-16T10:46:48.080Z</Time><DistanceMeters>400.0</DistanceMeters><HeartRateBpm><Value>108</Value></HeartRateBpm><SensorState>Present</SensorState></Trackpoint><Trackpoint><Time>2025-07-16T10:46:49.080Z</Time><DistanceMeters>400.0</DistanceMeters><HeartRateBpm><Value>108</Value></HeartRateBpm><SensorState>Present</SensorState></Trackpoint><Trackpoint><Time>2025-07-16T10:46:50.080Z</Time><DistanceMeters>400.0</DistanceMeters><HeartRateBpm><Value>108</Value></HeartRateBpm><SensorState>Present</SensorState></Trackpoint><Trackpoint><Time>2025-07-16T10:46:51.080Z</Time><DistanceMeters>400.0</DistanceMeters><HeartRateBpm><Value>108</Value></HeartRateBpm><SensorState>Present</SensorState></Trackpoint><Trackpoint><Time>2025-07-16T10:46:52.080Z</Time><DistanceMeters>400.0</DistanceMeters><HeartRateBpm><Value>108</Value></HeartRateBpm><SensorState>Present</SensorState></Trackpoint><Trackpoint><Time>2025-07-16T10:46:53.080Z</Time><DistanceMeters>400.0</DistanceMeters><HeartRateBpm><Value>108</Value></HeartRateBpm><SensorState>Present</SensorState></Trackpoint><Trackpoint><Time>2025-07-16T10:46:54.080Z</Time><DistanceMeters>400.0</DistanceMeters><HeartRateBpm><Value>108</Value></HeartRateBpm><SensorState>Present</SensorState></Trackpoint><Trackpoint><Time>2025-07-16T10:46:55.080Z</Time><DistanceMeters>400.0</DistanceMeters><HeartRateBpm><Value>108</Value></HeartRateBpm><SensorState>Present</SensorState></Trackpoint><Trackpoint><Time>2025-07-16T10:46:56.080Z</Time><DistanceMeters>400.0</DistanceMeters><HeartRateBpm><Value>108</Value></HeartRateBpm><SensorState>Present</SensorState></Trackpoint><Trackpoint><Time>2025-07-16T10:46:57.080Z</Time><DistanceMeters>400.0</DistanceMeters><HeartRateBpm><Value>109</Value></HeartRateBpm><SensorState>Present</SensorState></Trackpoint><Trackpoint><Time>2025-07-16T10:46:58.080Z</Time><DistanceMeters>400.0</DistanceMeters><HeartRateBpm><Value>108</Value></HeartRateBpm><SensorState>Present</SensorState></Trackpoint><Trackpoint><Time>2025-07-16T10:46:59.080Z</Time><DistanceMeters>400.0</DistanceMeters><HeartRateBpm><Value>108</Value></HeartRateBpm><SensorState>Present</SensorState></Trackpoint><Trackpoint><Time>2025-07-16T10:47:00.080Z</Time><DistanceMeters>400.0</DistanceMeters><HeartRateBpm><Value>108</Value></HeartRateBpm><SensorState>Present</SensorState></Trackpoint><Trackpoint><Time>2025-07-16T10:47:01.080Z</Time><DistanceMeters>400.0</DistanceMeters><HeartRateBpm><Value>108</Value></HeartRateBpm><SensorState>Present</SensorState></Trackpoint><Trackpoint><Time>2025-07-16T10:47:02.080Z</Time><DistanceMeters>400.0</DistanceMeters><HeartRateBpm><Value>109</Value></HeartRateBpm><SensorState>Present</SensorState></Trackpoint><Trackpoint><Time>2025-07-16T10:47:03.080Z</Time><DistanceMeters>400.0</DistanceMeters><HeartRateBpm><Value>108</Value></HeartRateBpm><SensorState>Present</SensorState></Trackpoint><Trackpoint><Time>2025-07-16T10:47:04.080Z</Time><DistanceMeters>400.0</DistanceMeters><HeartRateBpm><Value>106</Value></HeartRateBpm><SensorState>Present</SensorState></Trackpoint><Trackpoint><Time>2025-07-16T10:47:05.080Z</Time><DistanceMeters>400.0</DistanceMeters><HeartRateBpm><Value>104</Value></HeartRateBpm><SensorState>Present</SensorState></Trackpoint><Trackpoint><Time>2025-07-16T10:47:06.080Z</Time><DistanceMeters>400.0</DistanceMeters><HeartRateBpm><Value>102</Value></HeartRateBpm><SensorState>Present</SensorState></Trackpoint><Trackpoint><Time>2025-07-16T10:47:07.080Z</Time><DistanceMeters>400.0</DistanceMeters><HeartRateBpm><Value>103</Value></HeartRateBpm><SensorState>Present</SensorState></Trackpoint><Trackpoint><Time>2025-07-16T10:47:08.080Z</Time><DistanceMeters>401.09170304404364</DistanceMeters><HeartRateBpm><Value>103</Value></HeartRateBpm><SensorState>Present</SensorState></Trackpoint><Trackpoint><Time>2025-07-16T10:47:09.080Z</Time><DistanceMeters>402.1834060880873</DistanceMeters><HeartRateBpm><Value>104</Value></HeartRateBpm><SensorState>Present</SensorState></Trackpoint><Trackpoint><Time>2025-07-16T10:47:10.080Z</Time><DistanceMeters>403.2751091321309</DistanceMeters><HeartRateBpm><Value>104</Value></HeartRateBpm><SensorState>Present</SensorState></Trackpoint><Trackpoint><Time>2025-07-16T10:47:11.080Z</Time><DistanceMeters>404.36681217617456</DistanceMeters><HeartRateBpm><Value>104</Value></HeartRateBpm><SensorState>Present</SensorState></Trackpoint><Trackpoint><Time>2025-07-16T10:47:12.080Z</Time><DistanceMeters>405.4585152202182</DistanceMeters><HeartRateBpm><Value>105</Value></HeartRateBpm><SensorState>Present</SensorState></Trackpoint><Trackpoint><Time>2025-07-16T10:47:13.080Z</Time><DistanceMeters>406.55021826426184</DistanceMeters><HeartRateBpm><Value>105</Value></HeartRateBpm><SensorState>Present</SensorState></Trackpoint><Trackpoint><Time>2025-07-16T10:47:14.080Z</Time><DistanceMeters>407.6419213083055</DistanceMeters><HeartRateBpm><Value>105</Value></HeartRateBpm><SensorState>Present</SensorState></Trackpoint><Trackpoint><Time>2025-07-16T10:47:15.080Z</Time><DistanceMeters>408.7336243523491</DistanceMeters><HeartRateBpm><Value>106</Value></HeartRateBpm><SensorState>Present</SensorState></Trackpoint><Trackpoint><Time>2025-07-16T10:47:16.080Z</Time><DistanceMeters>409.82532739639277</DistanceMeters><HeartRateBpm><Value>108</Value></HeartRateBpm><SensorState>Present</SensorState></Trackpoint><Trackpoint><Time>2025-07-16T10:47:17.080Z</Time><DistanceMeters>410.9170304404364</DistanceMeters><HeartRateBpm><Value>109</Value></HeartRateBpm><SensorState>Present</SensorState></Trackpoint><Trackpoint><Time>2025-07-16T10:47:18.080Z</Time><DistanceMeters>425.0</DistanceMeters><HeartRateBpm><Value>107</Value></HeartRateBpm><SensorState>Present</SensorState></Trackpoint><Trackpoint><Time>2025-07-16T10:47:19.080Z</Time><DistanceMeters>425.0</DistanceMeters><HeartRateBpm><Value>105</Value></HeartRateBpm><SensorState>Present</SensorState></Trackpoint><Trackpoint><Time>2025-07-16T10:47:20.080Z</Time><DistanceMeters>425.0</DistanceMeters><HeartRateBpm><Value>103</Value></HeartRateBpm><SensorState>Present</SensorState></Trackpoint><Trackpoint><Time>2025-07-16T10:47:21.080Z</Time><DistanceMeters>425.0</DistanceMeters><HeartRateBpm><Value>101</Value></HeartRateBpm><SensorState>Present</SensorState></Trackpoint><Trackpoint><Time>2025-07-16T10:47:22.080Z</Time><DistanceMeters>425.0</DistanceMeters><HeartRateBpm><Value>99</Value></HeartRateBpm><SensorState>Present</SensorState></Trackpoint><Trackpoint><Time>2025-07-16T10:47:23.080Z</Time><DistanceMeters>425.0</DistanceMeters><HeartRateBpm><Value>98</Value></HeartRateBpm><SensorState>Present</SensorState></Trackpoint><Trackpoint><Time>2025-07-16T10:47:24.080Z</Time><DistanceMeters>425.0</DistanceMeters><HeartRateBpm><Value>96</Value></HeartRateBpm><SensorState>Present</SensorState></Trackpoint><Trackpoint><Time>2025-07-16T10:47:25.080Z</Time><DistanceMeters>425.0</DistanceMeters><HeartRateBpm><Value>95</Value></HeartRateBpm><SensorState>Present</SensorState></Trackpoint><Trackpoint><Time>2025-07-16T10:47:26.080Z</Time><DistanceMeters>425.0</DistanceMeters><HeartRateBpm><Value>96</Value></HeartRateBpm><SensorState>Present</SensorState></Trackpoint><Trackpoint><Time>2025-07-16T10:47:27.080Z</Time><DistanceMeters>425.0</DistanceMeters><HeartRateBpm><Value>96</Value></HeartRateBpm><SensorState>Present</SensorState></Trackpoint><Trackpoint><Time>2025-07-16T10:47:28.080Z</Time><DistanceMeters>425.0</DistanceMeters><HeartRateBpm><Value>96</Value></HeartRateBpm><SensorState>Present</SensorState></Trackpoint><Trackpoint><Time>2025-07-16T10:47:29.080Z</Time><DistanceMeters>425.0</DistanceMeters><HeartRateBpm><Value>97</Value></HeartRateBpm><SensorState>Present</SensorState></Trackpoint><Trackpoint><Time>2025-07-16T10:47:30.080Z</Time><DistanceMeters>425.0</DistanceMeters><HeartRateBpm><Value>98</Value></HeartRateBpm><SensorState>Present</SensorState></Trackpoint><Trackpoint><Time>2025-07-16T10:47:31.080Z</Time><DistanceMeters>425.0</DistanceMeters><HeartRateBpm><Value>98</Value></HeartRateBpm><SensorState>Present</SensorState></Trackpoint><Trackpoint><Time>2025-07-16T10:47:32.080Z</Time><DistanceMeters>425.0</DistanceMeters><HeartRateBpm><Value>98</Value></HeartRateBpm><SensorState>Present</SensorState></Trackpoint><Trackpoint><Time>2025-07-16T10:47:33.080Z</Time><DistanceMeters>425.0</DistanceMeters><HeartRateBpm><Value>99</Value></HeartRateBpm><SensorState>Present</SensorState></Trackpoint><Trackpoint><Time>2025-07-16T10:47:34.080Z</Time><DistanceMeters>425.0</DistanceMeters><HeartRateBpm><Value>99</Value></HeartRateBpm><SensorState>Present</SensorState></Trackpoint><Trackpoint><Time>2025-07-16T10:47:35.080Z</Time><DistanceMeters>425.0</DistanceMeters><HeartRateBpm><Value>99</Value></HeartRateBpm><SensorState>Present</SensorState></Trackpoint><Trackpoint><Time>2025-07-16T10:47:36.080Z</Time><DistanceMeters>425.0</DistanceMeters><HeartRateBpm><Value>100</Value></HeartRateBpm><SensorState>Present</SensorState></Trackpoint><Trackpoint><Time>2025-07-16T10:47:37.080Z</Time><DistanceMeters>426.09170304404364</DistanceMeters><HeartRateBpm><Value>100</Value></HeartRateBpm><SensorState>Present</SensorState></Trackpoint><Trackpoint><Time>2025-07-16T10:47:38.080Z</Time><DistanceMeters>427.1834060880873</DistanceMeters><HeartRateBpm><Value>101</Value></HeartRateBpm><SensorState>Present</SensorState></Trackpoint><Trackpoint><Time>2025-07-16T10:47:39.080Z</Time><DistanceMeters>428.2751091321309</DistanceMeters><HeartRateBpm><Value>101</Value></HeartRateBpm><SensorState>Present</SensorState></Trackpoint><Trackpoint><Time>2025-07-16T10:47:40.080Z</Time><DistanceMeters>429.36681217617456</DistanceMeters><HeartRateBpm><Value>102</Value></HeartRateBpm><SensorState>Present</SensorState></Trackpoint><Trackpoint><Time>2025-07-16T10:47:41.080Z</Time><DistanceMeters>430.4585152202182</DistanceMeters><HeartRateBpm><Value>103</Value></HeartRateBpm><SensorState>Present</SensorState></Trackpoint><Trackpoint><Time>2025-07-16T10:47:42.080Z</Time><DistanceMeters>431.55021826426184</DistanceMeters><HeartRateBpm><Value>103</Value></HeartRateBpm><SensorState>Present</SensorState></Trackpoint><Trackpoint><Time>2025-07-16T10:47:43.080Z</Time><DistanceMeters>432.6419213083055</DistanceMeters><HeartRateBpm><Value>104</Value></HeartRateBpm><SensorState>Present</SensorState></Trackpoint><Trackpoint><Time>2025-07-16T10:47:44.080Z</Time><DistanceMeters>433.7336243523491</DistanceMeters><HeartRateBpm><Value>104</Value></HeartRateBpm><SensorState>Present</SensorState></Trackpoint><Trackpoint><Time>2025-07-16T10:47:45.080Z</Time><DistanceMeters>434.82532739639277</DistanceMeters><HeartRateBpm><Value>105</Value></HeartRateBpm><SensorState>Present</SensorState></Trackpoint><Trackpoint><Time>2025-07-16T10:47:46.080Z</Time><DistanceMeters>435.9170304404364</DistanceMeters><HeartRateBpm><Value>106</Value></HeartRateBpm><SensorState>Present</SensorState></Trackpoint><Trackpoint><Time>2025-07-16T10:47:47.080Z</Time><DistanceMeters>450.0</DistanceMeters><HeartRateBpm><Value>107</Value></HeartRateBpm><SensorState>Present</SensorState></Trackpoint><Trackpoint><Time>2025-07-16T10:47:48.080Z</Time><DistanceMeters>450.0</DistanceMeters><HeartRateBpm><Value>107</Value></HeartRateBpm><SensorState>Present</SensorState></Trackpoint><Trackpoint><Time>2025-07-16T10:47:49.080Z</Time><DistanceMeters>450.0</DistanceMeters><HeartRateBpm><Value>108</Value></HeartRateBpm><SensorState>Present</SensorState></Trackpoint><Trackpoint><Time>2025-07-16T10:47:50.080Z</Time><DistanceMeters>450.0</DistanceMeters><HeartRateBpm><Value>109</Value></HeartRateBpm><SensorState>Present</SensorState></Trackpoint><Trackpoint><Time>2025-07-16T10:47:51.080Z</Time><DistanceMeters>450.0</DistanceMeters><HeartRateBpm><Value>109</Value></HeartRateBpm><SensorState>Present</SensorState></Trackpoint><Trackpoint><Time>2025-07-16T10:47:52.080Z</Time><DistanceMeters>450.0</DistanceMeters><HeartRateBpm><Value>109</Value></HeartRateBpm><SensorState>Present</SensorState></Trackpoint><Trackpoint><Time>2025-07-16T10:47:53.080Z</Time><DistanceMeters>450.0</DistanceMeters><HeartRateBpm><Value>110</Value></HeartRateBpm><SensorState>Present</SensorState></Trackpoint><Trackpoint><Time>2025-07-16T10:47:54.080Z</Time><DistanceMeters>450.0</DistanceMeters><HeartRateBpm><Value>110</Value></HeartRateBpm><SensorState>Present</SensorState></Trackpoint><Trackpoint><Time>2025-07-16T10:47:55.080Z</Time><DistanceMeters>450.0</DistanceMeters><HeartRateBpm><Value>110</Value></HeartRateBpm><SensorState>Present</SensorState></Trackpoint><Trackpoint><Time>2025-07-16T10:47:56.080Z</Time><DistanceMeters>450.0</DistanceMeters><HeartRateBpm><Value>111</Value></HeartRateBpm><SensorState>Present</SensorState></Trackpoint><Trackpoint><Time>2025-07-16T10:47:57.080Z</Time><DistanceMeters>450.0</DistanceMeters><HeartRateBpm><Value>112</Value></HeartRateBpm><SensorState>Present</SensorState></Trackpoint><Trackpoint><Time>2025-07-16T10:47:58.080Z</Time><DistanceMeters>450.0</DistanceMeters><HeartRateBpm><Value>112</Value></HeartRateBpm><SensorState>Present</SensorState></Trackpoint><Trackpoint><Time>2025-07-16T10:47:59.080Z</Time><DistanceMeters>450.0</DistanceMeters><HeartRateBpm><Value>113</Value></HeartRateBpm><SensorState>Present</SensorState></Trackpoint><Trackpoint><Time>2025-07-16T10:48:00.080Z</Time><DistanceMeters>450.0</DistanceMeters><HeartRateBpm><Value>113</Value></HeartRateBpm><SensorState>Present</SensorState></Trackpoint><Trackpoint><Time>2025-07-16T10:48:01.080Z</Time><DistanceMeters>450.0</DistanceMeters><HeartRateBpm><Value>113</Value></HeartRateBpm><SensorState>Present</SensorState></Trackpoint><Trackpoint><Time>2025-07-16T10:48:02.080Z</Time><DistanceMeters>450.0</DistanceMeters><HeartRateBpm><Value>114</Value></HeartRateBpm><SensorState>Present</SensorState></Trackpoint><Trackpoint><Time>2025-07-16T10:48:03.080Z</Time><DistanceMeters>450.0</DistanceMeters><HeartRateBpm><Value>115</Value></HeartRateBpm><SensorState>Present</SensorState></Trackpoint><Trackpoint><Time>2025-07-16T10:48:04.080Z</Time><DistanceMeters>450.0</DistanceMeters><HeartRateBpm><Value>115</Value></HeartRateBpm><SensorState>Present</SensorState></Trackpoint><Trackpoint><Time>2025-07-16T10:48:05.080Z</Time><DistanceMeters>450.0</DistanceMeters><HeartRateBpm><Value>116</Value></HeartRateBpm><SensorState>Present</SensorState></Trackpoint><Trackpoint><Time>2025-07-16T10:48:06.080Z</Time><DistanceMeters>450.0</DistanceMeters><HeartRateBpm><Value>116</Value></HeartRateBpm><SensorState>Present</SensorState></Trackpoint><Trackpoint><Time>2025-07-16T10:48:07.080Z</Time><DistanceMeters>450.0</DistanceMeters><HeartRateBpm><Value>117</Value></HeartRateBpm><SensorState>Present</SensorState></Trackpoint><Trackpoint><Time>2025-07-16T10:48:08.080Z</Time><DistanceMeters>450.0</DistanceMeters><HeartRateBpm><Value>117</Value></HeartRateBpm><SensorState>Present</SensorState></Trackpoint><Trackpoint><Time>2025-07-16T10:48:09.080Z</Time><DistanceMeters>451.09170304404364</DistanceMeters><HeartRateBpm><Value>117</Value></HeartRateBpm><SensorState>Present</SensorState></Trackpoint><Trackpoint><Time>2025-07-16T10:48:10.080Z</Time><DistanceMeters>452.1834060880873</DistanceMeters><HeartRateBpm><Value>118</Value></HeartRateBpm><SensorState>Present</SensorState></Trackpoint><Trackpoint><Time>2025-07-16T10:48:11.080Z</Time><DistanceMeters>453.2751091321309</DistanceMeters><HeartRateBpm><Value>118</Value></HeartRateBpm><SensorState>Present</SensorState></Trackpoint><Trackpoint><Time>2025-07-16T10:48:12.080Z</Time><DistanceMeters>454.36681217617456</DistanceMeters><HeartRateBpm><Value>119</Value></HeartRateBpm><SensorState>Present</SensorState></Trackpoint><Trackpoint><Time>2025-07-16T10:48:13.080Z</Time><DistanceMeters>455.4585152202182</DistanceMeters><HeartRateBpm><Value>120</Value></HeartRateBpm><SensorState>Present</SensorState></Trackpoint><Trackpoint><Time>2025-07-16T10:48:14.080Z</Time><DistanceMeters>456.55021826426184</DistanceMeters><HeartRateBpm><Value>121</Value></HeartRateBpm><SensorState>Present</SensorState></Trackpoint><Trackpoint><Time>2025-07-16T10:48:15.080Z</Time><DistanceMeters>457.6419213083055</DistanceMeters><HeartRateBpm><Value>122</Value></HeartRateBpm><SensorState>Present</SensorState></Trackpoint><Trackpoint><Time>2025-07-16T10:48:16.080Z</Time><DistanceMeters>458.7336243523491</DistanceMeters><HeartRateBpm><Value>122</Value></HeartRateBpm><SensorState>Present</SensorState></Trackpoint><Trackpoint><Time>2025-07-16T10:48:17.080Z</Time><DistanceMeters>459.82532739639277</DistanceMeters><HeartRateBpm><Value>122</Value></HeartRateBpm><SensorState>Present</SensorState></Trackpoint><Trackpoint><Time>2025-07-16T10:48:18.080Z</Time><DistanceMeters>460.9170304404364</DistanceMeters><HeartRateBpm><Value>123</Value></HeartRateBpm><SensorState>Present</SensorState></Trackpoint><Trackpoint><Time>2025-07-16T10:48:19.080Z</Time><DistanceMeters>475.0</DistanceMeters><HeartRateBpm><Value>124</Value></HeartRateBpm><SensorState>Present</SensorState></Trackpoint><Trackpoint><Time>2025-07-16T10:48:20.080Z</Time><DistanceMeters>475.0</DistanceMeters><HeartRateBpm><Value>124</Value></HeartRateBpm><SensorState>Present</SensorState></Trackpoint><Trackpoint><Time>2025-07-16T10:48:21.080Z</Time><DistanceMeters>475.0</DistanceMeters><HeartRateBpm><Value>123</Value></HeartRateBpm><SensorState>Present</SensorState></Trackpoint><Trackpoint><Time>2025-07-16T10:48:22.080Z</Time><DistanceMeters>475.0</DistanceMeters><HeartRateBpm><Value>123</Value></HeartRateBpm><SensorState>Present</SensorState></Trackpoint><Trackpoint><Time>2025-07-16T10:48:23.080Z</Time><DistanceMeters>475.0</DistanceMeters><HeartRateBpm><Value>122</Value></HeartRateBpm><SensorState>Present</SensorState></Trackpoint><Trackpoint><Time>2025-07-16T10:48:24.080Z</Time><DistanceMeters>475.0</DistanceMeters><HeartRateBpm><Value>122</Value></HeartRateBpm><SensorState>Present</SensorState></Trackpoint><Trackpoint><Time>2025-07-16T10:48:25.080Z</Time><DistanceMeters>475.0</DistanceMeters><HeartRateBpm><Value>122</Value></HeartRateBpm><SensorState>Present</SensorState></Trackpoint><Trackpoint><Time>2025-07-16T10:48:26.080Z</Time><DistanceMeters>475.0</DistanceMeters><HeartRateBpm><Value>122</Value></HeartRateBpm><SensorState>Present</SensorState></Trackpoint><Trackpoint><Time>2025-07-16T10:48:27.080Z</Time><DistanceMeters>475.0</DistanceMeters><HeartRateBpm><Value>121</Value></HeartRateBpm><SensorState>Present</SensorState></Trackpoint><Trackpoint><Time>2025-07-16T10:48:28.080Z</Time><DistanceMeters>475.0</DistanceMeters><HeartRateBpm><Value>122</Value></HeartRateBpm><SensorState>Present</SensorState></Trackpoint><Trackpoint><Time>2025-07-16T10:48:29.080Z</Time><DistanceMeters>475.0</DistanceMeters><HeartRateBpm><Value>123</Value></HeartRateBpm><SensorState>Present</SensorState></Trackpoint><Trackpoint><Time>2025-07-16T10:48:30.080Z</Time><DistanceMeters>475.0</DistanceMeters><HeartRateBpm><Value>123</Value></HeartRateBpm><SensorState>Present</SensorState></Trackpoint><Trackpoint><Time>2025-07-16T10:48:31.080Z</Time><DistanceMeters>475.0</DistanceMeters><HeartRateBpm><Value>122</Value></HeartRateBpm><SensorState>Present</SensorState></Trackpoint><Trackpoint><Time>2025-07-16T10:48:32.080Z</Time><DistanceMeters>475.0</DistanceMeters><HeartRateBpm><Value>122</Value></HeartRateBpm><SensorState>Present</SensorState></Trackpoint><Trackpoint><Time>2025-07-16T10:48:33.080Z</Time><DistanceMeters>475.0</DistanceMeters><HeartRateBpm><Value>122</Value></HeartRateBpm><SensorState>Present</SensorState></Trackpoint><Trackpoint><Time>2025-07-16T10:48:34.080Z</Time><DistanceMeters>475.0</DistanceMeters><HeartRateBpm><Value>122</Value></HeartRateBpm><SensorState>Present</SensorState></Trackpoint><Trackpoint><Time>2025-07-16T10:48:35.080Z</Time><DistanceMeters>475.0</DistanceMeters><HeartRateBpm><Value>123</Value></HeartRateBpm><SensorState>Present</SensorState></Trackpoint><Trackpoint><Time>2025-07-16T10:48:36.080Z</Time><DistanceMeters>475.0</DistanceMeters><HeartRateBpm><Value>122</Value></HeartRateBpm><SensorState>Present</SensorState></Trackpoint><Trackpoint><Time>2025-07-16T10:48:37.080Z</Time><DistanceMeters>475.0</DistanceMeters><HeartRateBpm><Value>121</Value></HeartRateBpm><SensorState>Present</SensorState></Trackpoint><Trackpoint><Time>2025-07-16T10:48:38.080Z</Time><DistanceMeters>475.0</DistanceMeters><HeartRateBpm><Value>120</Value></HeartRateBpm><SensorState>Present</SensorState></Trackpoint><Trackpoint><Time>2025-07-16T10:48:39.080Z</Time><DistanceMeters>475.0</DistanceMeters><HeartRateBpm><Value>120</Value></HeartRateBpm><SensorState>Present</SensorState></Trackpoint><Trackpoint><Time>2025-07-16T10:48:40.080Z</Time><DistanceMeters>476.09170304404364</DistanceMeters><HeartRateBpm><Value>120</Value></HeartRateBpm><SensorState>Present</SensorState></Trackpoint><Trackpoint><Time>2025-07-16T10:48:41.080Z</Time><DistanceMeters>477.1834060880873</DistanceMeters><HeartRateBpm><Value>120</Value></HeartRateBpm><SensorState>Present</SensorState></Trackpoint><Trackpoint><Time>2025-07-16T10:48:42.080Z</Time><DistanceMeters>478.2751091321309</DistanceMeters><HeartRateBpm><Value>121</Value></HeartRateBpm><SensorState>Present</SensorState></Trackpoint><Trackpoint><Time>2025-07-16T10:48:43.080Z</Time><DistanceMeters>479.36681217617456</DistanceMeters><HeartRateBpm><Value>121</Value></HeartRateBpm><SensorState>Present</SensorState></Trackpoint><Trackpoint><Time>2025-07-16T10:48:44.080Z</Time><DistanceMeters>480.4585152202182</DistanceMeters><HeartRateBpm><Value>121</Value></HeartRateBpm><SensorState>Present</SensorState></Trackpoint><Trackpoint><Time>2025-07-16T10:48:45.080Z</Time><DistanceMeters>481.55021826426184</DistanceMeters><HeartRateBpm><Value>122</Value></HeartRateBpm><SensorState>Present</SensorState></Trackpoint><Trackpoint><Time>2025-07-16T10:48:46.080Z</Time><DistanceMeters>482.6419213083055</DistanceMeters><HeartRateBpm><Value>122</Value></HeartRateBpm><SensorState>Present</SensorState></Trackpoint><Trackpoint><Time>2025-07-16T10:48:47.080Z</Time><DistanceMeters>483.7336243523491</DistanceMeters><HeartRateBpm><Value>122</Value></HeartRateBpm><SensorState>Present</SensorState></Trackpoint><Trackpoint><Time>2025-07-16T10:48:48.080Z</Time><DistanceMeters>484.82532739639277</DistanceMeters><HeartRateBpm><Value>122</Value></HeartRateBpm><SensorState>Present</SensorState></Trackpoint><Trackpoint><Time>2025-07-16T10:48:49.080Z</Time><DistanceMeters>485.9170304404364</DistanceMeters><HeartRateBpm><Value>122</Value></HeartRateBpm><SensorState>Present</SensorState></Trackpoint><Trackpoint><Time>2025-07-16T10:48:50.080Z</Time><DistanceMeters>500.0</DistanceMeters><HeartRateBpm><Value>123</Value></HeartRateBpm><SensorState>Present</SensorState></Trackpoint><Trackpoint><Time>2025-07-16T10:48:51.080Z</Time><DistanceMeters>500.0</DistanceMeters><HeartRateBpm><Value>123</Value></HeartRateBpm><SensorState>Present</SensorState></Trackpoint><Trackpoint><Time>2025-07-16T10:48:52.080Z</Time><DistanceMeters>500.0</DistanceMeters><HeartRateBpm><Value>123</Value></HeartRateBpm><SensorState>Present</SensorState></Trackpoint><Trackpoint><Time>2025-07-16T10:48:53.080Z</Time><DistanceMeters>500.0</DistanceMeters><HeartRateBpm><Value>124</Value></HeartRateBpm><SensorState>Present</SensorState></Trackpoint><Trackpoint><Time>2025-07-16T10:48:54.080Z</Time><DistanceMeters>500.0</DistanceMeters><HeartRateBpm><Value>124</Value></HeartRateBpm><SensorState>Present</SensorState></Trackpoint><Trackpoint><Time>2025-07-16T10:48:55.080Z</Time><DistanceMeters>500.0</DistanceMeters><HeartRateBpm><Value>125</Value></HeartRateBpm><SensorState>Present</SensorState></Trackpoint><Trackpoint><Time>2025-07-16T10:48:56.080Z</Time><DistanceMeters>500.0</DistanceMeters><HeartRateBpm><Value>125</Value></HeartRateBpm><SensorState>Present</SensorState></Trackpoint><Trackpoint><Time>2025-07-16T10:48:57.080Z</Time><DistanceMeters>500.0</DistanceMeters><HeartRateBpm><Value>126</Value></HeartRateBpm><SensorState>Present</SensorState></Trackpoint><Trackpoint><Time>2025-07-16T10:48:58.080Z</Time><DistanceMeters>500.0</DistanceMeters><HeartRateBpm><Value>127</Value></HeartRateBpm><SensorState>Present</SensorState></Trackpoint><Trackpoint><Time>2025-07-16T10:48:59.080Z</Time><DistanceMeters>500.0</DistanceMeters><HeartRateBpm><Value>127</Value></HeartRateBpm><SensorState>Present</SensorState></Trackpoint><Trackpoint><Time>2025-07-16T10:49:00.080Z</Time><DistanceMeters>500.0</DistanceMeters><HeartRateBpm><Value>127</Value></HeartRateBpm><SensorState>Present</SensorState></Trackpoint><Trackpoint><Time>2025-07-16T10:49:01.080Z</Time><DistanceMeters>500.0</DistanceMeters><HeartRateBpm><Value>127</Value></HeartRateBpm><SensorState>Present</SensorState></Trackpoint><Trackpoint><Time>2025-07-16T10:49:02.080Z</Time><DistanceMeters>500.0</DistanceMeters><HeartRateBpm><Value>127</Value></HeartRateBpm><SensorState>Present</SensorState></Trackpoint><Trackpoint><Time>2025-07-16T10:49:03.080Z</Time><DistanceMeters>500.0</DistanceMeters><HeartRateBpm><Value>127</Value></HeartRateBpm><SensorState>Present</SensorState></Trackpoint><Trackpoint><Time>2025-07-16T10:49:04.080Z</Time><DistanceMeters>500.0</DistanceMeters><HeartRateBpm><Value>127</Value></HeartRateBpm><SensorState>Present</SensorState></Trackpoint><Trackpoint><Time>2025-07-16T10:49:05.080Z</Time><DistanceMeters>500.0</DistanceMeters><HeartRateBpm><Value>127</Value></HeartRateBpm><SensorState>Present</SensorState></Trackpoint><Trackpoint><Time>2025-07-16T10:49:06.080Z</Time><DistanceMeters>500.0</DistanceMeters><HeartRateBpm><Value>127</Value></HeartRateBpm><SensorState>Present</SensorState></Trackpoint><Trackpoint><Time>2025-07-16T10:49:07.080Z</Time><DistanceMeters>500.0</DistanceMeters><HeartRateBpm><Value>127</Value></HeartRateBpm><SensorState>Present</SensorState></Trackpoint><Trackpoint><Time>2025-07-16T10:49:08.080Z</Time><DistanceMeters>500.0</DistanceMeters><HeartRateBpm><Value>127</Value></HeartRateBpm><SensorState>Present</SensorState></Trackpoint><Trackpoint><Time>2025-07-16T10:49:09.080Z</Time><DistanceMeters>500.0</DistanceMeters><HeartRateBpm><Value>128</Value></HeartRateBpm><SensorState>Present</SensorState></Trackpoint><Trackpoint><Time>2025-07-16T10:49:10.080Z</Time><DistanceMeters>500.0</DistanceMeters><HeartRateBpm><Value>128</Value></HeartRateBpm><SensorState>Present</SensorState></Trackpoint><Trackpoint><Time>2025-07-16T10:49:11.080Z</Time><DistanceMeters>500.0</DistanceMeters><HeartRateBpm><Value>128</Value></HeartRateBpm><SensorState>Present</SensorState></Trackpoint><Trackpoint><Time>2025-07-16T10:49:12.080Z</Time><DistanceMeters>501.09170304404364</DistanceMeters><HeartRateBpm><Value>128</Value></HeartRateBpm><SensorState>Present</SensorState></Trackpoint><Trackpoint><Time>2025-07-16T10:49:13.080Z</Time><DistanceMeters>502.1834060880873</DistanceMeters><HeartRateBpm><Value>128</Value></HeartRateBpm><SensorState>Present</SensorState></Trackpoint><Trackpoint><Time>2025-07-16T10:49:14.080Z</Time><DistanceMeters>503.2751091321309</DistanceMeters><HeartRateBpm><Value>128</Value></HeartRateBpm><SensorState>Present</SensorState></Trackpoint><Trackpoint><Time>2025-07-16T10:49:15.080Z</Time><DistanceMeters>504.36681217617456</DistanceMeters><HeartRateBpm><Value>128</Value></HeartRateBpm><SensorState>Present</SensorState></Trackpoint><Trackpoint><Time>2025-07-16T10:49:16.080Z</Time><DistanceMeters>505.4585152202182</DistanceMeters><HeartRateBpm><Value>129</Value></HeartRateBpm><SensorState>Present</SensorState></Trackpoint><Trackpoint><Time>2025-07-16T10:49:17.080Z</Time><DistanceMeters>506.55021826426184</DistanceMeters><HeartRateBpm><Value>129</Value></HeartRateBpm><SensorState>Present</SensorState></Trackpoint><Trackpoint><Time>2025-07-16T10:49:18.080Z</Time><DistanceMeters>507.6419213083055</DistanceMeters><HeartRateBpm><Value>129</Value></HeartRateBpm><SensorState>Present</SensorState></Trackpoint><Trackpoint><Time>2025-07-16T10:49:19.080Z</Time><DistanceMeters>508.7336243523491</DistanceMeters><HeartRateBpm><Value>129</Value></HeartRateBpm><SensorState>Present</SensorState></Trackpoint><Trackpoint><Time>2025-07-16T10:49:20.080Z</Time><DistanceMeters>509.82532739639277</DistanceMeters><HeartRateBpm><Value>129</Value></HeartRateBpm><SensorState>Present</SensorState></Trackpoint><Trackpoint><Time>2025-07-16T10:49:21.080Z</Time><DistanceMeters>510.9170304404364</DistanceMeters><HeartRateBpm><Value>129</Value></HeartRateBpm><SensorState>Present</SensorState></Trackpoint><Trackpoint><Time>2025-07-16T10:49:22.080Z</Time><DistanceMeters>525.0</DistanceMeters><HeartRateBpm><Value>129</Value></HeartRateBpm><SensorState>Present</SensorState></Trackpoint><Trackpoint><Time>2025-07-16T10:49:23.080Z</Time><DistanceMeters>525.0</DistanceMeters><HeartRateBpm><Value>129</Value></HeartRateBpm><SensorState>Present</SensorState></Trackpoint><Trackpoint><Time>2025-07-16T10:49:24.080Z</Time><DistanceMeters>525.0</DistanceMeters><HeartRateBpm><Value>130</Value></HeartRateBpm><SensorState>Present</SensorState></Trackpoint><Trackpoint><Time>2025-07-16T10:49:25.080Z</Time><DistanceMeters>525.0</DistanceMeters><HeartRateBpm><Value>130</Value></HeartRateBpm><SensorState>Present</SensorState></Trackpoint><Trackpoint><Time>2025-07-16T10:49:26.080Z</Time><DistanceMeters>525.0</DistanceMeters><HeartRateBpm><Value>130</Value></HeartRateBpm><SensorState>Present</SensorState></Trackpoint><Trackpoint><Time>2025-07-16T10:49:27.080Z</Time><DistanceMeters>525.0</DistanceMeters><HeartRateBpm><Value>130</Value></HeartRateBpm><SensorState>Present</SensorState></Trackpoint><Trackpoint><Time>2025-07-16T10:49:28.080Z</Time><DistanceMeters>525.0</DistanceMeters><HeartRateBpm><Value>130</Value></HeartRateBpm><SensorState>Present</SensorState></Trackpoint><Trackpoint><Time>2025-07-16T10:49:29.080Z</Time><DistanceMeters>525.0</DistanceMeters><HeartRateBpm><Value>130</Value></HeartRateBpm><SensorState>Present</SensorState></Trackpoint><Trackpoint><Time>2025-07-16T10:49:30.080Z</Time><DistanceMeters>525.0</DistanceMeters><HeartRateBpm><Value>129</Value></HeartRateBpm><SensorState>Present</SensorState></Trackpoint><Trackpoint><Time>2025-07-16T10:49:31.080Z</Time><DistanceMeters>525.0</DistanceMeters><HeartRateBpm><Value>129</Value></HeartRateBpm><SensorState>Present</SensorState></Trackpoint><Trackpoint><Time>2025-07-16T10:49:32.080Z</Time><DistanceMeters>525.0</DistanceMeters><HeartRateBpm><Value>128</Value></HeartRateBpm><SensorState>Present</SensorState></Trackpoint><Trackpoint><Time>2025-07-16T10:49:33.080Z</Time><DistanceMeters>525.0</DistanceMeters><HeartRateBpm><Value>127</Value></HeartRateBpm><SensorState>Present</SensorState></Trackpoint><Trackpoint><Time>2025-07-16T10:49:34.080Z</Time><DistanceMeters>525.0</DistanceMeters><HeartRateBpm><Value>126</Value></HeartRateBpm><SensorState>Present</SensorState></Trackpoint><Trackpoint><Time>2025-07-16T10:49:35.080Z</Time><DistanceMeters>525.0</DistanceMeters><HeartRateBpm><Value>126</Value></HeartRateBpm><SensorState>Present</SensorState></Trackpoint><Trackpoint><Time>2025-07-16T10:49:36.080Z</Time><DistanceMeters>525.0</DistanceMeters><HeartRateBpm><Value>125</Value></HeartRateBpm><SensorState>Present</SensorState></Trackpoint><Trackpoint><Time>2025-07-16T10:49:37.080Z</Time><DistanceMeters>525.0</DistanceMeters><HeartRateBpm><Value>125</Value></HeartRateBpm><SensorState>Present</SensorState></Trackpoint><Trackpoint><Time>2025-07-16T10:49:38.080Z</Time><DistanceMeters>525.0</DistanceMeters><HeartRateBpm><Value>125</Value></HeartRateBpm><SensorState>Present</SensorState></Trackpoint><Trackpoint><Time>2025-07-16T10:49:39.080Z</Time><DistanceMeters>525.0</DistanceMeters><HeartRateBpm><Value>124</Value></HeartRateBpm><SensorState>Present</SensorState></Trackpoint><Trackpoint><Time>2025-07-16T10:49:40.080Z</Time><DistanceMeters>525.0</DistanceMeters><HeartRateBpm><Value>123</Value></HeartRateBpm><SensorState>Present</SensorState></Trackpoint><Trackpoint><Time>2025-07-16T10:49:41.080Z</Time><DistanceMeters>525.0</DistanceMeters><HeartRateBpm><Value>122</Value></HeartRateBpm><SensorState>Present</SensorState></Trackpoint><Trackpoint><Time>2025-07-16T10:49:42.080Z</Time><DistanceMeters>525.0</DistanceMeters><HeartRateBpm><Value>122</Value></HeartRateBpm><SensorState>Present</SensorState></Trackpoint><Trackpoint><Time>2025-07-16T10:49:43.080Z</Time><DistanceMeters>526.0917030440437</DistanceMeters><HeartRateBpm><Value>121</Value></HeartRateBpm><SensorState>Present</SensorState></Trackpoint><Trackpoint><Time>2025-07-16T10:49:44.080Z</Time><DistanceMeters>527.1834060880874</DistanceMeters><HeartRateBpm><Value>121</Value></HeartRateBpm><SensorState>Present</SensorState></Trackpoint><Trackpoint><Time>2025-07-16T10:49:45.080Z</Time><DistanceMeters>528.2751091321311</DistanceMeters><HeartRateBpm><Value>120</Value></HeartRateBpm><SensorState>Present</SensorState></Trackpoint><Trackpoint><Time>2025-07-16T10:49:46.080Z</Time><DistanceMeters>529.3668121761748</DistanceMeters><HeartRateBpm><Value>120</Value></HeartRateBpm><SensorState>Present</SensorState></Trackpoint><Trackpoint><Time>2025-07-16T10:49:47.080Z</Time><DistanceMeters>530.4585152202185</DistanceMeters><HeartRateBpm><Value>119</Value></HeartRateBpm><SensorState>Present</SensorState></Trackpoint><Trackpoint><Time>2025-07-16T10:49:48.080Z</Time><DistanceMeters>531.5502182642622</DistanceMeters><HeartRateBpm><Value>119</Value></HeartRateBpm><SensorState>Present</SensorState></Trackpoint><Trackpoint><Time>2025-07-16T10:49:49.080Z</Time><DistanceMeters>532.6419213083059</DistanceMeters><HeartRateBpm><Value>119</Value></HeartRateBpm><SensorState>Present</SensorState></Trackpoint><Trackpoint><Time>2025-07-16T10:49:50.080Z</Time><DistanceMeters>533.7336243523496</DistanceMeters><HeartRateBpm><Value>119</Value></HeartRateBpm><SensorState>Present</SensorState></Trackpoint><Trackpoint><Time>2025-07-16T10:49:51.080Z</Time><DistanceMeters>534.8253273963933</DistanceMeters><HeartRateBpm><Value>119</Value></HeartRateBpm><SensorState>Present</SensorState></Trackpoint><Trackpoint><Time>2025-07-16T10:49:52.080Z</Time><DistanceMeters>535.917030440437</DistanceMeters><HeartRateBpm><Value>120</Value></HeartRateBpm><SensorState>Present</SensorState></Trackpoint><Trackpoint><Time>2025-07-16T10:49:53.080Z</Time><DistanceMeters>550.0</DistanceMeters><HeartRateBpm><Value>120</Value></HeartRateBpm><SensorState>Present</SensorState></Trackpoint><Trackpoint><Time>2025-07-16T10:49:54.080Z</Time><DistanceMeters>550.0</DistanceMeters><HeartRateBpm><Value>120</Value></HeartRateBpm><SensorState>Present</SensorState></Trackpoint><Trackpoint><Time>2025-07-16T10:49:55.080Z</Time><DistanceMeters>550.0</DistanceMeters><HeartRateBpm><Value>120</Value></HeartRateBpm><SensorState>Present</SensorState></Trackpoint><Trackpoint><Time>2025-07-16T10:49:56.080Z</Time><DistanceMeters>550.0</DistanceMeters><HeartRateBpm><Value>120</Value></HeartRateBpm><SensorState>Present</SensorState></Trackpoint><Trackpoint><Time>2025-07-16T10:49:57.080Z</Time><DistanceMeters>550.0</DistanceMeters><HeartRateBpm><Value>121</Value></HeartRateBpm><SensorState>Present</SensorState></Trackpoint><Trackpoint><Time>2025-07-16T10:49:58.080Z</Time><DistanceMeters>550.0</DistanceMeters><HeartRateBpm><Value>121</Value></HeartRateBpm><SensorState>Present</SensorState></Trackpoint><Trackpoint><Time>2025-07-16T10:49:59.080Z</Time><DistanceMeters>550.0</DistanceMeters><HeartRateBpm><Value>121</Value></HeartRateBpm><SensorState>Present</SensorState></Trackpoint><Trackpoint><Time>2025-07-16T10:50:00.080Z</Time><DistanceMeters>550.0</DistanceMeters><HeartRateBpm><Value>122</Value></HeartRateBpm><SensorState>Present</SensorState></Trackpoint><Trackpoint><Time>2025-07-16T10:50:01.080Z</Time><DistanceMeters>550.0</DistanceMeters><HeartRateBpm><Value>122</Value></HeartRateBpm><SensorState>Present</SensorState></Trackpoint><Trackpoint><Time>2025-07-16T10:50:02.080Z</Time><DistanceMeters>550.0</DistanceMeters><HeartRateBpm><Value>124</Value></HeartRateBpm><SensorState>Present</SensorState></Trackpoint><Trackpoint><Time>2025-07-16T10:50:03.080Z</Time><DistanceMeters>550.0</DistanceMeters><HeartRateBpm><Value>126</Value></HeartRateBpm><SensorState>Present</SensorState></Trackpoint><Trackpoint><Time>2025-07-16T10:50:04.080Z</Time><DistanceMeters>550.0</DistanceMeters><HeartRateBpm><Value>127</Value></HeartRateBpm><SensorState>Present</SensorState></Trackpoint><Trackpoint><Time>2025-07-16T10:50:05.080Z</Time><DistanceMeters>550.0</DistanceMeters><HeartRateBpm><Value>127</Value></HeartRateBpm><SensorState>Present</SensorState></Trackpoint><Trackpoint><Time>2025-07-16T10:50:06.080Z</Time><DistanceMeters>550.0</DistanceMeters><HeartRateBpm><Value>127</Value></HeartRateBpm><SensorState>Present</SensorState></Trackpoint><Trackpoint><Time>2025-07-16T10:50:07.080Z</Time><DistanceMeters>550.0</DistanceMeters><HeartRateBpm><Value>128</Value></HeartRateBpm><SensorState>Present</SensorState></Trackpoint><Trackpoint><Time>2025-07-16T10:50:08.080Z</Time><DistanceMeters>550.0</DistanceMeters><HeartRateBpm><Value>128</Value></HeartRateBpm><SensorState>Present</SensorState></Trackpoint><Trackpoint><Time>2025-07-16T10:50:09.080Z</Time><DistanceMeters>550.0</DistanceMeters><HeartRateBpm><Value>127</Value></HeartRateBpm><SensorState>Present</SensorState></Trackpoint><Trackpoint><Time>2025-07-16T10:50:10.080Z</Time><DistanceMeters>550.0</DistanceMeters><HeartRateBpm><Value>127</Value></HeartRateBpm><SensorState>Present</SensorState></Trackpoint><Trackpoint><Time>2025-07-16T10:50:11.080Z</Time><DistanceMeters>550.0</DistanceMeters><HeartRateBpm><Value>127</Value></HeartRateBpm><SensorState>Present</SensorState></Trackpoint><Trackpoint><Time>2025-07-16T10:50:12.080Z</Time><DistanceMeters>550.0</DistanceMeters><HeartRateBpm><Value>127</Value></HeartRateBpm><SensorState>Present</SensorState></Trackpoint><Trackpoint><Time>2025-07-16T10:50:13.080Z</Time><DistanceMeters>550.0</DistanceMeters><HeartRateBpm><Value>126</Value></HeartRateBpm><SensorState>Present</SensorState></Trackpoint><Trackpoint><Time>2025-07-16T10:50:14.080Z</Time><DistanceMeters>550.0</DistanceMeters><HeartRateBpm><Value>126</Value></HeartRateBpm><SensorState>Present</SensorState></Trackpoint><Trackpoint><Time>2025-07-16T10:50:15.080Z</Time><DistanceMeters>550.0</DistanceMeters><HeartRateBpm><Value>126</Value></HeartRateBpm><SensorState>Present</SensorState></Trackpoint><Trackpoint><Time>2025-07-16T10:50:16.080Z</Time><DistanceMeters>550.0</DistanceMeters><HeartRateBpm><Value>126</Value></HeartRateBpm><SensorState>Present</SensorState></Trackpoint><Trackpoint><Time>2025-07-16T10:50:17.080Z</Time><DistanceMeters>550.0</DistanceMeters><HeartRateBpm><Value>125</Value></HeartRateBpm><SensorState>Present</SensorState></Trackpoint><Trackpoint><Time>2025-07-16T10:50:18.080Z</Time><DistanceMeters>550.0</DistanceMeters><HeartRateBpm><Value>125</Value></HeartRateBpm><SensorState>Present</SensorState></Trackpoint><Trackpoint><Time>2025-07-16T10:50:19.080Z</Time><DistanceMeters>550.0</DistanceMeters><HeartRateBpm><Value>124</Value></HeartRateBpm><SensorState>Present</SensorState></Trackpoint><Trackpoint><Time>2025-07-16T10:50:20.080Z</Time><DistanceMeters>550.0</DistanceMeters><HeartRateBpm><Value>124</Value></HeartRateBpm><SensorState>Present</SensorState></Trackpoint><Trackpoint><Time>2025-07-16T10:50:21.080Z</Time><DistanceMeters>550.0</DistanceMeters><HeartRateBpm><Value>123</Value></HeartRateBpm><SensorState>Present</SensorState></Trackpoint><Trackpoint><Time>2025-07-16T10:50:22.080Z</Time><DistanceMeters>551.0917030440437</DistanceMeters><HeartRateBpm><Value>122</Value></HeartRateBpm><SensorState>Present</SensorState></Trackpoint><Trackpoint><Time>2025-07-16T10:50:23.080Z</Time><DistanceMeters>552.1834060880874</DistanceMeters><HeartRateBpm><Value>121</Value></HeartRateBpm><SensorState>Present</SensorState></Trackpoint><Trackpoint><Time>2025-07-16T10:50:24.080Z</Time><DistanceMeters>553.2751091321311</DistanceMeters><HeartRateBpm><Value>120</Value></HeartRateBpm><SensorState>Present</SensorState></Trackpoint><Trackpoint><Time>2025-07-16T10:50:25.080Z</Time><DistanceMeters>554.3668121761748</DistanceMeters><HeartRateBpm><Value>119</Value></HeartRateBpm><SensorState>Present</SensorState></Trackpoint><Trackpoint><Time>2025-07-16T10:50:26.080Z</Time><DistanceMeters>555.4585152202185</DistanceMeters><HeartRateBpm><Value>119</Value></HeartRateBpm><SensorState>Present</SensorState></Trackpoint><Trackpoint><Time>2025-07-16T10:50:27.080Z</Time><DistanceMeters>556.5502182642622</DistanceMeters><HeartRateBpm><Value>118</Value></HeartRateBpm><SensorState>Present</SensorState></Trackpoint><Trackpoint><Time>2025-07-16T10:50:28.080Z</Time><DistanceMeters>557.6419213083059</DistanceMeters><HeartRateBpm><Value>119</Value></HeartRateBpm><SensorState>Present</SensorState></Trackpoint><Trackpoint><Time>2025-07-16T10:50:29.080Z</Time><DistanceMeters>558.7336243523496</DistanceMeters><HeartRateBpm><Value>119</Value></HeartRateBpm><SensorState>Present</SensorState></Trackpoint><Trackpoint><Time>2025-07-16T10:50:30.080Z</Time><DistanceMeters>559.8253273963933</DistanceMeters><HeartRateBpm><Value>119</Value></HeartRateBpm><SensorState>Present</SensorState></Trackpoint><Trackpoint><Time>2025-07-16T10:50:31.080Z</Time><DistanceMeters>560.917030440437</DistanceMeters><HeartRateBpm><Value>119</Value></HeartRateBpm><SensorState>Present</SensorState></Trackpoint><Trackpoint><Time>2025-07-16T10:50:32.080Z</Time><DistanceMeters>575.0</DistanceMeters><HeartRateBpm><Value>119</Value></HeartRateBpm><SensorState>Present</SensorState></Trackpoint><Trackpoint><Time>2025-07-16T10:50:33.080Z</Time><DistanceMeters>575.0</DistanceMeters><HeartRateBpm><Value>118</Value></HeartRateBpm><SensorState>Present</SensorState></Trackpoint><Trackpoint><Time>2025-07-16T10:50:34.080Z</Time><DistanceMeters>575.0</DistanceMeters><HeartRateBpm><Value>118</Value></HeartRateBpm><SensorState>Present</SensorState></Trackpoint><Trackpoint><Time>2025-07-16T10:50:35.080Z</Time><DistanceMeters>575.0</DistanceMeters><HeartRateBpm><Value>117</Value></HeartRateBpm><SensorState>Present</SensorState></Trackpoint><Trackpoint><Time>2025-07-16T10:50:36.080Z</Time><DistanceMeters>575.0</DistanceMeters><HeartRateBpm><Value>118</Value></HeartRateBpm><SensorState>Present</SensorState></Trackpoint><Trackpoint><Time>2025-07-16T10:50:37.080Z</Time><DistanceMeters>575.0</DistanceMeters><HeartRateBpm><Value>118</Value></HeartRateBpm><SensorState>Present</SensorState></Trackpoint><Trackpoint><Time>2025-07-16T10:50:38.080Z</Time><DistanceMeters>575.0</DistanceMeters><HeartRateBpm><Value>118</Value></HeartRateBpm><SensorState>Present</SensorState></Trackpoint><Trackpoint><Time>2025-07-16T10:50:39.080Z</Time><DistanceMeters>575.0</DistanceMeters><HeartRateBpm><Value>120</Value></HeartRateBpm><SensorState>Present</SensorState></Trackpoint><Trackpoint><Time>2025-07-16T10:50:40.080Z</Time><DistanceMeters>575.0</DistanceMeters><HeartRateBpm><Value>122</Value></HeartRateBpm><SensorState>Present</SensorState></Trackpoint><Trackpoint><Time>2025-07-16T10:50:41.080Z</Time><DistanceMeters>575.0</DistanceMeters><HeartRateBpm><Value>124</Value></HeartRateBpm><SensorState>Present</SensorState></Trackpoint><Trackpoint><Time>2025-07-16T10:50:42.080Z</Time><DistanceMeters>575.0</DistanceMeters><HeartRateBpm><Value>125</Value></HeartRateBpm><SensorState>Present</SensorState></Trackpoint><Trackpoint><Time>2025-07-16T10:50:43.080Z</Time><DistanceMeters>575.0</DistanceMeters><HeartRateBpm><Value>127</Value></HeartRateBpm><SensorState>Present</SensorState></Trackpoint><Trackpoint><Time>2025-07-16T10:50:44.080Z</Time><DistanceMeters>575.0</DistanceMeters><HeartRateBpm><Value>128</Value></HeartRateBpm><SensorState>Present</SensorState></Trackpoint><Trackpoint><Time>2025-07-16T10:50:45.080Z</Time><DistanceMeters>575.0</DistanceMeters><HeartRateBpm><Value>129</Value></HeartRateBpm><SensorState>Present</SensorState></Trackpoint><Trackpoint><Time>2025-07-16T10:50:46.080Z</Time><DistanceMeters>575.0</DistanceMeters><HeartRateBpm><Value>129</Value></HeartRateBpm><SensorState>Present</SensorState></Trackpoint><Trackpoint><Time>2025-07-16T10:50:47.080Z</Time><DistanceMeters>575.0</DistanceMeters><HeartRateBpm><Value>130</Value></HeartRateBpm><SensorState>Present</SensorState></Trackpoint><Trackpoint><Time>2025-07-16T10:50:48.080Z</Time><DistanceMeters>575.0</DistanceMeters><HeartRateBpm><Value>131</Value></HeartRateBpm><SensorState>Present</SensorState></Trackpoint><Trackpoint><Time>2025-07-16T10:50:49.080Z</Time><DistanceMeters>576.0917030440437</DistanceMeters><HeartRateBpm><Value>132</Value></HeartRateBpm><SensorState>Present</SensorState></Trackpoint><Trackpoint><Time>2025-07-16T10:50:50.080Z</Time><DistanceMeters>577.1834060880874</DistanceMeters><HeartRateBpm><Value>131</Value></HeartRateBpm><SensorState>Present</SensorState></Trackpoint><Trackpoint><Time>2025-07-16T10:50:51.080Z</Time><DistanceMeters>578.2751091321311</DistanceMeters><HeartRateBpm><Value>130</Value></HeartRateBpm><SensorState>Present</SensorState></Trackpoint><Trackpoint><Time>2025-07-16T10:50:52.080Z</Time><DistanceMeters>579.3668121761748</DistanceMeters><HeartRateBpm><Value>129</Value></HeartRateBpm><SensorState>Present</SensorState></Trackpoint><Trackpoint><Time>2025-07-16T10:50:53.080Z</Time><DistanceMeters>580.4585152202185</DistanceMeters><HeartRateBpm><Value>129</Value></HeartRateBpm><SensorState>Present</SensorState></Trackpoint><Trackpoint><Time>2025-07-16T10:50:54.080Z</Time><DistanceMeters>581.5502182642622</DistanceMeters><HeartRateBpm><Value>128</Value></HeartRateBpm><SensorState>Present</SensorState></Trackpoint><Trackpoint><Time>2025-07-16T10:50:55.080Z</Time><DistanceMeters>582.6419213083059</DistanceMeters><HeartRateBpm><Value>128</Value></HeartRateBpm><SensorState>Present</SensorState></Trackpoint><Trackpoint><Time>2025-07-16T10:50:56.080Z</Time><DistanceMeters>583.7336243523496</DistanceMeters><HeartRateBpm><Value>128</Value></HeartRateBpm><SensorState>Present</SensorState></Trackpoint><Trackpoint><Time>2025-07-16T10:50:57.080Z</Time><DistanceMeters>584.8253273963933</DistanceMeters><HeartRateBpm><Value>129</Value></HeartRateBpm><SensorState>Present</SensorState></Trackpoint><Trackpoint><Time>2025-07-16T10:50:58.080Z</Time><DistanceMeters>585.917030440437</DistanceMeters><HeartRateBpm><Value>129</Value></HeartRateBpm><SensorState>Present</SensorState></Trackpoint><Trackpoint><Time>2025-07-16T10:50:59.080Z</Time><DistanceMeters>600.0</DistanceMeters><HeartRateBpm><Value>130</Value></HeartRateBpm><SensorState>Present</SensorState></Trackpoint><Trackpoint><Time>2025-07-16T10:51:00.080Z</Time><DistanceMeters>600.0</DistanceMeters><HeartRateBpm><Value>131</Value></HeartRateBpm><SensorState>Present</SensorState></Trackpoint><Trackpoint><Time>2025-07-16T10:51:01.080Z</Time><DistanceMeters>600.0</DistanceMeters><HeartRateBpm><Value>131</Value></HeartRateBpm><SensorState>Present</SensorState></Trackpoint><Trackpoint><Time>2025-07-16T10:51:02.080Z</Time><DistanceMeters>600.0</DistanceMeters><HeartRateBpm><Value>131</Value></HeartRateBpm><SensorState>Present</SensorState></Trackpoint><Trackpoint><Time>2025-07-16T10:51:03.080Z</Time><DistanceMeters>600.0</DistanceMeters><HeartRateBpm><Value>131</Value></HeartRateBpm><SensorState>Present</SensorState></Trackpoint><Trackpoint><Time>2025-07-16T10:51:04.080Z</Time><DistanceMeters>600.0</DistanceMeters><HeartRateBpm><Value>132</Value></HeartRateBpm><SensorState>Present</SensorState></Trackpoint><Trackpoint><Time>2025-07-16T10:51:05.080Z</Time><DistanceMeters>600.0</DistanceMeters><HeartRateBpm><Value>132</Value></HeartRateBpm><SensorState>Present</SensorState></Trackpoint><Trackpoint><Time>2025-07-16T10:51:06.080Z</Time><DistanceMeters>600.0</DistanceMeters><HeartRateBpm><Value>133</Value></HeartRateBpm><SensorState>Present</SensorState></Trackpoint><Trackpoint><Time>2025-07-16T10:51:07.080Z</Time><DistanceMeters>600.0</DistanceMeters><HeartRateBpm><Value>133</Value></HeartRateBpm><SensorState>Present</SensorState></Trackpoint><Trackpoint><Time>2025-07-16T10:51:08.080Z</Time><DistanceMeters>600.0</DistanceMeters><HeartRateBpm><Value>133</Value></HeartRateBpm><SensorState>Present</SensorState></Trackpoint><Trackpoint><Time>2025-07-16T10:51:09.080Z</Time><DistanceMeters>600.0</DistanceMeters><HeartRateBpm><Value>134</Value></HeartRateBpm><SensorState>Present</SensorState></Trackpoint><Trackpoint><Time>2025-07-16T10:51:10.080Z</Time><DistanceMeters>600.0</DistanceMeters><HeartRateBpm><Value>134</Value></HeartRateBpm><SensorState>Present</SensorState></Trackpoint><Trackpoint><Time>2025-07-16T10:51:11.080Z</Time><DistanceMeters>600.0</DistanceMeters><HeartRateBpm><Value>134</Value></HeartRateBpm><SensorState>Present</SensorState></Trackpoint><Trackpoint><Time>2025-07-16T10:51:12.080Z</Time><DistanceMeters>600.0</DistanceMeters><HeartRateBpm><Value>135</Value></HeartRateBpm><SensorState>Present</SensorState></Trackpoint><Trackpoint><Time>2025-07-16T10:51:13.080Z</Time><DistanceMeters>600.0</DistanceMeters><HeartRateBpm><Value>135</Value></HeartRateBpm><SensorState>Present</SensorState></Trackpoint><Trackpoint><Time>2025-07-16T10:51:14.080Z</Time><DistanceMeters>600.0</DistanceMeters><HeartRateBpm><Value>135</Value></HeartRateBpm><SensorState>Present</SensorState></Trackpoint><Trackpoint><Time>2025-07-16T10:51:15.080Z</Time><DistanceMeters>600.0</DistanceMeters><HeartRateBpm><Value>136</Value></HeartRateBpm><SensorState>Present</SensorState></Trackpoint><Trackpoint><Time>2025-07-16T10:51:16.080Z</Time><DistanceMeters>600.0</DistanceMeters><HeartRateBpm><Value>136</Value></HeartRateBpm><SensorState>Present</SensorState></Trackpoint><Trackpoint><Time>2025-07-16T10:51:17.080Z</Time><DistanceMeters>600.0</DistanceMeters><HeartRateBpm><Value>136</Value></HeartRateBpm><SensorState>Present</SensorState></Trackpoint><Trackpoint><Time>2025-07-16T10:51:18.080Z</Time><DistanceMeters>600.0</DistanceMeters><HeartRateBpm><Value>135</Value></HeartRateBpm><SensorState>Present</SensorState></Trackpoint><Trackpoint><Time>2025-07-16T10:51:19.080Z</Time><DistanceMeters>600.0</DistanceMeters><HeartRateBpm><Value>135</Value></HeartRateBpm><SensorState>Present</SensorState></Trackpoint><Trackpoint><Time>2025-07-16T10:51:20.080Z</Time><DistanceMeters>600.0</DistanceMeters><HeartRateBpm><Value>134</Value></HeartRateBpm><SensorState>Present</SensorState></Trackpoint><Trackpoint><Time>2025-07-16T10:51:21.080Z</Time><DistanceMeters>601.0917030440437</DistanceMeters><HeartRateBpm><Value>134</Value></HeartRateBpm><SensorState>Present</SensorState></Trackpoint><Trackpoint><Time>2025-07-16T10:51:22.080Z</Time><DistanceMeters>602.1834060880874</DistanceMeters><HeartRateBpm><Value>134</Value></HeartRateBpm><SensorState>Present</SensorState></Trackpoint><Trackpoint><Time>2025-07-16T10:51:23.080Z</Time><DistanceMeters>603.2751091321311</DistanceMeters><HeartRateBpm><Value>134</Value></HeartRateBpm><SensorState>Present</SensorState></Trackpoint><Trackpoint><Time>2025-07-16T10:51:24.080Z</Time><DistanceMeters>604.3668121761748</DistanceMeters><HeartRateBpm><Value>134</Value></HeartRateBpm><SensorState>Present</SensorState></Trackpoint><Trackpoint><Time>2025-07-16T10:51:25.080Z</Time><DistanceMeters>605.4585152202185</DistanceMeters><HeartRateBpm><Value>133</Value></HeartRateBpm><SensorState>Present</SensorState></Trackpoint><Trackpoint><Time>2025-07-16T10:51:26.080Z</Time><DistanceMeters>606.5502182642622</DistanceMeters><HeartRateBpm><Value>133</Value></HeartRateBpm><SensorState>Present</SensorState></Trackpoint><Trackpoint><Time>2025-07-16T10:51:27.080Z</Time><DistanceMeters>607.6419213083059</DistanceMeters><HeartRateBpm><Value>133</Value></HeartRateBpm><SensorState>Present</SensorState></Trackpoint><Trackpoint><Time>2025-07-16T10:51:28.080Z</Time><DistanceMeters>608.7336243523496</DistanceMeters><HeartRateBpm><Value>133</Value></HeartRateBpm><SensorState>Present</SensorState></Trackpoint><Trackpoint><Time>2025-07-16T10:51:29.080Z</Time><DistanceMeters>609.8253273963933</DistanceMeters><HeartRateBpm><Value>134</Value></HeartRateBpm><SensorState>Present</SensorState></Trackpoint><Trackpoint><Time>2025-07-16T10:51:30.080Z</Time><DistanceMeters>610.917030440437</DistanceMeters><HeartRateBpm><Value>134</Value></HeartRateBpm><SensorState>Present</SensorState></Trackpoint><Trackpoint><Time>2025-07-16T10:51:31.080Z</Time><DistanceMeters>625.0</DistanceMeters><HeartRateBpm><Value>134</Value></HeartRateBpm><SensorState>Present</SensorState></Trackpoint><Trackpoint><Time>2025-07-16T10:51:32.080Z</Time><DistanceMeters>625.0</DistanceMeters><HeartRateBpm><Value>134</Value></HeartRateBpm><SensorState>Present</SensorState></Trackpoint><Trackpoint><Time>2025-07-16T10:51:33.080Z</Time><DistanceMeters>625.0</DistanceMeters><HeartRateBpm><Value>133</Value></HeartRateBpm><SensorState>Present</SensorState></Trackpoint><Trackpoint><Time>2025-07-16T10:51:34.080Z</Time><DistanceMeters>625.0</DistanceMeters><HeartRateBpm><Value>134</Value></HeartRateBpm><SensorState>Present</SensorState></Trackpoint><Trackpoint><Time>2025-07-16T10:51:35.080Z</Time><DistanceMeters>625.0</DistanceMeters><HeartRateBpm><Value>134</Value></HeartRateBpm><SensorState>Present</SensorState></Trackpoint><Trackpoint><Time>2025-07-16T10:51:36.080Z</Time><DistanceMeters>625.0</DistanceMeters><HeartRateBpm><Value>133</Value></HeartRateBpm><SensorState>Present</SensorState></Trackpoint><Trackpoint><Time>2025-07-16T10:51:37.080Z</Time><DistanceMeters>625.0</DistanceMeters><HeartRateBpm><Value>132</Value></HeartRateBpm><SensorState>Present</SensorState></Trackpoint><Trackpoint><Time>2025-07-16T10:51:38.080Z</Time><DistanceMeters>625.0</DistanceMeters><HeartRateBpm><Value>133</Value></HeartRateBpm><SensorState>Present</SensorState></Trackpoint><Trackpoint><Time>2025-07-16T10:51:39.080Z</Time><DistanceMeters>625.0</DistanceMeters><HeartRateBpm><Value>133</Value></HeartRateBpm><SensorState>Present</SensorState></Trackpoint><Trackpoint><Time>2025-07-16T10:51:40.080Z</Time><DistanceMeters>625.0</DistanceMeters><HeartRateBpm><Value>133</Value></HeartRateBpm><SensorState>Present</SensorState></Trackpoint><Trackpoint><Time>2025-07-16T10:51:41.080Z</Time><DistanceMeters>625.0</DistanceMeters><HeartRateBpm><Value>134</Value></HeartRateBpm><SensorState>Present</SensorState></Trackpoint><Trackpoint><Time>2025-07-16T10:51:42.080Z</Time><DistanceMeters>625.0</DistanceMeters><HeartRateBpm><Value>134</Value></HeartRateBpm><SensorState>Present</SensorState></Trackpoint><Trackpoint><Time>2025-07-16T10:51:43.080Z</Time><DistanceMeters>625.0</DistanceMeters><HeartRateBpm><Value>134</Value></HeartRateBpm><SensorState>Present</SensorState></Trackpoint><Trackpoint><Time>2025-07-16T10:51:44.080Z</Time><DistanceMeters>625.0</DistanceMeters><HeartRateBpm><Value>135</Value></HeartRateBpm><SensorState>Present</SensorState></Trackpoint><Trackpoint><Time>2025-07-16T10:51:45.080Z</Time><DistanceMeters>625.0</DistanceMeters><HeartRateBpm><Value>135</Value></HeartRateBpm><SensorState>Present</SensorState></Trackpoint><Trackpoint><Time>2025-07-16T10:51:46.080Z</Time><DistanceMeters>625.0</DistanceMeters><HeartRateBpm><Value>136</Value></HeartRateBpm><SensorState>Present</SensorState></Trackpoint><Trackpoint><Time>2025-07-16T10:51:47.080Z</Time><DistanceMeters>625.0</DistanceMeters><HeartRateBpm><Value>136</Value></HeartRateBpm><SensorState>Present</SensorState></Trackpoint><Trackpoint><Time>2025-07-16T10:51:48.080Z</Time><DistanceMeters>625.0</DistanceMeters><HeartRateBpm><Value>136</Value></HeartRateBpm><SensorState>Present</SensorState></Trackpoint><Trackpoint><Time>2025-07-16T10:51:49.080Z</Time><DistanceMeters>625.0</DistanceMeters><HeartRateBpm><Value>136</Value></HeartRateBpm><SensorState>Present</SensorState></Trackpoint><Trackpoint><Time>2025-07-16T10:51:50.080Z</Time><DistanceMeters>625.0</DistanceMeters><HeartRateBpm><Value>136</Value></HeartRateBpm><SensorState>Present</SensorState></Trackpoint><Trackpoint><Time>2025-07-16T10:51:51.080Z</Time><DistanceMeters>625.0</DistanceMeters><HeartRateBpm><Value>136</Value></HeartRateBpm><SensorState>Present</SensorState></Trackpoint><Trackpoint><Time>2025-07-16T10:51:52.080Z</Time><DistanceMeters>625.0</DistanceMeters><HeartRateBpm><Value>135</Value></HeartRateBpm><SensorState>Present</SensorState></Trackpoint><Trackpoint><Time>2025-07-16T10:51:53.080Z</Time><DistanceMeters>626.0917030440437</DistanceMeters><HeartRateBpm><Value>135</Value></HeartRateBpm><SensorState>Present</SensorState></Trackpoint><Trackpoint><Time>2025-07-16T10:51:54.080Z</Time><DistanceMeters>627.1834060880874</DistanceMeters><HeartRateBpm><Value>134</Value></HeartRateBpm><SensorState>Present</SensorState></Trackpoint><Trackpoint><Time>2025-07-16T10:51:55.080Z</Time><DistanceMeters>628.2751091321311</DistanceMeters><HeartRateBpm><Value>134</Value></HeartRateBpm><SensorState>Present</SensorState></Trackpoint><Trackpoint><Time>2025-07-16T10:51:56.080Z</Time><DistanceMeters>629.3668121761748</DistanceMeters><HeartRateBpm><Value>134</Value></HeartRateBpm><SensorState>Present</SensorState></Trackpoint><Trackpoint><Time>2025-07-16T10:51:57.080Z</Time><DistanceMeters>630.4585152202185</DistanceMeters><HeartRateBpm><Value>134</Value></HeartRateBpm><SensorState>Present</SensorState></Trackpoint><Trackpoint><Time>2025-07-16T10:51:58.080Z</Time><DistanceMeters>631.5502182642622</DistanceMeters><HeartRateBpm><Value>133</Value></HeartRateBpm><SensorState>Present</SensorState></Trackpoint><Trackpoint><Time>2025-07-16T10:51:59.080Z</Time><DistanceMeters>632.6419213083059</DistanceMeters><HeartRateBpm><Value>133</Value></HeartRateBpm><SensorState>Present</SensorState></Trackpoint><Trackpoint><Time>2025-07-16T10:52:00.080Z</Time><DistanceMeters>633.7336243523496</DistanceMeters><HeartRateBpm><Value>133</Value></HeartRateBpm><SensorState>Present</SensorState></Trackpoint><Trackpoint><Time>2025-07-16T10:52:01.080Z</Time><DistanceMeters>634.8253273963933</DistanceMeters><HeartRateBpm><Value>133</Value></HeartRateBpm><SensorState>Present</SensorState></Trackpoint><Trackpoint><Time>2025-07-16T10:52:02.080Z</Time><DistanceMeters>635.917030440437</DistanceMeters><HeartRateBpm><Value>133</Value></HeartRateBpm><SensorState>Present</SensorState></Trackpoint><Trackpoint><Time>2025-07-16T10:52:03.080Z</Time><DistanceMeters>650.0</DistanceMeters><HeartRateBpm><Value>133</Value></HeartRateBpm><SensorState>Present</SensorState></Trackpoint><Trackpoint><Time>2025-07-16T10:52:04.080Z</Time><DistanceMeters>650.0</DistanceMeters><HeartRateBpm><Value>133</Value></HeartRateBpm><SensorState>Present</SensorState></Trackpoint><Trackpoint><Time>2025-07-16T10:52:05.080Z</Time><DistanceMeters>650.0</DistanceMeters><HeartRateBpm><Value>133</Value></HeartRateBpm><SensorState>Present</SensorState></Trackpoint><Trackpoint><Time>2025-07-16T10:52:06.080Z</Time><DistanceMeters>650.0</DistanceMeters><HeartRateBpm><Value>133</Value></HeartRateBpm><SensorState>Present</SensorState></Trackpoint><Trackpoint><Time>2025-07-16T10:52:07.080Z</Time><DistanceMeters>650.0</DistanceMeters><HeartRateBpm><Value>133</Value></HeartRateBpm><SensorState>Present</SensorState></Trackpoint><Trackpoint><Time>2025-07-16T10:52:08.080Z</Time><DistanceMeters>650.0</DistanceMeters><HeartRateBpm><Value>133</Value></HeartRateBpm><SensorState>Present</SensorState></Trackpoint><Trackpoint><Time>2025-07-16T10:52:09.080Z</Time><DistanceMeters>650.0</DistanceMeters><HeartRateBpm><Value>133</Value></HeartRateBpm><SensorState>Present</SensorState></Trackpoint><Trackpoint><Time>2025-07-16T10:52:10.080Z</Time><DistanceMeters>650.0</DistanceMeters><HeartRateBpm><Value>133</Value></HeartRateBpm><SensorState>Present</SensorState></Trackpoint><Trackpoint><Time>2025-07-16T10:52:11.080Z</Time><DistanceMeters>650.0</DistanceMeters><HeartRateBpm><Value>133</Value></HeartRateBpm><SensorState>Present</SensorState></Trackpoint><Trackpoint><Time>2025-07-16T10:52:12.080Z</Time><DistanceMeters>650.0</DistanceMeters><HeartRateBpm><Value>133</Value></HeartRateBpm><SensorState>Present</SensorState></Trackpoint><Trackpoint><Time>2025-07-16T10:52:13.080Z</Time><DistanceMeters>650.0</DistanceMeters><HeartRateBpm><Value>133</Value></HeartRateBpm><SensorState>Present</SensorState></Trackpoint><Trackpoint><Time>2025-07-16T10:52:14.080Z</Time><DistanceMeters>650.0</DistanceMeters><HeartRateBpm><Value>133</Value></HeartRateBpm><SensorState>Present</SensorState></Trackpoint><Trackpoint><Time>2025-07-16T10:52:15.080Z</Time><DistanceMeters>650.0</DistanceMeters><HeartRateBpm><Value>133</Value></HeartRateBpm><SensorState>Present</SensorState></Trackpoint><Trackpoint><Time>2025-07-16T10:52:16.080Z</Time><DistanceMeters>650.0</DistanceMeters><HeartRateBpm><Value>132</Value></HeartRateBpm><SensorState>Present</SensorState></Trackpoint><Trackpoint><Time>2025-07-16T10:52:17.080Z</Time><DistanceMeters>650.0</DistanceMeters><HeartRateBpm><Value>132</Value></HeartRateBpm><SensorState>Present</SensorState></Trackpoint><Trackpoint><Time>2025-07-16T10:52:18.080Z</Time><DistanceMeters>650.0</DistanceMeters><HeartRateBpm><Value>131</Value></HeartRateBpm><SensorState>Present</SensorState></Trackpoint><Trackpoint><Time>2025-07-16T10:52:19.080Z</Time><DistanceMeters>650.0</DistanceMeters><HeartRateBpm><Value>131</Value></HeartRateBpm><SensorState>Present</SensorState></Trackpoint><Trackpoint><Time>2025-07-16T10:52:20.080Z</Time><DistanceMeters>651.0917030440437</DistanceMeters><HeartRateBpm><Value>131</Value></HeartRateBpm><SensorState>Present</SensorState></Trackpoint><Trackpoint><Time>2025-07-16T10:52:21.080Z</Time><DistanceMeters>652.1834060880874</DistanceMeters><HeartRateBpm><Value>130</Value></HeartRateBpm><SensorState>Present</SensorState></Trackpoint><Trackpoint><Time>2025-07-16T10:52:22.080Z</Time><DistanceMeters>653.2751091321311</DistanceMeters><HeartRateBpm><Value>130</Value></HeartRateBpm><SensorState>Present</SensorState></Trackpoint><Trackpoint><Time>2025-07-16T10:52:23.080Z</Time><DistanceMeters>654.3668121761748</DistanceMeters><HeartRateBpm><Value>130</Value></HeartRateBpm><SensorState>Present</SensorState></Trackpoint><Trackpoint><Time>2025-07-16T10:52:24.080Z</Time><DistanceMeters>655.4585152202185</DistanceMeters><HeartRateBpm><Value>130</Value></HeartRateBpm><SensorState>Present</SensorState></Trackpoint><Trackpoint><Time>2025-07-16T10:52:25.080Z</Time><DistanceMeters>656.5502182642622</DistanceMeters><HeartRateBpm><Value>130</Value></HeartRateBpm><SensorState>Present</SensorState></Trackpoint><Trackpoint><Time>2025-07-16T10:52:26.080Z</Time><DistanceMeters>657.6419213083059</DistanceMeters><HeartRateBpm><Value>130</Value></HeartRateBpm><SensorState>Present</SensorState></Trackpoint><Trackpoint><Time>2025-07-16T10:52:27.080Z</Time><DistanceMeters>658.7336243523496</DistanceMeters><HeartRateBpm><Value>129</Value></HeartRateBpm><SensorState>Present</SensorState></Trackpoint><Trackpoint><Time>2025-07-16T10:52:28.080Z</Time><DistanceMeters>659.8253273963933</DistanceMeters><HeartRateBpm><Value>130</Value></HeartRateBpm><SensorState>Present</SensorState></Trackpoint><Trackpoint><Time>2025-07-16T10:52:29.080Z</Time><DistanceMeters>660.917030440437</DistanceMeters><HeartRateBpm><Value>130</Value></HeartRateBpm><SensorState>Present</SensorState></Trackpoint><Trackpoint><Time>2025-07-16T10:52:30.080Z</Time><DistanceMeters>675.0</DistanceMeters><HeartRateBpm><Value>130</Value></HeartRateBpm><SensorState>Present</SensorState></Trackpoint><Trackpoint><Time>2025-07-16T10:52:31.080Z</Time><DistanceMeters>675.0</DistanceMeters><HeartRateBpm><Value>130</Value></HeartRateBpm><SensorState>Present</SensorState></Trackpoint><Trackpoint><Time>2025-07-16T10:52:32.080Z</Time><DistanceMeters>675.0</DistanceMeters><HeartRateBpm><Value>130</Value></HeartRateBpm><SensorState>Present</SensorState></Trackpoint><Trackpoint><Time>2025-07-16T10:52:33.080Z</Time><DistanceMeters>675.0</DistanceMeters><HeartRateBpm><Value>130</Value></HeartRateBpm><SensorState>Present</SensorState></Trackpoint><Trackpoint><Time>2025-07-16T10:52:34.080Z</Time><DistanceMeters>675.0</DistanceMeters><HeartRateBpm><Value>131</Value></HeartRateBpm><SensorState>Present</SensorState></Trackpoint><Trackpoint><Time>2025-07-16T10:52:35.080Z</Time><DistanceMeters>675.0</DistanceMeters><HeartRateBpm><Value>131</Value></HeartRateBpm><SensorState>Present</SensorState></Trackpoint><Trackpoint><Time>2025-07-16T10:52:36.080Z</Time><DistanceMeters>675.0</DistanceMeters><HeartRateBpm><Value>131</Value></HeartRateBpm><SensorState>Present</SensorState></Trackpoint><Trackpoint><Time>2025-07-16T10:52:37.080Z</Time><DistanceMeters>675.0</DistanceMeters><HeartRateBpm><Value>131</Value></HeartRateBpm><SensorState>Present</SensorState></Trackpoint><Trackpoint><Time>2025-07-16T10:52:38.080Z</Time><DistanceMeters>675.0</DistanceMeters><HeartRateBpm><Value>131</Value></HeartRateBpm><SensorState>Present</SensorState></Trackpoint><Trackpoint><Time>2025-07-16T10:52:39.080Z</Time><DistanceMeters>675.0</DistanceMeters><HeartRateBpm><Value>132</Value></HeartRateBpm><SensorState>Present</SensorState></Trackpoint><Trackpoint><Time>2025-07-16T10:52:40.080Z</Time><DistanceMeters>675.0</DistanceMeters><HeartRateBpm><Value>132</Value></HeartRateBpm><SensorState>Present</SensorState></Trackpoint><Trackpoint><Time>2025-07-16T10:52:41.080Z</Time><DistanceMeters>675.0</DistanceMeters><HeartRateBpm><Value>132</Value></HeartRateBpm><SensorState>Present</SensorState></Trackpoint><Trackpoint><Time>2025-07-16T10:52:42.080Z</Time><DistanceMeters>675.0</DistanceMeters><HeartRateBpm><Value>131</Value></HeartRateBpm><SensorState>Present</SensorState></Trackpoint><Trackpoint><Time>2025-07-16T10:52:43.080Z</Time><DistanceMeters>675.0</DistanceMeters><HeartRateBpm><Value>130</Value></HeartRateBpm><SensorState>Present</SensorState></Trackpoint><Trackpoint><Time>2025-07-16T10:52:44.080Z</Time><DistanceMeters>675.0</DistanceMeters><HeartRateBpm><Value>129</Value></HeartRateBpm><SensorState>Present</SensorState></Trackpoint><Trackpoint><Time>2025-07-16T10:52:45.080Z</Time><DistanceMeters>675.0</DistanceMeters><HeartRateBpm><Value>127</Value></HeartRateBpm><SensorState>Present</SensorState></Trackpoint><Trackpoint><Time>2025-07-16T10:52:46.080Z</Time><DistanceMeters>675.0</DistanceMeters><HeartRateBpm><Value>127</Value></HeartRateBpm><SensorState>Present</SensorState></Trackpoint><Trackpoint><Time>2025-07-16T10:52:47.080Z</Time><DistanceMeters>675.0</DistanceMeters><HeartRateBpm><Value>126</Value></HeartRateBpm><SensorState>Present</SensorState></Trackpoint><Trackpoint><Time>2025-07-16T10:52:48.080Z</Time><DistanceMeters>675.0</DistanceMeters><HeartRateBpm><Value>126</Value></HeartRateBpm><SensorState>Present</SensorState></Trackpoint><Trackpoint><Time>2025-07-16T10:52:49.080Z</Time><DistanceMeters>675.0</DistanceMeters><HeartRateBpm><Value>125</Value></HeartRateBpm><SensorState>Present</SensorState></Trackpoint><Trackpoint><Time>2025-07-16T10:52:50.080Z</Time><DistanceMeters>675.0</DistanceMeters><HeartRateBpm><Value>125</Value></HeartRateBpm><SensorState>Present</SensorState></Trackpoint><Trackpoint><Time>2025-07-16T10:52:51.080Z</Time><DistanceMeters>675.0</DistanceMeters><HeartRateBpm><Value>125</Value></HeartRateBpm><SensorState>Present</SensorState></Trackpoint><Trackpoint><Time>2025-07-16T10:52:52.080Z</Time><DistanceMeters>675.0</DistanceMeters><HeartRateBpm><Value>125</Value></HeartRateBpm><SensorState>Present</SensorState></Trackpoint><Trackpoint><Time>2025-07-16T10:52:53.080Z</Time><DistanceMeters>675.0</DistanceMeters><HeartRateBpm><Value>126</Value></HeartRateBpm><SensorState>Present</SensorState></Trackpoint><Trackpoint><Time>2025-07-16T10:52:54.080Z</Time><DistanceMeters>676.0917030440437</DistanceMeters><HeartRateBpm><Value>127</Value></HeartRateBpm><SensorState>Present</SensorState></Trackpoint><Trackpoint><Time>2025-07-16T10:52:55.080Z</Time><DistanceMeters>677.1834060880874</DistanceMeters><HeartRateBpm><Value>128</Value></HeartRateBpm><SensorState>Present</SensorState></Trackpoint><Trackpoint><Time>2025-07-16T10:52:56.080Z</Time><DistanceMeters>678.2751091321311</DistanceMeters><HeartRateBpm><Value>129</Value></HeartRateBpm><SensorState>Present</SensorState></Trackpoint><Trackpoint><Time>2025-07-16T10:52:57.080Z</Time><DistanceMeters>679.3668121761748</DistanceMeters><HeartRateBpm><Value>130</Value></HeartRateBpm><SensorState>Present</SensorState></Trackpoint><Trackpoint><Time>2025-07-16T10:52:58.080Z</Time><DistanceMeters>680.4585152202185</DistanceMeters><HeartRateBpm><Value>130</Value></HeartRateBpm><SensorState>Present</SensorState></Trackpoint><Trackpoint><Time>2025-07-16T10:52:59.080Z</Time><DistanceMeters>681.5502182642622</DistanceMeters><HeartRateBpm><Value>131</Value></HeartRateBpm><SensorState>Present</SensorState></Trackpoint><Trackpoint><Time>2025-07-16T10:53:00.080Z</Time><DistanceMeters>682.6419213083059</DistanceMeters><HeartRateBpm><Value>131</Value></HeartRateBpm><SensorState>Present</SensorState></Trackpoint><Trackpoint><Time>2025-07-16T10:53:01.080Z</Time><DistanceMeters>683.7336243523496</DistanceMeters><HeartRateBpm><Value>131</Value></HeartRateBpm><SensorState>Present</SensorState></Trackpoint><Trackpoint><Time>2025-07-16T10:53:02.080Z</Time><DistanceMeters>684.8253273963933</DistanceMeters><HeartRateBpm><Value>131</Value></HeartRateBpm><SensorState>Present</SensorState></Trackpoint><Trackpoint><Time>2025-07-16T10:53:03.080Z</Time><DistanceMeters>685.917030440437</DistanceMeters><HeartRateBpm><Value>131</Value></HeartRateBpm><SensorState>Present</SensorState></Trackpoint><Trackpoint><Time>2025-07-16T10:53:04.080Z</Time><DistanceMeters>700.0</DistanceMeters><HeartRateBpm><Value>131</Value></HeartRateBpm><SensorState>Present</SensorState></Trackpoint><Trackpoint><Time>2025-07-16T10:53:05.080Z</Time><DistanceMeters>700.0</DistanceMeters><HeartRateBpm><Value>131</Value></HeartRateBpm><SensorState>Present</SensorState></Trackpoint><Trackpoint><Time>2025-07-16T10:53:06.080Z</Time><DistanceMeters>700.0</DistanceMeters><HeartRateBpm><Value>131</Value></HeartRateBpm><SensorState>Present</SensorState></Trackpoint><Trackpoint><Time>2025-07-16T10:53:07.080Z</Time><DistanceMeters>700.0</DistanceMeters><HeartRateBpm><Value>131</Value></HeartRateBpm><SensorState>Present</SensorState></Trackpoint><Trackpoint><Time>2025-07-16T10:53:08.080Z</Time><DistanceMeters>700.0</DistanceMeters><HeartRateBpm><Value>130</Value></HeartRateBpm><SensorState>Present</SensorState></Trackpoint><Trackpoint><Time>2025-07-16T10:53:09.080Z</Time><DistanceMeters>700.0</DistanceMeters><HeartRateBpm><Value>129</Value></HeartRateBpm><SensorState>Present</SensorState></Trackpoint><Trackpoint><Time>2025-07-16T10:53:10.080Z</Time><DistanceMeters>700.0</DistanceMeters><HeartRateBpm><Value>129</Value></HeartRateBpm><SensorState>Present</SensorState></Trackpoint><Trackpoint><Time>2025-07-16T10:53:11.080Z</Time><DistanceMeters>700.0</DistanceMeters><HeartRateBpm><Value>128</Value></HeartRateBpm><SensorState>Present</SensorState></Trackpoint><Trackpoint><Time>2025-07-16T10:53:12.080Z</Time><DistanceMeters>700.0</DistanceMeters><HeartRateBpm><Value>127</Value></HeartRateBpm><SensorState>Present</SensorState></Trackpoint><Trackpoint><Time>2025-07-16T10:53:13.080Z</Time><DistanceMeters>700.0</DistanceMeters><HeartRateBpm><Value>126</Value></HeartRateBpm><SensorState>Present</SensorState></Trackpoint><Trackpoint><Time>2025-07-16T10:53:14.080Z</Time><DistanceMeters>700.0</DistanceMeters><HeartRateBpm><Value>125</Value></HeartRateBpm><SensorState>Present</SensorState></Trackpoint><Trackpoint><Time>2025-07-16T10:53:15.080Z</Time><DistanceMeters>700.0</DistanceMeters><HeartRateBpm><Value>125</Value></HeartRateBpm><SensorState>Present</SensorState></Trackpoint><Trackpoint><Time>2025-07-16T10:53:16.080Z</Time><DistanceMeters>700.0</DistanceMeters><HeartRateBpm><Value>126</Value></HeartRateBpm><SensorState>Present</SensorState></Trackpoint><Trackpoint><Time>2025-07-16T10:53:17.080Z</Time><DistanceMeters>700.0</DistanceMeters><HeartRateBpm><Value>127</Value></HeartRateBpm><SensorState>Present</SensorState></Trackpoint><Trackpoint><Time>2025-07-16T10:53:18.080Z</Time><DistanceMeters>700.0</DistanceMeters><HeartRateBpm><Value>129</Value></HeartRateBpm><SensorState>Present</SensorState></Trackpoint><Trackpoint><Time>2025-07-16T10:53:19.080Z</Time><DistanceMeters>700.0</DistanceMeters><HeartRateBpm><Value>129</Value></HeartRateBpm><SensorState>Present</SensorState></Trackpoint><Trackpoint><Time>2025-07-16T10:53:20.080Z</Time><DistanceMeters>700.0</DistanceMeters><HeartRateBpm><Value>129</Value></HeartRateBpm><SensorState>Present</SensorState></Trackpoint><Trackpoint><Time>2025-07-16T10:53:21.080Z</Time><DistanceMeters>700.0</DistanceMeters><HeartRateBpm><Value>128</Value></HeartRateBpm><SensorState>Present</SensorState></Trackpoint><Trackpoint><Time>2025-07-16T10:53:22.080Z</Time><DistanceMeters>700.0</DistanceMeters><HeartRateBpm><Value>128</Value></HeartRateBpm><SensorState>Present</SensorState></Trackpoint><Trackpoint><Time>2025-07-16T10:53:23.080Z</Time><DistanceMeters>700.0</DistanceMeters><HeartRateBpm><Value>128</Value></HeartRateBpm><SensorState>Present</SensorState></Trackpoint><Trackpoint><Time>2025-07-16T10:53:24.080Z</Time><DistanceMeters>700.0</DistanceMeters><HeartRateBpm><Value>127</Value></HeartRateBpm><SensorState>Present</SensorState></Trackpoint><Trackpoint><Time>2025-07-16T10:53:25.080Z</Time><DistanceMeters>700.0</DistanceMeters><HeartRateBpm><Value>127</Value></HeartRateBpm><SensorState>Present</SensorState></Trackpoint><Trackpoint><Time>2025-07-16T10:53:26.080Z</Time><DistanceMeters>700.0</DistanceMeters><HeartRateBpm><Value>127</Value></HeartRateBpm><SensorState>Present</SensorState></Trackpoint><Trackpoint><Time>2025-07-16T10:53:27.080Z</Time><DistanceMeters>700.0</DistanceMeters><HeartRateBpm><Value>127</Value></HeartRateBpm><SensorState>Present</SensorState></Trackpoint><Trackpoint><Time>2025-07-16T10:53:28.080Z</Time><DistanceMeters>700.0</DistanceMeters><HeartRateBpm><Value>128</Value></HeartRateBpm><SensorState>Present</SensorState></Trackpoint><Trackpoint><Time>2025-07-16T10:53:29.080Z</Time><DistanceMeters>700.0</DistanceMeters><HeartRateBpm><Value>128</Value></HeartRateBpm><SensorState>Present</SensorState></Trackpoint><Trackpoint><Time>2025-07-16T10:53:30.080Z</Time><DistanceMeters>700.0</DistanceMeters><HeartRateBpm><Value>127</Value></HeartRateBpm><SensorState>Present</SensorState></Trackpoint><Trackpoint><Time>2025-07-16T10:53:31.080Z</Time><DistanceMeters>700.0</DistanceMeters><HeartRateBpm><Value>126</Value></HeartRateBpm><SensorState>Present</SensorState></Trackpoint><Trackpoint><Time>2025-07-16T10:53:32.080Z</Time><DistanceMeters>701.0917030440437</DistanceMeters><HeartRateBpm><Value>125</Value></HeartRateBpm><SensorState>Present</SensorState></Trackpoint><Trackpoint><Time>2025-07-16T10:53:33.080Z</Time><DistanceMeters>702.1834060880874</DistanceMeters><HeartRateBpm><Value>124</Value></HeartRateBpm><SensorState>Present</SensorState></Trackpoint><Trackpoint><Time>2025-07-16T10:53:34.080Z</Time><DistanceMeters>703.2751091321311</DistanceMeters><HeartRateBpm><Value>123</Value></HeartRateBpm><SensorState>Present</SensorState></Trackpoint><Trackpoint><Time>2025-07-16T10:53:35.080Z</Time><DistanceMeters>704.3668121761748</DistanceMeters><HeartRateBpm><Value>124</Value></HeartRateBpm><SensorState>Present</SensorState></Trackpoint><Trackpoint><Time>2025-07-16T10:53:36.080Z</Time><DistanceMeters>705.4585152202185</DistanceMeters><HeartRateBpm><Value>125</Value></HeartRateBpm><SensorState>Present</SensorState></Trackpoint><Trackpoint><Time>2025-07-16T10:53:37.080Z</Time><DistanceMeters>706.5502182642622</DistanceMeters><HeartRateBpm><Value>125</Value></HeartRateBpm><SensorState>Present</SensorState></Trackpoint><Trackpoint><Time>2025-07-16T10:53:38.080Z</Time><DistanceMeters>707.6419213083059</DistanceMeters><HeartRateBpm><Value>126</Value></HeartRateBpm><SensorState>Present</SensorState></Trackpoint><Trackpoint><Time>2025-07-16T10:53:39.080Z</Time><DistanceMeters>708.7336243523496</DistanceMeters><HeartRateBpm><Value>126</Value></HeartRateBpm><SensorState>Present</SensorState></Trackpoint><Trackpoint><Time>2025-07-16T10:53:40.080Z</Time><DistanceMeters>709.8253273963933</DistanceMeters><HeartRateBpm><Value>127</Value></HeartRateBpm><SensorState>Present</SensorState></Trackpoint><Trackpoint><Time>2025-07-16T10:53:41.080Z</Time><DistanceMeters>710.917030440437</DistanceMeters><HeartRateBpm><Value>128</Value></HeartRateBpm><SensorState>Present</SensorState></Trackpoint><Trackpoint><Time>2025-07-16T10:53:42.080Z</Time><DistanceMeters>725.0</DistanceMeters><HeartRateBpm><Value>128</Value></HeartRateBpm><SensorState>Present</SensorState></Trackpoint><Trackpoint><Time>2025-07-16T10:53:43.080Z</Time><DistanceMeters>725.0</DistanceMeters><HeartRateBpm><Value>128</Value></HeartRateBpm><SensorState>Present</SensorState></Trackpoint><Trackpoint><Time>2025-07-16T10:53:44.080Z</Time><DistanceMeters>725.0</DistanceMeters><HeartRateBpm><Value>128</Value></HeartRateBpm><SensorState>Present</SensorState></Trackpoint><Trackpoint><Time>2025-07-16T10:53:45.080Z</Time><DistanceMeters>725.0</DistanceMeters><HeartRateBpm><Value>129</Value></HeartRateBpm><SensorState>Present</SensorState></Trackpoint><Trackpoint><Time>2025-07-16T10:53:46.080Z</Time><DistanceMeters>725.0</DistanceMeters><HeartRateBpm><Value>129</Value></HeartRateBpm><SensorState>Present</SensorState></Trackpoint><Trackpoint><Time>2025-07-16T10:53:47.080Z</Time><DistanceMeters>725.0</DistanceMeters><HeartRateBpm><Value>129</Value></HeartRateBpm><SensorState>Present</SensorState></Trackpoint><Trackpoint><Time>2025-07-16T10:53:48.080Z</Time><DistanceMeters>725.0</DistanceMeters><HeartRateBpm><Value>129</Value></HeartRateBpm><SensorState>Present</SensorState></Trackpoint><Trackpoint><Time>2025-07-16T10:53:49.080Z</Time><DistanceMeters>725.0</DistanceMeters><HeartRateBpm><Value>130</Value></HeartRateBpm><SensorState>Present</SensorState></Trackpoint><Trackpoint><Time>2025-07-16T10:53:50.080Z</Time><DistanceMeters>725.0</DistanceMeters><HeartRateBpm><Value>130</Value></HeartRateBpm><SensorState>Present</SensorState></Trackpoint><Trackpoint><Time>2025-07-16T10:53:51.080Z</Time><DistanceMeters>725.0</DistanceMeters><HeartRateBpm><Value>130</Value></HeartRateBpm><SensorState>Present</SensorState></Trackpoint><Trackpoint><Time>2025-07-16T10:53:52.080Z</Time><DistanceMeters>725.0</DistanceMeters><HeartRateBpm><Value>130</Value></HeartRateBpm><SensorState>Present</SensorState></Trackpoint><Trackpoint><Time>2025-07-16T10:53:53.080Z</Time><DistanceMeters>725.0</DistanceMeters><HeartRateBpm><Value>130</Value></HeartRateBpm><SensorState>Present</SensorState></Trackpoint><Trackpoint><Time>2025-07-16T10:53:54.080Z</Time><DistanceMeters>725.0</DistanceMeters><HeartRateBpm><Value>131</Value></HeartRateBpm><SensorState>Present</SensorState></Trackpoint><Trackpoint><Time>2025-07-16T10:53:55.080Z</Time><DistanceMeters>725.0</DistanceMeters><HeartRateBpm><Value>131</Value></HeartRateBpm><SensorState>Present</SensorState></Trackpoint><Trackpoint><Time>2025-07-16T10:53:56.080Z</Time><DistanceMeters>725.0</DistanceMeters><HeartRateBpm><Value>131</Value></HeartRateBpm><SensorState>Present</SensorState></Trackpoint><Trackpoint><Time>2025-07-16T10:53:57.080Z</Time><DistanceMeters>725.0</DistanceMeters><HeartRateBpm><Value>131</Value></HeartRateBpm><SensorState>Present</SensorState></Trackpoint><Trackpoint><Time>2025-07-16T10:53:58.080Z</Time><DistanceMeters>725.0</DistanceMeters><HeartRateBpm><Value>131</Value></HeartRateBpm><SensorState>Present</SensorState></Trackpoint><Trackpoint><Time>2025-07-16T10:53:59.080Z</Time><DistanceMeters>725.0</DistanceMeters><HeartRateBpm><Value>132</Value></HeartRateBpm><SensorState>Present</SensorState></Trackpoint><Trackpoint><Time>2025-07-16T10:54:00.080Z</Time><DistanceMeters>725.0</DistanceMeters><HeartRateBpm><Value>132</Value></HeartRateBpm><SensorState>Present</SensorState></Trackpoint><Trackpoint><Time>2025-07-16T10:54:01.080Z</Time><DistanceMeters>725.0</DistanceMeters><HeartRateBpm><Value>133</Value></HeartRateBpm><SensorState>Present</SensorState></Trackpoint><Trackpoint><Time>2025-07-16T10:54:02.080Z</Time><DistanceMeters>726.0917030440437</DistanceMeters><HeartRateBpm><Value>133</Value></HeartRateBpm><SensorState>Present</SensorState></Trackpoint><Trackpoint><Time>2025-07-16T10:54:03.080Z</Time><DistanceMeters>727.1834060880874</DistanceMeters><HeartRateBpm><Value>134</Value></HeartRateBpm><SensorState>Present</SensorState></Trackpoint><Trackpoint><Time>2025-07-16T10:54:04.080Z</Time><DistanceMeters>728.2751091321311</DistanceMeters><HeartRateBpm><Value>135</Value></HeartRateBpm><SensorState>Present</SensorState></Trackpoint><Trackpoint><Time>2025-07-16T10:54:05.080Z</Time><DistanceMeters>729.3668121761748</DistanceMeters><HeartRateBpm><Value>136</Value></HeartRateBpm><SensorState>Present</SensorState></Trackpoint><Trackpoint><Time>2025-07-16T10:54:06.080Z</Time><DistanceMeters>730.4585152202185</DistanceMeters><HeartRateBpm><Value>136</Value></HeartRateBpm><SensorState>Present</SensorState></Trackpoint><Trackpoint><Time>2025-07-16T10:54:07.080Z</Time><DistanceMeters>731.5502182642622</DistanceMeters><HeartRateBpm><Value>136</Value></HeartRateBpm><SensorState>Present</SensorState></Trackpoint><Trackpoint><Time>2025-07-16T10:54:08.080Z</Time><DistanceMeters>732.6419213083059</DistanceMeters><HeartRateBpm><Value>136</Value></HeartRateBpm><SensorState>Present</SensorState></Trackpoint><Trackpoint><Time>2025-07-16T10:54:09.080Z</Time><DistanceMeters>733.7336243523496</DistanceMeters><HeartRateBpm><Value>136</Value></HeartRateBpm><SensorState>Present</SensorState></Trackpoint><Trackpoint><Time>2025-07-16T10:54:10.080Z</Time><DistanceMeters>734.8253273963933</DistanceMeters><HeartRateBpm><Value>136</Value></HeartRateBpm><SensorState>Present</SensorState></Trackpoint><Trackpoint><Time>2025-07-16T10:54:11.080Z</Time><DistanceMeters>735.917030440437</DistanceMeters><HeartRateBpm><Value>136</Value></HeartRateBpm><SensorState>Present</SensorState></Trackpoint><Trackpoint><Time>2025-07-16T10:54:12.080Z</Time><DistanceMeters>750.0</DistanceMeters><HeartRateBpm><Value>136</Value></HeartRateBpm><SensorState>Present</SensorState></Trackpoint><Trackpoint><Time>2025-07-16T10:54:13.080Z</Time><DistanceMeters>750.0</DistanceMeters><HeartRateBpm><Value>136</Value></HeartRateBpm><SensorState>Present</SensorState></Trackpoint><Trackpoint><Time>2025-07-16T10:54:14.080Z</Time><DistanceMeters>750.0</DistanceMeters><HeartRateBpm><Value>136</Value></HeartRateBpm><SensorState>Present</SensorState></Trackpoint><Trackpoint><Time>2025-07-16T10:54:15.080Z</Time><DistanceMeters>750.0</DistanceMeters><HeartRateBpm><Value>136</Value></HeartRateBpm><SensorState>Present</SensorState></Trackpoint><Trackpoint><Time>2025-07-16T10:54:16.080Z</Time><DistanceMeters>750.0</DistanceMeters><HeartRateBpm><Value>137</Value></HeartRateBpm><SensorState>Present</SensorState></Trackpoint><Trackpoint><Time>2025-07-16T10:54:17.080Z</Time><DistanceMeters>750.0</DistanceMeters><HeartRateBpm><Value>137</Value></HeartRateBpm><SensorState>Present</SensorState></Trackpoint><Trackpoint><Time>2025-07-16T10:54:18.080Z</Time><DistanceMeters>750.0</DistanceMeters><HeartRateBpm><Value>137</Value></HeartRateBpm><SensorState>Present</SensorState></Trackpoint><Trackpoint><Time>2025-07-16T10:54:19.080Z</Time><DistanceMeters>750.0</DistanceMeters><HeartRateBpm><Value>137</Value></HeartRateBpm><SensorState>Present</SensorState></Trackpoint><Trackpoint><Time>2025-07-16T10:54:20.080Z</Time><DistanceMeters>750.0</DistanceMeters><HeartRateBpm><Value>137</Value></HeartRateBpm><SensorState>Present</SensorState></Trackpoint><Trackpoint><Time>2025-07-16T10:54:21.080Z</Time><DistanceMeters>750.0</DistanceMeters><HeartRateBpm><Value>136</Value></HeartRateBpm><SensorState>Present</SensorState></Trackpoint><Trackpoint><Time>2025-07-16T10:54:22.080Z</Time><DistanceMeters>750.0</DistanceMeters><HeartRateBpm><Value>136</Value></HeartRateBpm><SensorState>Present</SensorState></Trackpoint><Trackpoint><Time>2025-07-16T10:54:23.080Z</Time><DistanceMeters>750.0</DistanceMeters><HeartRateBpm><Value>135</Value></HeartRateBpm><SensorState>Present</SensorState></Trackpoint><Trackpoint><Time>2025-07-16T10:54:24.080Z</Time><DistanceMeters>750.0</DistanceMeters><HeartRateBpm><Value>134</Value></HeartRateBpm><SensorState>Present</SensorState></Trackpoint><Trackpoint><Time>2025-07-16T10:54:25.080Z</Time><DistanceMeters>750.0</DistanceMeters><HeartRateBpm><Value>134</Value></HeartRateBpm><SensorState>Present</SensorState></Trackpoint><Trackpoint><Time>2025-07-16T10:54:26.080Z</Time><DistanceMeters>750.0</DistanceMeters><HeartRateBpm><Value>133</Value></HeartRateBpm><SensorState>Present</SensorState></Trackpoint><Trackpoint><Time>2025-07-16T10:54:27.080Z</Time><DistanceMeters>750.0</DistanceMeters><HeartRateBpm><Value>133</Value></HeartRateBpm><SensorState>Present</SensorState></Trackpoint><Trackpoint><Time>2025-07-16T10:54:28.080Z</Time><DistanceMeters>750.0</DistanceMeters><HeartRateBpm><Value>132</Value></HeartRateBpm><SensorState>Present</SensorState></Trackpoint><Trackpoint><Time>2025-07-16T10:54:29.080Z</Time><DistanceMeters>750.0</DistanceMeters><HeartRateBpm><Value>132</Value></HeartRateBpm><SensorState>Present</SensorState></Trackpoint><Trackpoint><Time>2025-07-16T10:54:30.080Z</Time><DistanceMeters>750.0</DistanceMeters><HeartRateBpm><Value>132</Value></HeartRateBpm><SensorState>Present</SensorState></Trackpoint><Trackpoint><Time>2025-07-16T10:54:31.080Z</Time><DistanceMeters>750.0</DistanceMeters><HeartRateBpm><Value>133</Value></HeartRateBpm><SensorState>Present</SensorState></Trackpoint><Trackpoint><Time>2025-07-16T10:54:32.080Z</Time><DistanceMeters>750.0</DistanceMeters><HeartRateBpm><Value>134</Value></HeartRateBpm><SensorState>Present</SensorState></Trackpoint><Trackpoint><Time>2025-07-16T10:54:33.080Z</Time><DistanceMeters>751.0917030440437</DistanceMeters><HeartRateBpm><Value>134</Value></HeartRateBpm><SensorState>Present</SensorState></Trackpoint><Trackpoint><Time>2025-07-16T10:54:34.080Z</Time><DistanceMeters>752.1834060880874</DistanceMeters><HeartRateBpm><Value>134</Value></HeartRateBpm><SensorState>Present</SensorState></Trackpoint><Trackpoint><Time>2025-07-16T10:54:35.080Z</Time><DistanceMeters>753.2751091321311</DistanceMeters><HeartRateBpm><Value>135</Value></HeartRateBpm><SensorState>Present</SensorState></Trackpoint><Trackpoint><Time>2025-07-16T10:54:36.080Z</Time><DistanceMeters>754.3668121761748</DistanceMeters><HeartRateBpm><Value>135</Value></HeartRateBpm><SensorState>Present</SensorState></Trackpoint><Trackpoint><Time>2025-07-16T10:54:37.080Z</Time><DistanceMeters>755.4585152202185</DistanceMeters><HeartRateBpm><Value>135</Value></HeartRateBpm><SensorState>Present</SensorState></Trackpoint><Trackpoint><Time>2025-07-16T10:54:38.080Z</Time><DistanceMeters>756.5502182642622</DistanceMeters><HeartRateBpm><Value>135</Value></HeartRateBpm><SensorState>Present</SensorState></Trackpoint><Trackpoint><Time>2025-07-16T10:54:39.080Z</Time><DistanceMeters>757.6419213083059</DistanceMeters><HeartRateBpm><Value>135</Value></HeartRateBpm><SensorState>Present</SensorState></Trackpoint><Trackpoint><Time>2025-07-16T10:54:40.080Z</Time><DistanceMeters>758.7336243523496</DistanceMeters><HeartRateBpm><Value>134</Value></HeartRateBpm><SensorState>Present</SensorState></Trackpoint><Trackpoint><Time>2025-07-16T10:54:41.080Z</Time><DistanceMeters>759.8253273963933</DistanceMeters><HeartRateBpm><Value>132</Value></HeartRateBpm><SensorState>Present</SensorState></Trackpoint><Trackpoint><Time>2025-07-16T10:54:42.080Z</Time><DistanceMeters>760.917030440437</DistanceMeters><HeartRateBpm><Value>130</Value></HeartRateBpm><SensorState>Present</SensorState></Trackpoint><Trackpoint><Time>2025-07-16T10:54:43.080Z</Time><DistanceMeters>775.0</DistanceMeters><HeartRateBpm><Value>129</Value></HeartRateBpm><SensorState>Present</SensorState></Trackpoint><Trackpoint><Time>2025-07-16T10:54:44.080Z</Time><DistanceMeters>775.0</DistanceMeters><HeartRateBpm><Value>128</Value></HeartRateBpm><SensorState>Present</SensorState></Trackpoint><Trackpoint><Time>2025-07-16T10:54:45.080Z</Time><DistanceMeters>775.0</DistanceMeters><HeartRateBpm><Value>128</Value></HeartRateBpm><SensorState>Present</SensorState></Trackpoint><Trackpoint><Time>2025-07-16T10:54:46.080Z</Time><DistanceMeters>775.0</DistanceMeters><HeartRateBpm><Value>127</Value></HeartRateBpm><SensorState>Present</SensorState></Trackpoint><Trackpoint><Time>2025-07-16T10:54:47.080Z</Time><DistanceMeters>775.0</DistanceMeters><HeartRateBpm><Value>127</Value></HeartRateBpm><SensorState>Present</SensorState></Trackpoint><Trackpoint><Time>2025-07-16T10:54:48.080Z</Time><DistanceMeters>775.0</DistanceMeters><HeartRateBpm><Value>127</Value></HeartRateBpm><SensorState>Present</SensorState></Trackpoint><Trackpoint><Time>2025-07-16T10:54:49.080Z</Time><DistanceMeters>775.0</DistanceMeters><HeartRateBpm><Value>127</Value></HeartRateBpm><SensorState>Present</SensorState></Trackpoint><Trackpoint><Time>2025-07-16T10:54:50.080Z</Time><DistanceMeters>775.0</DistanceMeters><HeartRateBpm><Value>127</Value></HeartRateBpm><SensorState>Present</SensorState></Trackpoint><Trackpoint><Time>2025-07-16T10:54:51.080Z</Time><DistanceMeters>775.0</DistanceMeters><HeartRateBpm><Value>126</Value></HeartRateBpm><SensorState>Present</SensorState></Trackpoint><Trackpoint><Time>2025-07-16T10:54:52.080Z</Time><DistanceMeters>775.0</DistanceMeters><HeartRateBpm><Value>125</Value></HeartRateBpm><SensorState>Present</SensorState></Trackpoint><Trackpoint><Time>2025-07-16T10:54:53.080Z</Time><DistanceMeters>775.0</DistanceMeters><HeartRateBpm><Value>124</Value></HeartRateBpm><SensorState>Present</SensorState></Trackpoint><Trackpoint><Time>2025-07-16T10:54:54.080Z</Time><DistanceMeters>775.0</DistanceMeters><HeartRateBpm><Value>122</Value></HeartRateBpm><SensorState>Present</SensorState></Trackpoint><Trackpoint><Time>2025-07-16T10:54:55.080Z</Time><DistanceMeters>775.0</DistanceMeters><HeartRateBpm><Value>121</Value></HeartRateBpm><SensorState>Present</SensorState></Trackpoint><Trackpoint><Time>2025-07-16T10:54:56.080Z</Time><DistanceMeters>775.0</DistanceMeters><HeartRateBpm><Value>121</Value></HeartRateBpm><SensorState>Present</SensorState></Trackpoint><Trackpoint><Time>2025-07-16T10:54:57.080Z</Time><DistanceMeters>775.0</DistanceMeters><HeartRateBpm><Value>121</Value></HeartRateBpm><SensorState>Present</SensorState></Trackpoint><Trackpoint><Time>2025-07-16T10:54:58.080Z</Time><DistanceMeters>775.0</DistanceMeters><HeartRateBpm><Value>122</Value></HeartRateBpm><SensorState>Present</SensorState></Trackpoint><Trackpoint><Time>2025-07-16T10:54:59.080Z</Time><DistanceMeters>775.0</DistanceMeters><HeartRateBpm><Value>122</Value></HeartRateBpm><SensorState>Present</SensorState></Trackpoint><Trackpoint><Time>2025-07-16T10:55:00.080Z</Time><DistanceMeters>775.0</DistanceMeters><HeartRateBpm><Value>122</Value></HeartRateBpm><SensorState>Present</SensorState></Trackpoint><Trackpoint><Time>2025-07-16T10:55:01.080Z</Time><DistanceMeters>775.0</DistanceMeters><HeartRateBpm><Value>122</Value></HeartRateBpm><SensorState>Present</SensorState></Trackpoint><Trackpoint><Time>2025-07-16T10:55:02.080Z</Time><DistanceMeters>775.0</DistanceMeters><HeartRateBpm><Value>123</Value></HeartRateBpm><SensorState>Present</SensorState></Trackpoint><Trackpoint><Time>2025-07-16T10:55:03.080Z</Time><DistanceMeters>775.0</DistanceMeters><HeartRateBpm><Value>122</Value></HeartRateBpm><SensorState>Present</SensorState></Trackpoint><Trackpoint><Time>2025-07-16T10:55:04.080Z</Time><DistanceMeters>775.0</DistanceMeters><HeartRateBpm><Value>122</Value></HeartRateBpm><SensorState>Present</SensorState></Trackpoint><Trackpoint><Time>2025-07-16T10:55:05.080Z</Time><DistanceMeters>775.0</DistanceMeters><HeartRateBpm><Value>122</Value></HeartRateBpm><SensorState>Present</SensorState></Trackpoint><Trackpoint><Time>2025-07-16T10:55:06.080Z</Time><DistanceMeters>775.0</DistanceMeters><HeartRateBpm><Value>121</Value></HeartRateBpm><SensorState>Present</SensorState></Trackpoint><Trackpoint><Time>2025-07-16T10:55:07.080Z</Time><DistanceMeters>776.0917030440437</DistanceMeters><HeartRateBpm><Value>122</Value></HeartRateBpm><SensorState>Present</SensorState></Trackpoint><Trackpoint><Time>2025-07-16T10:55:08.080Z</Time><DistanceMeters>777.1834060880874</DistanceMeters><HeartRateBpm><Value>122</Value></HeartRateBpm><SensorState>Present</SensorState></Trackpoint><Trackpoint><Time>2025-07-16T10:55:09.080Z</Time><DistanceMeters>778.2751091321311</DistanceMeters><HeartRateBpm><Value>123</Value></HeartRateBpm><SensorState>Present</SensorState></Trackpoint><Trackpoint><Time>2025-07-16T10:55:10.080Z</Time><DistanceMeters>779.3668121761748</DistanceMeters><HeartRateBpm><Value>122</Value></HeartRateBpm><SensorState>Present</SensorState></Trackpoint><Trackpoint><Time>2025-07-16T10:55:11.080Z</Time><DistanceMeters>780.4585152202185</DistanceMeters><HeartRateBpm><Value>121</Value></HeartRateBpm><SensorState>Present</SensorState></Trackpoint><Trackpoint><Time>2025-07-16T10:55:12.080Z</Time><DistanceMeters>781.5502182642622</DistanceMeters><HeartRateBpm><Value>122</Value></HeartRateBpm><SensorState>Present</SensorState></Trackpoint><Trackpoint><Time>2025-07-16T10:55:13.080Z</Time><DistanceMeters>782.6419213083059</DistanceMeters><HeartRateBpm><Value>123</Value></HeartRateBpm><SensorState>Present</SensorState></Trackpoint><Trackpoint><Time>2025-07-16T10:55:14.080Z</Time><DistanceMeters>783.7336243523496</DistanceMeters><HeartRateBpm><Value>123</Value></HeartRateBpm><SensorState>Present</SensorState></Trackpoint><Trackpoint><Time>2025-07-16T10:55:15.080Z</Time><DistanceMeters>784.8253273963933</DistanceMeters><HeartRateBpm><Value>123</Value></HeartRateBpm><SensorState>Present</SensorState></Trackpoint><Trackpoint><Time>2025-07-16T10:55:16.080Z</Time><DistanceMeters>785.917030440437</DistanceMeters><HeartRateBpm><Value>123</Value></HeartRateBpm><SensorState>Present</SensorState></Trackpoint><Trackpoint><Time>2025-07-16T10:55:17.080Z</Time><DistanceMeters>800.0</DistanceMeters><HeartRateBpm><Value>124</Value></HeartRateBpm><SensorState>Present</SensorState></Trackpoint><Trackpoint><Time>2025-07-16T10:55:18.080Z</Time><DistanceMeters>800.0</DistanceMeters><HeartRateBpm><Value>125</Value></HeartRateBpm><SensorState>Present</SensorState></Trackpoint><Trackpoint><Time>2025-07-16T10:55:19.080Z</Time><DistanceMeters>800.0</DistanceMeters><HeartRateBpm><Value>125</Value></HeartRateBpm><SensorState>Present</SensorState></Trackpoint><Trackpoint><Time>2025-07-16T10:55:20.080Z</Time><DistanceMeters>800.0</DistanceMeters><HeartRateBpm><Value>126</Value></HeartRateBpm><SensorState>Present</SensorState></Trackpoint><Trackpoint><Time>2025-07-16T10:55:21.080Z</Time><DistanceMeters>800.0</DistanceMeters><HeartRateBpm><Value>127</Value></HeartRateBpm><SensorState>Present</SensorState></Trackpoint><Trackpoint><Time>2025-07-16T10:55:22.080Z</Time><DistanceMeters>800.0</DistanceMeters><HeartRateBpm><Value>128</Value></HeartRateBpm><SensorState>Present</SensorState></Trackpoint><Trackpoint><Time>2025-07-16T10:55:23.080Z</Time><DistanceMeters>800.0</DistanceMeters><HeartRateBpm><Value>129</Value></HeartRateBpm><SensorState>Present</SensorState></Trackpoint><Trackpoint><Time>2025-07-16T10:55:24.080Z</Time><DistanceMeters>800.0</DistanceMeters><HeartRateBpm><Value>130</Value></HeartRateBpm><SensorState>Present</SensorState></Trackpoint><Trackpoint><Time>2025-07-16T10:55:25.080Z</Time><DistanceMeters>800.0</DistanceMeters><HeartRateBpm><Value>130</Value></HeartRateBpm><SensorState>Present</SensorState></Trackpoint><Trackpoint><Time>2025-07-16T10:55:26.080Z</Time><DistanceMeters>800.0</DistanceMeters><HeartRateBpm><Value>131</Value></HeartRateBpm><SensorState>Present</SensorState></Trackpoint><Trackpoint><Time>2025-07-16T10:55:27.080Z</Time><DistanceMeters>800.0</DistanceMeters><HeartRateBpm><Value>131</Value></HeartRateBpm><SensorState>Present</SensorState></Trackpoint><Trackpoint><Time>2025-07-16T10:55:28.080Z</Time><DistanceMeters>800.0</DistanceMeters><HeartRateBpm><Value>131</Value></HeartRateBpm><SensorState>Present</SensorState></Trackpoint><Trackpoint><Time>2025-07-16T10:55:29.080Z</Time><DistanceMeters>800.0</DistanceMeters><HeartRateBpm><Value>131</Value></HeartRateBpm><SensorState>Present</SensorState></Trackpoint><Trackpoint><Time>2025-07-16T10:55:30.080Z</Time><DistanceMeters>800.0</DistanceMeters><HeartRateBpm><Value>131</Value></HeartRateBpm><SensorState>Present</SensorState></Trackpoint><Trackpoint><Time>2025-07-16T10:55:31.080Z</Time><DistanceMeters>800.0</DistanceMeters><HeartRateBpm><Value>131</Value></HeartRateBpm><SensorState>Present</SensorState></Trackpoint><Trackpoint><Time>2025-07-16T10:55:32.080Z</Time><DistanceMeters>800.0</DistanceMeters><HeartRateBpm><Value>131</Value></HeartRateBpm><SensorState>Present</SensorState></Trackpoint><Trackpoint><Time>2025-07-16T10:55:33.080Z</Time><DistanceMeters>800.0</DistanceMeters><HeartRateBpm><Value>132</Value></HeartRateBpm><SensorState>Present</SensorState></Trackpoint><Trackpoint><Time>2025-07-16T10:55:34.080Z</Time><DistanceMeters>800.0</DistanceMeters><HeartRateBpm><Value>132</Value></HeartRateBpm><SensorState>Present</SensorState></Trackpoint><Trackpoint><Time>2025-07-16T10:55:35.080Z</Time><DistanceMeters>801.0917030440437</DistanceMeters><HeartRateBpm><Value>131</Value></HeartRateBpm><SensorState>Present</SensorState></Trackpoint><Trackpoint><Time>2025-07-16T10:55:36.080Z</Time><DistanceMeters>802.1834060880874</DistanceMeters><HeartRateBpm><Value>132</Value></HeartRateBpm><SensorState>Present</SensorState></Trackpoint><Trackpoint><Time>2025-07-16T10:55:37.080Z</Time><DistanceMeters>803.2751091321311</DistanceMeters><HeartRateBpm><Value>132</Value></HeartRateBpm><SensorState>Present</SensorState></Trackpoint><Trackpoint><Time>2025-07-16T10:55:38.080Z</Time><DistanceMeters>804.3668121761748</DistanceMeters><HeartRateBpm><Value>132</Value></HeartRateBpm><SensorState>Present</SensorState></Trackpoint><Trackpoint><Time>2025-07-16T10:55:39.080Z</Time><DistanceMeters>805.4585152202185</DistanceMeters><HeartRateBpm><Value>132</Value></HeartRateBpm><SensorState>Present</SensorState></Trackpoint><Trackpoint><Time>2025-07-16T10:55:40.080Z</Time><DistanceMeters>806.5502182642622</DistanceMeters><HeartRateBpm><Value>132</Value></HeartRateBpm><SensorState>Present</SensorState></Trackpoint><Trackpoint><Time>2025-07-16T10:55:41.080Z</Time><DistanceMeters>807.6419213083059</DistanceMeters><HeartRateBpm><Value>131</Value></HeartRateBpm><SensorState>Present</SensorState></Trackpoint><Trackpoint><Time>2025-07-16T10:55:42.080Z</Time><DistanceMeters>808.7336243523496</DistanceMeters><HeartRateBpm><Value>130</Value></HeartRateBpm><SensorState>Present</SensorState></Trackpoint><Trackpoint><Time>2025-07-16T10:55:43.080Z</Time><DistanceMeters>809.8253273963933</DistanceMeters><HeartRateBpm><Value>129</Value></HeartRateBpm><SensorState>Present</SensorState></Trackpoint><Trackpoint><Time>2025-07-16T10:55:44.080Z</Time><DistanceMeters>810.917030440437</DistanceMeters><HeartRateBpm><Value>128</Value></HeartRateBpm><SensorState>Present</SensorState></Trackpoint><Trackpoint><Time>2025-07-16T10:55:45.080Z</Time><DistanceMeters>825.0</DistanceMeters><HeartRateBpm><Value>126</Value></HeartRateBpm><SensorState>Present</SensorState></Trackpoint><Trackpoint><Time>2025-07-16T10:55:46.080Z</Time><DistanceMeters>825.0</DistanceMeters><HeartRateBpm><Value>125</Value></HeartRateBpm><SensorState>Present</SensorState></Trackpoint><Trackpoint><Time>2025-07-16T10:55:47.080Z</Time><DistanceMeters>825.0</DistanceMeters><HeartRateBpm><Value>123</Value></HeartRateBpm><SensorState>Present</SensorState></Trackpoint><Trackpoint><Time>2025-07-16T10:55:48.080Z</Time><DistanceMeters>825.0</DistanceMeters><HeartRateBpm><Value>121</Value></HeartRateBpm><SensorState>Present</SensorState></Trackpoint><Trackpoint><Time>2025-07-16T10:55:49.080Z</Time><DistanceMeters>825.0</DistanceMeters><HeartRateBpm><Value>119</Value></HeartRateBpm><SensorState>Present</SensorState></Trackpoint><Trackpoint><Time>2025-07-16T10:55:50.080Z</Time><DistanceMeters>825.0</DistanceMeters><HeartRateBpm><Value>118</Value></HeartRateBpm><SensorState>Present</SensorState></Trackpoint><Trackpoint><Time>2025-07-16T10:55:51.080Z</Time><DistanceMeters>825.0</DistanceMeters><HeartRateBpm><Value>116</Value></HeartRateBpm><SensorState>Present</SensorState></Trackpoint><Trackpoint><Time>2025-07-16T10:55:52.080Z</Time><DistanceMeters>825.0</DistanceMeters><HeartRateBpm><Value>115</Value></HeartRateBpm><SensorState>Present</SensorState></Trackpoint><Trackpoint><Time>2025-07-16T10:55:53.080Z</Time><DistanceMeters>825.0</DistanceMeters><HeartRateBpm><Value>115</Value></HeartRateBpm><SensorState>Present</SensorState></Trackpoint><Trackpoint><Time>2025-07-16T10:55:54.080Z</Time><DistanceMeters>825.0</DistanceMeters><HeartRateBpm><Value>116</Value></HeartRateBpm><SensorState>Present</SensorState></Trackpoint><Trackpoint><Time>2025-07-16T10:55:55.080Z</Time><DistanceMeters>825.0</DistanceMeters><HeartRateBpm><Value>116</Value></HeartRateBpm><SensorState>Present</SensorState></Trackpoint><Trackpoint><Time>2025-07-16T10:55:56.080Z</Time><DistanceMeters>825.0</DistanceMeters><HeartRateBpm><Value>117</Value></HeartRateBpm><SensorState>Present</SensorState></Trackpoint><Trackpoint><Time>2025-07-16T10:55:57.080Z</Time><DistanceMeters>825.0</DistanceMeters><HeartRateBpm><Value>118</Value></HeartRateBpm><SensorState>Present</SensorState></Trackpoint><Trackpoint><Time>2025-07-16T10:55:58.080Z</Time><DistanceMeters>825.0</DistanceMeters><HeartRateBpm><Value>118</Value></HeartRateBpm><SensorState>Present</SensorState></Trackpoint><Trackpoint><Time>2025-07-16T10:55:59.080Z</Time><DistanceMeters>825.0</DistanceMeters><HeartRateBpm><Value>118</Value></HeartRateBpm><SensorState>Present</SensorState></Trackpoint><Trackpoint><Time>2025-07-16T10:56:00.080Z</Time><DistanceMeters>825.0</DistanceMeters><HeartRateBpm><Value>119</Value></HeartRateBpm><SensorState>Present</SensorState></Trackpoint><Trackpoint><Time>2025-07-16T10:56:01.080Z</Time><DistanceMeters>825.0</DistanceMeters><HeartRateBpm><Value>119</Value></HeartRateBpm><SensorState>Present</SensorState></Trackpoint><Trackpoint><Time>2025-07-16T10:56:02.080Z</Time><DistanceMeters>825.0</DistanceMeters><HeartRateBpm><Value>120</Value></HeartRateBpm><SensorState>Present</SensorState></Trackpoint><Trackpoint><Time>2025-07-16T10:56:03.080Z</Time><DistanceMeters>825.0</DistanceMeters><HeartRateBpm><Value>120</Value></HeartRateBpm><SensorState>Present</SensorState></Trackpoint><Trackpoint><Time>2025-07-16T10:56:04.080Z</Time><DistanceMeters>825.0</DistanceMeters><HeartRateBpm><Value>120</Value></HeartRateBpm><SensorState>Present</SensorState></Trackpoint><Trackpoint><Time>2025-07-16T10:56:05.080Z</Time><DistanceMeters>825.0</DistanceMeters><HeartRateBpm><Value>121</Value></HeartRateBpm><SensorState>Present</SensorState></Trackpoint><Trackpoint><Time>2025-07-16T10:56:06.080Z</Time><DistanceMeters>826.0917030440437</DistanceMeters><HeartRateBpm><Value>121</Value></HeartRateBpm><SensorState>Present</SensorState></Trackpoint><Trackpoint><Time>2025-07-16T10:56:07.080Z</Time><DistanceMeters>827.1834060880874</DistanceMeters><HeartRateBpm><Value>121</Value></HeartRateBpm><SensorState>Present</SensorState></Trackpoint><Trackpoint><Time>2025-07-16T10:56:08.080Z</Time><DistanceMeters>828.2751091321311</DistanceMeters><HeartRateBpm><Value>121</Value></HeartRateBpm><SensorState>Present</SensorState></Trackpoint><Trackpoint><Time>2025-07-16T10:56:09.080Z</Time><DistanceMeters>829.3668121761748</DistanceMeters><HeartRateBpm><Value>122</Value></HeartRateBpm><SensorState>Present</SensorState></Trackpoint><Trackpoint><Time>2025-07-16T10:56:10.080Z</Time><DistanceMeters>830.4585152202185</DistanceMeters><HeartRateBpm><Value>122</Value></HeartRateBpm><SensorState>Present</SensorState></Trackpoint><Trackpoint><Time>2025-07-16T10:56:11.080Z</Time><DistanceMeters>831.5502182642622</DistanceMeters><HeartRateBpm><Value>122</Value></HeartRateBpm><SensorState>Present</SensorState></Trackpoint><Trackpoint><Time>2025-07-16T10:56:12.080Z</Time><DistanceMeters>832.6419213083059</DistanceMeters><HeartRateBpm><Value>122</Value></HeartRateBpm><SensorState>Present</SensorState></Trackpoint><Trackpoint><Time>2025-07-16T10:56:13.080Z</Time><DistanceMeters>833.7336243523496</DistanceMeters><HeartRateBpm><Value>122</Value></HeartRateBpm><SensorState>Present</SensorState></Trackpoint><Trackpoint><Time>2025-07-16T10:56:14.080Z</Time><DistanceMeters>834.8253273963933</DistanceMeters><HeartRateBpm><Value>122</Value></HeartRateBpm><SensorState>Present</SensorState></Trackpoint><Trackpoint><Time>2025-07-16T10:56:15.080Z</Time><DistanceMeters>835.917030440437</DistanceMeters><HeartRateBpm><Value>122</Value></HeartRateBpm><SensorState>Present</SensorState></Trackpoint><Trackpoint><Time>2025-07-16T10:56:16.080Z</Time><DistanceMeters>850.0</DistanceMeters><HeartRateBpm><Value>122</Value></HeartRateBpm><SensorState>Present</SensorState></Trackpoint><Trackpoint><Time>2025-07-16T10:56:17.080Z</Time><DistanceMeters>850.0</DistanceMeters><HeartRateBpm><Value>122</Value></HeartRateBpm><SensorState>Present</SensorState></Trackpoint><Trackpoint><Time>2025-07-16T10:56:18.080Z</Time><DistanceMeters>850.0</DistanceMeters><HeartRateBpm><Value>123</Value></HeartRateBpm><SensorState>Present</SensorState></Trackpoint><Trackpoint><Time>2025-07-16T10:56:19.080Z</Time><DistanceMeters>850.0</DistanceMeters><HeartRateBpm><Value>123</Value></HeartRateBpm><SensorState>Present</SensorState></Trackpoint><Trackpoint><Time>2025-07-16T10:56:20.080Z</Time><DistanceMeters>850.0</DistanceMeters><HeartRateBpm><Value>123</Value></HeartRateBpm><SensorState>Present</SensorState></Trackpoint><Trackpoint><Time>2025-07-16T10:56:21.080Z</Time><DistanceMeters>850.0</DistanceMeters><HeartRateBpm><Value>123</Value></HeartRateBpm><SensorState>Present</SensorState></Trackpoint><Trackpoint><Time>2025-07-16T10:56:22.080Z</Time><DistanceMeters>850.0</DistanceMeters><HeartRateBpm><Value>124</Value></HeartRateBpm><SensorState>Present</SensorState></Trackpoint><Trackpoint><Time>2025-07-16T10:56:23.080Z</Time><DistanceMeters>850.0</DistanceMeters><HeartRateBpm><Value>124</Value></HeartRateBpm><SensorState>Present</SensorState></Trackpoint><Trackpoint><Time>2025-07-16T10:56:24.080Z</Time><DistanceMeters>850.0</DistanceMeters><HeartRateBpm><Value>124</Value></HeartRateBpm><SensorState>Present</SensorState></Trackpoint><Trackpoint><Time>2025-07-16T10:56:25.080Z</Time><DistanceMeters>850.0</DistanceMeters><HeartRateBpm><Value>125</Value></HeartRateBpm><SensorState>Present</SensorState></Trackpoint><Trackpoint><Time>2025-07-16T10:56:26.080Z</Time><DistanceMeters>850.0</DistanceMeters><HeartRateBpm><Value>124</Value></HeartRateBpm><SensorState>Present</SensorState></Trackpoint><Trackpoint><Time>2025-07-16T10:56:27.080Z</Time><DistanceMeters>850.0</DistanceMeters><HeartRateBpm><Value>124</Value></HeartRateBpm><SensorState>Present</SensorState></Trackpoint><Trackpoint><Time>2025-07-16T10:56:28.080Z</Time><DistanceMeters>850.0</DistanceMeters><HeartRateBpm><Value>124</Value></HeartRateBpm><SensorState>Present</SensorState></Trackpoint><Trackpoint><Time>2025-07-16T10:56:29.080Z</Time><DistanceMeters>850.0</DistanceMeters><HeartRateBpm><Value>125</Value></HeartRateBpm><SensorState>Present</SensorState></Trackpoint><Trackpoint><Time>2025-07-16T10:56:30.080Z</Time><DistanceMeters>850.0</DistanceMeters><HeartRateBpm><Value>125</Value></HeartRateBpm><SensorState>Present</SensorState></Trackpoint><Trackpoint><Time>2025-07-16T10:56:31.080Z</Time><DistanceMeters>850.0</DistanceMeters><HeartRateBpm><Value>126</Value></HeartRateBpm><SensorState>Present</SensorState></Trackpoint><Trackpoint><Time>2025-07-16T10:56:32.080Z</Time><DistanceMeters>850.0</DistanceMeters><HeartRateBpm><Value>127</Value></HeartRateBpm><SensorState>Present</SensorState></Trackpoint><Trackpoint><Time>2025-07-16T10:56:33.080Z</Time><DistanceMeters>850.0</DistanceMeters><HeartRateBpm><Value>127</Value></HeartRateBpm><SensorState>Present</SensorState></Trackpoint><Trackpoint><Time>2025-07-16T10:56:34.080Z</Time><DistanceMeters>850.0</DistanceMeters><HeartRateBpm><Value>128</Value></HeartRateBpm><SensorState>Present</SensorState></Trackpoint><Trackpoint><Time>2025-07-16T10:56:35.080Z</Time><DistanceMeters>850.0</DistanceMeters><HeartRateBpm><Value>128</Value></HeartRateBpm><SensorState>Present</SensorState></Trackpoint><Trackpoint><Time>2025-07-16T10:56:36.080Z</Time><DistanceMeters>850.0</DistanceMeters><HeartRateBpm><Value>128</Value></HeartRateBpm><SensorState>Present</SensorState></Trackpoint><Trackpoint><Time>2025-07-16T10:56:37.080Z</Time><DistanceMeters>850.0</DistanceMeters><HeartRateBpm><Value>129</Value></HeartRateBpm><SensorState>Present</SensorState></Trackpoint><Trackpoint><Time>2025-07-16T10:56:38.080Z</Time><DistanceMeters>850.0</DistanceMeters><HeartRateBpm><Value>130</Value></HeartRateBpm><SensorState>Present</SensorState></Trackpoint><Trackpoint><Time>2025-07-16T10:56:39.080Z</Time><DistanceMeters>850.0</DistanceMeters><HeartRateBpm><Value>130</Value></HeartRateBpm><SensorState>Present</SensorState></Trackpoint><Trackpoint><Time>2025-07-16T10:56:40.080Z</Time><DistanceMeters>851.0917030440437</DistanceMeters><HeartRateBpm><Value>131</Value></HeartRateBpm><SensorState>Present</SensorState></Trackpoint><Trackpoint><Time>2025-07-16T10:56:41.080Z</Time><DistanceMeters>852.1834060880874</DistanceMeters><HeartRateBpm><Value>132</Value></HeartRateBpm><SensorState>Present</SensorState></Trackpoint><Trackpoint><Time>2025-07-16T10:56:42.080Z</Time><DistanceMeters>853.2751091321311</DistanceMeters><HeartRateBpm><Value>133</Value></HeartRateBpm><SensorState>Present</SensorState></Trackpoint><Trackpoint><Time>2025-07-16T10:56:43.080Z</Time><DistanceMeters>854.3668121761748</DistanceMeters><HeartRateBpm><Value>134</Value></HeartRateBpm><SensorState>Present</SensorState></Trackpoint><Trackpoint><Time>2025-07-16T10:56:44.080Z</Time><DistanceMeters>855.4585152202185</DistanceMeters><HeartRateBpm><Value>135</Value></HeartRateBpm><SensorState>Present</SensorState></Trackpoint><Trackpoint><Time>2025-07-16T10:56:45.080Z</Time><DistanceMeters>856.5502182642622</DistanceMeters><HeartRateBpm><Value>135</Value></HeartRateBpm><SensorState>Present</SensorState></Trackpoint><Trackpoint><Time>2025-07-16T10:56:46.080Z</Time><DistanceMeters>857.6419213083059</DistanceMeters><HeartRateBpm><Value>135</Value></HeartRateBpm><SensorState>Present</SensorState></Trackpoint><Trackpoint><Time>2025-07-16T10:56:47.080Z</Time><DistanceMeters>858.7336243523496</DistanceMeters><HeartRateBpm><Value>135</Value></HeartRateBpm><SensorState>Present</SensorState></Trackpoint><Trackpoint><Time>2025-07-16T10:56:48.080Z</Time><DistanceMeters>859.8253273963933</DistanceMeters><HeartRateBpm><Value>134</Value></HeartRateBpm><SensorState>Present</SensorState></Trackpoint><Trackpoint><Time>2025-07-16T10:56:49.080Z</Time><DistanceMeters>860.917030440437</DistanceMeters><HeartRateBpm><Value>134</Value></HeartRateBpm><SensorState>Present</SensorState></Trackpoint><Trackpoint><Time>2025-07-16T10:56:50.080Z</Time><DistanceMeters>875.0</DistanceMeters><HeartRateBpm><Value>134</Value></HeartRateBpm><SensorState>Present</SensorState></Trackpoint><Trackpoint><Time>2025-07-16T10:56:51.080Z</Time><DistanceMeters>875.0</DistanceMeters><HeartRateBpm><Value>134</Value></HeartRateBpm><SensorState>Present</SensorState></Trackpoint><Trackpoint><Time>2025-07-16T10:56:52.080Z</Time><DistanceMeters>875.0</DistanceMeters><HeartRateBpm><Value>134</Value></HeartRateBpm><SensorState>Present</SensorState></Trackpoint><Trackpoint><Time>2025-07-16T10:56:53.080Z</Time><DistanceMeters>875.0</DistanceMeters><HeartRateBpm><Value>134</Value></HeartRateBpm><SensorState>Present</SensorState></Trackpoint><Trackpoint><Time>2025-07-16T10:56:54.080Z</Time><DistanceMeters>875.0</DistanceMeters><HeartRateBpm><Value>134</Value></HeartRateBpm><SensorState>Present</SensorState></Trackpoint><Trackpoint><Time>2025-07-16T10:56:55.080Z</Time><DistanceMeters>875.0</DistanceMeters><HeartRateBpm><Value>134</Value></HeartRateBpm><SensorState>Present</SensorState></Trackpoint><Trackpoint><Time>2025-07-16T10:56:56.080Z</Time><DistanceMeters>875.0</DistanceMeters><HeartRateBpm><Value>134</Value></HeartRateBpm><SensorState>Present</SensorState></Trackpoint><Trackpoint><Time>2025-07-16T10:56:57.080Z</Time><DistanceMeters>875.0</DistanceMeters><HeartRateBpm><Value>134</Value></HeartRateBpm><SensorState>Present</SensorState></Trackpoint><Trackpoint><Time>2025-07-16T10:56:58.080Z</Time><DistanceMeters>875.0</DistanceMeters><HeartRateBpm><Value>135</Value></HeartRateBpm><SensorState>Present</SensorState></Trackpoint><Trackpoint><Time>2025-07-16T10:56:59.080Z</Time><DistanceMeters>875.0</DistanceMeters><HeartRateBpm><Value>134</Value></HeartRateBpm><SensorState>Present</SensorState></Trackpoint><Trackpoint><Time>2025-07-16T10:57:00.080Z</Time><DistanceMeters>875.0</DistanceMeters><HeartRateBpm><Value>134</Value></HeartRateBpm><SensorState>Present</SensorState></Trackpoint><Trackpoint><Time>2025-07-16T10:57:01.080Z</Time><DistanceMeters>875.0</DistanceMeters><HeartRateBpm><Value>134</Value></HeartRateBpm><SensorState>Present</SensorState></Trackpoint><Trackpoint><Time>2025-07-16T10:57:02.080Z</Time><DistanceMeters>875.0</DistanceMeters><HeartRateBpm><Value>134</Value></HeartRateBpm><SensorState>Present</SensorState></Trackpoint><Trackpoint><Time>2025-07-16T10:57:03.080Z</Time><DistanceMeters>875.0</DistanceMeters><HeartRateBpm><Value>134</Value></HeartRateBpm><SensorState>Present</SensorState></Trackpoint><Trackpoint><Time>2025-07-16T10:57:04.080Z</Time><DistanceMeters>875.0</DistanceMeters><HeartRateBpm><Value>134</Value></HeartRateBpm><SensorState>Present</SensorState></Trackpoint><Trackpoint><Time>2025-07-16T10:57:05.080Z</Time><DistanceMeters>875.0</DistanceMeters><HeartRateBpm><Value>134</Value></HeartRateBpm><SensorState>Present</SensorState></Trackpoint><Trackpoint><Time>2025-07-16T10:57:06.080Z</Time><DistanceMeters>875.0</DistanceMeters><HeartRateBpm><Value>134</Value></HeartRateBpm><SensorState>Present</SensorState></Trackpoint><Trackpoint><Time>2025-07-16T10:57:07.080Z</Time><DistanceMeters>875.0</DistanceMeters><HeartRateBpm><Value>135</Value></HeartRateBpm><SensorState>Present</SensorState></Trackpoint><Trackpoint><Time>2025-07-16T10:57:08.080Z</Time><DistanceMeters>875.0</DistanceMeters><HeartRateBpm><Value>135</Value></HeartRateBpm><SensorState>Present</SensorState></Trackpoint><Trackpoint><Time>2025-07-16T10:57:09.080Z</Time><DistanceMeters>875.0</DistanceMeters><HeartRateBpm><Value>135</Value></HeartRateBpm><SensorState>Present</SensorState></Trackpoint><Trackpoint><Time>2025-07-16T10:57:10.080Z</Time><DistanceMeters>876.0917030440437</DistanceMeters><HeartRateBpm><Value>135</Value></HeartRateBpm><SensorState>Present</SensorState></Trackpoint><Trackpoint><Time>2025-07-16T10:57:11.080Z</Time><DistanceMeters>877.1834060880874</DistanceMeters><HeartRateBpm><Value>136</Value></HeartRateBpm><SensorState>Present</SensorState></Trackpoint><Trackpoint><Time>2025-07-16T10:57:12.080Z</Time><DistanceMeters>878.2751091321311</DistanceMeters><HeartRateBpm><Value>136</Value></HeartRateBpm><SensorState>Present</SensorState></Trackpoint><Trackpoint><Time>2025-07-16T10:57:13.080Z</Time><DistanceMeters>879.3668121761748</DistanceMeters><HeartRateBpm><Value>136</Value></HeartRateBpm><SensorState>Present</SensorState></Trackpoint><Trackpoint><Time>2025-07-16T10:57:14.080Z</Time><DistanceMeters>880.4585152202185</DistanceMeters><HeartRateBpm><Value>136</Value></HeartRateBpm><SensorState>Present</SensorState></Trackpoint><Trackpoint><Time>2025-07-16T10:57:15.080Z</Time><DistanceMeters>881.5502182642622</DistanceMeters><HeartRateBpm><Value>136</Value></HeartRateBpm><SensorState>Present</SensorState></Trackpoint><Trackpoint><Time>2025-07-16T10:57:16.080Z</Time><DistanceMeters>882.6419213083059</DistanceMeters><HeartRateBpm><Value>136</Value></HeartRateBpm><SensorState>Present</SensorState></Trackpoint><Trackpoint><Time>2025-07-16T10:57:17.080Z</Time><DistanceMeters>883.7336243523496</DistanceMeters><HeartRateBpm><Value>136</Value></HeartRateBpm><SensorState>Present</SensorState></Trackpoint><Trackpoint><Time>2025-07-16T10:57:18.080Z</Time><DistanceMeters>884.8253273963933</DistanceMeters><HeartRateBpm><Value>136</Value></HeartRateBpm><SensorState>Present</SensorState></Trackpoint><Trackpoint><Time>2025-07-16T10:57:19.080Z</Time><DistanceMeters>885.917030440437</DistanceMeters><HeartRateBpm><Value>136</Value></HeartRateBpm><SensorState>Present</SensorState></Trackpoint><Trackpoint><Time>2025-07-16T10:57:20.080Z</Time><DistanceMeters>900.0</DistanceMeters><HeartRateBpm><Value>136</Value></HeartRateBpm><SensorState>Present</SensorState></Trackpoint><Trackpoint><Time>2025-07-16T10:57:21.080Z</Time><DistanceMeters>900.0</DistanceMeters><HeartRateBpm><Value>136</Value></HeartRateBpm><SensorState>Present</SensorState></Trackpoint><Trackpoint><Time>2025-07-16T10:57:22.080Z</Time><DistanceMeters>900.0</DistanceMeters><HeartRateBpm><Value>136</Value></HeartRateBpm><SensorState>Present</SensorState></Trackpoint><Trackpoint><Time>2025-07-16T10:57:23.080Z</Time><DistanceMeters>900.0</DistanceMeters><HeartRateBpm><Value>137</Value></HeartRateBpm><SensorState>Present</SensorState></Trackpoint><Trackpoint><Time>2025-07-16T10:57:24.080Z</Time><DistanceMeters>900.0</DistanceMeters><HeartRateBpm><Value>137</Value></HeartRateBpm><SensorState>Present</SensorState></Trackpoint><Trackpoint><Time>2025-07-16T10:57:25.080Z</Time><DistanceMeters>900.0</DistanceMeters><HeartRateBpm><Value>136</Value></HeartRateBpm><SensorState>Present</SensorState></Trackpoint><Trackpoint><Time>2025-07-16T10:57:26.080Z</Time><DistanceMeters>900.0</DistanceMeters><HeartRateBpm><Value>136</Value></HeartRateBpm><SensorState>Present</SensorState></Trackpoint><Trackpoint><Time>2025-07-16T10:57:27.080Z</Time><DistanceMeters>900.0</DistanceMeters><HeartRateBpm><Value>135</Value></HeartRateBpm><SensorState>Present</SensorState></Trackpoint><Trackpoint><Time>2025-07-16T10:57:28.080Z</Time><DistanceMeters>900.0</DistanceMeters><HeartRateBpm><Value>135</Value></HeartRateBpm><SensorState>Present</SensorState></Trackpoint><Trackpoint><Time>2025-07-16T10:57:29.080Z</Time><DistanceMeters>900.0</DistanceMeters><HeartRateBpm><Value>135</Value></HeartRateBpm><SensorState>Present</SensorState></Trackpoint><Trackpoint><Time>2025-07-16T10:57:30.080Z</Time><DistanceMeters>900.0</DistanceMeters><HeartRateBpm><Value>135</Value></HeartRateBpm><SensorState>Present</SensorState></Trackpoint><Trackpoint><Time>2025-07-16T10:57:31.080Z</Time><DistanceMeters>900.0</DistanceMeters><HeartRateBpm><Value>134</Value></HeartRateBpm><SensorState>Present</SensorState></Trackpoint><Trackpoint><Time>2025-07-16T10:57:32.080Z</Time><DistanceMeters>900.0</DistanceMeters><HeartRateBpm><Value>134</Value></HeartRateBpm><SensorState>Present</SensorState></Trackpoint><Trackpoint><Time>2025-07-16T10:57:33.080Z</Time><DistanceMeters>900.0</DistanceMeters><HeartRateBpm><Value>134</Value></HeartRateBpm><SensorState>Present</SensorState></Trackpoint><Trackpoint><Time>2025-07-16T10:57:34.080Z</Time><DistanceMeters>900.0</DistanceMeters><HeartRateBpm><Value>133</Value></HeartRateBpm><SensorState>Present</SensorState></Trackpoint><Trackpoint><Time>2025-07-16T10:57:35.080Z</Time><DistanceMeters>900.0</DistanceMeters><HeartRateBpm><Value>133</Value></HeartRateBpm><SensorState>Present</SensorState></Trackpoint><Trackpoint><Time>2025-07-16T10:57:36.080Z</Time><DistanceMeters>900.0</DistanceMeters><HeartRateBpm><Value>134</Value></HeartRateBpm><SensorState>Present</SensorState></Trackpoint><Trackpoint><Time>2025-07-16T10:57:37.080Z</Time><DistanceMeters>900.0</DistanceMeters><HeartRateBpm><Value>133</Value></HeartRateBpm><SensorState>Present</SensorState></Trackpoint><Trackpoint><Time>2025-07-16T10:57:38.080Z</Time><DistanceMeters>900.0</DistanceMeters><HeartRateBpm><Value>133</Value></HeartRateBpm><SensorState>Present</SensorState></Trackpoint><Trackpoint><Time>2025-07-16T10:57:39.080Z</Time><DistanceMeters>900.0</DistanceMeters><HeartRateBpm><Value>132</Value></HeartRateBpm><SensorState>Present</SensorState></Trackpoint><Trackpoint><Time>2025-07-16T10:57:40.080Z</Time><DistanceMeters>900.0</DistanceMeters><HeartRateBpm><Value>132</Value></HeartRateBpm><SensorState>Present</SensorState></Trackpoint><Trackpoint><Time>2025-07-16T10:57:41.080Z</Time><DistanceMeters>901.0917030440437</DistanceMeters><HeartRateBpm><Value>133</Value></HeartRateBpm><SensorState>Present</SensorState></Trackpoint><Trackpoint><Time>2025-07-16T10:57:42.080Z</Time><DistanceMeters>902.1834060880874</DistanceMeters><HeartRateBpm><Value>133</Value></HeartRateBpm><SensorState>Present</SensorState></Trackpoint><Trackpoint><Time>2025-07-16T10:57:43.080Z</Time><DistanceMeters>903.2751091321311</DistanceMeters><HeartRateBpm><Value>133</Value></HeartRateBpm><SensorState>Present</SensorState></Trackpoint><Trackpoint><Time>2025-07-16T10:57:44.080Z</Time><DistanceMeters>904.3668121761748</DistanceMeters><HeartRateBpm><Value>133</Value></HeartRateBpm><SensorState>Present</SensorState></Trackpoint><Trackpoint><Time>2025-07-16T10:57:45.080Z</Time><DistanceMeters>905.4585152202185</DistanceMeters><HeartRateBpm><Value>133</Value></HeartRateBpm><SensorState>Present</SensorState></Trackpoint><Trackpoint><Time>2025-07-16T10:57:46.080Z</Time><DistanceMeters>906.5502182642622</DistanceMeters><HeartRateBpm><Value>133</Value></HeartRateBpm><SensorState>Present</SensorState></Trackpoint><Trackpoint><Time>2025-07-16T10:57:47.080Z</Time><DistanceMeters>907.6419213083059</DistanceMeters><HeartRateBpm><Value>133</Value></HeartRateBpm><SensorState>Present</SensorState></Trackpoint><Trackpoint><Time>2025-07-16T10:57:48.080Z</Time><DistanceMeters>908.7336243523496</DistanceMeters><HeartRateBpm><Value>134</Value></HeartRateBpm><SensorState>Present</SensorState></Trackpoint><Trackpoint><Time>2025-07-16T10:57:49.080Z</Time><DistanceMeters>909.8253273963933</DistanceMeters><HeartRateBpm><Value>134</Value></HeartRateBpm><SensorState>Present</SensorState></Trackpoint><Trackpoint><Time>2025-07-16T10:57:50.080Z</Time><DistanceMeters>910.917030440437</DistanceMeters><HeartRateBpm><Value>134</Value></HeartRateBpm><SensorState>Present</SensorState></Trackpoint><Trackpoint><Time>2025-07-16T10:57:51.080Z</Time><DistanceMeters>925.0</DistanceMeters><HeartRateBpm><Value>134</Value></HeartRateBpm><SensorState>Present</SensorState></Trackpoint><Trackpoint><Time>2025-07-16T10:57:52.080Z</Time><DistanceMeters>925.0</DistanceMeters><HeartRateBpm><Value>134</Value></HeartRateBpm><SensorState>Present</SensorState></Trackpoint><Trackpoint><Time>2025-07-16T10:57:53.080Z</Time><DistanceMeters>925.0</DistanceMeters><HeartRateBpm><Value>134</Value></HeartRateBpm><SensorState>Present</SensorState></Trackpoint><Trackpoint><Time>2025-07-16T10:57:54.080Z</Time><DistanceMeters>925.0</DistanceMeters><HeartRateBpm><Value>133</Value></HeartRateBpm><SensorState>Present</SensorState></Trackpoint><Trackpoint><Time>2025-07-16T10:57:55.080Z</Time><DistanceMeters>925.0</DistanceMeters><HeartRateBpm><Value>133</Value></HeartRateBpm><SensorState>Present</SensorState></Trackpoint><Trackpoint><Time>2025-07-16T10:57:56.080Z</Time><DistanceMeters>925.0</DistanceMeters><HeartRateBpm><Value>132</Value></HeartRateBpm><SensorState>Present</SensorState></Trackpoint><Trackpoint><Time>2025-07-16T10:57:57.080Z</Time><DistanceMeters>925.0</DistanceMeters><HeartRateBpm><Value>131</Value></HeartRateBpm><SensorState>Present</SensorState></Trackpoint><Trackpoint><Time>2025-07-16T10:57:58.080Z</Time><DistanceMeters>925.0</DistanceMeters><HeartRateBpm><Value>129</Value></HeartRateBpm><SensorState>Present</SensorState></Trackpoint><Trackpoint><Time>2025-07-16T10:57:59.080Z</Time><DistanceMeters>925.0</DistanceMeters><HeartRateBpm><Value>128</Value></HeartRateBpm><SensorState>Present</SensorState></Trackpoint><Trackpoint><Time>2025-07-16T10:58:00.080Z</Time><DistanceMeters>925.0</DistanceMeters><HeartRateBpm><Value>126</Value></HeartRateBpm><SensorState>Present</SensorState></Trackpoint><Trackpoint><Time>2025-07-16T10:58:01.080Z</Time><DistanceMeters>925.0</DistanceMeters><HeartRateBpm><Value>124</Value></HeartRateBpm><SensorState>Present</SensorState></Trackpoint><Trackpoint><Time>2025-07-16T10:58:02.080Z</Time><DistanceMeters>925.0</DistanceMeters><HeartRateBpm><Value>121</Value></HeartRateBpm><SensorState>Present</SensorState></Trackpoint><Trackpoint><Time>2025-07-16T10:58:03.080Z</Time><DistanceMeters>925.0</DistanceMeters><HeartRateBpm><Value>121</Value></HeartRateBpm><SensorState>Present</SensorState></Trackpoint><Trackpoint><Time>2025-07-16T10:58:04.080Z</Time><DistanceMeters>925.0</DistanceMeters><HeartRateBpm><Value>119</Value></HeartRateBpm><SensorState>Present</SensorState></Trackpoint><Trackpoint><Time>2025-07-16T10:58:05.080Z</Time><DistanceMeters>925.0</DistanceMeters><HeartRateBpm><Value>117</Value></HeartRateBpm><SensorState>Present</SensorState></Trackpoint><Trackpoint><Time>2025-07-16T10:58:06.080Z</Time><DistanceMeters>925.0</DistanceMeters><HeartRateBpm><Value>116</Value></HeartRateBpm><SensorState>Present</SensorState></Trackpoint><Trackpoint><Time>2025-07-16T10:58:07.080Z</Time><DistanceMeters>925.0</DistanceMeters><HeartRateBpm><Value>116</Value></HeartRateBpm><SensorState>Present</SensorState></Trackpoint><Trackpoint><Time>2025-07-16T10:58:08.080Z</Time><DistanceMeters>925.0</DistanceMeters><HeartRateBpm><Value>117</Value></HeartRateBpm><SensorState>Present</SensorState></Trackpoint><Trackpoint><Time>2025-07-16T10:58:09.080Z</Time><DistanceMeters>925.0</DistanceMeters><HeartRateBpm><Value>117</Value></HeartRateBpm><SensorState>Present</SensorState></Trackpoint><Trackpoint><Time>2025-07-16T10:58:10.080Z</Time><DistanceMeters>925.0</DistanceMeters><HeartRateBpm><Value>118</Value></HeartRateBpm><SensorState>Present</SensorState></Trackpoint><Trackpoint><Time>2025-07-16T10:58:11.080Z</Time><DistanceMeters>926.0917030440437</DistanceMeters><HeartRateBpm><Value>120</Value></HeartRateBpm><SensorState>Present</SensorState></Trackpoint><Trackpoint><Time>2025-07-16T10:58:12.080Z</Time><DistanceMeters>927.1834060880874</DistanceMeters><HeartRateBpm><Value>121</Value></HeartRateBpm><SensorState>Present</SensorState></Trackpoint><Trackpoint><Time>2025-07-16T10:58:13.080Z</Time><DistanceMeters>928.2751091321311</DistanceMeters><HeartRateBpm><Value>121</Value></HeartRateBpm><SensorState>Present</SensorState></Trackpoint><Trackpoint><Time>2025-07-16T10:58:14.080Z</Time><DistanceMeters>929.3668121761748</DistanceMeters><HeartRateBpm><Value>122</Value></HeartRateBpm><SensorState>Present</SensorState></Trackpoint><Trackpoint><Time>2025-07-16T10:58:15.080Z</Time><DistanceMeters>930.4585152202185</DistanceMeters><HeartRateBpm><Value>123</Value></HeartRateBpm><SensorState>Present</SensorState></Trackpoint><Trackpoint><Time>2025-07-16T10:58:16.080Z</Time><DistanceMeters>931.5502182642622</DistanceMeters><HeartRateBpm><Value>124</Value></HeartRateBpm><SensorState>Present</SensorState></Trackpoint><Trackpoint><Time>2025-07-16T10:58:17.080Z</Time><DistanceMeters>932.6419213083059</DistanceMeters><HeartRateBpm><Value>125</Value></HeartRateBpm><SensorState>Present</SensorState></Trackpoint><Trackpoint><Time>2025-07-16T10:58:18.080Z</Time><DistanceMeters>933.7336243523496</DistanceMeters><HeartRateBpm><Value>126</Value></HeartRateBpm><SensorState>Present</SensorState></Trackpoint><Trackpoint><Time>2025-07-16T10:58:19.080Z</Time><DistanceMeters>934.8253273963933</DistanceMeters><HeartRateBpm><Value>127</Value></HeartRateBpm><SensorState>Present</SensorState></Trackpoint><Trackpoint><Time>2025-07-16T10:58:20.080Z</Time><DistanceMeters>935.917030440437</DistanceMeters><HeartRateBpm><Value>127</Value></HeartRateBpm><SensorState>Present</SensorState></Trackpoint><Trackpoint><Time>2025-07-16T10:58:21.080Z</Time><DistanceMeters>950.0</DistanceMeters><HeartRateBpm><Value>127</Value></HeartRateBpm><SensorState>Present</SensorState></Trackpoint><Trackpoint><Time>2025-07-16T10:58:22.080Z</Time><DistanceMeters>950.0</DistanceMeters><HeartRateBpm><Value>127</Value></HeartRateBpm><SensorState>Present</SensorState></Trackpoint><Trackpoint><Time>2025-07-16T10:58:23.080Z</Time><DistanceMeters>950.0</DistanceMeters><HeartRateBpm><Value>127</Value></HeartRateBpm><SensorState>Present</SensorState></Trackpoint><Trackpoint><Time>2025-07-16T10:58:24.080Z</Time><DistanceMeters>950.0</DistanceMeters><HeartRateBpm><Value>127</Value></HeartRateBpm><SensorState>Present</SensorState></Trackpoint><Trackpoint><Time>2025-07-16T10:58:25.080Z</Time><DistanceMeters>950.0</DistanceMeters><HeartRateBpm><Value>128</Value></HeartRateBpm><SensorState>Present</SensorState></Trackpoint><Trackpoint><Time>2025-07-16T10:58:26.080Z</Time><DistanceMeters>950.0</DistanceMeters><HeartRateBpm><Value>129</Value></HeartRateBpm><SensorState>Present</SensorState></Trackpoint><Trackpoint><Time>2025-07-16T10:58:27.080Z</Time><DistanceMeters>950.0</DistanceMeters><HeartRateBpm><Value>129</Value></HeartRateBpm><SensorState>Present</SensorState></Trackpoint><Trackpoint><Time>2025-07-16T10:58:28.080Z</Time><DistanceMeters>950.0</DistanceMeters><HeartRateBpm><Value>129</Value></HeartRateBpm><SensorState>Present</SensorState></Trackpoint><Trackpoint><Time>2025-07-16T10:58:29.080Z</Time><DistanceMeters>950.0</DistanceMeters><HeartRateBpm><Value>129</Value></HeartRateBpm><SensorState>Present</SensorState></Trackpoint><Trackpoint><Time>2025-07-16T10:58:30.080Z</Time><DistanceMeters>950.0</DistanceMeters><HeartRateBpm><Value>130</Value></HeartRateBpm><SensorState>Present</SensorState></Trackpoint><Trackpoint><Time>2025-07-16T10:58:31.080Z</Time><DistanceMeters>950.0</DistanceMeters><HeartRateBpm><Value>130</Value></HeartRateBpm><SensorState>Present</SensorState></Trackpoint><Trackpoint><Time>2025-07-16T10:58:32.080Z</Time><DistanceMeters>950.0</DistanceMeters><HeartRateBpm><Value>130</Value></HeartRateBpm><SensorState>Present</SensorState></Trackpoint><Trackpoint><Time>2025-07-16T10:58:33.080Z</Time><DistanceMeters>950.0</DistanceMeters><HeartRateBpm><Value>129</Value></HeartRateBpm><SensorState>Present</SensorState></Trackpoint><Trackpoint><Time>2025-07-16T10:58:34.080Z</Time><DistanceMeters>950.0</DistanceMeters><HeartRateBpm><Value>130</Value></HeartRateBpm><SensorState>Present</SensorState></Trackpoint><Trackpoint><Time>2025-07-16T10:58:35.080Z</Time><DistanceMeters>950.0</DistanceMeters><HeartRateBpm><Value>130</Value></HeartRateBpm><SensorState>Present</SensorState></Trackpoint><Trackpoint><Time>2025-07-16T10:58:36.080Z</Time><DistanceMeters>950.0</DistanceMeters><HeartRateBpm><Value>130</Value></HeartRateBpm><SensorState>Present</SensorState></Trackpoint><Trackpoint><Time>2025-07-16T10:58:37.080Z</Time><DistanceMeters>950.0</DistanceMeters><HeartRateBpm><Value>129</Value></HeartRateBpm><SensorState>Present</SensorState></Trackpoint><Trackpoint><Time>2025-07-16T10:58:38.080Z</Time><DistanceMeters>950.0</DistanceMeters><HeartRateBpm><Value>128</Value></HeartRateBpm><SensorState>Present</SensorState></Trackpoint><Trackpoint><Time>2025-07-16T10:58:39.080Z</Time><DistanceMeters>950.0</DistanceMeters><HeartRateBpm><Value>127</Value></HeartRateBpm><SensorState>Present</SensorState></Trackpoint><Trackpoint><Time>2025-07-16T10:58:40.080Z</Time><DistanceMeters>950.0</DistanceMeters><HeartRateBpm><Value>126</Value></HeartRateBpm><SensorState>Present</SensorState></Trackpoint><Trackpoint><Time>2025-07-16T10:58:41.080Z</Time><DistanceMeters>950.0</DistanceMeters><HeartRateBpm><Value>126</Value></HeartRateBpm><SensorState>Present</SensorState></Trackpoint><Trackpoint><Time>2025-07-16T10:58:42.080Z</Time><DistanceMeters>950.0</DistanceMeters><HeartRateBpm><Value>125</Value></HeartRateBpm><SensorState>Present</SensorState></Trackpoint><Trackpoint><Time>2025-07-16T10:58:43.080Z</Time><DistanceMeters>950.0</DistanceMeters><HeartRateBpm><Value>125</Value></HeartRateBpm><SensorState>Present</SensorState></Trackpoint><Trackpoint><Time>2025-07-16T10:58:44.080Z</Time><DistanceMeters>950.0</DistanceMeters><HeartRateBpm><Value>124</Value></HeartRateBpm><SensorState>Present</SensorState></Trackpoint><Trackpoint><Time>2025-07-16T10:58:45.080Z</Time><DistanceMeters>950.0</DistanceMeters><HeartRateBpm><Value>123</Value></HeartRateBpm><SensorState>Present</SensorState></Trackpoint><Trackpoint><Time>2025-07-16T10:58:46.080Z</Time><DistanceMeters>950.0</DistanceMeters><HeartRateBpm><Value>122</Value></HeartRateBpm><SensorState>Present</SensorState></Trackpoint><Trackpoint><Time>2025-07-16T10:58:47.080Z</Time><DistanceMeters>950.0</DistanceMeters><HeartRateBpm><Value>121</Value></HeartRateBpm><SensorState>Present</SensorState></Trackpoint><Trackpoint><Time>2025-07-16T10:58:48.080Z</Time><DistanceMeters>950.0</DistanceMeters><HeartRateBpm><Value>121</Value></HeartRateBpm><SensorState>Present</SensorState></Trackpoint><Trackpoint><Time>2025-07-16T10:58:49.080Z</Time><DistanceMeters>951.0917030440437</DistanceMeters><HeartRateBpm><Value>121</Value></HeartRateBpm><SensorState>Present</SensorState></Trackpoint><Trackpoint><Time>2025-07-16T10:58:50.080Z</Time><DistanceMeters>952.1834060880874</DistanceMeters><HeartRateBpm><Value>121</Value></HeartRateBpm><SensorState>Present</SensorState></Trackpoint><Trackpoint><Time>2025-07-16T10:58:51.080Z</Time><DistanceMeters>953.2751091321311</DistanceMeters><HeartRateBpm><Value>120</Value></HeartRateBpm><SensorState>Present</SensorState></Trackpoint><Trackpoint><Time>2025-07-16T10:58:52.080Z</Time><DistanceMeters>954.3668121761748</DistanceMeters><HeartRateBpm><Value>120</Value></HeartRateBpm><SensorState>Present</SensorState></Trackpoint><Trackpoint><Time>2025-07-16T10:58:53.080Z</Time><DistanceMeters>955.4585152202185</DistanceMeters><HeartRateBpm><Value>119</Value></HeartRateBpm><SensorState>Present</SensorState></Trackpoint><Trackpoint><Time>2025-07-16T10:58:54.080Z</Time><DistanceMeters>956.5502182642622</DistanceMeters><HeartRateBpm><Value>119</Value></HeartRateBpm><SensorState>Present</SensorState></Trackpoint><Trackpoint><Time>2025-07-16T10:58:55.080Z</Time><DistanceMeters>957.6419213083059</DistanceMeters><HeartRateBpm><Value>120</Value></HeartRateBpm><SensorState>Present</SensorState></Trackpoint><Trackpoint><Time>2025-07-16T10:58:56.080Z</Time><DistanceMeters>958.7336243523496</DistanceMeters><HeartRateBpm><Value>120</Value></HeartRateBpm><SensorState>Present</SensorState></Trackpoint><Trackpoint><Time>2025-07-16T10:58:57.080Z</Time><DistanceMeters>959.8253273963933</DistanceMeters><HeartRateBpm><Value>120</Value></HeartRateBpm><SensorState>Present</SensorState></Trackpoint><Trackpoint><Time>2025-07-16T10:58:58.080Z</Time><DistanceMeters>960.917030440437</DistanceMeters><HeartRateBpm><Value>120</Value></HeartRateBpm><SensorState>Present</SensorState></Trackpoint><Trackpoint><Time>2025-07-16T10:58:59.080Z</Time><DistanceMeters>975.0</DistanceMeters><HeartRateBpm><Value>120</Value></HeartRateBpm><SensorState>Present</SensorState></Trackpoint><Trackpoint><Time>2025-07-16T10:59:00.080Z</Time><DistanceMeters>975.0</DistanceMeters><HeartRateBpm><Value>121</Value></HeartRateBpm><SensorState>Present</SensorState></Trackpoint><Trackpoint><Time>2025-07-16T10:59:01.080Z</Time><DistanceMeters>975.0</DistanceMeters><HeartRateBpm><Value>121</Value></HeartRateBpm><SensorState>Present</SensorState></Trackpoint><Trackpoint><Time>2025-07-16T10:59:02.080Z</Time><DistanceMeters>975.0</DistanceMeters><HeartRateBpm><Value>121</Value></HeartRateBpm><SensorState>Present</SensorState></Trackpoint><Trackpoint><Time>2025-07-16T10:59:03.080Z</Time><DistanceMeters>975.0</DistanceMeters><HeartRateBpm><Value>122</Value></HeartRateBpm><SensorState>Present</SensorState></Trackpoint><Trackpoint><Time>2025-07-16T10:59:04.080Z</Time><DistanceMeters>975.0</DistanceMeters><HeartRateBpm><Value>122</Value></HeartRateBpm><SensorState>Present</SensorState></Trackpoint><Trackpoint><Time>2025-07-16T10:59:05.080Z</Time><DistanceMeters>975.0</DistanceMeters><HeartRateBpm><Value>121</Value></HeartRateBpm><SensorState>Present</SensorState></Trackpoint><Trackpoint><Time>2025-07-16T10:59:06.080Z</Time><DistanceMeters>975.0</DistanceMeters><HeartRateBpm><Value>120</Value></HeartRateBpm><SensorState>Present</SensorState></Trackpoint><Trackpoint><Time>2025-07-16T10:59:07.080Z</Time><DistanceMeters>975.0</DistanceMeters><HeartRateBpm><Value>121</Value></HeartRateBpm><SensorState>Present</SensorState></Trackpoint><Trackpoint><Time>2025-07-16T10:59:08.080Z</Time><DistanceMeters>975.0</DistanceMeters><HeartRateBpm><Value>122</Value></HeartRateBpm><SensorState>Present</SensorState></Trackpoint><Trackpoint><Time>2025-07-16T10:59:09.080Z</Time><DistanceMeters>975.0</DistanceMeters><HeartRateBpm><Value>122</Value></HeartRateBpm><SensorState>Present</SensorState></Trackpoint><Trackpoint><Time>2025-07-16T10:59:10.080Z</Time><DistanceMeters>975.0</DistanceMeters><HeartRateBpm><Value>122</Value></HeartRateBpm><SensorState>Present</SensorState></Trackpoint><Trackpoint><Time>2025-07-16T10:59:11.080Z</Time><DistanceMeters>975.0</DistanceMeters><HeartRateBpm><Value>123</Value></HeartRateBpm><SensorState>Present</SensorState></Trackpoint><Trackpoint><Time>2025-07-16T10:59:12.080Z</Time><DistanceMeters>975.0</DistanceMeters><HeartRateBpm><Value>124</Value></HeartRateBpm><SensorState>Present</SensorState></Trackpoint><Trackpoint><Time>2025-07-16T10:59:13.080Z</Time><DistanceMeters>975.0</DistanceMeters><HeartRateBpm><Value>125</Value></HeartRateBpm><SensorState>Present</SensorState></Trackpoint><Trackpoint><Time>2025-07-16T10:59:14.080Z</Time><DistanceMeters>975.0</DistanceMeters><HeartRateBpm><Value>126</Value></HeartRateBpm><SensorState>Present</SensorState></Trackpoint><Trackpoint><Time>2025-07-16T10:59:15.080Z</Time><DistanceMeters>975.0</DistanceMeters><HeartRateBpm><Value>127</Value></HeartRateBpm><SensorState>Present</SensorState></Trackpoint><Trackpoint><Time>2025-07-16T10:59:16.080Z</Time><DistanceMeters>975.0</DistanceMeters><HeartRateBpm><Value>127</Value></HeartRateBpm><SensorState>Present</SensorState></Trackpoint><Trackpoint><Time>2025-07-16T10:59:17.080Z</Time><DistanceMeters>975.0</DistanceMeters><HeartRateBpm><Value>127</Value></HeartRateBpm><SensorState>Present</SensorState></Trackpoint><Trackpoint><Time>2025-07-16T10:59:18.080Z</Time><DistanceMeters>975.0</DistanceMeters><HeartRateBpm><Value>126</Value></HeartRateBpm><SensorState>Present</SensorState></Trackpoint><Trackpoint><Time>2025-07-16T10:59:19.080Z</Time><DistanceMeters>976.0917030440437</DistanceMeters><HeartRateBpm><Value>126</Value></HeartRateBpm><SensorState>Present</SensorState></Trackpoint><Trackpoint><Time>2025-07-16T10:59:20.080Z</Time><DistanceMeters>977.1834060880874</DistanceMeters><HeartRateBpm><Value>125</Value></HeartRateBpm><SensorState>Present</SensorState></Trackpoint><Trackpoint><Time>2025-07-16T10:59:21.080Z</Time><DistanceMeters>978.2751091321311</DistanceMeters><HeartRateBpm><Value>123</Value></HeartRateBpm><SensorState>Present</SensorState></Trackpoint><Trackpoint><Time>2025-07-16T10:59:22.080Z</Time><DistanceMeters>979.3668121761748</DistanceMeters><HeartRateBpm><Value>122</Value></HeartRateBpm><SensorState>Present</SensorState></Trackpoint><Trackpoint><Time>2025-07-16T10:59:23.080Z</Time><DistanceMeters>980.4585152202185</DistanceMeters><HeartRateBpm><Value>120</Value></HeartRateBpm><SensorState>Present</SensorState></Trackpoint><Trackpoint><Time>2025-07-16T10:59:24.080Z</Time><DistanceMeters>981.5502182642622</DistanceMeters><HeartRateBpm><Value>118</Value></HeartRateBpm><SensorState>Present</SensorState></Trackpoint><Trackpoint><Time>2025-07-16T10:59:25.080Z</Time><DistanceMeters>982.6419213083059</DistanceMeters><HeartRateBpm><Value>115</Value></HeartRateBpm><SensorState>Present</SensorState></Trackpoint><Trackpoint><Time>2025-07-16T10:59:26.080Z</Time><DistanceMeters>983.7336243523496</DistanceMeters><HeartRateBpm><Value>113</Value></HeartRateBpm><SensorState>Present</SensorState></Trackpoint><Trackpoint><Time>2025-07-16T10:59:27.080Z</Time><DistanceMeters>984.8253273963933</DistanceMeters><HeartRateBpm><Value>110</Value></HeartRateBpm><SensorState>Present</SensorState></Trackpoint><Trackpoint><Time>2025-07-16T10:59:28.080Z</Time><DistanceMeters>985.917030440437</DistanceMeters><HeartRateBpm><Value>109</Value></HeartRateBpm><SensorState>Present</SensorState></Trackpoint><Trackpoint><Time>2025-07-16T10:59:29.080Z</Time><DistanceMeters>1000.0</DistanceMeters><HeartRateBpm><Value>107</Value></HeartRateBpm><SensorState>Present</SensorState></Trackpoint><Trackpoint><Time>2025-07-16T10:59:30.080Z</Time><DistanceMeters>1000.0</DistanceMeters><HeartRateBpm><Value>106</Value></HeartRateBpm><SensorState>Present</SensorState></Trackpoint><Trackpoint><Time>2025-07-16T10:59:31.080Z</Time><DistanceMeters>1000.0</DistanceMeters><HeartRateBpm><Value>104</Value></HeartRateBpm><SensorState>Present</SensorState></Trackpoint><Trackpoint><Time>2025-07-16T10:59:32.080Z</Time><DistanceMeters>1000.0</DistanceMeters><HeartRateBpm><Value>104</Value></HeartRateBpm><SensorState>Present</SensorState></Trackpoint><Trackpoint><Time>2025-07-16T10:59:33.080Z</Time><DistanceMeters>1000.0</DistanceMeters><HeartRateBpm><Value>103</Value></HeartRateBpm><SensorState>Present</SensorState></Trackpoint><Trackpoint><Time>2025-07-16T10:59:34.080Z</Time><DistanceMeters>1000.0</DistanceMeters><HeartRateBpm><Value>102</Value></HeartRateBpm><SensorState>Present</SensorState></Trackpoint><Trackpoint><Time>2025-07-16T10:59:35.080Z</Time><DistanceMeters>1000.0</DistanceMeters><HeartRateBpm><Value>102</Value></HeartRateBpm><SensorState>Present</SensorState></Trackpoint><Trackpoint><Time>2025-07-16T10:59:36.080Z</Time><DistanceMeters>1000.0</DistanceMeters><HeartRateBpm><Value>102</Value></HeartRateBpm><SensorState>Present</SensorState></Trackpoint><Trackpoint><Time>2025-07-16T10:59:37.080Z</Time><DistanceMeters>1000.0</DistanceMeters><HeartRateBpm><Value>102</Value></HeartRateBpm><SensorState>Present</SensorState></Trackpoint><Trackpoint><Time>2025-07-16T10:59:38.080Z</Time><DistanceMeters>1000.0</DistanceMeters><HeartRateBpm><Value>103</Value></HeartRateBpm><SensorState>Present</SensorState></Trackpoint><Trackpoint><Time>2025-07-16T10:59:39.080Z</Time><DistanceMeters>1000.0</DistanceMeters><HeartRateBpm><Value>103</Value></HeartRateBpm><SensorState>Present</SensorState></Trackpoint><Trackpoint><Time>2025-07-16T10:59:40.080Z</Time><DistanceMeters>1000.0</DistanceMeters><HeartRateBpm><Value>103</Value></HeartRateBpm><SensorState>Present</SensorState></Trackpoint><Trackpoint><Time>2025-07-16T10:59:41.080Z</Time><DistanceMeters>1000.0</DistanceMeters><HeartRateBpm><Value>104</Value></HeartRateBpm><SensorState>Present</SensorState></Trackpoint><Trackpoint><Time>2025-07-16T10:59:42.080Z</Time><DistanceMeters>1000.0</DistanceMeters><HeartRateBpm><Value>104</Value></HeartRateBpm><SensorState>Present</SensorState></Trackpoint><Trackpoint><Time>2025-07-16T10:59:43.080Z</Time><DistanceMeters>1000.0</DistanceMeters><HeartRateBpm><Value>104</Value></HeartRateBpm><SensorState>Present</SensorState></Trackpoint><Trackpoint><Time>2025-07-16T10:59:44.080Z</Time><DistanceMeters>1000.0</DistanceMeters><HeartRateBpm><Value>104</Value></HeartRateBpm><SensorState>Present</SensorState></Trackpoint><Trackpoint><Time>2025-07-16T10:59:45.080Z</Time><DistanceMeters>1000.0</DistanceMeters><HeartRateBpm><Value>105</Value></HeartRateBpm><SensorState>Present</SensorState></Trackpoint><Trackpoint><Time>2025-07-16T10:59:46.080Z</Time><DistanceMeters>1000.0</DistanceMeters><HeartRateBpm><Value>105</Value></HeartRateBpm><SensorState>Present</SensorState></Trackpoint><Trackpoint><Time>2025-07-16T10:59:47.080Z</Time><DistanceMeters>1000.0</DistanceMeters><HeartRateBpm><Value>106</Value></HeartRateBpm><SensorState>Present</SensorState></Trackpoint><Trackpoint><Time>2025-07-16T10:59:48.080Z</Time><DistanceMeters>1001.0917030440437</DistanceMeters><HeartRateBpm><Value>106</Value></HeartRateBpm><SensorState>Present</SensorState></Trackpoint><Trackpoint><Time>2025-07-16T10:59:49.080Z</Time><DistanceMeters>1002.1834060880874</DistanceMeters><HeartRateBpm><Value>107</Value></HeartRateBpm><SensorState>Present</SensorState></Trackpoint><Trackpoint><Time>2025-07-16T10:59:50.080Z</Time><DistanceMeters>1003.2751091321311</DistanceMeters><HeartRateBpm><Value>108</Value></HeartRateBpm><SensorState>Present</SensorState></Trackpoint><Trackpoint><Time>2025-07-16T10:59:51.080Z</Time><DistanceMeters>1004.3668121761748</DistanceMeters><HeartRateBpm><Value>110</Value></HeartRateBpm><SensorState>Present</SensorState></Trackpoint><Trackpoint><Time>2025-07-16T10:59:52.080Z</Time><DistanceMeters>1005.4585152202185</DistanceMeters><HeartRateBpm><Value>111</Value></HeartRateBpm><SensorState>Present</SensorState></Trackpoint><Trackpoint><Time>2025-07-16T10:59:53.080Z</Time><DistanceMeters>1006.5502182642622</DistanceMeters><HeartRateBpm><Value>112</Value></HeartRateBpm><SensorState>Present</SensorState></Trackpoint><Trackpoint><Time>2025-07-16T10:59:54.080Z</Time><DistanceMeters>1007.6419213083059</DistanceMeters><HeartRateBpm><Value>112</Value></HeartRateBpm><SensorState>Present</SensorState></Trackpoint><Trackpoint><Time>2025-07-16T10:59:55.080Z</Time><DistanceMeters>1008.7336243523496</DistanceMeters><HeartRateBpm><Value>113</Value></HeartRateBpm><SensorState>Present</SensorState></Trackpoint><Trackpoint><Time>2025-07-16T10:59:56.080Z</Time><DistanceMeters>1009.8253273963933</DistanceMeters><HeartRateBpm><Value>114</Value></HeartRateBpm><SensorState>Present</SensorState></Trackpoint><Trackpoint><Time>2025-07-16T10:59:57.080Z</Time><DistanceMeters>1010.917030440437</DistanceMeters><HeartRateBpm><Value>115</Value></HeartRateBpm><SensorState>Present</SensorState></Trackpoint><Trackpoint><Time>2025-07-16T10:59:58.080Z</Time><DistanceMeters>1025.0</DistanceMeters><HeartRateBpm><Value>115</Value></HeartRateBpm><SensorState>Present</SensorState></Trackpoint><Trackpoint><Time>2025-07-16T10:59:59.080Z</Time><DistanceMeters>1025.0</DistanceMeters><HeartRateBpm><Value>116</Value></HeartRateBpm><SensorState>Present</SensorState></Trackpoint><Trackpoint><Time>2025-07-16T11:00:00.080Z</Time><DistanceMeters>1025.0</DistanceMeters><HeartRateBpm><Value>117</Value></HeartRateBpm><SensorState>Present</SensorState></Trackpoint><Trackpoint><Time>2025-07-16T11:00:01.080Z</Time><DistanceMeters>1025.0</DistanceMeters><HeartRateBpm><Value>118</Value></HeartRateBpm><SensorState>Present</SensorState></Trackpoint><Trackpoint><Time>2025-07-16T11:00:02.080Z</Time><DistanceMeters>1025.0</DistanceMeters><HeartRateBpm><Value>119</Value></HeartRateBpm><SensorState>Present</SensorState></Trackpoint><Trackpoint><Time>2025-07-16T11:00:03.080Z</Time><DistanceMeters>1025.0</DistanceMeters><HeartRateBpm><Value>121</Value></HeartRateBpm><SensorState>Present</SensorState></Trackpoint><Trackpoint><Time>2025-07-16T11:00:04.080Z</Time><DistanceMeters>1025.0</DistanceMeters><HeartRateBpm><Value>122</Value></HeartRateBpm><SensorState>Present</SensorState></Trackpoint><Trackpoint><Time>2025-07-16T11:00:05.080Z</Time><DistanceMeters>1025.0</DistanceMeters><HeartRateBpm><Value>123</Value></HeartRateBpm><SensorState>Present</SensorState></Trackpoint><Trackpoint><Time>2025-07-16T11:00:06.080Z</Time><DistanceMeters>1025.0</DistanceMeters><HeartRateBpm><Value>125</Value></HeartRateBpm><SensorState>Present</SensorState></Trackpoint><Trackpoint><Time>2025-07-16T11:00:07.080Z</Time><DistanceMeters>1025.0</DistanceMeters><HeartRateBpm><Value>126</Value></HeartRateBpm><SensorState>Present</SensorState></Trackpoint><Trackpoint><Time>2025-07-16T11:00:08.080Z</Time><DistanceMeters>1025.0</DistanceMeters><HeartRateBpm><Value>126</Value></HeartRateBpm><SensorState>Present</SensorState></Trackpoint><Trackpoint><Time>2025-07-16T11:00:09.080Z</Time><DistanceMeters>1025.0</DistanceMeters><HeartRateBpm><Value>126</Value></HeartRateBpm><SensorState>Present</SensorState></Trackpoint><Trackpoint><Time>2025-07-16T11:00:10.080Z</Time><DistanceMeters>1025.0</DistanceMeters><HeartRateBpm><Value>127</Value></HeartRateBpm><SensorState>Present</SensorState></Trackpoint><Trackpoint><Time>2025-07-16T11:00:11.080Z</Time><DistanceMeters>1025.0</DistanceMeters><HeartRateBpm><Value>127</Value></HeartRateBpm><SensorState>Present</SensorState></Trackpoint><Trackpoint><Time>2025-07-16T11:00:12.080Z</Time><DistanceMeters>1025.0</DistanceMeters><HeartRateBpm><Value>128</Value></HeartRateBpm><SensorState>Present</SensorState></Trackpoint><Trackpoint><Time>2025-07-16T11:00:13.080Z</Time><DistanceMeters>1025.0</DistanceMeters><HeartRateBpm><Value>128</Value></HeartRateBpm><SensorState>Present</SensorState></Trackpoint><Trackpoint><Time>2025-07-16T11:00:14.080Z</Time><DistanceMeters>1025.0</DistanceMeters><HeartRateBpm><Value>128</Value></HeartRateBpm><SensorState>Present</SensorState></Trackpoint><Trackpoint><Time>2025-07-16T11:00:15.080Z</Time><DistanceMeters>1025.0</DistanceMeters><HeartRateBpm><Value>127</Value></HeartRateBpm><SensorState>Present</SensorState></Trackpoint><Trackpoint><Time>2025-07-16T11:00:16.080Z</Time><DistanceMeters>1025.0</DistanceMeters><HeartRateBpm><Value>128</Value></HeartRateBpm><SensorState>Present</SensorState></Trackpoint><Trackpoint><Time>2025-07-16T11:00:17.080Z</Time><DistanceMeters>1025.0</DistanceMeters><HeartRateBpm><Value>128</Value></HeartRateBpm><SensorState>Present</SensorState></Trackpoint><Trackpoint><Time>2025-07-16T11:00:18.080Z</Time><DistanceMeters>1025.0</DistanceMeters><HeartRateBpm><Value>128</Value></HeartRateBpm><SensorState>Present</SensorState></Trackpoint><Trackpoint><Time>2025-07-16T11:00:19.080Z</Time><DistanceMeters>1025.0</DistanceMeters><HeartRateBpm><Value>128</Value></HeartRateBpm><SensorState>Present</SensorState></Trackpoint><Trackpoint><Time>2025-07-16T11:00:20.080Z</Time><DistanceMeters>1026.0917030440437</DistanceMeters><HeartRateBpm><Value>128</Value></HeartRateBpm><SensorState>Present</SensorState></Trackpoint><Trackpoint><Time>2025-07-16T11:00:21.080Z</Time><DistanceMeters>1027.1834060880874</DistanceMeters><HeartRateBpm><Value>128</Value></HeartRateBpm><SensorState>Present</SensorState></Trackpoint><Trackpoint><Time>2025-07-16T11:00:22.080Z</Time><DistanceMeters>1028.275109132131</DistanceMeters><HeartRateBpm><Value>128</Value></HeartRateBpm><SensorState>Present</SensorState></Trackpoint><Trackpoint><Time>2025-07-16T11:00:23.080Z</Time><DistanceMeters>1029.3668121761748</DistanceMeters><HeartRateBpm><Value>129</Value></HeartRateBpm><SensorState>Present</SensorState></Trackpoint><Trackpoint><Time>2025-07-16T11:00:24.080Z</Time><DistanceMeters>1030.4585152202185</DistanceMeters><HeartRateBpm><Value>129</Value></HeartRateBpm><SensorState>Present</SensorState></Trackpoint><Trackpoint><Time>2025-07-16T11:00:25.080Z</Time><DistanceMeters>1031.5502182642622</DistanceMeters><HeartRateBpm><Value>128</Value></HeartRateBpm><SensorState>Present</SensorState></Trackpoint><Trackpoint><Time>2025-07-16T11:00:26.080Z</Time><DistanceMeters>1032.6419213083059</DistanceMeters><HeartRateBpm><Value>127</Value></HeartRateBpm><SensorState>Present</SensorState></Trackpoint><Trackpoint><Time>2025-07-16T11:00:27.080Z</Time><DistanceMeters>1033.7336243523496</DistanceMeters><HeartRateBpm><Value>126</Value></HeartRateBpm><SensorState>Present</SensorState></Trackpoint><Trackpoint><Time>2025-07-16T11:00:28.080Z</Time><DistanceMeters>1034.8253273963933</DistanceMeters><HeartRateBpm><Value>125</Value></HeartRateBpm><SensorState>Present</SensorState></Trackpoint><Trackpoint><Time>2025-07-16T11:00:29.080Z</Time><DistanceMeters>1035.917030440437</DistanceMeters><HeartRateBpm><Value>124</Value></HeartRateBpm><SensorState>Present</SensorState></Trackpoint><Trackpoint><Time>2025-07-16T11:00:30.080Z</Time><DistanceMeters>1050.0</DistanceMeters><HeartRateBpm><Value>122</Value></HeartRateBpm><SensorState>Present</SensorState></Trackpoint><Trackpoint><Time>2025-07-16T11:00:31.080Z</Time><DistanceMeters>1050.0</DistanceMeters><HeartRateBpm><Value>120</Value></HeartRateBpm><SensorState>Present</SensorState></Trackpoint><Trackpoint><Time>2025-07-16T11:00:32.080Z</Time><DistanceMeters>1050.0</DistanceMeters><HeartRateBpm><Value>118</Value></HeartRateBpm><SensorState>Present</SensorState></Trackpoint><Trackpoint><Time>2025-07-16T11:00:33.080Z</Time><DistanceMeters>1050.0</DistanceMeters><HeartRateBpm><Value>116</Value></HeartRateBpm><SensorState>Present</SensorState></Trackpoint><Trackpoint><Time>2025-07-16T11:00:34.080Z</Time><DistanceMeters>1050.0</DistanceMeters><HeartRateBpm><Value>115</Value></HeartRateBpm><SensorState>Present</SensorState></Trackpoint><Trackpoint><Time>2025-07-16T11:00:35.080Z</Time><DistanceMeters>1050.0</DistanceMeters><HeartRateBpm><Value>114</Value></HeartRateBpm><SensorState>Present</SensorState></Trackpoint><Trackpoint><Time>2025-07-16T11:00:36.080Z</Time><DistanceMeters>1050.0</DistanceMeters><HeartRateBpm><Value>113</Value></HeartRateBpm><SensorState>Present</SensorState></Trackpoint><Trackpoint><Time>2025-07-16T11:00:37.080Z</Time><DistanceMeters>1050.0</DistanceMeters><HeartRateBpm><Value>112</Value></HeartRateBpm><SensorState>Present</SensorState></Trackpoint><Trackpoint><Time>2025-07-16T11:00:38.080Z</Time><DistanceMeters>1050.0</DistanceMeters><HeartRateBpm><Value>110</Value></HeartRateBpm><SensorState>Present</SensorState></Trackpoint><Trackpoint><Time>2025-07-16T11:00:39.080Z</Time><DistanceMeters>1050.0</DistanceMeters><HeartRateBpm><Value>108</Value></HeartRateBpm><SensorState>Present</SensorState></Trackpoint><Trackpoint><Time>2025-07-16T11:00:40.080Z</Time><DistanceMeters>1050.0</DistanceMeters><HeartRateBpm><Value>107</Value></HeartRateBpm><SensorState>Present</SensorState></Trackpoint><Trackpoint><Time>2025-07-16T11:00:41.080Z</Time><DistanceMeters>1050.0</DistanceMeters><HeartRateBpm><Value>106</Value></HeartRateBpm><SensorState>Present</SensorState></Trackpoint><Trackpoint><Time>2025-07-16T11:00:42.080Z</Time><DistanceMeters>1050.0</DistanceMeters><HeartRateBpm><Value>106</Value></HeartRateBpm><SensorState>Present</SensorState></Trackpoint><Trackpoint><Time>2025-07-16T11:00:43.080Z</Time><DistanceMeters>1050.0</DistanceMeters><HeartRateBpm><Value>105</Value></HeartRateBpm><SensorState>Present</SensorState></Trackpoint><Trackpoint><Time>2025-07-16T11:00:44.080Z</Time><DistanceMeters>1050.0</DistanceMeters><HeartRateBpm><Value>105</Value></HeartRateBpm><SensorState>Present</SensorState></Trackpoint><Trackpoint><Time>2025-07-16T11:00:45.080Z</Time><DistanceMeters>1050.0</DistanceMeters><HeartRateBpm><Value>104</Value></HeartRateBpm><SensorState>Present</SensorState></Trackpoint><Trackpoint><Time>2025-07-16T11:00:46.080Z</Time><DistanceMeters>1050.0</DistanceMeters><HeartRateBpm><Value>104</Value></HeartRateBpm><SensorState>Present</SensorState></Trackpoint><Trackpoint><Time>2025-07-16T11:00:47.080Z</Time><DistanceMeters>1050.0</DistanceMeters><HeartRateBpm><Value>105</Value></HeartRateBpm><SensorState>Present</SensorState></Trackpoint><Trackpoint><Time>2025-07-16T11:00:48.080Z</Time><DistanceMeters>1050.0</DistanceMeters><HeartRateBpm><Value>105</Value></HeartRateBpm><SensorState>Present</SensorState></Trackpoint><Trackpoint><Time>2025-07-16T11:00:49.080Z</Time><DistanceMeters>1051.0917030440437</DistanceMeters><HeartRateBpm><Value>105</Value></HeartRateBpm><SensorState>Present</SensorState></Trackpoint><Trackpoint><Time>2025-07-16T11:00:50.080Z</Time><DistanceMeters>1052.1834060880874</DistanceMeters><HeartRateBpm><Value>105</Value></HeartRateBpm><SensorState>Present</SensorState></Trackpoint><Trackpoint><Time>2025-07-16T11:00:51.080Z</Time><DistanceMeters>1053.275109132131</DistanceMeters><HeartRateBpm><Value>105</Value></HeartRateBpm><SensorState>Present</SensorState></Trackpoint><Trackpoint><Time>2025-07-16T11:00:52.080Z</Time><DistanceMeters>1054.3668121761748</DistanceMeters><HeartRateBpm><Value>106</Value></HeartRateBpm><SensorState>Present</SensorState></Trackpoint><Trackpoint><Time>2025-07-16T11:00:53.080Z</Time><DistanceMeters>1055.4585152202185</DistanceMeters><HeartRateBpm><Value>106</Value></HeartRateBpm><SensorState>Present</SensorState></Trackpoint><Trackpoint><Time>2025-07-16T11:00:54.080Z</Time><DistanceMeters>1056.5502182642622</DistanceMeters><HeartRateBpm><Value>106</Value></HeartRateBpm><SensorState>Present</SensorState></Trackpoint><Trackpoint><Time>2025-07-16T11:00:55.080Z</Time><DistanceMeters>1057.6419213083059</DistanceMeters><HeartRateBpm><Value>107</Value></HeartRateBpm><SensorState>Present</SensorState></Trackpoint><Trackpoint><Time>2025-07-16T11:00:56.080Z</Time><DistanceMeters>1058.7336243523496</DistanceMeters><HeartRateBpm><Value>107</Value></HeartRateBpm><SensorState>Present</SensorState></Trackpoint><Trackpoint><Time>2025-07-16T11:00:57.080Z</Time><DistanceMeters>1059.8253273963933</DistanceMeters><HeartRateBpm><Value>107</Value></HeartRateBpm><SensorState>Present</SensorState></Trackpoint><Trackpoint><Time>2025-07-16T11:00:58.080Z</Time><DistanceMeters>1060.917030440437</DistanceMeters><HeartRateBpm><Value>107</Value></HeartRateBpm><SensorState>Present</SensorState></Trackpoint><Trackpoint><Time>2025-07-16T11:00:59.080Z</Time><DistanceMeters>1075.0</DistanceMeters><HeartRateBpm><Value>107</Value></HeartRateBpm><SensorState>Present</SensorState></Trackpoint><Trackpoint><Time>2025-07-16T11:01:00.080Z</Time><DistanceMeters>1075.0</DistanceMeters><HeartRateBpm><Value>108</Value></HeartRateBpm><SensorState>Present</SensorState></Trackpoint><Trackpoint><Time>2025-07-16T11:01:01.080Z</Time><DistanceMeters>1075.0</DistanceMeters><HeartRateBpm><Value>108</Value></HeartRateBpm><SensorState>Present</SensorState></Trackpoint><Trackpoint><Time>2025-07-16T11:01:02.080Z</Time><DistanceMeters>1075.0</DistanceMeters><HeartRateBpm><Value>109</Value></HeartRateBpm><SensorState>Present</SensorState></Trackpoint><Trackpoint><Time>2025-07-16T11:01:03.080Z</Time><DistanceMeters>1075.0</DistanceMeters><HeartRateBpm><Value>110</Value></HeartRateBpm><SensorState>Present</SensorState></Trackpoint><Trackpoint><Time>2025-07-16T11:01:04.080Z</Time><DistanceMeters>1075.0</DistanceMeters><HeartRateBpm><Value>110</Value></HeartRateBpm><SensorState>Present</SensorState></Trackpoint><Trackpoint><Time>2025-07-16T11:01:05.080Z</Time><DistanceMeters>1075.0</DistanceMeters><HeartRateBpm><Value>110</Value></HeartRateBpm><SensorState>Present</SensorState></Trackpoint><Trackpoint><Time>2025-07-16T11:01:06.080Z</Time><DistanceMeters>1075.0</DistanceMeters><HeartRateBpm><Value>111</Value></HeartRateBpm><SensorState>Present</SensorState></Trackpoint><Trackpoint><Time>2025-07-16T11:01:07.080Z</Time><DistanceMeters>1075.0</DistanceMeters><HeartRateBpm><Value>110</Value></HeartRateBpm><SensorState>Present</SensorState></Trackpoint><Trackpoint><Time>2025-07-16T11:01:08.080Z</Time><DistanceMeters>1075.0</DistanceMeters><HeartRateBpm><Value>110</Value></HeartRateBpm><SensorState>Present</SensorState></Trackpoint><Trackpoint><Time>2025-07-16T11:01:09.080Z</Time><DistanceMeters>1075.0</DistanceMeters><HeartRateBpm><Value>109</Value></HeartRateBpm><SensorState>Present</SensorState></Trackpoint><Trackpoint><Time>2025-07-16T11:01:10.080Z</Time><DistanceMeters>1075.0</DistanceMeters><HeartRateBpm><Value>109</Value></HeartRateBpm><SensorState>Present</SensorState></Trackpoint><Trackpoint><Time>2025-07-16T11:01:11.080Z</Time><DistanceMeters>1075.0</DistanceMeters><HeartRateBpm><Value>108</Value></HeartRateBpm><SensorState>Present</SensorState></Trackpoint><Trackpoint><Time>2025-07-16T11:01:12.080Z</Time><DistanceMeters>1075.0</DistanceMeters><HeartRateBpm><Value>108</Value></HeartRateBpm><SensorState>Present</SensorState></Trackpoint><Trackpoint><Time>2025-07-16T11:01:13.080Z</Time><DistanceMeters>1075.0</DistanceMeters><HeartRateBpm><Value>107</Value></HeartRateBpm><SensorState>Present</SensorState></Trackpoint><Trackpoint><Time>2025-07-16T11:01:14.080Z</Time><DistanceMeters>1075.0</DistanceMeters><HeartRateBpm><Value>107</Value></HeartRateBpm><SensorState>Present</SensorState></Trackpoint><Trackpoint><Time>2025-07-16T11:01:15.080Z</Time><DistanceMeters>1075.0</DistanceMeters><HeartRateBpm><Value>107</Value></HeartRateBpm><SensorState>Present</SensorState></Trackpoint><Trackpoint><Time>2025-07-16T11:01:16.080Z</Time><DistanceMeters>1075.0</DistanceMeters><HeartRateBpm><Value>107</Value></HeartRateBpm><SensorState>Present</SensorState></Trackpoint><Trackpoint><Time>2025-07-16T11:01:17.080Z</Time><DistanceMeters>1075.0</DistanceMeters><HeartRateBpm><Value>107</Value></HeartRateBpm><SensorState>Present</SensorState></Trackpoint><Trackpoint><Time>2025-07-16T11:01:18.080Z</Time><DistanceMeters>1075.0</DistanceMeters><HeartRateBpm><Value>107</Value></HeartRateBpm><SensorState>Present</SensorState></Trackpoint><Trackpoint><Time>2025-07-16T11:01:19.080Z</Time><DistanceMeters>1075.0</DistanceMeters><HeartRateBpm><Value>107</Value></HeartRateBpm><SensorState>Present</SensorState></Trackpoint><Trackpoint><Time>2025-07-16T11:01:20.080Z</Time><DistanceMeters>1075.0</DistanceMeters><HeartRateBpm><Value>107</Value></HeartRateBpm><SensorState>Present</SensorState></Trackpoint><Trackpoint><Time>2025-07-16T11:01:21.080Z</Time><DistanceMeters>1076.0917030440437</DistanceMeters><HeartRateBpm><Value>107</Value></HeartRateBpm><SensorState>Present</SensorState></Trackpoint><Trackpoint><Time>2025-07-16T11:01:22.080Z</Time><DistanceMeters>1077.1834060880874</DistanceMeters><HeartRateBpm><Value>107</Value></HeartRateBpm><SensorState>Present</SensorState></Trackpoint><Trackpoint><Time>2025-07-16T11:01:23.080Z</Time><DistanceMeters>1078.275109132131</DistanceMeters><HeartRateBpm><Value>108</Value></HeartRateBpm><SensorState>Present</SensorState></Trackpoint><Trackpoint><Time>2025-07-16T11:01:24.080Z</Time><DistanceMeters>1079.3668121761748</DistanceMeters><HeartRateBpm><Value>108</Value></HeartRateBpm><SensorState>Present</SensorState></Trackpoint><Trackpoint><Time>2025-07-16T11:01:25.080Z</Time><DistanceMeters>1080.4585152202185</DistanceMeters><HeartRateBpm><Value>108</Value></HeartRateBpm><SensorState>Present</SensorState></Trackpoint><Trackpoint><Time>2025-07-16T11:01:26.080Z</Time><DistanceMeters>1081.5502182642622</DistanceMeters><HeartRateBpm><Value>109</Value></HeartRateBpm><SensorState>Present</SensorState></Trackpoint><Trackpoint><Time>2025-07-16T11:01:27.080Z</Time><DistanceMeters>1082.6419213083059</DistanceMeters><HeartRateBpm><Value>109</Value></HeartRateBpm><SensorState>Present</SensorState></Trackpoint><Trackpoint><Time>2025-07-16T11:01:28.080Z</Time><DistanceMeters>1083.7336243523496</DistanceMeters><HeartRateBpm><Value>110</Value></HeartRateBpm><SensorState>Present</SensorState></Trackpoint><Trackpoint><Time>2025-07-16T11:01:29.080Z</Time><DistanceMeters>1084.8253273963933</DistanceMeters><HeartRateBpm><Value>111</Value></HeartRateBpm><SensorState>Present</SensorState></Trackpoint><Trackpoint><Time>2025-07-16T11:01:30.080Z</Time><DistanceMeters>1085.917030440437</DistanceMeters><HeartRateBpm><Value>111</Value></HeartRateBpm><SensorState>Present</SensorState></Trackpoint><Trackpoint><Time>2025-07-16T11:01:31.080Z</Time><DistanceMeters>1100.0</DistanceMeters><HeartRateBpm><Value>111</Value></HeartRateBpm><SensorState>Present</SensorState></Trackpoint><Trackpoint><Time>2025-07-16T11:01:32.080Z</Time><DistanceMeters>1100.0</DistanceMeters><HeartRateBpm><Value>111</Value></HeartRateBpm><SensorState>Present</SensorState></Trackpoint><Trackpoint><Time>2025-07-16T11:01:33.080Z</Time><DistanceMeters>1100.0</DistanceMeters><HeartRateBpm><Value>112</Value></HeartRateBpm><SensorState>Present</SensorState></Trackpoint><Trackpoint><Time>2025-07-16T11:01:34.080Z</Time><DistanceMeters>1100.0</DistanceMeters><HeartRateBpm><Value>112</Value></HeartRateBpm><SensorState>Present</SensorState></Trackpoint><Trackpoint><Time>2025-07-16T11:01:35.080Z</Time><DistanceMeters>1100.0</DistanceMeters><HeartRateBpm><Value>112</Value></HeartRateBpm><SensorState>Present</SensorState></Trackpoint><Trackpoint><Time>2025-07-16T11:01:36.080Z</Time><DistanceMeters>1100.0</DistanceMeters><HeartRateBpm><Value>113</Value></HeartRateBpm><SensorState>Present</SensorState></Trackpoint><Trackpoint><Time>2025-07-16T11:01:37.080Z</Time><DistanceMeters>1100.0</DistanceMeters><HeartRateBpm><Value>112</Value></HeartRateBpm><SensorState>Present</SensorState></Trackpoint><Trackpoint><Time>2025-07-16T11:01:38.080Z</Time><DistanceMeters>1100.0</DistanceMeters><HeartRateBpm><Value>112</Value></HeartRateBpm><SensorState>Present</SensorState></Trackpoint><Trackpoint><Time>2025-07-16T11:01:39.080Z</Time><DistanceMeters>1100.0</DistanceMeters><HeartRateBpm><Value>112</Value></HeartRateBpm><SensorState>Present</SensorState></Trackpoint><Trackpoint><Time>2025-07-16T11:01:40.080Z</Time><DistanceMeters>1100.0</DistanceMeters><HeartRateBpm><Value>113</Value></HeartRateBpm><SensorState>Present</SensorState></Trackpoint><Trackpoint><Time>2025-07-16T11:01:41.080Z</Time><DistanceMeters>1100.0</DistanceMeters><HeartRateBpm><Value>113</Value></HeartRateBpm><SensorState>Present</SensorState></Trackpoint><Trackpoint><Time>2025-07-16T11:01:42.080Z</Time><DistanceMeters>1100.0</DistanceMeters><HeartRateBpm><Value>113</Value></HeartRateBpm><SensorState>Present</SensorState></Trackpoint><Trackpoint><Time>2025-07-16T11:01:43.080Z</Time><DistanceMeters>1100.0</DistanceMeters><HeartRateBpm><Value>114</Value></HeartRateBpm><SensorState>Present</SensorState></Trackpoint><Trackpoint><Time>2025-07-16T11:01:44.080Z</Time><DistanceMeters>1100.0</DistanceMeters><HeartRateBpm><Value>114</Value></HeartRateBpm><SensorState>Present</SensorState></Trackpoint><Trackpoint><Time>2025-07-16T11:01:45.080Z</Time><DistanceMeters>1100.0</DistanceMeters><HeartRateBpm><Value>114</Value></HeartRateBpm><SensorState>Present</SensorState></Trackpoint><Trackpoint><Time>2025-07-16T11:01:46.080Z</Time><DistanceMeters>1100.0</DistanceMeters><HeartRateBpm><Value>114</Value></HeartRateBpm><SensorState>Present</SensorState></Trackpoint><Trackpoint><Time>2025-07-16T11:01:47.080Z</Time><DistanceMeters>1100.0</DistanceMeters><HeartRateBpm><Value>115</Value></HeartRateBpm><SensorState>Present</SensorState></Trackpoint><Trackpoint><Time>2025-07-16T11:01:48.080Z</Time><DistanceMeters>1100.0</DistanceMeters><HeartRateBpm><Value>115</Value></HeartRateBpm><SensorState>Present</SensorState></Trackpoint><Trackpoint><Time>2025-07-16T11:01:49.080Z</Time><DistanceMeters>1100.0</DistanceMeters><HeartRateBpm><Value>115</Value></HeartRateBpm><SensorState>Present</SensorState></Trackpoint><Trackpoint><Time>2025-07-16T11:01:50.080Z</Time><DistanceMeters>1100.0</DistanceMeters><HeartRateBpm><Value>115</Value></HeartRateBpm><SensorState>Present</SensorState></Trackpoint><Trackpoint><Time>2025-07-16T11:01:51.080Z</Time><DistanceMeters>1101.0917030440437</DistanceMeters><HeartRateBpm><Value>114</Value></HeartRateBpm><SensorState>Present</SensorState></Trackpoint><Trackpoint><Time>2025-07-16T11:01:52.080Z</Time><DistanceMeters>1102.1834060880874</DistanceMeters><HeartRateBpm><Value>114</Value></HeartRateBpm><SensorState>Present</SensorState></Trackpoint><Trackpoint><Time>2025-07-16T11:01:53.080Z</Time><DistanceMeters>1103.275109132131</DistanceMeters><HeartRateBpm><Value>115</Value></HeartRateBpm><SensorState>Present</SensorState></Trackpoint><Trackpoint><Time>2025-07-16T11:01:54.080Z</Time><DistanceMeters>1104.3668121761748</DistanceMeters><HeartRateBpm><Value>114</Value></HeartRateBpm><SensorState>Present</SensorState></Trackpoint><Trackpoint><Time>2025-07-16T11:01:55.080Z</Time><DistanceMeters>1105.4585152202185</DistanceMeters><HeartRateBpm><Value>114</Value></HeartRateBpm><SensorState>Present</SensorState></Trackpoint><Trackpoint><Time>2025-07-16T11:01:56.080Z</Time><DistanceMeters>1106.5502182642622</DistanceMeters><HeartRateBpm><Value>114</Value></HeartRateBpm><SensorState>Present</SensorState></Trackpoint><Trackpoint><Time>2025-07-16T11:01:57.080Z</Time><DistanceMeters>1107.6419213083059</DistanceMeters><HeartRateBpm><Value>114</Value></HeartRateBpm><SensorState>Present</SensorState></Trackpoint><Trackpoint><Time>2025-07-16T11:01:58.080Z</Time><DistanceMeters>1108.7336243523496</DistanceMeters><HeartRateBpm><Value>113</Value></HeartRateBpm><SensorState>Present</SensorState></Trackpoint><Trackpoint><Time>2025-07-16T11:01:59.080Z</Time><DistanceMeters>1109.8253273963933</DistanceMeters><HeartRateBpm><Value>113</Value></HeartRateBpm><SensorState>Present</SensorState></Trackpoint><Trackpoint><Time>2025-07-16T11:02:00.080Z</Time><DistanceMeters>1110.917030440437</DistanceMeters><HeartRateBpm><Value>112</Value></HeartRateBpm><SensorState>Present</SensorState></Trackpoint><Trackpoint><Time>2025-07-16T11:02:01.080Z</Time><DistanceMeters>1125.0</DistanceMeters><HeartRateBpm><Value>110</Value></HeartRateBpm><SensorState>Present</SensorState></Trackpoint><Trackpoint><Time>2025-07-16T11:02:02.080Z</Time><DistanceMeters>1125.0</DistanceMeters><HeartRateBpm><Value>109</Value></HeartRateBpm><SensorState>Present</SensorState></Trackpoint><Trackpoint><Time>2025-07-16T11:02:03.080Z</Time><DistanceMeters>1125.0</DistanceMeters><HeartRateBpm><Value>108</Value></HeartRateBpm><SensorState>Present</SensorState></Trackpoint><Trackpoint><Time>2025-07-16T11:02:04.080Z</Time><DistanceMeters>1125.0</DistanceMeters><HeartRateBpm><Value>107</Value></HeartRateBpm><SensorState>Present</SensorState></Trackpoint><Trackpoint><Time>2025-07-16T11:02:05.080Z</Time><DistanceMeters>1125.0</DistanceMeters><HeartRateBpm><Value>107</Value></HeartRateBpm><SensorState>Present</SensorState></Trackpoint><Trackpoint><Time>2025-07-16T11:02:06.080Z</Time><DistanceMeters>1125.0</DistanceMeters><HeartRateBpm><Value>107</Value></HeartRateBpm><SensorState>Present</SensorState></Trackpoint><Trackpoint><Time>2025-07-16T11:02:07.080Z</Time><DistanceMeters>1125.0</DistanceMeters><HeartRateBpm><Value>107</Value></HeartRateBpm><SensorState>Present</SensorState></Trackpoint><Trackpoint><Time>2025-07-16T11:02:08.080Z</Time><DistanceMeters>1125.0</DistanceMeters><HeartRateBpm><Value>105</Value></HeartRateBpm><SensorState>Present</SensorState></Trackpoint><Trackpoint><Time>2025-07-16T11:02:09.080Z</Time><DistanceMeters>1125.0</DistanceMeters><HeartRateBpm><Value>105</Value></HeartRateBpm><SensorState>Present</SensorState></Trackpoint><Trackpoint><Time>2025-07-16T11:02:10.080Z</Time><DistanceMeters>1125.0</DistanceMeters><HeartRateBpm><Value>104</Value></HeartRateBpm><SensorState>Present</SensorState></Trackpoint><Trackpoint><Time>2025-07-16T11:02:11.080Z</Time><DistanceMeters>1125.0</DistanceMeters><HeartRateBpm><Value>104</Value></HeartRateBpm><SensorState>Present</SensorState></Trackpoint><Trackpoint><Time>2025-07-16T11:02:12.080Z</Time><DistanceMeters>1125.0</DistanceMeters><HeartRateBpm><Value>104</Value></HeartRateBpm><SensorState>Present</SensorState></Trackpoint><Trackpoint><Time>2025-07-16T11:02:13.080Z</Time><DistanceMeters>1125.0</DistanceMeters><HeartRateBpm><Value>104</Value></HeartRateBpm><SensorState>Present</SensorState></Trackpoint><Trackpoint><Time>2025-07-16T11:02:14.080Z</Time><DistanceMeters>1125.0</DistanceMeters><HeartRateBpm><Value>103</Value></HeartRateBpm><SensorState>Present</SensorState></Trackpoint><Trackpoint><Time>2025-07-16T11:02:15.080Z</Time><DistanceMeters>1125.0</DistanceMeters><HeartRateBpm><Value>103</Value></HeartRateBpm><SensorState>Present</SensorState></Trackpoint><Trackpoint><Time>2025-07-16T11:02:16.080Z</Time><DistanceMeters>1125.0</DistanceMeters><HeartRateBpm><Value>102</Value></HeartRateBpm><SensorState>Present</SensorState></Trackpoint><Trackpoint><Time>2025-07-16T11:02:17.080Z</Time><DistanceMeters>1125.0</DistanceMeters><HeartRateBpm><Value>102</Value></HeartRateBpm><SensorState>Present</SensorState></Trackpoint><Trackpoint><Time>2025-07-16T11:02:18.080Z</Time><DistanceMeters>1125.0</DistanceMeters><HeartRateBpm><Value>101</Value></HeartRateBpm><SensorState>Present</SensorState></Trackpoint><Trackpoint><Time>2025-07-16T11:02:19.080Z</Time><DistanceMeters>1125.0</DistanceMeters><HeartRateBpm><Value>102</Value></HeartRateBpm><SensorState>Present</SensorState></Trackpoint><Trackpoint><Time>2025-07-16T11:02:20.080Z</Time><DistanceMeters>1125.0</DistanceMeters><HeartRateBpm><Value>101</Value></HeartRateBpm><SensorState>Present</SensorState></Trackpoint><Trackpoint><Time>2025-07-16T11:02:21.080Z</Time><DistanceMeters>1125.0</DistanceMeters><HeartRateBpm><Value>101</Value></HeartRateBpm><SensorState>Present</SensorState></Trackpoint><Trackpoint><Time>2025-07-16T11:02:22.080Z</Time><DistanceMeters>1125.0</DistanceMeters><HeartRateBpm><Value>101</Value></HeartRateBpm><SensorState>Present</SensorState></Trackpoint><Trackpoint><Time>2025-07-16T11:02:23.080Z</Time><DistanceMeters>1125.0</DistanceMeters><HeartRateBpm><Value>101</Value></HeartRateBpm><SensorState>Present</SensorState></Trackpoint><Trackpoint><Time>2025-07-16T11:02:24.080Z</Time><DistanceMeters>1126.0917030440437</DistanceMeters><HeartRateBpm><Value>100</Value></HeartRateBpm><SensorState>Present</SensorState></Trackpoint><Trackpoint><Time>2025-07-16T11:02:25.080Z</Time><DistanceMeters>1127.1834060880874</DistanceMeters><HeartRateBpm><Value>100</Value></HeartRateBpm><SensorState>Present</SensorState></Trackpoint><Trackpoint><Time>2025-07-16T11:02:26.080Z</Time><DistanceMeters>1128.275109132131</DistanceMeters><HeartRateBpm><Value>100</Value></HeartRateBpm><SensorState>Present</SensorState></Trackpoint><Trackpoint><Time>2025-07-16T11:02:27.080Z</Time><DistanceMeters>1129.3668121761748</DistanceMeters><HeartRateBpm><Value>99</Value></HeartRateBpm><SensorState>Present</SensorState></Trackpoint><Trackpoint><Time>2025-07-16T11:02:28.080Z</Time><DistanceMeters>1130.4585152202185</DistanceMeters><HeartRateBpm><Value>99</Value></HeartRateBpm><SensorState>Present</SensorState></Trackpoint><Trackpoint><Time>2025-07-16T11:02:29.080Z</Time><DistanceMeters>1131.5502182642622</DistanceMeters><HeartRateBpm><Value>99</Value></HeartRateBpm><SensorState>Present</SensorState></Trackpoint><Trackpoint><Time>2025-07-16T11:02:30.080Z</Time><DistanceMeters>1132.6419213083059</DistanceMeters><HeartRateBpm><Value>99</Value></HeartRateBpm><SensorState>Present</SensorState></Trackpoint><Trackpoint><Time>2025-07-16T11:02:31.080Z</Time><DistanceMeters>1133.7336243523496</DistanceMeters><HeartRateBpm><Value>99</Value></HeartRateBpm><SensorState>Present</SensorState></Trackpoint><Trackpoint><Time>2025-07-16T11:02:32.080Z</Time><DistanceMeters>1134.8253273963933</DistanceMeters><HeartRateBpm><Value>99</Value></HeartRateBpm><SensorState>Present</SensorState></Trackpoint><Trackpoint><Time>2025-07-16T11:02:33.080Z</Time><DistanceMeters>1135.917030440437</DistanceMeters><HeartRateBpm><Value>99</Value></HeartRateBpm><SensorState>Present</SensorState></Trackpoint><Trackpoint><Time>2025-07-16T11:02:34.080Z</Time><DistanceMeters>1150.0</DistanceMeters><HeartRateBpm><Value>99</Value></HeartRateBpm><SensorState>Present</SensorState></Trackpoint><Trackpoint><Time>2025-07-16T11:02:35.080Z</Time><DistanceMeters>1150.0</DistanceMeters><HeartRateBpm><Value>99</Value></HeartRateBpm><SensorState>Present</SensorState></Trackpoint><Trackpoint><Time>2025-07-16T11:02:36.080Z</Time><DistanceMeters>1150.0</DistanceMeters><HeartRateBpm><Value>99</Value></HeartRateBpm><SensorState>Present</SensorState></Trackpoint><Trackpoint><Time>2025-07-16T11:02:37.080Z</Time><DistanceMeters>1150.0</DistanceMeters><HeartRateBpm><Value>99</Value></HeartRateBpm><SensorState>Present</SensorState></Trackpoint><Trackpoint><Time>2025-07-16T11:02:38.080Z</Time><DistanceMeters>1150.0</DistanceMeters><HeartRateBpm><Value>99</Value></HeartRateBpm><SensorState>Present</SensorState></Trackpoint><Trackpoint><Time>2025-07-16T11:02:39.080Z</Time><DistanceMeters>1150.0</DistanceMeters><HeartRateBpm><Value>99</Value></HeartRateBpm><SensorState>Present</SensorState></Trackpoint><Trackpoint><Time>2025-07-16T11:02:40.080Z</Time><DistanceMeters>1150.0</DistanceMeters><HeartRateBpm><Value>100</Value></HeartRateBpm><SensorState>Present</SensorState></Trackpoint><Trackpoint><Time>2025-07-16T11:02:41.080Z</Time><DistanceMeters>1150.0</DistanceMeters><HeartRateBpm><Value>100</Value></HeartRateBpm><SensorState>Present</SensorState></Trackpoint><Trackpoint><Time>2025-07-16T11:02:42.080Z</Time><DistanceMeters>1150.0</DistanceMeters><HeartRateBpm><Value>100</Value></HeartRateBpm><SensorState>Present</SensorState></Trackpoint><Trackpoint><Time>2025-07-16T11:02:43.080Z</Time><DistanceMeters>1150.0</DistanceMeters><HeartRateBpm><Value>101</Value></HeartRateBpm><SensorState>Present</SensorState></Trackpoint><Trackpoint><Time>2025-07-16T11:02:44.080Z</Time><DistanceMeters>1150.0</DistanceMeters><HeartRateBpm><Value>101</Value></HeartRateBpm><SensorState>Present</SensorState></Trackpoint><Trackpoint><Time>2025-07-16T11:02:45.080Z</Time><DistanceMeters>1150.0</DistanceMeters><HeartRateBpm><Value>102</Value></HeartRateBpm><SensorState>Present</SensorState></Trackpoint><Trackpoint><Time>2025-07-16T11:02:46.080Z</Time><DistanceMeters>1150.0</DistanceMeters><HeartRateBpm><Value>103</Value></HeartRateBpm><SensorState>Present</SensorState></Trackpoint><Trackpoint><Time>2025-07-16T11:02:47.080Z</Time><DistanceMeters>1150.0</DistanceMeters><HeartRateBpm><Value>103</Value></HeartRateBpm><SensorState>Present</SensorState></Trackpoint><Trackpoint><Time>2025-07-16T11:02:48.080Z</Time><DistanceMeters>1150.0</DistanceMeters><HeartRateBpm><Value>104</Value></HeartRateBpm><SensorState>Present</SensorState></Trackpoint><Trackpoint><Time>2025-07-16T11:02:49.080Z</Time><DistanceMeters>1150.0</DistanceMeters><HeartRateBpm><Value>104</Value></HeartRateBpm><SensorState>Present</SensorState></Trackpoint><Trackpoint><Time>2025-07-16T11:02:50.080Z</Time><DistanceMeters>1150.0</DistanceMeters><HeartRateBpm><Value>104</Value></HeartRateBpm><SensorState>Present</SensorState></Trackpoint><Trackpoint><Time>2025-07-16T11:02:51.080Z</Time><DistanceMeters>1150.0</DistanceMeters><HeartRateBpm><Value>104</Value></HeartRateBpm><SensorState>Present</SensorState></Trackpoint><Trackpoint><Time>2025-07-16T11:02:52.080Z</Time><DistanceMeters>1150.0</DistanceMeters><HeartRateBpm><Value>104</Value></HeartRateBpm><SensorState>Present</SensorState></Trackpoint><Trackpoint><Time>2025-07-16T11:02:53.080Z</Time><DistanceMeters>1150.0</DistanceMeters><HeartRateBpm><Value>104</Value></HeartRateBpm><SensorState>Present</SensorState></Trackpoint><Trackpoint><Time>2025-07-16T11:02:54.080Z</Time><DistanceMeters>1151.0917030440437</DistanceMeters><HeartRateBpm><Value>104</Value></HeartRateBpm><SensorState>Present</SensorState></Trackpoint><Trackpoint><Time>2025-07-16T11:02:55.080Z</Time><DistanceMeters>1152.1834060880874</DistanceMeters><HeartRateBpm><Value>104</Value></HeartRateBpm><SensorState>Present</SensorState></Trackpoint><Trackpoint><Time>2025-07-16T11:02:56.080Z</Time><DistanceMeters>1153.275109132131</DistanceMeters><HeartRateBpm><Value>103</Value></HeartRateBpm><SensorState>Present</SensorState></Trackpoint><Trackpoint><Time>2025-07-16T11:02:57.080Z</Time><DistanceMeters>1154.3668121761748</DistanceMeters><HeartRateBpm><Value>103</Value></HeartRateBpm><SensorState>Present</SensorState></Trackpoint><Trackpoint><Time>2025-07-16T11:02:58.080Z</Time><DistanceMeters>1155.4585152202185</DistanceMeters><HeartRateBpm><Value>102</Value></HeartRateBpm><SensorState>Present</SensorState></Trackpoint><Trackpoint><Time>2025-07-16T11:02:59.080Z</Time><DistanceMeters>1156.5502182642622</DistanceMeters><HeartRateBpm><Value>103</Value></HeartRateBpm><SensorState>Present</SensorState></Trackpoint><Trackpoint><Time>2025-07-16T11:03:00.080Z</Time><DistanceMeters>1157.6419213083059</DistanceMeters><HeartRateBpm><Value>103</Value></HeartRateBpm><SensorState>Present</SensorState></Trackpoint><Trackpoint><Time>2025-07-16T11:03:01.080Z</Time><DistanceMeters>1158.7336243523496</DistanceMeters><HeartRateBpm><Value>103</Value></HeartRateBpm><SensorState>Present</SensorState></Trackpoint><Trackpoint><Time>2025-07-16T11:03:02.080Z</Time><DistanceMeters>1159.8253273963933</DistanceMeters><HeartRateBpm><Value>103</Value></HeartRateBpm><SensorState>Present</SensorState></Trackpoint><Trackpoint><Time>2025-07-16T11:03:03.080Z</Time><DistanceMeters>1160.917030440437</DistanceMeters><HeartRateBpm><Value>103</Value></HeartRateBpm><SensorState>Present</SensorState></Trackpoint><Trackpoint><Time>2025-07-16T11:03:04.080Z</Time><DistanceMeters>1175.0</DistanceMeters><HeartRateBpm><Value>103</Value></HeartRateBpm><SensorState>Present</SensorState></Trackpoint><Trackpoint><Time>2025-07-16T11:03:05.080Z</Time><DistanceMeters>1175.0</DistanceMeters><HeartRateBpm><Value>103</Value></HeartRateBpm><SensorState>Present</SensorState></Trackpoint><Trackpoint><Time>2025-07-16T11:03:06.080Z</Time><DistanceMeters>1175.0</DistanceMeters><HeartRateBpm><Value>103</Value></HeartRateBpm><SensorState>Present</SensorState></Trackpoint><Trackpoint><Time>2025-07-16T11:03:07.080Z</Time><DistanceMeters>1175.0</DistanceMeters><HeartRateBpm><Value>103</Value></HeartRateBpm><SensorState>Present</SensorState></Trackpoint><Trackpoint><Time>2025-07-16T11:03:08.080Z</Time><DistanceMeters>1175.0</DistanceMeters><HeartRateBpm><Value>103</Value></HeartRateBpm><SensorState>Present</SensorState></Trackpoint><Trackpoint><Time>2025-07-16T11:03:09.080Z</Time><DistanceMeters>1175.0</DistanceMeters><HeartRateBpm><Value>104</Value></HeartRateBpm><SensorState>Present</SensorState></Trackpoint><Trackpoint><Time>2025-07-16T11:03:10.080Z</Time><DistanceMeters>1175.0</DistanceMeters><HeartRateBpm><Value>105</Value></HeartRateBpm><SensorState>Present</SensorState></Trackpoint><Trackpoint><Time>2025-07-16T11:03:11.080Z</Time><DistanceMeters>1175.0</DistanceMeters><HeartRateBpm><Value>105</Value></HeartRateBpm><SensorState>Present</SensorState></Trackpoint><Trackpoint><Time>2025-07-16T11:03:12.080Z</Time><DistanceMeters>1175.0</DistanceMeters><HeartRateBpm><Value>105</Value></HeartRateBpm><SensorState>Present</SensorState></Trackpoint><Trackpoint><Time>2025-07-16T11:03:13.080Z</Time><DistanceMeters>1175.0</DistanceMeters><HeartRateBpm><Value>105</Value></HeartRateBpm><SensorState>Present</SensorState></Trackpoint><Trackpoint><Time>2025-07-16T11:03:14.080Z</Time><DistanceMeters>1175.0</DistanceMeters><HeartRateBpm><Value>105</Value></HeartRateBpm><SensorState>Present</SensorState></Trackpoint><Trackpoint><Time>2025-07-16T11:03:15.080Z</Time><DistanceMeters>1175.0</DistanceMeters><HeartRateBpm><Value>105</Value></HeartRateBpm><SensorState>Present</SensorState></Trackpoint><Trackpoint><Time>2025-07-16T11:03:16.080Z</Time><DistanceMeters>1175.0</DistanceMeters><HeartRateBpm><Value>106</Value></HeartRateBpm><SensorState>Present</SensorState></Trackpoint><Trackpoint><Time>2025-07-16T11:03:17.080Z</Time><DistanceMeters>1175.0</DistanceMeters><HeartRateBpm><Value>106</Value></HeartRateBpm><SensorState>Present</SensorState></Trackpoint><Trackpoint><Time>2025-07-16T11:03:18.080Z</Time><DistanceMeters>1175.0</DistanceMeters><HeartRateBpm><Value>106</Value></HeartRateBpm><SensorState>Present</SensorState></Trackpoint><Trackpoint><Time>2025-07-16T11:03:19.080Z</Time><DistanceMeters>1175.0</DistanceMeters><HeartRateBpm><Value>107</Value></HeartRateBpm><SensorState>Present</SensorState></Trackpoint><Trackpoint><Time>2025-07-16T11:03:20.080Z</Time><DistanceMeters>1175.0</DistanceMeters><HeartRateBpm><Value>108</Value></HeartRateBpm><SensorState>Present</SensorState></Trackpoint><Trackpoint><Time>2025-07-16T11:03:21.080Z</Time><DistanceMeters>1175.0</DistanceMeters><HeartRateBpm><Value>108</Value></HeartRateBpm><SensorState>Present</SensorState></Trackpoint><Trackpoint><Time>2025-07-16T11:03:22.080Z</Time><DistanceMeters>1175.0</DistanceMeters><HeartRateBpm><Value>108</Value></HeartRateBpm><SensorState>Present</SensorState></Trackpoint><Trackpoint><Time>2025-07-16T11:03:23.080Z</Time><DistanceMeters>1175.0</DistanceMeters><HeartRateBpm><Value>108</Value></HeartRateBpm><SensorState>Present</SensorState></Trackpoint><Trackpoint><Time>2025-07-16T11:03:24.080Z</Time><DistanceMeters>1175.0</DistanceMeters><HeartRateBpm><Value>108</Value></HeartRateBpm><SensorState>Present</SensorState></Trackpoint><Trackpoint><Time>2025-07-16T11:03:25.080Z</Time><DistanceMeters>1175.0</DistanceMeters><HeartRateBpm><Value>108</Value></HeartRateBpm><SensorState>Present</SensorState></Trackpoint><Trackpoint><Time>2025-07-16T11:03:26.080Z</Time><DistanceMeters>1175.0</DistanceMeters><HeartRateBpm><Value>107</Value></HeartRateBpm><SensorState>Present</SensorState></Trackpoint><Trackpoint><Time>2025-07-16T11:03:27.080Z</Time><DistanceMeters>1175.0</DistanceMeters><HeartRateBpm><Value>107</Value></HeartRateBpm><SensorState>Present</SensorState></Trackpoint><Trackpoint><Time>2025-07-16T11:03:28.080Z</Time><DistanceMeters>1175.0</DistanceMeters><HeartRateBpm><Value>108</Value></HeartRateBpm><SensorState>Present</SensorState></Trackpoint><Trackpoint><Time>2025-07-16T11:03:29.080Z</Time><DistanceMeters>1175.0</DistanceMeters><HeartRateBpm><Value>108</Value></HeartRateBpm><SensorState>Present</SensorState></Trackpoint><Trackpoint><Time>2025-07-16T11:03:30.080Z</Time><DistanceMeters>1175.0</DistanceMeters><HeartRateBpm><Value>109</Value></HeartRateBpm><SensorState>Present</SensorState></Trackpoint><Trackpoint><Time>2025-07-16T11:03:31.080Z</Time><DistanceMeters>1175.0</DistanceMeters><HeartRateBpm><Value>109</Value></HeartRateBpm><SensorState>Present</SensorState></Trackpoint><Trackpoint><Time>2025-07-16T11:03:32.080Z</Time><DistanceMeters>1175.0</DistanceMeters><HeartRateBpm><Value>111</Value></HeartRateBpm><SensorState>Present</SensorState></Trackpoint><Trackpoint><Time>2025-07-16T11:03:33.080Z</Time><DistanceMeters>1175.0</DistanceMeters><HeartRateBpm><Value>113</Value></HeartRateBpm><SensorState>Present</SensorState></Trackpoint><Trackpoint><Time>2025-07-16T11:03:34.080Z</Time><DistanceMeters>1175.0</DistanceMeters><HeartRateBpm><Value>114</Value></HeartRateBpm><SensorState>Present</SensorState></Trackpoint><Trackpoint><Time>2025-07-16T11:03:35.080Z</Time><DistanceMeters>1176.0917030440437</DistanceMeters><HeartRateBpm><Value>115</Value></HeartRateBpm><SensorState>Present</SensorState></Trackpoint><Trackpoint><Time>2025-07-16T11:03:36.080Z</Time><DistanceMeters>1177.1834060880874</DistanceMeters><HeartRateBpm><Value>116</Value></HeartRateBpm><SensorState>Present</SensorState></Trackpoint><Trackpoint><Time>2025-07-16T11:03:37.080Z</Time><DistanceMeters>1178.275109132131</DistanceMeters><HeartRateBpm><Value>117</Value></HeartRateBpm><SensorState>Present</SensorState></Trackpoint><Trackpoint><Time>2025-07-16T11:03:38.080Z</Time><DistanceMeters>1179.3668121761748</DistanceMeters><HeartRateBpm><Value>117</Value></HeartRateBpm><SensorState>Present</SensorState></Trackpoint><Trackpoint><Time>2025-07-16T11:03:39.080Z</Time><DistanceMeters>1180.4585152202185</DistanceMeters><HeartRateBpm><Value>117</Value></HeartRateBpm><SensorState>Present</SensorState></Trackpoint><Trackpoint><Time>2025-07-16T11:03:40.080Z</Time><DistanceMeters>1181.5502182642622</DistanceMeters><HeartRateBpm><Value>117</Value></HeartRateBpm><SensorState>Present</SensorState></Trackpoint><Trackpoint><Time>2025-07-16T11:03:41.080Z</Time><DistanceMeters>1182.6419213083059</DistanceMeters><HeartRateBpm><Value>116</Value></HeartRateBpm><SensorState>Present</SensorState></Trackpoint><Trackpoint><Time>2025-07-16T11:03:42.080Z</Time><DistanceMeters>1183.7336243523496</DistanceMeters><HeartRateBpm><Value>116</Value></HeartRateBpm><SensorState>Present</SensorState></Trackpoint><Trackpoint><Time>2025-07-16T11:03:43.080Z</Time><DistanceMeters>1184.8253273963933</DistanceMeters><HeartRateBpm><Value>115</Value></HeartRateBpm><SensorState>Present</SensorState></Trackpoint><Trackpoint><Time>2025-07-16T11:03:44.080Z</Time><DistanceMeters>1185.917030440437</DistanceMeters><HeartRateBpm><Value>115</Value></HeartRateBpm><SensorState>Present</SensorState></Trackpoint><Trackpoint><Time>2025-07-16T11:03:45.080Z</Time><DistanceMeters>1200.0</DistanceMeters><HeartRateBpm><Value>114</Value></HeartRateBpm><SensorState>Present</SensorState></Trackpoint><Trackpoint><Time>2025-07-16T11:03:46.080Z</Time><DistanceMeters>1200.0</DistanceMeters><HeartRateBpm><Value>114</Value></HeartRateBpm><SensorState>Present</SensorState></Trackpoint><Trackpoint><Time>2025-07-16T11:03:47.080Z</Time><DistanceMeters>1200.0</DistanceMeters><HeartRateBpm><Value>113</Value></HeartRateBpm><SensorState>Present</SensorState></Trackpoint><Trackpoint><Time>2025-07-16T11:03:48.080Z</Time><DistanceMeters>1200.0</DistanceMeters><HeartRateBpm><Value>113</Value></HeartRateBpm><SensorState>Present</SensorState></Trackpoint><Trackpoint><Time>2025-07-16T11:03:49.080Z</Time><DistanceMeters>1200.0</DistanceMeters><HeartRateBpm><Value>113</Value></HeartRateBpm><SensorState>Present</SensorState></Trackpoint><Trackpoint><Time>2025-07-16T11:03:50.080Z</Time><DistanceMeters>1200.0</DistanceMeters><HeartRateBpm><Value>113</Value></HeartRateBpm><SensorState>Present</SensorState></Trackpoint><Trackpoint><Time>2025-07-16T11:03:51.080Z</Time><DistanceMeters>1200.0</DistanceMeters><HeartRateBpm><Value>113</Value></HeartRateBpm><SensorState>Present</SensorState></Trackpoint><Trackpoint><Time>2025-07-16T11:03:52.080Z</Time><DistanceMeters>1200.0</DistanceMeters><HeartRateBpm><Value>114</Value></HeartRateBpm><SensorState>Present</SensorState></Trackpoint><Trackpoint><Time>2025-07-16T11:03:53.080Z</Time><DistanceMeters>1200.0</DistanceMeters><HeartRateBpm><Value>114</Value></HeartRateBpm><SensorState>Present</SensorState></Trackpoint><Trackpoint><Time>2025-07-16T11:03:54.080Z</Time><DistanceMeters>1200.0</DistanceMeters><HeartRateBpm><Value>114</Value></HeartRateBpm><SensorState>Present</SensorState></Trackpoint><Trackpoint><Time>2025-07-16T11:03:55.080Z</Time><DistanceMeters>1200.0</DistanceMeters><HeartRateBpm><Value>115</Value></HeartRateBpm><SensorState>Present</SensorState></Trackpoint><Trackpoint><Time>2025-07-16T11:03:56.080Z</Time><DistanceMeters>1200.0</DistanceMeters><HeartRateBpm><Value>115</Value></HeartRateBpm><SensorState>Present</SensorState></Trackpoint><Trackpoint><Time>2025-07-16T11:03:57.080Z</Time><DistanceMeters>1200.0</DistanceMeters><HeartRateBpm><Value>115</Value></HeartRateBpm><SensorState>Present</SensorState></Trackpoint><Trackpoint><Time>2025-07-16T11:03:58.080Z</Time><DistanceMeters>1200.0</DistanceMeters><HeartRateBpm><Value>115</Value></HeartRateBpm><SensorState>Present</SensorState></Trackpoint><Trackpoint><Time>2025-07-16T11:03:59.080Z</Time><DistanceMeters>1200.0</DistanceMeters><HeartRateBpm><Value>116</Value></HeartRateBpm><SensorState>Present</SensorState></Trackpoint><Trackpoint><Time>2025-07-16T11:04:00.080Z</Time><DistanceMeters>1200.0</DistanceMeters><HeartRateBpm><Value>115</Value></HeartRateBpm><SensorState>Present</SensorState></Trackpoint><Trackpoint><Time>2025-07-16T11:04:01.080Z</Time><DistanceMeters>1200.0</DistanceMeters><HeartRateBpm><Value>113</Value></HeartRateBpm><SensorState>Present</SensorState></Trackpoint><Trackpoint><Time>2025-07-16T11:04:02.080Z</Time><DistanceMeters>1200.0</DistanceMeters><HeartRateBpm><Value>112</Value></HeartRateBpm><SensorState>Present</SensorState></Trackpoint><Trackpoint><Time>2025-07-16T11:04:03.080Z</Time><DistanceMeters>1200.0</DistanceMeters><HeartRateBpm><Value>111</Value></HeartRateBpm><SensorState>Present</SensorState></Trackpoint><Trackpoint><Time>2025-07-16T11:04:04.080Z</Time><DistanceMeters>1201.0917030440437</DistanceMeters><HeartRateBpm><Value>111</Value></HeartRateBpm><SensorState>Present</SensorState></Trackpoint><Trackpoint><Time>2025-07-16T11:04:05.080Z</Time><DistanceMeters>1202.1834060880874</DistanceMeters><HeartRateBpm><Value>111</Value></HeartRateBpm><SensorState>Present</SensorState></Trackpoint><Trackpoint><Time>2025-07-16T11:04:06.080Z</Time><DistanceMeters>1203.275109132131</DistanceMeters><HeartRateBpm><Value>111</Value></HeartRateBpm><SensorState>Present</SensorState></Trackpoint><Trackpoint><Time>2025-07-16T11:04:07.080Z</Time><DistanceMeters>1204.3668121761748</DistanceMeters><HeartRateBpm><Value>110</Value></HeartRateBpm><SensorState>Present</SensorState></Trackpoint><Trackpoint><Time>2025-07-16T11:04:08.080Z</Time><DistanceMeters>1205.4585152202185</DistanceMeters><HeartRateBpm><Value>110</Value></HeartRateBpm><SensorState>Present</SensorState></Trackpoint><Trackpoint><Time>2025-07-16T11:04:09.080Z</Time><DistanceMeters>1206.5502182642622</DistanceMeters><HeartRateBpm><Value>110</Value></HeartRateBpm><SensorState>Present</SensorState></Trackpoint><Trackpoint><Time>2025-07-16T11:04:10.080Z</Time><DistanceMeters>1207.6419213083059</DistanceMeters><HeartRateBpm><Value>110</Value></HeartRateBpm><SensorState>Present</SensorState></Trackpoint><Trackpoint><Time>2025-07-16T11:04:11.080Z</Time><DistanceMeters>1208.7336243523496</DistanceMeters><HeartRateBpm><Value>110</Value></HeartRateBpm><SensorState>Present</SensorState></Trackpoint><Trackpoint><Time>2025-07-16T11:04:12.080Z</Time><DistanceMeters>1209.8253273963933</DistanceMeters><HeartRateBpm><Value>110</Value></HeartRateBpm><SensorState>Present</SensorState></Trackpoint><Trackpoint><Time>2025-07-16T11:04:13.080Z</Time><DistanceMeters>1210.917030440437</DistanceMeters><HeartRateBpm><Value>110</Value></HeartRateBpm><SensorState>Present</SensorState></Trackpoint><Trackpoint><Time>2025-07-16T11:04:14.080Z</Time><DistanceMeters>1225.0</DistanceMeters><HeartRateBpm><Value>110</Value></HeartRateBpm><SensorState>Present</SensorState></Trackpoint><Trackpoint><Time>2025-07-16T11:04:15.080Z</Time><DistanceMeters>1225.0</DistanceMeters><HeartRateBpm><Value>110</Value></HeartRateBpm><SensorState>Present</SensorState></Trackpoint><Trackpoint><Time>2025-07-16T11:04:16.080Z</Time><DistanceMeters>1225.0</DistanceMeters><HeartRateBpm><Value>110</Value></HeartRateBpm><SensorState>Present</SensorState></Trackpoint><Trackpoint><Time>2025-07-16T11:04:17.080Z</Time><DistanceMeters>1225.0</DistanceMeters><HeartRateBpm><Value>109</Value></HeartRateBpm><SensorState>Present</SensorState></Trackpoint><Trackpoint><Time>2025-07-16T11:04:18.080Z</Time><DistanceMeters>1225.0</DistanceMeters><HeartRateBpm><Value>108</Value></HeartRateBpm><SensorState>Present</SensorState></Trackpoint><Trackpoint><Time>2025-07-16T11:04:19.080Z</Time><DistanceMeters>1225.0</DistanceMeters><HeartRateBpm><Value>107</Value></HeartRateBpm><SensorState>Present</SensorState></Trackpoint><Trackpoint><Time>2025-07-16T11:04:20.080Z</Time><DistanceMeters>1225.0</DistanceMeters><HeartRateBpm><Value>108</Value></HeartRateBpm><SensorState>Present</SensorState></Trackpoint><Trackpoint><Time>2025-07-16T11:04:21.080Z</Time><DistanceMeters>1225.0</DistanceMeters><HeartRateBpm><Value>108</Value></HeartRateBpm><SensorState>Present</SensorState></Trackpoint><Trackpoint><Time>2025-07-16T11:04:22.080Z</Time><DistanceMeters>1225.0</DistanceMeters><HeartRateBpm><Value>109</Value></HeartRateBpm><SensorState>Present</SensorState></Trackpoint><Trackpoint><Time>2025-07-16T11:04:23.080Z</Time><DistanceMeters>1225.0</DistanceMeters><HeartRateBpm><Value>109</Value></HeartRateBpm><SensorState>Present</SensorState></Trackpoint><Trackpoint><Time>2025-07-16T11:04:24.080Z</Time><DistanceMeters>1225.0</DistanceMeters><HeartRateBpm><Value>109</Value></HeartRateBpm><SensorState>Present</SensorState></Trackpoint><Trackpoint><Time>2025-07-16T11:04:25.080Z</Time><DistanceMeters>1225.0</DistanceMeters><HeartRateBpm><Value>109</Value></HeartRateBpm><SensorState>Present</SensorState></Trackpoint><Trackpoint><Time>2025-07-16T11:04:26.080Z</Time><DistanceMeters>1225.0</DistanceMeters><HeartRateBpm><Value>109</Value></HeartRateBpm><SensorState>Present</SensorState></Trackpoint><Trackpoint><Time>2025-07-16T11:04:27.080Z</Time><DistanceMeters>1225.0</DistanceMeters><HeartRateBpm><Value>109</Value></HeartRateBpm><SensorState>Present</SensorState></Trackpoint><Trackpoint><Time>2025-07-16T11:04:28.080Z</Time><DistanceMeters>1225.0</DistanceMeters><HeartRateBpm><Value>109</Value></HeartRateBpm><SensorState>Present</SensorState></Trackpoint><Trackpoint><Time>2025-07-16T11:04:29.080Z</Time><DistanceMeters>1225.0</DistanceMeters><HeartRateBpm><Value>108</Value></HeartRateBpm><SensorState>Present</SensorState></Trackpoint><Trackpoint><Time>2025-07-16T11:04:30.080Z</Time><DistanceMeters>1225.0</DistanceMeters><HeartRateBpm><Value>108</Value></HeartRateBpm><SensorState>Present</SensorState></Trackpoint><Trackpoint><Time>2025-07-16T11:04:31.080Z</Time><DistanceMeters>1225.0</DistanceMeters><HeartRateBpm><Value>109</Value></HeartRateBpm><SensorState>Present</SensorState></Trackpoint><Trackpoint><Time>2025-07-16T11:04:32.080Z</Time><DistanceMeters>1225.0</DistanceMeters><HeartRateBpm><Value>109</Value></HeartRateBpm><SensorState>Present</SensorState></Trackpoint><Trackpoint><Time>2025-07-16T11:04:33.080Z</Time><DistanceMeters>1225.0</DistanceMeters><HeartRateBpm><Value>110</Value></HeartRateBpm><SensorState>Present</SensorState></Trackpoint><Trackpoint><Time>2025-07-16T11:04:34.080Z</Time><DistanceMeters>1225.0</DistanceMeters><HeartRateBpm><Value>110</Value></HeartRateBpm><SensorState>Present</SensorState></Trackpoint><Trackpoint><Time>2025-07-16T11:04:35.080Z</Time><DistanceMeters>1225.0</DistanceMeters><HeartRateBpm><Value>110</Value></HeartRateBpm><SensorState>Present</SensorState></Trackpoint><Trackpoint><Time>2025-07-16T11:04:36.080Z</Time><DistanceMeters>1225.0</DistanceMeters><HeartRateBpm><Value>111</Value></HeartRateBpm><SensorState>Present</SensorState></Trackpoint><Trackpoint><Time>2025-07-16T11:04:37.080Z</Time><DistanceMeters>1225.0</DistanceMeters><HeartRateBpm><Value>111</Value></HeartRateBpm><SensorState>Present</SensorState></Trackpoint><Trackpoint><Time>2025-07-16T11:04:38.080Z</Time><DistanceMeters>1226.0917030440437</DistanceMeters><HeartRateBpm><Value>112</Value></HeartRateBpm><SensorState>Present</SensorState></Trackpoint><Trackpoint><Time>2025-07-16T11:04:39.080Z</Time><DistanceMeters>1227.1834060880874</DistanceMeters><HeartRateBpm><Value>112</Value></HeartRateBpm><SensorState>Present</SensorState></Trackpoint><Trackpoint><Time>2025-07-16T11:04:40.080Z</Time><DistanceMeters>1228.275109132131</DistanceMeters><HeartRateBpm><Value>113</Value></HeartRateBpm><SensorState>Present</SensorState></Trackpoint><Trackpoint><Time>2025-07-16T11:04:41.080Z</Time><DistanceMeters>1229.3668121761748</DistanceMeters><HeartRateBpm><Value>114</Value></HeartRateBpm><SensorState>Present</SensorState></Trackpoint><Trackpoint><Time>2025-07-16T11:04:42.080Z</Time><DistanceMeters>1230.4585152202185</DistanceMeters><HeartRateBpm><Value>114</Value></HeartRateBpm><SensorState>Present</SensorState></Trackpoint><Trackpoint><Time>2025-07-16T11:04:43.080Z</Time><DistanceMeters>1231.5502182642622</DistanceMeters><HeartRateBpm><Value>114</Value></HeartRateBpm><SensorState>Present</SensorState></Trackpoint><Trackpoint><Time>2025-07-16T11:04:44.080Z</Time><DistanceMeters>1232.6419213083059</DistanceMeters><HeartRateBpm><Value>114</Value></HeartRateBpm><SensorState>Present</SensorState></Trackpoint><Trackpoint><Time>2025-07-16T11:04:45.080Z</Time><DistanceMeters>1233.7336243523496</DistanceMeters><HeartRateBpm><Value>114</Value></HeartRateBpm><SensorState>Present</SensorState></Trackpoint><Trackpoint><Time>2025-07-16T11:04:46.080Z</Time><DistanceMeters>1234.8253273963933</DistanceMeters><HeartRateBpm><Value>113</Value></HeartRateBpm><SensorState>Present</SensorState></Trackpoint><Trackpoint><Time>2025-07-16T11:04:47.080Z</Time><DistanceMeters>1235.917030440437</DistanceMeters><HeartRateBpm><Value>113</Value></HeartRateBpm><SensorState>Present</SensorState></Trackpoint><Trackpoint><Time>2025-07-16T11:04:48.080Z</Time><DistanceMeters>1250.0</DistanceMeters><HeartRateBpm><Value>112</Value></HeartRateBpm><SensorState>Present</SensorState></Trackpoint><Trackpoint><Time>2025-07-16T11:04:49.080Z</Time><DistanceMeters>1250.0</DistanceMeters><HeartRateBpm><Value>111</Value></HeartRateBpm><SensorState>Present</SensorState></Trackpoint><Trackpoint><Time>2025-07-16T11:04:50.080Z</Time><DistanceMeters>1250.0</DistanceMeters><HeartRateBpm><Value>110</Value></HeartRateBpm><SensorState>Present</SensorState></Trackpoint><Trackpoint><Time>2025-07-16T11:04:51.080Z</Time><DistanceMeters>1250.0</DistanceMeters><HeartRateBpm><Value>111</Value></HeartRateBpm><SensorState>Present</SensorState></Trackpoint><Trackpoint><Time>2025-07-16T11:04:52.080Z</Time><DistanceMeters>1250.0</DistanceMeters><HeartRateBpm><Value>112</Value></HeartRateBpm><SensorState>Present</SensorState></Trackpoint><Trackpoint><Time>2025-07-16T11:04:53.080Z</Time><DistanceMeters>1250.0</DistanceMeters><HeartRateBpm><Value>113</Value></HeartRateBpm><SensorState>Present</SensorState></Trackpoint></Track><Extensions><LX xmlns="http://www.garmin.com/xmlschemas/ActivityExtension/v2"><AvgSpeed>0.8918820487128364</AvgSpeed></LX></Extensions></Lap><Training xmlns="http://www.garmin.com/xmlschemas/TrainingCenterDatabase/v2" VirtualPartner="false"><Plan Type="Workout" IntervalWorkout="false"><Extensions></Extensions></Plan></Training><Creator xmlns:xsi="http://www.w3.org/2001/XMLSchema-instance" xsi:type="Device_t"><Name>Polar Pacer</Name><UnitId>0</UnitId><ProductID>256</ProductID><Version><VersionMajor>2</VersionMajor><VersionMinor>2</VersionMinor><BuildMajor>0</BuildMajor><BuildMinor>0</BuildMinor></Version></Creator></Activity></Activities><Author xmlns:xsi="http://www.w3.org/2001/XMLSchema-instance" xsi:type="Application_t"><Name>Polar Flow Mobile Viewer Android</Name><Build><Version><VersionMajor>0</VersionMajor><VersionMinor>0</VersionMinor></Version></Build><LangID>EN</LangID><PartNumber>XXX-XXXXX-XX</PartNumber></Author></TrainingCenterDatabase>