<?xml version="1.0" encoding="UTF-8"?><TrainingCenterDatabase xmlns="http://www.garmin.com/xmlschemas/TrainingCenterDatabase/v2"><Activities><Activity Sport="Running"><Id>2025-11-04T11:33:01.708Z</Id><Lap StartTime="2025-11-04T11:33:02.708Z"><TotalTimeSeconds>381.0</TotalTimeSeconds><DistanceMeters>1000.0</DistanceMeters><MaximumSpeed>3.7286310725741916</MaximumSpeed><Calories>321</Calories><AverageHeartRateBpm><Value>123</Value></AverageHeartRateBpm><MaximumHeartRateBpm><Value>137</Value></MaximumHeartRateBpm><Intensity>Active</Intensity><Cadence>86</Cadence><TriggerMethod>Distance</TriggerMethod><Track><Trackpoint><Time>2025-11-04T11:33:02.708Z</Time><HeartRateBpm><Value>97</Value></HeartRateBpm><Cadence>0</Cadence><SensorState>Present</SensorState></Trackpoint><Trackpoint><Time>2025-11-04T11:33:03.708Z</Time><HeartRateBpm><Value>97</Value></HeartRateBpm><Cadence>0</Cadence><SensorState>Present</SensorState></Trackpoint><Trackpoint><Time>2025-11-04T11:33:04.708Z</Time><DistanceMeters>0.20000000298023224</DistanceMeters><HeartRateBpm><Value>97</Value></HeartRateBpm><Cadence>0</Cadence><SensorState>Present</SensorState></Trackpoint><Trackpoint><Time>2025-11-04T11:33:05.708Z</Time><Position><LatitudeDegrees>43.28727667</LatitudeDegrees><LongitudeDegrees>-2.88133667</LongitudeDegrees></Position><DistanceMeters>0.4000000059604645</DistanceMeters><HeartRateBpm><Value>98</Value></HeartRateBpm><Cadence>42</Cadence><SensorState>Present</SensorState></Trackpoint><Trackpoint><Time>2025-11-04T11:33:06.708Z</Time><Position><LatitudeDegrees>43.28724333</LatitudeDegrees><LongitudeDegrees>-2.88138</LongitudeDegrees></Position><DistanceMeters>0.6000000238418579</DistanceMeters><HeartRateBpm><Value>98</Value></HeartRateBpm><Cadence>63</Cadence><SensorState>Present</SensorState></Trackpoint><Trackpoint><Time>2025-11-04T11:33:07.708Z</Time><Position><LatitudeDegrees>43.28714833</LatitudeDegrees><LongitudeDegrees>-2.88146667</LongitudeDegrees></Position><DistanceMeters>0.699999988079071</DistanceMeters><HeartRateBpm><Value>99</Value></HeartRateBpm><Cadence>80</Cadence><SensorState>Present</SensorState></Trackpoint><Trackpoint><Time>2025-11-04T11:33:08.708Z</Time><Position><LatitudeDegrees>43.28712167</LatitudeDegrees><LongitudeDegrees>-2.88148667</LongitudeDegrees></Position><DistanceMeters>5.300000190734863</DistanceMeters><HeartRateBpm><Value>100</Value></HeartRateBpm><Cadence>83</Cadence><SensorState>Present</SensorState></Trackpoint><Trackpoint><Time>2025-11-04T11:33:09.708Z</Time><Position><LatitudeDegrees>43.28710667</LatitudeDegrees><LongitudeDegrees>-2.88144167</LongitudeDegrees></Position><DistanceMeters>8.199999809265137</DistanceMeters><HeartRateBpm><Value>101</Value></HeartRateBpm><Cadence>87</Cadence><SensorState>Present</SensorState></Trackpoint><Trackpoint><Time>2025-11-04T11:33:10.708Z</Time><Position><LatitudeDegrees>43.287095</LatitudeDegrees><LongitudeDegrees>-2.88140833</LongitudeDegrees></Position><DistanceMeters>11.699999809265137</DistanceMeters><HeartRateBpm><Value>101</Value></HeartRateBpm><Cadence>86</Cadence><SensorState>Present</SensorState></Trackpoint><Trackpoint><Time>2025-11-04T11:33:11.708Z</Time><Position><LatitudeDegrees>43.287085</LatitudeDegrees><LongitudeDegrees>-2.88137667</LongitudeDegrees></Position><DistanceMeters>17.799999237060547</DistanceMeters><HeartRateBpm><Value>102</Value></HeartRateBpm><Cadence>87</Cadence><SensorState>Present</SensorState></Trackpoint><Trackpoint><Time>2025-11-04T11:33:12.708Z</Time><Position><LatitudeDegrees>43.28708</LatitudeDegrees><LongitudeDegrees>-2.88135833</LongitudeDegrees></Position><DistanceMeters>22.5</DistanceMeters><HeartRateBpm><Value>102</Value></HeartRateBpm><Cadence>86</Cadence><SensorState>Present</SensorState></Trackpoint><Trackpoint><Time>2025-11-04T11:33:13.708Z</Time><Position><LatitudeDegrees>43.28708</LatitudeDegrees><LongitudeDegrees>-2.88135833</LongitudeDegrees></Position><DistanceMeters>23.600000381469727</DistanceMeters><HeartRateBpm><Value>103</Value></HeartRateBpm><Cadence>86</Cadence><SensorState>Present</SensorState></Trackpoint><Trackpoint><Time>2025-11-04T11:33:14.708Z</Time><Position><LatitudeDegrees>43.28707167</LatitudeDegrees><LongitudeDegrees>-2.881335</LongitudeDegrees></Position><DistanceMeters>26.0</DistanceMeters><HeartRateBpm><Value>103</Value></HeartRateBpm><Cadence>86</Cadence><SensorState>Present</SensorState></Trackpoint><Trackpoint><Time>2025-11-04T11:33:15.708Z</Time><Position><LatitudeDegrees>43.28706667</LatitudeDegrees><LongitudeDegrees>-2.88130833</LongitudeDegrees></Position><DistanceMeters>26.100000381469727</DistanceMeters><HeartRateBpm><Value>104</Value></HeartRateBpm><Cadence>86</Cadence><SensorState>Present</SensorState></Trackpoint><Trackpoint><Time>2025-11-04T11:33:16.708Z</Time><Position><LatitudeDegrees>43.28706333</LatitudeDegrees><LongitudeDegrees>-2.88128333</LongitudeDegrees></Position><DistanceMeters>26.100000381469727</DistanceMeters><HeartRateBpm><Value>104</Value></HeartRateBpm><Cadence>86</Cadence><SensorState>Present</SensorState></Trackpoint><Trackpoint><Time>2025-11-04T11:33:17.708Z</Time><Position><LatitudeDegrees>43.28707</LatitudeDegrees><LongitudeDegrees>-2.88125167</LongitudeDegrees></Position><DistanceMeters>28.799999237060547</DistanceMeters><HeartRateBpm><Value>105</Value></HeartRateBpm><Cadence>86</Cadence><SensorState>Present</SensorState></Trackpoint><Trackpoint><Time>2025-11-04T11:33:18.708Z</Time><Position><LatitudeDegrees>43.28707167</LatitudeDegrees><LongitudeDegrees>-2.88122833</LongitudeDegrees></Position><DistanceMeters>29.799999237060547</DistanceMeters><HeartRateBpm><Value>106</Value></HeartRateBpm><Cadence>86</Cadence><SensorState>Present</SensorState></Trackpoint><Trackpoint><Time>2025-11-04T11:33:19.708Z</Time><Position><LatitudeDegrees>43.28707167</LatitudeDegrees><LongitudeDegrees>-2.88120667</LongitudeDegrees></Position><DistanceMeters>31.100000381469727</DistanceMeters><HeartRateBpm><Value>107</Value></HeartRateBpm><Cadence>86</Cadence><SensorState>Present</SensorState></Trackpoint><Trackpoint><Time>2025-11-04T11:33:20.708Z</Time><Position><LatitudeDegrees>43.28706333</LatitudeDegrees><LongitudeDegrees>-2.881185</LongitudeDegrees></Position><DistanceMeters>32.5</DistanceMeters><HeartRateBpm><Value>107</Value></HeartRateBpm><Cadence>86</Cadence><SensorState>Present</SensorState></Trackpoint><Trackpoint><Time>2025-11-04T11:33:21.708Z</Time><Position><LatitudeDegrees>43.28705667</LatitudeDegrees><LongitudeDegrees>-2.88116667</LongitudeDegrees></Position><DistanceMeters>34.79999923706055</DistanceMeters><HeartRateBpm><Value>108</Value></HeartRateBpm><Cadence>86</Cadence><SensorState>Present</SensorState></Trackpoint><Trackpoint><Time>2025-11-04T11:33:22.708Z</Time><Position><LatitudeDegrees>43.28705</LatitudeDegrees><LongitudeDegrees>-2.88114167</LongitudeDegrees></Position><DistanceMeters>37.0</DistanceMeters><HeartRateBpm><Value>109</Value></HeartRateBpm><Cadence>85</Cadence><SensorState>Present</SensorState></Trackpoint><Trackpoint><Time>2025-11-04T11:33:23.708Z</Time><Position><LatitudeDegrees>43.28704333</LatitudeDegrees><LongitudeDegrees>-2.881115</LongitudeDegrees></Position><DistanceMeters>39.20000076293945</DistanceMeters><HeartRateBpm><Value>109</Value></HeartRateBpm><Cadence>84</Cadence><SensorState>Present</SensorState></Trackpoint><Trackpoint><Time>2025-11-04T11:33:24.708Z</Time><Position><LatitudeDegrees>43.28704333</LatitudeDegrees><LongitudeDegrees>-2.88108</LongitudeDegrees></Position><DistanceMeters>41.599998474121094</DistanceMeters><HeartRateBpm><Value>108</Value></HeartRateBpm><Cadence>84</Cadence><SensorState>Present</SensorState></Trackpoint><Trackpoint><Time>2025-11-04T11:33:25.708Z</Time><Position><LatitudeDegrees>43.28704667</LatitudeDegrees><LongitudeDegrees>-2.88104667</LongitudeDegrees></Position><DistanceMeters>43.5</DistanceMeters><HeartRateBpm><Value>107</Value></HeartRateBpm><Cadence>84</Cadence><SensorState>Present</SensorState></Trackpoint><Trackpoint><Time>2025-11-04T11:33:26.708Z</Time><Position><LatitudeDegrees>43.28704</LatitudeDegrees><LongitudeDegrees>-2.88102333</LongitudeDegrees></Position><DistanceMeters>46.0</DistanceMeters><HeartRateBpm><Value>106</Value></HeartRateBpm><Cadence>84</Cadence><SensorState>Present</SensorState></Trackpoint><Trackpoint><Time>2025-11-04T11:33:27.708Z</Time><Position><LatitudeDegrees>43.28703167</LatitudeDegrees><LongitudeDegrees>-2.881</LongitudeDegrees></Position><DistanceMeters>48.400001525878906</DistanceMeters><HeartRateBpm><Value>105</Value></HeartRateBpm><Cadence>84</Cadence><SensorState>Present</SensorState></Trackpoint><Trackpoint><Time>2025-11-04T11:33:28.708Z</Time><Position><LatitudeDegrees>43.28702667</LatitudeDegrees><LongitudeDegrees>-2.880975</LongitudeDegrees></Position><DistanceMeters>50.599998474121094</DistanceMeters><HeartRateBpm><Value>104</Value></HeartRateBpm><Cadence>85</Cadence><SensorState>Present</SensorState></Trackpoint><Trackpoint><Time>2025-11-04T11:33:29.708Z</Time><Position><LatitudeDegrees>43.28702333</LatitudeDegrees><LongitudeDegrees>-2.88095333</LongitudeDegrees></Position><DistanceMeters>52.900001525878906</DistanceMeters><HeartRateBpm><Value>104</Value></HeartRateBpm><Cadence>85</Cadence><SensorState>Present</SensorState></Trackpoint><Trackpoint><Time>2025-11-04T11:33:30.708Z</Time><Position><LatitudeDegrees>43.287015</LatitudeDegrees><LongitudeDegrees>-2.88093</LongitudeDegrees></Position><DistanceMeters>54.900001525878906</DistanceMeters><HeartRateBpm><Value>104</Value></HeartRateBpm><Cadence>85</Cadence><SensorState>Present</SensorState></Trackpoint><Trackpoint><Time>2025-11-04T11:33:31.708Z</Time><Position><LatitudeDegrees>43.28700667</LatitudeDegrees><LongitudeDegrees>-2.88090833</LongitudeDegrees></Position><DistanceMeters>56.900001525878906</DistanceMeters><HeartRateBpm><Value>104</Value></HeartRateBpm><Cadence>85</Cadence><SensorState>Present</SensorState></Trackpoint><Trackpoint><Time>2025-11-04T11:33:32.708Z</Time><Position><LatitudeDegrees>43.28700167</LatitudeDegrees><LongitudeDegrees>-2.88088333</LongitudeDegrees></Position><DistanceMeters>58.599998474121094</DistanceMeters><HeartRateBpm><Value>104</Value></HeartRateBpm><Cadence>85</Cadence><SensorState>Present</SensorState></Trackpoint><Trackpoint><Time>2025-11-04T11:33:33.708Z</Time><Position><LatitudeDegrees>43.28699333</LatitudeDegrees><LongitudeDegrees>-2.88086167</LongitudeDegrees></Position><DistanceMeters>60.5</DistanceMeters><HeartRateBpm><Value>104</Value></HeartRateBpm><Cadence>85</Cadence><SensorState>Present</SensorState></Trackpoint><Trackpoint><Time>2025-11-04T11:33:34.708Z</Time><Position><LatitudeDegrees>43.28698833</LatitudeDegrees><LongitudeDegrees>-2.880835</LongitudeDegrees></Position><DistanceMeters>62.900001525878906</DistanceMeters><HeartRateBpm><Value>104</Value></HeartRateBpm><Cadence>85</Cadence><SensorState>Present</SensorState></Trackpoint><Trackpoint><Time>2025-11-04T11:33:35.708Z</Time><Position><LatitudeDegrees>43.28698833</LatitudeDegrees><LongitudeDegrees>-2.88080167</LongitudeDegrees></Position><DistanceMeters>65.5</DistanceMeters><HeartRateBpm><Value>104</Value></HeartRateBpm><Cadence>84</Cadence><SensorState>Present</SensorState></Trackpoint><Trackpoint><Time>2025-11-04T11:33:36.708Z</Time><Position><LatitudeDegrees>43.28698</LatitudeDegrees><LongitudeDegrees>-2.88077</LongitudeDegrees></Position><DistanceMeters>68.0999984741211</DistanceMeters><HeartRateBpm><Value>105</Value></HeartRateBpm><Cadence>84</Cadence><SensorState>Present</SensorState></Trackpoint><Trackpoint><Time>2025-11-04T11:33:37.708Z</Time><Position><LatitudeDegrees>43.28697</LatitudeDegrees><LongitudeDegrees>-2.88074167</LongitudeDegrees></Position><DistanceMeters>70.69999694824219</DistanceMeters><HeartRateBpm><Value>105</Value></HeartRateBpm><Cadence>85</Cadence><SensorState>Present</SensorState></Trackpoint><Trackpoint><Time>2025-11-04T11:33:38.708Z</Time><Position><LatitudeDegrees>43.28696</LatitudeDegrees><LongitudeDegrees>-2.88071333</LongitudeDegrees></Position><DistanceMeters>73.5</DistanceMeters><HeartRateBpm><Value>105</Value></HeartRateBpm><Cadence>85</Cadence><SensorState>Present</SensorState></Trackpoint><Trackpoint><Time>2025-11-04T11:33:39.708Z</Time><Position><LatitudeDegrees>43.28694833</LatitudeDegrees><LongitudeDegrees>-2.88068667</LongitudeDegrees></Position><DistanceMeters>76.30000305175781</DistanceMeters><HeartRateBpm><Value>106</Value></HeartRateBpm><Cadence>85</Cadence><SensorState>Present</SensorState></Trackpoint><Trackpoint><Time>2025-11-04T11:33:40.708Z</Time><Position><LatitudeDegrees>43.286935</LatitudeDegrees><LongitudeDegrees>-2.88066</LongitudeDegrees></Position><DistanceMeters>79.19999694824219</DistanceMeters><HeartRateBpm><Value>107</Value></HeartRateBpm><Cadence>85</Cadence><SensorState>Present</SensorState></Trackpoint><Trackpoint><Time>2025-11-04T11:33:41.708Z</Time><Position><LatitudeDegrees>43.28692</LatitudeDegrees><LongitudeDegrees>-2.880635</LongitudeDegrees></Position><DistanceMeters>82.30000305175781</DistanceMeters><HeartRateBpm><Value>107</Value></HeartRateBpm><Cadence>85</Cadence><SensorState>Present</SensorState></Trackpoint><Trackpoint><Time>2025-11-04T11:33:42.708Z</Time><Position><LatitudeDegrees>43.28690333</LatitudeDegrees><LongitudeDegrees>-2.88060667</LongitudeDegrees></Position><DistanceMeters>85.19999694824219</DistanceMeters><HeartRateBpm><Value>108</Value></HeartRateBpm><Cadence>85</Cadence><SensorState>Present</SensorState></Trackpoint><Trackpoint><Time>2025-11-04T11:33:43.708Z</Time><Position><LatitudeDegrees>43.28689167</LatitudeDegrees><LongitudeDegrees>-2.88057833</LongitudeDegrees></Position><DistanceMeters>88.0</DistanceMeters><HeartRateBpm><Value>108</Value></HeartRateBpm><Cadence>85</Cadence><SensorState>Present</SensorState></Trackpoint><Trackpoint><Time>2025-11-04T11:33:44.708Z</Time><Position><LatitudeDegrees>43.28687667</LatitudeDegrees><LongitudeDegrees>-2.88055</LongitudeDegrees></Position><DistanceMeters>90.69999694824219</DistanceMeters><HeartRateBpm><Value>108</Value></HeartRateBpm><Cadence>85</Cadence><SensorState>Present</SensorState></Trackpoint><Trackpoint><Time>2025-11-04T11:33:45.708Z</Time><Position><LatitudeDegrees>43.28686333</LatitudeDegrees><LongitudeDegrees>-2.88052167</LongitudeDegrees></Position><DistanceMeters>93.69999694824219</DistanceMeters><HeartRateBpm><Value>109</Value></HeartRateBpm><Cadence>85</Cadence><SensorState>Present</SensorState></Trackpoint><Trackpoint><Time>2025-11-04T11:33:46.708Z</Time><Position><LatitudeDegrees>43.28685167</LatitudeDegrees><LongitudeDegrees>-2.88049</LongitudeDegrees></Position><DistanceMeters>96.5999984741211</DistanceMeters><HeartRateBpm><Value>110</Value></HeartRateBpm><Cadence>85</Cadence><SensorState>Present</SensorState></Trackpoint><Trackpoint><Time>2025-11-04T11:33:47.708Z</Time><Position><LatitudeDegrees>43.28684167</LatitudeDegrees><LongitudeDegrees>-2.88045833</LongitudeDegrees></Position><DistanceMeters>99.5999984741211</DistanceMeters><HeartRateBpm><Value>110</Value></HeartRateBpm><Cadence>85</Cadence><SensorState>Present</SensorState></Trackpoint><Trackpoint><Time>2025-11-04T11:33:48.708Z</Time><Position><LatitudeDegrees>43.28683167</LatitudeDegrees><LongitudeDegrees>-2.88042667</LongitudeDegrees></Position><DistanceMeters>102.4000015258789</DistanceMeters><HeartRateBpm><Value>110</Value></HeartRateBpm><Cadence>88</Cadence><SensorState>Present</SensorState></Trackpoint><Trackpoint><Time>2025-11-04T11:33:49.708Z</Time><Position><LatitudeDegrees>43.286825</LatitudeDegrees><LongitudeDegrees>-2.880395</LongitudeDegrees></Position><DistanceMeters>105.30000305175781</DistanceMeters><HeartRateBpm><Value>110</Value></HeartRateBpm><Cadence>88</Cadence><SensorState>Present</SensorState></Trackpoint><Trackpoint><Time>2025-11-04T11:33:50.708Z</Time><Position><LatitudeDegrees>43.28681833</LatitudeDegrees><LongitudeDegrees>-2.88036</LongitudeDegrees></Position><DistanceMeters>108.0999984741211</DistanceMeters><HeartRateBpm><Value>110</Value></HeartRateBpm><Cadence>88</Cadence><SensorState>Present</SensorState></Trackpoint><Trackpoint><Time>2025-11-04T11:33:51.708Z</Time><Position><LatitudeDegrees>43.28681167</LatitudeDegrees><LongitudeDegrees>-2.88032333</LongitudeDegrees></Position><DistanceMeters>111.0999984741211</DistanceMeters><HeartRateBpm><Value>110</Value></HeartRateBpm><Cadence>88</Cadence><SensorState>Present</SensorState></Trackpoint><Trackpoint><Time>2025-11-04T11:33:52.708Z</Time><Position><LatitudeDegrees>43.28680167</LatitudeDegrees><LongitudeDegrees>-2.88029</LongitudeDegrees></Position><DistanceMeters>114.0</DistanceMeters><HeartRateBpm><Value>110</Value></HeartRateBpm><Cadence>88</Cadence><SensorState>Present</SensorState></Trackpoint><Trackpoint><Time>2025-11-04T11:33:53.708Z</Time><Position><LatitudeDegrees>43.28679</LatitudeDegrees><LongitudeDegrees>-2.88025833</LongitudeDegrees></Position><DistanceMeters>117.0</DistanceMeters><HeartRateBpm><Value>110</Value></HeartRateBpm><Cadence>88</Cadence><SensorState>Present</SensorState></Trackpoint><Trackpoint><Time>2025-11-04T11:33:54.708Z</Time><Position><LatitudeDegrees>43.28677667</LatitudeDegrees><LongitudeDegrees>-2.88022833</LongitudeDegrees></Position><DistanceMeters>120.0</DistanceMeters><HeartRateBpm><Value>110</Value></HeartRateBpm><Cadence>88</Cadence><SensorState>Present</SensorState></Trackpoint><Trackpoint><Time>2025-11-04T11:33:55.708Z</Time><Position><LatitudeDegrees>43.286765</LatitudeDegrees><LongitudeDegrees>-2.880195</LongitudeDegrees></Position><DistanceMeters>123.0</DistanceMeters><HeartRateBpm><Value>110</Value></HeartRateBpm><Cadence>86</Cadence><SensorState>Present</SensorState></Trackpoint><Trackpoint><Time>2025-11-04T11:33:56.708Z</Time><Position><LatitudeDegrees>43.286755</LatitudeDegrees><LongitudeDegrees>-2.88016167</LongitudeDegrees></Position><DistanceMeters>125.9000015258789</DistanceMeters><HeartRateBpm><Value>110</Value></HeartRateBpm><Cadence>86</Cadence><SensorState>Present</SensorState></Trackpoint><Trackpoint><Time>2025-11-04T11:33:57.708Z</Time><Position><LatitudeDegrees>43.28674667</LatitudeDegrees><LongitudeDegrees>-2.88013</LongitudeDegrees></Position><DistanceMeters>128.8000030517578</DistanceMeters><HeartRateBpm><Value>111</Value></HeartRateBpm><Cadence>87</Cadence><SensorState>Present</SensorState></Trackpoint><Trackpoint><Time>2025-11-04T11:33:58.708Z</Time><Position><LatitudeDegrees>43.28673667</LatitudeDegrees><LongitudeDegrees>-2.88009833</LongitudeDegrees></Position><DistanceMeters>131.5</DistanceMeters><HeartRateBpm><Value>111</Value></HeartRateBpm><Cadence>88</Cadence><SensorState>Present</SensorState></Trackpoint><Trackpoint><Time>2025-11-04T11:33:59.708Z</Time><Position><LatitudeDegrees>43.28673</LatitudeDegrees><LongitudeDegrees>-2.88006667</LongitudeDegrees></Position><DistanceMeters>134.1999969482422</DistanceMeters><HeartRateBpm><Value>111</Value></HeartRateBpm><Cadence>88</Cadence><SensorState>Present</SensorState></Trackpoint><Trackpoint><Time>2025-11-04T11:34:00.708Z</Time><Position><LatitudeDegrees>43.28672333</LatitudeDegrees><LongitudeDegrees>-2.880035</LongitudeDegrees></Position><DistanceMeters>137.10000610351562</DistanceMeters><HeartRateBpm><Value>112</Value></HeartRateBpm><Cadence>88</Cadence><SensorState>Present</SensorState></Trackpoint><Trackpoint><Time>2025-11-04T11:34:01.708Z</Time><Position><LatitudeDegrees>43.28671333</LatitudeDegrees><LongitudeDegrees>-2.88</LongitudeDegrees></Position><DistanceMeters>140.0</DistanceMeters><HeartRateBpm><Value>112</Value></HeartRateBpm><Cadence>88</Cadence><SensorState>Present</SensorState></Trackpoint><Trackpoint><Time>2025-11-04T11:34:02.708Z</Time><Position><LatitudeDegrees>43.28670167</LatitudeDegrees><LongitudeDegrees>-2.87996667</LongitudeDegrees></Position><DistanceMeters>143.10000610351562</DistanceMeters><HeartRateBpm><Value>113</Value></HeartRateBpm><Cadence>88</Cadence><SensorState>Present</SensorState></Trackpoint><Trackpoint><Time>2025-11-04T11:34:03.708Z</Time><Position><LatitudeDegrees>43.28668667</LatitudeDegrees><LongitudeDegrees>-2.87993167</LongitudeDegrees></Position><DistanceMeters>145.89999389648438</DistanceMeters><HeartRateBpm><Value>113</Value></HeartRateBpm><Cadence>86</Cadence><SensorState>Present</SensorState></Trackpoint><Trackpoint><Time>2025-11-04T11:34:04.708Z</Time><Position><LatitudeDegrees>43.28667667</LatitudeDegrees><LongitudeDegrees>-2.8799</LongitudeDegrees></Position><AltitudeMeters>30.023</AltitudeMeters><DistanceMeters>148.5</DistanceMeters><HeartRateBpm><Value>113</Value></HeartRateBpm><Cadence>86</Cadence><SensorState>Present</SensorState></Trackpoint><Trackpoint><Time>2025-11-04T11:34:05.708Z</Time><Position><LatitudeDegrees>43.286665</LatitudeDegrees><LongitudeDegrees>-2.87987333</LongitudeDegrees></Position><AltitudeMeters>36.576</AltitudeMeters><DistanceMeters>151.1999969482422</DistanceMeters><HeartRateBpm><Value>114</Value></HeartRateBpm><Cadence>86</Cadence><SensorState>Present</SensorState></Trackpoint><Trackpoint><Time>2025-11-04T11:34:06.708Z</Time><Position><LatitudeDegrees>43.28665667</LatitudeDegrees><LongitudeDegrees>-2.879845</LongitudeDegrees></Position><AltitudeMeters>35.662</AltitudeMeters><DistanceMeters>153.89999389648438</DistanceMeters><HeartRateBpm><Value>114</Value></HeartRateBpm><Cadence>86</Cadence><SensorState>Present</SensorState></Trackpoint><Trackpoint><Time>2025-11-04T11:34:07.708Z</Time><Position><LatitudeDegrees>43.28664333</LatitudeDegrees><LongitudeDegrees>-2.87981667</LongitudeDegrees></Position><AltitudeMeters>34.9</AltitudeMeters><DistanceMeters>156.60000610351562</DistanceMeters><HeartRateBpm><Value>115</Value></HeartRateBpm><Cadence>86</Cadence><SensorState>Present</SensorState></Trackpoint><Trackpoint><Time>2025-11-04T11:34:08.708Z</Time><Position><LatitudeDegrees>43.28663333</LatitudeDegrees><LongitudeDegrees>-2.87979</LongitudeDegrees></Position><AltitudeMeters>34.29</AltitudeMeters><DistanceMeters>159.3000030517578</DistanceMeters><HeartRateBpm><Value>115</Value></HeartRateBpm><Cadence>86</Cadence><SensorState>Present</SensorState></Trackpoint><Trackpoint><Time>2025-11-04T11:34:09.708Z</Time><Position><LatitudeDegrees>43.28662667</LatitudeDegrees><LongitudeDegrees>-2.87975833</LongitudeDegrees></Position><AltitudeMeters>33.681</AltitudeMeters><DistanceMeters>161.6999969482422</DistanceMeters><HeartRateBpm><Value>116</Value></HeartRateBpm><Cadence>86</Cadence><SensorState>Present</SensorState></Trackpoint><Trackpoint><Time>2025-11-04T11:34:10.708Z</Time><Position><LatitudeDegrees>43.28662</LatitudeDegrees><LongitudeDegrees>-2.87972667</LongitudeDegrees></Position><AltitudeMeters>33.071</AltitudeMeters><DistanceMeters>164.0</DistanceMeters><HeartRateBpm><Value>116</Value></HeartRateBpm><Cadence>86</Cadence><SensorState>Present</SensorState></Trackpoint><Trackpoint><Time>2025-11-04T11:34:11.708Z</Time><Position><LatitudeDegrees>43.28661667</LatitudeDegrees><LongitudeDegrees>-2.879695</LongitudeDegrees></Position><AltitudeMeters>32.462</AltitudeMeters><DistanceMeters>166.39999389648438</DistanceMeters><HeartRateBpm><Value>116</Value></HeartRateBpm><Cadence>86</Cadence><SensorState>Present</SensorState></Trackpoint><Trackpoint><Time>2025-11-04T11:34:12.708Z</Time><Position><LatitudeDegrees>43.28661</LatitudeDegrees><LongitudeDegrees>-2.879665</LongitudeDegrees></Position><AltitudeMeters>32.004</AltitudeMeters><DistanceMeters>168.89999389648438</DistanceMeters><HeartRateBpm><Value>117</Value></HeartRateBpm><Cadence>86</Cadence><SensorState>Present</SensorState></Trackpoint><Trackpoint><Time>2025-11-04T11:34:13.708Z</Time><Position><LatitudeDegrees>43.286605</LatitudeDegrees><LongitudeDegrees>-2.87963333</LongitudeDegrees></Position><AltitudeMeters>31.395</AltitudeMeters><DistanceMeters>171.3000030517578</DistanceMeters><HeartRateBpm><Value>118</Value></HeartRateBpm><Cadence>86</Cadence><SensorState>Present</SensorState></Trackpoint><Trackpoint><Time>2025-11-04T11:34:14.708Z</Time><Position><LatitudeDegrees>43.28660167</LatitudeDegrees><LongitudeDegrees>-2.879605</LongitudeDegrees></Position><AltitudeMeters>30.938</AltitudeMeters><DistanceMeters>173.89999389648438</DistanceMeters><HeartRateBpm><Value>118</Value></HeartRateBpm><Cadence>86</Cadence><SensorState>Present</SensorState></Trackpoint><Trackpoint><Time>2025-11-04T11:34:15.708Z</Time><Position><LatitudeDegrees>43.286595</LatitudeDegrees><LongitudeDegrees>-2.879575</LongitudeDegrees></Position><AltitudeMeters>30.48</AltitudeMeters><DistanceMeters>176.39999389648438</DistanceMeters><HeartRateBpm><Value>118</Value></HeartRateBpm><Cadence>86</Cadence><SensorState>Present</SensorState></Trackpoint><Trackpoint><Time>2025-11-04T11:34:16.708Z</Time><Position><LatitudeDegrees>43.28658667</LatitudeDegrees><LongitudeDegrees>-2.879545</LongitudeDegrees></Position><AltitudeMeters>30.023</AltitudeMeters><DistanceMeters>179.0</DistanceMeters><HeartRateBpm><Value>118</Value></HeartRateBpm><Cadence>86</Cadence><SensorState>Present</SensorState></Trackpoint><Trackpoint><Time>2025-11-04T11:34:17.708Z</Time><Position><LatitudeDegrees>43.28658333</LatitudeDegrees><LongitudeDegrees>-2.879515</LongitudeDegrees></Position><AltitudeMeters>29.566</AltitudeMeters><DistanceMeters>181.5</DistanceMeters><HeartRateBpm><Value>118</Value></HeartRateBpm><Cadence>86</Cadence><SensorState>Present</SensorState></Trackpoint><Trackpoint><Time>2025-11-04T11:34:18.708Z</Time><Position><LatitudeDegrees>43.28657667</LatitudeDegrees><LongitudeDegrees>-2.879485</LongitudeDegrees></Position><AltitudeMeters>29.109</AltitudeMeters><DistanceMeters>184.0</DistanceMeters><HeartRateBpm><Value>118</Value></HeartRateBpm><Cadence>86</Cadence><SensorState>Present</SensorState></Trackpoint><Trackpoint><Time>2025-11-04T11:34:19.708Z</Time><Position><LatitudeDegrees>43.28657</LatitudeDegrees><LongitudeDegrees>-2.87945333</LongitudeDegrees></Position><AltitudeMeters>28.652</AltitudeMeters><DistanceMeters>186.60000610351562</DistanceMeters><HeartRateBpm><Value>118</Value></HeartRateBpm><Cadence>87</Cadence><SensorState>Present</SensorState></Trackpoint><Trackpoint><Time>2025-11-04T11:34:20.708Z</Time><Position><LatitudeDegrees>43.28656667</LatitudeDegrees><LongitudeDegrees>-2.87942167</LongitudeDegrees></Position><AltitudeMeters>28.347</AltitudeMeters><DistanceMeters>189.0</DistanceMeters><HeartRateBpm><Value>118</Value></HeartRateBpm><Cadence>88</Cadence><SensorState>Present</SensorState></Trackpoint><Trackpoint><Time>2025-11-04T11:34:21.708Z</Time><Position><LatitudeDegrees>43.28656167</LatitudeDegrees><LongitudeDegrees>-2.87939167</LongitudeDegrees></Position><AltitudeMeters>28.194</AltitudeMeters><DistanceMeters>191.60000610351562</DistanceMeters><HeartRateBpm><Value>118</Value></HeartRateBpm><Cadence>87</Cadence><SensorState>Present</SensorState></Trackpoint><Trackpoint><Time>2025-11-04T11:34:22.708Z</Time><Position><LatitudeDegrees>43.28655667</LatitudeDegrees><LongitudeDegrees>-2.87936167</LongitudeDegrees></Position><AltitudeMeters>27.89</AltitudeMeters><DistanceMeters>194.3000030517578</DistanceMeters><HeartRateBpm><Value>118</Value></HeartRateBpm><Cadence>86</Cadence><SensorState>Present</SensorState></Trackpoint><Trackpoint><Time>2025-11-04T11:34:23.708Z</Time><Position><LatitudeDegrees>43.28654833</LatitudeDegrees><LongitudeDegrees>-2.87933167</LongitudeDegrees></Position><AltitudeMeters>27.737</AltitudeMeters><DistanceMeters>196.8000030517578</DistanceMeters><HeartRateBpm><Value>117</Value></HeartRateBpm><Cadence>86</Cadence><SensorState>Present</SensorState></Trackpoint><Trackpoint><Time>2025-11-04T11:34:24.708Z</Time><Position><LatitudeDegrees>43.28654833</LatitudeDegrees><LongitudeDegrees>-2.87930167</LongitudeDegrees></Position><AltitudeMeters>27.432</AltitudeMeters><DistanceMeters>199.3000030517578</DistanceMeters><HeartRateBpm><Value>117</Value></HeartRateBpm><Cadence>86</Cadence><SensorState>Present</SensorState></Trackpoint><Trackpoint><Time>2025-11-04T11:34:25.708Z</Time><Position><LatitudeDegrees>43.28654</LatitudeDegrees><LongitudeDegrees>-2.87927167</LongitudeDegrees></Position><AltitudeMeters>27.28</AltitudeMeters><DistanceMeters>201.60000610351562</DistanceMeters><HeartRateBpm><Value>117</Value></HeartRateBpm><Cadence>86</Cadence><SensorState>Present</SensorState></Trackpoint><Trackpoint><Time>2025-11-04T11:34:26.708Z</Time><Position><LatitudeDegrees>43.28654</LatitudeDegrees><LongitudeDegrees>-2.879245</LongitudeDegrees></Position><AltitudeMeters>27.128</AltitudeMeters><DistanceMeters>204.10000610351562</DistanceMeters><HeartRateBpm><Value>117</Value></HeartRateBpm><Cadence>86</Cadence><SensorState>Present</SensorState></Trackpoint><Trackpoint><Time>2025-11-04T11:34:27.708Z</Time><Position><LatitudeDegrees>43.28653</LatitudeDegrees><LongitudeDegrees>-2.879215</LongitudeDegrees></Position><AltitudeMeters>26.975</AltitudeMeters><DistanceMeters>206.5</DistanceMeters><HeartRateBpm><Value>117</Value></HeartRateBpm><Cadence>87</Cadence><SensorState>Present</SensorState></Trackpoint><Trackpoint><Time>2025-11-04T11:34:28.708Z</Time><Position><LatitudeDegrees>43.28652</LatitudeDegrees><LongitudeDegrees>-2.87918833</LongitudeDegrees></Position><AltitudeMeters>26.975</AltitudeMeters><DistanceMeters>209.10000610351562</DistanceMeters><HeartRateBpm><Value>117</Value></HeartRateBpm><Cadence>88</Cadence><SensorState>Present</SensorState></Trackpoint><Trackpoint><Time>2025-11-04T11:34:29.708Z</Time><Position><LatitudeDegrees>43.28651</LatitudeDegrees><LongitudeDegrees>-2.879155</LongitudeDegrees></Position><AltitudeMeters>26.823</AltitudeMeters><DistanceMeters>211.8000030517578</DistanceMeters><HeartRateBpm><Value>117</Value></HeartRateBpm><Cadence>88</Cadence><SensorState>Present</SensorState></Trackpoint><Trackpoint><Time>2025-11-04T11:34:30.708Z</Time><Position><LatitudeDegrees>43.28650167</LatitudeDegrees><LongitudeDegrees>-2.879125</LongitudeDegrees></Position><AltitudeMeters>26.67</AltitudeMeters><DistanceMeters>214.39999389648438</DistanceMeters><HeartRateBpm><Value>117</Value></HeartRateBpm><Cadence>88</Cadence><SensorState>Present</SensorState></Trackpoint><Trackpoint><Time>2025-11-04T11:34:31.708Z</Time><Position><LatitudeDegrees>43.28649333</LatitudeDegrees><LongitudeDegrees>-2.87909333</LongitudeDegrees></Position><AltitudeMeters>26.518</AltitudeMeters><DistanceMeters>216.8000030517578</DistanceMeters><HeartRateBpm><Value>118</Value></HeartRateBpm><Cadence>87</Cadence><SensorState>Present</SensorState></Trackpoint><Trackpoint><Time>2025-11-04T11:34:32.708Z</Time><Position><LatitudeDegrees>43.28648667</LatitudeDegrees><LongitudeDegrees>-2.879065</LongitudeDegrees></Position><AltitudeMeters>26.366</AltitudeMeters><DistanceMeters>219.8000030517578</DistanceMeters><HeartRateBpm><Value>118</Value></HeartRateBpm><Cadence>86</Cadence><SensorState>Present</SensorState></Trackpoint><Trackpoint><Time>2025-11-04T11:34:33.708Z</Time><Position><LatitudeDegrees>43.28648</LatitudeDegrees><LongitudeDegrees>-2.87903167</LongitudeDegrees></Position><AltitudeMeters>26.213</AltitudeMeters><DistanceMeters>222.3000030517578</DistanceMeters><HeartRateBpm><Value>118</Value></HeartRateBpm><Cadence>86</Cadence><SensorState>Present</SensorState></Trackpoint><Trackpoint><Time>2025-11-04T11:34:34.708Z</Time><Position><LatitudeDegrees>43.28647</LatitudeDegrees><LongitudeDegrees>-2.879005</LongitudeDegrees></Position><AltitudeMeters>26.213</AltitudeMeters><DistanceMeters>225.10000610351562</DistanceMeters><HeartRateBpm><Value>119</Value></HeartRateBpm><Cadence>86</Cadence><SensorState>Present</SensorState></Trackpoint><Trackpoint><Time>2025-11-04T11:34:35.708Z</Time><Position><LatitudeDegrees>43.28646167</LatitudeDegrees><LongitudeDegrees>-2.87897833</LongitudeDegrees></Position><AltitudeMeters>26.061</AltitudeMeters><DistanceMeters>227.6999969482422</DistanceMeters><HeartRateBpm><Value>119</Value></HeartRateBpm><Cadence>87</Cadence><SensorState>Present</SensorState></Trackpoint><Trackpoint><Time>2025-11-04T11:34:36.708Z</Time><Position><LatitudeDegrees>43.28644333</LatitudeDegrees><LongitudeDegrees>-2.87895333</LongitudeDegrees></Position><AltitudeMeters>25.908</AltitudeMeters><DistanceMeters>230.5</DistanceMeters><HeartRateBpm><Value>119</Value></HeartRateBpm><Cadence>87</Cadence><SensorState>Present</SensorState></Trackpoint><Trackpoint><Time>2025-11-04T11:34:37.708Z</Time><Position><LatitudeDegrees>43.28642833</LatitudeDegrees><LongitudeDegrees>-2.87892667</LongitudeDegrees></Position><AltitudeMeters>25.908</AltitudeMeters><DistanceMeters>232.8000030517578</DistanceMeters><HeartRateBpm><Value>119</Value></HeartRateBpm><Cadence>88</Cadence><SensorState>Present</SensorState></Trackpoint><Trackpoint><Time>2025-11-04T11:34:38.708Z</Time><Position><LatitudeDegrees>43.28641167</LatitudeDegrees><LongitudeDegrees>-2.87890333</LongitudeDegrees></Position><AltitudeMeters>25.908</AltitudeMeters><DistanceMeters>235.39999389648438</DistanceMeters><HeartRateBpm><Value>119</Value></HeartRateBpm><Cadence>86</Cadence><SensorState>Present</SensorState></Trackpoint><Trackpoint><Time>2025-11-04T11:34:39.708Z</Time><Position><LatitudeDegrees>43.286395</LatitudeDegrees><LongitudeDegrees>-2.878885</LongitudeDegrees></Position><AltitudeMeters>25.908</AltitudeMeters><DistanceMeters>237.6999969482422</DistanceMeters><HeartRateBpm><Value>119</Value></HeartRateBpm><Cadence>86</Cadence><SensorState>Present</SensorState></Trackpoint><Trackpoint><Time>2025-11-04T11:34:40.708Z</Time><Position><LatitudeDegrees>43.28637333</LatitudeDegrees><LongitudeDegrees>-2.87887</LongitudeDegrees></Position><AltitudeMeters>25.908</AltitudeMeters><DistanceMeters>240.3000030517578</DistanceMeters><HeartRateBpm><Value>119</Value></HeartRateBpm><Cadence>86</Cadence><SensorState>Present</SensorState></Trackpoint><Trackpoint><Time>2025-11-04T11:34:41.708Z</Time><Position><LatitudeDegrees>43.28635333</LatitudeDegrees><LongitudeDegrees>-2.87885667</LongitudeDegrees></Position><AltitudeMeters>25.908</AltitudeMeters><DistanceMeters>242.60000610351562</DistanceMeters><HeartRateBpm><Value>119</Value></HeartRateBpm><Cadence>86</Cadence><SensorState>Present</SensorState></Trackpoint><Trackpoint><Time>2025-11-04T11:34:42.708Z</Time><Position><LatitudeDegrees>43.28633333</LatitudeDegrees><LongitudeDegrees>-2.87884833</LongitudeDegrees></Position><AltitudeMeters>25.908</AltitudeMeters><DistanceMeters>245.10000610351562</DistanceMeters><HeartRateBpm><Value>119</Value></HeartRateBpm><Cadence>86</Cadence><SensorState>Present</SensorState></Trackpoint><Trackpoint><Time>2025-11-04T11:34:43.708Z</Time><Position><LatitudeDegrees>43.28631333</LatitudeDegrees><LongitudeDegrees>-2.87883833</LongitudeDegrees></Position><AltitudeMeters>25.908</AltitudeMeters><DistanceMeters>247.39999389648438</DistanceMeters><HeartRateBpm><Value>119</Value></HeartRateBpm><Cadence>86</Cadence><SensorState>Present</SensorState></Trackpoint><Trackpoint><Time>2025-11-04T11:34:44.708Z</Time><Position><LatitudeDegrees>43.28629333</LatitudeDegrees><LongitudeDegrees>-2.87883</LongitudeDegrees></Position><AltitudeMeters>26.061</AltitudeMeters><DistanceMeters>249.60000610351562</DistanceMeters><HeartRateBpm><Value>119</Value></HeartRateBpm><Cadence>86</Cadence><SensorState>Present</SensorState></Trackpoint><Trackpoint><Time>2025-11-04T11:34:45.708Z</Time><Position><LatitudeDegrees>43.28627333</LatitudeDegrees><LongitudeDegrees>-2.878825</LongitudeDegrees></Position><AltitudeMeters>26.061</AltitudeMeters><DistanceMeters>251.5</DistanceMeters><HeartRateBpm><Value>119</Value></HeartRateBpm><Cadence>86</Cadence><SensorState>Present</SensorState></Trackpoint><Trackpoint><Time>2025-11-04T11:34:46.708Z</Time><Position><LatitudeDegrees>43.286255</LatitudeDegrees><LongitudeDegrees>-2.87882</LongitudeDegrees></Position><AltitudeMeters>26.061</AltitudeMeters><DistanceMeters>253.10000610351562</DistanceMeters><HeartRateBpm><Value>120</Value></HeartRateBpm><Cadence>86</Cadence><SensorState>Present</SensorState></Trackpoint><Trackpoint><Time>2025-11-04T11:34:47.708Z</Time><Position><LatitudeDegrees>43.286245</LatitudeDegrees><LongitudeDegrees>-2.878805</LongitudeDegrees></Position><AltitudeMeters>26.061</AltitudeMeters><DistanceMeters>254.6999969482422</DistanceMeters><HeartRateBpm><Value>120</Value></HeartRateBpm><Cadence>86</Cadence><SensorState>Present</SensorState></Trackpoint><Trackpoint><Time>2025-11-04T11:34:48.708Z</Time><Position><LatitudeDegrees>43.28624</LatitudeDegrees><LongitudeDegrees>-2.87877833</LongitudeDegrees></Position><AltitudeMeters>26.061</AltitudeMeters><DistanceMeters>256.70001220703125</DistanceMeters><HeartRateBpm><Value>120</Value></HeartRateBpm><Cadence>86</Cadence><SensorState>Present</SensorState></Trackpoint><Trackpoint><Time>2025-11-04T11:34:49.708Z</Time><Position><LatitudeDegrees>43.28623167</LatitudeDegrees><LongitudeDegrees>-2.87875</LongitudeDegrees></Position><AltitudeMeters>26.061</AltitudeMeters><DistanceMeters>259.1000061035156</DistanceMeters><HeartRateBpm><Value>120</Value></HeartRateBpm><Cadence>84</Cadence><SensorState>Present</SensorState></Trackpoint><Trackpoint><Time>2025-11-04T11:34:50.708Z</Time><Position><LatitudeDegrees>43.286215</LatitudeDegrees><LongitudeDegrees>-2.87872667</LongitudeDegrees></Position><AltitudeMeters>26.061</AltitudeMeters><DistanceMeters>261.1000061035156</DistanceMeters><HeartRateBpm><Value>121</Value></HeartRateBpm><Cadence>83</Cadence><SensorState>Present</SensorState></Trackpoint><Trackpoint><Time>2025-11-04T11:34:51.708Z</Time><Position><LatitudeDegrees>43.28620167</LatitudeDegrees><LongitudeDegrees>-2.878705</LongitudeDegrees></Position><AltitudeMeters>26.061</AltitudeMeters><DistanceMeters>263.1000061035156</DistanceMeters><HeartRateBpm><Value>121</Value></HeartRateBpm><Cadence>81</Cadence><SensorState>Present</SensorState></Trackpoint><Trackpoint><Time>2025-11-04T11:34:52.708Z</Time><Position><LatitudeDegrees>43.28618333</LatitudeDegrees><LongitudeDegrees>-2.878685</LongitudeDegrees></Position><AltitudeMeters>26.061</AltitudeMeters><DistanceMeters>265.29998779296875</DistanceMeters><HeartRateBpm><Value>121</Value></HeartRateBpm><Cadence>81</Cadence><SensorState>Present</SensorState></Trackpoint><Trackpoint><Time>2025-11-04T11:34:53.708Z</Time><Position><LatitudeDegrees>43.286165</LatitudeDegrees><LongitudeDegrees>-2.87866833</LongitudeDegrees></Position><AltitudeMeters>25.908</AltitudeMeters><DistanceMeters>268.0</DistanceMeters><HeartRateBpm><Value>121</Value></HeartRateBpm><Cadence>81</Cadence><SensorState>Present</SensorState></Trackpoint><Trackpoint><Time>2025-11-04T11:34:54.708Z</Time><Position><LatitudeDegrees>43.28614833</LatitudeDegrees><LongitudeDegrees>-2.87865</LongitudeDegrees></Position><AltitudeMeters>25.908</AltitudeMeters><DistanceMeters>270.79998779296875</DistanceMeters><HeartRateBpm><Value>122</Value></HeartRateBpm><Cadence>83</Cadence><SensorState>Present</SensorState></Trackpoint><Trackpoint><Time>2025-11-04T11:34:55.708Z</Time><Position><LatitudeDegrees>43.28613333</LatitudeDegrees><LongitudeDegrees>-2.87863</LongitudeDegrees></Position><AltitudeMeters>25.908</AltitudeMeters><DistanceMeters>273.5</DistanceMeters><HeartRateBpm><Value>122</Value></HeartRateBpm><Cadence>83</Cadence><SensorState>Present</SensorState></Trackpoint><Trackpoint><Time>2025-11-04T11:34:56.708Z</Time><Position><LatitudeDegrees>43.28611833</LatitudeDegrees><LongitudeDegrees>-2.87860833</LongitudeDegrees></Position><AltitudeMeters>25.756</AltitudeMeters><DistanceMeters>276.20001220703125</DistanceMeters><HeartRateBpm><Value>122</Value></HeartRateBpm><Cadence>84</Cadence><SensorState>Present</SensorState></Trackpoint><Trackpoint><Time>2025-11-04T11:34:57.708Z</Time><Position><LatitudeDegrees>43.28610833</LatitudeDegrees><LongitudeDegrees>-2.87857833</LongitudeDegrees></Position><AltitudeMeters>25.604</AltitudeMeters><DistanceMeters>278.79998779296875</DistanceMeters><HeartRateBpm><Value>122</Value></HeartRateBpm><Cadence>85</Cadence><SensorState>Present</SensorState></Trackpoint><Trackpoint><Time>2025-11-04T11:34:58.708Z</Time><Position><LatitudeDegrees>43.28610167</LatitudeDegrees><LongitudeDegrees>-2.878545</LongitudeDegrees></Position><AltitudeMeters>25.604</AltitudeMeters><DistanceMeters>281.20001220703125</DistanceMeters><HeartRateBpm><Value>122</Value></HeartRateBpm><Cadence>85</Cadence><SensorState>Present</SensorState></Trackpoint><Trackpoint><Time>2025-11-04T11:34:59.708Z</Time><Position><LatitudeDegrees>43.28609833</LatitudeDegrees><LongitudeDegrees>-2.87851333</LongitudeDegrees></Position><AltitudeMeters>25.451</AltitudeMeters><DistanceMeters>283.79998779296875</DistanceMeters><HeartRateBpm><Value>122</Value></HeartRateBpm><Cadence>88</Cadence><SensorState>Present</SensorState></Trackpoint><Trackpoint><Time>2025-11-04T11:35:00.708Z</Time><Position><LatitudeDegrees>43.28609833</LatitudeDegrees><LongitudeDegrees>-2.87848333</LongitudeDegrees></Position><AltitudeMeters>25.299</AltitudeMeters><DistanceMeters>286.29998779296875</DistanceMeters><HeartRateBpm><Value>123</Value></HeartRateBpm><Cadence>88</Cadence><SensorState>Present</SensorState></Trackpoint><Trackpoint><Time>2025-11-04T11:35:01.708Z</Time><Position><LatitudeDegrees>43.28609667</LatitudeDegrees><LongitudeDegrees>-2.87844833</LongitudeDegrees></Position><AltitudeMeters>25.146</AltitudeMeters><DistanceMeters>289.0</DistanceMeters><HeartRateBpm><Value>123</Value></HeartRateBpm><Cadence>88</Cadence><SensorState>Present</SensorState></Trackpoint><Trackpoint><Time>2025-11-04T11:35:02.708Z</Time><Position><LatitudeDegrees>43.28609167</LatitudeDegrees><LongitudeDegrees>-2.878415</LongitudeDegrees></Position><AltitudeMeters>24.994</AltitudeMeters><DistanceMeters>291.6000061035156</DistanceMeters><HeartRateBpm><Value>123</Value></HeartRateBpm><Cadence>88</Cadence><SensorState>Present</SensorState></Trackpoint><Trackpoint><Time>2025-11-04T11:35:03.708Z</Time><Position><LatitudeDegrees>43.28609167</LatitudeDegrees><LongitudeDegrees>-2.87838333</LongitudeDegrees></Position><AltitudeMeters>24.842</AltitudeMeters><DistanceMeters>294.5</DistanceMeters><HeartRateBpm><Value>124</Value></HeartRateBpm><Cadence>87</Cadence><SensorState>Present</SensorState></Trackpoint><Trackpoint><Time>2025-11-04T11:35:04.708Z</Time><Position><LatitudeDegrees>43.28608833</LatitudeDegrees><LongitudeDegrees>-2.87835</LongitudeDegrees></Position><AltitudeMeters>24.842</AltitudeMeters><DistanceMeters>297.20001220703125</DistanceMeters><HeartRateBpm><Value>124</Value></HeartRateBpm><Cadence>86</Cadence><SensorState>Present</SensorState></Trackpoint><Trackpoint><Time>2025-11-04T11:35:05.708Z</Time><Position><LatitudeDegrees>43.28608</LatitudeDegrees><LongitudeDegrees>-2.87832167</LongitudeDegrees></Position><AltitudeMeters>24.689</AltitudeMeters><DistanceMeters>299.70001220703125</DistanceMeters><HeartRateBpm><Value>125</Value></HeartRateBpm><Cadence>86</Cadence><SensorState>Present</SensorState></Trackpoint><Trackpoint><Time>2025-11-04T11:35:06.708Z</Time><Position><LatitudeDegrees>43.28606333</LatitudeDegrees><LongitudeDegrees>-2.87829667</LongitudeDegrees></Position><AltitudeMeters>24.689</AltitudeMeters><DistanceMeters>302.1000061035156</DistanceMeters><HeartRateBpm><Value>125</Value></HeartRateBpm><Cadence>87</Cadence><SensorState>Present</SensorState></Trackpoint><Trackpoint><Time>2025-11-04T11:35:07.708Z</Time><Position><LatitudeDegrees>43.28604667</LatitudeDegrees><LongitudeDegrees>-2.87827667</LongitudeDegrees></Position><AltitudeMeters>24.689</AltitudeMeters><DistanceMeters>304.8999938964844</DistanceMeters><HeartRateBpm><Value>125</Value></HeartRateBpm><Cadence>88</Cadence><SensorState>Present</SensorState></Trackpoint><Trackpoint><Time>2025-11-04T11:35:08.708Z</Time><Position><LatitudeDegrees>43.28602833</LatitudeDegrees><LongitudeDegrees>-2.87825333</LongitudeDegrees></Position><AltitudeMeters>24.689</AltitudeMeters><DistanceMeters>307.6000061035156</DistanceMeters><HeartRateBpm><Value>125</Value></HeartRateBpm><Cadence>88</Cadence><SensorState>Present</SensorState></Trackpoint><Trackpoint><Time>2025-11-04T11:35:09.708Z</Time><Position><LatitudeDegrees>43.28601167</LatitudeDegrees><LongitudeDegrees>-2.87822833</LongitudeDegrees></Position><AltitudeMeters>24.689</AltitudeMeters><DistanceMeters>309.79998779296875</DistanceMeters><HeartRateBpm><Value>125</Value></HeartRateBpm><Cadence>88</Cadence><SensorState>Present</SensorState></Trackpoint><Trackpoint><Time>2025-11-04T11:35:10.708Z</Time><Position><LatitudeDegrees>43.28599667</LatitudeDegrees><LongitudeDegrees>-2.878205</LongitudeDegrees></Position><AltitudeMeters>24.842</AltitudeMeters><DistanceMeters>311.79998779296875</DistanceMeters><HeartRateBpm><Value>125</Value></HeartRateBpm><Cadence>87</Cadence><SensorState>Present</SensorState></Trackpoint><Trackpoint><Time>2025-11-04T11:35:11.708Z</Time><Position><LatitudeDegrees>43.28599</LatitudeDegrees><LongitudeDegrees>-2.87818</LongitudeDegrees></Position><AltitudeMeters>24.842</AltitudeMeters><DistanceMeters>314.29998779296875</DistanceMeters><HeartRateBpm><Value>125</Value></HeartRateBpm><Cadence>85</Cadence><SensorState>Present</SensorState></Trackpoint><Trackpoint><Time>2025-11-04T11:35:12.708Z</Time><Position><LatitudeDegrees>43.28598333</LatitudeDegrees><LongitudeDegrees>-2.87815167</LongitudeDegrees></Position><AltitudeMeters>24.842</AltitudeMeters><DistanceMeters>316.70001220703125</DistanceMeters><HeartRateBpm><Value>125</Value></HeartRateBpm><Cadence>84</Cadence><SensorState>Present</SensorState></Trackpoint><Trackpoint><Time>2025-11-04T11:35:13.708Z</Time><Position><LatitudeDegrees>43.28597833</LatitudeDegrees><LongitudeDegrees>-2.878125</LongitudeDegrees></Position><AltitudeMeters>24.994</AltitudeMeters><DistanceMeters>319.1000061035156</DistanceMeters><HeartRateBpm><Value>125</Value></HeartRateBpm><Cadence>84</Cadence><SensorState>Present</SensorState></Trackpoint><Trackpoint><Time>2025-11-04T11:35:14.708Z</Time><Position><LatitudeDegrees>43.28597667</LatitudeDegrees><LongitudeDegrees>-2.87809667</LongitudeDegrees></Position><AltitudeMeters>25.146</AltitudeMeters><DistanceMeters>321.1000061035156</DistanceMeters><HeartRateBpm><Value>125</Value></HeartRateBpm><Cadence>84</Cadence><SensorState>Present</SensorState></Trackpoint><Trackpoint><Time>2025-11-04T11:35:15.708Z</Time><Position><LatitudeDegrees>43.28598</LatitudeDegrees><LongitudeDegrees>-2.87806667</LongitudeDegrees></Position><AltitudeMeters>25.146</AltitudeMeters><DistanceMeters>323.5</DistanceMeters><HeartRateBpm><Value>125</Value></HeartRateBpm><Cadence>84</Cadence><SensorState>Present</SensorState></Trackpoint><Trackpoint><Time>2025-11-04T11:35:16.708Z</Time><Position><LatitudeDegrees>43.28598167</LatitudeDegrees><LongitudeDegrees>-2.87803333</LongitudeDegrees></Position><AltitudeMeters>25.299</AltitudeMeters><DistanceMeters>325.8999938964844</DistanceMeters><HeartRateBpm><Value>125</Value></HeartRateBpm><Cadence>84</Cadence><SensorState>Present</SensorState></Trackpoint><Trackpoint><Time>2025-11-04T11:35:17.708Z</Time><Position><LatitudeDegrees>43.28598167</LatitudeDegrees><LongitudeDegrees>-2.87800167</LongitudeDegrees></Position><AltitudeMeters>25.451</AltitudeMeters><DistanceMeters>328.29998779296875</DistanceMeters><HeartRateBpm><Value>125</Value></HeartRateBpm><Cadence>84</Cadence><SensorState>Present</SensorState></Trackpoint><Trackpoint><Time>2025-11-04T11:35:18.708Z</Time><Position><LatitudeDegrees>43.28597833</LatitudeDegrees><LongitudeDegrees>-2.87796833</LongitudeDegrees></Position><AltitudeMeters>25.451</AltitudeMeters><DistanceMeters>330.79998779296875</DistanceMeters><HeartRateBpm><Value>125</Value></HeartRateBpm><Cadence>84</Cadence><SensorState>Present</SensorState></Trackpoint><Trackpoint><Time>2025-11-04T11:35:19.708Z</Time><Position><LatitudeDegrees>43.28597667</LatitudeDegrees><LongitudeDegrees>-2.87793667</LongitudeDegrees></Position><AltitudeMeters>25.604</AltitudeMeters><DistanceMeters>333.3999938964844</DistanceMeters><HeartRateBpm><Value>125</Value></HeartRateBpm><Cadence>84</Cadence><SensorState>Present</SensorState></Trackpoint><Trackpoint><Time>2025-11-04T11:35:20.708Z</Time><Position><LatitudeDegrees>43.285975</LatitudeDegrees><LongitudeDegrees>-2.87790833</LongitudeDegrees></Position><AltitudeMeters>25.604</AltitudeMeters><DistanceMeters>335.70001220703125</DistanceMeters><HeartRateBpm><Value>126</Value></HeartRateBpm><Cadence>85</Cadence><SensorState>Present</SensorState></Trackpoint><Trackpoint><Time>2025-11-04T11:35:21.708Z</Time><Position><LatitudeDegrees>43.28597667</LatitudeDegrees><LongitudeDegrees>-2.877885</LongitudeDegrees></Position><AltitudeMeters>25.604</AltitudeMeters><DistanceMeters>338.20001220703125</DistanceMeters><HeartRateBpm><Value>126</Value></HeartRateBpm><Cadence>85</Cadence><SensorState>Present</SensorState></Trackpoint><Trackpoint><Time>2025-11-04T11:35:22.708Z</Time><Position><LatitudeDegrees>43.285975</LatitudeDegrees><LongitudeDegrees>-2.877855</LongitudeDegrees></Position><AltitudeMeters>25.756</AltitudeMeters><DistanceMeters>340.20001220703125</DistanceMeters><HeartRateBpm><Value>126</Value></HeartRateBpm><Cadence>85</Cadence><SensorState>Present</SensorState></Trackpoint><Trackpoint><Time>2025-11-04T11:35:23.708Z</Time><Position><LatitudeDegrees>43.28597333</LatitudeDegrees><LongitudeDegrees>-2.877835</LongitudeDegrees></Position><AltitudeMeters>25.756</AltitudeMeters><DistanceMeters>341.5</DistanceMeters><HeartRateBpm><Value>126</Value></HeartRateBpm><Cadence>85</Cadence><SensorState>Present</SensorState></Trackpoint><Trackpoint><Time>2025-11-04T11:35:24.708Z</Time><Position><LatitudeDegrees>43.28597</LatitudeDegrees><LongitudeDegrees>-2.87782167</LongitudeDegrees></Position><AltitudeMeters>25.756</AltitudeMeters><DistanceMeters>342.20001220703125</DistanceMeters><HeartRateBpm><Value>127</Value></HeartRateBpm><Cadence>85</Cadence><SensorState>Present</SensorState></Trackpoint><Trackpoint><Time>2025-11-04T11:35:25.708Z</Time><Position><LatitudeDegrees>43.28597167</LatitudeDegrees><LongitudeDegrees>-2.877815</LongitudeDegrees></Position><AltitudeMeters>25.756</AltitudeMeters><DistanceMeters>342.70001220703125</DistanceMeters><HeartRateBpm><Value>127</Value></HeartRateBpm><Cadence>85</Cadence><SensorState>Present</SensorState></Trackpoint><Trackpoint><Time>2025-11-04T11:35:26.708Z</Time><Position><LatitudeDegrees>43.28597167</LatitudeDegrees><LongitudeDegrees>-2.87780667</LongitudeDegrees></Position><AltitudeMeters>25.908</AltitudeMeters><DistanceMeters>343.20001220703125</DistanceMeters><HeartRateBpm><Value>126</Value></HeartRateBpm><Cadence>85</Cadence><SensorState>Present</SensorState></Trackpoint><Trackpoint><Time>2025-11-04T11:35:27.708Z</Time><Position><LatitudeDegrees>43.28596167</LatitudeDegrees><LongitudeDegrees>-2.87779667</LongitudeDegrees></Position><AltitudeMeters>25.908</AltitudeMeters><DistanceMeters>343.70001220703125</DistanceMeters><HeartRateBpm><Value>126</Value></HeartRateBpm><Cadence>85</Cadence><SensorState>Present</SensorState></Trackpoint><Trackpoint><Time>2025-11-04T11:35:28.708Z</Time><Position><LatitudeDegrees>43.28595667</LatitudeDegrees><LongitudeDegrees>-2.87778333</LongitudeDegrees></Position><AltitudeMeters>25.908</AltitudeMeters><DistanceMeters>344.79998779296875</DistanceMeters><HeartRateBpm><Value>126</Value></HeartRateBpm><Cadence>85</Cadence><SensorState>Present</SensorState></Trackpoint><Trackpoint><Time>2025-11-04T11:35:29.708Z</Time><Position><LatitudeDegrees>43.28595333</LatitudeDegrees><LongitudeDegrees>-2.87775833</LongitudeDegrees></Position><AltitudeMeters>25.756</AltitudeMeters><DistanceMeters>346.20001220703125</DistanceMeters><HeartRateBpm><Value>126</Value></HeartRateBpm><Cadence>85</Cadence><SensorState>Present</SensorState></Trackpoint><Trackpoint><Time>2025-11-04T11:35:30.708Z</Time><Position><LatitudeDegrees>43.28595333</LatitudeDegrees><LongitudeDegrees>-2.87773</LongitudeDegrees></Position><AltitudeMeters>25.756</AltitudeMeters><DistanceMeters>347.79998779296875</DistanceMeters><HeartRateBpm><Value>126</Value></HeartRateBpm><Cadence>85</Cadence><SensorState>Present</SensorState></Trackpoint><Trackpoint><Time>2025-11-04T11:35:31.708Z</Time><Position><LatitudeDegrees>43.285955</LatitudeDegrees><LongitudeDegrees>-2.8777</LongitudeDegrees></Position><AltitudeMeters>25.756</AltitudeMeters><DistanceMeters>350.1000061035156</DistanceMeters><HeartRateBpm><Value>126</Value></HeartRateBpm><Cadence>85</Cadence><SensorState>Present</SensorState></Trackpoint><Trackpoint><Time>2025-11-04T11:35:32.708Z</Time><Position><LatitudeDegrees>43.28595667</LatitudeDegrees><LongitudeDegrees>-2.87766833</LongitudeDegrees></Position><AltitudeMeters>25.604</AltitudeMeters><DistanceMeters>352.8999938964844</DistanceMeters><HeartRateBpm><Value>126</Value></HeartRateBpm><Cadence>85</Cadence><SensorState>Present</SensorState></Trackpoint><Trackpoint><Time>2025-11-04T11:35:33.708Z</Time><Position><LatitudeDegrees>43.285955</LatitudeDegrees><LongitudeDegrees>-2.877635</LongitudeDegrees></Position><AltitudeMeters>25.604</AltitudeMeters><DistanceMeters>356.29998779296875</DistanceMeters><HeartRateBpm><Value>126</Value></HeartRateBpm><Cadence>85</Cadence><SensorState>Present</SensorState></Trackpoint><Trackpoint><Time>2025-11-04T11:35:34.708Z</Time><Position><LatitudeDegrees>43.28595333</LatitudeDegrees><LongitudeDegrees>-2.87760167</LongitudeDegrees></Position><AltitudeMeters>25.604</AltitudeMeters><DistanceMeters>359.8999938964844</DistanceMeters><HeartRateBpm><Value>126</Value></HeartRateBpm><Cadence>84</Cadence><SensorState>Present</SensorState></Trackpoint><Trackpoint><Time>2025-11-04T11:35:35.708Z</Time><Position><LatitudeDegrees>43.28595</LatitudeDegrees><LongitudeDegrees>-2.877565</LongitudeDegrees></Position><AltitudeMeters>25.604</AltitudeMeters><DistanceMeters>363.5</DistanceMeters><HeartRateBpm><Value>126</Value></HeartRateBpm><Cadence>85</Cadence><SensorState>Present</SensorState></Trackpoint><Trackpoint><Time>2025-11-04T11:35:36.708Z</Time><Position><LatitudeDegrees>43.28594667</LatitudeDegrees><LongitudeDegrees>-2.87753</LongitudeDegrees></Position><AltitudeMeters>25.604</AltitudeMeters><DistanceMeters>367.3999938964844</DistanceMeters><HeartRateBpm><Value>127</Value></HeartRateBpm><Cadence>84</Cadence><SensorState>Present</SensorState></Trackpoint><Trackpoint><Time>2025-11-04T11:35:37.708Z</Time><Position><LatitudeDegrees>43.28594333</LatitudeDegrees><LongitudeDegrees>-2.87749167</LongitudeDegrees></Position><AltitudeMeters>25.604</AltitudeMeters><DistanceMeters>370.79998779296875</DistanceMeters><HeartRateBpm><Value>127</Value></HeartRateBpm><Cadence>85</Cadence><SensorState>Present</SensorState></Trackpoint><Trackpoint><Time>2025-11-04T11:35:38.708Z</Time><Position><LatitudeDegrees>43.28594</LatitudeDegrees><LongitudeDegrees>-2.87745333</LongitudeDegrees></Position><AltitudeMeters>25.604</AltitudeMeters><DistanceMeters>374.29998779296875</DistanceMeters><HeartRateBpm><Value>128</Value></HeartRateBpm><Cadence>85</Cadence><SensorState>Present</SensorState></Trackpoint><Trackpoint><Time>2025-11-04T11:35:39.708Z</Time><Position><LatitudeDegrees>43.28594333</LatitudeDegrees><LongitudeDegrees>-2.87741333</LongitudeDegrees></Position><AltitudeMeters>25.604</AltitudeMeters><DistanceMeters>377.3999938964844</DistanceMeters><HeartRateBpm><Value>128</Value></HeartRateBpm><Cadence>84</Cadence><SensorState>Present</SensorState></Trackpoint><Trackpoint><Time>2025-11-04T11:35:40.708Z</Time><Position><LatitudeDegrees>43.28594333</LatitudeDegrees><LongitudeDegrees>-2.87738</LongitudeDegrees></Position><AltitudeMeters>25.604</AltitudeMeters><DistanceMeters>380.29998779296875</DistanceMeters><HeartRateBpm><Value>128</Value></HeartRateBpm><Cadence>85</Cadence><SensorState>Present</SensorState></Trackpoint><Trackpoint><Time>2025-11-04T11:35:41.708Z</Time><Position><LatitudeDegrees>43.28594333</LatitudeDegrees><LongitudeDegrees>-2.87734833</LongitudeDegrees></Position><AltitudeMeters>25.756</AltitudeMeters><DistanceMeters>383.20001220703125</DistanceMeters><HeartRateBpm><Value>128</Value></HeartRateBpm><Cadence>85</Cadence><SensorState>Present</SensorState></Trackpoint><Trackpoint><Time>2025-11-04T11:35:42.708Z</Time><Position><LatitudeDegrees>43.28594167</LatitudeDegrees><LongitudeDegrees>-2.87731667</LongitudeDegrees></Position><AltitudeMeters>25.756</AltitudeMeters><DistanceMeters>385.8999938964844</DistanceMeters><HeartRateBpm><Value>127</Value></HeartRateBpm><Cadence>85</Cadence><SensorState>Present</SensorState></Trackpoint><Trackpoint><Time>2025-11-04T11:35:43.708Z</Time><Position><LatitudeDegrees>43.28593333</LatitudeDegrees><LongitudeDegrees>-2.87728333</LongitudeDegrees></Position><AltitudeMeters>25.756</AltitudeMeters><DistanceMeters>388.3999938964844</DistanceMeters><HeartRateBpm><Value>127</Value></HeartRateBpm><Cadence>85</Cadence><SensorState>Present</SensorState></Trackpoint><Trackpoint><Time>2025-11-04T11:35:44.708Z</Time><Position><LatitudeDegrees>43.28592833</LatitudeDegrees><LongitudeDegrees>-2.87725333</LongitudeDegrees></Position><AltitudeMeters>25.756</AltitudeMeters><DistanceMeters>390.8999938964844</DistanceMeters><HeartRateBpm><Value>126</Value></HeartRateBpm><Cadence>85</Cadence><SensorState>Present</SensorState></Trackpoint><Trackpoint><Time>2025-11-04T11:35:45.708Z</Time><Position><LatitudeDegrees>43.285925</LatitudeDegrees><LongitudeDegrees>-2.877225</LongitudeDegrees></Position><AltitudeMeters>25.908</AltitudeMeters><DistanceMeters>393.20001220703125</DistanceMeters><HeartRateBpm><Value>126</Value></HeartRateBpm><Cadence>85</Cadence><SensorState>Present</SensorState></Trackpoint><Trackpoint><Time>2025-11-04T11:35:46.708Z</Time><Position><LatitudeDegrees>43.28592</LatitudeDegrees><LongitudeDegrees>-2.877195</LongitudeDegrees></Position><AltitudeMeters>25.908</AltitudeMeters><DistanceMeters>395.29998779296875</DistanceMeters><HeartRateBpm><Value>125</Value></HeartRateBpm><Cadence>85</Cadence><SensorState>Present</SensorState></Trackpoint><Trackpoint><Time>2025-11-04T11:35:47.708Z</Time><Position><LatitudeDegrees>43.28591333</LatitudeDegrees><LongitudeDegrees>-2.87716833</LongitudeDegrees></Position><AltitudeMeters>25.908</AltitudeMeters><DistanceMeters>397.29998779296875</DistanceMeters><HeartRateBpm><Value>125</Value></HeartRateBpm><Cadence>85</Cadence><SensorState>Present</SensorState></Trackpoint><Trackpoint><Time>2025-11-04T11:35:48.708Z</Time><Position><LatitudeDegrees>43.285915</LatitudeDegrees><LongitudeDegrees>-2.87713833</LongitudeDegrees></Position><AltitudeMeters>25.908</AltitudeMeters><DistanceMeters>400.20001220703125</DistanceMeters><HeartRateBpm><Value>124</Value></HeartRateBpm><Cadence>85</Cadence><SensorState>Present</SensorState></Trackpoint><Trackpoint><Time>2025-11-04T11:35:49.708Z</Time><Position><LatitudeDegrees>43.28590667</LatitudeDegrees><LongitudeDegrees>-2.8771</LongitudeDegrees></Position><AltitudeMeters>25.908</AltitudeMeters><DistanceMeters>402.8999938964844</DistanceMeters><HeartRateBpm><Value>124</Value></HeartRateBpm><Cadence>85</Cadence><SensorState>Present</SensorState></Trackpoint><Trackpoint><Time>2025-11-04T11:35:50.708Z</Time><Position><LatitudeDegrees>43.28590833</LatitudeDegrees><LongitudeDegrees>-2.877065</LongitudeDegrees></Position><AltitudeMeters>26.061</AltitudeMeters><DistanceMeters>405.5</DistanceMeters><HeartRateBpm><Value>124</Value></HeartRateBpm><Cadence>85</Cadence><SensorState>Present</SensorState></Trackpoint><Trackpoint><Time>2025-11-04T11:35:51.708Z</Time><Position><LatitudeDegrees>43.28591333</LatitudeDegrees><LongitudeDegrees>-2.87703333</LongitudeDegrees></Position><AltitudeMeters>26.061</AltitudeMeters><DistanceMeters>408.29998779296875</DistanceMeters><HeartRateBpm><Value>123</Value></HeartRateBpm><Cadence>85</Cadence><SensorState>Present</SensorState></Trackpoint><Trackpoint><Time>2025-11-04T11:35:52.708Z</Time><Position><LatitudeDegrees>43.28591833</LatitudeDegrees><LongitudeDegrees>-2.87699667</LongitudeDegrees></Position><AltitudeMeters>26.061</AltitudeMeters><DistanceMeters>411.6000061035156</DistanceMeters><HeartRateBpm><Value>123</Value></HeartRateBpm><Cadence>85</Cadence><SensorState>Present</SensorState></Trackpoint><Trackpoint><Time>2025-11-04T11:35:53.708Z</Time><Position><LatitudeDegrees>43.285915</LatitudeDegrees><LongitudeDegrees>-2.87695667</LongitudeDegrees></Position><AltitudeMeters>26.061</AltitudeMeters><DistanceMeters>414.70001220703125</DistanceMeters><HeartRateBpm><Value>123</Value></HeartRateBpm><Cadence>84</Cadence><SensorState>Present</SensorState></Trackpoint><Trackpoint><Time>2025-11-04T11:35:54.708Z</Time><Position><LatitudeDegrees>43.28591167</LatitudeDegrees><LongitudeDegrees>-2.87692</LongitudeDegrees></Position><AltitudeMeters>26.061</AltitudeMeters><DistanceMeters>417.6000061035156</DistanceMeters><HeartRateBpm><Value>123</Value></HeartRateBpm><Cadence>85</Cadence><SensorState>Present</SensorState></Trackpoint><Trackpoint><Time>2025-11-04T11:35:55.708Z</Time><Position><LatitudeDegrees>43.28591</LatitudeDegrees><LongitudeDegrees>-2.87688833</LongitudeDegrees></Position><AltitudeMeters>26.061</AltitudeMeters><DistanceMeters>421.0</DistanceMeters><HeartRateBpm><Value>123</Value></HeartRateBpm><Cadence>85</Cadence><SensorState>Present</SensorState></Trackpoint><Trackpoint><Time>2025-11-04T11:35:56.708Z</Time><Position><LatitudeDegrees>43.28590667</LatitudeDegrees><LongitudeDegrees>-2.87685</LongitudeDegrees></Position><AltitudeMeters>26.213</AltitudeMeters><DistanceMeters>423.8999938964844</DistanceMeters><HeartRateBpm><Value>123</Value></HeartRateBpm><Cadence>85</Cadence><SensorState>Present</SensorState></Trackpoint><Trackpoint><Time>2025-11-04T11:35:57.708Z</Time><Position><LatitudeDegrees>43.28590333</LatitudeDegrees><LongitudeDegrees>-2.87681833</LongitudeDegrees></Position><AltitudeMeters>26.213</AltitudeMeters><DistanceMeters>426.3999938964844</DistanceMeters><HeartRateBpm><Value>123</Value></HeartRateBpm><Cadence>85</Cadence><SensorState>Present</SensorState></Trackpoint><Trackpoint><Time>2025-11-04T11:35:58.708Z</Time><Position><LatitudeDegrees>43.28589833</LatitudeDegrees><LongitudeDegrees>-2.87678833</LongitudeDegrees></Position><AltitudeMeters>26.213</AltitudeMeters><DistanceMeters>429.0</DistanceMeters><HeartRateBpm><Value>123</Value></HeartRateBpm><Cadence>84</Cadence><SensorState>Present</SensorState></Trackpoint><Trackpoint><Time>2025-11-04T11:35:59.708Z</Time><Position><LatitudeDegrees>43.28589333</LatitudeDegrees><LongitudeDegrees>-2.87675667</LongitudeDegrees></Position><AltitudeMeters>26.213</AltitudeMeters><DistanceMeters>431.79998779296875</DistanceMeters><HeartRateBpm><Value>123</Value></HeartRateBpm><Cadence>84</Cadence><SensorState>Present</SensorState></Trackpoint><Trackpoint><Time>2025-11-04T11:36:00.708Z</Time><Position><LatitudeDegrees>43.28588833</LatitudeDegrees><LongitudeDegrees>-2.87672667</LongitudeDegrees></Position><AltitudeMeters>26.213</AltitudeMeters><DistanceMeters>434.3999938964844</DistanceMeters><HeartRateBpm><Value>123</Value></HeartRateBpm><Cadence>84</Cadence><SensorState>Present</SensorState></Trackpoint><Trackpoint><Time>2025-11-04T11:36:01.708Z</Time><Position><LatitudeDegrees>43.28588333</LatitudeDegrees><LongitudeDegrees>-2.876695</LongitudeDegrees></Position><AltitudeMeters>26.213</AltitudeMeters><DistanceMeters>436.6000061035156</DistanceMeters><HeartRateBpm><Value>123</Value></HeartRateBpm><Cadence>84</Cadence><SensorState>Present</SensorState></Trackpoint><Trackpoint><Time>2025-11-04T11:36:02.708Z</Time><Position><LatitudeDegrees>43.28588333</LatitudeDegrees><LongitudeDegrees>-2.87666333</LongitudeDegrees></Position><AltitudeMeters>26.213</AltitudeMeters><DistanceMeters>438.8999938964844</DistanceMeters><HeartRateBpm><Value>123</Value></HeartRateBpm><Cadence>85</Cadence><SensorState>Present</SensorState></Trackpoint><Trackpoint><Time>2025-11-04T11:36:03.708Z</Time><Position><LatitudeDegrees>43.28588167</LatitudeDegrees><LongitudeDegrees>-2.87663333</LongitudeDegrees></Position><AltitudeMeters>26.213</AltitudeMeters><DistanceMeters>441.3999938964844</DistanceMeters><HeartRateBpm><Value>123</Value></HeartRateBpm><Cadence>85</Cadence><SensorState>Present</SensorState></Trackpoint><Trackpoint><Time>2025-11-04T11:36:04.708Z</Time><Position><LatitudeDegrees>43.28588167</LatitudeDegrees><LongitudeDegrees>-2.87660333</LongitudeDegrees></Position><AltitudeMeters>26.366</AltitudeMeters><DistanceMeters>443.3999938964844</DistanceMeters><HeartRateBpm><Value>123</Value></HeartRateBpm><Cadence>85</Cadence><SensorState>Present</SensorState></Trackpoint><Trackpoint><Time>2025-11-04T11:36:05.708Z</Time><Position><LatitudeDegrees>43.28587833</LatitudeDegrees><LongitudeDegrees>-2.876575</LongitudeDegrees></Position><AltitudeMeters>26.366</AltitudeMeters><DistanceMeters>445.8999938964844</DistanceMeters><HeartRateBpm><Value>123</Value></HeartRateBpm><Cadence>85</Cadence><SensorState>Present</SensorState></Trackpoint><Trackpoint><Time>2025-11-04T11:36:06.708Z</Time><Position><LatitudeDegrees>43.28587333</LatitudeDegrees><LongitudeDegrees>-2.876545</LongitudeDegrees></Position><AltitudeMeters>26.366</AltitudeMeters><DistanceMeters>448.3999938964844</DistanceMeters><HeartRateBpm><Value>123</Value></HeartRateBpm><Cadence>85</Cadence><SensorState>Present</SensorState></Trackpoint><Trackpoint><Time>2025-11-04T11:36:07.708Z</Time><Position><LatitudeDegrees>43.285865</LatitudeDegrees><LongitudeDegrees>-2.876515</LongitudeDegrees></Position><AltitudeMeters>26.366</AltitudeMeters><DistanceMeters>450.79998779296875</DistanceMeters><HeartRateBpm><Value>124</Value></HeartRateBpm><Cadence>85</Cadence><SensorState>Present</SensorState></Trackpoint><Trackpoint><Time>2025-11-04T11:36:08.708Z</Time><Position><LatitudeDegrees>43.28586333</LatitudeDegrees><LongitudeDegrees>-2.876485</LongitudeDegrees></Position><AltitudeMeters>26.366</AltitudeMeters><DistanceMeters>453.1000061035156</DistanceMeters><HeartRateBpm><Value>124</Value></HeartRateBpm><Cadence>85</Cadence><SensorState>Present</SensorState></Trackpoint><Trackpoint><Time>2025-11-04T11:36:09.708Z</Time><Position><LatitudeDegrees>43.28586167</LatitudeDegrees><LongitudeDegrees>-2.87645667</LongitudeDegrees></Position><AltitudeMeters>26.366</AltitudeMeters><DistanceMeters>455.3999938964844</DistanceMeters><HeartRateBpm><Value>124</Value></HeartRateBpm><Cadence>85</Cadence><SensorState>Present</SensorState></Trackpoint><Trackpoint><Time>2025-11-04T11:36:10.708Z</Time><Position><LatitudeDegrees>43.28586</LatitudeDegrees><LongitudeDegrees>-2.87642667</LongitudeDegrees></Position><AltitudeMeters>26.366</AltitudeMeters><DistanceMeters>457.79998779296875</DistanceMeters><HeartRateBpm><Value>125</Value></HeartRateBpm><Cadence>85</Cadence><SensorState>Present</SensorState></Trackpoint><Trackpoint><Time>2025-11-04T11:36:11.708Z</Time><Position><LatitudeDegrees>43.28585833</LatitudeDegrees><LongitudeDegrees>-2.87639667</LongitudeDegrees></Position><AltitudeMeters>26.518</AltitudeMeters><DistanceMeters>460.29998779296875</DistanceMeters><HeartRateBpm><Value>125</Value></HeartRateBpm><Cadence>85</Cadence><SensorState>Present</SensorState></Trackpoint><Trackpoint><Time>2025-11-04T11:36:12.708Z</Time><Position><LatitudeDegrees>43.285855</LatitudeDegrees><LongitudeDegrees>-2.87636667</LongitudeDegrees></Position><AltitudeMeters>26.518</AltitudeMeters><DistanceMeters>462.70001220703125</DistanceMeters><HeartRateBpm><Value>126</Value></HeartRateBpm><Cadence>85</Cadence><SensorState>Present</SensorState></Trackpoint><Trackpoint><Time>2025-11-04T11:36:13.708Z</Time><Position><LatitudeDegrees>43.28585167</LatitudeDegrees><LongitudeDegrees>-2.87633667</LongitudeDegrees></Position><AltitudeMeters>26.518</AltitudeMeters><DistanceMeters>465.1000061035156</DistanceMeters><HeartRateBpm><Value>126</Value></HeartRateBpm><Cadence>85</Cadence><SensorState>Present</SensorState></Trackpoint><Trackpoint><Time>2025-11-04T11:36:14.708Z</Time><Position><LatitudeDegrees>43.28585167</LatitudeDegrees><LongitudeDegrees>-2.87630833</LongitudeDegrees></Position><AltitudeMeters>26.518</AltitudeMeters><DistanceMeters>467.70001220703125</DistanceMeters><HeartRateBpm><Value>127</Value></HeartRateBpm><Cadence>84</Cadence><SensorState>Present</SensorState></Trackpoint><Trackpoint><Time>2025-11-04T11:36:15.708Z</Time><Position><LatitudeDegrees>43.28585167</LatitudeDegrees><LongitudeDegrees>-2.876275</LongitudeDegrees></Position><AltitudeMeters>26.67</AltitudeMeters><DistanceMeters>470.20001220703125</DistanceMeters><HeartRateBpm><Value>127</Value></HeartRateBpm><Cadence>84</Cadence><SensorState>Present</SensorState></Trackpoint><Trackpoint><Time>2025-11-04T11:36:16.708Z</Time><Position><LatitudeDegrees>43.28584833</LatitudeDegrees><LongitudeDegrees>-2.87624333</LongitudeDegrees></Position><AltitudeMeters>26.67</AltitudeMeters><DistanceMeters>472.6000061035156</DistanceMeters><HeartRateBpm><Value>128</Value></HeartRateBpm><Cadence>85</Cadence><SensorState>Present</SensorState></Trackpoint><Trackpoint><Time>2025-11-04T11:36:17.708Z</Time><Position><LatitudeDegrees>43.28585</LatitudeDegrees><LongitudeDegrees>-2.876215</LongitudeDegrees></Position><AltitudeMeters>26.823</AltitudeMeters><DistanceMeters>475.1000061035156</DistanceMeters><HeartRateBpm><Value>128</Value></HeartRateBpm><Cadence>85</Cadence><SensorState>Present</SensorState></Trackpoint><Trackpoint><Time>2025-11-04T11:36:18.708Z</Time><Position><LatitudeDegrees>43.28585</LatitudeDegrees><LongitudeDegrees>-2.87618667</LongitudeDegrees></Position><AltitudeMeters>26.823</AltitudeMeters><DistanceMeters>477.5</DistanceMeters><HeartRateBpm><Value>129</Value></HeartRateBpm><Cadence>85</Cadence><SensorState>Present</SensorState></Trackpoint><Trackpoint><Time>2025-11-04T11:36:19.708Z</Time><Position><LatitudeDegrees>43.28585167</LatitudeDegrees><LongitudeDegrees>-2.87615667</LongitudeDegrees></Position><AltitudeMeters>26.975</AltitudeMeters><DistanceMeters>479.79998779296875</DistanceMeters><HeartRateBpm><Value>129</Value></HeartRateBpm><Cadence>85</Cadence><SensorState>Present</SensorState></Trackpoint><Trackpoint><Time>2025-11-04T11:36:20.708Z</Time><Position><LatitudeDegrees>43.28585333</LatitudeDegrees><LongitudeDegrees>-2.87613</LongitudeDegrees></Position><AltitudeMeters>26.975</AltitudeMeters><DistanceMeters>482.1000061035156</DistanceMeters><HeartRateBpm><Value>130</Value></HeartRateBpm><Cadence>85</Cadence><SensorState>Present</SensorState></Trackpoint><Trackpoint><Time>2025-11-04T11:36:21.708Z</Time><Position><LatitudeDegrees>43.28586</LatitudeDegrees><LongitudeDegrees>-2.87610167</LongitudeDegrees></Position><AltitudeMeters>27.128</AltitudeMeters><DistanceMeters>484.3999938964844</DistanceMeters><HeartRateBpm><Value>130</Value></HeartRateBpm><Cadence>85</Cadence><SensorState>Present</SensorState></Trackpoint><Trackpoint><Time>2025-11-04T11:36:22.708Z</Time><Position><LatitudeDegrees>43.28586667</LatitudeDegrees><LongitudeDegrees>-2.876075</LongitudeDegrees></Position><AltitudeMeters>27.28</AltitudeMeters><DistanceMeters>486.6000061035156</DistanceMeters><HeartRateBpm><Value>130</Value></HeartRateBpm><Cadence>85</Cadence><SensorState>Present</SensorState></Trackpoint><Trackpoint><Time>2025-11-04T11:36:23.708Z</Time><Position><LatitudeDegrees>43.28587167</LatitudeDegrees><LongitudeDegrees>-2.87605</LongitudeDegrees></Position><AltitudeMeters>27.432</AltitudeMeters><DistanceMeters>488.6000061035156</DistanceMeters><HeartRateBpm><Value>130</Value></HeartRateBpm><Cadence>85</Cadence><SensorState>Present</SensorState></Trackpoint><Trackpoint><Time>2025-11-04T11:36:24.708Z</Time><Position><LatitudeDegrees>43.28587667</LatitudeDegrees><LongitudeDegrees>-2.87602333</LongitudeDegrees></Position><AltitudeMeters>27.585</AltitudeMeters><DistanceMeters>490.5</DistanceMeters><HeartRateBpm><Value>130</Value></HeartRateBpm><Cadence>84</Cadence><SensorState>Present</SensorState></Trackpoint><Trackpoint><Time>2025-11-04T11:36:25.708Z</Time><Position><LatitudeDegrees>43.28588167</LatitudeDegrees><LongitudeDegrees>-2.876</LongitudeDegrees></Position><AltitudeMeters>27.737</AltitudeMeters><DistanceMeters>492.20001220703125</DistanceMeters><HeartRateBpm><Value>130</Value></HeartRateBpm><Cadence>84</Cadence><SensorState>Present</SensorState></Trackpoint><Trackpoint><Time>2025-11-04T11:36:26.708Z</Time><Position><LatitudeDegrees>43.28588833</LatitudeDegrees><LongitudeDegrees>-2.87598167</LongitudeDegrees></Position><AltitudeMeters>27.89</AltitudeMeters><DistanceMeters>493.70001220703125</DistanceMeters><HeartRateBpm><Value>130</Value></HeartRateBpm><Cadence>85</Cadence><SensorState>Present</SensorState></Trackpoint><Trackpoint><Time>2025-11-04T11:36:27.708Z</Time><Position><LatitudeDegrees>43.28589333</LatitudeDegrees><LongitudeDegrees>-2.87596667</LongitudeDegrees></Position><AltitudeMeters>28.042</AltitudeMeters><DistanceMeters>495.20001220703125</DistanceMeters><HeartRateBpm><Value>130</Value></HeartRateBpm><Cadence>85</Cadence><SensorState>Present</SensorState></Trackpoint><Trackpoint><Time>2025-11-04T11:36:28.708Z</Time><Position><LatitudeDegrees>43.2859</LatitudeDegrees><LongitudeDegrees>-2.87595</LongitudeDegrees></Position><AltitudeMeters>28.194</AltitudeMeters><DistanceMeters>496.70001220703125</DistanceMeters><HeartRateBpm><Value>130</Value></HeartRateBpm><Cadence>85</Cadence><SensorState>Present</SensorState></Trackpoint><Trackpoint><Time>2025-11-04T11:36:29.708Z</Time><Position><LatitudeDegrees>43.28590667</LatitudeDegrees><LongitudeDegrees>-2.87593167</LongitudeDegrees></Position><AltitudeMeters>28.347</AltitudeMeters><DistanceMeters>498.29998779296875</DistanceMeters><HeartRateBpm><Value>130</Value></HeartRateBpm><Cadence>88</Cadence><SensorState>Present</SensorState></Trackpoint><Trackpoint><Time>2025-11-04T11:36:30.708Z</Time><Position><LatitudeDegrees>43.28591833</LatitudeDegrees><LongitudeDegrees>-2.87591167</LongitudeDegrees></Position><AltitudeMeters>28.499</AltitudeMeters><DistanceMeters>500.20001220703125</DistanceMeters><HeartRateBpm><Value>130</Value></HeartRateBpm><Cadence>88</Cadence><SensorState>Present</SensorState></Trackpoint><Trackpoint><Time>2025-11-04T11:36:31.708Z</Time><Position><LatitudeDegrees>43.28593167</LatitudeDegrees><LongitudeDegrees>-2.87588833</LongitudeDegrees></Position><AltitudeMeters>28.652</AltitudeMeters><DistanceMeters>502.6000061035156</DistanceMeters><HeartRateBpm><Value>130</Value></HeartRateBpm><Cadence>88</Cadence><SensorState>Present</SensorState></Trackpoint><Trackpoint><Time>2025-11-04T11:36:32.708Z</Time><Position><LatitudeDegrees>43.28594667</LatitudeDegrees><LongitudeDegrees>-2.87586</LongitudeDegrees></Position><AltitudeMeters>28.804</AltitudeMeters><DistanceMeters>505.20001220703125</DistanceMeters><HeartRateBpm><Value>130</Value></HeartRateBpm><Cadence>88</Cadence><SensorState>Present</SensorState></Trackpoint><Trackpoint><Time>2025-11-04T11:36:33.708Z</Time><Position><LatitudeDegrees>43.28595833</LatitudeDegrees><LongitudeDegrees>-2.87582667</LongitudeDegrees></Position><AltitudeMeters>28.956</AltitudeMeters><DistanceMeters>507.8999938964844</DistanceMeters><HeartRateBpm><Value>130</Value></HeartRateBpm><Cadence>88</Cadence><SensorState>Present</SensorState></Trackpoint><Trackpoint><Time>2025-11-04T11:36:34.708Z</Time><Position><LatitudeDegrees>43.28596667</LatitudeDegrees><LongitudeDegrees>-2.87579333</LongitudeDegrees></Position><AltitudeMeters>29.109</AltitudeMeters><DistanceMeters>511.0</DistanceMeters><HeartRateBpm><Value>129</Value></HeartRateBpm><Cadence>88</Cadence><SensorState>Present</SensorState></Trackpoint><Trackpoint><Time>2025-11-04T11:36:35.708Z</Time><Position><LatitudeDegrees>43.28597333</LatitudeDegrees><LongitudeDegrees>-2.87576</LongitudeDegrees></Position><AltitudeMeters>29.261</AltitudeMeters><DistanceMeters>514.0999755859375</DistanceMeters><HeartRateBpm><Value>129</Value></HeartRateBpm><Cadence>88</Cadence><SensorState>Present</SensorState></Trackpoint><Trackpoint><Time>2025-11-04T11:36:36.708Z</Time><Position><LatitudeDegrees>43.285975</LatitudeDegrees><LongitudeDegrees>-2.87573</LongitudeDegrees></Position><AltitudeMeters>29.414</AltitudeMeters><DistanceMeters>517.0999755859375</DistanceMeters><HeartRateBpm><Value>129</Value></HeartRateBpm><Cadence>88</Cadence><SensorState>Present</SensorState></Trackpoint><Trackpoint><Time>2025-11-04T11:36:37.708Z</Time><Position><LatitudeDegrees>43.28598</LatitudeDegrees><LongitudeDegrees>-2.87570167</LongitudeDegrees></Position><AltitudeMeters>29.566</AltitudeMeters><DistanceMeters>520.0999755859375</DistanceMeters><HeartRateBpm><Value>129</Value></HeartRateBpm><Cadence>88</Cadence><SensorState>Present</SensorState></Trackpoint><Trackpoint><Time>2025-11-04T11:36:38.708Z</Time><Position><LatitudeDegrees>43.28599</LatitudeDegrees><LongitudeDegrees>-2.87567333</LongitudeDegrees></Position><AltitudeMeters>29.718</AltitudeMeters><DistanceMeters>522.7999877929688</DistanceMeters><HeartRateBpm><Value>129</Value></HeartRateBpm><Cadence>88</Cadence><SensorState>Present</SensorState></Trackpoint><Trackpoint><Time>2025-11-04T11:36:39.708Z</Time><Position><LatitudeDegrees>43.28600333</LatitudeDegrees><LongitudeDegrees>-2.87565</LongitudeDegrees></Position><AltitudeMeters>29.718</AltitudeMeters><DistanceMeters>525.2999877929688</DistanceMeters><HeartRateBpm><Value>129</Value></HeartRateBpm><Cadence>88</Cadence><SensorState>Present</SensorState></Trackpoint><Trackpoint><Time>2025-11-04T11:36:40.708Z</Time><Position><LatitudeDegrees>43.28601833</LatitudeDegrees><LongitudeDegrees>-2.87562667</LongitudeDegrees></Position><AltitudeMeters>29.871</AltitudeMeters><DistanceMeters>527.7000122070312</DistanceMeters><HeartRateBpm><Value>129</Value></HeartRateBpm><Cadence>88</Cadence><SensorState>Present</SensorState></Trackpoint><Trackpoint><Time>2025-11-04T11:36:41.708Z</Time><Position><LatitudeDegrees>43.286035</LatitudeDegrees><LongitudeDegrees>-2.87560833</LongitudeDegrees></Position><AltitudeMeters>29.871</AltitudeMeters><DistanceMeters>530.0</DistanceMeters><HeartRateBpm><Value>129</Value></HeartRateBpm><Cadence>88</Cadence><SensorState>Present</SensorState></Trackpoint><Trackpoint><Time>2025-11-04T11:36:42.708Z</Time><Position><LatitudeDegrees>43.28605667</LatitudeDegrees><LongitudeDegrees>-2.87559</LongitudeDegrees></Position><AltitudeMeters>30.023</AltitudeMeters><DistanceMeters>532.2999877929688</DistanceMeters><HeartRateBpm><Value>129</Value></HeartRateBpm><Cadence>88</Cadence><SensorState>Present</SensorState></Trackpoint><Trackpoint><Time>2025-11-04T11:36:43.708Z</Time><Position><LatitudeDegrees>43.28608</LatitudeDegrees><LongitudeDegrees>-2.87557833</LongitudeDegrees></Position><AltitudeMeters>30.023</AltitudeMeters><DistanceMeters>534.5999755859375</DistanceMeters><HeartRateBpm><Value>129</Value></HeartRateBpm><Cadence>88</Cadence><SensorState>Present</SensorState></Trackpoint><Trackpoint><Time>2025-11-04T11:36:44.708Z</Time><Position><LatitudeDegrees>43.28610333</LatitudeDegrees><LongitudeDegrees>-2.87557</LongitudeDegrees></Position><AltitudeMeters>30.023</AltitudeMeters><DistanceMeters>537.0999755859375</DistanceMeters><HeartRateBpm><Value>129</Value></HeartRateBpm><Cadence>88</Cadence><SensorState>Present</SensorState></Trackpoint><Trackpoint><Time>2025-11-04T11:36:45.708Z</Time><Position><LatitudeDegrees>43.28612333</LatitudeDegrees><LongitudeDegrees>-2.875565</LongitudeDegrees></Position><AltitudeMeters>30.176</AltitudeMeters><DistanceMeters>539.7000122070312</DistanceMeters><HeartRateBpm><Value>129</Value></HeartRateBpm><Cadence>88</Cadence><SensorState>Present</SensorState></Trackpoint><Trackpoint><Time>2025-11-04T11:36:46.708Z</Time><Position><LatitudeDegrees>43.286145</LatitudeDegrees><LongitudeDegrees>-2.87555833</LongitudeDegrees></Position><AltitudeMeters>30.176</AltitudeMeters><DistanceMeters>542.2000122070312</DistanceMeters><HeartRateBpm><Value>129</Value></HeartRateBpm><Cadence>88</Cadence><SensorState>Present</SensorState></Trackpoint><Trackpoint><Time>2025-11-04T11:36:47.708Z</Time><Position><LatitudeDegrees>43.28616667</LatitudeDegrees><LongitudeDegrees>-2.87555</LongitudeDegrees></Position><AltitudeMeters>30.176</AltitudeMeters><DistanceMeters>544.7999877929688</DistanceMeters><HeartRateBpm><Value>129</Value></HeartRateBpm><Cadence>88</Cadence><SensorState>Present</SensorState></Trackpoint><Trackpoint><Time>2025-11-04T11:36:48.708Z</Time><Position><LatitudeDegrees>43.28619</LatitudeDegrees><LongitudeDegrees>-2.87554333</LongitudeDegrees></Position><AltitudeMeters>30.176</AltitudeMeters><DistanceMeters>547.7000122070312</DistanceMeters><HeartRateBpm><Value>129</Value></HeartRateBpm><Cadence>88</Cadence><SensorState>Present</SensorState></Trackpoint><Trackpoint><Time>2025-11-04T11:36:49.708Z</Time><Position><LatitudeDegrees>43.286215</LatitudeDegrees><LongitudeDegrees>-2.87553333</LongitudeDegrees></Position><AltitudeMeters>30.176</AltitudeMeters><DistanceMeters>550.5</DistanceMeters><HeartRateBpm><Value>130</Value></HeartRateBpm><Cadence>88</Cadence><SensorState>Present</SensorState></Trackpoint><Trackpoint><Time>2025-11-04T11:36:50.708Z</Time><Position><LatitudeDegrees>43.28623833</LatitudeDegrees><LongitudeDegrees>-2.87552333</LongitudeDegrees></Position><AltitudeMeters>30.176</AltitudeMeters><DistanceMeters>552.9000244140625</DistanceMeters><HeartRateBpm><Value>130</Value></HeartRateBpm><Cadence>88</Cadence><SensorState>Present</SensorState></Trackpoint><Trackpoint><Time>2025-11-04T11:36:51.708Z</Time><Position><LatitudeDegrees>43.28625833</LatitudeDegrees><LongitudeDegrees>-2.875515</LongitudeDegrees></Position><AltitudeMeters>30.328</AltitudeMeters><DistanceMeters>555.4000244140625</DistanceMeters><HeartRateBpm><Value>131</Value></HeartRateBpm><Cadence>88</Cadence><SensorState>Present</SensorState></Trackpoint><Trackpoint><Time>2025-11-04T11:36:52.708Z</Time><Position><LatitudeDegrees>43.28628</LatitudeDegrees><LongitudeDegrees>-2.875505</LongitudeDegrees></Position><AltitudeMeters>30.328</AltitudeMeters><DistanceMeters>558.0999755859375</DistanceMeters><HeartRateBpm><Value>132</Value></HeartRateBpm><Cadence>88</Cadence><SensorState>Present</SensorState></Trackpoint><Trackpoint><Time>2025-11-04T11:36:53.708Z</Time><Position><LatitudeDegrees>43.286305</LatitudeDegrees><LongitudeDegrees>-2.87549333</LongitudeDegrees></Position><AltitudeMeters>30.328</AltitudeMeters><DistanceMeters>561.2999877929688</DistanceMeters><HeartRateBpm><Value>132</Value></HeartRateBpm><Cadence>86</Cadence><SensorState>Present</SensorState></Trackpoint><Trackpoint><Time>2025-11-04T11:36:54.708Z</Time><Position><LatitudeDegrees>43.28633167</LatitudeDegrees><LongitudeDegrees>-2.87548167</LongitudeDegrees></Position><AltitudeMeters>30.328</AltitudeMeters><DistanceMeters>564.0999755859375</DistanceMeters><HeartRateBpm><Value>132</Value></HeartRateBpm><Cadence>86</Cadence><SensorState>Present</SensorState></Trackpoint><Trackpoint><Time>2025-11-04T11:36:55.708Z</Time><Position><LatitudeDegrees>43.28635333</LatitudeDegrees><LongitudeDegrees>-2.87547</LongitudeDegrees></Position><AltitudeMeters>30.328</AltitudeMeters><DistanceMeters>566.5999755859375</DistanceMeters><HeartRateBpm><Value>133</Value></HeartRateBpm><Cadence>86</Cadence><SensorState>Present</SensorState></Trackpoint><Trackpoint><Time>2025-11-04T11:36:56.708Z</Time><Position><LatitudeDegrees>43.28637167</LatitudeDegrees><LongitudeDegrees>-2.87545667</LongitudeDegrees></Position><AltitudeMeters>30.48</AltitudeMeters><DistanceMeters>569.2000122070312</DistanceMeters><HeartRateBpm><Value>133</Value></HeartRateBpm><Cadence>86</Cadence><SensorState>Present</SensorState></Trackpoint><Trackpoint><Time>2025-11-04T11:36:57.708Z</Time><Position><LatitudeDegrees>43.28639167</LatitudeDegrees><LongitudeDegrees>-2.87544333</LongitudeDegrees></Position><AltitudeMeters>30.48</AltitudeMeters><DistanceMeters>571.2999877929688</DistanceMeters><HeartRateBpm><Value>133</Value></HeartRateBpm><Cadence>86</Cadence><SensorState>Present</SensorState></Trackpoint><Trackpoint><Time>2025-11-04T11:36:58.708Z</Time><Position><LatitudeDegrees>43.28640667</LatitudeDegrees><LongitudeDegrees>-2.87543167</LongitudeDegrees></Position><AltitudeMeters>30.48</AltitudeMeters><DistanceMeters>573.2999877929688</DistanceMeters><HeartRateBpm><Value>133</Value></HeartRateBpm><Cadence>86</Cadence><SensorState>Present</SensorState></Trackpoint><Trackpoint><Time>2025-11-04T11:36:59.708Z</Time><Position><LatitudeDegrees>43.28642333</LatitudeDegrees><LongitudeDegrees>-2.87542333</LongitudeDegrees></Position><AltitudeMeters>30.633</AltitudeMeters><DistanceMeters>575.7999877929688</DistanceMeters><HeartRateBpm><Value>133</Value></HeartRateBpm><Cadence>86</Cadence><SensorState>Present</SensorState></Trackpoint><Trackpoint><Time>2025-11-04T11:37:00.708Z</Time><Position><LatitudeDegrees>43.28644333</LatitudeDegrees><LongitudeDegrees>-2.87541167</LongitudeDegrees></Position><AltitudeMeters>30.633</AltitudeMeters><DistanceMeters>578.0</DistanceMeters><HeartRateBpm><Value>133</Value></HeartRateBpm><Cadence>86</Cadence><SensorState>Present</SensorState></Trackpoint><Trackpoint><Time>2025-11-04T11:37:01.708Z</Time><Position><LatitudeDegrees>43.28646167</LatitudeDegrees><LongitudeDegrees>-2.87540167</LongitudeDegrees></Position><AltitudeMeters>30.633</AltitudeMeters><DistanceMeters>580.0</DistanceMeters><HeartRateBpm><Value>133</Value></HeartRateBpm><Cadence>86</Cadence><SensorState>Present</SensorState></Trackpoint><Trackpoint><Time>2025-11-04T11:37:02.708Z</Time><Position><LatitudeDegrees>43.28648167</LatitudeDegrees><LongitudeDegrees>-2.87539</LongitudeDegrees></Position><AltitudeMeters>30.633</AltitudeMeters><DistanceMeters>582.0999755859375</DistanceMeters><HeartRateBpm><Value>133</Value></HeartRateBpm><Cadence>86</Cadence><SensorState>Present</SensorState></Trackpoint><Trackpoint><Time>2025-11-04T11:37:03.708Z</Time><Position><LatitudeDegrees>43.28650333</LatitudeDegrees><LongitudeDegrees>-2.87537667</LongitudeDegrees></Position><AltitudeMeters>30.785</AltitudeMeters><DistanceMeters>584.0</DistanceMeters><HeartRateBpm><Value>133</Value></HeartRateBpm><Cadence>86</Cadence><SensorState>Present</SensorState></Trackpoint><Trackpoint><Time>2025-11-04T11:37:04.708Z</Time><Position><LatitudeDegrees>43.28651833</LatitudeDegrees><LongitudeDegrees>-2.87536333</LongitudeDegrees></Position><AltitudeMeters>30.785</AltitudeMeters><DistanceMeters>586.2999877929688</DistanceMeters><HeartRateBpm><Value>134</Value></HeartRateBpm><Cadence>86</Cadence><SensorState>Present</SensorState></Trackpoint><Trackpoint><Time>2025-11-04T11:37:05.708Z</Time><Position><LatitudeDegrees>43.28653333</LatitudeDegrees><LongitudeDegrees>-2.875345</LongitudeDegrees></Position><AltitudeMeters>30.785</AltitudeMeters><DistanceMeters>588.7000122070312</DistanceMeters><HeartRateBpm><Value>134</Value></HeartRateBpm><Cadence>86</Cadence><SensorState>Present</SensorState></Trackpoint><Trackpoint><Time>2025-11-04T11:37:06.708Z</Time><Position><LatitudeDegrees>43.28655333</LatitudeDegrees><LongitudeDegrees>-2.87532833</LongitudeDegrees></Position><AltitudeMeters>30.938</AltitudeMeters><DistanceMeters>591.2999877929688</DistanceMeters><HeartRateBpm><Value>135</Value></HeartRateBpm><Cadence>86</Cadence><SensorState>Present</SensorState></Trackpoint><Trackpoint><Time>2025-11-04T11:37:07.708Z</Time><Position><LatitudeDegrees>43.28657167</LatitudeDegrees><LongitudeDegrees>-2.87531167</LongitudeDegrees></Position><AltitudeMeters>30.938</AltitudeMeters><DistanceMeters>593.9000244140625</DistanceMeters><HeartRateBpm><Value>135</Value></HeartRateBpm><Cadence>86</Cadence><SensorState>Present</SensorState></Trackpoint><Trackpoint><Time>2025-11-04T11:37:08.708Z</Time><Position><LatitudeDegrees>43.28659</LatitudeDegrees><LongitudeDegrees>-2.87529333</LongitudeDegrees></Position><AltitudeMeters>30.938</AltitudeMeters><DistanceMeters>596.5</DistanceMeters><HeartRateBpm><Value>136</Value></HeartRateBpm><Cadence>87</Cadence><SensorState>Present</SensorState></Trackpoint><Trackpoint><Time>2025-11-04T11:37:09.708Z</Time><Position><LatitudeDegrees>43.28661</LatitudeDegrees><LongitudeDegrees>-2.875275</LongitudeDegrees></Position><AltitudeMeters>31.09</AltitudeMeters><DistanceMeters>599.2000122070312</DistanceMeters><HeartRateBpm><Value>136</Value></HeartRateBpm><Cadence>88</Cadence><SensorState>Present</SensorState></Trackpoint><Trackpoint><Time>2025-11-04T11:37:10.708Z</Time><Position><LatitudeDegrees>43.28662833</LatitudeDegrees><LongitudeDegrees>-2.875255</LongitudeDegrees></Position><AltitudeMeters>31.09</AltitudeMeters><DistanceMeters>601.9000244140625</DistanceMeters><HeartRateBpm><Value>136</Value></HeartRateBpm><Cadence>88</Cadence><SensorState>Present</SensorState></Trackpoint><Trackpoint><Time>2025-11-04T11:37:11.708Z</Time><Position><LatitudeDegrees>43.28664667</LatitudeDegrees><LongitudeDegrees>-2.87523333</LongitudeDegrees></Position><AltitudeMeters>31.242</AltitudeMeters><DistanceMeters>604.5999755859375</DistanceMeters><HeartRateBpm><Value>136</Value></HeartRateBpm><Cadence>87</Cadence><SensorState>Present</SensorState></Trackpoint><Trackpoint><Time>2025-11-04T11:37:12.708Z</Time><Position><LatitudeDegrees>43.286665</LatitudeDegrees><LongitudeDegrees>-2.87521</LongitudeDegrees></Position><AltitudeMeters>31.242</AltitudeMeters><DistanceMeters>607.7999877929688</DistanceMeters><HeartRateBpm><Value>137</Value></HeartRateBpm><Cadence>86</Cadence><SensorState>Present</SensorState></Trackpoint><Trackpoint><Time>2025-11-04T11:37:13.708Z</Time><Position><LatitudeDegrees>43.286685</LatitudeDegrees><LongitudeDegrees>-2.875185</LongitudeDegrees></Position><AltitudeMeters>31.395</AltitudeMeters><DistanceMeters>610.9000244140625</DistanceMeters><HeartRateBpm><Value>137</Value></HeartRateBpm><Cadence>85</Cadence><SensorState>Present</SensorState></Trackpoint><Trackpoint><Time>2025-11-04T11:37:14.708Z</Time><Position><LatitudeDegrees>43.286705</LatitudeDegrees><LongitudeDegrees>-2.87516167</LongitudeDegrees></Position><AltitudeMeters>31.395</AltitudeMeters><DistanceMeters>613.5999755859375</DistanceMeters><HeartRateBpm><Value>137</Value></HeartRateBpm><Cadence>84</Cadence><SensorState>Present</SensorState></Trackpoint><Trackpoint><Time>2025-11-04T11:37:15.708Z</Time><Position><LatitudeDegrees>43.28672333</LatitudeDegrees><LongitudeDegrees>-2.87514167</LongitudeDegrees></Position><AltitudeMeters>31.547</AltitudeMeters><DistanceMeters>616.2999877929688</DistanceMeters><HeartRateBpm><Value>137</Value></HeartRateBpm><Cadence>84</Cadence><SensorState>Present</SensorState></Trackpoint><Trackpoint><Time>2025-11-04T11:37:16.708Z</Time><Position><LatitudeDegrees>43.28673833</LatitudeDegrees><LongitudeDegrees>-2.87512167</LongitudeDegrees></Position><AltitudeMeters>31.547</AltitudeMeters><DistanceMeters>619.0</DistanceMeters><HeartRateBpm><Value>137</Value></HeartRateBpm><Cadence>84</Cadence><SensorState>Present</SensorState></Trackpoint><Trackpoint><Time>2025-11-04T11:37:17.708Z</Time><Position><LatitudeDegrees>43.286755</LatitudeDegrees><LongitudeDegrees>-2.8751</LongitudeDegrees></Position><AltitudeMeters>31.7</AltitudeMeters><DistanceMeters>621.5999755859375</DistanceMeters><HeartRateBpm><Value>137</Value></HeartRateBpm><Cadence>84</Cadence><SensorState>Present</SensorState></Trackpoint><Trackpoint><Time>2025-11-04T11:37:18.708Z</Time><Position><LatitudeDegrees>43.28677</LatitudeDegrees><LongitudeDegrees>-2.87507667</LongitudeDegrees></Position><AltitudeMeters>31.7</AltitudeMeters><DistanceMeters>624.4000244140625</DistanceMeters><HeartRateBpm><Value>137</Value></HeartRateBpm><Cadence>84</Cadence><SensorState>Present</SensorState></Trackpoint><Trackpoint><Time>2025-11-04T11:37:19.708Z</Time><Position><LatitudeDegrees>43.28679</LatitudeDegrees><LongitudeDegrees>-2.875055</LongitudeDegrees></Position><AltitudeMeters>31.852</AltitudeMeters><DistanceMeters>627.0999755859375</DistanceMeters><HeartRateBpm><Value>137</Value></HeartRateBpm><Cadence>84</Cadence><SensorState>Present</SensorState></Trackpoint><Trackpoint><Time>2025-11-04T11:37:20.708Z</Time><Position><LatitudeDegrees>43.28680833</LatitudeDegrees><LongitudeDegrees>-2.87503</LongitudeDegrees></Position><AltitudeMeters>31.852</AltitudeMeters><DistanceMeters>629.9000244140625</DistanceMeters><HeartRateBpm><Value>137</Value></HeartRateBpm><Cadence>85</Cadence><SensorState>Present</SensorState></Trackpoint><Trackpoint><Time>2025-11-04T11:37:21.708Z</Time><Position><LatitudeDegrees>43.28683</LatitudeDegrees><LongitudeDegrees>-2.87501</LongitudeDegrees></Position><AltitudeMeters>32.004</AltitudeMeters><DistanceMeters>632.2000122070312</DistanceMeters><HeartRateBpm><Value>137</Value></HeartRateBpm><Cadence>85</Cadence><SensorState>Present</SensorState></Trackpoint><Trackpoint><Time>2025-11-04T11:37:22.708Z</Time><Position><LatitudeDegrees>43.28684333</LatitudeDegrees><LongitudeDegrees>-2.87499</LongitudeDegrees></Position><AltitudeMeters>32.157</AltitudeMeters><DistanceMeters>634.2999877929688</DistanceMeters><HeartRateBpm><Value>136</Value></HeartRateBpm><Cadence>85</Cadence><SensorState>Present</SensorState></Trackpoint><Trackpoint><Time>2025-11-04T11:37:23.708Z</Time><Position><LatitudeDegrees>43.28685833</LatitudeDegrees><LongitudeDegrees>-2.87497333</LongitudeDegrees></Position><AltitudeMeters>32.309</AltitudeMeters><DistanceMeters>636.5</DistanceMeters><HeartRateBpm><Value>136</Value></HeartRateBpm><Cadence>85</Cadence><SensorState>Present</SensorState></Trackpoint><Trackpoint><Time>2025-11-04T11:37:24.708Z</Time><Position><LatitudeDegrees>43.28687333</LatitudeDegrees><LongitudeDegrees>-2.87496167</LongitudeDegrees></Position><AltitudeMeters>32.309</AltitudeMeters><DistanceMeters>639.7000122070312</DistanceMeters><HeartRateBpm><Value>136</Value></HeartRateBpm><Cadence>85</Cadence><SensorState>Present</SensorState></Trackpoint><Trackpoint><Time>2025-11-04T11:37:25.708Z</Time><Position><LatitudeDegrees>43.28689667</LatitudeDegrees><LongitudeDegrees>-2.874935</LongitudeDegrees></Position><AltitudeMeters>32.462</AltitudeMeters><DistanceMeters>643.2999877929688</DistanceMeters><HeartRateBpm><Value>136</Value></HeartRateBpm><Cadence>85</Cadence><SensorState>Present</SensorState></Trackpoint><Trackpoint><Time>2025-11-04T11:37:26.708Z</Time><Position><LatitudeDegrees>43.28693</LatitudeDegrees><LongitudeDegrees>-2.87490667</LongitudeDegrees></Position><AltitudeMeters>32.614</AltitudeMeters><DistanceMeters>647.2000122070312</DistanceMeters><HeartRateBpm><Value>136</Value></HeartRateBpm><Cadence>84</Cadence><SensorState>Present</SensorState></Trackpoint><Trackpoint><Time>2025-11-04T11:37:27.708Z</Time><Position><LatitudeDegrees>43.28695833</LatitudeDegrees><LongitudeDegrees>-2.874875</LongitudeDegrees></Position><AltitudeMeters>32.766</AltitudeMeters><DistanceMeters>650.0999755859375</DistanceMeters><HeartRateBpm><Value>135</Value></HeartRateBpm><Cadence>84</Cadence><SensorState>Present</SensorState></Trackpoint><Trackpoint><Time>2025-11-04T11:37:28.708Z</Time><Position><LatitudeDegrees>43.286975</LatitudeDegrees><LongitudeDegrees>-2.87485333</LongitudeDegrees></Position><AltitudeMeters>32.919</AltitudeMeters><DistanceMeters>652.9000244140625</DistanceMeters><HeartRateBpm><Value>135</Value></HeartRateBpm><Cadence>84</Cadence><SensorState>Present</SensorState></Trackpoint><Trackpoint><Time>2025-11-04T11:37:29.708Z</Time><Position><LatitudeDegrees>43.28699333</LatitudeDegrees><LongitudeDegrees>-2.87483833</LongitudeDegrees></Position><AltitudeMeters>33.071</AltitudeMeters><DistanceMeters>656.2000122070312</DistanceMeters><HeartRateBpm><Value>135</Value></HeartRateBpm><Cadence>85</Cadence><SensorState>Present</SensorState></Trackpoint><Trackpoint><Time>2025-11-04T11:37:30.708Z</Time><Position><LatitudeDegrees>43.28701833</LatitudeDegrees><LongitudeDegrees>-2.87481667</LongitudeDegrees></Position><AltitudeMeters>33.224</AltitudeMeters><DistanceMeters>660.2999877929688</DistanceMeters><HeartRateBpm><Value>135</Value></HeartRateBpm><Cadence>85</Cadence><SensorState>Present</SensorState></Trackpoint><Trackpoint><Time>2025-11-04T11:37:31.708Z</Time><Position><LatitudeDegrees>43.28704667</LatitudeDegrees><LongitudeDegrees>-2.87479333</LongitudeDegrees></Position><AltitudeMeters>33.376</AltitudeMeters><DistanceMeters>664.2999877929688</DistanceMeters><HeartRateBpm><Value>134</Value></HeartRateBpm><Cadence>85</Cadence><SensorState>Present</SensorState></Trackpoint><Trackpoint><Time>2025-11-04T11:37:32.708Z</Time><Position><LatitudeDegrees>43.287075</LatitudeDegrees><LongitudeDegrees>-2.87477333</LongitudeDegrees></Position><AltitudeMeters>33.528</AltitudeMeters><DistanceMeters>668.0999755859375</DistanceMeters><HeartRateBpm><Value>134</Value></HeartRateBpm><Cadence>85</Cadence><SensorState>Present</SensorState></Trackpoint><Trackpoint><Time>2025-11-04T11:37:33.708Z</Time><Position><LatitudeDegrees>43.28709833</LatitudeDegrees><LongitudeDegrees>-2.874755</LongitudeDegrees></Position><AltitudeMeters>33.528</AltitudeMeters><DistanceMeters>671.0999755859375</DistanceMeters><HeartRateBpm><Value>134</Value></HeartRateBpm><Cadence>85</Cadence><SensorState>Present</SensorState></Trackpoint><Trackpoint><Time>2025-11-04T11:37:34.708Z</Time><Position><LatitudeDegrees>43.28712167</LatitudeDegrees><LongitudeDegrees>-2.87473667</LongitudeDegrees></Position><AltitudeMeters>33.681</AltitudeMeters><DistanceMeters>673.5</DistanceMeters><HeartRateBpm><Value>134</Value></HeartRateBpm><Cadence>85</Cadence><SensorState>Present</SensorState></Trackpoint><Trackpoint><Time>2025-11-04T11:37:35.708Z</Time><Position><LatitudeDegrees>43.287145</LatitudeDegrees><LongitudeDegrees>-2.87472</LongitudeDegrees></Position><AltitudeMeters>33.833</AltitudeMeters><DistanceMeters>675.7000122070312</DistanceMeters><HeartRateBpm><Value>133</Value></HeartRateBpm><Cadence>85</Cadence><SensorState>Present</SensorState></Trackpoint><Trackpoint><Time>2025-11-04T11:37:36.708Z</Time><Position><LatitudeDegrees>43.28716667</LatitudeDegrees><LongitudeDegrees>-2.874715</LongitudeDegrees></Position><AltitudeMeters>33.986</AltitudeMeters><DistanceMeters>678.0999755859375</DistanceMeters><HeartRateBpm><Value>133</Value></HeartRateBpm><Cadence>85</Cadence><SensorState>Present</SensorState></Trackpoint><Trackpoint><Time>2025-11-04T11:37:37.708Z</Time><Position><LatitudeDegrees>43.287185</LatitudeDegrees><LongitudeDegrees>-2.87472167</LongitudeDegrees></Position><AltitudeMeters>34.138</AltitudeMeters><DistanceMeters>680.5</DistanceMeters><HeartRateBpm><Value>133</Value></HeartRateBpm><Cadence>88</Cadence><SensorState>Present</SensorState></Trackpoint><Trackpoint><Time>2025-11-04T11:37:38.708Z</Time><Position><LatitudeDegrees>43.28720333</LatitudeDegrees><LongitudeDegrees>-2.874735</LongitudeDegrees></Position><AltitudeMeters>34.29</AltitudeMeters><DistanceMeters>682.4000244140625</DistanceMeters><HeartRateBpm><Value>132</Value></HeartRateBpm><Cadence>87</Cadence><SensorState>Present</SensorState></Trackpoint><Trackpoint><Time>2025-11-04T11:37:39.708Z</Time><Position><LatitudeDegrees>43.28721833</LatitudeDegrees><LongitudeDegrees>-2.87475333</LongitudeDegrees></Position><AltitudeMeters>34.443</AltitudeMeters><DistanceMeters>684.0</DistanceMeters><HeartRateBpm><Value>132</Value></HeartRateBpm><Cadence>86</Cadence><SensorState>Present</SensorState></Trackpoint><Trackpoint><Time>2025-11-04T11:37:40.708Z</Time><Position><LatitudeDegrees>43.287235</LatitudeDegrees><LongitudeDegrees>-2.874765</LongitudeDegrees></Position><AltitudeMeters>34.443</AltitudeMeters><DistanceMeters>685.5999755859375</DistanceMeters><HeartRateBpm><Value>132</Value></HeartRateBpm><Cadence>86</Cadence><SensorState>Present</SensorState></Trackpoint><Trackpoint><Time>2025-11-04T11:37:41.708Z</Time><Position><LatitudeDegrees>43.28726</LatitudeDegrees><LongitudeDegrees>-2.87476833</LongitudeDegrees></Position><AltitudeMeters>34.595</AltitudeMeters><DistanceMeters>687.7000122070312</DistanceMeters><HeartRateBpm><Value>132</Value></HeartRateBpm><Cadence>86</Cadence><SensorState>Present</SensorState></Trackpoint><Trackpoint><Time>2025-11-04T11:37:42.708Z</Time><Position><LatitudeDegrees>43.28728667</LatitudeDegrees><LongitudeDegrees>-2.874775</LongitudeDegrees></Position><AltitudeMeters>34.748</AltitudeMeters><DistanceMeters>689.9000244140625</DistanceMeters><HeartRateBpm><Value>132</Value></HeartRateBpm><Cadence>87</Cadence><SensorState>Present</SensorState></Trackpoint><Trackpoint><Time>2025-11-04T11:37:43.708Z</Time><Position><LatitudeDegrees>43.28731</LatitudeDegrees><LongitudeDegrees>-2.874785</LongitudeDegrees></Position><AltitudeMeters>34.9</AltitudeMeters><DistanceMeters>692.7000122070312</DistanceMeters><HeartRateBpm><Value>132</Value></HeartRateBpm><Cadence>88</Cadence><SensorState>Present</SensorState></Trackpoint><Trackpoint><Time>2025-11-04T11:37:44.708Z</Time><Position><LatitudeDegrees>43.28733167</LatitudeDegrees><LongitudeDegrees>-2.87479667</LongitudeDegrees></Position><AltitudeMeters>34.9</AltitudeMeters><DistanceMeters>695.5</DistanceMeters><HeartRateBpm><Value>132</Value></HeartRateBpm><Cadence>90</Cadence><SensorState>Present</SensorState></Trackpoint><Trackpoint><Time>2025-11-04T11:37:45.708Z</Time><Position><LatitudeDegrees>43.287355</LatitudeDegrees><LongitudeDegrees>-2.87480833</LongitudeDegrees></Position><AltitudeMeters>35.052</AltitudeMeters><DistanceMeters>698.7000122070312</DistanceMeters><HeartRateBpm><Value>132</Value></HeartRateBpm><Cadence>89</Cadence><SensorState>Present</SensorState></Trackpoint><Trackpoint><Time>2025-11-04T11:37:46.708Z</Time><Position><LatitudeDegrees>43.28737833</LatitudeDegrees><LongitudeDegrees>-2.87482667</LongitudeDegrees></Position><AltitudeMeters>35.052</AltitudeMeters><DistanceMeters>701.7000122070312</DistanceMeters><HeartRateBpm><Value>132</Value></HeartRateBpm><Cadence>89</Cadence><SensorState>Present</SensorState></Trackpoint><Trackpoint><Time>2025-11-04T11:37:47.708Z</Time><Position><LatitudeDegrees>43.28740333</LatitudeDegrees><LongitudeDegrees>-2.87483833</LongitudeDegrees></Position><AltitudeMeters>35.205</AltitudeMeters><DistanceMeters>705.2000122070312</DistanceMeters><HeartRateBpm><Value>132</Value></HeartRateBpm><Cadence>89</Cadence><SensorState>Present</SensorState></Trackpoint><Trackpoint><Time>2025-11-04T11:37:48.708Z</Time><Position><LatitudeDegrees>43.28743</LatitudeDegrees><LongitudeDegrees>-2.87485167</LongitudeDegrees></Position><AltitudeMeters>35.357</AltitudeMeters><DistanceMeters>708.5</DistanceMeters><HeartRateBpm><Value>132</Value></HeartRateBpm><Cadence>89</Cadence><SensorState>Present</SensorState></Trackpoint><Trackpoint><Time>2025-11-04T11:37:49.708Z</Time><Position><LatitudeDegrees>43.287455</LatitudeDegrees><LongitudeDegrees>-2.874865</LongitudeDegrees></Position><AltitudeMeters>35.357</AltitudeMeters><DistanceMeters>711.5999755859375</DistanceMeters><HeartRateBpm><Value>132</Value></HeartRateBpm><Cadence>87</Cadence><SensorState>Present</SensorState></Trackpoint><Trackpoint><Time>2025-11-04T11:37:50.708Z</Time><Position><LatitudeDegrees>43.28747833</LatitudeDegrees><LongitudeDegrees>-2.874885</LongitudeDegrees></Position><AltitudeMeters>35.51</AltitudeMeters><DistanceMeters>714.4000244140625</DistanceMeters><HeartRateBpm><Value>132</Value></HeartRateBpm><Cadence>88</Cadence><SensorState>Present</SensorState></Trackpoint><Trackpoint><Time>2025-11-04T11:37:51.708Z</Time><Position><LatitudeDegrees>43.287495</LatitudeDegrees><LongitudeDegrees>-2.87491667</LongitudeDegrees></Position><AltitudeMeters>35.51</AltitudeMeters><DistanceMeters>717.0</DistanceMeters><HeartRateBpm><Value>131</Value></HeartRateBpm><Cadence>88</Cadence><SensorState>Present</SensorState></Trackpoint><Trackpoint><Time>2025-11-04T11:37:52.708Z</Time><Position><LatitudeDegrees>43.28748833</LatitudeDegrees><LongitudeDegrees>-2.87496</LongitudeDegrees></Position><AltitudeMeters>35.662</AltitudeMeters><DistanceMeters>721.2999877929688</DistanceMeters><HeartRateBpm><Value>131</Value></HeartRateBpm><Cadence>88</Cadence><SensorState>Present</SensorState></Trackpoint><Trackpoint><Time>2025-11-04T11:37:53.708Z</Time><Position><LatitudeDegrees>43.28751</LatitudeDegrees><LongitudeDegrees>-2.87501</LongitudeDegrees></Position><AltitudeMeters>35.814</AltitudeMeters><DistanceMeters>724.7999877929688</DistanceMeters><HeartRateBpm><Value>131</Value></HeartRateBpm><Cadence>88</Cadence><SensorState>Present</SensorState></Trackpoint><Trackpoint><Time>2025-11-04T11:37:54.708Z</Time><Position><LatitudeDegrees>43.28752333</LatitudeDegrees><LongitudeDegrees>-2.87504333</LongitudeDegrees></Position><AltitudeMeters>35.814</AltitudeMeters><DistanceMeters>727.9000244140625</DistanceMeters><HeartRateBpm><Value>131</Value></HeartRateBpm><Cadence>88</Cadence><SensorState>Present</SensorState></Trackpoint><Trackpoint><Time>2025-11-04T11:37:55.708Z</Time><Position><LatitudeDegrees>43.287545</LatitudeDegrees><LongitudeDegrees>-2.87507</LongitudeDegrees></Position><AltitudeMeters>35.967</AltitudeMeters><DistanceMeters>730.7999877929688</DistanceMeters><HeartRateBpm><Value>130</Value></HeartRateBpm><Cadence>88</Cadence><SensorState>Present</SensorState></Trackpoint><Trackpoint><Time>2025-11-04T11:37:56.708Z</Time><Position><LatitudeDegrees>43.28756667</LatitudeDegrees><LongitudeDegrees>-2.8751</LongitudeDegrees></Position><AltitudeMeters>36.119</AltitudeMeters><DistanceMeters>734.5</DistanceMeters><HeartRateBpm><Value>130</Value></HeartRateBpm><Cadence>87</Cadence><SensorState>Present</SensorState></Trackpoint><Trackpoint><Time>2025-11-04T11:37:57.708Z</Time><Position><LatitudeDegrees>43.28759667</LatitudeDegrees><LongitudeDegrees>-2.87511833</LongitudeDegrees></Position><AltitudeMeters>36.272</AltitudeMeters><DistanceMeters>738.4000244140625</DistanceMeters><HeartRateBpm><Value>130</Value></HeartRateBpm><Cadence>86</Cadence><SensorState>Present</SensorState></Trackpoint><Trackpoint><Time>2025-11-04T11:37:58.708Z</Time><Position><LatitudeDegrees>43.28762333</LatitudeDegrees><LongitudeDegrees>-2.87513833</LongitudeDegrees></Position><AltitudeMeters>36.424</AltitudeMeters><DistanceMeters>741.5999755859375</DistanceMeters><HeartRateBpm><Value>130</Value></HeartRateBpm><Cadence>86</Cadence><SensorState>Present</SensorState></Trackpoint><Trackpoint><Time>2025-11-04T11:37:59.708Z</Time><Position><LatitudeDegrees>43.287645</LatitudeDegrees><LongitudeDegrees>-2.87515667</LongitudeDegrees></Position><AltitudeMeters>36.424</AltitudeMeters><DistanceMeters>744.5</DistanceMeters><HeartRateBpm><Value>129</Value></HeartRateBpm><Cadence>86</Cadence><SensorState>Present</SensorState></Trackpoint><Trackpoint><Time>2025-11-04T11:38:00.708Z</Time><Position><LatitudeDegrees>43.28766833</LatitudeDegrees><LongitudeDegrees>-2.87516667</LongitudeDegrees></Position><AltitudeMeters>36.576</AltitudeMeters><DistanceMeters>747.5999755859375</DistanceMeters><HeartRateBpm><Value>129</Value></HeartRateBpm><Cadence>87</Cadence><SensorState>Present</SensorState></Trackpoint><Trackpoint><Time>2025-11-04T11:38:01.708Z</Time><Position><LatitudeDegrees>43.287695</LatitudeDegrees><LongitudeDegrees>-2.875175</LongitudeDegrees></Position><AltitudeMeters>36.729</AltitudeMeters><DistanceMeters>749.9000244140625</DistanceMeters><HeartRateBpm><Value>129</Value></HeartRateBpm><Cadence>86</Cadence><SensorState>Present</SensorState></Trackpoint><Trackpoint><Time>2025-11-04T11:38:02.708Z</Time><Position><LatitudeDegrees>43.28772167</LatitudeDegrees><LongitudeDegrees>-2.875185</LongitudeDegrees></Position><AltitudeMeters>36.881</AltitudeMeters><DistanceMeters>752.5</DistanceMeters><HeartRateBpm><Value>129</Value></HeartRateBpm><Cadence>88</Cadence><SensorState>Present</SensorState></Trackpoint><Trackpoint><Time>2025-11-04T11:38:03.708Z</Time><Position><LatitudeDegrees>43.28773667</LatitudeDegrees><LongitudeDegrees>-2.87520167</LongitudeDegrees></Position><AltitudeMeters>36.881</AltitudeMeters><DistanceMeters>754.7999877929688</DistanceMeters><HeartRateBpm><Value>129</Value></HeartRateBpm><Cadence>88</Cadence><SensorState>Present</SensorState></Trackpoint><Trackpoint><Time>2025-11-04T11:38:04.708Z</Time><Position><LatitudeDegrees>43.28775</LatitudeDegrees><LongitudeDegrees>-2.87523</LongitudeDegrees></Position><AltitudeMeters>37.034</AltitudeMeters><DistanceMeters>756.7000122070312</DistanceMeters><HeartRateBpm><Value>129</Value></HeartRateBpm><Cadence>88</Cadence><SensorState>Present</SensorState></Trackpoint><Trackpoint><Time>2025-11-04T11:38:05.708Z</Time><Position><LatitudeDegrees>43.28775667</LatitudeDegrees><LongitudeDegrees>-2.875255</LongitudeDegrees></Position><AltitudeMeters>37.034</AltitudeMeters><DistanceMeters>758.4000244140625</DistanceMeters><HeartRateBpm><Value>129</Value></HeartRateBpm><Cadence>88</Cadence><SensorState>Present</SensorState></Trackpoint><Trackpoint><Time>2025-11-04T11:38:06.708Z</Time><Position><LatitudeDegrees>43.28776</LatitudeDegrees><LongitudeDegrees>-2.87528167</LongitudeDegrees></Position><AltitudeMeters>37.186</AltitudeMeters><DistanceMeters>760.2000122070312</DistanceMeters><HeartRateBpm><Value>129</Value></HeartRateBpm><Cadence>88</Cadence><SensorState>Present</SensorState></Trackpoint><Trackpoint><Time>2025-11-04T11:38:07.708Z</Time><Position><LatitudeDegrees>43.28776667</LatitudeDegrees><LongitudeDegrees>-2.87530667</LongitudeDegrees></Position><AltitudeMeters>37.186</AltitudeMeters><DistanceMeters>762.2000122070312</DistanceMeters><HeartRateBpm><Value>129</Value></HeartRateBpm><Cadence>88</Cadence><SensorState>Present</SensorState></Trackpoint><Trackpoint><Time>2025-11-04T11:38:08.708Z</Time><Position><LatitudeDegrees>43.28777667</LatitudeDegrees><LongitudeDegrees>-2.87533833</LongitudeDegrees></Position><AltitudeMeters>37.338</AltitudeMeters><DistanceMeters>764.5</DistanceMeters><HeartRateBpm><Value>129</Value></HeartRateBpm><Cadence>88</Cadence><SensorState>Present</SensorState></Trackpoint><Trackpoint><Time>2025-11-04T11:38:09.708Z</Time><Position><LatitudeDegrees>43.28779833</LatitudeDegrees><LongitudeDegrees>-2.87536333</LongitudeDegrees></Position><AltitudeMeters>37.338</AltitudeMeters><DistanceMeters>766.5999755859375</DistanceMeters><HeartRateBpm><Value>129</Value></HeartRateBpm><Cadence>88</Cadence><SensorState>Present</SensorState></Trackpoint><Trackpoint><Time>2025-11-04T11:38:10.708Z</Time><Position><LatitudeDegrees>43.28781833</LatitudeDegrees><LongitudeDegrees>-2.87537833</LongitudeDegrees></Position><AltitudeMeters>37.338</AltitudeMeters><DistanceMeters>769.2000122070312</DistanceMeters><HeartRateBpm><Value>129</Value></HeartRateBpm><Cadence>88</Cadence><SensorState>Present</SensorState></Trackpoint><Trackpoint><Time>2025-11-04T11:38:11.708Z</Time><Position><LatitudeDegrees>43.287835</LatitudeDegrees><LongitudeDegrees>-2.87539833</LongitudeDegrees></Position><AltitudeMeters>37.491</AltitudeMeters><DistanceMeters>772.2000122070312</DistanceMeters><HeartRateBpm><Value>128</Value></HeartRateBpm><Cadence>88</Cadence><SensorState>Present</SensorState></Trackpoint><Trackpoint><Time>2025-11-04T11:38:12.708Z</Time><Position><LatitudeDegrees>43.28785</LatitudeDegrees><LongitudeDegrees>-2.87542333</LongitudeDegrees></Position><AltitudeMeters>37.491</AltitudeMeters><DistanceMeters>774.7000122070312</DistanceMeters><HeartRateBpm><Value>128</Value></HeartRateBpm><Cadence>88</Cadence><SensorState>Present</SensorState></Trackpoint><Trackpoint><Time>2025-11-04T11:38:13.708Z</Time><Position><LatitudeDegrees>43.28786833</LatitudeDegrees><LongitudeDegrees>-2.87545</LongitudeDegrees></Position><AltitudeMeters>37.643</AltitudeMeters><DistanceMeters>777.5999755859375</DistanceMeters><HeartRateBpm><Value>128</Value></HeartRateBpm><Cadence>88</Cadence><SensorState>Present</SensorState></Trackpoint><Trackpoint><Time>2025-11-04T11:38:14.708Z</Time><Position><LatitudeDegrees>43.287885</LatitudeDegrees><LongitudeDegrees>-2.87547833</LongitudeDegrees></Position><AltitudeMeters>37.643</AltitudeMeters><DistanceMeters>780.9000244140625</DistanceMeters><HeartRateBpm><Value>128</Value></HeartRateBpm><Cadence>88</Cadence><SensorState>Present</SensorState></Trackpoint><Trackpoint><Time>2025-11-04T11:38:15.708Z</Time><Position><LatitudeDegrees>43.28790167</LatitudeDegrees><LongitudeDegrees>-2.875505</LongitudeDegrees></Position><AltitudeMeters>37.796</AltitudeMeters><DistanceMeters>784.0999755859375</DistanceMeters><HeartRateBpm><Value>128</Value></HeartRateBpm><Cadence>86</Cadence><SensorState>Present</SensorState></Trackpoint><Trackpoint><Time>2025-11-04T11:38:16.708Z</Time><Position><LatitudeDegrees>43.28791667</LatitudeDegrees><LongitudeDegrees>-2.875535</LongitudeDegrees></Position><AltitudeMeters>37.796</AltitudeMeters><DistanceMeters>786.9000244140625</DistanceMeters><HeartRateBpm><Value>128</Value></HeartRateBpm><Cadence>86</Cadence><SensorState>Present</SensorState></Trackpoint><Trackpoint><Time>2025-11-04T11:38:17.708Z</Time><Position><LatitudeDegrees>43.28792667</LatitudeDegrees><LongitudeDegrees>-2.875565</LongitudeDegrees></Position><AltitudeMeters>37.948</AltitudeMeters><DistanceMeters>789.2999877929688</DistanceMeters><HeartRateBpm><Value>128</Value></HeartRateBpm><Cadence>86</Cadence><SensorState>Present</SensorState></Trackpoint><Trackpoint><Time>2025-11-04T11:38:18.708Z</Time><Position><LatitudeDegrees>43.28793333</LatitudeDegrees><LongitudeDegrees>-2.87559333</LongitudeDegrees></Position><AltitudeMeters>37.948</AltitudeMeters><DistanceMeters>792.0</DistanceMeters><HeartRateBpm><Value>128</Value></HeartRateBpm><Cadence>86</Cadence><SensorState>Present</SensorState></Trackpoint><Trackpoint><Time>2025-11-04T11:38:19.708Z</Time><Position><LatitudeDegrees>43.287945</LatitudeDegrees><LongitudeDegrees>-2.87562</LongitudeDegrees></Position><AltitudeMeters>38.1</AltitudeMeters><DistanceMeters>794.7999877929688</DistanceMeters><HeartRateBpm><Value>128</Value></HeartRateBpm><Cadence>86</Cadence><SensorState>Present</SensorState></Trackpoint><Trackpoint><Time>2025-11-04T11:38:20.708Z</Time><Position><LatitudeDegrees>43.28795667</LatitudeDegrees><LongitudeDegrees>-2.87564667</LongitudeDegrees></Position><AltitudeMeters>38.1</AltitudeMeters><DistanceMeters>797.5999755859375</DistanceMeters><HeartRateBpm><Value>129</Value></HeartRateBpm><Cadence>86</Cadence><SensorState>Present</SensorState></Trackpoint><Trackpoint><Time>2025-11-04T11:38:21.708Z</Time><Position><LatitudeDegrees>43.28797833</LatitudeDegrees><LongitudeDegrees>-2.87567167</LongitudeDegrees></Position><AltitudeMeters>38.253</AltitudeMeters><DistanceMeters>800.4000244140625</DistanceMeters><HeartRateBpm><Value>129</Value></HeartRateBpm><Cadence>86</Cadence><SensorState>Present</SensorState></Trackpoint><Trackpoint><Time>2025-11-04T11:38:22.708Z</Time><Position><LatitudeDegrees>43.28799667</LatitudeDegrees><LongitudeDegrees>-2.8757</LongitudeDegrees></Position><AltitudeMeters>38.253</AltitudeMeters><DistanceMeters>803.2000122070312</DistanceMeters><HeartRateBpm><Value>129</Value></HeartRateBpm><Cadence>86</Cadence><SensorState>Present</SensorState></Trackpoint><Trackpoint><Time>2025-11-04T11:38:23.708Z</Time><Position><LatitudeDegrees>43.28801</LatitudeDegrees><LongitudeDegrees>-2.87573</LongitudeDegrees></Position><AltitudeMeters>38.405</AltitudeMeters><DistanceMeters>806.2999877929688</DistanceMeters><HeartRateBpm><Value>129</Value></HeartRateBpm><Cadence>87</Cadence><SensorState>Present</SensorState></Trackpoint><Trackpoint><Time>2025-11-04T11:38:24.708Z</Time><Position><LatitudeDegrees>43.288025</LatitudeDegrees><LongitudeDegrees>-2.87576667</LongitudeDegrees></Position><AltitudeMeters>38.405</AltitudeMeters><DistanceMeters>809.5</DistanceMeters><HeartRateBpm><Value>129</Value></HeartRateBpm><Cadence>88</Cadence><SensorState>Present</SensorState></Trackpoint><Trackpoint><Time>2025-11-04T11:38:25.708Z</Time><Position><LatitudeDegrees>43.28804667</LatitudeDegrees><LongitudeDegrees>-2.875795</LongitudeDegrees></Position><AltitudeMeters>38.405</AltitudeMeters><DistanceMeters>812.4000244140625</DistanceMeters><HeartRateBpm><Value>130</Value></HeartRateBpm><Cadence>88</Cadence><SensorState>Present</SensorState></Trackpoint><Trackpoint><Time>2025-11-04T11:38:26.708Z</Time><Position><LatitudeDegrees>43.28807333</LatitudeDegrees><LongitudeDegrees>-2.87581</LongitudeDegrees></Position><AltitudeMeters>38.558</AltitudeMeters><DistanceMeters>815.5</DistanceMeters><HeartRateBpm><Value>130</Value></HeartRateBpm><Cadence>87</Cadence><SensorState>Present</SensorState></Trackpoint><Trackpoint><Time>2025-11-04T11:38:27.708Z</Time><Position><LatitudeDegrees>43.2881</LatitudeDegrees><LongitudeDegrees>-2.87581</LongitudeDegrees></Position><AltitudeMeters>38.558</AltitudeMeters><DistanceMeters>818.2999877929688</DistanceMeters><HeartRateBpm><Value>130</Value></HeartRateBpm><Cadence>86</Cadence><SensorState>Present</SensorState></Trackpoint><Trackpoint><Time>2025-11-04T11:38:28.708Z</Time><Position><LatitudeDegrees>43.28812167</LatitudeDegrees><LongitudeDegrees>-2.87580167</LongitudeDegrees></Position><AltitudeMeters>38.558</AltitudeMeters><DistanceMeters>821.7000122070312</DistanceMeters><HeartRateBpm><Value>130</Value></HeartRateBpm><Cadence>86</Cadence><SensorState>Present</SensorState></Trackpoint><Trackpoint><Time>2025-11-04T11:38:29.708Z</Time><Position><LatitudeDegrees>43.28815167</LatitudeDegrees><LongitudeDegrees>-2.87578333</LongitudeDegrees></Position><AltitudeMeters>38.558</AltitudeMeters><DistanceMeters>824.7999877929688</DistanceMeters><HeartRateBpm><Value>130</Value></HeartRateBpm><Cadence>86</Cadence><SensorState>Present</SensorState></Trackpoint><Trackpoint><Time>2025-11-04T11:38:30.708Z</Time><Position><LatitudeDegrees>43.28818167</LatitudeDegrees><LongitudeDegrees>-2.87576333</LongitudeDegrees></Position><AltitudeMeters>38.558</AltitudeMeters><DistanceMeters>827.7000122070312</DistanceMeters><HeartRateBpm><Value>129</Value></HeartRateBpm><Cadence>86</Cadence><SensorState>Present</SensorState></Trackpoint><Trackpoint><Time>2025-11-04T11:38:31.708Z</Time><Position><LatitudeDegrees>43.28821</LatitudeDegrees><LongitudeDegrees>-2.87574333</LongitudeDegrees></Position><AltitudeMeters>38.558</AltitudeMeters><DistanceMeters>830.7000122070312</DistanceMeters><HeartRateBpm><Value>129</Value></HeartRateBpm><Cadence>86</Cadence><SensorState>Present</SensorState></Trackpoint><Trackpoint><Time>2025-11-04T11:38:32.708Z</Time><Position><LatitudeDegrees>43.28823667</LatitudeDegrees><LongitudeDegrees>-2.875725</LongitudeDegrees></Position><AltitudeMeters>38.405</AltitudeMeters><DistanceMeters>834.2000122070312</DistanceMeters><HeartRateBpm><Value>129</Value></HeartRateBpm><Cadence>86</Cadence><SensorState>Present</SensorState></Trackpoint><Trackpoint><Time>2025-11-04T11:38:33.708Z</Time><Position><LatitudeDegrees>43.288265</LatitudeDegrees><LongitudeDegrees>-2.87570333</LongitudeDegrees></Position><AltitudeMeters>38.405</AltitudeMeters><DistanceMeters>838.2000122070312</DistanceMeters><HeartRateBpm><Value>129</Value></HeartRateBpm><Cadence>86</Cadence><SensorState>Present</SensorState></Trackpoint><Trackpoint><Time>2025-11-04T11:38:34.708Z</Time><Position><LatitudeDegrees>43.28829333</LatitudeDegrees><LongitudeDegrees>-2.87568167</LongitudeDegrees></Position><AltitudeMeters>38.405</AltitudeMeters><DistanceMeters>842.2999877929688</DistanceMeters><HeartRateBpm><Value>128</Value></HeartRateBpm><Cadence>86</Cadence><SensorState>Present</SensorState></Trackpoint><Trackpoint><Time>2025-11-04T11:38:35.708Z</Time><Position><LatitudeDegrees>43.288325</LatitudeDegrees><LongitudeDegrees>-2.87566333</LongitudeDegrees></Position><AltitudeMeters>38.253</AltitudeMeters><DistanceMeters>846.4000244140625</DistanceMeters><HeartRateBpm><Value>128</Value></HeartRateBpm><Cadence>86</Cadence><SensorState>Present</SensorState></Trackpoint><Trackpoint><Time>2025-11-04T11:38:36.708Z</Time><Position><LatitudeDegrees>43.288355</LatitudeDegrees><LongitudeDegrees>-2.87564333</LongitudeDegrees></Position><AltitudeMeters>38.253</AltitudeMeters><DistanceMeters>850.5999755859375</DistanceMeters><HeartRateBpm><Value>128</Value></HeartRateBpm><Cadence>87</Cadence><SensorState>Present</SensorState></Trackpoint><Trackpoint><Time>2025-11-04T11:38:37.708Z</Time><Position><LatitudeDegrees>43.288385</LatitudeDegrees><LongitudeDegrees>-2.87562833</LongitudeDegrees></Position><AltitudeMeters>38.1</AltitudeMeters><DistanceMeters>853.7999877929688</DistanceMeters><HeartRateBpm><Value>127</Value></HeartRateBpm><Cadence>88</Cadence><SensorState>Present</SensorState></Trackpoint><Trackpoint><Time>2025-11-04T11:38:38.708Z</Time><Position><LatitudeDegrees>43.28840833</LatitudeDegrees><LongitudeDegrees>-2.87561</LongitudeDegrees></Position><AltitudeMeters>38.1</AltitudeMeters><DistanceMeters>856.7000122070312</DistanceMeters><HeartRateBpm><Value>127</Value></HeartRateBpm><Cadence>86</Cadence><SensorState>Present</SensorState></Trackpoint><Trackpoint><Time>2025-11-04T11:38:39.708Z</Time><Position><LatitudeDegrees>43.28842833</LatitudeDegrees><LongitudeDegrees>-2.87559</LongitudeDegrees></Position><AltitudeMeters>37.948</AltitudeMeters><DistanceMeters>859.2999877929688</DistanceMeters><HeartRateBpm><Value>127</Value></HeartRateBpm><Cadence>86</Cadence><SensorState>Present</SensorState></Trackpoint><Trackpoint><Time>2025-11-04T11:38:40.708Z</Time><Position><LatitudeDegrees>43.28844667</LatitudeDegrees><LongitudeDegrees>-2.87557333</LongitudeDegrees></Position><AltitudeMeters>37.948</AltitudeMeters><DistanceMeters>862.5</DistanceMeters><HeartRateBpm><Value>127</Value></HeartRateBpm><Cadence>86</Cadence><SensorState>Present</SensorState></Trackpoint><Trackpoint><Time>2025-11-04T11:38:41.708Z</Time><Position><LatitudeDegrees>43.28847333</LatitudeDegrees><LongitudeDegrees>-2.875555</LongitudeDegrees></Position><AltitudeMeters>37.796</AltitudeMeters><DistanceMeters>865.7999877929688</DistanceMeters><HeartRateBpm><Value>126</Value></HeartRateBpm><Cadence>86</Cadence><SensorState>Present</SensorState></Trackpoint><Trackpoint><Time>2025-11-04T11:38:42.708Z</Time><Position><LatitudeDegrees>43.28850333</LatitudeDegrees><LongitudeDegrees>-2.87553833</LongitudeDegrees></Position><AltitudeMeters>37.796</AltitudeMeters><DistanceMeters>869.0</DistanceMeters><HeartRateBpm><Value>126</Value></HeartRateBpm><Cadence>86</Cadence><SensorState>Present</SensorState></Trackpoint><Trackpoint><Time>2025-11-04T11:38:43.708Z</Time><Position><LatitudeDegrees>43.288535</LatitudeDegrees><LongitudeDegrees>-2.87552333</LongitudeDegrees></Position><AltitudeMeters>37.643</AltitudeMeters><DistanceMeters>872.4000244140625</DistanceMeters><HeartRateBpm><Value>126</Value></HeartRateBpm><Cadence>86</Cadence><SensorState>Present</SensorState></Trackpoint><Trackpoint><Time>2025-11-04T11:38:44.708Z</Time><Position><LatitudeDegrees>43.288565</LatitudeDegrees><LongitudeDegrees>-2.875505</LongitudeDegrees></Position><AltitudeMeters>37.643</AltitudeMeters><DistanceMeters>876.2999877929688</DistanceMeters><HeartRateBpm><Value>126</Value></HeartRateBpm><Cadence>86</Cadence><SensorState>Present</SensorState></Trackpoint><Trackpoint><Time>2025-11-04T11:38:45.708Z</Time><Position><LatitudeDegrees>43.28860167</LatitudeDegrees><LongitudeDegrees>-2.87548</LongitudeDegrees></Position><AltitudeMeters>37.491</AltitudeMeters><DistanceMeters>879.7000122070312</DistanceMeters><HeartRateBpm><Value>125</Value></HeartRateBpm><Cadence>88</Cadence><SensorState>Present</SensorState></Trackpoint><Trackpoint><Time>2025-11-04T11:38:46.708Z</Time><Position><LatitudeDegrees>43.28863</LatitudeDegrees><LongitudeDegrees>-2.87546833</LongitudeDegrees></Position><AltitudeMeters>37.491</AltitudeMeters><DistanceMeters>883.5999755859375</DistanceMeters><HeartRateBpm><Value>125</Value></HeartRateBpm><Cadence>88</Cadence><SensorState>Present</SensorState></Trackpoint><Trackpoint><Time>2025-11-04T11:38:47.708Z</Time><Position><LatitudeDegrees>43.28866</LatitudeDegrees><LongitudeDegrees>-2.87544667</LongitudeDegrees></Position><AltitudeMeters>37.338</AltitudeMeters><DistanceMeters>887.4000244140625</DistanceMeters><HeartRateBpm><Value>125</Value></HeartRateBpm><Cadence>88</Cadence><SensorState>Present</SensorState></Trackpoint><Trackpoint><Time>2025-11-04T11:38:48.708Z</Time><Position><LatitudeDegrees>43.28868333</LatitudeDegrees><LongitudeDegrees>-2.87542667</LongitudeDegrees></Position><AltitudeMeters>37.338</AltitudeMeters><DistanceMeters>891.0999755859375</DistanceMeters><HeartRateBpm><Value>125</Value></HeartRateBpm><Cadence>88</Cadence><SensorState>Present</SensorState></Trackpoint><Trackpoint><Time>2025-11-04T11:38:49.708Z</Time><Position><LatitudeDegrees>43.28870333</LatitudeDegrees><LongitudeDegrees>-2.87540833</LongitudeDegrees></Position><AltitudeMeters>37.186</AltitudeMeters><DistanceMeters>894.7000122070312</DistanceMeters><HeartRateBpm><Value>125</Value></HeartRateBpm><Cadence>88</Cadence><SensorState>Present</SensorState></Trackpoint><Trackpoint><Time>2025-11-04T11:38:50.708Z</Time><Position><LatitudeDegrees>43.28873167</LatitudeDegrees><LongitudeDegrees>-2.875385</LongitudeDegrees></Position><AltitudeMeters>37.034</AltitudeMeters><DistanceMeters>898.2999877929688</DistanceMeters><HeartRateBpm><Value>125</Value></HeartRateBpm><Cadence>88</Cadence><SensorState>Present</SensorState></Trackpoint><Trackpoint><Time>2025-11-04T11:38:51.708Z</Time><Position><LatitudeDegrees>43.28876</LatitudeDegrees><LongitudeDegrees>-2.87536167</LongitudeDegrees></Position><AltitudeMeters>37.034</AltitudeMeters><DistanceMeters>901.5999755859375</DistanceMeters><HeartRateBpm><Value>125</Value></HeartRateBpm><Cadence>88</Cadence><SensorState>Present</SensorState></Trackpoint><Trackpoint><Time>2025-11-04T11:38:52.708Z</Time><Position><LatitudeDegrees>43.28878667</LatitudeDegrees><LongitudeDegrees>-2.87534167</LongitudeDegrees></Position><AltitudeMeters>36.881</AltitudeMeters><DistanceMeters>904.9000244140625</DistanceMeters><HeartRateBpm><Value>124</Value></HeartRateBpm><Cadence>88</Cadence><SensorState>Present</SensorState></Trackpoint><Trackpoint><Time>2025-11-04T11:38:53.708Z</Time><Position><LatitudeDegrees>43.28881667</LatitudeDegrees><LongitudeDegrees>-2.875325</LongitudeDegrees></Position><AltitudeMeters>36.729</AltitudeMeters><DistanceMeters>908.0</DistanceMeters><HeartRateBpm><Value>124</Value></HeartRateBpm><Cadence>88</Cadence><SensorState>Present</SensorState></Trackpoint><Trackpoint><Time>2025-11-04T11:38:54.708Z</Time><Position><LatitudeDegrees>43.28884667</LatitudeDegrees><LongitudeDegrees>-2.87530667</LongitudeDegrees></Position><AltitudeMeters>36.729</AltitudeMeters><DistanceMeters>911.2999877929688</DistanceMeters><HeartRateBpm><Value>124</Value></HeartRateBpm><Cadence>90</Cadence><SensorState>Present</SensorState></Trackpoint><Trackpoint><Time>2025-11-04T11:38:55.708Z</Time><Position><LatitudeDegrees>43.28887</LatitudeDegrees><LongitudeDegrees>-2.87529</LongitudeDegrees></Position><AltitudeMeters>36.576</AltitudeMeters><DistanceMeters>914.7999877929688</DistanceMeters><HeartRateBpm><Value>123</Value></HeartRateBpm><Cadence>90</Cadence><SensorState>Present</SensorState></Trackpoint><Trackpoint><Time>2025-11-04T11:38:56.708Z</Time><Position><LatitudeDegrees>43.2889</LatitudeDegrees><LongitudeDegrees>-2.87527</LongitudeDegrees></Position><AltitudeMeters>36.576</AltitudeMeters><DistanceMeters>918.5999755859375</DistanceMeters><HeartRateBpm><Value>123</Value></HeartRateBpm><Cadence>90</Cadence><SensorState>Present</SensorState></Trackpoint><Trackpoint><Time>2025-11-04T11:38:57.708Z</Time><Position><LatitudeDegrees>43.28892833</LatitudeDegrees><LongitudeDegrees>-2.875245</LongitudeDegrees></Position><AltitudeMeters>36.424</AltitudeMeters><DistanceMeters>922.9000244140625</DistanceMeters><HeartRateBpm><Value>123</Value></HeartRateBpm><Cadence>90</Cadence><SensorState>Present</SensorState></Trackpoint><Trackpoint><Time>2025-11-04T11:38:58.708Z</Time><Position><LatitudeDegrees>43.28896</LatitudeDegrees><LongitudeDegrees>-2.87522167</LongitudeDegrees></Position><AltitudeMeters>36.424</AltitudeMeters><DistanceMeters>926.7999877929688</DistanceMeters><HeartRateBpm><Value>122</Value></HeartRateBpm><Cadence>90</Cadence><SensorState>Present</SensorState></Trackpoint><Trackpoint><Time>2025-11-04T11:38:59.708Z</Time><Position><LatitudeDegrees>43.28899167</LatitudeDegrees><LongitudeDegrees>-2.8752</LongitudeDegrees></Position><AltitudeMeters>36.272</AltitudeMeters><DistanceMeters>930.7999877929688</DistanceMeters><HeartRateBpm><Value>122</Value></HeartRateBpm><Cadence>90</Cadence><SensorState>Present</SensorState></Trackpoint><Trackpoint><Time>2025-11-04T11:39:00.708Z</Time><Position><LatitudeDegrees>43.28902667</LatitudeDegrees><LongitudeDegrees>-2.87518167</LongitudeDegrees></Position><AltitudeMeters>36.272</AltitudeMeters><DistanceMeters>934.9000244140625</DistanceMeters><HeartRateBpm><Value>122</Value></HeartRateBpm><Cadence>89</Cadence><SensorState>Present</SensorState></Trackpoint><Trackpoint><Time>2025-11-04T11:39:01.708Z</Time><Position><LatitudeDegrees>43.28906</LatitudeDegrees><LongitudeDegrees>-2.875165</LongitudeDegrees></Position><AltitudeMeters>36.119</AltitudeMeters><DistanceMeters>938.7999877929688</DistanceMeters><HeartRateBpm><Value>122</Value></HeartRateBpm><Cadence>89</Cadence><SensorState>Present</SensorState></Trackpoint><Trackpoint><Time>2025-11-04T11:39:02.708Z</Time><Position><LatitudeDegrees>43.28909167</LatitudeDegrees><LongitudeDegrees>-2.87515</LongitudeDegrees></Position><AltitudeMeters>36.119</AltitudeMeters><DistanceMeters>942.7000122070312</DistanceMeters><HeartRateBpm><Value>122</Value></HeartRateBpm><Cadence>90</Cadence><SensorState>Present</SensorState></Trackpoint><Trackpoint><Time>2025-11-04T11:39:03.708Z</Time><Position><LatitudeDegrees>43.28912333</LatitudeDegrees><LongitudeDegrees>-2.875135</LongitudeDegrees></Position><AltitudeMeters>36.119</AltitudeMeters><DistanceMeters>946.7000122070312</DistanceMeters><HeartRateBpm><Value>121</Value></HeartRateBpm><Cadence>89</Cadence><SensorState>Present</SensorState></Trackpoint><Trackpoint><Time>2025-11-04T11:39:04.708Z</Time><Position><LatitudeDegrees>43.28915167</LatitudeDegrees><LongitudeDegrees>-2.87512333</LongitudeDegrees></Position><AltitudeMeters>35.967</AltitudeMeters><DistanceMeters>950.0</DistanceMeters><HeartRateBpm><Value>122</Value></HeartRateBpm><Cadence>90</Cadence><SensorState>Present</SensorState></Trackpoint><Trackpoint><Time>2025-11-04T11:39:05.708Z</Time><Position><LatitudeDegrees>43.28917667</LatitudeDegrees><LongitudeDegrees>-2.87511167</LongitudeDegrees></Position><AltitudeMeters>35.967</AltitudeMeters><DistanceMeters>953.0999755859375</DistanceMeters><HeartRateBpm><Value>122</Value></HeartRateBpm><Cadence>89</Cadence><SensorState>Present</SensorState></Trackpoint><Trackpoint><Time>2025-11-04T11:39:06.708Z</Time><Position><LatitudeDegrees>43.28920333</LatitudeDegrees><LongitudeDegrees>-2.87510167</LongitudeDegrees></Position><AltitudeMeters>35.967</AltitudeMeters><DistanceMeters>956.0999755859375</DistanceMeters><HeartRateBpm><Value>122</Value></HeartRateBpm><Cadence>89</Cadence><SensorState>Present</SensorState></Trackpoint><Trackpoint><Time>2025-11-04T11:39:07.708Z</Time><Position><LatitudeDegrees>43.28923</LatitudeDegrees><LongitudeDegrees>-2.87509</LongitudeDegrees></Position><AltitudeMeters>35.814</AltitudeMeters><DistanceMeters>958.9000244140625</DistanceMeters><HeartRateBpm><Value>122</Value></HeartRateBpm><Cadence>89</Cadence><SensorState>Present</SensorState></Trackpoint><Trackpoint><Time>2025-11-04T11:39:08.708Z</Time><Position><LatitudeDegrees>43.289255</LatitudeDegrees><LongitudeDegrees>-2.87507667</LongitudeDegrees></Position><AltitudeMeters>35.814</AltitudeMeters><DistanceMeters>961.5999755859375</DistanceMeters><HeartRateBpm><Value>122</Value></HeartRateBpm><Cadence>89</Cadence><SensorState>Present</SensorState></Trackpoint><Trackpoint><Time>2025-11-04T11:39:09.708Z</Time><Position><LatitudeDegrees>43.28928</LatitudeDegrees><LongitudeDegrees>-2.87506333</LongitudeDegrees></Position><AltitudeMeters>35.814</AltitudeMeters><DistanceMeters>964.2999877929688</DistanceMeters><HeartRateBpm><Value>122</Value></HeartRateBpm><Cadence>89</Cadence><SensorState>Present</SensorState></Trackpoint><Trackpoint><Time>2025-11-04T11:39:10.708Z</Time><Position><LatitudeDegrees>43.289305</LatitudeDegrees><LongitudeDegrees>-2.87504667</LongitudeDegrees></Position><AltitudeMeters>35.662</AltitudeMeters><DistanceMeters>967.4000244140625</DistanceMeters><HeartRateBpm><Value>122</Value></HeartRateBpm><Cadence>89</Cadence><SensorState>Present</SensorState></Trackpoint><Trackpoint><Time>2025-11-04T11:39:11.708Z</Time><Position><LatitudeDegrees>43.28933167</LatitudeDegrees><LongitudeDegrees>-2.87502</LongitudeDegrees></Position><AltitudeMeters>35.662</AltitudeMeters><DistanceMeters>970.0999755859375</DistanceMeters><HeartRateBpm><Value>122</Value></HeartRateBpm><Cadence>89</Cadence><SensorState>Present</SensorState></Trackpoint><Trackpoint><Time>2025-11-04T11:39:12.708Z</Time><Position><LatitudeDegrees>43.28935333</LatitudeDegrees><LongitudeDegrees>-2.87499833</LongitudeDegrees></Position><AltitudeMeters>35.51</AltitudeMeters><DistanceMeters>973.2999877929688</DistanceMeters><HeartRateBpm><Value>122</Value></HeartRateBpm><Cadence>89</Cadence><SensorState>Present</SensorState></Trackpoint><Trackpoint><Time>2025-11-04T11:39:13.708Z</Time><Position><LatitudeDegrees>43.28937833</LatitudeDegrees><LongitudeDegrees>-2.874975</LongitudeDegrees></Position><AltitudeMeters>35.51</AltitudeMeters><DistanceMeters>976.2999877929688</DistanceMeters><HeartRateBpm><Value>122</Value></HeartRateBpm><Cadence>89</Cadence><SensorState>Present</SensorState></Trackpoint><Trackpoint><Time>2025-11-04T11:39:14.708Z</Time><Position><LatitudeDegrees>43.28940167</LatitudeDegrees><LongitudeDegrees>-2.87495667</LongitudeDegrees></Position><AltitudeMeters>35.357</AltitudeMeters><DistanceMeters>979.7000122070312</DistanceMeters><HeartRateBpm><Value>122</Value></HeartRateBpm><Cadence>89</Cadence><SensorState>Present</SensorState></Trackpoint><Trackpoint><Time>2025-11-04T11:39:15.708Z</Time><Position><LatitudeDegrees>43.28942667</LatitudeDegrees><LongitudeDegrees>-2.87494</LongitudeDegrees></Position><AltitudeMeters>35.205</AltitudeMeters><DistanceMeters>982.9000244140625</DistanceMeters><HeartRateBpm><Value>122</Value></HeartRateBpm><Cadence>89</Cadence><SensorState>Present</SensorState></Trackpoint><Trackpoint><Time>2025-11-04T11:39:16.708Z</Time><Position><LatitudeDegrees>43.28945167</LatitudeDegrees><LongitudeDegrees>-2.87492167</LongitudeDegrees></Position><AltitudeMeters>35.205</AltitudeMeters><DistanceMeters>986.0999755859375</DistanceMeters><HeartRateBpm><Value>122</Value></HeartRateBpm><Cadence>90</Cadence><SensorState>Present</SensorState></Trackpoint><Trackpoint><Time>2025-11-04T11:39:17.708Z</Time><Position><LatitudeDegrees>43.28947667</LatitudeDegrees><LongitudeDegrees>-2.87490333</LongitudeDegrees></Position><AltitudeMeters>35.052</AltitudeMeters><DistanceMeters>989.4000244140625</DistanceMeters><HeartRateBpm><Value>123</Value></HeartRateBpm><Cadence>89</Cadence><SensorState>Present</SensorState></Trackpoint><Trackpoint><Time>2025-11-04T11:39:18.708Z</Time><Position><LatitudeDegrees>43.28950333</LatitudeDegrees><LongitudeDegrees>-2.87488667</LongitudeDegrees></Position><AltitudeMeters>34.9</AltitudeMeters><DistanceMeters>992.7000122070312</DistanceMeters><HeartRateBpm><Value>123</Value></HeartRateBpm><Cadence>89</Cadence><SensorState>Present</SensorState></Trackpoint><Trackpoint><Time>2025-11-04T11:39:19.708Z</Time><Position><LatitudeDegrees>43.28952833</LatitudeDegrees><LongitudeDegrees>-2.87487</LongitudeDegrees></Position><AltitudeMeters>34.748</AltitudeMeters><DistanceMeters>995.4000244140625</DistanceMeters><HeartRateBpm><Value>123</Value></HeartRateBpm><Cadence>89</Cadence><SensorState>Present</SensorState></Trackpoint><Trackpoint><Time>2025-11-04T11:39:20.708Z</Time><Position><LatitudeDegrees>43.28955667</LatitudeDegrees><LongitudeDegrees>-2.87485833</LongitudeDegrees></Position><AltitudeMeters>34.595</AltitudeMeters><DistanceMeters>998.7000122070312</DistanceMeters><HeartRateBpm><Value>123</Value></HeartRateBpm><Cadence>89</Cadence><SensorState>Present</SensorState></Trackpoint><Trackpoint><Time>2025-11-04T11:39:21.708Z</Time><Position><LatitudeDegrees>43.28958</LatitudeDegrees><LongitudeDegrees>-2.87484333</LongitudeDegrees></Position><AltitudeMeters>34.595</AltitudeMeters><DistanceMeters>1001.7999877929688</DistanceMeters><HeartRateBpm><Value>123</Value></HeartRateBpm><Cadence>89</Cadence><SensorState>Present</SensorState></Trackpoint><Trackpoint><Time>2025-11-04T11:39:22.708Z</Time><Position><LatitudeDegrees>43.28960667</LatitudeDegrees><LongitudeDegrees>-2.874825</LongitudeDegrees></Position><AltitudeMeters>34.443</AltitudeMeters><DistanceMeters>1004.9000244140625</DistanceMeters><HeartRateBpm><Value>123</Value></HeartRateBpm><Cadence>89</Cadence><SensorState>Present</SensorState></Trackpoint></Track><Extensions><LX xmlns="http://www.garmin.com/xmlschemas/ActivityExtension/v2"><AvgSpeed>2.624479134877523</AvgSpeed></LX></Extensions></Lap><Lap xmlns="http://www.garmin.com/xmlschemas/TrainingCenterDatabase/v2" StartTime="2025-11-04T11:39:23.708Z"><TotalTimeSeconds>389.0</TotalTimeSeconds><DistanceMeters>1000.0</DistanceMeters><MaximumSpeed>3.7399382061428494</MaximumSpeed><Calories>0</Calories><AverageHeartRateBpm><Value>137</Value></AverageHeartRateBpm><MaximumHeartRateBpm><Value>144</Value></MaximumHeartRateBpm><Intensity>Active</Intensity><Cadence>87</Cadence><TriggerMethod>Distance</TriggerMethod><Track><Trackpoint><Time>2025-11-04T11:39:23.708Z</Time><Position><LatitudeDegrees>43.28963</LatitudeDegrees><LongitudeDegrees>-2.87481</LongitudeDegrees></Position><AltitudeMeters>34.29</AltitudeMeters><DistanceMeters>1007.9000244140625</DistanceMeters><HeartRateBpm><Value>124</Value></HeartRateBpm><Cadence>89</Cadence><SensorState>Present</SensorState></Trackpoint><Trackpoint><Time>2025-11-04T11:39:24.708Z</Time><Position><LatitudeDegrees>43.28965167</LatitudeDegrees><LongitudeDegrees>-2.87478833</LongitudeDegrees></Position><AltitudeMeters>34.138</AltitudeMeters><DistanceMeters>1010.5999755859375</DistanceMeters><HeartRateBpm><Value>124</Value></HeartRateBpm><Cadence>89</Cadence><SensorState>Present</SensorState></Trackpoint><Trackpoint><Time>2025-11-04T11:39:25.708Z</Time><Position><LatitudeDegrees>43.28967333</LatitudeDegrees><LongitudeDegrees>-2.87477167</LongitudeDegrees></Position><AltitudeMeters>33.986</AltitudeMeters><DistanceMeters>1013.5</DistanceMeters><HeartRateBpm><Value>124</Value></HeartRateBpm><Cadence>89</Cadence><SensorState>Present</SensorState></Trackpoint><Trackpoint><Time>2025-11-04T11:39:26.708Z</Time><Position><LatitudeDegrees>43.289695</LatitudeDegrees><LongitudeDegrees>-2.87475833</LongitudeDegrees></Position><AltitudeMeters>33.833</AltitudeMeters><DistanceMeters>1016.5</DistanceMeters><HeartRateBpm><Value>124</Value></HeartRateBpm><Cadence>89</Cadence><SensorState>Present</SensorState></Trackpoint><Trackpoint><Time>2025-11-04T11:39:27.708Z</Time><Position><LatitudeDegrees>43.28972167</LatitudeDegrees><LongitudeDegrees>-2.87473833</LongitudeDegrees></Position><AltitudeMeters>33.833</AltitudeMeters><DistanceMeters>1019.7000122070312</DistanceMeters><HeartRateBpm><Value>124</Value></HeartRateBpm><Cadence>89</Cadence><SensorState>Present</SensorState></Trackpoint><Trackpoint><Time>2025-11-04T11:39:28.708Z</Time><Position><LatitudeDegrees>43.28974833</LatitudeDegrees><LongitudeDegrees>-2.87471833</LongitudeDegrees></Position><AltitudeMeters>33.681</AltitudeMeters><DistanceMeters>1022.7000122070312</DistanceMeters><HeartRateBpm><Value>124</Value></HeartRateBpm><Cadence>89</Cadence><SensorState>Present</SensorState></Trackpoint><Trackpoint><Time>2025-11-04T11:39:29.708Z</Time><Position><LatitudeDegrees>43.28977333</LatitudeDegrees><LongitudeDegrees>-2.87470167</LongitudeDegrees></Position><AltitudeMeters>33.528</AltitudeMeters><DistanceMeters>1025.9000244140625</DistanceMeters><HeartRateBpm><Value>124</Value></HeartRateBpm><Cadence>90</Cadence><SensorState>Present</SensorState></Trackpoint><Trackpoint><Time>2025-11-04T11:39:30.708Z</Time><Position><LatitudeDegrees>43.28979833</LatitudeDegrees><LongitudeDegrees>-2.874685</LongitudeDegrees></Position><AltitudeMeters>33.376</AltitudeMeters><DistanceMeters>1028.9000244140625</DistanceMeters><HeartRateBpm><Value>124</Value></HeartRateBpm><Cadence>89</Cadence><SensorState>Present</SensorState></Trackpoint><Trackpoint><Time>2025-11-04T11:39:31.708Z</Time><Position><LatitudeDegrees>43.28982333</LatitudeDegrees><LongitudeDegrees>-2.87466667</LongitudeDegrees></Position><AltitudeMeters>33.224</AltitudeMeters><DistanceMeters>1032.0999755859375</DistanceMeters><HeartRateBpm><Value>124</Value></HeartRateBpm><Cadence>89</Cadence><SensorState>Present</SensorState></Trackpoint><Trackpoint><Time>2025-11-04T11:39:32.708Z</Time><Position><LatitudeDegrees>43.28984667</LatitudeDegrees><LongitudeDegrees>-2.87464667</LongitudeDegrees></Position><AltitudeMeters>33.224</AltitudeMeters><DistanceMeters>1035.5999755859375</DistanceMeters><HeartRateBpm><Value>124</Value></HeartRateBpm><Cadence>86</Cadence><SensorState>Present</SensorState></Trackpoint><Trackpoint><Time>2025-11-04T11:39:33.708Z</Time><Position><LatitudeDegrees>43.28987167</LatitudeDegrees><LongitudeDegrees>-2.87461833</LongitudeDegrees></Position><AltitudeMeters>33.071</AltitudeMeters><DistanceMeters>1038.5999755859375</DistanceMeters><HeartRateBpm><Value>124</Value></HeartRateBpm><Cadence>86</Cadence><SensorState>Present</SensorState></Trackpoint><Trackpoint><Time>2025-11-04T11:39:34.708Z</Time><Position><LatitudeDegrees>43.28989</LatitudeDegrees><LongitudeDegrees>-2.87460167</LongitudeDegrees></Position><AltitudeMeters>32.919</AltitudeMeters><DistanceMeters>1041.699951171875</DistanceMeters><HeartRateBpm><Value>124</Value></HeartRateBpm><Cadence>86</Cadence><SensorState>Present</SensorState></Trackpoint><Trackpoint><Time>2025-11-04T11:39:35.708Z</Time><Position><LatitudeDegrees>43.28991167</LatitudeDegrees><LongitudeDegrees>-2.87458167</LongitudeDegrees></Position><AltitudeMeters>32.766</AltitudeMeters><DistanceMeters>1044.4000244140625</DistanceMeters><HeartRateBpm><Value>124</Value></HeartRateBpm><Cadence>86</Cadence><SensorState>Present</SensorState></Trackpoint><Trackpoint><Time>2025-11-04T11:39:36.708Z</Time><Position><LatitudeDegrees>43.28993167</LatitudeDegrees><LongitudeDegrees>-2.874565</LongitudeDegrees></Position><AltitudeMeters>32.614</AltitudeMeters><DistanceMeters>1047.0</DistanceMeters><HeartRateBpm><Value>124</Value></HeartRateBpm><Cadence>86</Cadence><SensorState>Present</SensorState></Trackpoint><Trackpoint><Time>2025-11-04T11:39:37.708Z</Time><Position><LatitudeDegrees>43.28995333</LatitudeDegrees><LongitudeDegrees>-2.87454667</LongitudeDegrees></Position><AltitudeMeters>32.614</AltitudeMeters><DistanceMeters>1049.9000244140625</DistanceMeters><HeartRateBpm><Value>124</Value></HeartRateBpm><Cadence>86</Cadence><SensorState>Present</SensorState></Trackpoint><Trackpoint><Time>2025-11-04T11:39:38.708Z</Time><Position><LatitudeDegrees>43.289975</LatitudeDegrees><LongitudeDegrees>-2.87452833</LongitudeDegrees></Position><AltitudeMeters>32.462</AltitudeMeters><DistanceMeters>1052.800048828125</DistanceMeters><HeartRateBpm><Value>125</Value></HeartRateBpm><Cadence>86</Cadence><SensorState>Present</SensorState></Trackpoint><Trackpoint><Time>2025-11-04T11:39:39.708Z</Time><Position><LatitudeDegrees>43.28999833</LatitudeDegrees><LongitudeDegrees>-2.87450833</LongitudeDegrees></Position><AltitudeMeters>32.309</AltitudeMeters><DistanceMeters>1055.5</DistanceMeters><HeartRateBpm><Value>125</Value></HeartRateBpm><Cadence>86</Cadence><SensorState>Present</SensorState></Trackpoint><Trackpoint><Time>2025-11-04T11:39:40.708Z</Time><Position><LatitudeDegrees>43.29002</LatitudeDegrees><LongitudeDegrees>-2.87448833</LongitudeDegrees></Position><AltitudeMeters>32.157</AltitudeMeters><DistanceMeters>1058.199951171875</DistanceMeters><HeartRateBpm><Value>126</Value></HeartRateBpm><Cadence>86</Cadence><SensorState>Present</SensorState></Trackpoint><Trackpoint><Time>2025-11-04T11:39:41.708Z</Time><Position><LatitudeDegrees>43.29004167</LatitudeDegrees><LongitudeDegrees>-2.87446833</LongitudeDegrees></Position><AltitudeMeters>32.004</AltitudeMeters><DistanceMeters>1060.800048828125</DistanceMeters><HeartRateBpm><Value>126</Value></HeartRateBpm><Cadence>88</Cadence><SensorState>Present</SensorState></Trackpoint><Trackpoint><Time>2025-11-04T11:39:42.708Z</Time><Position><LatitudeDegrees>43.29006333</LatitudeDegrees><LongitudeDegrees>-2.87445167</LongitudeDegrees></Position><AltitudeMeters>31.852</AltitudeMeters><DistanceMeters>1063.800048828125</DistanceMeters><HeartRateBpm><Value>126</Value></HeartRateBpm><Cadence>88</Cadence><SensorState>Present</SensorState></Trackpoint><Trackpoint><Time>2025-11-04T11:39:43.708Z</Time><Position><LatitudeDegrees>43.29008333</LatitudeDegrees><LongitudeDegrees>-2.87443</LongitudeDegrees></Position><AltitudeMeters>31.7</AltitudeMeters><DistanceMeters>1066.5999755859375</DistanceMeters><HeartRateBpm><Value>126</Value></HeartRateBpm><Cadence>88</Cadence><SensorState>Present</SensorState></Trackpoint><Trackpoint><Time>2025-11-04T11:39:44.708Z</Time><Position><LatitudeDegrees>43.29010333</LatitudeDegrees><LongitudeDegrees>-2.87441333</LongitudeDegrees></Position><AltitudeMeters>31.547</AltitudeMeters><DistanceMeters>1069.5999755859375</DistanceMeters><HeartRateBpm><Value>127</Value></HeartRateBpm><Cadence>86</Cadence><SensorState>Present</SensorState></Trackpoint><Trackpoint><Time>2025-11-04T11:39:45.708Z</Time><Position><LatitudeDegrees>43.29012667</LatitudeDegrees><LongitudeDegrees>-2.874395</LongitudeDegrees></Position><AltitudeMeters>31.395</AltitudeMeters><DistanceMeters>1072.5999755859375</DistanceMeters><HeartRateBpm><Value>127</Value></HeartRateBpm><Cadence>86</Cadence><SensorState>Present</SensorState></Trackpoint><Trackpoint><Time>2025-11-04T11:39:46.708Z</Time><Position><LatitudeDegrees>43.29015167</LatitudeDegrees><LongitudeDegrees>-2.87438</LongitudeDegrees></Position><AltitudeMeters>31.242</AltitudeMeters><DistanceMeters>1075.199951171875</DistanceMeters><HeartRateBpm><Value>128</Value></HeartRateBpm><Cadence>87</Cadence><SensorState>Present</SensorState></Trackpoint><Trackpoint><Time>2025-11-04T11:39:47.708Z</Time><Position><LatitudeDegrees>43.29017333</LatitudeDegrees><LongitudeDegrees>-2.87436833</LongitudeDegrees></Position><AltitudeMeters>31.242</AltitudeMeters><DistanceMeters>1077.699951171875</DistanceMeters><HeartRateBpm><Value>129</Value></HeartRateBpm><Cadence>88</Cadence><SensorState>Present</SensorState></Trackpoint><Trackpoint><Time>2025-11-04T11:39:48.708Z</Time><Position><LatitudeDegrees>43.290195</LatitudeDegrees><LongitudeDegrees>-2.87435667</LongitudeDegrees></Position><AltitudeMeters>31.09</AltitudeMeters><DistanceMeters>1080.4000244140625</DistanceMeters><HeartRateBpm><Value>129</Value></HeartRateBpm><Cadence>88</Cadence><SensorState>Present</SensorState></Trackpoint><Trackpoint><Time>2025-11-04T11:39:49.708Z</Time><Position><LatitudeDegrees>43.29021667</LatitudeDegrees><LongitudeDegrees>-2.874345</LongitudeDegrees></Position><AltitudeMeters>30.938</AltitudeMeters><DistanceMeters>1083.0999755859375</DistanceMeters><HeartRateBpm><Value>130</Value></HeartRateBpm><Cadence>88</Cadence><SensorState>Present</SensorState></Trackpoint><Trackpoint><Time>2025-11-04T11:39:50.708Z</Time><Position><LatitudeDegrees>43.29024167</LatitudeDegrees><LongitudeDegrees>-2.874335</LongitudeDegrees></Position><AltitudeMeters>30.785</AltitudeMeters><DistanceMeters>1085.5999755859375</DistanceMeters><HeartRateBpm><Value>130</Value></HeartRateBpm><Cadence>88</Cadence><SensorState>Present</SensorState></Trackpoint><Trackpoint><Time>2025-11-04T11:39:51.708Z</Time><Position><LatitudeDegrees>43.29026333</LatitudeDegrees><LongitudeDegrees>-2.87432667</LongitudeDegrees></Position><AltitudeMeters>30.785</AltitudeMeters><DistanceMeters>1088.4000244140625</DistanceMeters><HeartRateBpm><Value>131</Value></HeartRateBpm><Cadence>88</Cadence><SensorState>Present</SensorState></Trackpoint><Trackpoint><Time>2025-11-04T11:39:52.708Z</Time><Position><LatitudeDegrees>43.29028833</LatitudeDegrees><LongitudeDegrees>-2.87431833</LongitudeDegrees></Position><AltitudeMeters>30.633</AltitudeMeters><DistanceMeters>1091.4000244140625</DistanceMeters><HeartRateBpm><Value>131</Value></HeartRateBpm><Cadence>88</Cadence><SensorState>Present</SensorState></Trackpoint><Trackpoint><Time>2025-11-04T11:39:53.708Z</Time><Position><LatitudeDegrees>43.29031333</LatitudeDegrees><LongitudeDegrees>-2.87430667</LongitudeDegrees></Position><AltitudeMeters>30.633</AltitudeMeters><DistanceMeters>1094.0999755859375</DistanceMeters><HeartRateBpm><Value>131</Value></HeartRateBpm><Cadence>88</Cadence><SensorState>Present</SensorState></Trackpoint><Trackpoint><Time>2025-11-04T11:39:54.708Z</Time><Position><LatitudeDegrees>43.29033667</LatitudeDegrees><LongitudeDegrees>-2.87429167</LongitudeDegrees></Position><AltitudeMeters>30.48</AltitudeMeters><DistanceMeters>1096.699951171875</DistanceMeters><HeartRateBpm><Value>132</Value></HeartRateBpm><Cadence>88</Cadence><SensorState>Present</SensorState></Trackpoint><Trackpoint><Time>2025-11-04T11:39:55.708Z</Time><Position><LatitudeDegrees>43.29035833</LatitudeDegrees><LongitudeDegrees>-2.874275</LongitudeDegrees></Position><AltitudeMeters>30.48</AltitudeMeters><DistanceMeters>1099.699951171875</DistanceMeters><HeartRateBpm><Value>132</Value></HeartRateBpm><Cadence>88</Cadence><SensorState>Present</SensorState></Trackpoint><Trackpoint><Time>2025-11-04T11:39:56.708Z</Time><Position><LatitudeDegrees>43.29038167</LatitudeDegrees><LongitudeDegrees>-2.87425833</LongitudeDegrees></Position><AltitudeMeters>30.48</AltitudeMeters><DistanceMeters>1102.5999755859375</DistanceMeters><HeartRateBpm><Value>132</Value></HeartRateBpm><Cadence>88</Cadence><SensorState>Present</SensorState></Trackpoint><Trackpoint><Time>2025-11-04T11:39:57.708Z</Time><Position><LatitudeDegrees>43.29040333</LatitudeDegrees><LongitudeDegrees>-2.87424</LongitudeDegrees></Position><AltitudeMeters>30.328</AltitudeMeters><DistanceMeters>1105.199951171875</DistanceMeters><HeartRateBpm><Value>133</Value></HeartRateBpm><Cadence>88</Cadence><SensorState>Present</SensorState></Trackpoint><Trackpoint><Time>2025-11-04T11:39:58.708Z</Time><Position><LatitudeDegrees>43.29042</LatitudeDegrees><LongitudeDegrees>-2.87422333</LongitudeDegrees></Position><AltitudeMeters>30.328</AltitudeMeters><DistanceMeters>1107.699951171875</DistanceMeters><HeartRateBpm><Value>133</Value></HeartRateBpm><Cadence>88</Cadence><SensorState>Present</SensorState></Trackpoint><Trackpoint><Time>2025-11-04T11:39:59.708Z</Time><Position><LatitudeDegrees>43.29043667</LatitudeDegrees><LongitudeDegrees>-2.874205</LongitudeDegrees></Position><AltitudeMeters>30.328</AltitudeMeters><DistanceMeters>1110.199951171875</DistanceMeters><HeartRateBpm><Value>133</Value></HeartRateBpm><Cadence>88</Cadence><SensorState>Present</SensorState></Trackpoint><Trackpoint><Time>2025-11-04T11:40:00.708Z</Time><Position><LatitudeDegrees>43.290455</LatitudeDegrees><LongitudeDegrees>-2.87418833</LongitudeDegrees></Position><AltitudeMeters>30.328</AltitudeMeters><DistanceMeters>1112.199951171875</DistanceMeters><HeartRateBpm><Value>133</Value></HeartRateBpm><Cadence>88</Cadence><SensorState>Present</SensorState></Trackpoint><Trackpoint><Time>2025-11-04T11:40:01.708Z</Time><Position><LatitudeDegrees>43.29047</LatitudeDegrees><LongitudeDegrees>-2.87417833</LongitudeDegrees></Position><AltitudeMeters>30.176</AltitudeMeters><DistanceMeters>1114.300048828125</DistanceMeters><HeartRateBpm><Value>134</Value></HeartRateBpm><Cadence>88</Cadence><SensorState>Present</SensorState></Trackpoint><Trackpoint><Time>2025-11-04T11:40:02.708Z</Time><Position><LatitudeDegrees>43.29049167</LatitudeDegrees><LongitudeDegrees>-2.87417</LongitudeDegrees></Position><AltitudeMeters>30.176</AltitudeMeters><DistanceMeters>1116.0</DistanceMeters><HeartRateBpm><Value>134</Value></HeartRateBpm><Cadence>88</Cadence><SensorState>Present</SensorState></Trackpoint><Trackpoint><Time>2025-11-04T11:40:03.708Z</Time><Position><LatitudeDegrees>43.29050833</LatitudeDegrees><LongitudeDegrees>-2.87417167</LongitudeDegrees></Position><AltitudeMeters>30.176</AltitudeMeters><DistanceMeters>1117.9000244140625</DistanceMeters><HeartRateBpm><Value>134</Value></HeartRateBpm><Cadence>88</Cadence><SensorState>Present</SensorState></Trackpoint><Trackpoint><Time>2025-11-04T11:40:04.708Z</Time><Position><LatitudeDegrees>43.29052833</LatitudeDegrees><LongitudeDegrees>-2.87418</LongitudeDegrees></Position><AltitudeMeters>30.176</AltitudeMeters><DistanceMeters>1119.699951171875</DistanceMeters><HeartRateBpm><Value>134</Value></HeartRateBpm><Cadence>88</Cadence><SensorState>Present</SensorState></Trackpoint><Trackpoint><Time>2025-11-04T11:40:05.708Z</Time><Position><LatitudeDegrees>43.29054833</LatitudeDegrees><LongitudeDegrees>-2.87419167</LongitudeDegrees></Position><AltitudeMeters>30.176</AltitudeMeters><DistanceMeters>1121.300048828125</DistanceMeters><HeartRateBpm><Value>135</Value></HeartRateBpm><Cadence>88</Cadence><SensorState>Present</SensorState></Trackpoint><Trackpoint><Time>2025-11-04T11:40:06.708Z</Time><Position><LatitudeDegrees>43.29056333</LatitudeDegrees><LongitudeDegrees>-2.87420667</LongitudeDegrees></Position><AltitudeMeters>30.328</AltitudeMeters><DistanceMeters>1122.800048828125</DistanceMeters><HeartRateBpm><Value>135</Value></HeartRateBpm><Cadence>88</Cadence><SensorState>Present</SensorState></Trackpoint><Trackpoint><Time>2025-11-04T11:40:07.708Z</Time><Position><LatitudeDegrees>43.29057</LatitudeDegrees><LongitudeDegrees>-2.87422833</LongitudeDegrees></Position><AltitudeMeters>30.328</AltitudeMeters><DistanceMeters>1124.5999755859375</DistanceMeters><HeartRateBpm><Value>135</Value></HeartRateBpm><Cadence>87</Cadence><SensorState>Present</SensorState></Trackpoint><Trackpoint><Time>2025-11-04T11:40:08.708Z</Time><Position><LatitudeDegrees>43.290585</LatitudeDegrees><LongitudeDegrees>-2.87424833</LongitudeDegrees></Position><AltitudeMeters>30.328</AltitudeMeters><DistanceMeters>1126.800048828125</DistanceMeters><HeartRateBpm><Value>135</Value></HeartRateBpm><Cadence>87</Cadence><SensorState>Present</SensorState></Trackpoint><Trackpoint><Time>2025-11-04T11:40:09.708Z</Time><Position><LatitudeDegrees>43.29061</LatitudeDegrees><LongitudeDegrees>-2.874255</LongitudeDegrees></Position><AltitudeMeters>30.328</AltitudeMeters><DistanceMeters>1128.9000244140625</DistanceMeters><HeartRateBpm><Value>136</Value></HeartRateBpm><Cadence>86</Cadence><SensorState>Present</SensorState></Trackpoint><Trackpoint><Time>2025-11-04T11:40:10.708Z</Time><Position><LatitudeDegrees>43.29063167</LatitudeDegrees><LongitudeDegrees>-2.874245</LongitudeDegrees></Position><AltitudeMeters>30.328</AltitudeMeters><DistanceMeters>1131.4000244140625</DistanceMeters><HeartRateBpm><Value>136</Value></HeartRateBpm><Cadence>86</Cadence><SensorState>Present</SensorState></Trackpoint><Trackpoint><Time>2025-11-04T11:40:11.708Z</Time><Position><LatitudeDegrees>43.29065667</LatitudeDegrees><LongitudeDegrees>-2.87423</LongitudeDegrees></Position><AltitudeMeters>30.48</AltitudeMeters><DistanceMeters>1134.699951171875</DistanceMeters><HeartRateBpm><Value>136</Value></HeartRateBpm><Cadence>84</Cadence><SensorState>Present</SensorState></Trackpoint><Trackpoint><Time>2025-11-04T11:40:12.708Z</Time><Position><LatitudeDegrees>43.29068167</LatitudeDegrees><LongitudeDegrees>-2.87420833</LongitudeDegrees></Position><AltitudeMeters>30.48</AltitudeMeters><DistanceMeters>1137.5</DistanceMeters><HeartRateBpm><Value>136</Value></HeartRateBpm><Cadence>84</Cadence><SensorState>Present</SensorState></Trackpoint><Trackpoint><Time>2025-11-04T11:40:13.708Z</Time><Position><LatitudeDegrees>43.29070167</LatitudeDegrees><LongitudeDegrees>-2.87418667</LongitudeDegrees></Position><AltitudeMeters>30.48</AltitudeMeters><DistanceMeters>1139.5999755859375</DistanceMeters><HeartRateBpm><Value>136</Value></HeartRateBpm><Cadence>87</Cadence><SensorState>Present</SensorState></Trackpoint><Trackpoint><Time>2025-11-04T11:40:14.708Z</Time><Position><LatitudeDegrees>43.29072167</LatitudeDegrees><LongitudeDegrees>-2.87417</LongitudeDegrees></Position><AltitudeMeters>30.633</AltitudeMeters><DistanceMeters>1141.9000244140625</DistanceMeters><HeartRateBpm><Value>136</Value></HeartRateBpm><Cadence>88</Cadence><SensorState>Present</SensorState></Trackpoint><Trackpoint><Time>2025-11-04T11:40:15.708Z</Time><Position><LatitudeDegrees>43.29073833</LatitudeDegrees><LongitudeDegrees>-2.874155</LongitudeDegrees></Position><AltitudeMeters>30.633</AltitudeMeters><DistanceMeters>1145.300048828125</DistanceMeters><HeartRateBpm><Value>136</Value></HeartRateBpm><Cadence>86</Cadence><SensorState>Present</SensorState></Trackpoint><Trackpoint><Time>2025-11-04T11:40:16.708Z</Time><Position><LatitudeDegrees>43.29075833</LatitudeDegrees><LongitudeDegrees>-2.87413667</LongitudeDegrees></Position><AltitudeMeters>30.633</AltitudeMeters><DistanceMeters>1148.5999755859375</DistanceMeters><HeartRateBpm><Value>136</Value></HeartRateBpm><Cadence>86</Cadence><SensorState>Present</SensorState></Trackpoint><Trackpoint><Time>2025-11-04T11:40:17.708Z</Time><Position><LatitudeDegrees>43.29078167</LatitudeDegrees><LongitudeDegrees>-2.87412333</LongitudeDegrees></Position><AltitudeMeters>30.633</AltitudeMeters><DistanceMeters>1151.0999755859375</DistanceMeters><HeartRateBpm><Value>137</Value></HeartRateBpm><Cadence>86</Cadence><SensorState>Present</SensorState></Trackpoint><Trackpoint><Time>2025-11-04T11:40:18.708Z</Time><Position><LatitudeDegrees>43.29079667</LatitudeDegrees><LongitudeDegrees>-2.87410833</LongitudeDegrees></Position><AltitudeMeters>30.785</AltitudeMeters><DistanceMeters>1153.300048828125</DistanceMeters><HeartRateBpm><Value>137</Value></HeartRateBpm><Cadence>86</Cadence><SensorState>Present</SensorState></Trackpoint><Trackpoint><Time>2025-11-04T11:40:19.708Z</Time><Position><LatitudeDegrees>43.29081</LatitudeDegrees><LongitudeDegrees>-2.87409</LongitudeDegrees></Position><AltitudeMeters>30.785</AltitudeMeters><DistanceMeters>1155.5999755859375</DistanceMeters><HeartRateBpm><Value>137</Value></HeartRateBpm><Cadence>86</Cadence><SensorState>Present</SensorState></Trackpoint><Trackpoint><Time>2025-11-04T11:40:20.708Z</Time><Position><LatitudeDegrees>43.29082833</LatitudeDegrees><LongitudeDegrees>-2.87407167</LongitudeDegrees></Position><AltitudeMeters>30.785</AltitudeMeters><DistanceMeters>1157.5</DistanceMeters><HeartRateBpm><Value>137</Value></HeartRateBpm><Cadence>88</Cadence><SensorState>Present</SensorState></Trackpoint><Trackpoint><Time>2025-11-04T11:40:21.708Z</Time><Position><LatitudeDegrees>43.290845</LatitudeDegrees><LongitudeDegrees>-2.874055</LongitudeDegrees></Position><AltitudeMeters>30.785</AltitudeMeters><DistanceMeters>1159.699951171875</DistanceMeters><HeartRateBpm><Value>137</Value></HeartRateBpm><Cadence>88</Cadence><SensorState>Present</SensorState></Trackpoint><Trackpoint><Time>2025-11-04T11:40:22.708Z</Time><Position><LatitudeDegrees>43.290865</LatitudeDegrees><LongitudeDegrees>-2.87404333</LongitudeDegrees></Position><AltitudeMeters>30.785</AltitudeMeters><DistanceMeters>1162.5</DistanceMeters><HeartRateBpm><Value>137</Value></HeartRateBpm><Cadence>88</Cadence><SensorState>Present</SensorState></Trackpoint><Trackpoint><Time>2025-11-04T11:40:23.708Z</Time><Position><LatitudeDegrees>43.29089</LatitudeDegrees><LongitudeDegrees>-2.87402</LongitudeDegrees></Position><AltitudeMeters>30.785</AltitudeMeters><DistanceMeters>1165.300048828125</DistanceMeters><HeartRateBpm><Value>137</Value></HeartRateBpm><Cadence>88</Cadence><SensorState>Present</SensorState></Trackpoint><Trackpoint><Time>2025-11-04T11:40:24.708Z</Time><Position><LatitudeDegrees>43.29091</LatitudeDegrees><LongitudeDegrees>-2.87400167</LongitudeDegrees></Position><AltitudeMeters>30.785</AltitudeMeters><DistanceMeters>1167.800048828125</DistanceMeters><HeartRateBpm><Value>137</Value></HeartRateBpm><Cadence>88</Cadence><SensorState>Present</SensorState></Trackpoint><Trackpoint><Time>2025-11-04T11:40:25.708Z</Time><Position><LatitudeDegrees>43.29092667</LatitudeDegrees><LongitudeDegrees>-2.873985</LongitudeDegrees></Position><AltitudeMeters>30.785</AltitudeMeters><DistanceMeters>1170.300048828125</DistanceMeters><HeartRateBpm><Value>137</Value></HeartRateBpm><Cadence>88</Cadence><SensorState>Present</SensorState></Trackpoint><Trackpoint><Time>2025-11-04T11:40:26.708Z</Time><Position><LatitudeDegrees>43.29094667</LatitudeDegrees><LongitudeDegrees>-2.87396833</LongitudeDegrees></Position><AltitudeMeters>30.785</AltitudeMeters><DistanceMeters>1173.5999755859375</DistanceMeters><HeartRateBpm><Value>137</Value></HeartRateBpm><Cadence>88</Cadence><SensorState>Present</SensorState></Trackpoint><Trackpoint><Time>2025-11-04T11:40:27.708Z</Time><Position><LatitudeDegrees>43.29097333</LatitudeDegrees><LongitudeDegrees>-2.87395</LongitudeDegrees></Position><AltitudeMeters>30.785</AltitudeMeters><DistanceMeters>1177.0</DistanceMeters><HeartRateBpm><Value>137</Value></HeartRateBpm><Cadence>87</Cadence><SensorState>Present</SensorState></Trackpoint><Trackpoint><Time>2025-11-04T11:40:28.708Z</Time><Position><LatitudeDegrees>43.29099833</LatitudeDegrees><LongitudeDegrees>-2.87393</LongitudeDegrees></Position><AltitudeMeters>30.785</AltitudeMeters><DistanceMeters>1180.0999755859375</DistanceMeters><HeartRateBpm><Value>137</Value></HeartRateBpm><Cadence>86</Cadence><SensorState>Present</SensorState></Trackpoint><Trackpoint><Time>2025-11-04T11:40:29.708Z</Time><Position><LatitudeDegrees>43.29102333</LatitudeDegrees><LongitudeDegrees>-2.87391333</LongitudeDegrees></Position><AltitudeMeters>30.785</AltitudeMeters><DistanceMeters>1183.0999755859375</DistanceMeters><HeartRateBpm><Value>137</Value></HeartRateBpm><Cadence>86</Cadence><SensorState>Present</SensorState></Trackpoint><Trackpoint><Time>2025-11-04T11:40:30.708Z</Time><Position><LatitudeDegrees>43.29104167</LatitudeDegrees><LongitudeDegrees>-2.87389667</LongitudeDegrees></Position><AltitudeMeters>30.785</AltitudeMeters><DistanceMeters>1186.0</DistanceMeters><HeartRateBpm><Value>137</Value></HeartRateBpm><Cadence>86</Cadence><SensorState>Present</SensorState></Trackpoint><Trackpoint><Time>2025-11-04T11:40:31.708Z</Time><Position><LatitudeDegrees>43.29106</LatitudeDegrees><LongitudeDegrees>-2.87388167</LongitudeDegrees></Position><AltitudeMeters>30.785</AltitudeMeters><DistanceMeters>1188.5</DistanceMeters><HeartRateBpm><Value>137</Value></HeartRateBpm><Cadence>86</Cadence><SensorState>Present</SensorState></Trackpoint><Trackpoint><Time>2025-11-04T11:40:32.708Z</Time><Position><LatitudeDegrees>43.29108333</LatitudeDegrees><LongitudeDegrees>-2.87386667</LongitudeDegrees></Position><AltitudeMeters>30.785</AltitudeMeters><DistanceMeters>1191.5</DistanceMeters><HeartRateBpm><Value>137</Value></HeartRateBpm><Cadence>86</Cadence><SensorState>Present</SensorState></Trackpoint><Trackpoint><Time>2025-11-04T11:40:33.708Z</Time><Position><LatitudeDegrees>43.29110833</LatitudeDegrees><LongitudeDegrees>-2.87385333</LongitudeDegrees></Position><AltitudeMeters>30.785</AltitudeMeters><DistanceMeters>1194.5999755859375</DistanceMeters><HeartRateBpm><Value>137</Value></HeartRateBpm><Cadence>86</Cadence><SensorState>Present</SensorState></Trackpoint><Trackpoint><Time>2025-11-04T11:40:34.708Z</Time><Position><LatitudeDegrees>43.29113</LatitudeDegrees><LongitudeDegrees>-2.87383667</LongitudeDegrees></Position><AltitudeMeters>30.785</AltitudeMeters><DistanceMeters>1197.5999755859375</DistanceMeters><HeartRateBpm><Value>137</Value></HeartRateBpm><Cadence>88</Cadence><SensorState>Present</SensorState></Trackpoint><Trackpoint><Time>2025-11-04T11:40:35.708Z</Time><Position><LatitudeDegrees>43.291155</LatitudeDegrees><LongitudeDegrees>-2.87382</LongitudeDegrees></Position><AltitudeMeters>30.785</AltitudeMeters><DistanceMeters>1200.5</DistanceMeters><HeartRateBpm><Value>137</Value></HeartRateBpm><Cadence>88</Cadence><SensorState>Present</SensorState></Trackpoint><Trackpoint><Time>2025-11-04T11:40:36.708Z</Time><Position><LatitudeDegrees>43.29118</LatitudeDegrees><LongitudeDegrees>-2.87380333</LongitudeDegrees></Position><AltitudeMeters>30.938</AltitudeMeters><DistanceMeters>1203.300048828125</DistanceMeters><HeartRateBpm><Value>137</Value></HeartRateBpm><Cadence>88</Cadence><SensorState>Present</SensorState></Trackpoint><Trackpoint><Time>2025-11-04T11:40:37.708Z</Time><Position><LatitudeDegrees>43.29120667</LatitudeDegrees><LongitudeDegrees>-2.87379167</LongitudeDegrees></Position><AltitudeMeters>30.938</AltitudeMeters><DistanceMeters>1206.4000244140625</DistanceMeters><HeartRateBpm><Value>137</Value></HeartRateBpm><Cadence>87</Cadence><SensorState>Present</SensorState></Trackpoint><Trackpoint><Time>2025-11-04T11:40:38.708Z</Time><Position><LatitudeDegrees>43.29123333</LatitudeDegrees><LongitudeDegrees>-2.87378</LongitudeDegrees></Position><AltitudeMeters>30.938</AltitudeMeters><DistanceMeters>1209.699951171875</DistanceMeters><HeartRateBpm><Value>137</Value></HeartRateBpm><Cadence>86</Cadence><SensorState>Present</SensorState></Trackpoint><Trackpoint><Time>2025-11-04T11:40:39.708Z</Time><Position><LatitudeDegrees>43.29125667</LatitudeDegrees><LongitudeDegrees>-2.87376167</LongitudeDegrees></Position><AltitudeMeters>30.938</AltitudeMeters><DistanceMeters>1212.9000244140625</DistanceMeters><HeartRateBpm><Value>137</Value></HeartRateBpm><Cadence>86</Cadence><SensorState>Present</SensorState></Trackpoint><Trackpoint><Time>2025-11-04T11:40:40.708Z</Time><Position><LatitudeDegrees>43.29127833</LatitudeDegrees><LongitudeDegrees>-2.873745</LongitudeDegrees></Position><AltitudeMeters>31.09</AltitudeMeters><DistanceMeters>1216.0999755859375</DistanceMeters><HeartRateBpm><Value>137</Value></HeartRateBpm><Cadence>86</Cadence><SensorState>Present</SensorState></Trackpoint><Trackpoint><Time>2025-11-04T11:40:41.708Z</Time><Position><LatitudeDegrees>43.291305</LatitudeDegrees><LongitudeDegrees>-2.87372667</LongitudeDegrees></Position><AltitudeMeters>31.09</AltitudeMeters><DistanceMeters>1219.0999755859375</DistanceMeters><HeartRateBpm><Value>137</Value></HeartRateBpm><Cadence>86</Cadence><SensorState>Present</SensorState></Trackpoint><Trackpoint><Time>2025-11-04T11:40:42.708Z</Time><Position><LatitudeDegrees>43.29132833</LatitudeDegrees><LongitudeDegrees>-2.87371</LongitudeDegrees></Position><AltitudeMeters>31.09</AltitudeMeters><DistanceMeters>1222.0999755859375</DistanceMeters><HeartRateBpm><Value>137</Value></HeartRateBpm><Cadence>86</Cadence><SensorState>Present</SensorState></Trackpoint><Trackpoint><Time>2025-11-04T11:40:43.708Z</Time><Position><LatitudeDegrees>43.29135</LatitudeDegrees><LongitudeDegrees>-2.87369333</LongitudeDegrees></Position><AltitudeMeters>31.242</AltitudeMeters><DistanceMeters>1224.5999755859375</DistanceMeters><HeartRateBpm><Value>136</Value></HeartRateBpm><Cadence>86</Cadence><SensorState>Present</SensorState></Trackpoint><Trackpoint><Time>2025-11-04T11:40:44.708Z</Time><Position><LatitudeDegrees>43.29137</LatitudeDegrees><LongitudeDegrees>-2.87368167</LongitudeDegrees></Position><AltitudeMeters>31.242</AltitudeMeters><DistanceMeters>1227.0</DistanceMeters><HeartRateBpm><Value>136</Value></HeartRateBpm><Cadence>87</Cadence><SensorState>Present</SensorState></Trackpoint><Trackpoint><Time>2025-11-04T11:40:45.708Z</Time><Position><LatitudeDegrees>43.29138833</LatitudeDegrees><LongitudeDegrees>-2.87367</LongitudeDegrees></Position><AltitudeMeters>31.242</AltitudeMeters><DistanceMeters>1228.699951171875</DistanceMeters><HeartRateBpm><Value>136</Value></HeartRateBpm><Cadence>88</Cadence><SensorState>Present</SensorState></Trackpoint><Trackpoint><Time>2025-11-04T11:40:46.708Z</Time><Position><LatitudeDegrees>43.29140167</LatitudeDegrees><LongitudeDegrees>-2.87366333</LongitudeDegrees></Position><AltitudeMeters>31.395</AltitudeMeters><DistanceMeters>1230.800048828125</DistanceMeters><HeartRateBpm><Value>136</Value></HeartRateBpm><Cadence>88</Cadence><SensorState>Present</SensorState></Trackpoint><Trackpoint><Time>2025-11-04T11:40:47.708Z</Time><Position><LatitudeDegrees>43.29141833</LatitudeDegrees><LongitudeDegrees>-2.87365</LongitudeDegrees></Position><AltitudeMeters>31.395</AltitudeMeters><DistanceMeters>1232.5999755859375</DistanceMeters><HeartRateBpm><Value>137</Value></HeartRateBpm><Cadence>88</Cadence><SensorState>Present</SensorState></Trackpoint><Trackpoint><Time>2025-11-04T11:40:48.708Z</Time><Position><LatitudeDegrees>43.291435</LatitudeDegrees><LongitudeDegrees>-2.87363833</LongitudeDegrees></Position><AltitudeMeters>31.547</AltitudeMeters><DistanceMeters>1234.300048828125</DistanceMeters><HeartRateBpm><Value>137</Value></HeartRateBpm><Cadence>87</Cadence><SensorState>Present</SensorState></Trackpoint><Trackpoint><Time>2025-11-04T11:40:49.708Z</Time><Position><LatitudeDegrees>43.29144833</LatitudeDegrees><LongitudeDegrees>-2.873625</LongitudeDegrees></Position><AltitudeMeters>31.547</AltitudeMeters><DistanceMeters>1235.800048828125</DistanceMeters><HeartRateBpm><Value>137</Value></HeartRateBpm><Cadence>88</Cadence><SensorState>Present</SensorState></Trackpoint><Trackpoint><Time>2025-11-04T11:40:50.708Z</Time><Position><LatitudeDegrees>43.29146667</LatitudeDegrees><LongitudeDegrees>-2.87361833</LongitudeDegrees></Position><AltitudeMeters>31.7</AltitudeMeters><DistanceMeters>1237.800048828125</DistanceMeters><HeartRateBpm><Value>137</Value></HeartRateBpm><Cadence>88</Cadence><SensorState>Present</SensorState></Trackpoint><Trackpoint><Time>2025-11-04T11:40:51.708Z</Time><Position><LatitudeDegrees>43.29148833</LatitudeDegrees><LongitudeDegrees>-2.873605</LongitudeDegrees></Position><AltitudeMeters>31.7</AltitudeMeters><DistanceMeters>1240.0</DistanceMeters><HeartRateBpm><Value>137</Value></HeartRateBpm><Cadence>88</Cadence><SensorState>Present</SensorState></Trackpoint><Trackpoint><Time>2025-11-04T11:40:52.708Z</Time><Position><LatitudeDegrees>43.29151</LatitudeDegrees><LongitudeDegrees>-2.87359</LongitudeDegrees></Position><AltitudeMeters>31.852</AltitudeMeters><DistanceMeters>1242.800048828125</DistanceMeters><HeartRateBpm><Value>138</Value></HeartRateBpm><Cadence>88</Cadence><SensorState>Present</SensorState></Trackpoint><Trackpoint><Time>2025-11-04T11:40:53.708Z</Time><Position><LatitudeDegrees>43.291535</LatitudeDegrees><LongitudeDegrees>-2.87357</LongitudeDegrees></Position><AltitudeMeters>31.852</AltitudeMeters><DistanceMeters>1246.0</DistanceMeters><HeartRateBpm><Value>138</Value></HeartRateBpm><Cadence>87</Cadence><SensorState>Present</SensorState></Trackpoint><Trackpoint><Time>2025-11-04T11:40:54.708Z</Time><Position><LatitudeDegrees>43.29156333</LatitudeDegrees><LongitudeDegrees>-2.873555</LongitudeDegrees></Position><AltitudeMeters>32.004</AltitudeMeters><DistanceMeters>1249.800048828125</DistanceMeters><HeartRateBpm><Value>138</Value></HeartRateBpm><Cadence>86</Cadence><SensorState>Present</SensorState></Trackpoint><Trackpoint><Time>2025-11-04T11:40:55.708Z</Time><Position><LatitudeDegrees>43.29159333</LatitudeDegrees><LongitudeDegrees>-2.87354167</LongitudeDegrees></Position><AltitudeMeters>32.157</AltitudeMeters><DistanceMeters>1253.0</DistanceMeters><HeartRateBpm><Value>138</Value></HeartRateBpm><Cadence>86</Cadence><SensorState>Present</SensorState></Trackpoint><Trackpoint><Time>2025-11-04T11:40:56.708Z</Time><Position><LatitudeDegrees>43.29161833</LatitudeDegrees><LongitudeDegrees>-2.87352667</LongitudeDegrees></Position><AltitudeMeters>32.157</AltitudeMeters><DistanceMeters>1256.4000244140625</DistanceMeters><HeartRateBpm><Value>138</Value></HeartRateBpm><Cadence>86</Cadence><SensorState>Present</SensorState></Trackpoint><Trackpoint><Time>2025-11-04T11:40:57.708Z</Time><Position><LatitudeDegrees>43.29163667</LatitudeDegrees><LongitudeDegrees>-2.87350333</LongitudeDegrees></Position><AltitudeMeters>32.309</AltitudeMeters><DistanceMeters>1259.800048828125</DistanceMeters><HeartRateBpm><Value>138</Value></HeartRateBpm><Cadence>86</Cadence><SensorState>Present</SensorState></Trackpoint><Trackpoint><Time>2025-11-04T11:40:58.708Z</Time><Position><LatitudeDegrees>43.291655</LatitudeDegrees><LongitudeDegrees>-2.87348167</LongitudeDegrees></Position><AltitudeMeters>32.462</AltitudeMeters><DistanceMeters>1263.0999755859375</DistanceMeters><HeartRateBpm><Value>138</Value></HeartRateBpm><Cadence>86</Cadence><SensorState>Present</SensorState></Trackpoint><Trackpoint><Time>2025-11-04T11:40:59.708Z</Time><Position><LatitudeDegrees>43.29167333</LatitudeDegrees><LongitudeDegrees>-2.87346167</LongitudeDegrees></Position><AltitudeMeters>32.462</AltitudeMeters><DistanceMeters>1266.4000244140625</DistanceMeters><HeartRateBpm><Value>138</Value></HeartRateBpm><Cadence>87</Cadence><SensorState>Present</SensorState></Trackpoint><Trackpoint><Time>2025-11-04T11:41:00.708Z</Time><Position><LatitudeDegrees>43.2917</LatitudeDegrees><LongitudeDegrees>-2.87344333</LongitudeDegrees></Position><AltitudeMeters>32.614</AltitudeMeters><DistanceMeters>1269.0</DistanceMeters><HeartRateBpm><Value>138</Value></HeartRateBpm><Cadence>88</Cadence><SensorState>Present</SensorState></Trackpoint><Trackpoint><Time>2025-11-04T11:41:01.708Z</Time><Position><LatitudeDegrees>43.29171833</LatitudeDegrees><LongitudeDegrees>-2.87343167</LongitudeDegrees></Position><AltitudeMeters>32.766</AltitudeMeters><DistanceMeters>1271.199951171875</DistanceMeters><HeartRateBpm><Value>138</Value></HeartRateBpm><Cadence>88</Cadence><SensorState>Present</SensorState></Trackpoint><Trackpoint><Time>2025-11-04T11:41:02.708Z</Time><Position><LatitudeDegrees>43.29173667</LatitudeDegrees><LongitudeDegrees>-2.87341833</LongitudeDegrees></Position><AltitudeMeters>32.766</AltitudeMeters><DistanceMeters>1273.5999755859375</DistanceMeters><HeartRateBpm><Value>138</Value></HeartRateBpm><Cadence>88</Cadence><SensorState>Present</SensorState></Trackpoint><Trackpoint><Time>2025-11-04T11:41:03.708Z</Time><Position><LatitudeDegrees>43.29175833</LatitudeDegrees><LongitudeDegrees>-2.873405</LongitudeDegrees></Position><AltitudeMeters>32.919</AltitudeMeters><DistanceMeters>1275.699951171875</DistanceMeters><HeartRateBpm><Value>138</Value></HeartRateBpm><Cadence>88</Cadence><SensorState>Present</SensorState></Trackpoint><Trackpoint><Time>2025-11-04T11:41:04.708Z</Time><Position><LatitudeDegrees>43.29177667</LatitudeDegrees><LongitudeDegrees>-2.87339</LongitudeDegrees></Position><AltitudeMeters>32.919</AltitudeMeters><DistanceMeters>1278.199951171875</DistanceMeters><HeartRateBpm><Value>138</Value></HeartRateBpm><Cadence>88</Cadence><SensorState>Present</SensorState></Trackpoint><Trackpoint><Time>2025-11-04T11:41:05.708Z</Time><Position><LatitudeDegrees>43.29180167</LatitudeDegrees><LongitudeDegrees>-2.87337833</LongitudeDegrees></Position><AltitudeMeters>33.071</AltitudeMeters><DistanceMeters>1281.0999755859375</DistanceMeters><HeartRateBpm><Value>138</Value></HeartRateBpm><Cadence>88</Cadence><SensorState>Present</SensorState></Trackpoint><Trackpoint><Time>2025-11-04T11:41:06.708Z</Time><Position><LatitudeDegrees>43.29182667</LatitudeDegrees><LongitudeDegrees>-2.87336333</LongitudeDegrees></Position><AltitudeMeters>33.071</AltitudeMeters><DistanceMeters>1283.9000244140625</DistanceMeters><HeartRateBpm><Value>138</Value></HeartRateBpm><Cadence>88</Cadence><SensorState>Present</SensorState></Trackpoint><Trackpoint><Time>2025-11-04T11:41:07.708Z</Time><Position><LatitudeDegrees>43.29185</LatitudeDegrees><LongitudeDegrees>-2.87334833</LongitudeDegrees></Position><AltitudeMeters>33.071</AltitudeMeters><DistanceMeters>1286.5999755859375</DistanceMeters><HeartRateBpm><Value>138</Value></HeartRateBpm><Cadence>88</Cadence><SensorState>Present</SensorState></Trackpoint><Trackpoint><Time>2025-11-04T11:41:08.708Z</Time><Position><LatitudeDegrees>43.29187</LatitudeDegrees><LongitudeDegrees>-2.87333167</LongitudeDegrees></Position><AltitudeMeters>33.224</AltitudeMeters><DistanceMeters>1289.4000244140625</DistanceMeters><HeartRateBpm><Value>138</Value></HeartRateBpm><Cadence>88</Cadence><SensorState>Present</SensorState></Trackpoint><Trackpoint><Time>2025-11-04T11:41:09.708Z</Time><Position><LatitudeDegrees>43.291895</LatitudeDegrees><LongitudeDegrees>-2.87331333</LongitudeDegrees></Position><AltitudeMeters>33.224</AltitudeMeters><DistanceMeters>1292.800048828125</DistanceMeters><HeartRateBpm><Value>138</Value></HeartRateBpm><Cadence>88</Cadence><SensorState>Present</SensorState></Trackpoint><Trackpoint><Time>2025-11-04T11:41:10.708Z</Time><Position><LatitudeDegrees>43.29192</LatitudeDegrees><LongitudeDegrees>-2.87329333</LongitudeDegrees></Position><AltitudeMeters>33.376</AltitudeMeters><DistanceMeters>1296.0</DistanceMeters><HeartRateBpm><Value>139</Value></HeartRateBpm><Cadence>88</Cadence><SensorState>Present</SensorState></Trackpoint><Trackpoint><Time>2025-11-04T11:41:11.708Z</Time><Position><LatitudeDegrees>43.29194167</LatitudeDegrees><LongitudeDegrees>-2.873275</LongitudeDegrees></Position><AltitudeMeters>33.376</AltitudeMeters><DistanceMeters>1299.199951171875</DistanceMeters><HeartRateBpm><Value>139</Value></HeartRateBpm><Cadence>88</Cadence><SensorState>Present</SensorState></Trackpoint><Trackpoint><Time>2025-11-04T11:41:12.708Z</Time><Position><LatitudeDegrees>43.29196667</LatitudeDegrees><LongitudeDegrees>-2.87325667</LongitudeDegrees></Position><AltitudeMeters>33.376</AltitudeMeters><DistanceMeters>1302.5</DistanceMeters><HeartRateBpm><Value>139</Value></HeartRateBpm><Cadence>88</Cadence><SensorState>Present</SensorState></Trackpoint><Trackpoint><Time>2025-11-04T11:41:13.708Z</Time><Position><LatitudeDegrees>43.29199</LatitudeDegrees><LongitudeDegrees>-2.87323833</LongitudeDegrees></Position><AltitudeMeters>33.528</AltitudeMeters><DistanceMeters>1305.300048828125</DistanceMeters><HeartRateBpm><Value>139</Value></HeartRateBpm><Cadence>88</Cadence><SensorState>Present</SensorState></Trackpoint><Trackpoint><Time>2025-11-04T11:41:14.708Z</Time><Position><LatitudeDegrees>43.29201167</LatitudeDegrees><LongitudeDegrees>-2.87322667</LongitudeDegrees></Position><AltitudeMeters>33.528</AltitudeMeters><DistanceMeters>1308.0999755859375</DistanceMeters><HeartRateBpm><Value>139</Value></HeartRateBpm><Cadence>88</Cadence><SensorState>Present</SensorState></Trackpoint><Trackpoint><Time>2025-11-04T11:41:15.708Z</Time><Position><LatitudeDegrees>43.292035</LatitudeDegrees><LongitudeDegrees>-2.87321333</LongitudeDegrees></Position><AltitudeMeters>33.528</AltitudeMeters><DistanceMeters>1311.199951171875</DistanceMeters><HeartRateBpm><Value>139</Value></HeartRateBpm><Cadence>88</Cadence><SensorState>Present</SensorState></Trackpoint><Trackpoint><Time>2025-11-04T11:41:16.708Z</Time><Position><LatitudeDegrees>43.29206</LatitudeDegrees><LongitudeDegrees>-2.873195</LongitudeDegrees></Position><AltitudeMeters>33.528</AltitudeMeters><DistanceMeters>1314.300048828125</DistanceMeters><HeartRateBpm><Value>139</Value></HeartRateBpm><Cadence>88</Cadence><SensorState>Present</SensorState></Trackpoint><Trackpoint><Time>2025-11-04T11:41:17.708Z</Time><Position><LatitudeDegrees>43.29208333</LatitudeDegrees><LongitudeDegrees>-2.87317833</LongitudeDegrees></Position><AltitudeMeters>33.681</AltitudeMeters><DistanceMeters>1316.9000244140625</DistanceMeters><HeartRateBpm><Value>140</Value></HeartRateBpm><Cadence>88</Cadence><SensorState>Present</SensorState></Trackpoint><Trackpoint><Time>2025-11-04T11:41:18.708Z</Time><Position><LatitudeDegrees>43.29210333</LatitudeDegrees><LongitudeDegrees>-2.87316333</LongitudeDegrees></Position><AltitudeMeters>33.681</AltitudeMeters><DistanceMeters>1319.5999755859375</DistanceMeters><HeartRateBpm><Value>140</Value></HeartRateBpm><Cadence>88</Cadence><SensorState>Present</SensorState></Trackpoint><Trackpoint><Time>2025-11-04T11:41:19.708Z</Time><Position><LatitudeDegrees>43.29212667</LatitudeDegrees><LongitudeDegrees>-2.87315</LongitudeDegrees></Position><AltitudeMeters>33.681</AltitudeMeters><DistanceMeters>1322.5999755859375</DistanceMeters><HeartRateBpm><Value>140</Value></HeartRateBpm><Cadence>88</Cadence><SensorState>Present</SensorState></Trackpoint><Trackpoint><Time>2025-11-04T11:41:20.708Z</Time><Position><LatitudeDegrees>43.29215167</LatitudeDegrees><LongitudeDegrees>-2.87313333</LongitudeDegrees></Position><AltitudeMeters>33.833</AltitudeMeters><DistanceMeters>1325.4000244140625</DistanceMeters><HeartRateBpm><Value>140</Value></HeartRateBpm><Cadence>87</Cadence><SensorState>Present</SensorState></Trackpoint><Trackpoint><Time>2025-11-04T11:41:21.708Z</Time><Position><LatitudeDegrees>43.292175</LatitudeDegrees><LongitudeDegrees>-2.873115</LongitudeDegrees></Position><AltitudeMeters>33.833</AltitudeMeters><DistanceMeters>1328.5</DistanceMeters><HeartRateBpm><Value>140</Value></HeartRateBpm><Cadence>87</Cadence><SensorState>Present</SensorState></Trackpoint><Trackpoint><Time>2025-11-04T11:41:22.708Z</Time><Position><LatitudeDegrees>43.2922</LatitudeDegrees><LongitudeDegrees>-2.87309333</LongitudeDegrees></Position><AltitudeMeters>33.986</AltitudeMeters><DistanceMeters>1331.800048828125</DistanceMeters><HeartRateBpm><Value>141</Value></HeartRateBpm><Cadence>88</Cadence><SensorState>Present</SensorState></Trackpoint><Trackpoint><Time>2025-11-04T11:41:23.708Z</Time><Position><LatitudeDegrees>43.292225</LatitudeDegrees><LongitudeDegrees>-2.873075</LongitudeDegrees></Position><AltitudeMeters>33.986</AltitudeMeters><DistanceMeters>1335.0999755859375</DistanceMeters><HeartRateBpm><Value>141</Value></HeartRateBpm><Cadence>90</Cadence><SensorState>Present</SensorState></Trackpoint><Trackpoint><Time>2025-11-04T11:41:24.708Z</Time><Position><LatitudeDegrees>43.29225</LatitudeDegrees><LongitudeDegrees>-2.87305667</LongitudeDegrees></Position><AltitudeMeters>33.986</AltitudeMeters><DistanceMeters>1337.800048828125</DistanceMeters><HeartRateBpm><Value>141</Value></HeartRateBpm><Cadence>90</Cadence><SensorState>Present</SensorState></Trackpoint><Trackpoint><Time>2025-11-04T11:41:25.708Z</Time><Position><LatitudeDegrees>43.29227</LatitudeDegrees><LongitudeDegrees>-2.87304</LongitudeDegrees></Position><AltitudeMeters>34.138</AltitudeMeters><DistanceMeters>1340.5999755859375</DistanceMeters><HeartRateBpm><Value>141</Value></HeartRateBpm><Cadence>89</Cadence><SensorState>Present</SensorState></Trackpoint><Trackpoint><Time>2025-11-04T11:41:26.708Z</Time><Position><LatitudeDegrees>43.29228833</LatitudeDegrees><LongitudeDegrees>-2.87301833</LongitudeDegrees></Position><AltitudeMeters>34.138</AltitudeMeters><DistanceMeters>1343.199951171875</DistanceMeters><HeartRateBpm><Value>141</Value></HeartRateBpm><Cadence>89</Cadence><SensorState>Present</SensorState></Trackpoint><Trackpoint><Time>2025-11-04T11:41:27.708Z</Time><Position><LatitudeDegrees>43.29230333</LatitudeDegrees><LongitudeDegrees>-2.87300167</LongitudeDegrees></Position><AltitudeMeters>34.138</AltitudeMeters><DistanceMeters>1345.4000244140625</DistanceMeters><HeartRateBpm><Value>141</Value></HeartRateBpm><Cadence>89</Cadence><SensorState>Present</SensorState></Trackpoint><Trackpoint><Time>2025-11-04T11:41:28.708Z</Time><Position><LatitudeDegrees>43.29231667</LatitudeDegrees><LongitudeDegrees>-2.87299</LongitudeDegrees></Position><AltitudeMeters>34.29</AltitudeMeters><DistanceMeters>1347.0999755859375</DistanceMeters><HeartRateBpm><Value>141</Value></HeartRateBpm><Cadence>89</Cadence><SensorState>Present</SensorState></Trackpoint><Trackpoint><Time>2025-11-04T11:41:29.708Z</Time><Position><LatitudeDegrees>43.29233</LatitudeDegrees><LongitudeDegrees>-2.87298</LongitudeDegrees></Position><AltitudeMeters>34.29</AltitudeMeters><DistanceMeters>1348.5</DistanceMeters><HeartRateBpm><Value>141</Value></HeartRateBpm><Cadence>89</Cadence><SensorState>Present</SensorState></Trackpoint><Trackpoint><Time>2025-11-04T11:41:30.708Z</Time><Position><LatitudeDegrees>43.29234167</LatitudeDegrees><LongitudeDegrees>-2.87296833</LongitudeDegrees></Position><AltitudeMeters>34.443</AltitudeMeters><DistanceMeters>1349.9000244140625</DistanceMeters><HeartRateBpm><Value>141</Value></HeartRateBpm><Cadence>89</Cadence><SensorState>Present</SensorState></Trackpoint><Trackpoint><Time>2025-11-04T11:41:31.708Z</Time><Position><LatitudeDegrees>43.29235667</LatitudeDegrees><LongitudeDegrees>-2.872955</LongitudeDegrees></Position><AltitudeMeters>34.443</AltitudeMeters><DistanceMeters>1351.5999755859375</DistanceMeters><HeartRateBpm><Value>141</Value></HeartRateBpm><Cadence>89</Cadence><SensorState>Present</SensorState></Trackpoint><Trackpoint><Time>2025-11-04T11:41:32.708Z</Time><Position><LatitudeDegrees>43.29237667</LatitudeDegrees><LongitudeDegrees>-2.87294333</LongitudeDegrees></Position><AltitudeMeters>34.443</AltitudeMeters><DistanceMeters>1353.300048828125</DistanceMeters><HeartRateBpm><Value>141</Value></HeartRateBpm><Cadence>90</Cadence><SensorState>Present</SensorState></Trackpoint><Trackpoint><Time>2025-11-04T11:41:33.708Z</Time><Position><LatitudeDegrees>43.29239667</LatitudeDegrees><LongitudeDegrees>-2.87293167</LongitudeDegrees></Position><AltitudeMeters>34.443</AltitudeMeters><DistanceMeters>1355.300048828125</DistanceMeters><HeartRateBpm><Value>142</Value></HeartRateBpm><Cadence>90</Cadence><SensorState>Present</SensorState></Trackpoint><Trackpoint><Time>2025-11-04T11:41:34.708Z</Time><Position><LatitudeDegrees>43.292415</LatitudeDegrees><LongitudeDegrees>-2.87291833</LongitudeDegrees></Position><AltitudeMeters>34.595</AltitudeMeters><DistanceMeters>1357.4000244140625</DistanceMeters><HeartRateBpm><Value>142</Value></HeartRateBpm><Cadence>89</Cadence><SensorState>Present</SensorState></Trackpoint><Trackpoint><Time>2025-11-04T11:41:35.708Z</Time><Position><LatitudeDegrees>43.29243333</LatitudeDegrees><LongitudeDegrees>-2.8729</LongitudeDegrees></Position><AltitudeMeters>34.595</AltitudeMeters><DistanceMeters>1359.800048828125</DistanceMeters><HeartRateBpm><Value>142</Value></HeartRateBpm><Cadence>89</Cadence><SensorState>Present</SensorState></Trackpoint><Trackpoint><Time>2025-11-04T11:41:36.708Z</Time><Position><LatitudeDegrees>43.29245</LatitudeDegrees><LongitudeDegrees>-2.87288</LongitudeDegrees></Position><AltitudeMeters>34.595</AltitudeMeters><DistanceMeters>1362.4000244140625</DistanceMeters><HeartRateBpm><Value>142</Value></HeartRateBpm><Cadence>89</Cadence><SensorState>Present</SensorState></Trackpoint><Trackpoint><Time>2025-11-04T11:41:37.708Z</Time><Position><LatitudeDegrees>43.29247</LatitudeDegrees><LongitudeDegrees>-2.87287</LongitudeDegrees></Position><AltitudeMeters>34.748</AltitudeMeters><DistanceMeters>1365.4000244140625</DistanceMeters><HeartRateBpm><Value>142</Value></HeartRateBpm><Cadence>89</Cadence><SensorState>Present</SensorState></Trackpoint><Trackpoint><Time>2025-11-04T11:41:38.708Z</Time><Position><LatitudeDegrees>43.29249333</LatitudeDegrees><LongitudeDegrees>-2.87285667</LongitudeDegrees></Position><AltitudeMeters>34.748</AltitudeMeters><DistanceMeters>1368.800048828125</DistanceMeters><HeartRateBpm><Value>142</Value></HeartRateBpm><Cadence>89</Cadence><SensorState>Present</SensorState></Trackpoint><Trackpoint><Time>2025-11-04T11:41:39.708Z</Time><Position><LatitudeDegrees>43.29252</LatitudeDegrees><LongitudeDegrees>-2.87284</LongitudeDegrees></Position><AltitudeMeters>34.748</AltitudeMeters><DistanceMeters>1371.9000244140625</DistanceMeters><HeartRateBpm><Value>142</Value></HeartRateBpm><Cadence>89</Cadence><SensorState>Present</SensorState></Trackpoint><Trackpoint><Time>2025-11-04T11:41:40.708Z</Time><Position><LatitudeDegrees>43.29254167</LatitudeDegrees><LongitudeDegrees>-2.872825</LongitudeDegrees></Position><AltitudeMeters>34.748</AltitudeMeters><DistanceMeters>1375.199951171875</DistanceMeters><HeartRateBpm><Value>142</Value></HeartRateBpm><Cadence>90</Cadence><SensorState>Present</SensorState></Trackpoint><Trackpoint><Time>2025-11-04T11:41:41.708Z</Time><Position><LatitudeDegrees>43.29256833</LatitudeDegrees><LongitudeDegrees>-2.87280667</LongitudeDegrees></Position><AltitudeMeters>34.9</AltitudeMeters><DistanceMeters>1378.300048828125</DistanceMeters><HeartRateBpm><Value>142</Value></HeartRateBpm><Cadence>90</Cadence><SensorState>Present</SensorState></Trackpoint><Trackpoint><Time>2025-11-04T11:41:42.708Z</Time><Position><LatitudeDegrees>43.29259333</LatitudeDegrees><LongitudeDegrees>-2.87279</LongitudeDegrees></Position><AltitudeMeters>34.9</AltitudeMeters><DistanceMeters>1381.300048828125</DistanceMeters><HeartRateBpm><Value>142</Value></HeartRateBpm><Cadence>89</Cadence><SensorState>Present</SensorState></Trackpoint><Trackpoint><Time>2025-11-04T11:41:43.708Z</Time><Position><LatitudeDegrees>43.29261333</LatitudeDegrees><LongitudeDegrees>-2.87277833</LongitudeDegrees></Position><AltitudeMeters>34.9</AltitudeMeters><DistanceMeters>1384.699951171875</DistanceMeters><HeartRateBpm><Value>142</Value></HeartRateBpm><Cadence>89</Cadence><SensorState>Present</SensorState></Trackpoint><Trackpoint><Time>2025-11-04T11:41:44.708Z</Time><Position><LatitudeDegrees>43.29264167</LatitudeDegrees><LongitudeDegrees>-2.872765</LongitudeDegrees></Position><AltitudeMeters>35.052</AltitudeMeters><DistanceMeters>1388.0999755859375</DistanceMeters><HeartRateBpm><Value>141</Value></HeartRateBpm><Cadence>89</Cadence><SensorState>Present</SensorState></Trackpoint><Trackpoint><Time>2025-11-04T11:41:45.708Z</Time><Position><LatitudeDegrees>43.29266667</LatitudeDegrees><LongitudeDegrees>-2.87274833</LongitudeDegrees></Position><AltitudeMeters>35.052</AltitudeMeters><DistanceMeters>1391.699951171875</DistanceMeters><HeartRateBpm><Value>141</Value></HeartRateBpm><Cadence>89</Cadence><SensorState>Present</SensorState></Trackpoint><Trackpoint><Time>2025-11-04T11:41:46.708Z</Time><Position><LatitudeDegrees>43.292695</LatitudeDegrees><LongitudeDegrees>-2.87273333</LongitudeDegrees></Position><AltitudeMeters>35.052</AltitudeMeters><DistanceMeters>1394.5</DistanceMeters><HeartRateBpm><Value>141</Value></HeartRateBpm><Cadence>89</Cadence><SensorState>Present</SensorState></Trackpoint><Trackpoint><Time>2025-11-04T11:41:47.708Z</Time><Position><LatitudeDegrees>43.292715</LatitudeDegrees><LongitudeDegrees>-2.87272167</LongitudeDegrees></Position><AltitudeMeters>35.205</AltitudeMeters><DistanceMeters>1397.199951171875</DistanceMeters><HeartRateBpm><Value>141</Value></HeartRateBpm><Cadence>89</Cadence><SensorState>Present</SensorState></Trackpoint><Trackpoint><Time>2025-11-04T11:41:48.708Z</Time><Position><LatitudeDegrees>43.29273833</LatitudeDegrees><LongitudeDegrees>-2.87270833</LongitudeDegrees></Position><AltitudeMeters>35.205</AltitudeMeters><DistanceMeters>1400.0999755859375</DistanceMeters><HeartRateBpm><Value>141</Value></HeartRateBpm><Cadence>89</Cadence><SensorState>Present</SensorState></Trackpoint><Trackpoint><Time>2025-11-04T11:41:49.708Z</Time><Position><LatitudeDegrees>43.29276</LatitudeDegrees><LongitudeDegrees>-2.87269667</LongitudeDegrees></Position><AltitudeMeters>35.357</AltitudeMeters><DistanceMeters>1402.800048828125</DistanceMeters><HeartRateBpm><Value>140</Value></HeartRateBpm><Cadence>89</Cadence><SensorState>Present</SensorState></Trackpoint><Trackpoint><Time>2025-11-04T11:41:50.708Z</Time><Position><LatitudeDegrees>43.29278333</LatitudeDegrees><LongitudeDegrees>-2.87268167</LongitudeDegrees></Position><AltitudeMeters>35.357</AltitudeMeters><DistanceMeters>1405.5</DistanceMeters><HeartRateBpm><Value>140</Value></HeartRateBpm><Cadence>89</Cadence><SensorState>Present</SensorState></Trackpoint><Trackpoint><Time>2025-11-04T11:41:51.708Z</Time><Position><LatitudeDegrees>43.292805</LatitudeDegrees><LongitudeDegrees>-2.87266333</LongitudeDegrees></Position><AltitudeMeters>35.51</AltitudeMeters><DistanceMeters>1408.5</DistanceMeters><HeartRateBpm><Value>140</Value></HeartRateBpm><Cadence>89</Cadence><SensorState>Present</SensorState></Trackpoint><Trackpoint><Time>2025-11-04T11:41:52.708Z</Time><Position><LatitudeDegrees>43.29282833</LatitudeDegrees><LongitudeDegrees>-2.87265167</LongitudeDegrees></Position><AltitudeMeters>35.51</AltitudeMeters><DistanceMeters>1411.0</DistanceMeters><HeartRateBpm><Value>140</Value></HeartRateBpm><Cadence>89</Cadence><SensorState>Present</SensorState></Trackpoint><Trackpoint><Time>2025-11-04T11:41:53.708Z</Time><Position><LatitudeDegrees>43.29285167</LatitudeDegrees><LongitudeDegrees>-2.87264</LongitudeDegrees></Position><AltitudeMeters>35.51</AltitudeMeters><DistanceMeters>1413.0999755859375</DistanceMeters><HeartRateBpm><Value>140</Value></HeartRateBpm><Cadence>89</Cadence><SensorState>Present</SensorState></Trackpoint><Trackpoint><Time>2025-11-04T11:41:54.708Z</Time><Position><LatitudeDegrees>43.29286833</LatitudeDegrees><LongitudeDegrees>-2.87263167</LongitudeDegrees></Position><AltitudeMeters>35.662</AltitudeMeters><DistanceMeters>1415.199951171875</DistanceMeters><HeartRateBpm><Value>140</Value></HeartRateBpm><Cadence>89</Cadence><SensorState>Present</SensorState></Trackpoint><Trackpoint><Time>2025-11-04T11:41:55.708Z</Time><Position><LatitudeDegrees>43.29288833</LatitudeDegrees><LongitudeDegrees>-2.87262333</LongitudeDegrees></Position><AltitudeMeters>35.662</AltitudeMeters><DistanceMeters>1417.800048828125</DistanceMeters><HeartRateBpm><Value>140</Value></HeartRateBpm><Cadence>89</Cadence><SensorState>Present</SensorState></Trackpoint><Trackpoint><Time>2025-11-04T11:41:56.708Z</Time><Position><LatitudeDegrees>43.29291167</LatitudeDegrees><LongitudeDegrees>-2.87262333</LongitudeDegrees></Position><AltitudeMeters>35.662</AltitudeMeters><DistanceMeters>1419.9000244140625</DistanceMeters><HeartRateBpm><Value>141</Value></HeartRateBpm><Cadence>89</Cadence><SensorState>Present</SensorState></Trackpoint><Trackpoint><Time>2025-11-04T11:41:57.708Z</Time><Position><LatitudeDegrees>43.29293167</LatitudeDegrees><LongitudeDegrees>-2.87262167</LongitudeDegrees></Position><AltitudeMeters>35.814</AltitudeMeters><DistanceMeters>1421.699951171875</DistanceMeters><HeartRateBpm><Value>141</Value></HeartRateBpm><Cadence>89</Cadence><SensorState>Present</SensorState></Trackpoint><Trackpoint><Time>2025-11-04T11:41:58.708Z</Time><Position><LatitudeDegrees>43.29294667</LatitudeDegrees><LongitudeDegrees>-2.87262167</LongitudeDegrees></Position><AltitudeMeters>35.814</AltitudeMeters><DistanceMeters>1423.5</DistanceMeters><HeartRateBpm><Value>141</Value></HeartRateBpm><Cadence>89</Cadence><SensorState>Present</SensorState></Trackpoint><Trackpoint><Time>2025-11-04T11:41:59.708Z</Time><Position><LatitudeDegrees>43.292965</LatitudeDegrees><LongitudeDegrees>-2.872625</LongitudeDegrees></Position><AltitudeMeters>35.814</AltitudeMeters><DistanceMeters>1425.699951171875</DistanceMeters><HeartRateBpm><Value>141</Value></HeartRateBpm><Cadence>89</Cadence><SensorState>Present</SensorState></Trackpoint><Trackpoint><Time>2025-11-04T11:42:00.708Z</Time><Position><LatitudeDegrees>43.29298833</LatitudeDegrees><LongitudeDegrees>-2.87263167</LongitudeDegrees></Position><AltitudeMeters>35.967</AltitudeMeters><DistanceMeters>1427.9000244140625</DistanceMeters><HeartRateBpm><Value>141</Value></HeartRateBpm><Cadence>89</Cadence><SensorState>Present</SensorState></Trackpoint><Trackpoint><Time>2025-11-04T11:42:01.708Z</Time><Position><LatitudeDegrees>43.29301167</LatitudeDegrees><LongitudeDegrees>-2.87263833</LongitudeDegrees></Position><AltitudeMeters>35.967</AltitudeMeters><DistanceMeters>1430.5</DistanceMeters><HeartRateBpm><Value>142</Value></HeartRateBpm><Cadence>87</Cadence><SensorState>Present</SensorState></Trackpoint><Trackpoint><Time>2025-11-04T11:42:02.708Z</Time><Position><LatitudeDegrees>43.29303833</LatitudeDegrees><LongitudeDegrees>-2.87264833</LongitudeDegrees></Position><AltitudeMeters>36.119</AltitudeMeters><DistanceMeters>1433.4000244140625</DistanceMeters><HeartRateBpm><Value>142</Value></HeartRateBpm><Cadence>86</Cadence><SensorState>Present</SensorState></Trackpoint><Trackpoint><Time>2025-11-04T11:42:03.708Z</Time><Position><LatitudeDegrees>43.29306333</LatitudeDegrees><LongitudeDegrees>-2.87266333</LongitudeDegrees></Position><AltitudeMeters>36.119</AltitudeMeters><DistanceMeters>1436.0</DistanceMeters><HeartRateBpm><Value>142</Value></HeartRateBpm><Cadence>86</Cadence><SensorState>Present</SensorState></Trackpoint><Trackpoint><Time>2025-11-04T11:42:04.708Z</Time><Position><LatitudeDegrees>43.29308</LatitudeDegrees><LongitudeDegrees>-2.872675</LongitudeDegrees></Position><AltitudeMeters>36.119</AltitudeMeters><DistanceMeters>1438.4000244140625</DistanceMeters><HeartRateBpm><Value>142</Value></HeartRateBpm><Cadence>87</Cadence><SensorState>Present</SensorState></Trackpoint><Trackpoint><Time>2025-11-04T11:42:05.708Z</Time><Position><LatitudeDegrees>43.29310167</LatitudeDegrees><LongitudeDegrees>-2.87268667</LongitudeDegrees></Position><AltitudeMeters>36.272</AltitudeMeters><DistanceMeters>1441.300048828125</DistanceMeters><HeartRateBpm><Value>142</Value></HeartRateBpm><Cadence>88</Cadence><SensorState>Present</SensorState></Trackpoint><Trackpoint><Time>2025-11-04T11:42:06.708Z</Time><Position><LatitudeDegrees>43.29312333</LatitudeDegrees><LongitudeDegrees>-2.87269833</LongitudeDegrees></Position><AltitudeMeters>36.272</AltitudeMeters><DistanceMeters>1444.699951171875</DistanceMeters><HeartRateBpm><Value>142</Value></HeartRateBpm><Cadence>88</Cadence><SensorState>Present</SensorState></Trackpoint><Trackpoint><Time>2025-11-04T11:42:07.708Z</Time><Position><LatitudeDegrees>43.29314833</LatitudeDegrees><LongitudeDegrees>-2.87271333</LongitudeDegrees></Position><AltitudeMeters>36.424</AltitudeMeters><DistanceMeters>1448.199951171875</DistanceMeters><HeartRateBpm><Value>142</Value></HeartRateBpm><Cadence>88</Cadence><SensorState>Present</SensorState></Trackpoint><Trackpoint><Time>2025-11-04T11:42:08.708Z</Time><Position><LatitudeDegrees>43.29317667</LatitudeDegrees><LongitudeDegrees>-2.87272833</LongitudeDegrees></Position><AltitudeMeters>36.424</AltitudeMeters><DistanceMeters>1451.4000244140625</DistanceMeters><HeartRateBpm><Value>142</Value></HeartRateBpm><Cadence>88</Cadence><SensorState>Present</SensorState></Trackpoint><Trackpoint><Time>2025-11-04T11:42:09.708Z</Time><Position><LatitudeDegrees>43.29320333</LatitudeDegrees><LongitudeDegrees>-2.87274167</LongitudeDegrees></Position><AltitudeMeters>36.576</AltitudeMeters><DistanceMeters>1455.0</DistanceMeters><HeartRateBpm><Value>142</Value></HeartRateBpm><Cadence>88</Cadence><SensorState>Present</SensorState></Trackpoint><Trackpoint><Time>2025-11-04T11:42:10.708Z</Time><Position><LatitudeDegrees>43.29323833</LatitudeDegrees><LongitudeDegrees>-2.87274333</LongitudeDegrees></Position><AltitudeMeters>36.576</AltitudeMeters><DistanceMeters>1457.5999755859375</DistanceMeters><HeartRateBpm><Value>142</Value></HeartRateBpm><Cadence>90</Cadence><SensorState>Present</SensorState></Trackpoint><Trackpoint><Time>2025-11-04T11:42:11.708Z</Time><Position><LatitudeDegrees>43.29326167</LatitudeDegrees><LongitudeDegrees>-2.87273</LongitudeDegrees></Position><AltitudeMeters>36.729</AltitudeMeters><DistanceMeters>1460.300048828125</DistanceMeters><HeartRateBpm><Value>142</Value></HeartRateBpm><Cadence>90</Cadence><SensorState>Present</SensorState></Trackpoint><Trackpoint><Time>2025-11-04T11:42:12.708Z</Time><Position><LatitudeDegrees>43.29328333</LatitudeDegrees><LongitudeDegrees>-2.87270667</LongitudeDegrees></Position><AltitudeMeters>36.729</AltitudeMeters><DistanceMeters>1463.800048828125</DistanceMeters><HeartRateBpm><Value>142</Value></HeartRateBpm><Cadence>89</Cadence><SensorState>Present</SensorState></Trackpoint><Trackpoint><Time>2025-11-04T11:42:13.708Z</Time><Position><LatitudeDegrees>43.29330167</LatitudeDegrees><LongitudeDegrees>-2.87267167</LongitudeDegrees></Position><AltitudeMeters>36.881</AltitudeMeters><DistanceMeters>1467.199951171875</DistanceMeters><HeartRateBpm><Value>142</Value></HeartRateBpm><Cadence>89</Cadence><SensorState>Present</SensorState></Trackpoint><Trackpoint><Time>2025-11-04T11:42:14.708Z</Time><Position><LatitudeDegrees>43.29331667</LatitudeDegrees><LongitudeDegrees>-2.872635</LongitudeDegrees></Position><AltitudeMeters>36.881</AltitudeMeters><DistanceMeters>1470.9000244140625</DistanceMeters><HeartRateBpm><Value>142</Value></HeartRateBpm><Cadence>89</Cadence><SensorState>Present</SensorState></Trackpoint><Trackpoint><Time>2025-11-04T11:42:15.708Z</Time><Position><LatitudeDegrees>43.29333333</LatitudeDegrees><LongitudeDegrees>-2.872585</LongitudeDegrees></Position><AltitudeMeters>37.034</AltitudeMeters><DistanceMeters>1474.0999755859375</DistanceMeters><HeartRateBpm><Value>142</Value></HeartRateBpm><Cadence>89</Cadence><SensorState>Present</SensorState></Trackpoint><Trackpoint><Time>2025-11-04T11:42:16.708Z</Time><Position><LatitudeDegrees>43.29333833</LatitudeDegrees><LongitudeDegrees>-2.87254</LongitudeDegrees></Position><AltitudeMeters>37.034</AltitudeMeters><DistanceMeters>1476.5999755859375</DistanceMeters><HeartRateBpm><Value>142</Value></HeartRateBpm><Cadence>89</Cadence><SensorState>Present</SensorState></Trackpoint><Trackpoint><Time>2025-11-04T11:42:17.708Z</Time><Position><LatitudeDegrees>43.29334</LatitudeDegrees><LongitudeDegrees>-2.87250667</LongitudeDegrees></Position><AltitudeMeters>37.034</AltitudeMeters><DistanceMeters>1479.800048828125</DistanceMeters><HeartRateBpm><Value>141</Value></HeartRateBpm><Cadence>89</Cadence><SensorState>Present</SensorState></Trackpoint><Trackpoint><Time>2025-11-04T11:42:18.708Z</Time><Position><LatitudeDegrees>43.29334333</LatitudeDegrees><LongitudeDegrees>-2.87247333</LongitudeDegrees></Position><AltitudeMeters>37.186</AltitudeMeters><DistanceMeters>1483.0</DistanceMeters><HeartRateBpm><Value>141</Value></HeartRateBpm><Cadence>89</Cadence><SensorState>Present</SensorState></Trackpoint><Trackpoint><Time>2025-11-04T11:42:19.708Z</Time><Position><LatitudeDegrees>43.293355</LatitudeDegrees><LongitudeDegrees>-2.87243833</LongitudeDegrees></Position><AltitudeMeters>37.186</AltitudeMeters><DistanceMeters>1486.0</DistanceMeters><HeartRateBpm><Value>141</Value></HeartRateBpm><Cadence>89</Cadence><SensorState>Present</SensorState></Trackpoint><Trackpoint><Time>2025-11-04T11:42:20.708Z</Time><Position><LatitudeDegrees>43.29336667</LatitudeDegrees><LongitudeDegrees>-2.87241</LongitudeDegrees></Position><AltitudeMeters>37.186</AltitudeMeters><DistanceMeters>1488.800048828125</DistanceMeters><HeartRateBpm><Value>141</Value></HeartRateBpm><Cadence>89</Cadence><SensorState>Present</SensorState></Trackpoint><Trackpoint><Time>2025-11-04T11:42:21.708Z</Time><Position><LatitudeDegrees>43.293375</LatitudeDegrees><LongitudeDegrees>-2.87238333</LongitudeDegrees></Position><AltitudeMeters>37.338</AltitudeMeters><DistanceMeters>1491.4000244140625</DistanceMeters><HeartRateBpm><Value>140</Value></HeartRateBpm><Cadence>89</Cadence><SensorState>Present</SensorState></Trackpoint><Trackpoint><Time>2025-11-04T11:42:22.708Z</Time><Position><LatitudeDegrees>43.29338167</LatitudeDegrees><LongitudeDegrees>-2.87235167</LongitudeDegrees></Position><AltitudeMeters>37.338</AltitudeMeters><DistanceMeters>1493.699951171875</DistanceMeters><HeartRateBpm><Value>140</Value></HeartRateBpm><Cadence>89</Cadence><SensorState>Present</SensorState></Trackpoint><Trackpoint><Time>2025-11-04T11:42:23.708Z</Time><Position><LatitudeDegrees>43.29339</LatitudeDegrees><LongitudeDegrees>-2.87232333</LongitudeDegrees></Position><AltitudeMeters>37.338</AltitudeMeters><DistanceMeters>1495.5</DistanceMeters><HeartRateBpm><Value>140</Value></HeartRateBpm><Cadence>89</Cadence><SensorState>Present</SensorState></Trackpoint><Trackpoint><Time>2025-11-04T11:42:24.708Z</Time><Position><LatitudeDegrees>43.29340333</LatitudeDegrees><LongitudeDegrees>-2.872295</LongitudeDegrees></Position><AltitudeMeters>37.491</AltitudeMeters><DistanceMeters>1497.5</DistanceMeters><HeartRateBpm><Value>140</Value></HeartRateBpm><Cadence>89</Cadence><SensorState>Present</SensorState></Trackpoint><Trackpoint><Time>2025-11-04T11:42:25.708Z</Time><Position><LatitudeDegrees>43.293415</LatitudeDegrees><LongitudeDegrees>-2.87226833</LongitudeDegrees></Position><AltitudeMeters>37.491</AltitudeMeters><DistanceMeters>1499.800048828125</DistanceMeters><HeartRateBpm><Value>140</Value></HeartRateBpm><Cadence>89</Cadence><SensorState>Present</SensorState></Trackpoint><Trackpoint><Time>2025-11-04T11:42:26.708Z</Time><Position><LatitudeDegrees>43.29343</LatitudeDegrees><LongitudeDegrees>-2.87224667</LongitudeDegrees></Position><AltitudeMeters>37.491</AltitudeMeters><DistanceMeters>1502.4000244140625</DistanceMeters><HeartRateBpm><Value>140</Value></HeartRateBpm><Cadence>89</Cadence><SensorState>Present</SensorState></Trackpoint><Trackpoint><Time>2025-11-04T11:42:27.708Z</Time><Position><LatitudeDegrees>43.293445</LatitudeDegrees><LongitudeDegrees>-2.87222167</LongitudeDegrees></Position><AltitudeMeters>37.643</AltitudeMeters><DistanceMeters>1504.0</DistanceMeters><HeartRateBpm><Value>140</Value></HeartRateBpm><Cadence>87</Cadence><SensorState>Present</SensorState></Trackpoint><Trackpoint><Time>2025-11-04T11:42:28.708Z</Time><Position><LatitudeDegrees>43.293455</LatitudeDegrees><LongitudeDegrees>-2.87220833</LongitudeDegrees></Position><AltitudeMeters>37.643</AltitudeMeters><DistanceMeters>1505.9000244140625</DistanceMeters><HeartRateBpm><Value>140</Value></HeartRateBpm><Cadence>86</Cadence><SensorState>Present</SensorState></Trackpoint><Trackpoint><Time>2025-11-04T11:42:29.708Z</Time><Position><LatitudeDegrees>43.29346833</LatitudeDegrees><LongitudeDegrees>-2.87219167</LongitudeDegrees></Position><AltitudeMeters>37.643</AltitudeMeters><DistanceMeters>1508.0</DistanceMeters><HeartRateBpm><Value>140</Value></HeartRateBpm><Cadence>86</Cadence><SensorState>Present</SensorState></Trackpoint><Trackpoint><Time>2025-11-04T11:42:30.708Z</Time><Position><LatitudeDegrees>43.29348167</LatitudeDegrees><LongitudeDegrees>-2.87217333</LongitudeDegrees></Position><AltitudeMeters>37.796</AltitudeMeters><DistanceMeters>1510.0999755859375</DistanceMeters><HeartRateBpm><Value>140</Value></HeartRateBpm><Cadence>86</Cadence><SensorState>Present</SensorState></Trackpoint><Trackpoint><Time>2025-11-04T11:42:31.708Z</Time><Position><LatitudeDegrees>43.29349667</LatitudeDegrees><LongitudeDegrees>-2.87215333</LongitudeDegrees></Position><AltitudeMeters>37.796</AltitudeMeters><DistanceMeters>1512.0999755859375</DistanceMeters><HeartRateBpm><Value>140</Value></HeartRateBpm><Cadence>86</Cadence><SensorState>Present</SensorState></Trackpoint><Trackpoint><Time>2025-11-04T11:42:32.708Z</Time><Position><LatitudeDegrees>43.29351167</LatitudeDegrees><LongitudeDegrees>-2.87213833</LongitudeDegrees></Position><AltitudeMeters>37.948</AltitudeMeters><DistanceMeters>1513.9000244140625</DistanceMeters><HeartRateBpm><Value>140</Value></HeartRateBpm><Cadence>87</Cadence><SensorState>Present</SensorState></Trackpoint><Trackpoint><Time>2025-11-04T11:42:33.708Z</Time><Position><LatitudeDegrees>43.29352833</LatitudeDegrees><LongitudeDegrees>-2.87212167</LongitudeDegrees></Position><AltitudeMeters>37.948</AltitudeMeters><DistanceMeters>1515.9000244140625</DistanceMeters><HeartRateBpm><Value>140</Value></HeartRateBpm><Cadence>88</Cadence><SensorState>Present</SensorState></Trackpoint><Trackpoint><Time>2025-11-04T11:42:34.708Z</Time><Position><LatitudeDegrees>43.293545</LatitudeDegrees><LongitudeDegrees>-2.87210833</LongitudeDegrees></Position><AltitudeMeters>38.1</AltitudeMeters><DistanceMeters>1518.0999755859375</DistanceMeters><HeartRateBpm><Value>140</Value></HeartRateBpm><Cadence>88</Cadence><SensorState>Present</SensorState></Trackpoint><Trackpoint><Time>2025-11-04T11:42:35.708Z</Time><Position><LatitudeDegrees>43.29356333</LatitudeDegrees><LongitudeDegrees>-2.87209667</LongitudeDegrees></Position><AltitudeMeters>38.1</AltitudeMeters><DistanceMeters>1520.0999755859375</DistanceMeters><HeartRateBpm><Value>140</Value></HeartRateBpm><Cadence>88</Cadence><SensorState>Present</SensorState></Trackpoint><Trackpoint><Time>2025-11-04T11:42:36.708Z</Time><Position><LatitudeDegrees>43.29358167</LatitudeDegrees><LongitudeDegrees>-2.872085</LongitudeDegrees></Position><AltitudeMeters>38.1</AltitudeMeters><DistanceMeters>1522.5</DistanceMeters><HeartRateBpm><Value>140</Value></HeartRateBpm><Cadence>88</Cadence><SensorState>Present</SensorState></Trackpoint><Trackpoint><Time>2025-11-04T11:42:37.708Z</Time><Position><LatitudeDegrees>43.29359833</LatitudeDegrees><LongitudeDegrees>-2.87207333</LongitudeDegrees></Position><AltitudeMeters>38.253</AltitudeMeters><DistanceMeters>1525.0</DistanceMeters><HeartRateBpm><Value>140</Value></HeartRateBpm><Cadence>88</Cadence><SensorState>Present</SensorState></Trackpoint><Trackpoint><Time>2025-11-04T11:42:38.708Z</Time><Position><LatitudeDegrees>43.29361833</LatitudeDegrees><LongitudeDegrees>-2.87206167</LongitudeDegrees></Position><AltitudeMeters>38.253</AltitudeMeters><DistanceMeters>1527.300048828125</DistanceMeters><HeartRateBpm><Value>140</Value></HeartRateBpm><Cadence>87</Cadence><SensorState>Present</SensorState></Trackpoint><Trackpoint><Time>2025-11-04T11:42:39.708Z</Time><Position><LatitudeDegrees>43.29363667</LatitudeDegrees><LongitudeDegrees>-2.87204833</LongitudeDegrees></Position><AltitudeMeters>38.253</AltitudeMeters><DistanceMeters>1529.5</DistanceMeters><HeartRateBpm><Value>140</Value></HeartRateBpm><Cadence>86</Cadence><SensorState>Present</SensorState></Trackpoint><Trackpoint><Time>2025-11-04T11:42:40.708Z</Time><Position><LatitudeDegrees>43.29365333</LatitudeDegrees><LongitudeDegrees>-2.87203333</LongitudeDegrees></Position><AltitudeMeters>38.405</AltitudeMeters><DistanceMeters>1531.9000244140625</DistanceMeters><HeartRateBpm><Value>140</Value></HeartRateBpm><Cadence>86</Cadence><SensorState>Present</SensorState></Trackpoint><Trackpoint><Time>2025-11-04T11:42:41.708Z</Time><Position><LatitudeDegrees>43.29367167</LatitudeDegrees><LongitudeDegrees>-2.87201833</LongitudeDegrees></Position><AltitudeMeters>38.405</AltitudeMeters><DistanceMeters>1534.0999755859375</DistanceMeters><HeartRateBpm><Value>140</Value></HeartRateBpm><Cadence>86</Cadence><SensorState>Present</SensorState></Trackpoint><Trackpoint><Time>2025-11-04T11:42:42.708Z</Time><Position><LatitudeDegrees>43.29368833</LatitudeDegrees><LongitudeDegrees>-2.87200667</LongitudeDegrees></Position><AltitudeMeters>38.558</AltitudeMeters><DistanceMeters>1536.5</DistanceMeters><HeartRateBpm><Value>140</Value></HeartRateBpm><Cadence>86</Cadence><SensorState>Present</SensorState></Trackpoint><Trackpoint><Time>2025-11-04T11:42:43.708Z</Time><Position><LatitudeDegrees>43.29370833</LatitudeDegrees><LongitudeDegrees>-2.87199667</LongitudeDegrees></Position><AltitudeMeters>38.558</AltitudeMeters><DistanceMeters>1538.5</DistanceMeters><HeartRateBpm><Value>140</Value></HeartRateBpm><Cadence>86</Cadence><SensorState>Present</SensorState></Trackpoint><Trackpoint><Time>2025-11-04T11:42:44.708Z</Time><Position><LatitudeDegrees>43.29372333</LatitudeDegrees><LongitudeDegrees>-2.871985</LongitudeDegrees></Position><AltitudeMeters>38.558</AltitudeMeters><DistanceMeters>1540.4000244140625</DistanceMeters><HeartRateBpm><Value>141</Value></HeartRateBpm><Cadence>85</Cadence><SensorState>Present</SensorState></Trackpoint><Trackpoint><Time>2025-11-04T11:42:45.708Z</Time><Position><LatitudeDegrees>43.29373667</LatitudeDegrees><LongitudeDegrees>-2.87197167</LongitudeDegrees></Position><AltitudeMeters>38.71</AltitudeMeters><DistanceMeters>1542.5</DistanceMeters><HeartRateBpm><Value>141</Value></HeartRateBpm><Cadence>84</Cadence><SensorState>Present</SensorState></Trackpoint><Trackpoint><Time>2025-11-04T11:42:46.708Z</Time><Position><LatitudeDegrees>43.29375333</LatitudeDegrees><LongitudeDegrees>-2.87196</LongitudeDegrees></Position><AltitudeMeters>38.71</AltitudeMeters><DistanceMeters>1544.5</DistanceMeters><HeartRateBpm><Value>141</Value></HeartRateBpm><Cadence>85</Cadence><SensorState>Present</SensorState></Trackpoint><Trackpoint><Time>2025-11-04T11:42:47.708Z</Time><Position><LatitudeDegrees>43.29377167</LatitudeDegrees><LongitudeDegrees>-2.87194833</LongitudeDegrees></Position><AltitudeMeters>38.862</AltitudeMeters><DistanceMeters>1546.5999755859375</DistanceMeters><HeartRateBpm><Value>141</Value></HeartRateBpm><Cadence>85</Cadence><SensorState>Present</SensorState></Trackpoint><Trackpoint><Time>2025-11-04T11:42:48.708Z</Time><Position><LatitudeDegrees>43.29379</LatitudeDegrees><LongitudeDegrees>-2.87194</LongitudeDegrees></Position><AltitudeMeters>38.862</AltitudeMeters><DistanceMeters>1548.9000244140625</DistanceMeters><HeartRateBpm><Value>141</Value></HeartRateBpm><Cadence>85</Cadence><SensorState>Present</SensorState></Trackpoint><Trackpoint><Time>2025-11-04T11:42:49.708Z</Time><Position><LatitudeDegrees>43.29381</LatitudeDegrees><LongitudeDegrees>-2.87192667</LongitudeDegrees></Position><AltitudeMeters>39.015</AltitudeMeters><DistanceMeters>1551.0</DistanceMeters><HeartRateBpm><Value>141</Value></HeartRateBpm><Cadence>85</Cadence><SensorState>Present</SensorState></Trackpoint><Trackpoint><Time>2025-11-04T11:42:50.708Z</Time><Position><LatitudeDegrees>43.29382833</LatitudeDegrees><LongitudeDegrees>-2.87191667</LongitudeDegrees></Position><AltitudeMeters>39.167</AltitudeMeters><DistanceMeters>1553.4000244140625</DistanceMeters><HeartRateBpm><Value>141</Value></HeartRateBpm><Cadence>85</Cadence><SensorState>Present</SensorState></Trackpoint><Trackpoint><Time>2025-11-04T11:42:51.708Z</Time><Position><LatitudeDegrees>43.29384833</LatitudeDegrees><LongitudeDegrees>-2.871905</LongitudeDegrees></Position><AltitudeMeters>39.167</AltitudeMeters><DistanceMeters>1556.0</DistanceMeters><HeartRateBpm><Value>141</Value></HeartRateBpm><Cadence>85</Cadence><SensorState>Present</SensorState></Trackpoint><Trackpoint><Time>2025-11-04T11:42:52.708Z</Time><Position><LatitudeDegrees>43.29387167</LatitudeDegrees><LongitudeDegrees>-2.871895</LongitudeDegrees></Position><AltitudeMeters>39.32</AltitudeMeters><DistanceMeters>1558.5</DistanceMeters><HeartRateBpm><Value>141</Value></HeartRateBpm><Cadence>85</Cadence><SensorState>Present</SensorState></Trackpoint><Trackpoint><Time>2025-11-04T11:42:53.708Z</Time><Position><LatitudeDegrees>43.29389167</LatitudeDegrees><LongitudeDegrees>-2.87188833</LongitudeDegrees></Position><AltitudeMeters>39.472</AltitudeMeters><DistanceMeters>1561.199951171875</DistanceMeters><HeartRateBpm><Value>141</Value></HeartRateBpm><Cadence>85</Cadence><SensorState>Present</SensorState></Trackpoint><Trackpoint><Time>2025-11-04T11:42:54.708Z</Time><Position><LatitudeDegrees>43.29391167</LatitudeDegrees><LongitudeDegrees>-2.871875</LongitudeDegrees></Position><AltitudeMeters>39.624</AltitudeMeters><DistanceMeters>1563.800048828125</DistanceMeters><HeartRateBpm><Value>141</Value></HeartRateBpm><Cadence>85</Cadence><SensorState>Present</SensorState></Trackpoint><Trackpoint><Time>2025-11-04T11:42:55.708Z</Time><Position><LatitudeDegrees>43.29393167</LatitudeDegrees><LongitudeDegrees>-2.87186333</LongitudeDegrees></Position><AltitudeMeters>39.777</AltitudeMeters><DistanceMeters>1566.4000244140625</DistanceMeters><HeartRateBpm><Value>141</Value></HeartRateBpm><Cadence>85</Cadence><SensorState>Present</SensorState></Trackpoint><Trackpoint><Time>2025-11-04T11:42:56.708Z</Time><Position><LatitudeDegrees>43.29395167</LatitudeDegrees><LongitudeDegrees>-2.87185</LongitudeDegrees></Position><AltitudeMeters>39.929</AltitudeMeters><DistanceMeters>1568.9000244140625</DistanceMeters><HeartRateBpm><Value>141</Value></HeartRateBpm><Cadence>85</Cadence><SensorState>Present</SensorState></Trackpoint><Trackpoint><Time>2025-11-04T11:42:57.708Z</Time><Position><LatitudeDegrees>43.29397167</LatitudeDegrees><LongitudeDegrees>-2.87184167</LongitudeDegrees></Position><AltitudeMeters>39.929</AltitudeMeters><DistanceMeters>1571.199951171875</DistanceMeters><HeartRateBpm><Value>142</Value></HeartRateBpm><Cadence>85</Cadence><SensorState>Present</SensorState></Trackpoint><Trackpoint><Time>2025-11-04T11:42:58.708Z</Time><Position><LatitudeDegrees>43.29399</LatitudeDegrees><LongitudeDegrees>-2.87183167</LongitudeDegrees></Position><AltitudeMeters>40.234</AltitudeMeters><DistanceMeters>1573.5</DistanceMeters><HeartRateBpm><Value>142</Value></HeartRateBpm><Cadence>84</Cadence><SensorState>Present</SensorState></Trackpoint><Trackpoint><Time>2025-11-04T11:42:59.708Z</Time><Position><LatitudeDegrees>43.29400667</LatitudeDegrees><LongitudeDegrees>-2.87181667</LongitudeDegrees></Position><AltitudeMeters>40.386</AltitudeMeters><DistanceMeters>1575.800048828125</DistanceMeters><HeartRateBpm><Value>142</Value></HeartRateBpm><Cadence>84</Cadence><SensorState>Present</SensorState></Trackpoint><Trackpoint><Time>2025-11-04T11:43:00.708Z</Time><Position><LatitudeDegrees>43.29402667</LatitudeDegrees><LongitudeDegrees>-2.871805</LongitudeDegrees></Position><AltitudeMeters>40.539</AltitudeMeters><DistanceMeters>1578.199951171875</DistanceMeters><HeartRateBpm><Value>142</Value></HeartRateBpm><Cadence>85</Cadence><SensorState>Present</SensorState></Trackpoint><Trackpoint><Time>2025-11-04T11:43:01.708Z</Time><Position><LatitudeDegrees>43.29404833</LatitudeDegrees><LongitudeDegrees>-2.871795</LongitudeDegrees></Position><AltitudeMeters>40.691</AltitudeMeters><DistanceMeters>1580.5999755859375</DistanceMeters><HeartRateBpm><Value>142</Value></HeartRateBpm><Cadence>85</Cadence><SensorState>Present</SensorState></Trackpoint><Trackpoint><Time>2025-11-04T11:43:02.708Z</Time><Position><LatitudeDegrees>43.29406833</LatitudeDegrees><LongitudeDegrees>-2.871785</LongitudeDegrees></Position><AltitudeMeters>40.844</AltitudeMeters><DistanceMeters>1582.9000244140625</DistanceMeters><HeartRateBpm><Value>142</Value></HeartRateBpm><Cadence>85</Cadence><SensorState>Present</SensorState></Trackpoint><Trackpoint><Time>2025-11-04T11:43:03.708Z</Time><Position><LatitudeDegrees>43.29408833</LatitudeDegrees><LongitudeDegrees>-2.871775</LongitudeDegrees></Position><AltitudeMeters>40.996</AltitudeMeters><DistanceMeters>1585.300048828125</DistanceMeters><HeartRateBpm><Value>142</Value></HeartRateBpm><Cadence>85</Cadence><SensorState>Present</SensorState></Trackpoint><Trackpoint><Time>2025-11-04T11:43:04.708Z</Time><Position><LatitudeDegrees>43.29410667</LatitudeDegrees><LongitudeDegrees>-2.87176</LongitudeDegrees></Position><AltitudeMeters>41.148</AltitudeMeters><DistanceMeters>1587.5</DistanceMeters><HeartRateBpm><Value>142</Value></HeartRateBpm><Cadence>85</Cadence><SensorState>Present</SensorState></Trackpoint><Trackpoint><Time>2025-11-04T11:43:05.708Z</Time><Position><LatitudeDegrees>43.294125</LatitudeDegrees><LongitudeDegrees>-2.87174833</LongitudeDegrees></Position><AltitudeMeters>41.453</AltitudeMeters><DistanceMeters>1590.0</DistanceMeters><HeartRateBpm><Value>142</Value></HeartRateBpm><Cadence>85</Cadence><SensorState>Present</SensorState></Trackpoint><Trackpoint><Time>2025-11-04T11:43:06.708Z</Time><Position><LatitudeDegrees>43.294145</LatitudeDegrees><LongitudeDegrees>-2.871735</LongitudeDegrees></Position><AltitudeMeters>41.606</AltitudeMeters><DistanceMeters>1592.5</DistanceMeters><HeartRateBpm><Value>142</Value></HeartRateBpm><Cadence>85</Cadence><SensorState>Present</SensorState></Trackpoint><Trackpoint><Time>2025-11-04T11:43:07.708Z</Time><Position><LatitudeDegrees>43.29416333</LatitudeDegrees><LongitudeDegrees>-2.87171833</LongitudeDegrees></Position><AltitudeMeters>41.758</AltitudeMeters><DistanceMeters>1595.0</DistanceMeters><HeartRateBpm><Value>142</Value></HeartRateBpm><Cadence>85</Cadence><SensorState>Present</SensorState></Trackpoint><Trackpoint><Time>2025-11-04T11:43:08.708Z</Time><Position><LatitudeDegrees>43.29418167</LatitudeDegrees><LongitudeDegrees>-2.871705</LongitudeDegrees></Position><AltitudeMeters>41.911</AltitudeMeters><DistanceMeters>1597.199951171875</DistanceMeters><HeartRateBpm><Value>142</Value></HeartRateBpm><Cadence>85</Cadence><SensorState>Present</SensorState></Trackpoint><Trackpoint><Time>2025-11-04T11:43:09.708Z</Time><Position><LatitudeDegrees>43.29419833</LatitudeDegrees><LongitudeDegrees>-2.87169</LongitudeDegrees></Position><AltitudeMeters>42.215</AltitudeMeters><DistanceMeters>1599.199951171875</DistanceMeters><HeartRateBpm><Value>142</Value></HeartRateBpm><Cadence>85</Cadence><SensorState>Present</SensorState></Trackpoint><Trackpoint><Time>2025-11-04T11:43:10.708Z</Time><Position><LatitudeDegrees>43.294215</LatitudeDegrees><LongitudeDegrees>-2.87168</LongitudeDegrees></Position><AltitudeMeters>42.368</AltitudeMeters><DistanceMeters>1601.300048828125</DistanceMeters><HeartRateBpm><Value>142</Value></HeartRateBpm><Cadence>85</Cadence><SensorState>Present</SensorState></Trackpoint><Trackpoint><Time>2025-11-04T11:43:11.708Z</Time><Position><LatitudeDegrees>43.29423167</LatitudeDegrees><LongitudeDegrees>-2.87167333</LongitudeDegrees></Position><AltitudeMeters>42.52</AltitudeMeters><DistanceMeters>1603.4000244140625</DistanceMeters><HeartRateBpm><Value>142</Value></HeartRateBpm><Cadence>85</Cadence><SensorState>Present</SensorState></Trackpoint><Trackpoint><Time>2025-11-04T11:43:12.708Z</Time><Position><LatitudeDegrees>43.29425</LatitudeDegrees><LongitudeDegrees>-2.87166167</LongitudeDegrees></Position><AltitudeMeters>42.673</AltitudeMeters><DistanceMeters>1605.5</DistanceMeters><HeartRateBpm><Value>142</Value></HeartRateBpm><Cadence>85</Cadence><SensorState>Present</SensorState></Trackpoint><Trackpoint><Time>2025-11-04T11:43:13.708Z</Time><Position><LatitudeDegrees>43.29426667</LatitudeDegrees><LongitudeDegrees>-2.87165167</LongitudeDegrees></Position><AltitudeMeters>42.825</AltitudeMeters><DistanceMeters>1607.4000244140625</DistanceMeters><HeartRateBpm><Value>142</Value></HeartRateBpm><Cadence>85</Cadence><SensorState>Present</SensorState></Trackpoint><Trackpoint><Time>2025-11-04T11:43:14.708Z</Time><Position><LatitudeDegrees>43.29428333</LatitudeDegrees><LongitudeDegrees>-2.87164</LongitudeDegrees></Position><AltitudeMeters>42.977</AltitudeMeters><DistanceMeters>1609.5</DistanceMeters><HeartRateBpm><Value>142</Value></HeartRateBpm><Cadence>85</Cadence><SensorState>Present</SensorState></Trackpoint><Trackpoint><Time>2025-11-04T11:43:15.708Z</Time><Position><LatitudeDegrees>43.2943</LatitudeDegrees><LongitudeDegrees>-2.87162667</LongitudeDegrees></Position><AltitudeMeters>43.282</AltitudeMeters><DistanceMeters>1611.5</DistanceMeters><HeartRateBpm><Value>143</Value></HeartRateBpm><Cadence>85</Cadence><SensorState>Present</SensorState></Trackpoint><Trackpoint><Time>2025-11-04T11:43:16.708Z</Time><Position><LatitudeDegrees>43.29431833</LatitudeDegrees><LongitudeDegrees>-2.87161333</LongitudeDegrees></Position><AltitudeMeters>43.435</AltitudeMeters><DistanceMeters>1613.5</DistanceMeters><HeartRateBpm><Value>143</Value></HeartRateBpm><Cadence>85</Cadence><SensorState>Present</SensorState></Trackpoint><Trackpoint><Time>2025-11-04T11:43:17.708Z</Time><Position><LatitudeDegrees>43.294335</LatitudeDegrees><LongitudeDegrees>-2.87159833</LongitudeDegrees></Position><AltitudeMeters>43.587</AltitudeMeters><DistanceMeters>1615.800048828125</DistanceMeters><HeartRateBpm><Value>143</Value></HeartRateBpm><Cadence>85</Cadence><SensorState>Present</SensorState></Trackpoint><Trackpoint><Time>2025-11-04T11:43:18.708Z</Time><Position><LatitudeDegrees>43.29435</LatitudeDegrees><LongitudeDegrees>-2.87158</LongitudeDegrees></Position><AltitudeMeters>43.739</AltitudeMeters><DistanceMeters>1618.0999755859375</DistanceMeters><HeartRateBpm><Value>143</Value></HeartRateBpm><Cadence>85</Cadence><SensorState>Present</SensorState></Trackpoint><Trackpoint><Time>2025-11-04T11:43:19.708Z</Time><Position><LatitudeDegrees>43.294365</LatitudeDegrees><LongitudeDegrees>-2.87156167</LongitudeDegrees></Position><AltitudeMeters>43.892</AltitudeMeters><DistanceMeters>1620.4000244140625</DistanceMeters><HeartRateBpm><Value>143</Value></HeartRateBpm><Cadence>84</Cadence><SensorState>Present</SensorState></Trackpoint><Trackpoint><Time>2025-11-04T11:43:20.708Z</Time><Position><LatitudeDegrees>43.29438</LatitudeDegrees><LongitudeDegrees>-2.87154333</LongitudeDegrees></Position><AltitudeMeters>44.044</AltitudeMeters><DistanceMeters>1622.4000244140625</DistanceMeters><HeartRateBpm><Value>143</Value></HeartRateBpm><Cadence>84</Cadence><SensorState>Present</SensorState></Trackpoint><Trackpoint><Time>2025-11-04T11:43:21.708Z</Time><Position><LatitudeDegrees>43.29439333</LatitudeDegrees><LongitudeDegrees>-2.87152833</LongitudeDegrees></Position><AltitudeMeters>44.197</AltitudeMeters><DistanceMeters>1624.4000244140625</DistanceMeters><HeartRateBpm><Value>143</Value></HeartRateBpm><Cadence>84</Cadence><SensorState>Present</SensorState></Trackpoint><Trackpoint><Time>2025-11-04T11:43:22.708Z</Time><Position><LatitudeDegrees>43.29440667</LatitudeDegrees><LongitudeDegrees>-2.871515</LongitudeDegrees></Position><AltitudeMeters>44.349</AltitudeMeters><DistanceMeters>1626.300048828125</DistanceMeters><HeartRateBpm><Value>144</Value></HeartRateBpm><Cadence>84</Cadence><SensorState>Present</SensorState></Trackpoint><Trackpoint><Time>2025-11-04T11:43:23.708Z</Time><Position><LatitudeDegrees>43.29442167</LatitudeDegrees><LongitudeDegrees>-2.87150667</LongitudeDegrees></Position><AltitudeMeters>44.349</AltitudeMeters><DistanceMeters>1628.199951171875</DistanceMeters><HeartRateBpm><Value>144</Value></HeartRateBpm><Cadence>84</Cadence><SensorState>Present</SensorState></Trackpoint><Trackpoint><Time>2025-11-04T11:43:24.708Z</Time><Position><LatitudeDegrees>43.29443667</LatitudeDegrees><LongitudeDegrees>-2.87149667</LongitudeDegrees></Position><AltitudeMeters>44.501</AltitudeMeters><DistanceMeters>1629.9000244140625</DistanceMeters><HeartRateBpm><Value>144</Value></HeartRateBpm><Cadence>84</Cadence><SensorState>Present</SensorState></Trackpoint><Trackpoint><Time>2025-11-04T11:43:25.708Z</Time><Position><LatitudeDegrees>43.29445333</LatitudeDegrees><LongitudeDegrees>-2.87148833</LongitudeDegrees></Position><AltitudeMeters>44.654</AltitudeMeters><DistanceMeters>1631.800048828125</DistanceMeters><HeartRateBpm><Value>144</Value></HeartRateBpm><Cadence>84</Cadence><SensorState>Present</SensorState></Trackpoint><Trackpoint><Time>2025-11-04T11:43:26.708Z</Time><Position><LatitudeDegrees>43.29447167</LatitudeDegrees><LongitudeDegrees>-2.87148167</LongitudeDegrees></Position><AltitudeMeters>44.806</AltitudeMeters><DistanceMeters>1633.5</DistanceMeters><HeartRateBpm><Value>144</Value></HeartRateBpm><Cadence>84</Cadence><SensorState>Present</SensorState></Trackpoint><Trackpoint><Time>2025-11-04T11:43:27.708Z</Time><Position><LatitudeDegrees>43.29448667</LatitudeDegrees><LongitudeDegrees>-2.87147167</LongitudeDegrees></Position><AltitudeMeters>44.959</AltitudeMeters><DistanceMeters>1635.4000244140625</DistanceMeters><HeartRateBpm><Value>144</Value></HeartRateBpm><Cadence>85</Cadence><SensorState>Present</SensorState></Trackpoint><Trackpoint><Time>2025-11-04T11:43:28.708Z</Time><Position><LatitudeDegrees>43.29450333</LatitudeDegrees><LongitudeDegrees>-2.871465</LongitudeDegrees></Position><AltitudeMeters>45.111</AltitudeMeters><DistanceMeters>1637.300048828125</DistanceMeters><HeartRateBpm><Value>144</Value></HeartRateBpm><Cadence>85</Cadence><SensorState>Present</SensorState></Trackpoint><Trackpoint><Time>2025-11-04T11:43:29.708Z</Time><Position><LatitudeDegrees>43.29452167</LatitudeDegrees><LongitudeDegrees>-2.871455</LongitudeDegrees></Position><AltitudeMeters>45.111</AltitudeMeters><DistanceMeters>1639.4000244140625</DistanceMeters><HeartRateBpm><Value>144</Value></HeartRateBpm><Cadence>85</Cadence><SensorState>Present</SensorState></Trackpoint><Trackpoint><Time>2025-11-04T11:43:30.708Z</Time><Position><LatitudeDegrees>43.29453833</LatitudeDegrees><LongitudeDegrees>-2.871445</LongitudeDegrees></Position><AltitudeMeters>45.263</AltitudeMeters><DistanceMeters>1641.5</DistanceMeters><HeartRateBpm><Value>144</Value></HeartRateBpm><Cadence>85</Cadence><SensorState>Present</SensorState></Trackpoint><Trackpoint><Time>2025-11-04T11:43:31.708Z</Time><Position><LatitudeDegrees>43.294555</LatitudeDegrees><LongitudeDegrees>-2.871435</LongitudeDegrees></Position><AltitudeMeters>45.416</AltitudeMeters><DistanceMeters>1643.5</DistanceMeters><HeartRateBpm><Value>144</Value></HeartRateBpm><Cadence>85</Cadence><SensorState>Present</SensorState></Trackpoint><Trackpoint><Time>2025-11-04T11:43:32.708Z</Time><Position><LatitudeDegrees>43.29457</LatitudeDegrees><LongitudeDegrees>-2.871425</LongitudeDegrees></Position><AltitudeMeters>45.568</AltitudeMeters><DistanceMeters>1645.4000244140625</DistanceMeters><HeartRateBpm><Value>144</Value></HeartRateBpm><Cadence>85</Cadence><SensorState>Present</SensorState></Trackpoint><Trackpoint><Time>2025-11-04T11:43:33.708Z</Time><Position><LatitudeDegrees>43.294585</LatitudeDegrees><LongitudeDegrees>-2.87141833</LongitudeDegrees></Position><AltitudeMeters>45.721</AltitudeMeters><DistanceMeters>1647.0999755859375</DistanceMeters><HeartRateBpm><Value>144</Value></HeartRateBpm><Cadence>85</Cadence><SensorState>Present</SensorState></Trackpoint><Trackpoint><Time>2025-11-04T11:43:34.708Z</Time><Position><LatitudeDegrees>43.29459833</LatitudeDegrees><LongitudeDegrees>-2.87141167</LongitudeDegrees></Position><AltitudeMeters>46.025</AltitudeMeters><DistanceMeters>1648.800048828125</DistanceMeters><HeartRateBpm><Value>143</Value></HeartRateBpm><Cadence>85</Cadence><SensorState>Present</SensorState></Trackpoint><Trackpoint><Time>2025-11-04T11:43:35.708Z</Time><Position><LatitudeDegrees>43.29461333</LatitudeDegrees><LongitudeDegrees>-2.87140167</LongitudeDegrees></Position><AltitudeMeters>46.178</AltitudeMeters><DistanceMeters>1650.699951171875</DistanceMeters><HeartRateBpm><Value>143</Value></HeartRateBpm><Cadence>85</Cadence><SensorState>Present</SensorState></Trackpoint><Trackpoint><Time>2025-11-04T11:43:36.708Z</Time><Position><LatitudeDegrees>43.29462833</LatitudeDegrees><LongitudeDegrees>-2.87139</LongitudeDegrees></Position><AltitudeMeters>46.33</AltitudeMeters><DistanceMeters>1652.5</DistanceMeters><HeartRateBpm><Value>143</Value></HeartRateBpm><Cadence>85</Cadence><SensorState>Present</SensorState></Trackpoint><Trackpoint><Time>2025-11-04T11:43:37.708Z</Time><Position><LatitudeDegrees>43.29464333</LatitudeDegrees><LongitudeDegrees>-2.87138167</LongitudeDegrees></Position><AltitudeMeters>46.483</AltitudeMeters><DistanceMeters>1654.199951171875</DistanceMeters><HeartRateBpm><Value>143</Value></HeartRateBpm><Cadence>85</Cadence><SensorState>Present</SensorState></Trackpoint><Trackpoint><Time>2025-11-04T11:43:38.708Z</Time><Position><LatitudeDegrees>43.29465833</LatitudeDegrees><LongitudeDegrees>-2.87137167</LongitudeDegrees></Position><AltitudeMeters>46.787</AltitudeMeters><DistanceMeters>1656.0</DistanceMeters><HeartRateBpm><Value>143</Value></HeartRateBpm><Cadence>85</Cadence><SensorState>Present</SensorState></Trackpoint><Trackpoint><Time>2025-11-04T11:43:39.708Z</Time><Position><LatitudeDegrees>43.294675</LatitudeDegrees><LongitudeDegrees>-2.871365</LongitudeDegrees></Position><AltitudeMeters>46.94</AltitudeMeters><DistanceMeters>1657.699951171875</DistanceMeters><HeartRateBpm><Value>143</Value></HeartRateBpm><Cadence>84</Cadence><SensorState>Present</SensorState></Trackpoint><Trackpoint><Time>2025-11-04T11:43:40.708Z</Time><Position><LatitudeDegrees>43.29469</LatitudeDegrees><LongitudeDegrees>-2.87135667</LongitudeDegrees></Position><AltitudeMeters>47.245</AltitudeMeters><DistanceMeters>1659.5999755859375</DistanceMeters><HeartRateBpm><Value>143</Value></HeartRateBpm><Cadence>84</Cadence><SensorState>Present</SensorState></Trackpoint><Trackpoint><Time>2025-11-04T11:43:41.708Z</Time><Position><LatitudeDegrees>43.29470667</LatitudeDegrees><LongitudeDegrees>-2.87134833</LongitudeDegrees></Position><AltitudeMeters>47.397</AltitudeMeters><DistanceMeters>1661.5</DistanceMeters><HeartRateBpm><Value>143</Value></HeartRateBpm><Cadence>84</Cadence><SensorState>Present</SensorState></Trackpoint><Trackpoint><Time>2025-11-04T11:43:42.708Z</Time><Position><LatitudeDegrees>43.29472167</LatitudeDegrees><LongitudeDegrees>-2.87134167</LongitudeDegrees></Position><AltitudeMeters>47.702</AltitudeMeters><DistanceMeters>1663.5999755859375</DistanceMeters><HeartRateBpm><Value>143</Value></HeartRateBpm><Cadence>84</Cadence><SensorState>Present</SensorState></Trackpoint><Trackpoint><Time>2025-11-04T11:43:43.708Z</Time><Position><LatitudeDegrees>43.29473833</LatitudeDegrees><LongitudeDegrees>-2.87133167</LongitudeDegrees></Position><AltitudeMeters>47.854</AltitudeMeters><DistanceMeters>1665.4000244140625</DistanceMeters><HeartRateBpm><Value>142</Value></HeartRateBpm><Cadence>84</Cadence><SensorState>Present</SensorState></Trackpoint><Trackpoint><Time>2025-11-04T11:43:44.708Z</Time><Position><LatitudeDegrees>43.29475333</LatitudeDegrees><LongitudeDegrees>-2.87132333</LongitudeDegrees></Position><AltitudeMeters>48.159</AltitudeMeters><DistanceMeters>1667.300048828125</DistanceMeters><HeartRateBpm><Value>142</Value></HeartRateBpm><Cadence>84</Cadence><SensorState>Present</SensorState></Trackpoint><Trackpoint><Time>2025-11-04T11:43:45.708Z</Time><Position><LatitudeDegrees>43.29477</LatitudeDegrees><LongitudeDegrees>-2.87131667</LongitudeDegrees></Position><AltitudeMeters>48.311</AltitudeMeters><DistanceMeters>1669.0999755859375</DistanceMeters><HeartRateBpm><Value>142</Value></HeartRateBpm><Cadence>84</Cadence><SensorState>Present</SensorState></Trackpoint><Trackpoint><Time>2025-11-04T11:43:46.708Z</Time><Position><LatitudeDegrees>43.29478333</LatitudeDegrees><LongitudeDegrees>-2.87131</LongitudeDegrees></Position><AltitudeMeters>48.616</AltitudeMeters><DistanceMeters>1670.9000244140625</DistanceMeters><HeartRateBpm><Value>142</Value></HeartRateBpm><Cadence>84</Cadence><SensorState>Present</SensorState></Trackpoint><Trackpoint><Time>2025-11-04T11:43:47.708Z</Time><Position><LatitudeDegrees>43.29479833</LatitudeDegrees><LongitudeDegrees>-2.87130333</LongitudeDegrees></Position><AltitudeMeters>48.769</AltitudeMeters><DistanceMeters>1672.5</DistanceMeters><HeartRateBpm><Value>142</Value></HeartRateBpm><Cadence>84</Cadence><SensorState>Present</SensorState></Trackpoint><Trackpoint><Time>2025-11-04T11:43:48.708Z</Time><Position><LatitudeDegrees>43.29481167</LatitudeDegrees><LongitudeDegrees>-2.87129667</LongitudeDegrees></Position><AltitudeMeters>49.073</AltitudeMeters><DistanceMeters>1673.9000244140625</DistanceMeters><HeartRateBpm><Value>142</Value></HeartRateBpm><Cadence>84</Cadence><SensorState>Present</SensorState></Trackpoint><Trackpoint><Time>2025-11-04T11:43:49.708Z</Time><Position><LatitudeDegrees>43.29482167</LatitudeDegrees><LongitudeDegrees>-2.87129333</LongitudeDegrees></Position><AltitudeMeters>49.378</AltitudeMeters><DistanceMeters>1675.300048828125</DistanceMeters><HeartRateBpm><Value>142</Value></HeartRateBpm><Cadence>84</Cadence><SensorState>Present</SensorState></Trackpoint><Trackpoint><Time>2025-11-04T11:43:50.708Z</Time><Position><LatitudeDegrees>43.29483833</LatitudeDegrees><LongitudeDegrees>-2.87129333</LongitudeDegrees></Position><AltitudeMeters>49.683</AltitudeMeters><DistanceMeters>1677.199951171875</DistanceMeters><HeartRateBpm><Value>142</Value></HeartRateBpm><Cadence>84</Cadence><SensorState>Present</SensorState></Trackpoint><Trackpoint><Time>2025-11-04T11:43:51.708Z</Time><Position><LatitudeDegrees>43.29485667</LatitudeDegrees><LongitudeDegrees>-2.87128833</LongitudeDegrees></Position><AltitudeMeters>49.988</AltitudeMeters><DistanceMeters>1679.0</DistanceMeters><HeartRateBpm><Value>142</Value></HeartRateBpm><Cadence>84</Cadence><SensorState>Present</SensorState></Trackpoint><Trackpoint><Time>2025-11-04T11:43:52.708Z</Time><Position><LatitudeDegrees>43.294875</LatitudeDegrees><LongitudeDegrees>-2.87128667</LongitudeDegrees></Position><AltitudeMeters>50.14</AltitudeMeters><DistanceMeters>1681.0</DistanceMeters><HeartRateBpm><Value>142</Value></HeartRateBpm><Cadence>84</Cadence><SensorState>Present</SensorState></Trackpoint><Trackpoint><Time>2025-11-04T11:43:53.708Z</Time><Position><LatitudeDegrees>43.294895</LatitudeDegrees><LongitudeDegrees>-2.871285</LongitudeDegrees></Position><AltitudeMeters>50.445</AltitudeMeters><DistanceMeters>1682.800048828125</DistanceMeters><HeartRateBpm><Value>143</Value></HeartRateBpm><Cadence>84</Cadence><SensorState>Present</SensorState></Trackpoint><Trackpoint><Time>2025-11-04T11:43:54.708Z</Time><Position><LatitudeDegrees>43.29491167</LatitudeDegrees><LongitudeDegrees>-2.87128167</LongitudeDegrees></Position><AltitudeMeters>50.75</AltitudeMeters><DistanceMeters>1684.9000244140625</DistanceMeters><HeartRateBpm><Value>143</Value></HeartRateBpm><Cadence>84</Cadence><SensorState>Present</SensorState></Trackpoint><Trackpoint><Time>2025-11-04T11:43:55.708Z</Time><Position><LatitudeDegrees>43.29492667</LatitudeDegrees><LongitudeDegrees>-2.871275</LongitudeDegrees></Position><AltitudeMeters>51.055</AltitudeMeters><DistanceMeters>1686.800048828125</DistanceMeters><HeartRateBpm><Value>143</Value></HeartRateBpm><Cadence>83</Cadence><SensorState>Present</SensorState></Trackpoint><Trackpoint><Time>2025-11-04T11:43:56.708Z</Time><Position><LatitudeDegrees>43.29494333</LatitudeDegrees><LongitudeDegrees>-2.87127167</LongitudeDegrees></Position><AltitudeMeters>51.359</AltitudeMeters><DistanceMeters>1689.0</DistanceMeters><HeartRateBpm><Value>143</Value></HeartRateBpm><Cadence>82</Cadence><SensorState>Present</SensorState></Trackpoint><Trackpoint><Time>2025-11-04T11:43:57.708Z</Time><Position><LatitudeDegrees>43.29496167</LatitudeDegrees><LongitudeDegrees>-2.87127667</LongitudeDegrees></Position><AltitudeMeters>51.664</AltitudeMeters><DistanceMeters>1691.4000244140625</DistanceMeters><HeartRateBpm><Value>143</Value></HeartRateBpm><Cadence>82</Cadence><SensorState>Present</SensorState></Trackpoint><Trackpoint><Time>2025-11-04T11:43:58.708Z</Time><Position><LatitudeDegrees>43.29498</LatitudeDegrees><LongitudeDegrees>-2.87128833</LongitudeDegrees></Position><AltitudeMeters>51.969</AltitudeMeters><DistanceMeters>1693.699951171875</DistanceMeters><HeartRateBpm><Value>144</Value></HeartRateBpm><Cadence>82</Cadence><SensorState>Present</SensorState></Trackpoint><Trackpoint><Time>2025-11-04T11:43:59.708Z</Time><Position><LatitudeDegrees>43.29499833</LatitudeDegrees><LongitudeDegrees>-2.87130333</LongitudeDegrees></Position><AltitudeMeters>52.274</AltitudeMeters><DistanceMeters>1696.0</DistanceMeters><HeartRateBpm><Value>143</Value></HeartRateBpm><Cadence>82</Cadence><SensorState>Present</SensorState></Trackpoint><Trackpoint><Time>2025-11-04T11:44:00.708Z</Time><Position><LatitudeDegrees>43.29501833</LatitudeDegrees><LongitudeDegrees>-2.87131667</LongitudeDegrees></Position><AltitudeMeters>52.426</AltitudeMeters><DistanceMeters>1698.0999755859375</DistanceMeters><HeartRateBpm><Value>143</Value></HeartRateBpm><Cadence>82</Cadence><SensorState>Present</SensorState></Trackpoint><Trackpoint><Time>2025-11-04T11:44:01.708Z</Time><Position><LatitudeDegrees>43.29503667</LatitudeDegrees><LongitudeDegrees>-2.871325</LongitudeDegrees></Position><AltitudeMeters>52.731</AltitudeMeters><DistanceMeters>1700.199951171875</DistanceMeters><HeartRateBpm><Value>143</Value></HeartRateBpm><Cadence>83</Cadence><SensorState>Present</SensorState></Trackpoint><Trackpoint><Time>2025-11-04T11:44:02.708Z</Time><Position><LatitudeDegrees>43.29505333</LatitudeDegrees><LongitudeDegrees>-2.87134</LongitudeDegrees></Position><AltitudeMeters>53.036</AltitudeMeters><DistanceMeters>1702.5</DistanceMeters><HeartRateBpm><Value>143</Value></HeartRateBpm><Cadence>83</Cadence><SensorState>Present</SensorState></Trackpoint><Trackpoint><Time>2025-11-04T11:44:03.708Z</Time><Position><LatitudeDegrees>43.29506667</LatitudeDegrees><LongitudeDegrees>-2.87136</LongitudeDegrees></Position><AltitudeMeters>53.341</AltitudeMeters><DistanceMeters>1705.5</DistanceMeters><HeartRateBpm><Value>143</Value></HeartRateBpm><Cadence>83</Cadence><SensorState>Present</SensorState></Trackpoint><Trackpoint><Time>2025-11-04T11:44:04.708Z</Time><Position><LatitudeDegrees>43.29508333</LatitudeDegrees><LongitudeDegrees>-2.87139</LongitudeDegrees></Position><AltitudeMeters>53.493</AltitudeMeters><DistanceMeters>1708.300048828125</DistanceMeters><HeartRateBpm><Value>143</Value></HeartRateBpm><Cadence>83</Cadence><SensorState>Present</SensorState></Trackpoint><Trackpoint><Time>2025-11-04T11:44:05.708Z</Time><Position><LatitudeDegrees>43.295095</LatitudeDegrees><LongitudeDegrees>-2.87141833</LongitudeDegrees></Position><AltitudeMeters>53.798</AltitudeMeters><DistanceMeters>1711.0999755859375</DistanceMeters><HeartRateBpm><Value>143</Value></HeartRateBpm><Cadence>83</Cadence><SensorState>Present</SensorState></Trackpoint><Trackpoint><Time>2025-11-04T11:44:06.708Z</Time><Position><LatitudeDegrees>43.29510667</LatitudeDegrees><LongitudeDegrees>-2.87144667</LongitudeDegrees></Position><AltitudeMeters>54.103</AltitudeMeters><DistanceMeters>1713.699951171875</DistanceMeters><HeartRateBpm><Value>143</Value></HeartRateBpm><Cadence>84</Cadence><SensorState>Present</SensorState></Trackpoint><Trackpoint><Time>2025-11-04T11:44:07.708Z</Time><Position><LatitudeDegrees>43.29511667</LatitudeDegrees><LongitudeDegrees>-2.87147333</LongitudeDegrees></Position><AltitudeMeters>54.407</AltitudeMeters><DistanceMeters>1716.0</DistanceMeters><HeartRateBpm><Value>143</Value></HeartRateBpm><Cadence>85</Cadence><SensorState>Present</SensorState></Trackpoint><Trackpoint><Time>2025-11-04T11:44:08.708Z</Time><Position><LatitudeDegrees>43.29512833</LatitudeDegrees><LongitudeDegrees>-2.87149833</LongitudeDegrees></Position><AltitudeMeters>54.712</AltitudeMeters><DistanceMeters>1718.300048828125</DistanceMeters><HeartRateBpm><Value>143</Value></HeartRateBpm><Cadence>85</Cadence><SensorState>Present</SensorState></Trackpoint><Trackpoint><Time>2025-11-04T11:44:09.708Z</Time><Position><LatitudeDegrees>43.29513833</LatitudeDegrees><LongitudeDegrees>-2.87151833</LongitudeDegrees></Position><AltitudeMeters>55.017</AltitudeMeters><DistanceMeters>1721.0</DistanceMeters><HeartRateBpm><Value>143</Value></HeartRateBpm><Cadence>87</Cadence><SensorState>Present</SensorState></Trackpoint><Trackpoint><Time>2025-11-04T11:44:10.708Z</Time><Position><LatitudeDegrees>43.295155</LatitudeDegrees><LongitudeDegrees>-2.87154</LongitudeDegrees></Position><AltitudeMeters>55.322</AltitudeMeters><DistanceMeters>1723.699951171875</DistanceMeters><HeartRateBpm><Value>143</Value></HeartRateBpm><Cadence>86</Cadence><SensorState>Present</SensorState></Trackpoint><Trackpoint><Time>2025-11-04T11:44:11.708Z</Time><Position><LatitudeDegrees>43.29517</LatitudeDegrees><LongitudeDegrees>-2.871565</LongitudeDegrees></Position><AltitudeMeters>55.627</AltitudeMeters><DistanceMeters>1726.5999755859375</DistanceMeters><HeartRateBpm><Value>143</Value></HeartRateBpm><Cadence>86</Cadence><SensorState>Present</SensorState></Trackpoint><Trackpoint><Time>2025-11-04T11:44:12.708Z</Time><Position><LatitudeDegrees>43.29518667</LatitudeDegrees><LongitudeDegrees>-2.87159</LongitudeDegrees></Position><AltitudeMeters>55.931</AltitudeMeters><DistanceMeters>1729.0</DistanceMeters><HeartRateBpm><Value>142</Value></HeartRateBpm><Cadence>86</Cadence><SensorState>Present</SensorState></Trackpoint><Trackpoint><Time>2025-11-04T11:44:13.708Z</Time><Position><LatitudeDegrees>43.29520333</LatitudeDegrees><LongitudeDegrees>-2.871615</LongitudeDegrees></Position><AltitudeMeters>56.236</AltitudeMeters><DistanceMeters>1731.5</DistanceMeters><HeartRateBpm><Value>142</Value></HeartRateBpm><Cadence>86</Cadence><SensorState>Present</SensorState></Trackpoint><Trackpoint><Time>2025-11-04T11:44:14.708Z</Time><Position><LatitudeDegrees>43.29521833</LatitudeDegrees><LongitudeDegrees>-2.87164167</LongitudeDegrees></Position><AltitudeMeters>56.541</AltitudeMeters><DistanceMeters>1734.300048828125</DistanceMeters><HeartRateBpm><Value>142</Value></HeartRateBpm><Cadence>86</Cadence><SensorState>Present</SensorState></Trackpoint><Trackpoint><Time>2025-11-04T11:44:15.708Z</Time><Position><LatitudeDegrees>43.29523333</LatitudeDegrees><LongitudeDegrees>-2.87166833</LongitudeDegrees></Position><AltitudeMeters>56.846</AltitudeMeters><DistanceMeters>1736.800048828125</DistanceMeters><HeartRateBpm><Value>142</Value></HeartRateBpm><Cadence>87</Cadence><SensorState>Present</SensorState></Trackpoint><Trackpoint><Time>2025-11-04T11:44:16.708Z</Time><Position><LatitudeDegrees>43.295245</LatitudeDegrees><LongitudeDegrees>-2.87169167</LongitudeDegrees></Position><AltitudeMeters>57.151</AltitudeMeters><DistanceMeters>1739.300048828125</DistanceMeters><HeartRateBpm><Value>142</Value></HeartRateBpm><Cadence>86</Cadence><SensorState>Present</SensorState></Trackpoint><Trackpoint><Time>2025-11-04T11:44:17.708Z</Time><Position><LatitudeDegrees>43.29525667</LatitudeDegrees><LongitudeDegrees>-2.871715</LongitudeDegrees></Position><AltitudeMeters>57.455</AltitudeMeters><DistanceMeters>1742.0999755859375</DistanceMeters><HeartRateBpm><Value>142</Value></HeartRateBpm><Cadence>86</Cadence><SensorState>Present</SensorState></Trackpoint><Trackpoint><Time>2025-11-04T11:44:18.708Z</Time><Position><LatitudeDegrees>43.29526667</LatitudeDegrees><LongitudeDegrees>-2.87174167</LongitudeDegrees></Position><AltitudeMeters>57.76</AltitudeMeters><DistanceMeters>1744.5</DistanceMeters><HeartRateBpm><Value>142</Value></HeartRateBpm><Cadence>86</Cadence><SensorState>Present</SensorState></Trackpoint><Trackpoint><Time>2025-11-04T11:44:19.708Z</Time><Position><LatitudeDegrees>43.29528</LatitudeDegrees><LongitudeDegrees>-2.871765</LongitudeDegrees></Position><AltitudeMeters>58.065</AltitudeMeters><DistanceMeters>1747.0999755859375</DistanceMeters><HeartRateBpm><Value>141</Value></HeartRateBpm><Cadence>86</Cadence><SensorState>Present</SensorState></Trackpoint><Trackpoint><Time>2025-11-04T11:44:20.708Z</Time><Position><LatitudeDegrees>43.29529333</LatitudeDegrees><LongitudeDegrees>-2.87179333</LongitudeDegrees></Position><AltitudeMeters>58.37</AltitudeMeters><DistanceMeters>1749.300048828125</DistanceMeters><HeartRateBpm><Value>141</Value></HeartRateBpm><Cadence>86</Cadence><SensorState>Present</SensorState></Trackpoint><Trackpoint><Time>2025-11-04T11:44:21.708Z</Time><Position><LatitudeDegrees>43.29530167</LatitudeDegrees><LongitudeDegrees>-2.87181833</LongitudeDegrees></Position><AltitudeMeters>58.675</AltitudeMeters><DistanceMeters>1752.0999755859375</DistanceMeters><HeartRateBpm><Value>141</Value></HeartRateBpm><Cadence>86</Cadence><SensorState>Present</SensorState></Trackpoint><Trackpoint><Time>2025-11-04T11:44:22.708Z</Time><Position><LatitudeDegrees>43.295315</LatitudeDegrees><LongitudeDegrees>-2.87185333</LongitudeDegrees></Position><AltitudeMeters>58.98</AltitudeMeters><DistanceMeters>1754.800048828125</DistanceMeters><HeartRateBpm><Value>140</Value></HeartRateBpm><Cadence>86</Cadence><SensorState>Present</SensorState></Trackpoint><Trackpoint><Time>2025-11-04T11:44:23.708Z</Time><Position><LatitudeDegrees>43.29532667</LatitudeDegrees><LongitudeDegrees>-2.87188333</LongitudeDegrees></Position><AltitudeMeters>59.284</AltitudeMeters><DistanceMeters>1757.5999755859375</DistanceMeters><HeartRateBpm><Value>140</Value></HeartRateBpm><Cadence>88</Cadence><SensorState>Present</SensorState></Trackpoint><Trackpoint><Time>2025-11-04T11:44:24.708Z</Time><Position><LatitudeDegrees>43.29534167</LatitudeDegrees><LongitudeDegrees>-2.87191333</LongitudeDegrees></Position><AltitudeMeters>59.589</AltitudeMeters><DistanceMeters>1760.699951171875</DistanceMeters><HeartRateBpm><Value>139</Value></HeartRateBpm><Cadence>88</Cadence><SensorState>Present</SensorState></Trackpoint><Trackpoint><Time>2025-11-04T11:44:25.708Z</Time><Position><LatitudeDegrees>43.29536</LatitudeDegrees><LongitudeDegrees>-2.87194</LongitudeDegrees></Position><AltitudeMeters>59.742</AltitudeMeters><DistanceMeters>1763.9000244140625</DistanceMeters><HeartRateBpm><Value>139</Value></HeartRateBpm><Cadence>87</Cadence><SensorState>Present</SensorState></Trackpoint><Trackpoint><Time>2025-11-04T11:44:26.708Z</Time><Position><LatitudeDegrees>43.29537833</LatitudeDegrees><LongitudeDegrees>-2.87196833</LongitudeDegrees></Position><AltitudeMeters>60.046</AltitudeMeters><DistanceMeters>1766.9000244140625</DistanceMeters><HeartRateBpm><Value>139</Value></HeartRateBpm><Cadence>86</Cadence><SensorState>Present</SensorState></Trackpoint><Trackpoint><Time>2025-11-04T11:44:27.708Z</Time><Position><LatitudeDegrees>43.295395</LatitudeDegrees><LongitudeDegrees>-2.87199333</LongitudeDegrees></Position><AltitudeMeters>60.351</AltitudeMeters><DistanceMeters>1770.0</DistanceMeters><HeartRateBpm><Value>139</Value></HeartRateBpm><Cadence>86</Cadence><SensorState>Present</SensorState></Trackpoint><Trackpoint><Time>2025-11-04T11:44:28.708Z</Time><Position><LatitudeDegrees>43.295405</LatitudeDegrees><LongitudeDegrees>-2.872025</LongitudeDegrees></Position><AltitudeMeters>60.504</AltitudeMeters><DistanceMeters>1772.9000244140625</DistanceMeters><HeartRateBpm><Value>138</Value></HeartRateBpm><Cadence>86</Cadence><SensorState>Present</SensorState></Trackpoint><Trackpoint><Time>2025-11-04T11:44:29.708Z</Time><Position><LatitudeDegrees>43.29541333</LatitudeDegrees><LongitudeDegrees>-2.87205833</LongitudeDegrees></Position><AltitudeMeters>60.656</AltitudeMeters><DistanceMeters>1776.0999755859375</DistanceMeters><HeartRateBpm><Value>138</Value></HeartRateBpm><Cadence>86</Cadence><SensorState>Present</SensorState></Trackpoint><Trackpoint><Time>2025-11-04T11:44:30.708Z</Time><Position><LatitudeDegrees>43.29542333</LatitudeDegrees><LongitudeDegrees>-2.87209167</LongitudeDegrees></Position><AltitudeMeters>60.961</AltitudeMeters><DistanceMeters>1779.300048828125</DistanceMeters><HeartRateBpm><Value>138</Value></HeartRateBpm><Cadence>84</Cadence><SensorState>Present</SensorState></Trackpoint><Trackpoint><Time>2025-11-04T11:44:31.708Z</Time><Position><LatitudeDegrees>43.295435</LatitudeDegrees><LongitudeDegrees>-2.87213</LongitudeDegrees></Position><AltitudeMeters>61.113</AltitudeMeters><DistanceMeters>1782.699951171875</DistanceMeters><HeartRateBpm><Value>138</Value></HeartRateBpm><Cadence>86</Cadence><SensorState>Present</SensorState></Trackpoint><Trackpoint><Time>2025-11-04T11:44:32.708Z</Time><Position><LatitudeDegrees>43.29546</LatitudeDegrees><LongitudeDegrees>-2.87216667</LongitudeDegrees></Position><AltitudeMeters>61.266</AltitudeMeters><DistanceMeters>1785.9000244140625</DistanceMeters><HeartRateBpm><Value>138</Value></HeartRateBpm><Cadence>88</Cadence><SensorState>Present</SensorState></Trackpoint><Trackpoint><Time>2025-11-04T11:44:33.708Z</Time><Position><LatitudeDegrees>43.29548667</LatitudeDegrees><LongitudeDegrees>-2.87218333</LongitudeDegrees></Position><AltitudeMeters>61.418</AltitudeMeters><DistanceMeters>1789.4000244140625</DistanceMeters><HeartRateBpm><Value>137</Value></HeartRateBpm><Cadence>88</Cadence><SensorState>Present</SensorState></Trackpoint><Trackpoint><Time>2025-11-04T11:44:34.708Z</Time><Position><LatitudeDegrees>43.29552</LatitudeDegrees><LongitudeDegrees>-2.87219167</LongitudeDegrees></Position><AltitudeMeters>61.57</AltitudeMeters><DistanceMeters>1793.0999755859375</DistanceMeters><HeartRateBpm><Value>137</Value></HeartRateBpm><Cadence>88</Cadence><SensorState>Present</SensorState></Trackpoint><Trackpoint><Time>2025-11-04T11:44:35.708Z</Time><Position><LatitudeDegrees>43.295555</LatitudeDegrees><LongitudeDegrees>-2.87219333</LongitudeDegrees></Position><AltitudeMeters>61.57</AltitudeMeters><DistanceMeters>1797.0</DistanceMeters><HeartRateBpm><Value>137</Value></HeartRateBpm><Cadence>88</Cadence><SensorState>Present</SensorState></Trackpoint><Trackpoint><Time>2025-11-04T11:44:36.708Z</Time><Position><LatitudeDegrees>43.29558833</LatitudeDegrees><LongitudeDegrees>-2.87218833</LongitudeDegrees></Position><AltitudeMeters>61.723</AltitudeMeters><DistanceMeters>1800.199951171875</DistanceMeters><HeartRateBpm><Value>136</Value></HeartRateBpm><Cadence>88</Cadence><SensorState>Present</SensorState></Trackpoint><Trackpoint><Time>2025-11-04T11:44:37.708Z</Time><Position><LatitudeDegrees>43.29561833</LatitudeDegrees><LongitudeDegrees>-2.87218</LongitudeDegrees></Position><AltitudeMeters>61.723</AltitudeMeters><DistanceMeters>1803.199951171875</DistanceMeters><HeartRateBpm><Value>135</Value></HeartRateBpm><Cadence>87</Cadence><SensorState>Present</SensorState></Trackpoint><Trackpoint><Time>2025-11-04T11:44:38.708Z</Time><Position><LatitudeDegrees>43.295645</LatitudeDegrees><LongitudeDegrees>-2.87217667</LongitudeDegrees></Position><AltitudeMeters>61.723</AltitudeMeters><DistanceMeters>1806.199951171875</DistanceMeters><HeartRateBpm><Value>135</Value></HeartRateBpm><Cadence>86</Cadence><SensorState>Present</SensorState></Trackpoint><Trackpoint><Time>2025-11-04T11:44:39.708Z</Time><Position><LatitudeDegrees>43.29566833</LatitudeDegrees><LongitudeDegrees>-2.87217167</LongitudeDegrees></Position><AltitudeMeters>61.723</AltitudeMeters><DistanceMeters>1809.300048828125</DistanceMeters><HeartRateBpm><Value>135</Value></HeartRateBpm><Cadence>86</Cadence><SensorState>Present</SensorState></Trackpoint><Trackpoint><Time>2025-11-04T11:44:40.708Z</Time><Position><LatitudeDegrees>43.29569333</LatitudeDegrees><LongitudeDegrees>-2.87216333</LongitudeDegrees></Position><AltitudeMeters>61.723</AltitudeMeters><DistanceMeters>1812.0999755859375</DistanceMeters><HeartRateBpm><Value>134</Value></HeartRateBpm><Cadence>86</Cadence><SensorState>Present</SensorState></Trackpoint><Trackpoint><Time>2025-11-04T11:44:41.708Z</Time><Position><LatitudeDegrees>43.29571833</LatitudeDegrees><LongitudeDegrees>-2.87216167</LongitudeDegrees></Position><AltitudeMeters>61.723</AltitudeMeters><DistanceMeters>1815.0</DistanceMeters><HeartRateBpm><Value>134</Value></HeartRateBpm><Cadence>86</Cadence><SensorState>Present</SensorState></Trackpoint><Trackpoint><Time>2025-11-04T11:44:42.708Z</Time><Position><LatitudeDegrees>43.29574333</LatitudeDegrees><LongitudeDegrees>-2.87216333</LongitudeDegrees></Position><AltitudeMeters>61.57</AltitudeMeters><DistanceMeters>1817.699951171875</DistanceMeters><HeartRateBpm><Value>134</Value></HeartRateBpm><Cadence>86</Cadence><SensorState>Present</SensorState></Trackpoint><Trackpoint><Time>2025-11-04T11:44:43.708Z</Time><Position><LatitudeDegrees>43.29577167</LatitudeDegrees><LongitudeDegrees>-2.87217</LongitudeDegrees></Position><AltitudeMeters>61.57</AltitudeMeters><DistanceMeters>1820.300048828125</DistanceMeters><HeartRateBpm><Value>133</Value></HeartRateBpm><Cadence>86</Cadence><SensorState>Present</SensorState></Trackpoint><Trackpoint><Time>2025-11-04T11:44:44.708Z</Time><Position><LatitudeDegrees>43.29579833</LatitudeDegrees><LongitudeDegrees>-2.87217667</LongitudeDegrees></Position><AltitudeMeters>61.57</AltitudeMeters><DistanceMeters>1822.9000244140625</DistanceMeters><HeartRateBpm><Value>133</Value></HeartRateBpm><Cadence>86</Cadence><SensorState>Present</SensorState></Trackpoint><Trackpoint><Time>2025-11-04T11:44:45.708Z</Time><Position><LatitudeDegrees>43.29582667</LatitudeDegrees><LongitudeDegrees>-2.87218333</LongitudeDegrees></Position><AltitudeMeters>61.418</AltitudeMeters><DistanceMeters>1825.800048828125</DistanceMeters><HeartRateBpm><Value>133</Value></HeartRateBpm><Cadence>87</Cadence><SensorState>Present</SensorState></Trackpoint><Trackpoint><Time>2025-11-04T11:44:46.708Z</Time><Position><LatitudeDegrees>43.295855</LatitudeDegrees><LongitudeDegrees>-2.87219</LongitudeDegrees></Position><AltitudeMeters>61.418</AltitudeMeters><DistanceMeters>1828.5</DistanceMeters><HeartRateBpm><Value>133</Value></HeartRateBpm><Cadence>88</Cadence><SensorState>Present</SensorState></Trackpoint><Trackpoint><Time>2025-11-04T11:44:47.708Z</Time><Position><LatitudeDegrees>43.29587833</LatitudeDegrees><LongitudeDegrees>-2.87219333</LongitudeDegrees></Position><AltitudeMeters>61.266</AltitudeMeters><DistanceMeters>1831.5</DistanceMeters><HeartRateBpm><Value>132</Value></HeartRateBpm><Cadence>88</Cadence><SensorState>Present</SensorState></Trackpoint><Trackpoint><Time>2025-11-04T11:44:48.708Z</Time><Position><LatitudeDegrees>43.29590333</LatitudeDegrees><LongitudeDegrees>-2.87219667</LongitudeDegrees></Position><AltitudeMeters>61.266</AltitudeMeters><DistanceMeters>1834.5999755859375</DistanceMeters><HeartRateBpm><Value>132</Value></HeartRateBpm><Cadence>88</Cadence><SensorState>Present</SensorState></Trackpoint><Trackpoint><Time>2025-11-04T11:44:49.708Z</Time><Position><LatitudeDegrees>43.29592833</LatitudeDegrees><LongitudeDegrees>-2.872195</LongitudeDegrees></Position><AltitudeMeters>61.113</AltitudeMeters><DistanceMeters>1837.5999755859375</DistanceMeters><HeartRateBpm><Value>132</Value></HeartRateBpm><Cadence>88</Cadence><SensorState>Present</SensorState></Trackpoint><Trackpoint><Time>2025-11-04T11:44:50.708Z</Time><Position><LatitudeDegrees>43.295955</LatitudeDegrees><LongitudeDegrees>-2.87219167</LongitudeDegrees></Position><AltitudeMeters>61.113</AltitudeMeters><DistanceMeters>1840.5</DistanceMeters><HeartRateBpm><Value>132</Value></HeartRateBpm><Cadence>87</Cadence><SensorState>Present</SensorState></Trackpoint><Trackpoint><Time>2025-11-04T11:44:51.708Z</Time><Position><LatitudeDegrees>43.29598</LatitudeDegrees><LongitudeDegrees>-2.872185</LongitudeDegrees></Position><AltitudeMeters>60.961</AltitudeMeters><DistanceMeters>1843.4000244140625</DistanceMeters><HeartRateBpm><Value>132</Value></HeartRateBpm><Cadence>86</Cadence><SensorState>Present</SensorState></Trackpoint><Trackpoint><Time>2025-11-04T11:44:52.708Z</Time><Position><LatitudeDegrees>43.29600667</LatitudeDegrees><LongitudeDegrees>-2.87217833</LongitudeDegrees></Position><AltitudeMeters>60.961</AltitudeMeters><DistanceMeters>1846.199951171875</DistanceMeters><HeartRateBpm><Value>132</Value></HeartRateBpm><Cadence>86</Cadence><SensorState>Present</SensorState></Trackpoint><Trackpoint><Time>2025-11-04T11:44:53.708Z</Time><Position><LatitudeDegrees>43.29603333</LatitudeDegrees><LongitudeDegrees>-2.872175</LongitudeDegrees></Position><AltitudeMeters>60.808</AltitudeMeters><DistanceMeters>1849.0</DistanceMeters><HeartRateBpm><Value>131</Value></HeartRateBpm><Cadence>86</Cadence><SensorState>Present</SensorState></Trackpoint><Trackpoint><Time>2025-11-04T11:44:54.708Z</Time><Position><LatitudeDegrees>43.29606</LatitudeDegrees><LongitudeDegrees>-2.87217</LongitudeDegrees></Position><AltitudeMeters>60.656</AltitudeMeters><DistanceMeters>1851.9000244140625</DistanceMeters><HeartRateBpm><Value>131</Value></HeartRateBpm><Cadence>86</Cadence><SensorState>Present</SensorState></Trackpoint><Trackpoint><Time>2025-11-04T11:44:55.708Z</Time><Position><LatitudeDegrees>43.29608667</LatitudeDegrees><LongitudeDegrees>-2.87216333</LongitudeDegrees></Position><AltitudeMeters>60.656</AltitudeMeters><DistanceMeters>1855.0999755859375</DistanceMeters><HeartRateBpm><Value>131</Value></HeartRateBpm><Cadence>86</Cadence><SensorState>Present</SensorState></Trackpoint><Trackpoint><Time>2025-11-04T11:44:56.708Z</Time><Position><LatitudeDegrees>43.29611333</LatitudeDegrees><LongitudeDegrees>-2.87215333</LongitudeDegrees></Position><AltitudeMeters>60.504</AltitudeMeters><DistanceMeters>1858.0</DistanceMeters><HeartRateBpm><Value>131</Value></HeartRateBpm><Cadence>87</Cadence><SensorState>Present</SensorState></Trackpoint><Trackpoint><Time>2025-11-04T11:44:57.708Z</Time><Position><LatitudeDegrees>43.29613667</LatitudeDegrees><LongitudeDegrees>-2.87215</LongitudeDegrees></Position><AltitudeMeters>60.351</AltitudeMeters><DistanceMeters>1861.300048828125</DistanceMeters><HeartRateBpm><Value>131</Value></HeartRateBpm><Cadence>88</Cadence><SensorState>Present</SensorState></Trackpoint><Trackpoint><Time>2025-11-04T11:44:58.708Z</Time><Position><LatitudeDegrees>43.296165</LatitudeDegrees><LongitudeDegrees>-2.87213833</LongitudeDegrees></Position><AltitudeMeters>60.351</AltitudeMeters><DistanceMeters>1864.4000244140625</DistanceMeters><HeartRateBpm><Value>130</Value></HeartRateBpm><Cadence>88</Cadence><SensorState>Present</SensorState></Trackpoint><Trackpoint><Time>2025-11-04T11:44:59.708Z</Time><Position><LatitudeDegrees>43.296195</LatitudeDegrees><LongitudeDegrees>-2.87213333</LongitudeDegrees></Position><AltitudeMeters>60.199</AltitudeMeters><DistanceMeters>1867.5</DistanceMeters><HeartRateBpm><Value>130</Value></HeartRateBpm><Cadence>88</Cadence><SensorState>Present</SensorState></Trackpoint><Trackpoint><Time>2025-11-04T11:45:00.708Z</Time><Position><LatitudeDegrees>43.29622</LatitudeDegrees><LongitudeDegrees>-2.87212833</LongitudeDegrees></Position><AltitudeMeters>60.046</AltitudeMeters><DistanceMeters>1870.4000244140625</DistanceMeters><HeartRateBpm><Value>129</Value></HeartRateBpm><Cadence>88</Cadence><SensorState>Present</SensorState></Trackpoint><Trackpoint><Time>2025-11-04T11:45:01.708Z</Time><Position><LatitudeDegrees>43.296245</LatitudeDegrees><LongitudeDegrees>-2.87212333</LongitudeDegrees></Position><AltitudeMeters>59.894</AltitudeMeters><DistanceMeters>1873.4000244140625</DistanceMeters><HeartRateBpm><Value>129</Value></HeartRateBpm><Cadence>88</Cadence><SensorState>Present</SensorState></Trackpoint><Trackpoint><Time>2025-11-04T11:45:02.708Z</Time><Position><LatitudeDegrees>43.29627167</LatitudeDegrees><LongitudeDegrees>-2.87211833</LongitudeDegrees></Position><AltitudeMeters>59.742</AltitudeMeters><DistanceMeters>1876.5</DistanceMeters><HeartRateBpm><Value>129</Value></HeartRateBpm><Cadence>88</Cadence><SensorState>Present</SensorState></Trackpoint><Trackpoint><Time>2025-11-04T11:45:03.708Z</Time><Position><LatitudeDegrees>43.29629833</LatitudeDegrees><LongitudeDegrees>-2.87211167</LongitudeDegrees></Position><AltitudeMeters>59.742</AltitudeMeters><DistanceMeters>1879.300048828125</DistanceMeters><HeartRateBpm><Value>129</Value></HeartRateBpm><Cadence>88</Cadence><SensorState>Present</SensorState></Trackpoint><Trackpoint><Time>2025-11-04T11:45:04.708Z</Time><Position><LatitudeDegrees>43.29632333</LatitudeDegrees><LongitudeDegrees>-2.87210667</LongitudeDegrees></Position><AltitudeMeters>59.589</AltitudeMeters><DistanceMeters>1882.199951171875</DistanceMeters><HeartRateBpm><Value>128</Value></HeartRateBpm><Cadence>88</Cadence><SensorState>Present</SensorState></Trackpoint><Trackpoint><Time>2025-11-04T11:45:05.708Z</Time><Position><LatitudeDegrees>43.29635</LatitudeDegrees><LongitudeDegrees>-2.872105</LongitudeDegrees></Position><AltitudeMeters>59.437</AltitudeMeters><DistanceMeters>1885.199951171875</DistanceMeters><HeartRateBpm><Value>128</Value></HeartRateBpm><Cadence>88</Cadence><SensorState>Present</SensorState></Trackpoint><Trackpoint><Time>2025-11-04T11:45:06.708Z</Time><Position><LatitudeDegrees>43.29637333</LatitudeDegrees><LongitudeDegrees>-2.87210167</LongitudeDegrees></Position><AltitudeMeters>59.284</AltitudeMeters><DistanceMeters>1887.699951171875</DistanceMeters><HeartRateBpm><Value>128</Value></HeartRateBpm><Cadence>88</Cadence><SensorState>Present</SensorState></Trackpoint><Trackpoint><Time>2025-11-04T11:45:07.708Z</Time><Position><LatitudeDegrees>43.29639667</LatitudeDegrees><LongitudeDegrees>-2.872095</LongitudeDegrees></Position><AltitudeMeters>59.132</AltitudeMeters><DistanceMeters>1890.300048828125</DistanceMeters><HeartRateBpm><Value>128</Value></HeartRateBpm><Cadence>86</Cadence><SensorState>Present</SensorState></Trackpoint><Trackpoint><Time>2025-11-04T11:45:08.708Z</Time><Position><LatitudeDegrees>43.29642167</LatitudeDegrees><LongitudeDegrees>-2.87209167</LongitudeDegrees></Position><AltitudeMeters>59.132</AltitudeMeters><DistanceMeters>1893.0</DistanceMeters><HeartRateBpm><Value>127</Value></HeartRateBpm><Cadence>86</Cadence><SensorState>Present</SensorState></Trackpoint><Trackpoint><Time>2025-11-04T11:45:09.708Z</Time><Position><LatitudeDegrees>43.296445</LatitudeDegrees><LongitudeDegrees>-2.87209</LongitudeDegrees></Position><AltitudeMeters>58.98</AltitudeMeters><DistanceMeters>1895.699951171875</DistanceMeters><HeartRateBpm><Value>127</Value></HeartRateBpm><Cadence>86</Cadence><SensorState>Present</SensorState></Trackpoint><Trackpoint><Time>2025-11-04T11:45:10.708Z</Time><Position><LatitudeDegrees>43.29647</LatitudeDegrees><LongitudeDegrees>-2.87208667</LongitudeDegrees></Position><AltitudeMeters>58.827</AltitudeMeters><DistanceMeters>1898.0</DistanceMeters><HeartRateBpm><Value>127</Value></HeartRateBpm><Cadence>86</Cadence><SensorState>Present</SensorState></Trackpoint><Trackpoint><Time>2025-11-04T11:45:11.708Z</Time><Position><LatitudeDegrees>43.29649</LatitudeDegrees><LongitudeDegrees>-2.87208333</LongitudeDegrees></Position><AltitudeMeters>58.827</AltitudeMeters><DistanceMeters>1900.4000244140625</DistanceMeters><HeartRateBpm><Value>127</Value></HeartRateBpm><Cadence>86</Cadence><SensorState>Present</SensorState></Trackpoint><Trackpoint><Time>2025-11-04T11:45:12.708Z</Time><Position><LatitudeDegrees>43.29651167</LatitudeDegrees><LongitudeDegrees>-2.87207833</LongitudeDegrees></Position><AltitudeMeters>58.675</AltitudeMeters><DistanceMeters>1902.9000244140625</DistanceMeters><HeartRateBpm><Value>127</Value></HeartRateBpm><Cadence>86</Cadence><SensorState>Present</SensorState></Trackpoint><Trackpoint><Time>2025-11-04T11:45:13.708Z</Time><Position><LatitudeDegrees>43.29653667</LatitudeDegrees><LongitudeDegrees>-2.87207833</LongitudeDegrees></Position><AltitudeMeters>58.522</AltitudeMeters><DistanceMeters>1905.300048828125</DistanceMeters><HeartRateBpm><Value>127</Value></HeartRateBpm><Cadence>86</Cadence><SensorState>Present</SensorState></Trackpoint><Trackpoint><Time>2025-11-04T11:45:14.708Z</Time><Position><LatitudeDegrees>43.29656</LatitudeDegrees><LongitudeDegrees>-2.87207833</LongitudeDegrees></Position><AltitudeMeters>58.522</AltitudeMeters><DistanceMeters>1908.0</DistanceMeters><HeartRateBpm><Value>127</Value></HeartRateBpm><Cadence>86</Cadence><SensorState>Present</SensorState></Trackpoint><Trackpoint><Time>2025-11-04T11:45:15.708Z</Time><Position><LatitudeDegrees>43.296585</LatitudeDegrees><LongitudeDegrees>-2.87207833</LongitudeDegrees></Position><AltitudeMeters>58.522</AltitudeMeters><DistanceMeters>1910.699951171875</DistanceMeters><HeartRateBpm><Value>128</Value></HeartRateBpm><Cadence>86</Cadence><SensorState>Present</SensorState></Trackpoint><Trackpoint><Time>2025-11-04T11:45:16.708Z</Time><Position><LatitudeDegrees>43.29660833</LatitudeDegrees><LongitudeDegrees>-2.87208</LongitudeDegrees></Position><AltitudeMeters>58.37</AltitudeMeters><DistanceMeters>1913.199951171875</DistanceMeters><HeartRateBpm><Value>128</Value></HeartRateBpm><Cadence>86</Cadence><SensorState>Present</SensorState></Trackpoint><Trackpoint><Time>2025-11-04T11:45:17.708Z</Time><Position><LatitudeDegrees>43.29663167</LatitudeDegrees><LongitudeDegrees>-2.87207667</LongitudeDegrees></Position><AltitudeMeters>58.37</AltitudeMeters><DistanceMeters>1915.5</DistanceMeters><HeartRateBpm><Value>128</Value></HeartRateBpm><Cadence>86</Cadence><SensorState>Present</SensorState></Trackpoint><Trackpoint><Time>2025-11-04T11:45:18.708Z</Time><Position><LatitudeDegrees>43.29665</LatitudeDegrees><LongitudeDegrees>-2.87207167</LongitudeDegrees></Position><AltitudeMeters>58.218</AltitudeMeters><DistanceMeters>1917.9000244140625</DistanceMeters><HeartRateBpm><Value>128</Value></HeartRateBpm><Cadence>86</Cadence><SensorState>Present</SensorState></Trackpoint><Trackpoint><Time>2025-11-04T11:45:19.708Z</Time><Position><LatitudeDegrees>43.29667167</LatitudeDegrees><LongitudeDegrees>-2.87206333</LongitudeDegrees></Position><AltitudeMeters>58.218</AltitudeMeters><DistanceMeters>1920.699951171875</DistanceMeters><HeartRateBpm><Value>129</Value></HeartRateBpm><Cadence>86</Cadence><SensorState>Present</SensorState></Trackpoint><Trackpoint><Time>2025-11-04T11:45:20.708Z</Time><Position><LatitudeDegrees>43.296695</LatitudeDegrees><LongitudeDegrees>-2.87205833</LongitudeDegrees></Position><AltitudeMeters>58.218</AltitudeMeters><DistanceMeters>1923.300048828125</DistanceMeters><HeartRateBpm><Value>128</Value></HeartRateBpm><Cadence>86</Cadence><SensorState>Present</SensorState></Trackpoint><Trackpoint><Time>2025-11-04T11:45:21.708Z</Time><Position><LatitudeDegrees>43.29671833</LatitudeDegrees><LongitudeDegrees>-2.87205333</LongitudeDegrees></Position><AltitudeMeters>58.065</AltitudeMeters><DistanceMeters>1925.800048828125</DistanceMeters><HeartRateBpm><Value>128</Value></HeartRateBpm><Cadence>86</Cadence><SensorState>Present</SensorState></Trackpoint><Trackpoint><Time>2025-11-04T11:45:22.708Z</Time><Position><LatitudeDegrees>43.29674167</LatitudeDegrees><LongitudeDegrees>-2.87204667</LongitudeDegrees></Position><AltitudeMeters>58.065</AltitudeMeters><DistanceMeters>1928.4000244140625</DistanceMeters><HeartRateBpm><Value>128</Value></HeartRateBpm><Cadence>86</Cadence><SensorState>Present</SensorState></Trackpoint><Trackpoint><Time>2025-11-04T11:45:23.708Z</Time><Position><LatitudeDegrees>43.296765</LatitudeDegrees><LongitudeDegrees>-2.87204167</LongitudeDegrees></Position><AltitudeMeters>57.913</AltitudeMeters><DistanceMeters>1930.9000244140625</DistanceMeters><HeartRateBpm><Value>128</Value></HeartRateBpm><Cadence>86</Cadence><SensorState>Present</SensorState></Trackpoint><Trackpoint><Time>2025-11-04T11:45:24.708Z</Time><Position><LatitudeDegrees>43.29678833</LatitudeDegrees><LongitudeDegrees>-2.87203667</LongitudeDegrees></Position><AltitudeMeters>57.913</AltitudeMeters><DistanceMeters>1933.5999755859375</DistanceMeters><HeartRateBpm><Value>128</Value></HeartRateBpm><Cadence>86</Cadence><SensorState>Present</SensorState></Trackpoint><Trackpoint><Time>2025-11-04T11:45:25.708Z</Time><Position><LatitudeDegrees>43.29681333</LatitudeDegrees><LongitudeDegrees>-2.872035</LongitudeDegrees></Position><AltitudeMeters>57.76</AltitudeMeters><DistanceMeters>1936.300048828125</DistanceMeters><HeartRateBpm><Value>127</Value></HeartRateBpm><Cadence>86</Cadence><SensorState>Present</SensorState></Trackpoint><Trackpoint><Time>2025-11-04T11:45:26.708Z</Time><Position><LatitudeDegrees>43.29683667</LatitudeDegrees><LongitudeDegrees>-2.87203</LongitudeDegrees></Position><AltitudeMeters>57.76</AltitudeMeters><DistanceMeters>1939.199951171875</DistanceMeters><HeartRateBpm><Value>127</Value></HeartRateBpm><Cadence>86</Cadence><SensorState>Present</SensorState></Trackpoint><Trackpoint><Time>2025-11-04T11:45:27.708Z</Time><Position><LatitudeDegrees>43.29686</LatitudeDegrees><LongitudeDegrees>-2.872025</LongitudeDegrees></Position><AltitudeMeters>57.608</AltitudeMeters><DistanceMeters>1942.0</DistanceMeters><HeartRateBpm><Value>127</Value></HeartRateBpm><Cadence>86</Cadence><SensorState>Present</SensorState></Trackpoint><Trackpoint><Time>2025-11-04T11:45:28.708Z</Time><Position><LatitudeDegrees>43.29688333</LatitudeDegrees><LongitudeDegrees>-2.87202</LongitudeDegrees></Position><AltitudeMeters>57.608</AltitudeMeters><DistanceMeters>1944.5999755859375</DistanceMeters><HeartRateBpm><Value>127</Value></HeartRateBpm><Cadence>86</Cadence><SensorState>Present</SensorState></Trackpoint><Trackpoint><Time>2025-11-04T11:45:29.708Z</Time><Position><LatitudeDegrees>43.29690833</LatitudeDegrees><LongitudeDegrees>-2.872015</LongitudeDegrees></Position><AltitudeMeters>57.455</AltitudeMeters><DistanceMeters>1947.4000244140625</DistanceMeters><HeartRateBpm><Value>127</Value></HeartRateBpm><Cadence>86</Cadence><SensorState>Present</SensorState></Trackpoint><Trackpoint><Time>2025-11-04T11:45:30.708Z</Time><Position><LatitudeDegrees>43.29693167</LatitudeDegrees><LongitudeDegrees>-2.87201167</LongitudeDegrees></Position><AltitudeMeters>57.455</AltitudeMeters><DistanceMeters>1949.9000244140625</DistanceMeters><HeartRateBpm><Value>127</Value></HeartRateBpm><Cadence>86</Cadence><SensorState>Present</SensorState></Trackpoint><Trackpoint><Time>2025-11-04T11:45:31.708Z</Time><Position><LatitudeDegrees>43.29695333</LatitudeDegrees><LongitudeDegrees>-2.87200833</LongitudeDegrees></Position><AltitudeMeters>57.455</AltitudeMeters><DistanceMeters>1952.300048828125</DistanceMeters><HeartRateBpm><Value>127</Value></HeartRateBpm><Cadence>86</Cadence><SensorState>Present</SensorState></Trackpoint><Trackpoint><Time>2025-11-04T11:45:32.708Z</Time><Position><LatitudeDegrees>43.296975</LatitudeDegrees><LongitudeDegrees>-2.87200667</LongitudeDegrees></Position><AltitudeMeters>57.303</AltitudeMeters><DistanceMeters>1954.800048828125</DistanceMeters><HeartRateBpm><Value>127</Value></HeartRateBpm><Cadence>86</Cadence><SensorState>Present</SensorState></Trackpoint><Trackpoint><Time>2025-11-04T11:45:33.708Z</Time><Position><LatitudeDegrees>43.29699667</LatitudeDegrees><LongitudeDegrees>-2.87200333</LongitudeDegrees></Position><AltitudeMeters>57.303</AltitudeMeters><DistanceMeters>1957.4000244140625</DistanceMeters><HeartRateBpm><Value>127</Value></HeartRateBpm><Cadence>86</Cadence><SensorState>Present</SensorState></Trackpoint><Trackpoint><Time>2025-11-04T11:45:34.708Z</Time><Position><LatitudeDegrees>43.29702</LatitudeDegrees><LongitudeDegrees>-2.87199667</LongitudeDegrees></Position><AltitudeMeters>57.151</AltitudeMeters><DistanceMeters>1959.9000244140625</DistanceMeters><HeartRateBpm><Value>127</Value></HeartRateBpm><Cadence>86</Cadence><SensorState>Present</SensorState></Trackpoint><Trackpoint><Time>2025-11-04T11:45:35.708Z</Time><Position><LatitudeDegrees>43.29704333</LatitudeDegrees><LongitudeDegrees>-2.87199</LongitudeDegrees></Position><AltitudeMeters>57.151</AltitudeMeters><DistanceMeters>1962.5999755859375</DistanceMeters><HeartRateBpm><Value>127</Value></HeartRateBpm><Cadence>86</Cadence><SensorState>Present</SensorState></Trackpoint><Trackpoint><Time>2025-11-04T11:45:36.708Z</Time><Position><LatitudeDegrees>43.29706667</LatitudeDegrees><LongitudeDegrees>-2.87198667</LongitudeDegrees></Position><AltitudeMeters>57.151</AltitudeMeters><DistanceMeters>1964.9000244140625</DistanceMeters><HeartRateBpm><Value>127</Value></HeartRateBpm><Cadence>86</Cadence><SensorState>Present</SensorState></Trackpoint><Trackpoint><Time>2025-11-04T11:45:37.708Z</Time><Position><LatitudeDegrees>43.29708833</LatitudeDegrees><LongitudeDegrees>-2.871985</LongitudeDegrees></Position><AltitudeMeters>56.998</AltitudeMeters><DistanceMeters>1967.5</DistanceMeters><HeartRateBpm><Value>126</Value></HeartRateBpm><Cadence>86</Cadence><SensorState>Present</SensorState></Trackpoint><Trackpoint><Time>2025-11-04T11:45:38.708Z</Time><Position><LatitudeDegrees>43.29711333</LatitudeDegrees><LongitudeDegrees>-2.87198333</LongitudeDegrees></Position><AltitudeMeters>56.998</AltitudeMeters><DistanceMeters>1970.0999755859375</DistanceMeters><HeartRateBpm><Value>126</Value></HeartRateBpm><Cadence>86</Cadence><SensorState>Present</SensorState></Trackpoint><Trackpoint><Time>2025-11-04T11:45:39.708Z</Time><Position><LatitudeDegrees>43.29713667</LatitudeDegrees><LongitudeDegrees>-2.87197833</LongitudeDegrees></Position><AltitudeMeters>56.846</AltitudeMeters><DistanceMeters>1973.0</DistanceMeters><HeartRateBpm><Value>126</Value></HeartRateBpm><Cadence>86</Cadence><SensorState>Present</SensorState></Trackpoint><Trackpoint><Time>2025-11-04T11:45:40.708Z</Time><Position><LatitudeDegrees>43.29716167</LatitudeDegrees><LongitudeDegrees>-2.87197333</LongitudeDegrees></Position><AltitudeMeters>56.846</AltitudeMeters><DistanceMeters>1975.800048828125</DistanceMeters><HeartRateBpm><Value>126</Value></HeartRateBpm><Cadence>86</Cadence><SensorState>Present</SensorState></Trackpoint><Trackpoint><Time>2025-11-04T11:45:41.708Z</Time><Position><LatitudeDegrees>43.29718667</LatitudeDegrees><LongitudeDegrees>-2.87197</LongitudeDegrees></Position><AltitudeMeters>56.846</AltitudeMeters><DistanceMeters>1978.5999755859375</DistanceMeters><HeartRateBpm><Value>126</Value></HeartRateBpm><Cadence>86</Cadence><SensorState>Present</SensorState></Trackpoint><Trackpoint><Time>2025-11-04T11:45:42.708Z</Time><Position><LatitudeDegrees>43.29721</LatitudeDegrees><LongitudeDegrees>-2.87196667</LongitudeDegrees></Position><AltitudeMeters>56.846</AltitudeMeters><DistanceMeters>1981.300048828125</DistanceMeters><HeartRateBpm><Value>126</Value></HeartRateBpm><Cadence>86</Cadence><SensorState>Present</SensorState></Trackpoint><Trackpoint><Time>2025-11-04T11:45:43.708Z</Time><Position><LatitudeDegrees>43.29723333</LatitudeDegrees><LongitudeDegrees>-2.87196333</LongitudeDegrees></Position><AltitudeMeters>56.846</AltitudeMeters><DistanceMeters>1984.0</DistanceMeters><HeartRateBpm><Value>126</Value></HeartRateBpm><Cadence>86</Cadence><SensorState>Present</SensorState></Trackpoint><Trackpoint><Time>2025-11-04T11:45:44.708Z</Time><Position><LatitudeDegrees>43.29725667</LatitudeDegrees><LongitudeDegrees>-2.87195833</LongitudeDegrees></Position><AltitudeMeters>56.693</AltitudeMeters><DistanceMeters>1986.5999755859375</DistanceMeters><HeartRateBpm><Value>126</Value></HeartRateBpm><Cadence>86</Cadence><SensorState>Present</SensorState></Trackpoint><Trackpoint><Time>2025-11-04T11:45:45.708Z</Time><Position><LatitudeDegrees>43.29728</LatitudeDegrees><LongitudeDegrees>-2.87195667</LongitudeDegrees></Position><AltitudeMeters>56.693</AltitudeMeters><DistanceMeters>1989.199951171875</DistanceMeters><HeartRateBpm><Value>126</Value></HeartRateBpm><Cadence>86</Cadence><SensorState>Present</SensorState></Trackpoint><Trackpoint><Time>2025-11-04T11:45:46.708Z</Time><Position><LatitudeDegrees>43.2973</LatitudeDegrees><LongitudeDegrees>-2.87195167</LongitudeDegrees></Position><AltitudeMeters>56.693</AltitudeMeters><DistanceMeters>1991.5999755859375</DistanceMeters><HeartRateBpm><Value>126</Value></HeartRateBpm><Cadence>86</Cadence><SensorState>Present</SensorState></Trackpoint><Trackpoint><Time>2025-11-04T11:45:47.708Z</Time><Position><LatitudeDegrees>43.29732167</LatitudeDegrees><LongitudeDegrees>-2.87194667</LongitudeDegrees></Position><AltitudeMeters>56.693</AltitudeMeters><DistanceMeters>1994.0</DistanceMeters><HeartRateBpm><Value>127</Value></HeartRateBpm><Cadence>86</Cadence><SensorState>Present</SensorState></Trackpoint><Trackpoint><Time>2025-11-04T11:45:48.708Z</Time><Position><LatitudeDegrees>43.29734333</LatitudeDegrees><LongitudeDegrees>-2.87194333</LongitudeDegrees></Position><AltitudeMeters>56.693</AltitudeMeters><DistanceMeters>1996.300048828125</DistanceMeters><HeartRateBpm><Value>127</Value></HeartRateBpm><Cadence>86</Cadence><SensorState>Present</SensorState></Trackpoint><Trackpoint><Time>2025-11-04T11:45:49.708Z</Time><Position><LatitudeDegrees>43.29736333</LatitudeDegrees><LongitudeDegrees>-2.87193167</LongitudeDegrees></Position><AltitudeMeters>56.693</AltitudeMeters><DistanceMeters>1998.800048828125</DistanceMeters><HeartRateBpm><Value>128</Value></HeartRateBpm><Cadence>87</Cadence><SensorState>Present</SensorState></Trackpoint><Trackpoint><Time>2025-11-04T11:45:50.708Z</Time><Position><LatitudeDegrees>43.29738833</LatitudeDegrees><LongitudeDegrees>-2.871925</LongitudeDegrees></Position><AltitudeMeters>56.693</AltitudeMeters><DistanceMeters>2001.300048828125</DistanceMeters><HeartRateBpm><Value>128</Value></HeartRateBpm><Cadence>88</Cadence><SensorState>Present</SensorState></Trackpoint><Trackpoint><Time>2025-11-04T11:45:51.708Z</Time><Position><LatitudeDegrees>43.29741</LatitudeDegrees><LongitudeDegrees>-2.87192</LongitudeDegrees></Position><AltitudeMeters>56.693</AltitudeMeters><DistanceMeters>2003.699951171875</DistanceMeters><HeartRateBpm><Value>128</Value></HeartRateBpm><Cadence>88</Cadence><SensorState>Present</SensorState></Trackpoint></Track><Extensions><LX xmlns="http://www.garmin.com/xmlschemas/ActivityExtension/v2"><AvgSpeed>2.57035043504503</AvgSpeed></LX></Extensions></Lap><Lap xmlns="http://www.garmin.com/xmlschemas/TrainingCenterDatabase/v2" StartTime="2025-11-04T11:45:52.708Z"><TotalTimeSeconds>346.0</TotalTimeSeconds><DistanceMeters>1000.0</DistanceMeters><MaximumSpeed>3.8412740495469833</MaximumSpeed><Calories>0</Calories><AverageHeartRateBpm><Value>135</Value></AverageHeartRateBpm><MaximumHeartRateBpm><Value>144</Value></MaximumHeartRateBpm><Intensity>Active</Intensity><Cadence>87</Cadence><TriggerMethod>Distance</TriggerMethod><Track><Trackpoint><Time>2025-11-04T11:45:52.708Z</Time><Position><LatitudeDegrees>43.29743167</LatitudeDegrees><LongitudeDegrees>-2.871915</LongitudeDegrees></Position><AltitudeMeters>56.846</AltitudeMeters><DistanceMeters>2005.9000244140625</DistanceMeters><HeartRateBpm><Value>128</Value></HeartRateBpm><Cadence>88</Cadence><SensorState>Present</SensorState></Trackpoint><Trackpoint><Time>2025-11-04T11:45:53.708Z</Time><Position><LatitudeDegrees>43.29745167</LatitudeDegrees><LongitudeDegrees>-2.87191167</LongitudeDegrees></Position><AltitudeMeters>56.846</AltitudeMeters><DistanceMeters>2008.5</DistanceMeters><HeartRateBpm><Value>128</Value></HeartRateBpm><Cadence>87</Cadence><SensorState>Present</SensorState></Trackpoint><Trackpoint><Time>2025-11-04T11:45:54.708Z</Time><Position><LatitudeDegrees>43.297475</LatitudeDegrees><LongitudeDegrees>-2.87191</LongitudeDegrees></Position><AltitudeMeters>56.846</AltitudeMeters><DistanceMeters>2011.0999755859375</DistanceMeters><HeartRateBpm><Value>129</Value></HeartRateBpm><Cadence>87</Cadence><SensorState>Present</SensorState></Trackpoint><Trackpoint><Time>2025-11-04T11:45:55.708Z</Time><Position><LatitudeDegrees>43.29749833</LatitudeDegrees><LongitudeDegrees>-2.87190667</LongitudeDegrees></Position><AltitudeMeters>56.846</AltitudeMeters><DistanceMeters>2013.5</DistanceMeters><HeartRateBpm><Value>128</Value></HeartRateBpm><Cadence>78</Cadence><SensorState>Present</SensorState></Trackpoint><Trackpoint><Time>2025-11-04T11:45:56.708Z</Time><Position><LatitudeDegrees>43.29751833</LatitudeDegrees><LongitudeDegrees>-2.87190167</LongitudeDegrees></Position><AltitudeMeters>56.846</AltitudeMeters><DistanceMeters>2016.300048828125</DistanceMeters><HeartRateBpm><Value>128</Value></HeartRateBpm><Cadence>71</Cadence><SensorState>Present</SensorState></Trackpoint><Trackpoint><Time>2025-11-04T11:45:57.708Z</Time><Position><LatitudeDegrees>43.29754333</LatitudeDegrees><LongitudeDegrees>-2.871895</LongitudeDegrees></Position><AltitudeMeters>56.998</AltitudeMeters><DistanceMeters>2019.0</DistanceMeters><HeartRateBpm><Value>128</Value></HeartRateBpm><Cadence>70</Cadence><SensorState>Present</SensorState></Trackpoint><Trackpoint><Time>2025-11-04T11:45:58.708Z</Time><Position><LatitudeDegrees>43.29756833</LatitudeDegrees><LongitudeDegrees>-2.871895</LongitudeDegrees></Position><AltitudeMeters>56.998</AltitudeMeters><DistanceMeters>2021.5</DistanceMeters><HeartRateBpm><Value>128</Value></HeartRateBpm><Cadence>84</Cadence><SensorState>Present</SensorState></Trackpoint><Trackpoint><Time>2025-11-04T11:45:59.708Z</Time><Position><LatitudeDegrees>43.29759167</LatitudeDegrees><LongitudeDegrees>-2.87189</LongitudeDegrees></Position><AltitudeMeters>56.998</AltitudeMeters><DistanceMeters>2024.0999755859375</DistanceMeters><HeartRateBpm><Value>127</Value></HeartRateBpm><Cadence>86</Cadence><SensorState>Present</SensorState></Trackpoint><Trackpoint><Time>2025-11-04T11:46:00.708Z</Time><Position><LatitudeDegrees>43.29761333</LatitudeDegrees><LongitudeDegrees>-2.87188667</LongitudeDegrees></Position><AltitudeMeters>56.998</AltitudeMeters><DistanceMeters>2026.9000244140625</DistanceMeters><HeartRateBpm><Value>127</Value></HeartRateBpm><Cadence>88</Cadence><SensorState>Present</SensorState></Trackpoint><Trackpoint><Time>2025-11-04T11:46:01.708Z</Time><Position><LatitudeDegrees>43.29763833</LatitudeDegrees><LongitudeDegrees>-2.87188333</LongitudeDegrees></Position><AltitudeMeters>56.998</AltitudeMeters><DistanceMeters>2029.9000244140625</DistanceMeters><HeartRateBpm><Value>127</Value></HeartRateBpm><Cadence>88</Cadence><SensorState>Present</SensorState></Trackpoint><Trackpoint><Time>2025-11-04T11:46:02.708Z</Time><Position><LatitudeDegrees>43.29766333</LatitudeDegrees><LongitudeDegrees>-2.87188167</LongitudeDegrees></Position><AltitudeMeters>57.151</AltitudeMeters><DistanceMeters>2032.9000244140625</DistanceMeters><HeartRateBpm><Value>127</Value></HeartRateBpm><Cadence>88</Cadence><SensorState>Present</SensorState></Trackpoint><Trackpoint><Time>2025-11-04T11:46:03.708Z</Time><Position><LatitudeDegrees>43.29769167</LatitudeDegrees><LongitudeDegrees>-2.87188</LongitudeDegrees></Position><AltitudeMeters>57.151</AltitudeMeters><DistanceMeters>2035.9000244140625</DistanceMeters><HeartRateBpm><Value>127</Value></HeartRateBpm><Cadence>87</Cadence><SensorState>Present</SensorState></Trackpoint><Trackpoint><Time>2025-11-04T11:46:04.708Z</Time><Position><LatitudeDegrees>43.29771833</LatitudeDegrees><LongitudeDegrees>-2.87187167</LongitudeDegrees></Position><AltitudeMeters>57.151</AltitudeMeters><DistanceMeters>2039.0</DistanceMeters><HeartRateBpm><Value>127</Value></HeartRateBpm><Cadence>87</Cadence><SensorState>Present</SensorState></Trackpoint><Trackpoint><Time>2025-11-04T11:46:05.708Z</Time><Position><LatitudeDegrees>43.29774333</LatitudeDegrees><LongitudeDegrees>-2.87186167</LongitudeDegrees></Position><AltitudeMeters>57.151</AltitudeMeters><DistanceMeters>2041.5999755859375</DistanceMeters><HeartRateBpm><Value>128</Value></HeartRateBpm><Cadence>86</Cadence><SensorState>Present</SensorState></Trackpoint><Trackpoint><Time>2025-11-04T11:46:06.708Z</Time><Position><LatitudeDegrees>43.29776333</LatitudeDegrees><LongitudeDegrees>-2.87185</LongitudeDegrees></Position><AltitudeMeters>57.151</AltitudeMeters><DistanceMeters>2044.300048828125</DistanceMeters><HeartRateBpm><Value>128</Value></HeartRateBpm><Cadence>86</Cadence><SensorState>Present</SensorState></Trackpoint><Trackpoint><Time>2025-11-04T11:46:07.708Z</Time><Position><LatitudeDegrees>43.297785</LatitudeDegrees><LongitudeDegrees>-2.87184</LongitudeDegrees></Position><AltitudeMeters>57.151</AltitudeMeters><DistanceMeters>2047.0999755859375</DistanceMeters><HeartRateBpm><Value>128</Value></HeartRateBpm><Cadence>86</Cadence><SensorState>Present</SensorState></Trackpoint><Trackpoint><Time>2025-11-04T11:46:08.708Z</Time><Position><LatitudeDegrees>43.29781</LatitudeDegrees><LongitudeDegrees>-2.87183333</LongitudeDegrees></Position><AltitudeMeters>57.151</AltitudeMeters><DistanceMeters>2050.0</DistanceMeters><HeartRateBpm><Value>129</Value></HeartRateBpm><Cadence>88</Cadence><SensorState>Present</SensorState></Trackpoint><Trackpoint><Time>2025-11-04T11:46:09.708Z</Time><Position><LatitudeDegrees>43.297835</LatitudeDegrees><LongitudeDegrees>-2.87183</LongitudeDegrees></Position><AltitudeMeters>57.151</AltitudeMeters><DistanceMeters>2052.89990234375</DistanceMeters><HeartRateBpm><Value>129</Value></HeartRateBpm><Cadence>88</Cadence><SensorState>Present</SensorState></Trackpoint><Trackpoint><Time>2025-11-04T11:46:10.708Z</Time><Position><LatitudeDegrees>43.29786</LatitudeDegrees><LongitudeDegrees>-2.871825</LongitudeDegrees></Position><AltitudeMeters>56.998</AltitudeMeters><DistanceMeters>2055.5</DistanceMeters><HeartRateBpm><Value>129</Value></HeartRateBpm><Cadence>88</Cadence><SensorState>Present</SensorState></Trackpoint><Trackpoint><Time>2025-11-04T11:46:11.708Z</Time><Position><LatitudeDegrees>43.29788333</LatitudeDegrees><LongitudeDegrees>-2.87182167</LongitudeDegrees></Position><AltitudeMeters>56.998</AltitudeMeters><DistanceMeters>2058.0</DistanceMeters><HeartRateBpm><Value>129</Value></HeartRateBpm><Cadence>88</Cadence><SensorState>Present</SensorState></Trackpoint><Trackpoint><Time>2025-11-04T11:46:12.708Z</Time><Position><LatitudeDegrees>43.29790667</LatitudeDegrees><LongitudeDegrees>-2.87181833</LongitudeDegrees></Position><AltitudeMeters>56.998</AltitudeMeters><DistanceMeters>2060.5</DistanceMeters><HeartRateBpm><Value>129</Value></HeartRateBpm><Cadence>88</Cadence><SensorState>Present</SensorState></Trackpoint><Trackpoint><Time>2025-11-04T11:46:13.708Z</Time><Position><LatitudeDegrees>43.29793</LatitudeDegrees><LongitudeDegrees>-2.87181333</LongitudeDegrees></Position><AltitudeMeters>56.846</AltitudeMeters><DistanceMeters>2063.199951171875</DistanceMeters><HeartRateBpm><Value>129</Value></HeartRateBpm><Cadence>88</Cadence><SensorState>Present</SensorState></Trackpoint><Trackpoint><Time>2025-11-04T11:46:14.708Z</Time><Position><LatitudeDegrees>43.297955</LatitudeDegrees><LongitudeDegrees>-2.87181</LongitudeDegrees></Position><AltitudeMeters>56.846</AltitudeMeters><DistanceMeters>2066.300048828125</DistanceMeters><HeartRateBpm><Value>129</Value></HeartRateBpm><Cadence>88</Cadence><SensorState>Present</SensorState></Trackpoint><Trackpoint><Time>2025-11-04T11:46:15.708Z</Time><Position><LatitudeDegrees>43.29798333</LatitudeDegrees><LongitudeDegrees>-2.87181</LongitudeDegrees></Position><AltitudeMeters>56.846</AltitudeMeters><DistanceMeters>2069.199951171875</DistanceMeters><HeartRateBpm><Value>129</Value></HeartRateBpm><Cadence>88</Cadence><SensorState>Present</SensorState></Trackpoint><Trackpoint><Time>2025-11-04T11:46:16.708Z</Time><Position><LatitudeDegrees>43.29800833</LatitudeDegrees><LongitudeDegrees>-2.87180833</LongitudeDegrees></Position><AltitudeMeters>56.846</AltitudeMeters><DistanceMeters>2072.10009765625</DistanceMeters><HeartRateBpm><Value>129</Value></HeartRateBpm><Cadence>88</Cadence><SensorState>Present</SensorState></Trackpoint><Trackpoint><Time>2025-11-04T11:46:17.708Z</Time><Position><LatitudeDegrees>43.298035</LatitudeDegrees><LongitudeDegrees>-2.87180667</LongitudeDegrees></Position><AltitudeMeters>56.693</AltitudeMeters><DistanceMeters>2074.89990234375</DistanceMeters><HeartRateBpm><Value>129</Value></HeartRateBpm><Cadence>88</Cadence><SensorState>Present</SensorState></Trackpoint><Trackpoint><Time>2025-11-04T11:46:18.708Z</Time><Position><LatitudeDegrees>43.29805833</LatitudeDegrees><LongitudeDegrees>-2.871805</LongitudeDegrees></Position><AltitudeMeters>56.693</AltitudeMeters><DistanceMeters>2077.699951171875</DistanceMeters><HeartRateBpm><Value>129</Value></HeartRateBpm><Cadence>88</Cadence><SensorState>Present</SensorState></Trackpoint><Trackpoint><Time>2025-11-04T11:46:19.708Z</Time><Position><LatitudeDegrees>43.29808333</LatitudeDegrees><LongitudeDegrees>-2.87180333</LongitudeDegrees></Position><AltitudeMeters>56.693</AltitudeMeters><DistanceMeters>2080.60009765625</DistanceMeters><HeartRateBpm><Value>129</Value></HeartRateBpm><Cadence>88</Cadence><SensorState>Present</SensorState></Trackpoint><Trackpoint><Time>2025-11-04T11:46:20.708Z</Time><Position><LatitudeDegrees>43.29810833</LatitudeDegrees><LongitudeDegrees>-2.8718</LongitudeDegrees></Position><AltitudeMeters>56.693</AltitudeMeters><DistanceMeters>2083.60009765625</DistanceMeters><HeartRateBpm><Value>129</Value></HeartRateBpm><Cadence>88</Cadence><SensorState>Present</SensorState></Trackpoint><Trackpoint><Time>2025-11-04T11:46:21.708Z</Time><Position><LatitudeDegrees>43.298135</LatitudeDegrees><LongitudeDegrees>-2.87179833</LongitudeDegrees></Position><AltitudeMeters>56.693</AltitudeMeters><DistanceMeters>2086.699951171875</DistanceMeters><HeartRateBpm><Value>129</Value></HeartRateBpm><Cadence>88</Cadence><SensorState>Present</SensorState></Trackpoint><Trackpoint><Time>2025-11-04T11:46:22.708Z</Time><Position><LatitudeDegrees>43.29816167</LatitudeDegrees><LongitudeDegrees>-2.87179833</LongitudeDegrees></Position><AltitudeMeters>56.846</AltitudeMeters><DistanceMeters>2089.60009765625</DistanceMeters><HeartRateBpm><Value>129</Value></HeartRateBpm><Cadence>88</Cadence><SensorState>Present</SensorState></Trackpoint><Trackpoint><Time>2025-11-04T11:46:23.708Z</Time><Position><LatitudeDegrees>43.29818833</LatitudeDegrees><LongitudeDegrees>-2.87179333</LongitudeDegrees></Position><AltitudeMeters>56.846</AltitudeMeters><DistanceMeters>2092.5</DistanceMeters><HeartRateBpm><Value>129</Value></HeartRateBpm><Cadence>88</Cadence><SensorState>Present</SensorState></Trackpoint><Trackpoint><Time>2025-11-04T11:46:24.708Z</Time><Position><LatitudeDegrees>43.298215</LatitudeDegrees><LongitudeDegrees>-2.87178667</LongitudeDegrees></Position><AltitudeMeters>56.846</AltitudeMeters><DistanceMeters>2095.39990234375</DistanceMeters><HeartRateBpm><Value>129</Value></HeartRateBpm><Cadence>88</Cadence><SensorState>Present</SensorState></Trackpoint><Trackpoint><Time>2025-11-04T11:46:25.708Z</Time><Position><LatitudeDegrees>43.29824</LatitudeDegrees><LongitudeDegrees>-2.871785</LongitudeDegrees></Position><AltitudeMeters>56.846</AltitudeMeters><DistanceMeters>2098.39990234375</DistanceMeters><HeartRateBpm><Value>129</Value></HeartRateBpm><Cadence>87</Cadence><SensorState>Present</SensorState></Trackpoint><Trackpoint><Time>2025-11-04T11:46:26.708Z</Time><Position><LatitudeDegrees>43.29826667</LatitudeDegrees><LongitudeDegrees>-2.87178333</LongitudeDegrees></Position><AltitudeMeters>56.846</AltitudeMeters><DistanceMeters>2101.39990234375</DistanceMeters><HeartRateBpm><Value>129</Value></HeartRateBpm><Cadence>88</Cadence><SensorState>Present</SensorState></Trackpoint><Trackpoint><Time>2025-11-04T11:46:27.708Z</Time><Position><LatitudeDegrees>43.29829167</LatitudeDegrees><LongitudeDegrees>-2.87178</LongitudeDegrees></Position><AltitudeMeters>56.998</AltitudeMeters><DistanceMeters>2104.199951171875</DistanceMeters><HeartRateBpm><Value>129</Value></HeartRateBpm><Cadence>88</Cadence><SensorState>Present</SensorState></Trackpoint><Trackpoint><Time>2025-11-04T11:46:28.708Z</Time><Position><LatitudeDegrees>43.298315</LatitudeDegrees><LongitudeDegrees>-2.87177167</LongitudeDegrees></Position><AltitudeMeters>56.998</AltitudeMeters><DistanceMeters>2107.10009765625</DistanceMeters><HeartRateBpm><Value>130</Value></HeartRateBpm><Cadence>88</Cadence><SensorState>Present</SensorState></Trackpoint><Trackpoint><Time>2025-11-04T11:46:29.708Z</Time><Position><LatitudeDegrees>43.29834</LatitudeDegrees><LongitudeDegrees>-2.87176333</LongitudeDegrees></Position><AltitudeMeters>56.998</AltitudeMeters><DistanceMeters>2110.0</DistanceMeters><HeartRateBpm><Value>130</Value></HeartRateBpm><Cadence>88</Cadence><SensorState>Present</SensorState></Trackpoint><Trackpoint><Time>2025-11-04T11:46:30.708Z</Time><Position><LatitudeDegrees>43.29836667</LatitudeDegrees><LongitudeDegrees>-2.87175833</LongitudeDegrees></Position><AltitudeMeters>56.998</AltitudeMeters><DistanceMeters>2112.60009765625</DistanceMeters><HeartRateBpm><Value>130</Value></HeartRateBpm><Cadence>88</Cadence><SensorState>Present</SensorState></Trackpoint><Trackpoint><Time>2025-11-04T11:46:31.708Z</Time><Position><LatitudeDegrees>43.29838833</LatitudeDegrees><LongitudeDegrees>-2.87175</LongitudeDegrees></Position><AltitudeMeters>57.151</AltitudeMeters><DistanceMeters>2115.300048828125</DistanceMeters><HeartRateBpm><Value>130</Value></HeartRateBpm><Cadence>88</Cadence><SensorState>Present</SensorState></Trackpoint><Trackpoint><Time>2025-11-04T11:46:32.708Z</Time><Position><LatitudeDegrees>43.29841333</LatitudeDegrees><LongitudeDegrees>-2.87174667</LongitudeDegrees></Position><AltitudeMeters>57.151</AltitudeMeters><DistanceMeters>2118.0</DistanceMeters><HeartRateBpm><Value>130</Value></HeartRateBpm><Cadence>88</Cadence><SensorState>Present</SensorState></Trackpoint><Trackpoint><Time>2025-11-04T11:46:33.708Z</Time><Position><LatitudeDegrees>43.29843833</LatitudeDegrees><LongitudeDegrees>-2.87174667</LongitudeDegrees></Position><AltitudeMeters>57.151</AltitudeMeters><DistanceMeters>2120.60009765625</DistanceMeters><HeartRateBpm><Value>130</Value></HeartRateBpm><Cadence>88</Cadence><SensorState>Present</SensorState></Trackpoint><Trackpoint><Time>2025-11-04T11:46:34.708Z</Time><Position><LatitudeDegrees>43.29846167</LatitudeDegrees><LongitudeDegrees>-2.871745</LongitudeDegrees></Position><AltitudeMeters>57.151</AltitudeMeters><DistanceMeters>2123.39990234375</DistanceMeters><HeartRateBpm><Value>131</Value></HeartRateBpm><Cadence>88</Cadence><SensorState>Present</SensorState></Trackpoint><Trackpoint><Time>2025-11-04T11:46:35.708Z</Time><Position><LatitudeDegrees>43.29848833</LatitudeDegrees><LongitudeDegrees>-2.87174667</LongitudeDegrees></Position><AltitudeMeters>57.303</AltitudeMeters><DistanceMeters>2126.199951171875</DistanceMeters><HeartRateBpm><Value>131</Value></HeartRateBpm><Cadence>88</Cadence><SensorState>Present</SensorState></Trackpoint><Trackpoint><Time>2025-11-04T11:46:36.708Z</Time><Position><LatitudeDegrees>43.29851333</LatitudeDegrees><LongitudeDegrees>-2.87174667</LongitudeDegrees></Position><AltitudeMeters>57.303</AltitudeMeters><DistanceMeters>2129.300048828125</DistanceMeters><HeartRateBpm><Value>131</Value></HeartRateBpm><Cadence>88</Cadence><SensorState>Present</SensorState></Trackpoint><Trackpoint><Time>2025-11-04T11:46:37.708Z</Time><Position><LatitudeDegrees>43.29854167</LatitudeDegrees><LongitudeDegrees>-2.871745</LongitudeDegrees></Position><AltitudeMeters>57.455</AltitudeMeters><DistanceMeters>2132.300048828125</DistanceMeters><HeartRateBpm><Value>131</Value></HeartRateBpm><Cadence>88</Cadence><SensorState>Present</SensorState></Trackpoint><Trackpoint><Time>2025-11-04T11:46:38.708Z</Time><Position><LatitudeDegrees>43.29857</LatitudeDegrees><LongitudeDegrees>-2.87173833</LongitudeDegrees></Position><AltitudeMeters>57.455</AltitudeMeters><DistanceMeters>2135.39990234375</DistanceMeters><HeartRateBpm><Value>132</Value></HeartRateBpm><Cadence>88</Cadence><SensorState>Present</SensorState></Trackpoint><Trackpoint><Time>2025-11-04T11:46:39.708Z</Time><Position><LatitudeDegrees>43.29859667</LatitudeDegrees><LongitudeDegrees>-2.87172833</LongitudeDegrees></Position><AltitudeMeters>57.608</AltitudeMeters><DistanceMeters>2138.5</DistanceMeters><HeartRateBpm><Value>132</Value></HeartRateBpm><Cadence>89</Cadence><SensorState>Present</SensorState></Trackpoint><Trackpoint><Time>2025-11-04T11:46:40.708Z</Time><Position><LatitudeDegrees>43.29862</LatitudeDegrees><LongitudeDegrees>-2.87172</LongitudeDegrees></Position><AltitudeMeters>57.608</AltitudeMeters><DistanceMeters>2141.60009765625</DistanceMeters><HeartRateBpm><Value>132</Value></HeartRateBpm><Cadence>89</Cadence><SensorState>Present</SensorState></Trackpoint><Trackpoint><Time>2025-11-04T11:46:41.708Z</Time><Position><LatitudeDegrees>43.29864667</LatitudeDegrees><LongitudeDegrees>-2.87171</LongitudeDegrees></Position><AltitudeMeters>57.76</AltitudeMeters><DistanceMeters>2144.60009765625</DistanceMeters><HeartRateBpm><Value>132</Value></HeartRateBpm><Cadence>90</Cadence><SensorState>Present</SensorState></Trackpoint><Trackpoint><Time>2025-11-04T11:46:42.708Z</Time><Position><LatitudeDegrees>43.29867167</LatitudeDegrees><LongitudeDegrees>-2.87170167</LongitudeDegrees></Position><AltitudeMeters>57.913</AltitudeMeters><DistanceMeters>2147.300048828125</DistanceMeters><HeartRateBpm><Value>133</Value></HeartRateBpm><Cadence>90</Cadence><SensorState>Present</SensorState></Trackpoint><Trackpoint><Time>2025-11-04T11:46:43.708Z</Time><Position><LatitudeDegrees>43.29869167</LatitudeDegrees><LongitudeDegrees>-2.87169</LongitudeDegrees></Position><AltitudeMeters>57.913</AltitudeMeters><DistanceMeters>2149.60009765625</DistanceMeters><HeartRateBpm><Value>133</Value></HeartRateBpm><Cadence>90</Cadence><SensorState>Present</SensorState></Trackpoint><Trackpoint><Time>2025-11-04T11:46:44.708Z</Time><Position><LatitudeDegrees>43.29871</LatitudeDegrees><LongitudeDegrees>-2.87168167</LongitudeDegrees></Position><AltitudeMeters>58.065</AltitudeMeters><DistanceMeters>2151.800048828125</DistanceMeters><HeartRateBpm><Value>133</Value></HeartRateBpm><Cadence>90</Cadence><SensorState>Present</SensorState></Trackpoint><Trackpoint><Time>2025-11-04T11:46:45.708Z</Time><Position><LatitudeDegrees>43.29872667</LatitudeDegrees><LongitudeDegrees>-2.87167333</LongitudeDegrees></Position><AltitudeMeters>58.065</AltitudeMeters><DistanceMeters>2153.800048828125</DistanceMeters><HeartRateBpm><Value>133</Value></HeartRateBpm><Cadence>89</Cadence><SensorState>Present</SensorState></Trackpoint><Trackpoint><Time>2025-11-04T11:46:46.708Z</Time><Position><LatitudeDegrees>43.298745</LatitudeDegrees><LongitudeDegrees>-2.87167</LongitudeDegrees></Position><AltitudeMeters>58.218</AltitudeMeters><DistanceMeters>2155.800048828125</DistanceMeters><HeartRateBpm><Value>133</Value></HeartRateBpm><Cadence>89</Cadence><SensorState>Present</SensorState></Trackpoint><Trackpoint><Time>2025-11-04T11:46:47.708Z</Time><Position><LatitudeDegrees>43.29876833</LatitudeDegrees><LongitudeDegrees>-2.87166833</LongitudeDegrees></Position><AltitudeMeters>58.37</AltitudeMeters><DistanceMeters>2158.199951171875</DistanceMeters><HeartRateBpm><Value>133</Value></HeartRateBpm><Cadence>89</Cadence><SensorState>Present</SensorState></Trackpoint><Trackpoint><Time>2025-11-04T11:46:48.708Z</Time><Position><LatitudeDegrees>43.298795</LatitudeDegrees><LongitudeDegrees>-2.87166833</LongitudeDegrees></Position><AltitudeMeters>58.37</AltitudeMeters><DistanceMeters>2161.0</DistanceMeters><HeartRateBpm><Value>133</Value></HeartRateBpm><Cadence>86</Cadence><SensorState>Present</SensorState></Trackpoint><Trackpoint><Time>2025-11-04T11:46:49.708Z</Time><Position><LatitudeDegrees>43.29882167</LatitudeDegrees><LongitudeDegrees>-2.87166833</LongitudeDegrees></Position><AltitudeMeters>58.522</AltitudeMeters><DistanceMeters>2163.60009765625</DistanceMeters><HeartRateBpm><Value>134</Value></HeartRateBpm><Cadence>86</Cadence><SensorState>Present</SensorState></Trackpoint><Trackpoint><Time>2025-11-04T11:46:50.708Z</Time><Position><LatitudeDegrees>43.29885167</LatitudeDegrees><LongitudeDegrees>-2.871675</LongitudeDegrees></Position><AltitudeMeters>58.675</AltitudeMeters><DistanceMeters>2166.699951171875</DistanceMeters><HeartRateBpm><Value>134</Value></HeartRateBpm><Cadence>88</Cadence><SensorState>Present</SensorState></Trackpoint><Trackpoint><Time>2025-11-04T11:46:51.708Z</Time><Position><LatitudeDegrees>43.29888167</LatitudeDegrees><LongitudeDegrees>-2.87167333</LongitudeDegrees></Position><AltitudeMeters>58.675</AltitudeMeters><DistanceMeters>2169.60009765625</DistanceMeters><HeartRateBpm><Value>134</Value></HeartRateBpm><Cadence>88</Cadence><SensorState>Present</SensorState></Trackpoint><Trackpoint><Time>2025-11-04T11:46:52.708Z</Time><Position><LatitudeDegrees>43.298905</LatitudeDegrees><LongitudeDegrees>-2.871675</LongitudeDegrees></Position><AltitudeMeters>58.827</AltitudeMeters><DistanceMeters>2172.699951171875</DistanceMeters><HeartRateBpm><Value>134</Value></HeartRateBpm><Cadence>88</Cadence><SensorState>Present</SensorState></Trackpoint><Trackpoint><Time>2025-11-04T11:46:53.708Z</Time><Position><LatitudeDegrees>43.29892833</LatitudeDegrees><LongitudeDegrees>-2.87167667</LongitudeDegrees></Position><AltitudeMeters>58.98</AltitudeMeters><DistanceMeters>2176.10009765625</DistanceMeters><HeartRateBpm><Value>134</Value></HeartRateBpm><Cadence>88</Cadence><SensorState>Present</SensorState></Trackpoint><Trackpoint><Time>2025-11-04T11:46:54.708Z</Time><Position><LatitudeDegrees>43.29895333</LatitudeDegrees><LongitudeDegrees>-2.871675</LongitudeDegrees></Position><AltitudeMeters>58.98</AltitudeMeters><DistanceMeters>2179.5</DistanceMeters><HeartRateBpm><Value>134</Value></HeartRateBpm><Cadence>88</Cadence><SensorState>Present</SensorState></Trackpoint><Trackpoint><Time>2025-11-04T11:46:55.708Z</Time><Position><LatitudeDegrees>43.29898</LatitudeDegrees><LongitudeDegrees>-2.87167167</LongitudeDegrees></Position><AltitudeMeters>59.132</AltitudeMeters><DistanceMeters>2182.60009765625</DistanceMeters><HeartRateBpm><Value>134</Value></HeartRateBpm><Cadence>88</Cadence><SensorState>Present</SensorState></Trackpoint><Trackpoint><Time>2025-11-04T11:46:56.708Z</Time><Position><LatitudeDegrees>43.29900667</LatitudeDegrees><LongitudeDegrees>-2.87166667</LongitudeDegrees></Position><AltitudeMeters>59.132</AltitudeMeters><DistanceMeters>2185.699951171875</DistanceMeters><HeartRateBpm><Value>134</Value></HeartRateBpm><Cadence>88</Cadence><SensorState>Present</SensorState></Trackpoint><Trackpoint><Time>2025-11-04T11:46:57.708Z</Time><Position><LatitudeDegrees>43.29903333</LatitudeDegrees><LongitudeDegrees>-2.87166</LongitudeDegrees></Position><AltitudeMeters>59.284</AltitudeMeters><DistanceMeters>2188.5</DistanceMeters><HeartRateBpm><Value>134</Value></HeartRateBpm><Cadence>88</Cadence><SensorState>Present</SensorState></Trackpoint><Trackpoint><Time>2025-11-04T11:46:58.708Z</Time><Position><LatitudeDegrees>43.29906</LatitudeDegrees><LongitudeDegrees>-2.87165667</LongitudeDegrees></Position><AltitudeMeters>59.437</AltitudeMeters><DistanceMeters>2191.199951171875</DistanceMeters><HeartRateBpm><Value>135</Value></HeartRateBpm><Cadence>88</Cadence><SensorState>Present</SensorState></Trackpoint><Trackpoint><Time>2025-11-04T11:46:59.708Z</Time><Position><LatitudeDegrees>43.29908667</LatitudeDegrees><LongitudeDegrees>-2.87165833</LongitudeDegrees></Position><AltitudeMeters>59.437</AltitudeMeters><DistanceMeters>2193.60009765625</DistanceMeters><HeartRateBpm><Value>135</Value></HeartRateBpm><Cadence>88</Cadence><SensorState>Present</SensorState></Trackpoint><Trackpoint><Time>2025-11-04T11:47:00.708Z</Time><Position><LatitudeDegrees>43.29910833</LatitudeDegrees><LongitudeDegrees>-2.87164833</LongitudeDegrees></Position><AltitudeMeters>59.589</AltitudeMeters><DistanceMeters>2196.5</DistanceMeters><HeartRateBpm><Value>134</Value></HeartRateBpm><Cadence>88</Cadence><SensorState>Present</SensorState></Trackpoint><Trackpoint><Time>2025-11-04T11:47:01.708Z</Time><Position><LatitudeDegrees>43.29913167</LatitudeDegrees><LongitudeDegrees>-2.87164167</LongitudeDegrees></Position><AltitudeMeters>59.589</AltitudeMeters><DistanceMeters>2199.300048828125</DistanceMeters><HeartRateBpm><Value>134</Value></HeartRateBpm><Cadence>88</Cadence><SensorState>Present</SensorState></Trackpoint><Trackpoint><Time>2025-11-04T11:47:02.708Z</Time><Position><LatitudeDegrees>43.29915333</LatitudeDegrees><LongitudeDegrees>-2.87163333</LongitudeDegrees></Position><AltitudeMeters>59.742</AltitudeMeters><DistanceMeters>2202.10009765625</DistanceMeters><HeartRateBpm><Value>134</Value></HeartRateBpm><Cadence>88</Cadence><SensorState>Present</SensorState></Trackpoint><Trackpoint><Time>2025-11-04T11:47:03.708Z</Time><Position><LatitudeDegrees>43.29917667</LatitudeDegrees><LongitudeDegrees>-2.87162833</LongitudeDegrees></Position><AltitudeMeters>59.894</AltitudeMeters><DistanceMeters>2204.60009765625</DistanceMeters><HeartRateBpm><Value>134</Value></HeartRateBpm><Cadence>88</Cadence><SensorState>Present</SensorState></Trackpoint><Trackpoint><Time>2025-11-04T11:47:04.708Z</Time><Position><LatitudeDegrees>43.2992</LatitudeDegrees><LongitudeDegrees>-2.871625</LongitudeDegrees></Position><AltitudeMeters>59.894</AltitudeMeters><DistanceMeters>2206.89990234375</DistanceMeters><HeartRateBpm><Value>134</Value></HeartRateBpm><Cadence>88</Cadence><SensorState>Present</SensorState></Trackpoint><Trackpoint><Time>2025-11-04T11:47:05.708Z</Time><Position><LatitudeDegrees>43.29922167</LatitudeDegrees><LongitudeDegrees>-2.87162167</LongitudeDegrees></Position><AltitudeMeters>60.046</AltitudeMeters><DistanceMeters>2209.5</DistanceMeters><HeartRateBpm><Value>134</Value></HeartRateBpm><Cadence>88</Cadence><SensorState>Present</SensorState></Trackpoint><Trackpoint><Time>2025-11-04T11:47:06.708Z</Time><Position><LatitudeDegrees>43.29924667</LatitudeDegrees><LongitudeDegrees>-2.871615</LongitudeDegrees></Position><AltitudeMeters>60.199</AltitudeMeters><DistanceMeters>2212.0</DistanceMeters><HeartRateBpm><Value>134</Value></HeartRateBpm><Cadence>88</Cadence><SensorState>Present</SensorState></Trackpoint><Trackpoint><Time>2025-11-04T11:47:07.708Z</Time><Position><LatitudeDegrees>43.29927167</LatitudeDegrees><LongitudeDegrees>-2.871615</LongitudeDegrees></Position><AltitudeMeters>60.351</AltitudeMeters><DistanceMeters>2214.39990234375</DistanceMeters><HeartRateBpm><Value>134</Value></HeartRateBpm><Cadence>88</Cadence><SensorState>Present</SensorState></Trackpoint><Trackpoint><Time>2025-11-04T11:47:08.708Z</Time><Position><LatitudeDegrees>43.299295</LatitudeDegrees><LongitudeDegrees>-2.871615</LongitudeDegrees></Position><AltitudeMeters>60.351</AltitudeMeters><DistanceMeters>2217.10009765625</DistanceMeters><HeartRateBpm><Value>135</Value></HeartRateBpm><Cadence>88</Cadence><SensorState>Present</SensorState></Trackpoint><Trackpoint><Time>2025-11-04T11:47:09.708Z</Time><Position><LatitudeDegrees>43.29931833</LatitudeDegrees><LongitudeDegrees>-2.87161333</LongitudeDegrees></Position><AltitudeMeters>60.504</AltitudeMeters><DistanceMeters>2219.699951171875</DistanceMeters><HeartRateBpm><Value>135</Value></HeartRateBpm><Cadence>88</Cadence><SensorState>Present</SensorState></Trackpoint><Trackpoint><Time>2025-11-04T11:47:10.708Z</Time><Position><LatitudeDegrees>43.29934</LatitudeDegrees><LongitudeDegrees>-2.87161333</LongitudeDegrees></Position><AltitudeMeters>60.656</AltitudeMeters><DistanceMeters>2222.5</DistanceMeters><HeartRateBpm><Value>135</Value></HeartRateBpm><Cadence>88</Cadence><SensorState>Present</SensorState></Trackpoint><Trackpoint><Time>2025-11-04T11:47:11.708Z</Time><Position><LatitudeDegrees>43.29936667</LatitudeDegrees><LongitudeDegrees>-2.87161333</LongitudeDegrees></Position><AltitudeMeters>60.808</AltitudeMeters><DistanceMeters>2225.39990234375</DistanceMeters><HeartRateBpm><Value>135</Value></HeartRateBpm><Cadence>88</Cadence><SensorState>Present</SensorState></Trackpoint><Trackpoint><Time>2025-11-04T11:47:12.708Z</Time><Position><LatitudeDegrees>43.29939167</LatitudeDegrees><LongitudeDegrees>-2.87161167</LongitudeDegrees></Position><AltitudeMeters>60.961</AltitudeMeters><DistanceMeters>2228.300048828125</DistanceMeters><HeartRateBpm><Value>135</Value></HeartRateBpm><Cadence>88</Cadence><SensorState>Present</SensorState></Trackpoint><Trackpoint><Time>2025-11-04T11:47:13.708Z</Time><Position><LatitudeDegrees>43.29941833</LatitudeDegrees><LongitudeDegrees>-2.87160667</LongitudeDegrees></Position><AltitudeMeters>60.961</AltitudeMeters><DistanceMeters>2231.199951171875</DistanceMeters><HeartRateBpm><Value>136</Value></HeartRateBpm><Cadence>88</Cadence><SensorState>Present</SensorState></Trackpoint><Trackpoint><Time>2025-11-04T11:47:14.708Z</Time><Position><LatitudeDegrees>43.29944333</LatitudeDegrees><LongitudeDegrees>-2.87161</LongitudeDegrees></Position><AltitudeMeters>61.113</AltitudeMeters><DistanceMeters>2233.800048828125</DistanceMeters><HeartRateBpm><Value>136</Value></HeartRateBpm><Cadence>88</Cadence><SensorState>Present</SensorState></Trackpoint><Trackpoint><Time>2025-11-04T11:47:15.708Z</Time><Position><LatitudeDegrees>43.29946667</LatitudeDegrees><LongitudeDegrees>-2.87160667</LongitudeDegrees></Position><AltitudeMeters>61.266</AltitudeMeters><DistanceMeters>2236.60009765625</DistanceMeters><HeartRateBpm><Value>136</Value></HeartRateBpm><Cadence>87</Cadence><SensorState>Present</SensorState></Trackpoint><Trackpoint><Time>2025-11-04T11:47:16.708Z</Time><Position><LatitudeDegrees>43.29949</LatitudeDegrees><LongitudeDegrees>-2.871605</LongitudeDegrees></Position><AltitudeMeters>61.418</AltitudeMeters><DistanceMeters>2239.199951171875</DistanceMeters><HeartRateBpm><Value>137</Value></HeartRateBpm><Cadence>86</Cadence><SensorState>Present</SensorState></Trackpoint><Trackpoint><Time>2025-11-04T11:47:17.708Z</Time><Position><LatitudeDegrees>43.29951333</LatitudeDegrees><LongitudeDegrees>-2.87160167</LongitudeDegrees></Position><AltitudeMeters>61.57</AltitudeMeters><DistanceMeters>2242.199951171875</DistanceMeters><HeartRateBpm><Value>137</Value></HeartRateBpm><Cadence>86</Cadence><SensorState>Present</SensorState></Trackpoint><Trackpoint><Time>2025-11-04T11:47:18.708Z</Time><Position><LatitudeDegrees>43.29953833</LatitudeDegrees><LongitudeDegrees>-2.87159667</LongitudeDegrees></Position><AltitudeMeters>61.723</AltitudeMeters><DistanceMeters>2244.60009765625</DistanceMeters><HeartRateBpm><Value>137</Value></HeartRateBpm><Cadence>86</Cadence><SensorState>Present</SensorState></Trackpoint><Trackpoint><Time>2025-11-04T11:47:19.708Z</Time><Position><LatitudeDegrees>43.29955833</LatitudeDegrees><LongitudeDegrees>-2.87158833</LongitudeDegrees></Position><AltitudeMeters>61.875</AltitudeMeters><DistanceMeters>2246.699951171875</DistanceMeters><HeartRateBpm><Value>138</Value></HeartRateBpm><Cadence>88</Cadence><SensorState>Present</SensorState></Trackpoint><Trackpoint><Time>2025-11-04T11:47:20.708Z</Time><Position><LatitudeDegrees>43.299575</LatitudeDegrees><LongitudeDegrees>-2.87158</LongitudeDegrees></Position><AltitudeMeters>62.028</AltitudeMeters><DistanceMeters>2248.89990234375</DistanceMeters><HeartRateBpm><Value>138</Value></HeartRateBpm><Cadence>88</Cadence><SensorState>Present</SensorState></Trackpoint><Trackpoint><Time>2025-11-04T11:47:21.708Z</Time><Position><LatitudeDegrees>43.299595</LatitudeDegrees><LongitudeDegrees>-2.87157667</LongitudeDegrees></Position><AltitudeMeters>62.18</AltitudeMeters><DistanceMeters>2250.699951171875</DistanceMeters><HeartRateBpm><Value>138</Value></HeartRateBpm><Cadence>88</Cadence><SensorState>Present</SensorState></Trackpoint><Trackpoint><Time>2025-11-04T11:47:22.708Z</Time><Position><LatitudeDegrees>43.29961333</LatitudeDegrees><LongitudeDegrees>-2.87157333</LongitudeDegrees></Position><AltitudeMeters>62.332</AltitudeMeters><DistanceMeters>2253.10009765625</DistanceMeters><HeartRateBpm><Value>138</Value></HeartRateBpm><Cadence>88</Cadence><SensorState>Present</SensorState></Trackpoint><Trackpoint><Time>2025-11-04T11:47:23.708Z</Time><Position><LatitudeDegrees>43.29963833</LatitudeDegrees><LongitudeDegrees>-2.871575</LongitudeDegrees></Position><AltitudeMeters>62.485</AltitudeMeters><DistanceMeters>2255.5</DistanceMeters><HeartRateBpm><Value>138</Value></HeartRateBpm><Cadence>88</Cadence><SensorState>Present</SensorState></Trackpoint><Trackpoint><Time>2025-11-04T11:47:24.708Z</Time><Position><LatitudeDegrees>43.29966167</LatitudeDegrees><LongitudeDegrees>-2.87157333</LongitudeDegrees></Position><AltitudeMeters>62.79</AltitudeMeters><DistanceMeters>2257.60009765625</DistanceMeters><HeartRateBpm><Value>138</Value></HeartRateBpm><Cadence>88</Cadence><SensorState>Present</SensorState></Trackpoint><Trackpoint><Time>2025-11-04T11:47:25.708Z</Time><Position><LatitudeDegrees>43.29968</LatitudeDegrees><LongitudeDegrees>-2.87157167</LongitudeDegrees></Position><AltitudeMeters>62.942</AltitudeMeters><DistanceMeters>2259.60009765625</DistanceMeters><HeartRateBpm><Value>139</Value></HeartRateBpm><Cadence>88</Cadence><SensorState>Present</SensorState></Trackpoint><Trackpoint><Time>2025-11-04T11:47:26.708Z</Time><Position><LatitudeDegrees>43.29969833</LatitudeDegrees><LongitudeDegrees>-2.87157</LongitudeDegrees></Position><AltitudeMeters>63.094</AltitudeMeters><DistanceMeters>2261.89990234375</DistanceMeters><HeartRateBpm><Value>139</Value></HeartRateBpm><Cadence>88</Cadence><SensorState>Present</SensorState></Trackpoint><Trackpoint><Time>2025-11-04T11:47:27.708Z</Time><Position><LatitudeDegrees>43.29972333</LatitudeDegrees><LongitudeDegrees>-2.87156833</LongitudeDegrees></Position><AltitudeMeters>63.247</AltitudeMeters><DistanceMeters>2264.5</DistanceMeters><HeartRateBpm><Value>138</Value></HeartRateBpm><Cadence>88</Cadence><SensorState>Present</SensorState></Trackpoint><Trackpoint><Time>2025-11-04T11:47:28.708Z</Time><Position><LatitudeDegrees>43.29974667</LatitudeDegrees><LongitudeDegrees>-2.87156333</LongitudeDegrees></Position><AltitudeMeters>63.399</AltitudeMeters><DistanceMeters>2267.800048828125</DistanceMeters><HeartRateBpm><Value>138</Value></HeartRateBpm><Cadence>87</Cadence><SensorState>Present</SensorState></Trackpoint><Trackpoint><Time>2025-11-04T11:47:29.708Z</Time><Position><LatitudeDegrees>43.299775</LatitudeDegrees><LongitudeDegrees>-2.87154833</LongitudeDegrees></Position><AltitudeMeters>63.552</AltitudeMeters><DistanceMeters>2271.5</DistanceMeters><HeartRateBpm><Value>138</Value></HeartRateBpm><Cadence>88</Cadence><SensorState>Present</SensorState></Trackpoint><Trackpoint><Time>2025-11-04T11:47:30.708Z</Time><Position><LatitudeDegrees>43.29981</LatitudeDegrees><LongitudeDegrees>-2.87154</LongitudeDegrees></Position><AltitudeMeters>63.704</AltitudeMeters><DistanceMeters>2275.300048828125</DistanceMeters><HeartRateBpm><Value>138</Value></HeartRateBpm><Cadence>86</Cadence><SensorState>Present</SensorState></Trackpoint><Trackpoint><Time>2025-11-04T11:47:31.708Z</Time><Position><LatitudeDegrees>43.29984167</LatitudeDegrees><LongitudeDegrees>-2.87153667</LongitudeDegrees></Position><AltitudeMeters>63.856</AltitudeMeters><DistanceMeters>2278.300048828125</DistanceMeters><HeartRateBpm><Value>138</Value></HeartRateBpm><Cadence>86</Cadence><SensorState>Present</SensorState></Trackpoint><Trackpoint><Time>2025-11-04T11:47:32.708Z</Time><Position><LatitudeDegrees>43.29986667</LatitudeDegrees><LongitudeDegrees>-2.87153333</LongitudeDegrees></Position><AltitudeMeters>64.009</AltitudeMeters><DistanceMeters>2281.39990234375</DistanceMeters><HeartRateBpm><Value>138</Value></HeartRateBpm><Cadence>86</Cadence><SensorState>Present</SensorState></Trackpoint><Trackpoint><Time>2025-11-04T11:47:33.708Z</Time><Position><LatitudeDegrees>43.29989</LatitudeDegrees><LongitudeDegrees>-2.87153</LongitudeDegrees></Position><AltitudeMeters>64.161</AltitudeMeters><DistanceMeters>2284.699951171875</DistanceMeters><HeartRateBpm><Value>138</Value></HeartRateBpm><Cadence>86</Cadence><SensorState>Present</SensorState></Trackpoint><Trackpoint><Time>2025-11-04T11:47:34.708Z</Time><Position><LatitudeDegrees>43.29991333</LatitudeDegrees><LongitudeDegrees>-2.87153</LongitudeDegrees></Position><AltitudeMeters>64.314</AltitudeMeters><DistanceMeters>2288.0</DistanceMeters><HeartRateBpm><Value>138</Value></HeartRateBpm><Cadence>86</Cadence><SensorState>Present</SensorState></Trackpoint><Trackpoint><Time>2025-11-04T11:47:35.708Z</Time><Position><LatitudeDegrees>43.29993667</LatitudeDegrees><LongitudeDegrees>-2.87153333</LongitudeDegrees></Position><AltitudeMeters>64.466</AltitudeMeters><DistanceMeters>2290.800048828125</DistanceMeters><HeartRateBpm><Value>138</Value></HeartRateBpm><Cadence>86</Cadence><SensorState>Present</SensorState></Trackpoint><Trackpoint><Time>2025-11-04T11:47:36.708Z</Time><Position><LatitudeDegrees>43.29996</LatitudeDegrees><LongitudeDegrees>-2.87153167</LongitudeDegrees></Position><AltitudeMeters>64.618</AltitudeMeters><DistanceMeters>2293.39990234375</DistanceMeters><HeartRateBpm><Value>138</Value></HeartRateBpm><Cadence>86</Cadence><SensorState>Present</SensorState></Trackpoint><Trackpoint><Time>2025-11-04T11:47:37.708Z</Time><Position><LatitudeDegrees>43.29998167</LatitudeDegrees><LongitudeDegrees>-2.87153167</LongitudeDegrees></Position><AltitudeMeters>64.771</AltitudeMeters><DistanceMeters>2295.5</DistanceMeters><HeartRateBpm><Value>138</Value></HeartRateBpm><Cadence>86</Cadence><SensorState>Present</SensorState></Trackpoint><Trackpoint><Time>2025-11-04T11:47:38.708Z</Time><Position><LatitudeDegrees>43.30000167</LatitudeDegrees><LongitudeDegrees>-2.87152667</LongitudeDegrees></Position><AltitudeMeters>64.923</AltitudeMeters><DistanceMeters>2297.39990234375</DistanceMeters><HeartRateBpm><Value>138</Value></HeartRateBpm><Cadence>86</Cadence><SensorState>Present</SensorState></Trackpoint><Trackpoint><Time>2025-11-04T11:47:39.708Z</Time><Position><LatitudeDegrees>43.300025</LatitudeDegrees><LongitudeDegrees>-2.87152333</LongitudeDegrees></Position><AltitudeMeters>65.076</AltitudeMeters><DistanceMeters>2299.300048828125</DistanceMeters><HeartRateBpm><Value>138</Value></HeartRateBpm><Cadence>86</Cadence><SensorState>Present</SensorState></Trackpoint><Trackpoint><Time>2025-11-04T11:47:40.708Z</Time><Position><LatitudeDegrees>43.30004667</LatitudeDegrees><LongitudeDegrees>-2.87151833</LongitudeDegrees></Position><AltitudeMeters>65.228</AltitudeMeters><DistanceMeters>2301.60009765625</DistanceMeters><HeartRateBpm><Value>138</Value></HeartRateBpm><Cadence>86</Cadence><SensorState>Present</SensorState></Trackpoint><Trackpoint><Time>2025-11-04T11:47:41.708Z</Time><Position><LatitudeDegrees>43.30006833</LatitudeDegrees><LongitudeDegrees>-2.87151333</LongitudeDegrees></Position><AltitudeMeters>65.38</AltitudeMeters><DistanceMeters>2304.300048828125</DistanceMeters><HeartRateBpm><Value>138</Value></HeartRateBpm><Cadence>86</Cadence><SensorState>Present</SensorState></Trackpoint><Trackpoint><Time>2025-11-04T11:47:42.708Z</Time><Position><LatitudeDegrees>43.30009333</LatitudeDegrees><LongitudeDegrees>-2.87151</LongitudeDegrees></Position><AltitudeMeters>65.533</AltitudeMeters><DistanceMeters>2306.89990234375</DistanceMeters><HeartRateBpm><Value>138</Value></HeartRateBpm><Cadence>86</Cadence><SensorState>Present</SensorState></Trackpoint><Trackpoint><Time>2025-11-04T11:47:43.708Z</Time><Position><LatitudeDegrees>43.30011833</LatitudeDegrees><LongitudeDegrees>-2.87150667</LongitudeDegrees></Position><AltitudeMeters>65.685</AltitudeMeters><DistanceMeters>2309.39990234375</DistanceMeters><HeartRateBpm><Value>138</Value></HeartRateBpm><Cadence>87</Cadence><SensorState>Present</SensorState></Trackpoint><Trackpoint><Time>2025-11-04T11:47:44.708Z</Time><Position><LatitudeDegrees>43.30014</LatitudeDegrees><LongitudeDegrees>-2.87150667</LongitudeDegrees></Position><AltitudeMeters>65.838</AltitudeMeters><DistanceMeters>2312.0</DistanceMeters><HeartRateBpm><Value>138</Value></HeartRateBpm><Cadence>88</Cadence><SensorState>Present</SensorState></Trackpoint><Trackpoint><Time>2025-11-04T11:47:45.708Z</Time><Position><LatitudeDegrees>43.30016333</LatitudeDegrees><LongitudeDegrees>-2.87150833</LongitudeDegrees></Position><AltitudeMeters>65.99</AltitudeMeters><DistanceMeters>2314.699951171875</DistanceMeters><HeartRateBpm><Value>138</Value></HeartRateBpm><Cadence>87</Cadence><SensorState>Present</SensorState></Trackpoint><Trackpoint><Time>2025-11-04T11:47:46.708Z</Time><Position><LatitudeDegrees>43.30018667</LatitudeDegrees><LongitudeDegrees>-2.87150667</LongitudeDegrees></Position><AltitudeMeters>65.99</AltitudeMeters><DistanceMeters>2317.39990234375</DistanceMeters><HeartRateBpm><Value>139</Value></HeartRateBpm><Cadence>88</Cadence><SensorState>Present</SensorState></Trackpoint><Trackpoint><Time>2025-11-04T11:47:47.708Z</Time><Position><LatitudeDegrees>43.30021</LatitudeDegrees><LongitudeDegrees>-2.871505</LongitudeDegrees></Position><AltitudeMeters>66.142</AltitudeMeters><DistanceMeters>2320.10009765625</DistanceMeters><HeartRateBpm><Value>139</Value></HeartRateBpm><Cadence>88</Cadence><SensorState>Present</SensorState></Trackpoint><Trackpoint><Time>2025-11-04T11:47:48.708Z</Time><Position><LatitudeDegrees>43.30023333</LatitudeDegrees><LongitudeDegrees>-2.87149833</LongitudeDegrees></Position><AltitudeMeters>66.295</AltitudeMeters><DistanceMeters>2322.800048828125</DistanceMeters><HeartRateBpm><Value>139</Value></HeartRateBpm><Cadence>88</Cadence><SensorState>Present</SensorState></Trackpoint><Trackpoint><Time>2025-11-04T11:47:49.708Z</Time><Position><LatitudeDegrees>43.30025667</LatitudeDegrees><LongitudeDegrees>-2.87149167</LongitudeDegrees></Position><AltitudeMeters>66.447</AltitudeMeters><DistanceMeters>2325.699951171875</DistanceMeters><HeartRateBpm><Value>139</Value></HeartRateBpm><Cadence>88</Cadence><SensorState>Present</SensorState></Trackpoint><Trackpoint><Time>2025-11-04T11:47:50.708Z</Time><Position><LatitudeDegrees>43.30028167</LatitudeDegrees><LongitudeDegrees>-2.87148833</LongitudeDegrees></Position><AltitudeMeters>66.447</AltitudeMeters><DistanceMeters>2328.5</DistanceMeters><HeartRateBpm><Value>139</Value></HeartRateBpm><Cadence>88</Cadence><SensorState>Present</SensorState></Trackpoint><Trackpoint><Time>2025-11-04T11:47:51.708Z</Time><Position><LatitudeDegrees>43.30030833</LatitudeDegrees><LongitudeDegrees>-2.87149</LongitudeDegrees></Position><AltitudeMeters>66.6</AltitudeMeters><DistanceMeters>2331.39990234375</DistanceMeters><HeartRateBpm><Value>139</Value></HeartRateBpm><Cadence>88</Cadence><SensorState>Present</SensorState></Trackpoint><Trackpoint><Time>2025-11-04T11:47:52.708Z</Time><Position><LatitudeDegrees>43.30033667</LatitudeDegrees><LongitudeDegrees>-2.87148833</LongitudeDegrees></Position><AltitudeMeters>66.752</AltitudeMeters><DistanceMeters>2334.39990234375</DistanceMeters><HeartRateBpm><Value>139</Value></HeartRateBpm><Cadence>88</Cadence><SensorState>Present</SensorState></Trackpoint><Trackpoint><Time>2025-11-04T11:47:53.708Z</Time><Position><LatitudeDegrees>43.30036167</LatitudeDegrees><LongitudeDegrees>-2.87148667</LongitudeDegrees></Position><AltitudeMeters>66.752</AltitudeMeters><DistanceMeters>2337.10009765625</DistanceMeters><HeartRateBpm><Value>139</Value></HeartRateBpm><Cadence>88</Cadence><SensorState>Present</SensorState></Trackpoint><Trackpoint><Time>2025-11-04T11:47:54.708Z</Time><Position><LatitudeDegrees>43.30038333</LatitudeDegrees><LongitudeDegrees>-2.87148333</LongitudeDegrees></Position><AltitudeMeters>66.904</AltitudeMeters><DistanceMeters>2339.89990234375</DistanceMeters><HeartRateBpm><Value>139</Value></HeartRateBpm><Cadence>88</Cadence><SensorState>Present</SensorState></Trackpoint><Trackpoint><Time>2025-11-04T11:47:55.708Z</Time><Position><LatitudeDegrees>43.30040833</LatitudeDegrees><LongitudeDegrees>-2.87148167</LongitudeDegrees></Position><AltitudeMeters>67.057</AltitudeMeters><DistanceMeters>2343.0</DistanceMeters><HeartRateBpm><Value>139</Value></HeartRateBpm><Cadence>88</Cadence><SensorState>Present</SensorState></Trackpoint><Trackpoint><Time>2025-11-04T11:47:56.708Z</Time><Position><LatitudeDegrees>43.30043667</LatitudeDegrees><LongitudeDegrees>-2.87148</LongitudeDegrees></Position><AltitudeMeters>67.057</AltitudeMeters><DistanceMeters>2346.0</DistanceMeters><HeartRateBpm><Value>139</Value></HeartRateBpm><Cadence>88</Cadence><SensorState>Present</SensorState></Trackpoint><Trackpoint><Time>2025-11-04T11:47:57.708Z</Time><Position><LatitudeDegrees>43.30046167</LatitudeDegrees><LongitudeDegrees>-2.87148167</LongitudeDegrees></Position><AltitudeMeters>67.209</AltitudeMeters><DistanceMeters>2349.10009765625</DistanceMeters><HeartRateBpm><Value>139</Value></HeartRateBpm><Cadence>88</Cadence><SensorState>Present</SensorState></Trackpoint><Trackpoint><Time>2025-11-04T11:47:58.708Z</Time><Position><LatitudeDegrees>43.30048833</LatitudeDegrees><LongitudeDegrees>-2.87148167</LongitudeDegrees></Position><AltitudeMeters>67.362</AltitudeMeters><DistanceMeters>2352.10009765625</DistanceMeters><HeartRateBpm><Value>139</Value></HeartRateBpm><Cadence>88</Cadence><SensorState>Present</SensorState></Trackpoint><Trackpoint><Time>2025-11-04T11:47:59.708Z</Time><Position><LatitudeDegrees>43.300515</LatitudeDegrees><LongitudeDegrees>-2.87148</LongitudeDegrees></Position><AltitudeMeters>67.362</AltitudeMeters><DistanceMeters>2354.60009765625</DistanceMeters><HeartRateBpm><Value>140</Value></HeartRateBpm><Cadence>88</Cadence><SensorState>Present</SensorState></Trackpoint><Trackpoint><Time>2025-11-04T11:48:00.708Z</Time><Position><LatitudeDegrees>43.30053667</LatitudeDegrees><LongitudeDegrees>-2.87147833</LongitudeDegrees></Position><AltitudeMeters>67.514</AltitudeMeters><DistanceMeters>2357.199951171875</DistanceMeters><HeartRateBpm><Value>140</Value></HeartRateBpm><Cadence>88</Cadence><SensorState>Present</SensorState></Trackpoint><Trackpoint><Time>2025-11-04T11:48:01.708Z</Time><Position><LatitudeDegrees>43.30056</LatitudeDegrees><LongitudeDegrees>-2.87147333</LongitudeDegrees></Position><AltitudeMeters>67.666</AltitudeMeters><DistanceMeters>2359.699951171875</DistanceMeters><HeartRateBpm><Value>140</Value></HeartRateBpm><Cadence>88</Cadence><SensorState>Present</SensorState></Trackpoint><Trackpoint><Time>2025-11-04T11:48:02.708Z</Time><Position><LatitudeDegrees>43.30058167</LatitudeDegrees><LongitudeDegrees>-2.87147</LongitudeDegrees></Position><AltitudeMeters>67.819</AltitudeMeters><DistanceMeters>2362.39990234375</DistanceMeters><HeartRateBpm><Value>140</Value></HeartRateBpm><Cadence>88</Cadence><SensorState>Present</SensorState></Trackpoint><Trackpoint><Time>2025-11-04T11:48:03.708Z</Time><Position><LatitudeDegrees>43.30060333</LatitudeDegrees><LongitudeDegrees>-2.87147167</LongitudeDegrees></Position><AltitudeMeters>67.971</AltitudeMeters><DistanceMeters>2364.89990234375</DistanceMeters><HeartRateBpm><Value>141</Value></HeartRateBpm><Cadence>88</Cadence><SensorState>Present</SensorState></Trackpoint><Trackpoint><Time>2025-11-04T11:48:04.708Z</Time><Position><LatitudeDegrees>43.30062667</LatitudeDegrees><LongitudeDegrees>-2.87147333</LongitudeDegrees></Position><AltitudeMeters>67.971</AltitudeMeters><DistanceMeters>2367.300048828125</DistanceMeters><HeartRateBpm><Value>141</Value></HeartRateBpm><Cadence>87</Cadence><SensorState>Present</SensorState></Trackpoint><Trackpoint><Time>2025-11-04T11:48:05.708Z</Time><Position><LatitudeDegrees>43.30065</LatitudeDegrees><LongitudeDegrees>-2.87148</LongitudeDegrees></Position><AltitudeMeters>68.124</AltitudeMeters><DistanceMeters>2369.89990234375</DistanceMeters><HeartRateBpm><Value>141</Value></HeartRateBpm><Cadence>86</Cadence><SensorState>Present</SensorState></Trackpoint><Trackpoint><Time>2025-11-04T11:48:06.708Z</Time><Position><LatitudeDegrees>43.300675</LatitudeDegrees><LongitudeDegrees>-2.87149</LongitudeDegrees></Position><AltitudeMeters>68.276</AltitudeMeters><DistanceMeters>2372.39990234375</DistanceMeters><HeartRateBpm><Value>141</Value></HeartRateBpm><Cadence>86</Cadence><SensorState>Present</SensorState></Trackpoint><Trackpoint><Time>2025-11-04T11:48:07.708Z</Time><Position><LatitudeDegrees>43.30069667</LatitudeDegrees><LongitudeDegrees>-2.871505</LongitudeDegrees></Position><AltitudeMeters>68.276</AltitudeMeters><DistanceMeters>2374.699951171875</DistanceMeters><HeartRateBpm><Value>141</Value></HeartRateBpm><Cadence>86</Cadence><SensorState>Present</SensorState></Trackpoint><Trackpoint><Time>2025-11-04T11:48:08.708Z</Time><Position><LatitudeDegrees>43.30071833</LatitudeDegrees><LongitudeDegrees>-2.87152</LongitudeDegrees></Position><AltitudeMeters>68.428</AltitudeMeters><DistanceMeters>2377.300048828125</DistanceMeters><HeartRateBpm><Value>141</Value></HeartRateBpm><Cadence>87</Cadence><SensorState>Present</SensorState></Trackpoint><Trackpoint><Time>2025-11-04T11:48:09.708Z</Time><Position><LatitudeDegrees>43.300735</LatitudeDegrees><LongitudeDegrees>-2.87153833</LongitudeDegrees></Position><AltitudeMeters>68.581</AltitudeMeters><DistanceMeters>2379.699951171875</DistanceMeters><HeartRateBpm><Value>141</Value></HeartRateBpm><Cadence>87</Cadence><SensorState>Present</SensorState></Trackpoint><Trackpoint><Time>2025-11-04T11:48:10.708Z</Time><Position><LatitudeDegrees>43.30075</LatitudeDegrees><LongitudeDegrees>-2.87156</LongitudeDegrees></Position><AltitudeMeters>68.733</AltitudeMeters><DistanceMeters>2382.10009765625</DistanceMeters><HeartRateBpm><Value>141</Value></HeartRateBpm><Cadence>86</Cadence><SensorState>Present</SensorState></Trackpoint><Trackpoint><Time>2025-11-04T11:48:11.708Z</Time><Position><LatitudeDegrees>43.30076333</LatitudeDegrees><LongitudeDegrees>-2.87158167</LongitudeDegrees></Position><AltitudeMeters>68.733</AltitudeMeters><DistanceMeters>2384.39990234375</DistanceMeters><HeartRateBpm><Value>141</Value></HeartRateBpm><Cadence>86</Cadence><SensorState>Present</SensorState></Trackpoint><Trackpoint><Time>2025-11-04T11:48:12.708Z</Time><Position><LatitudeDegrees>43.30077333</LatitudeDegrees><LongitudeDegrees>-2.87160667</LongitudeDegrees></Position><AltitudeMeters>68.886</AltitudeMeters><DistanceMeters>2386.0</DistanceMeters><HeartRateBpm><Value>141</Value></HeartRateBpm><Cadence>86</Cadence><SensorState>Present</SensorState></Trackpoint><Trackpoint><Time>2025-11-04T11:48:13.708Z</Time><Position><LatitudeDegrees>43.30076833</LatitudeDegrees><LongitudeDegrees>-2.87162833</LongitudeDegrees></Position><AltitudeMeters>69.038</AltitudeMeters><DistanceMeters>2387.800048828125</DistanceMeters><HeartRateBpm><Value>141</Value></HeartRateBpm><Cadence>86</Cadence><SensorState>Present</SensorState></Trackpoint><Trackpoint><Time>2025-11-04T11:48:14.708Z</Time><Position><LatitudeDegrees>43.30077167</LatitudeDegrees><LongitudeDegrees>-2.871655</LongitudeDegrees></Position><AltitudeMeters>69.19</AltitudeMeters><DistanceMeters>2390.0</DistanceMeters><HeartRateBpm><Value>141</Value></HeartRateBpm><Cadence>86</Cadence><SensorState>Present</SensorState></Trackpoint><Trackpoint><Time>2025-11-04T11:48:15.708Z</Time><Position><LatitudeDegrees>43.30078333</LatitudeDegrees><LongitudeDegrees>-2.87168333</LongitudeDegrees></Position><AltitudeMeters>69.343</AltitudeMeters><DistanceMeters>2392.10009765625</DistanceMeters><HeartRateBpm><Value>140</Value></HeartRateBpm><Cadence>87</Cadence><SensorState>Present</SensorState></Trackpoint><Trackpoint><Time>2025-11-04T11:48:16.708Z</Time><Position><LatitudeDegrees>43.30079667</LatitudeDegrees><LongitudeDegrees>-2.87171</LongitudeDegrees></Position><AltitudeMeters>69.343</AltitudeMeters><DistanceMeters>2394.199951171875</DistanceMeters><HeartRateBpm><Value>140</Value></HeartRateBpm><Cadence>87</Cadence><SensorState>Present</SensorState></Trackpoint><Trackpoint><Time>2025-11-04T11:48:17.708Z</Time><Position><LatitudeDegrees>43.30081667</LatitudeDegrees><LongitudeDegrees>-2.87173167</LongitudeDegrees></Position><AltitudeMeters>69.495</AltitudeMeters><DistanceMeters>2397.0</DistanceMeters><HeartRateBpm><Value>140</Value></HeartRateBpm><Cadence>86</Cadence><SensorState>Present</SensorState></Trackpoint><Trackpoint><Time>2025-11-04T11:48:18.708Z</Time><Position><LatitudeDegrees>43.30083833</LatitudeDegrees><LongitudeDegrees>-2.87175167</LongitudeDegrees></Position><AltitudeMeters>69.648</AltitudeMeters><DistanceMeters>2400.10009765625</DistanceMeters><HeartRateBpm><Value>140</Value></HeartRateBpm><Cadence>86</Cadence><SensorState>Present</SensorState></Trackpoint><Trackpoint><Time>2025-11-04T11:48:19.708Z</Time><Position><LatitudeDegrees>43.30086167</LatitudeDegrees><LongitudeDegrees>-2.87177667</LongitudeDegrees></Position><AltitudeMeters>69.648</AltitudeMeters><DistanceMeters>2403.10009765625</DistanceMeters><HeartRateBpm><Value>140</Value></HeartRateBpm><Cadence>86</Cadence><SensorState>Present</SensorState></Trackpoint><Trackpoint><Time>2025-11-04T11:48:20.708Z</Time><Position><LatitudeDegrees>43.30088167</LatitudeDegrees><LongitudeDegrees>-2.87180167</LongitudeDegrees></Position><AltitudeMeters>69.8</AltitudeMeters><DistanceMeters>2405.39990234375</DistanceMeters><HeartRateBpm><Value>139</Value></HeartRateBpm><Cadence>86</Cadence><SensorState>Present</SensorState></Trackpoint><Trackpoint><Time>2025-11-04T11:48:21.708Z</Time><Position><LatitudeDegrees>43.300895</LatitudeDegrees><LongitudeDegrees>-2.87181833</LongitudeDegrees></Position><AltitudeMeters>69.952</AltitudeMeters><DistanceMeters>2408.0</DistanceMeters><HeartRateBpm><Value>139</Value></HeartRateBpm><Cadence>87</Cadence><SensorState>Present</SensorState></Trackpoint><Trackpoint><Time>2025-11-04T11:48:22.708Z</Time><Position><LatitudeDegrees>43.30090333</LatitudeDegrees><LongitudeDegrees>-2.87183667</LongitudeDegrees></Position><AltitudeMeters>69.952</AltitudeMeters><DistanceMeters>2410.39990234375</DistanceMeters><HeartRateBpm><Value>139</Value></HeartRateBpm><Cadence>88</Cadence><SensorState>Present</SensorState></Trackpoint><Trackpoint><Time>2025-11-04T11:48:23.708Z</Time><Position><LatitudeDegrees>43.30090833</LatitudeDegrees><LongitudeDegrees>-2.87185667</LongitudeDegrees></Position><AltitudeMeters>70.105</AltitudeMeters><DistanceMeters>2412.5</DistanceMeters><HeartRateBpm><Value>138</Value></HeartRateBpm><Cadence>88</Cadence><SensorState>Present</SensorState></Trackpoint><Trackpoint><Time>2025-11-04T11:48:24.708Z</Time><Position><LatitudeDegrees>43.30090833</LatitudeDegrees><LongitudeDegrees>-2.87188833</LongitudeDegrees></Position><AltitudeMeters>70.257</AltitudeMeters><DistanceMeters>2415.199951171875</DistanceMeters><HeartRateBpm><Value>138</Value></HeartRateBpm><Cadence>88</Cadence><SensorState>Present</SensorState></Trackpoint><Trackpoint><Time>2025-11-04T11:48:25.708Z</Time><Position><LatitudeDegrees>43.30090667</LatitudeDegrees><LongitudeDegrees>-2.87192667</LongitudeDegrees></Position><AltitudeMeters>70.257</AltitudeMeters><DistanceMeters>2417.89990234375</DistanceMeters><HeartRateBpm><Value>138</Value></HeartRateBpm><Cadence>88</Cadence><SensorState>Present</SensorState></Trackpoint><Trackpoint><Time>2025-11-04T11:48:26.708Z</Time><Position><LatitudeDegrees>43.30089833</LatitudeDegrees><LongitudeDegrees>-2.87196667</LongitudeDegrees></Position><AltitudeMeters>70.257</AltitudeMeters><DistanceMeters>2420.89990234375</DistanceMeters><HeartRateBpm><Value>138</Value></HeartRateBpm><Cadence>90</Cadence><SensorState>Present</SensorState></Trackpoint><Trackpoint><Time>2025-11-04T11:48:27.708Z</Time><Position><LatitudeDegrees>43.30089</LatitudeDegrees><LongitudeDegrees>-2.87201167</LongitudeDegrees></Position><AltitudeMeters>70.41</AltitudeMeters><DistanceMeters>2423.60009765625</DistanceMeters><HeartRateBpm><Value>137</Value></HeartRateBpm><Cadence>90</Cadence><SensorState>Present</SensorState></Trackpoint><Trackpoint><Time>2025-11-04T11:48:28.708Z</Time><Position><LatitudeDegrees>43.30088333</LatitudeDegrees><LongitudeDegrees>-2.87205333</LongitudeDegrees></Position><AltitudeMeters>70.41</AltitudeMeters><DistanceMeters>2426.60009765625</DistanceMeters><HeartRateBpm><Value>137</Value></HeartRateBpm><Cadence>89</Cadence><SensorState>Present</SensorState></Trackpoint><Trackpoint><Time>2025-11-04T11:48:29.708Z</Time><Position><LatitudeDegrees>43.30087667</LatitudeDegrees><LongitudeDegrees>-2.87209167</LongitudeDegrees></Position><AltitudeMeters>70.41</AltitudeMeters><DistanceMeters>2430.39990234375</DistanceMeters><HeartRateBpm><Value>137</Value></HeartRateBpm><Cadence>89</Cadence><SensorState>Present</SensorState></Trackpoint><Trackpoint><Time>2025-11-04T11:48:30.708Z</Time><Position><LatitudeDegrees>43.30087833</LatitudeDegrees><LongitudeDegrees>-2.87213167</LongitudeDegrees></Position><AltitudeMeters>70.41</AltitudeMeters><DistanceMeters>2434.60009765625</DistanceMeters><HeartRateBpm><Value>136</Value></HeartRateBpm><Cadence>89</Cadence><SensorState>Present</SensorState></Trackpoint><Trackpoint><Time>2025-11-04T11:48:31.708Z</Time><Position><LatitudeDegrees>43.300875</LatitudeDegrees><LongitudeDegrees>-2.87217</LongitudeDegrees></Position><AltitudeMeters>70.41</AltitudeMeters><DistanceMeters>2438.699951171875</DistanceMeters><HeartRateBpm><Value>136</Value></HeartRateBpm><Cadence>89</Cadence><SensorState>Present</SensorState></Trackpoint><Trackpoint><Time>2025-11-04T11:48:32.708Z</Time><Position><LatitudeDegrees>43.30086667</LatitudeDegrees><LongitudeDegrees>-2.87220833</LongitudeDegrees></Position><AltitudeMeters>70.41</AltitudeMeters><DistanceMeters>2442.199951171875</DistanceMeters><HeartRateBpm><Value>136</Value></HeartRateBpm><Cadence>89</Cadence><SensorState>Present</SensorState></Trackpoint><Trackpoint><Time>2025-11-04T11:48:33.708Z</Time><Position><LatitudeDegrees>43.300855</LatitudeDegrees><LongitudeDegrees>-2.87224333</LongitudeDegrees></Position><AltitudeMeters>70.41</AltitudeMeters><DistanceMeters>2445.60009765625</DistanceMeters><HeartRateBpm><Value>136</Value></HeartRateBpm><Cadence>90</Cadence><SensorState>Present</SensorState></Trackpoint><Trackpoint><Time>2025-11-04T11:48:34.708Z</Time><Position><LatitudeDegrees>43.30084833</LatitudeDegrees><LongitudeDegrees>-2.87228333</LongitudeDegrees></Position><AltitudeMeters>70.257</AltitudeMeters><DistanceMeters>2448.800048828125</DistanceMeters><HeartRateBpm><Value>135</Value></HeartRateBpm><Cadence>89</Cadence><SensorState>Present</SensorState></Trackpoint><Trackpoint><Time>2025-11-04T11:48:35.708Z</Time><Position><LatitudeDegrees>43.30084167</LatitudeDegrees><LongitudeDegrees>-2.87232333</LongitudeDegrees></Position><AltitudeMeters>70.257</AltitudeMeters><DistanceMeters>2452.10009765625</DistanceMeters><HeartRateBpm><Value>135</Value></HeartRateBpm><Cadence>90</Cadence><SensorState>Present</SensorState></Trackpoint><Trackpoint><Time>2025-11-04T11:48:36.708Z</Time><Position><LatitudeDegrees>43.300835</LatitudeDegrees><LongitudeDegrees>-2.87236667</LongitudeDegrees></Position><AltitudeMeters>70.105</AltitudeMeters><DistanceMeters>2455.5</DistanceMeters><HeartRateBpm><Value>135</Value></HeartRateBpm><Cadence>89</Cadence><SensorState>Present</SensorState></Trackpoint><Trackpoint><Time>2025-11-04T11:48:37.708Z</Time><Position><LatitudeDegrees>43.30082667</LatitudeDegrees><LongitudeDegrees>-2.87241</LongitudeDegrees></Position><AltitudeMeters>70.105</AltitudeMeters><DistanceMeters>2459.199951171875</DistanceMeters><HeartRateBpm><Value>135</Value></HeartRateBpm><Cadence>90</Cadence><SensorState>Present</SensorState></Trackpoint><Trackpoint><Time>2025-11-04T11:48:38.708Z</Time><Position><LatitudeDegrees>43.30081833</LatitudeDegrees><LongitudeDegrees>-2.872455</LongitudeDegrees></Position><AltitudeMeters>69.952</AltitudeMeters><DistanceMeters>2463.300048828125</DistanceMeters><HeartRateBpm><Value>134</Value></HeartRateBpm><Cadence>90</Cadence><SensorState>Present</SensorState></Trackpoint><Trackpoint><Time>2025-11-04T11:48:39.708Z</Time><Position><LatitudeDegrees>43.30081</LatitudeDegrees><LongitudeDegrees>-2.87250167</LongitudeDegrees></Position><AltitudeMeters>69.952</AltitudeMeters><DistanceMeters>2467.39990234375</DistanceMeters><HeartRateBpm><Value>134</Value></HeartRateBpm><Cadence>90</Cadence><SensorState>Present</SensorState></Trackpoint><Trackpoint><Time>2025-11-04T11:48:40.708Z</Time><Position><LatitudeDegrees>43.300805</LatitudeDegrees><LongitudeDegrees>-2.87255</LongitudeDegrees></Position><AltitudeMeters>69.8</AltitudeMeters><DistanceMeters>2471.39990234375</DistanceMeters><HeartRateBpm><Value>133</Value></HeartRateBpm><Cadence>90</Cadence><SensorState>Present</SensorState></Trackpoint><Trackpoint><Time>2025-11-04T11:48:41.708Z</Time><Position><LatitudeDegrees>43.30079833</LatitudeDegrees><LongitudeDegrees>-2.87259667</LongitudeDegrees></Position><AltitudeMeters>69.648</AltitudeMeters><DistanceMeters>2475.39990234375</DistanceMeters><HeartRateBpm><Value>133</Value></HeartRateBpm><Cadence>90</Cadence><SensorState>Present</SensorState></Trackpoint><Trackpoint><Time>2025-11-04T11:48:42.708Z</Time><Position><LatitudeDegrees>43.30079</LatitudeDegrees><LongitudeDegrees>-2.87263667</LongitudeDegrees></Position><AltitudeMeters>69.495</AltitudeMeters><DistanceMeters>2479.10009765625</DistanceMeters><HeartRateBpm><Value>132</Value></HeartRateBpm><Cadence>90</Cadence><SensorState>Present</SensorState></Trackpoint><Trackpoint><Time>2025-11-04T11:48:43.708Z</Time><Position><LatitudeDegrees>43.30078167</LatitudeDegrees><LongitudeDegrees>-2.87267833</LongitudeDegrees></Position><AltitudeMeters>69.343</AltitudeMeters><DistanceMeters>2482.60009765625</DistanceMeters><HeartRateBpm><Value>132</Value></HeartRateBpm><Cadence>90</Cadence><SensorState>Present</SensorState></Trackpoint><Trackpoint><Time>2025-11-04T11:48:44.708Z</Time><Position><LatitudeDegrees>43.30077667</LatitudeDegrees><LongitudeDegrees>-2.87271833</LongitudeDegrees></Position><AltitudeMeters>69.19</AltitudeMeters><DistanceMeters>2486.199951171875</DistanceMeters><HeartRateBpm><Value>132</Value></HeartRateBpm><Cadence>90</Cadence><SensorState>Present</SensorState></Trackpoint><Trackpoint><Time>2025-11-04T11:48:45.708Z</Time><Position><LatitudeDegrees>43.30077333</LatitudeDegrees><LongitudeDegrees>-2.87276</LongitudeDegrees></Position><AltitudeMeters>69.038</AltitudeMeters><DistanceMeters>2489.800048828125</DistanceMeters><HeartRateBpm><Value>132</Value></HeartRateBpm><Cadence>90</Cadence><SensorState>Present</SensorState></Trackpoint><Trackpoint><Time>2025-11-04T11:48:46.708Z</Time><Position><LatitudeDegrees>43.30076833</LatitudeDegrees><LongitudeDegrees>-2.87280333</LongitudeDegrees></Position><AltitudeMeters>68.886</AltitudeMeters><DistanceMeters>2493.199951171875</DistanceMeters><HeartRateBpm><Value>131</Value></HeartRateBpm><Cadence>90</Cadence><SensorState>Present</SensorState></Trackpoint><Trackpoint><Time>2025-11-04T11:48:47.708Z</Time><Position><LatitudeDegrees>43.30076167</LatitudeDegrees><LongitudeDegrees>-2.87284667</LongitudeDegrees></Position><AltitudeMeters>68.733</AltitudeMeters><DistanceMeters>2496.60009765625</DistanceMeters><HeartRateBpm><Value>131</Value></HeartRateBpm><Cadence>90</Cadence><SensorState>Present</SensorState></Trackpoint><Trackpoint><Time>2025-11-04T11:48:48.708Z</Time><Position><LatitudeDegrees>43.30075333</LatitudeDegrees><LongitudeDegrees>-2.87289167</LongitudeDegrees></Position><AltitudeMeters>68.581</AltitudeMeters><DistanceMeters>2500.10009765625</DistanceMeters><HeartRateBpm><Value>131</Value></HeartRateBpm><Cadence>90</Cadence><SensorState>Present</SensorState></Trackpoint><Trackpoint><Time>2025-11-04T11:48:49.708Z</Time><Position><LatitudeDegrees>43.30074667</LatitudeDegrees><LongitudeDegrees>-2.87293667</LongitudeDegrees></Position><AltitudeMeters>68.428</AltitudeMeters><DistanceMeters>2503.60009765625</DistanceMeters><HeartRateBpm><Value>131</Value></HeartRateBpm><Cadence>90</Cadence><SensorState>Present</SensorState></Trackpoint><Trackpoint><Time>2025-11-04T11:48:50.708Z</Time><Position><LatitudeDegrees>43.30074333</LatitudeDegrees><LongitudeDegrees>-2.87298167</LongitudeDegrees></Position><AltitudeMeters>68.276</AltitudeMeters><DistanceMeters>2507.39990234375</DistanceMeters><HeartRateBpm><Value>131</Value></HeartRateBpm><Cadence>90</Cadence><SensorState>Present</SensorState></Trackpoint><Trackpoint><Time>2025-11-04T11:48:51.708Z</Time><Position><LatitudeDegrees>43.30074167</LatitudeDegrees><LongitudeDegrees>-2.87302667</LongitudeDegrees></Position><AltitudeMeters>67.971</AltitudeMeters><DistanceMeters>2511.300048828125</DistanceMeters><HeartRateBpm><Value>131</Value></HeartRateBpm><Cadence>90</Cadence><SensorState>Present</SensorState></Trackpoint><Trackpoint><Time>2025-11-04T11:48:52.708Z</Time><Position><LatitudeDegrees>43.30074167</LatitudeDegrees><LongitudeDegrees>-2.87307333</LongitudeDegrees></Position><AltitudeMeters>67.819</AltitudeMeters><DistanceMeters>2515.10009765625</DistanceMeters><HeartRateBpm><Value>131</Value></HeartRateBpm><Cadence>90</Cadence><SensorState>Present</SensorState></Trackpoint><Trackpoint><Time>2025-11-04T11:48:53.708Z</Time><Position><LatitudeDegrees>43.30073333</LatitudeDegrees><LongitudeDegrees>-2.87311667</LongitudeDegrees></Position><AltitudeMeters>67.666</AltitudeMeters><DistanceMeters>2518.800048828125</DistanceMeters><HeartRateBpm><Value>131</Value></HeartRateBpm><Cadence>90</Cadence><SensorState>Present</SensorState></Trackpoint><Trackpoint><Time>2025-11-04T11:48:54.708Z</Time><Position><LatitudeDegrees>43.30072667</LatitudeDegrees><LongitudeDegrees>-2.87315833</LongitudeDegrees></Position><AltitudeMeters>67.362</AltitudeMeters><DistanceMeters>2522.699951171875</DistanceMeters><HeartRateBpm><Value>131</Value></HeartRateBpm><Cadence>90</Cadence><SensorState>Present</SensorState></Trackpoint><Trackpoint><Time>2025-11-04T11:48:55.708Z</Time><Position><LatitudeDegrees>43.30071833</LatitudeDegrees><LongitudeDegrees>-2.873205</LongitudeDegrees></Position><AltitudeMeters>67.209</AltitudeMeters><DistanceMeters>2526.5</DistanceMeters><HeartRateBpm><Value>131</Value></HeartRateBpm><Cadence>90</Cadence><SensorState>Present</SensorState></Trackpoint><Trackpoint><Time>2025-11-04T11:48:56.708Z</Time><Position><LatitudeDegrees>43.30071167</LatitudeDegrees><LongitudeDegrees>-2.87325167</LongitudeDegrees></Position><AltitudeMeters>66.904</AltitudeMeters><DistanceMeters>2530.60009765625</DistanceMeters><HeartRateBpm><Value>130</Value></HeartRateBpm><Cadence>90</Cadence><SensorState>Present</SensorState></Trackpoint><Trackpoint><Time>2025-11-04T11:48:57.708Z</Time><Position><LatitudeDegrees>43.30070667</LatitudeDegrees><LongitudeDegrees>-2.87330167</LongitudeDegrees></Position><AltitudeMeters>66.752</AltitudeMeters><DistanceMeters>2534.60009765625</DistanceMeters><HeartRateBpm><Value>130</Value></HeartRateBpm><Cadence>90</Cadence><SensorState>Present</SensorState></Trackpoint><Trackpoint><Time>2025-11-04T11:48:58.708Z</Time><Position><LatitudeDegrees>43.30070333</LatitudeDegrees><LongitudeDegrees>-2.87335167</LongitudeDegrees></Position><AltitudeMeters>66.447</AltitudeMeters><DistanceMeters>2538.5</DistanceMeters><HeartRateBpm><Value>130</Value></HeartRateBpm><Cadence>90</Cadence><SensorState>Present</SensorState></Trackpoint><Trackpoint><Time>2025-11-04T11:48:59.708Z</Time><Position><LatitudeDegrees>43.30070167</LatitudeDegrees><LongitudeDegrees>-2.87339833</LongitudeDegrees></Position><AltitudeMeters>66.295</AltitudeMeters><DistanceMeters>2542.5</DistanceMeters><HeartRateBpm><Value>130</Value></HeartRateBpm><Cadence>90</Cadence><SensorState>Present</SensorState></Trackpoint><Trackpoint><Time>2025-11-04T11:49:00.708Z</Time><Position><LatitudeDegrees>43.30069667</LatitudeDegrees><LongitudeDegrees>-2.87344667</LongitudeDegrees></Position><AltitudeMeters>66.142</AltitudeMeters><DistanceMeters>2546.60009765625</DistanceMeters><HeartRateBpm><Value>130</Value></HeartRateBpm><Cadence>90</Cadence><SensorState>Present</SensorState></Trackpoint><Trackpoint><Time>2025-11-04T11:49:01.708Z</Time><Position><LatitudeDegrees>43.30069333</LatitudeDegrees><LongitudeDegrees>-2.873495</LongitudeDegrees></Position><AltitudeMeters>65.838</AltitudeMeters><DistanceMeters>2550.5</DistanceMeters><HeartRateBpm><Value>130</Value></HeartRateBpm><Cadence>90</Cadence><SensorState>Present</SensorState></Trackpoint><Trackpoint><Time>2025-11-04T11:49:02.708Z</Time><Position><LatitudeDegrees>43.30068833</LatitudeDegrees><LongitudeDegrees>-2.87354167</LongitudeDegrees></Position><AltitudeMeters>65.685</AltitudeMeters><DistanceMeters>2554.800048828125</DistanceMeters><HeartRateBpm><Value>130</Value></HeartRateBpm><Cadence>90</Cadence><SensorState>Present</SensorState></Trackpoint><Trackpoint><Time>2025-11-04T11:49:03.708Z</Time><Position><LatitudeDegrees>43.300685</LatitudeDegrees><LongitudeDegrees>-2.87359</LongitudeDegrees></Position><AltitudeMeters>65.38</AltitudeMeters><DistanceMeters>2558.5</DistanceMeters><HeartRateBpm><Value>130</Value></HeartRateBpm><Cadence>90</Cadence><SensorState>Present</SensorState></Trackpoint><Trackpoint><Time>2025-11-04T11:49:04.708Z</Time><Position><LatitudeDegrees>43.30068167</LatitudeDegrees><LongitudeDegrees>-2.87363333</LongitudeDegrees></Position><AltitudeMeters>65.228</AltitudeMeters><DistanceMeters>2562.39990234375</DistanceMeters><HeartRateBpm><Value>130</Value></HeartRateBpm><Cadence>90</Cadence><SensorState>Present</SensorState></Trackpoint><Trackpoint><Time>2025-11-04T11:49:05.708Z</Time><Position><LatitudeDegrees>43.30068</LatitudeDegrees><LongitudeDegrees>-2.87368167</LongitudeDegrees></Position><AltitudeMeters>64.923</AltitudeMeters><DistanceMeters>2566.199951171875</DistanceMeters><HeartRateBpm><Value>130</Value></HeartRateBpm><Cadence>90</Cadence><SensorState>Present</SensorState></Trackpoint><Trackpoint><Time>2025-11-04T11:49:06.708Z</Time><Position><LatitudeDegrees>43.30067833</LatitudeDegrees><LongitudeDegrees>-2.87373</LongitudeDegrees></Position><AltitudeMeters>64.771</AltitudeMeters><DistanceMeters>2569.89990234375</DistanceMeters><HeartRateBpm><Value>130</Value></HeartRateBpm><Cadence>90</Cadence><SensorState>Present</SensorState></Trackpoint><Trackpoint><Time>2025-11-04T11:49:07.708Z</Time><Position><LatitudeDegrees>43.300675</LatitudeDegrees><LongitudeDegrees>-2.87377667</LongitudeDegrees></Position><AltitudeMeters>64.466</AltitudeMeters><DistanceMeters>2573.800048828125</DistanceMeters><HeartRateBpm><Value>129</Value></HeartRateBpm><Cadence>90</Cadence><SensorState>Present</SensorState></Trackpoint><Trackpoint><Time>2025-11-04T11:49:08.708Z</Time><Position><LatitudeDegrees>43.30067</LatitudeDegrees><LongitudeDegrees>-2.87382333</LongitudeDegrees></Position><AltitudeMeters>64.314</AltitudeMeters><DistanceMeters>2577.39990234375</DistanceMeters><HeartRateBpm><Value>129</Value></HeartRateBpm><Cadence>90</Cadence><SensorState>Present</SensorState></Trackpoint><Trackpoint><Time>2025-11-04T11:49:09.708Z</Time><Position><LatitudeDegrees>43.300665</LatitudeDegrees><LongitudeDegrees>-2.87386833</LongitudeDegrees></Position><AltitudeMeters>64.009</AltitudeMeters><DistanceMeters>2581.199951171875</DistanceMeters><HeartRateBpm><Value>129</Value></HeartRateBpm><Cadence>90</Cadence><SensorState>Present</SensorState></Trackpoint><Trackpoint><Time>2025-11-04T11:49:10.708Z</Time><Position><LatitudeDegrees>43.30066167</LatitudeDegrees><LongitudeDegrees>-2.87391667</LongitudeDegrees></Position><AltitudeMeters>63.704</AltitudeMeters><DistanceMeters>2585.10009765625</DistanceMeters><HeartRateBpm><Value>129</Value></HeartRateBpm><Cadence>90</Cadence><SensorState>Present</SensorState></Trackpoint><Trackpoint><Time>2025-11-04T11:49:11.708Z</Time><Position><LatitudeDegrees>43.30065667</LatitudeDegrees><LongitudeDegrees>-2.87396333</LongitudeDegrees></Position><AltitudeMeters>63.552</AltitudeMeters><DistanceMeters>2588.89990234375</DistanceMeters><HeartRateBpm><Value>129</Value></HeartRateBpm><Cadence>90</Cadence><SensorState>Present</SensorState></Trackpoint><Trackpoint><Time>2025-11-04T11:49:12.708Z</Time><Position><LatitudeDegrees>43.30065333</LatitudeDegrees><LongitudeDegrees>-2.87401167</LongitudeDegrees></Position><AltitudeMeters>63.247</AltitudeMeters><DistanceMeters>2592.89990234375</DistanceMeters><HeartRateBpm><Value>128</Value></HeartRateBpm><Cadence>90</Cadence><SensorState>Present</SensorState></Trackpoint><Trackpoint><Time>2025-11-04T11:49:13.708Z</Time><Position><LatitudeDegrees>43.30065</LatitudeDegrees><LongitudeDegrees>-2.87405833</LongitudeDegrees></Position><AltitudeMeters>63.094</AltitudeMeters><DistanceMeters>2596.60009765625</DistanceMeters><HeartRateBpm><Value>128</Value></HeartRateBpm><Cadence>90</Cadence><SensorState>Present</SensorState></Trackpoint><Trackpoint><Time>2025-11-04T11:49:14.708Z</Time><Position><LatitudeDegrees>43.30064333</LatitudeDegrees><LongitudeDegrees>-2.87410167</LongitudeDegrees></Position><AltitudeMeters>62.79</AltitudeMeters><DistanceMeters>2600.39990234375</DistanceMeters><HeartRateBpm><Value>128</Value></HeartRateBpm><Cadence>90</Cadence><SensorState>Present</SensorState></Trackpoint><Trackpoint><Time>2025-11-04T11:49:15.708Z</Time><Position><LatitudeDegrees>43.30063833</LatitudeDegrees><LongitudeDegrees>-2.87414833</LongitudeDegrees></Position><AltitudeMeters>62.637</AltitudeMeters><DistanceMeters>2604.199951171875</DistanceMeters><HeartRateBpm><Value>128</Value></HeartRateBpm><Cadence>91</Cadence><SensorState>Present</SensorState></Trackpoint><Trackpoint><Time>2025-11-04T11:49:16.708Z</Time><Position><LatitudeDegrees>43.30063167</LatitudeDegrees><LongitudeDegrees>-2.874195</LongitudeDegrees></Position><AltitudeMeters>62.332</AltitudeMeters><DistanceMeters>2608.0</DistanceMeters><HeartRateBpm><Value>128</Value></HeartRateBpm><Cadence>91</Cadence><SensorState>Present</SensorState></Trackpoint><Trackpoint><Time>2025-11-04T11:49:17.708Z</Time><Position><LatitudeDegrees>43.30062667</LatitudeDegrees><LongitudeDegrees>-2.87424333</LongitudeDegrees></Position><AltitudeMeters>62.028</AltitudeMeters><DistanceMeters>2612.0</DistanceMeters><HeartRateBpm><Value>128</Value></HeartRateBpm><Cadence>91</Cadence><SensorState>Present</SensorState></Trackpoint><Trackpoint><Time>2025-11-04T11:49:18.708Z</Time><Position><LatitudeDegrees>43.30062167</LatitudeDegrees><LongitudeDegrees>-2.87429</LongitudeDegrees></Position><AltitudeMeters>61.875</AltitudeMeters><DistanceMeters>2615.89990234375</DistanceMeters><HeartRateBpm><Value>128</Value></HeartRateBpm><Cadence>91</Cadence><SensorState>Present</SensorState></Trackpoint><Trackpoint><Time>2025-11-04T11:49:19.708Z</Time><Position><LatitudeDegrees>43.30061667</LatitudeDegrees><LongitudeDegrees>-2.87433833</LongitudeDegrees></Position><AltitudeMeters>61.57</AltitudeMeters><DistanceMeters>2619.699951171875</DistanceMeters><HeartRateBpm><Value>128</Value></HeartRateBpm><Cadence>91</Cadence><SensorState>Present</SensorState></Trackpoint><Trackpoint><Time>2025-11-04T11:49:20.708Z</Time><Position><LatitudeDegrees>43.30061</LatitudeDegrees><LongitudeDegrees>-2.87438333</LongitudeDegrees></Position><AltitudeMeters>61.266</AltitudeMeters><DistanceMeters>2623.300048828125</DistanceMeters><HeartRateBpm><Value>128</Value></HeartRateBpm><Cadence>91</Cadence><SensorState>Present</SensorState></Trackpoint><Trackpoint><Time>2025-11-04T11:49:21.708Z</Time><Position><LatitudeDegrees>43.30060333</LatitudeDegrees><LongitudeDegrees>-2.874425</LongitudeDegrees></Position><AltitudeMeters>60.961</AltitudeMeters><DistanceMeters>2627.0</DistanceMeters><HeartRateBpm><Value>128</Value></HeartRateBpm><Cadence>90</Cadence><SensorState>Present</SensorState></Trackpoint><Trackpoint><Time>2025-11-04T11:49:22.708Z</Time><Position><LatitudeDegrees>43.300595</LatitudeDegrees><LongitudeDegrees>-2.87446833</LongitudeDegrees></Position><AltitudeMeters>60.656</AltitudeMeters><DistanceMeters>2630.39990234375</DistanceMeters><HeartRateBpm><Value>128</Value></HeartRateBpm><Cadence>89</Cadence><SensorState>Present</SensorState></Trackpoint><Trackpoint><Time>2025-11-04T11:49:23.708Z</Time><Position><LatitudeDegrees>43.300595</LatitudeDegrees><LongitudeDegrees>-2.87450667</LongitudeDegrees></Position><AltitudeMeters>60.351</AltitudeMeters><DistanceMeters>2633.39990234375</DistanceMeters><HeartRateBpm><Value>128</Value></HeartRateBpm><Cadence>89</Cadence><SensorState>Present</SensorState></Trackpoint><Trackpoint><Time>2025-11-04T11:49:24.708Z</Time><Position><LatitudeDegrees>43.30059667</LatitudeDegrees><LongitudeDegrees>-2.87454333</LongitudeDegrees></Position><AltitudeMeters>60.046</AltitudeMeters><DistanceMeters>2636.60009765625</DistanceMeters><HeartRateBpm><Value>128</Value></HeartRateBpm><Cadence>89</Cadence><SensorState>Present</SensorState></Trackpoint><Trackpoint><Time>2025-11-04T11:49:25.708Z</Time><Position><LatitudeDegrees>43.30059667</LatitudeDegrees><LongitudeDegrees>-2.874585</LongitudeDegrees></Position><AltitudeMeters>59.894</AltitudeMeters><DistanceMeters>2639.300048828125</DistanceMeters><HeartRateBpm><Value>129</Value></HeartRateBpm><Cadence>89</Cadence><SensorState>Present</SensorState></Trackpoint><Trackpoint><Time>2025-11-04T11:49:26.708Z</Time><Position><LatitudeDegrees>43.30059667</LatitudeDegrees><LongitudeDegrees>-2.87462</LongitudeDegrees></Position><AltitudeMeters>59.589</AltitudeMeters><DistanceMeters>2641.89990234375</DistanceMeters><HeartRateBpm><Value>129</Value></HeartRateBpm><Cadence>89</Cadence><SensorState>Present</SensorState></Trackpoint><Trackpoint><Time>2025-11-04T11:49:27.708Z</Time><Position><LatitudeDegrees>43.30060167</LatitudeDegrees><LongitudeDegrees>-2.87465333</LongitudeDegrees></Position><AltitudeMeters>59.284</AltitudeMeters><DistanceMeters>2644.199951171875</DistanceMeters><HeartRateBpm><Value>129</Value></HeartRateBpm><Cadence>89</Cadence><SensorState>Present</SensorState></Trackpoint><Trackpoint><Time>2025-11-04T11:49:28.708Z</Time><Position><LatitudeDegrees>43.30059833</LatitudeDegrees><LongitudeDegrees>-2.87468667</LongitudeDegrees></Position><AltitudeMeters>58.98</AltitudeMeters><DistanceMeters>2646.800048828125</DistanceMeters><HeartRateBpm><Value>130</Value></HeartRateBpm><Cadence>89</Cadence><SensorState>Present</SensorState></Trackpoint><Trackpoint><Time>2025-11-04T11:49:29.708Z</Time><Position><LatitudeDegrees>43.30059333</LatitudeDegrees><LongitudeDegrees>-2.87472167</LongitudeDegrees></Position><AltitudeMeters>58.675</AltitudeMeters><DistanceMeters>2649.300048828125</DistanceMeters><HeartRateBpm><Value>130</Value></HeartRateBpm><Cadence>89</Cadence><SensorState>Present</SensorState></Trackpoint><Trackpoint><Time>2025-11-04T11:49:30.708Z</Time><Position><LatitudeDegrees>43.30058833</LatitudeDegrees><LongitudeDegrees>-2.874755</LongitudeDegrees></Position><AltitudeMeters>58.37</AltitudeMeters><DistanceMeters>2652.0</DistanceMeters><HeartRateBpm><Value>130</Value></HeartRateBpm><Cadence>89</Cadence><SensorState>Present</SensorState></Trackpoint><Trackpoint><Time>2025-11-04T11:49:31.708Z</Time><Position><LatitudeDegrees>43.30058333</LatitudeDegrees><LongitudeDegrees>-2.87479167</LongitudeDegrees></Position><AltitudeMeters>58.065</AltitudeMeters><DistanceMeters>2654.699951171875</DistanceMeters><HeartRateBpm><Value>130</Value></HeartRateBpm><Cadence>89</Cadence><SensorState>Present</SensorState></Trackpoint><Trackpoint><Time>2025-11-04T11:49:32.708Z</Time><Position><LatitudeDegrees>43.30057833</LatitudeDegrees><LongitudeDegrees>-2.87482667</LongitudeDegrees></Position><AltitudeMeters>57.76</AltitudeMeters><DistanceMeters>2657.300048828125</DistanceMeters><HeartRateBpm><Value>130</Value></HeartRateBpm><Cadence>89</Cadence><SensorState>Present</SensorState></Trackpoint><Trackpoint><Time>2025-11-04T11:49:33.708Z</Time><Position><LatitudeDegrees>43.30057667</LatitudeDegrees><LongitudeDegrees>-2.87486</LongitudeDegrees></Position><AltitudeMeters>57.455</AltitudeMeters><DistanceMeters>2659.89990234375</DistanceMeters><HeartRateBpm><Value>131</Value></HeartRateBpm><Cadence>89</Cadence><SensorState>Present</SensorState></Trackpoint><Trackpoint><Time>2025-11-04T11:49:34.708Z</Time><Position><LatitudeDegrees>43.30057167</LatitudeDegrees><LongitudeDegrees>-2.874895</LongitudeDegrees></Position><AltitudeMeters>57.151</AltitudeMeters><DistanceMeters>2662.800048828125</DistanceMeters><HeartRateBpm><Value>131</Value></HeartRateBpm><Cadence>89</Cadence><SensorState>Present</SensorState></Trackpoint><Trackpoint><Time>2025-11-04T11:49:35.708Z</Time><Position><LatitudeDegrees>43.30056667</LatitudeDegrees><LongitudeDegrees>-2.87493</LongitudeDegrees></Position><AltitudeMeters>56.846</AltitudeMeters><DistanceMeters>2665.89990234375</DistanceMeters><HeartRateBpm><Value>131</Value></HeartRateBpm><Cadence>89</Cadence><SensorState>Present</SensorState></Trackpoint><Trackpoint><Time>2025-11-04T11:49:36.708Z</Time><Position><LatitudeDegrees>43.300565</LatitudeDegrees><LongitudeDegrees>-2.87496667</LongitudeDegrees></Position><AltitudeMeters>56.541</AltitudeMeters><DistanceMeters>2669.0</DistanceMeters><HeartRateBpm><Value>131</Value></HeartRateBpm><Cadence>89</Cadence><SensorState>Present</SensorState></Trackpoint><Trackpoint><Time>2025-11-04T11:49:37.708Z</Time><Position><LatitudeDegrees>43.30056167</LatitudeDegrees><LongitudeDegrees>-2.875005</LongitudeDegrees></Position><AltitudeMeters>56.236</AltitudeMeters><DistanceMeters>2671.89990234375</DistanceMeters><HeartRateBpm><Value>131</Value></HeartRateBpm><Cadence>89</Cadence><SensorState>Present</SensorState></Trackpoint><Trackpoint><Time>2025-11-04T11:49:38.708Z</Time><Position><LatitudeDegrees>43.30055833</LatitudeDegrees><LongitudeDegrees>-2.87504</LongitudeDegrees></Position><AltitudeMeters>56.084</AltitudeMeters><DistanceMeters>2674.699951171875</DistanceMeters><HeartRateBpm><Value>131</Value></HeartRateBpm><Cadence>89</Cadence><SensorState>Present</SensorState></Trackpoint><Trackpoint><Time>2025-11-04T11:49:39.708Z</Time><Position><LatitudeDegrees>43.30055667</LatitudeDegrees><LongitudeDegrees>-2.87507167</LongitudeDegrees></Position><AltitudeMeters>55.779</AltitudeMeters><DistanceMeters>2677.300048828125</DistanceMeters><HeartRateBpm><Value>132</Value></HeartRateBpm><Cadence>87</Cadence><SensorState>Present</SensorState></Trackpoint><Trackpoint><Time>2025-11-04T11:49:40.708Z</Time><Position><LatitudeDegrees>43.30055333</LatitudeDegrees><LongitudeDegrees>-2.87510167</LongitudeDegrees></Position><AltitudeMeters>55.627</AltitudeMeters><DistanceMeters>2679.60009765625</DistanceMeters><HeartRateBpm><Value>132</Value></HeartRateBpm><Cadence>86</Cadence><SensorState>Present</SensorState></Trackpoint><Trackpoint><Time>2025-11-04T11:49:41.708Z</Time><Position><LatitudeDegrees>43.30054833</LatitudeDegrees><LongitudeDegrees>-2.87512833</LongitudeDegrees></Position><AltitudeMeters>55.474</AltitudeMeters><DistanceMeters>2681.89990234375</DistanceMeters><HeartRateBpm><Value>132</Value></HeartRateBpm><Cadence>86</Cadence><SensorState>Present</SensorState></Trackpoint><Trackpoint><Time>2025-11-04T11:49:42.708Z</Time><Position><LatitudeDegrees>43.300545</LatitudeDegrees><LongitudeDegrees>-2.87515667</LongitudeDegrees></Position><AltitudeMeters>55.169</AltitudeMeters><DistanceMeters>2684.199951171875</DistanceMeters><HeartRateBpm><Value>132</Value></HeartRateBpm><Cadence>86</Cadence><SensorState>Present</SensorState></Trackpoint><Trackpoint><Time>2025-11-04T11:49:43.708Z</Time><Position><LatitudeDegrees>43.30054333</LatitudeDegrees><LongitudeDegrees>-2.87518667</LongitudeDegrees></Position><AltitudeMeters>55.017</AltitudeMeters><DistanceMeters>2686.300048828125</DistanceMeters><HeartRateBpm><Value>132</Value></HeartRateBpm><Cadence>86</Cadence><SensorState>Present</SensorState></Trackpoint><Trackpoint><Time>2025-11-04T11:49:44.708Z</Time><Position><LatitudeDegrees>43.30054167</LatitudeDegrees><LongitudeDegrees>-2.87521333</LongitudeDegrees></Position><AltitudeMeters>54.865</AltitudeMeters><DistanceMeters>2688.5</DistanceMeters><HeartRateBpm><Value>132</Value></HeartRateBpm><Cadence>86</Cadence><SensorState>Present</SensorState></Trackpoint><Trackpoint><Time>2025-11-04T11:49:45.708Z</Time><Position><LatitudeDegrees>43.30053833</LatitudeDegrees><LongitudeDegrees>-2.87524333</LongitudeDegrees></Position><AltitudeMeters>54.712</AltitudeMeters><DistanceMeters>2690.5</DistanceMeters><HeartRateBpm><Value>132</Value></HeartRateBpm><Cadence>86</Cadence><SensorState>Present</SensorState></Trackpoint><Trackpoint><Time>2025-11-04T11:49:46.708Z</Time><Position><LatitudeDegrees>43.30053333</LatitudeDegrees><LongitudeDegrees>-2.87527333</LongitudeDegrees></Position><AltitudeMeters>54.56</AltitudeMeters><DistanceMeters>2692.89990234375</DistanceMeters><HeartRateBpm><Value>133</Value></HeartRateBpm><Cadence>86</Cadence><SensorState>Present</SensorState></Trackpoint><Trackpoint><Time>2025-11-04T11:49:47.708Z</Time><Position><LatitudeDegrees>43.30052833</LatitudeDegrees><LongitudeDegrees>-2.87530333</LongitudeDegrees></Position><AltitudeMeters>54.56</AltitudeMeters><DistanceMeters>2695.10009765625</DistanceMeters><HeartRateBpm><Value>133</Value></HeartRateBpm><Cadence>86</Cadence><SensorState>Present</SensorState></Trackpoint><Trackpoint><Time>2025-11-04T11:49:48.708Z</Time><Position><LatitudeDegrees>43.300525</LatitudeDegrees><LongitudeDegrees>-2.87533167</LongitudeDegrees></Position><AltitudeMeters>54.407</AltitudeMeters><DistanceMeters>2697.5</DistanceMeters><HeartRateBpm><Value>133</Value></HeartRateBpm><Cadence>86</Cadence><SensorState>Present</SensorState></Trackpoint><Trackpoint><Time>2025-11-04T11:49:49.708Z</Time><Position><LatitudeDegrees>43.30052333</LatitudeDegrees><LongitudeDegrees>-2.87536167</LongitudeDegrees></Position><AltitudeMeters>54.255</AltitudeMeters><DistanceMeters>2700.0</DistanceMeters><HeartRateBpm><Value>133</Value></HeartRateBpm><Cadence>86</Cadence><SensorState>Present</SensorState></Trackpoint><Trackpoint><Time>2025-11-04T11:49:50.708Z</Time><Position><LatitudeDegrees>43.30052167</LatitudeDegrees><LongitudeDegrees>-2.87539167</LongitudeDegrees></Position><AltitudeMeters>54.255</AltitudeMeters><DistanceMeters>2702.300048828125</DistanceMeters><HeartRateBpm><Value>134</Value></HeartRateBpm><Cadence>86</Cadence><SensorState>Present</SensorState></Trackpoint><Trackpoint><Time>2025-11-04T11:49:51.708Z</Time><Position><LatitudeDegrees>43.30052167</LatitudeDegrees><LongitudeDegrees>-2.87541667</LongitudeDegrees></Position><AltitudeMeters>54.103</AltitudeMeters><DistanceMeters>2704.5</DistanceMeters><HeartRateBpm><Value>134</Value></HeartRateBpm><Cadence>85</Cadence><SensorState>Present</SensorState></Trackpoint><Trackpoint><Time>2025-11-04T11:49:52.708Z</Time><Position><LatitudeDegrees>43.30051333</LatitudeDegrees><LongitudeDegrees>-2.87544333</LongitudeDegrees></Position><AltitudeMeters>54.103</AltitudeMeters><DistanceMeters>2706.800048828125</DistanceMeters><HeartRateBpm><Value>134</Value></HeartRateBpm><Cadence>84</Cadence><SensorState>Present</SensorState></Trackpoint><Trackpoint><Time>2025-11-04T11:49:53.708Z</Time><Position><LatitudeDegrees>43.30051</LatitudeDegrees><LongitudeDegrees>-2.87547167</LongitudeDegrees></Position><AltitudeMeters>53.95</AltitudeMeters><DistanceMeters>2709.0</DistanceMeters><HeartRateBpm><Value>135</Value></HeartRateBpm><Cadence>84</Cadence><SensorState>Present</SensorState></Trackpoint><Trackpoint><Time>2025-11-04T11:49:54.708Z</Time><Position><LatitudeDegrees>43.30050667</LatitudeDegrees><LongitudeDegrees>-2.87549667</LongitudeDegrees></Position><AltitudeMeters>53.798</AltitudeMeters><DistanceMeters>2711.199951171875</DistanceMeters><HeartRateBpm><Value>135</Value></HeartRateBpm><Cadence>85</Cadence><SensorState>Present</SensorState></Trackpoint><Trackpoint><Time>2025-11-04T11:49:55.708Z</Time><Position><LatitudeDegrees>43.30050333</LatitudeDegrees><LongitudeDegrees>-2.875525</LongitudeDegrees></Position><AltitudeMeters>53.798</AltitudeMeters><DistanceMeters>2713.300048828125</DistanceMeters><HeartRateBpm><Value>135</Value></HeartRateBpm><Cadence>85</Cadence><SensorState>Present</SensorState></Trackpoint><Trackpoint><Time>2025-11-04T11:49:56.708Z</Time><Position><LatitudeDegrees>43.30050167</LatitudeDegrees><LongitudeDegrees>-2.87555333</LongitudeDegrees></Position><AltitudeMeters>53.645</AltitudeMeters><DistanceMeters>2715.60009765625</DistanceMeters><HeartRateBpm><Value>135</Value></HeartRateBpm><Cadence>85</Cadence><SensorState>Present</SensorState></Trackpoint><Trackpoint><Time>2025-11-04T11:49:57.708Z</Time><Position><LatitudeDegrees>43.30050167</LatitudeDegrees><LongitudeDegrees>-2.87558333</LongitudeDegrees></Position><AltitudeMeters>53.645</AltitudeMeters><DistanceMeters>2717.89990234375</DistanceMeters><HeartRateBpm><Value>136</Value></HeartRateBpm><Cadence>85</Cadence><SensorState>Present</SensorState></Trackpoint><Trackpoint><Time>2025-11-04T11:49:58.708Z</Time><Position><LatitudeDegrees>43.30050333</LatitudeDegrees><LongitudeDegrees>-2.87561167</LongitudeDegrees></Position><AltitudeMeters>53.493</AltitudeMeters><DistanceMeters>2720.300048828125</DistanceMeters><HeartRateBpm><Value>136</Value></HeartRateBpm><Cadence>85</Cadence><SensorState>Present</SensorState></Trackpoint><Trackpoint><Time>2025-11-04T11:49:59.708Z</Time><Position><LatitudeDegrees>43.300505</LatitudeDegrees><LongitudeDegrees>-2.87564333</LongitudeDegrees></Position><AltitudeMeters>53.493</AltitudeMeters><DistanceMeters>2723.0</DistanceMeters><HeartRateBpm><Value>136</Value></HeartRateBpm><Cadence>85</Cadence><SensorState>Present</SensorState></Trackpoint><Trackpoint><Time>2025-11-04T11:50:00.708Z</Time><Position><LatitudeDegrees>43.30050167</LatitudeDegrees><LongitudeDegrees>-2.875675</LongitudeDegrees></Position><AltitudeMeters>53.341</AltitudeMeters><DistanceMeters>2725.60009765625</DistanceMeters><HeartRateBpm><Value>137</Value></HeartRateBpm><Cadence>85</Cadence><SensorState>Present</SensorState></Trackpoint><Trackpoint><Time>2025-11-04T11:50:01.708Z</Time><Position><LatitudeDegrees>43.3005</LatitudeDegrees><LongitudeDegrees>-2.87570667</LongitudeDegrees></Position><AltitudeMeters>53.341</AltitudeMeters><DistanceMeters>2728.0</DistanceMeters><HeartRateBpm><Value>137</Value></HeartRateBpm><Cadence>85</Cadence><SensorState>Present</SensorState></Trackpoint><Trackpoint><Time>2025-11-04T11:50:02.708Z</Time><Position><LatitudeDegrees>43.30049667</LatitudeDegrees><LongitudeDegrees>-2.875735</LongitudeDegrees></Position><AltitudeMeters>53.341</AltitudeMeters><DistanceMeters>2730.5</DistanceMeters><HeartRateBpm><Value>137</Value></HeartRateBpm><Cadence>85</Cadence><SensorState>Present</SensorState></Trackpoint><Trackpoint><Time>2025-11-04T11:50:03.708Z</Time><Position><LatitudeDegrees>43.30049667</LatitudeDegrees><LongitudeDegrees>-2.87576167</LongitudeDegrees></Position><AltitudeMeters>53.188</AltitudeMeters><DistanceMeters>2732.800048828125</DistanceMeters><HeartRateBpm><Value>137</Value></HeartRateBpm><Cadence>85</Cadence><SensorState>Present</SensorState></Trackpoint><Trackpoint><Time>2025-11-04T11:50:04.708Z</Time><Position><LatitudeDegrees>43.300495</LatitudeDegrees><LongitudeDegrees>-2.87578833</LongitudeDegrees></Position><AltitudeMeters>53.188</AltitudeMeters><DistanceMeters>2735.10009765625</DistanceMeters><HeartRateBpm><Value>137</Value></HeartRateBpm><Cadence>85</Cadence><SensorState>Present</SensorState></Trackpoint><Trackpoint><Time>2025-11-04T11:50:05.708Z</Time><Position><LatitudeDegrees>43.300495</LatitudeDegrees><LongitudeDegrees>-2.875815</LongitudeDegrees></Position><AltitudeMeters>53.188</AltitudeMeters><DistanceMeters>2737.5</DistanceMeters><HeartRateBpm><Value>138</Value></HeartRateBpm><Cadence>87</Cadence><SensorState>Present</SensorState></Trackpoint><Trackpoint><Time>2025-11-04T11:50:06.708Z</Time><Position><LatitudeDegrees>43.30049667</LatitudeDegrees><LongitudeDegrees>-2.87584667</LongitudeDegrees></Position><AltitudeMeters>53.188</AltitudeMeters><DistanceMeters>2740.0</DistanceMeters><HeartRateBpm><Value>138</Value></HeartRateBpm><Cadence>86</Cadence><SensorState>Present</SensorState></Trackpoint><Trackpoint><Time>2025-11-04T11:50:07.708Z</Time><Position><LatitudeDegrees>43.30049333</LatitudeDegrees><LongitudeDegrees>-2.87587667</LongitudeDegrees></Position><AltitudeMeters>53.188</AltitudeMeters><DistanceMeters>2742.10009765625</DistanceMeters><HeartRateBpm><Value>138</Value></HeartRateBpm><Cadence>86</Cadence><SensorState>Present</SensorState></Trackpoint><Trackpoint><Time>2025-11-04T11:50:08.708Z</Time><Position><LatitudeDegrees>43.30049</LatitudeDegrees><LongitudeDegrees>-2.87590333</LongitudeDegrees></Position><AltitudeMeters>53.036</AltitudeMeters><DistanceMeters>2744.300048828125</DistanceMeters><HeartRateBpm><Value>138</Value></HeartRateBpm><Cadence>86</Cadence><SensorState>Present</SensorState></Trackpoint><Trackpoint><Time>2025-11-04T11:50:09.708Z</Time><Position><LatitudeDegrees>43.30048667</LatitudeDegrees><LongitudeDegrees>-2.87593167</LongitudeDegrees></Position><AltitudeMeters>53.036</AltitudeMeters><DistanceMeters>2746.5</DistanceMeters><HeartRateBpm><Value>138</Value></HeartRateBpm><Cadence>86</Cadence><SensorState>Present</SensorState></Trackpoint><Trackpoint><Time>2025-11-04T11:50:10.708Z</Time><Position><LatitudeDegrees>43.300485</LatitudeDegrees><LongitudeDegrees>-2.87596</LongitudeDegrees></Position><AltitudeMeters>53.036</AltitudeMeters><DistanceMeters>2748.60009765625</DistanceMeters><HeartRateBpm><Value>139</Value></HeartRateBpm><Cadence>86</Cadence><SensorState>Present</SensorState></Trackpoint><Trackpoint><Time>2025-11-04T11:50:11.708Z</Time><Position><LatitudeDegrees>43.30048333</LatitudeDegrees><LongitudeDegrees>-2.87598667</LongitudeDegrees></Position><AltitudeMeters>53.188</AltitudeMeters><DistanceMeters>2750.89990234375</DistanceMeters><HeartRateBpm><Value>139</Value></HeartRateBpm><Cadence>86</Cadence><SensorState>Present</SensorState></Trackpoint><Trackpoint><Time>2025-11-04T11:50:12.708Z</Time><Position><LatitudeDegrees>43.30048</LatitudeDegrees><LongitudeDegrees>-2.87601333</LongitudeDegrees></Position><AltitudeMeters>53.188</AltitudeMeters><DistanceMeters>2753.60009765625</DistanceMeters><HeartRateBpm><Value>139</Value></HeartRateBpm><Cadence>86</Cadence><SensorState>Present</SensorState></Trackpoint><Trackpoint><Time>2025-11-04T11:50:13.708Z</Time><Position><LatitudeDegrees>43.30047833</LatitudeDegrees><LongitudeDegrees>-2.876045</LongitudeDegrees></Position><AltitudeMeters>53.188</AltitudeMeters><DistanceMeters>2756.10009765625</DistanceMeters><HeartRateBpm><Value>139</Value></HeartRateBpm><Cadence>86</Cadence><SensorState>Present</SensorState></Trackpoint><Trackpoint><Time>2025-11-04T11:50:14.708Z</Time><Position><LatitudeDegrees>43.300475</LatitudeDegrees><LongitudeDegrees>-2.876075</LongitudeDegrees></Position><AltitudeMeters>53.188</AltitudeMeters><DistanceMeters>2758.199951171875</DistanceMeters><HeartRateBpm><Value>139</Value></HeartRateBpm><Cadence>86</Cadence><SensorState>Present</SensorState></Trackpoint><Trackpoint><Time>2025-11-04T11:50:15.708Z</Time><Position><LatitudeDegrees>43.30047167</LatitudeDegrees><LongitudeDegrees>-2.87610167</LongitudeDegrees></Position><AltitudeMeters>53.188</AltitudeMeters><DistanceMeters>2760.5</DistanceMeters><HeartRateBpm><Value>139</Value></HeartRateBpm><Cadence>86</Cadence><SensorState>Present</SensorState></Trackpoint><Trackpoint><Time>2025-11-04T11:50:16.708Z</Time><Position><LatitudeDegrees>43.30046667</LatitudeDegrees><LongitudeDegrees>-2.87613</LongitudeDegrees></Position><AltitudeMeters>53.341</AltitudeMeters><DistanceMeters>2762.89990234375</DistanceMeters><HeartRateBpm><Value>139</Value></HeartRateBpm><Cadence>86</Cadence><SensorState>Present</SensorState></Trackpoint><Trackpoint><Time>2025-11-04T11:50:17.708Z</Time><Position><LatitudeDegrees>43.300465</LatitudeDegrees><LongitudeDegrees>-2.87615833</LongitudeDegrees></Position><AltitudeMeters>53.341</AltitudeMeters><DistanceMeters>2765.300048828125</DistanceMeters><HeartRateBpm><Value>139</Value></HeartRateBpm><Cadence>86</Cadence><SensorState>Present</SensorState></Trackpoint><Trackpoint><Time>2025-11-04T11:50:18.708Z</Time><Position><LatitudeDegrees>43.30046333</LatitudeDegrees><LongitudeDegrees>-2.87618833</LongitudeDegrees></Position><AltitudeMeters>53.493</AltitudeMeters><DistanceMeters>2767.800048828125</DistanceMeters><HeartRateBpm><Value>139</Value></HeartRateBpm><Cadence>86</Cadence><SensorState>Present</SensorState></Trackpoint><Trackpoint><Time>2025-11-04T11:50:19.708Z</Time><Position><LatitudeDegrees>43.30046333</LatitudeDegrees><LongitudeDegrees>-2.87622</LongitudeDegrees></Position><AltitudeMeters>53.645</AltitudeMeters><DistanceMeters>2770.39990234375</DistanceMeters><HeartRateBpm><Value>139</Value></HeartRateBpm><Cadence>86</Cadence><SensorState>Present</SensorState></Trackpoint><Trackpoint><Time>2025-11-04T11:50:20.708Z</Time><Position><LatitudeDegrees>43.30046167</LatitudeDegrees><LongitudeDegrees>-2.87625</LongitudeDegrees></Position><AltitudeMeters>53.645</AltitudeMeters><DistanceMeters>2772.800048828125</DistanceMeters><HeartRateBpm><Value>139</Value></HeartRateBpm><Cadence>86</Cadence><SensorState>Present</SensorState></Trackpoint><Trackpoint><Time>2025-11-04T11:50:21.708Z</Time><Position><LatitudeDegrees>43.30045833</LatitudeDegrees><LongitudeDegrees>-2.87627667</LongitudeDegrees></Position><AltitudeMeters>53.798</AltitudeMeters><DistanceMeters>2774.89990234375</DistanceMeters><HeartRateBpm><Value>139</Value></HeartRateBpm><Cadence>88</Cadence><SensorState>Present</SensorState></Trackpoint><Trackpoint><Time>2025-11-04T11:50:22.708Z</Time><Position><LatitudeDegrees>43.30045333</LatitudeDegrees><LongitudeDegrees>-2.87630333</LongitudeDegrees></Position><AltitudeMeters>53.95</AltitudeMeters><DistanceMeters>2777.199951171875</DistanceMeters><HeartRateBpm><Value>139</Value></HeartRateBpm><Cadence>88</Cadence><SensorState>Present</SensorState></Trackpoint><Trackpoint><Time>2025-11-04T11:50:23.708Z</Time><Position><LatitudeDegrees>43.30045333</LatitudeDegrees><LongitudeDegrees>-2.87633167</LongitudeDegrees></Position><AltitudeMeters>54.103</AltitudeMeters><DistanceMeters>2779.60009765625</DistanceMeters><HeartRateBpm><Value>139</Value></HeartRateBpm><Cadence>88</Cadence><SensorState>Present</SensorState></Trackpoint><Trackpoint><Time>2025-11-04T11:50:24.708Z</Time><Position><LatitudeDegrees>43.300455</LatitudeDegrees><LongitudeDegrees>-2.87636</LongitudeDegrees></Position><AltitudeMeters>54.255</AltitudeMeters><DistanceMeters>2782.0</DistanceMeters><HeartRateBpm><Value>139</Value></HeartRateBpm><Cadence>85</Cadence><SensorState>Present</SensorState></Trackpoint><Trackpoint><Time>2025-11-04T11:50:25.708Z</Time><Position><LatitudeDegrees>43.30045167</LatitudeDegrees><LongitudeDegrees>-2.87639</LongitudeDegrees></Position><AltitudeMeters>54.255</AltitudeMeters><DistanceMeters>2784.39990234375</DistanceMeters><HeartRateBpm><Value>140</Value></HeartRateBpm><Cadence>84</Cadence><SensorState>Present</SensorState></Trackpoint><Trackpoint><Time>2025-11-04T11:50:26.708Z</Time><Position><LatitudeDegrees>43.30044667</LatitudeDegrees><LongitudeDegrees>-2.87642167</LongitudeDegrees></Position><AltitudeMeters>54.407</AltitudeMeters><DistanceMeters>2787.10009765625</DistanceMeters><HeartRateBpm><Value>140</Value></HeartRateBpm><Cadence>84</Cadence><SensorState>Present</SensorState></Trackpoint><Trackpoint><Time>2025-11-04T11:50:27.708Z</Time><Position><LatitudeDegrees>43.30044</LatitudeDegrees><LongitudeDegrees>-2.87645333</LongitudeDegrees></Position><AltitudeMeters>54.56</AltitudeMeters><DistanceMeters>2789.60009765625</DistanceMeters><HeartRateBpm><Value>140</Value></HeartRateBpm><Cadence>84</Cadence><SensorState>Present</SensorState></Trackpoint><Trackpoint><Time>2025-11-04T11:50:28.708Z</Time><Position><LatitudeDegrees>43.30043333</LatitudeDegrees><LongitudeDegrees>-2.876485</LongitudeDegrees></Position><AltitudeMeters>54.712</AltitudeMeters><DistanceMeters>2792.199951171875</DistanceMeters><HeartRateBpm><Value>140</Value></HeartRateBpm><Cadence>84</Cadence><SensorState>Present</SensorState></Trackpoint><Trackpoint><Time>2025-11-04T11:50:29.708Z</Time><Position><LatitudeDegrees>43.30043</LatitudeDegrees><LongitudeDegrees>-2.87651667</LongitudeDegrees></Position><AltitudeMeters>54.865</AltitudeMeters><DistanceMeters>2795.0</DistanceMeters><HeartRateBpm><Value>141</Value></HeartRateBpm><Cadence>85</Cadence><SensorState>Present</SensorState></Trackpoint><Trackpoint><Time>2025-11-04T11:50:30.708Z</Time><Position><LatitudeDegrees>43.300425</LatitudeDegrees><LongitudeDegrees>-2.87655</LongitudeDegrees></Position><AltitudeMeters>55.017</AltitudeMeters><DistanceMeters>2797.89990234375</DistanceMeters><HeartRateBpm><Value>141</Value></HeartRateBpm><Cadence>85</Cadence><SensorState>Present</SensorState></Trackpoint><Trackpoint><Time>2025-11-04T11:50:31.708Z</Time><Position><LatitudeDegrees>43.30042167</LatitudeDegrees><LongitudeDegrees>-2.87658333</LongitudeDegrees></Position><AltitudeMeters>55.017</AltitudeMeters><DistanceMeters>2800.89990234375</DistanceMeters><HeartRateBpm><Value>142</Value></HeartRateBpm><Cadence>85</Cadence><SensorState>Present</SensorState></Trackpoint><Trackpoint><Time>2025-11-04T11:50:32.708Z</Time><Position><LatitudeDegrees>43.30041833</LatitudeDegrees><LongitudeDegrees>-2.87661833</LongitudeDegrees></Position><AltitudeMeters>55.169</AltitudeMeters><DistanceMeters>2803.300048828125</DistanceMeters><HeartRateBpm><Value>142</Value></HeartRateBpm><Cadence>85</Cadence><SensorState>Present</SensorState></Trackpoint><Trackpoint><Time>2025-11-04T11:50:33.708Z</Time><Position><LatitudeDegrees>43.30041833</LatitudeDegrees><LongitudeDegrees>-2.87664167</LongitudeDegrees></Position><AltitudeMeters>55.322</AltitudeMeters><DistanceMeters>2806.39990234375</DistanceMeters><HeartRateBpm><Value>142</Value></HeartRateBpm><Cadence>85</Cadence><SensorState>Present</SensorState></Trackpoint><Trackpoint><Time>2025-11-04T11:50:34.708Z</Time><Position><LatitudeDegrees>43.30041833</LatitudeDegrees><LongitudeDegrees>-2.87668</LongitudeDegrees></Position><AltitudeMeters>55.322</AltitudeMeters><DistanceMeters>2809.199951171875</DistanceMeters><HeartRateBpm><Value>143</Value></HeartRateBpm><Cadence>85</Cadence><SensorState>Present</SensorState></Trackpoint><Trackpoint><Time>2025-11-04T11:50:35.708Z</Time><Position><LatitudeDegrees>43.30042</LatitudeDegrees><LongitudeDegrees>-2.876715</LongitudeDegrees></Position><AltitudeMeters>55.474</AltitudeMeters><DistanceMeters>2811.89990234375</DistanceMeters><HeartRateBpm><Value>143</Value></HeartRateBpm><Cadence>85</Cadence><SensorState>Present</SensorState></Trackpoint><Trackpoint><Time>2025-11-04T11:50:36.708Z</Time><Position><LatitudeDegrees>43.30041833</LatitudeDegrees><LongitudeDegrees>-2.87674833</LongitudeDegrees></Position><AltitudeMeters>55.474</AltitudeMeters><DistanceMeters>2814.0</DistanceMeters><HeartRateBpm><Value>143</Value></HeartRateBpm><Cadence>85</Cadence><SensorState>Present</SensorState></Trackpoint><Trackpoint><Time>2025-11-04T11:50:37.708Z</Time><Position><LatitudeDegrees>43.30041333</LatitudeDegrees><LongitudeDegrees>-2.87678</LongitudeDegrees></Position><AltitudeMeters>55.627</AltitudeMeters><DistanceMeters>2816.89990234375</DistanceMeters><HeartRateBpm><Value>143</Value></HeartRateBpm><Cadence>85</Cadence><SensorState>Present</SensorState></Trackpoint><Trackpoint><Time>2025-11-04T11:50:38.708Z</Time><Position><LatitudeDegrees>43.30040833</LatitudeDegrees><LongitudeDegrees>-2.87680667</LongitudeDegrees></Position><AltitudeMeters>55.779</AltitudeMeters><DistanceMeters>2820.10009765625</DistanceMeters><HeartRateBpm><Value>143</Value></HeartRateBpm><Cadence>85</Cadence><SensorState>Present</SensorState></Trackpoint><Trackpoint><Time>2025-11-04T11:50:39.708Z</Time><Position><LatitudeDegrees>43.30040167</LatitudeDegrees><LongitudeDegrees>-2.87685</LongitudeDegrees></Position><AltitudeMeters>55.779</AltitudeMeters><DistanceMeters>2822.89990234375</DistanceMeters><HeartRateBpm><Value>144</Value></HeartRateBpm><Cadence>85</Cadence><SensorState>Present</SensorState></Trackpoint><Trackpoint><Time>2025-11-04T11:50:40.708Z</Time><Position><LatitudeDegrees>43.30039667</LatitudeDegrees><LongitudeDegrees>-2.87688333</LongitudeDegrees></Position><AltitudeMeters>55.779</AltitudeMeters><DistanceMeters>2825.60009765625</DistanceMeters><HeartRateBpm><Value>144</Value></HeartRateBpm><Cadence>85</Cadence><SensorState>Present</SensorState></Trackpoint><Trackpoint><Time>2025-11-04T11:50:41.708Z</Time><Position><LatitudeDegrees>43.30039333</LatitudeDegrees><LongitudeDegrees>-2.87691667</LongitudeDegrees></Position><AltitudeMeters>55.931</AltitudeMeters><DistanceMeters>2828.800048828125</DistanceMeters><HeartRateBpm><Value>144</Value></HeartRateBpm><Cadence>85</Cadence><SensorState>Present</SensorState></Trackpoint><Trackpoint><Time>2025-11-04T11:50:42.708Z</Time><Position><LatitudeDegrees>43.30039167</LatitudeDegrees><LongitudeDegrees>-2.87695</LongitudeDegrees></Position><AltitudeMeters>55.931</AltitudeMeters><DistanceMeters>2831.5</DistanceMeters><HeartRateBpm><Value>144</Value></HeartRateBpm><Cadence>85</Cadence><SensorState>Present</SensorState></Trackpoint><Trackpoint><Time>2025-11-04T11:50:43.708Z</Time><Position><LatitudeDegrees>43.30038833</LatitudeDegrees><LongitudeDegrees>-2.876985</LongitudeDegrees></Position><AltitudeMeters>55.931</AltitudeMeters><DistanceMeters>2834.300048828125</DistanceMeters><HeartRateBpm><Value>144</Value></HeartRateBpm><Cadence>85</Cadence><SensorState>Present</SensorState></Trackpoint><Trackpoint><Time>2025-11-04T11:50:44.708Z</Time><Position><LatitudeDegrees>43.300385</LatitudeDegrees><LongitudeDegrees>-2.87701833</LongitudeDegrees></Position><AltitudeMeters>55.931</AltitudeMeters><DistanceMeters>2837.10009765625</DistanceMeters><HeartRateBpm><Value>144</Value></HeartRateBpm><Cadence>85</Cadence><SensorState>Present</SensorState></Trackpoint><Trackpoint><Time>2025-11-04T11:50:45.708Z</Time><Position><LatitudeDegrees>43.30038333</LatitudeDegrees><LongitudeDegrees>-2.87705333</LongitudeDegrees></Position><AltitudeMeters>55.931</AltitudeMeters><DistanceMeters>2840.0</DistanceMeters><HeartRateBpm><Value>144</Value></HeartRateBpm><Cadence>85</Cadence><SensorState>Present</SensorState></Trackpoint><Trackpoint><Time>2025-11-04T11:50:46.708Z</Time><Position><LatitudeDegrees>43.30038333</LatitudeDegrees><LongitudeDegrees>-2.87708667</LongitudeDegrees></Position><AltitudeMeters>55.931</AltitudeMeters><DistanceMeters>2843.0</DistanceMeters><HeartRateBpm><Value>144</Value></HeartRateBpm><Cadence>85</Cadence><SensorState>Present</SensorState></Trackpoint><Trackpoint><Time>2025-11-04T11:50:47.708Z</Time><Position><LatitudeDegrees>43.30038333</LatitudeDegrees><LongitudeDegrees>-2.87712</LongitudeDegrees></Position><AltitudeMeters>55.931</AltitudeMeters><DistanceMeters>2845.39990234375</DistanceMeters><HeartRateBpm><Value>144</Value></HeartRateBpm><Cadence>85</Cadence><SensorState>Present</SensorState></Trackpoint><Trackpoint><Time>2025-11-04T11:50:48.708Z</Time><Position><LatitudeDegrees>43.30038167</LatitudeDegrees><LongitudeDegrees>-2.877155</LongitudeDegrees></Position><AltitudeMeters>55.779</AltitudeMeters><DistanceMeters>2848.300048828125</DistanceMeters><HeartRateBpm><Value>144</Value></HeartRateBpm><Cadence>85</Cadence><SensorState>Present</SensorState></Trackpoint><Trackpoint><Time>2025-11-04T11:50:49.708Z</Time><Position><LatitudeDegrees>43.30037667</LatitudeDegrees><LongitudeDegrees>-2.87719</LongitudeDegrees></Position><AltitudeMeters>55.779</AltitudeMeters><DistanceMeters>2851.199951171875</DistanceMeters><HeartRateBpm><Value>144</Value></HeartRateBpm><Cadence>85</Cadence><SensorState>Present</SensorState></Trackpoint><Trackpoint><Time>2025-11-04T11:50:50.708Z</Time><Position><LatitudeDegrees>43.30037167</LatitudeDegrees><LongitudeDegrees>-2.877225</LongitudeDegrees></Position><AltitudeMeters>55.779</AltitudeMeters><DistanceMeters>2854.300048828125</DistanceMeters><HeartRateBpm><Value>144</Value></HeartRateBpm><Cadence>85</Cadence><SensorState>Present</SensorState></Trackpoint><Trackpoint><Time>2025-11-04T11:50:51.708Z</Time><Position><LatitudeDegrees>43.30036833</LatitudeDegrees><LongitudeDegrees>-2.87726167</LongitudeDegrees></Position><AltitudeMeters>55.779</AltitudeMeters><DistanceMeters>2857.10009765625</DistanceMeters><HeartRateBpm><Value>144</Value></HeartRateBpm><Cadence>85</Cadence><SensorState>Present</SensorState></Trackpoint><Trackpoint><Time>2025-11-04T11:50:52.708Z</Time><Position><LatitudeDegrees>43.30036333</LatitudeDegrees><LongitudeDegrees>-2.87729667</LongitudeDegrees></Position><AltitudeMeters>55.627</AltitudeMeters><DistanceMeters>2859.89990234375</DistanceMeters><HeartRateBpm><Value>144</Value></HeartRateBpm><Cadence>87</Cadence><SensorState>Present</SensorState></Trackpoint><Trackpoint><Time>2025-11-04T11:50:53.708Z</Time><Position><LatitudeDegrees>43.30035833</LatitudeDegrees><LongitudeDegrees>-2.87733</LongitudeDegrees></Position><AltitudeMeters>55.627</AltitudeMeters><DistanceMeters>2863.0</DistanceMeters><HeartRateBpm><Value>144</Value></HeartRateBpm><Cadence>86</Cadence><SensorState>Present</SensorState></Trackpoint><Trackpoint><Time>2025-11-04T11:50:54.708Z</Time><Position><LatitudeDegrees>43.300355</LatitudeDegrees><LongitudeDegrees>-2.87736667</LongitudeDegrees></Position><AltitudeMeters>55.627</AltitudeMeters><DistanceMeters>2866.0</DistanceMeters><HeartRateBpm><Value>144</Value></HeartRateBpm><Cadence>86</Cadence><SensorState>Present</SensorState></Trackpoint><Trackpoint><Time>2025-11-04T11:50:55.708Z</Time><Position><LatitudeDegrees>43.30035</LatitudeDegrees><LongitudeDegrees>-2.87740167</LongitudeDegrees></Position><AltitudeMeters>55.474</AltitudeMeters><DistanceMeters>2869.199951171875</DistanceMeters><HeartRateBpm><Value>144</Value></HeartRateBpm><Cadence>86</Cadence><SensorState>Present</SensorState></Trackpoint><Trackpoint><Time>2025-11-04T11:50:56.708Z</Time><Position><LatitudeDegrees>43.300345</LatitudeDegrees><LongitudeDegrees>-2.87744</LongitudeDegrees></Position><AltitudeMeters>55.474</AltitudeMeters><DistanceMeters>2872.199951171875</DistanceMeters><HeartRateBpm><Value>143</Value></HeartRateBpm><Cadence>86</Cadence><SensorState>Present</SensorState></Trackpoint><Trackpoint><Time>2025-11-04T11:50:57.708Z</Time><Position><LatitudeDegrees>43.30034333</LatitudeDegrees><LongitudeDegrees>-2.87747667</LongitudeDegrees></Position><AltitudeMeters>55.474</AltitudeMeters><DistanceMeters>2875.10009765625</DistanceMeters><HeartRateBpm><Value>143</Value></HeartRateBpm><Cadence>86</Cadence><SensorState>Present</SensorState></Trackpoint><Trackpoint><Time>2025-11-04T11:50:58.708Z</Time><Position><LatitudeDegrees>43.30034167</LatitudeDegrees><LongitudeDegrees>-2.87751167</LongitudeDegrees></Position><AltitudeMeters>55.474</AltitudeMeters><DistanceMeters>2878.10009765625</DistanceMeters><HeartRateBpm><Value>143</Value></HeartRateBpm><Cadence>86</Cadence><SensorState>Present</SensorState></Trackpoint><Trackpoint><Time>2025-11-04T11:50:59.708Z</Time><Position><LatitudeDegrees>43.30034</LatitudeDegrees><LongitudeDegrees>-2.87754667</LongitudeDegrees></Position><AltitudeMeters>55.322</AltitudeMeters><DistanceMeters>2880.800048828125</DistanceMeters><HeartRateBpm><Value>143</Value></HeartRateBpm><Cadence>86</Cadence><SensorState>Present</SensorState></Trackpoint><Trackpoint><Time>2025-11-04T11:51:00.708Z</Time><Position><LatitudeDegrees>43.30033833</LatitudeDegrees><LongitudeDegrees>-2.87758</LongitudeDegrees></Position><AltitudeMeters>55.322</AltitudeMeters><DistanceMeters>2883.60009765625</DistanceMeters><HeartRateBpm><Value>143</Value></HeartRateBpm><Cadence>86</Cadence><SensorState>Present</SensorState></Trackpoint><Trackpoint><Time>2025-11-04T11:51:01.708Z</Time><Position><LatitudeDegrees>43.300335</LatitudeDegrees><LongitudeDegrees>-2.87761333</LongitudeDegrees></Position><AltitudeMeters>55.322</AltitudeMeters><DistanceMeters>2886.60009765625</DistanceMeters><HeartRateBpm><Value>143</Value></HeartRateBpm><Cadence>86</Cadence><SensorState>Present</SensorState></Trackpoint><Trackpoint><Time>2025-11-04T11:51:02.708Z</Time><Position><LatitudeDegrees>43.30033333</LatitudeDegrees><LongitudeDegrees>-2.87764833</LongitudeDegrees></Position><AltitudeMeters>55.322</AltitudeMeters><DistanceMeters>2889.39990234375</DistanceMeters><HeartRateBpm><Value>143</Value></HeartRateBpm><Cadence>86</Cadence><SensorState>Present</SensorState></Trackpoint><Trackpoint><Time>2025-11-04T11:51:03.708Z</Time><Position><LatitudeDegrees>43.30033167</LatitudeDegrees><LongitudeDegrees>-2.877685</LongitudeDegrees></Position><AltitudeMeters>55.169</AltitudeMeters><DistanceMeters>2892.10009765625</DistanceMeters><HeartRateBpm><Value>143</Value></HeartRateBpm><Cadence>86</Cadence><SensorState>Present</SensorState></Trackpoint><Trackpoint><Time>2025-11-04T11:51:04.708Z</Time><Position><LatitudeDegrees>43.30033167</LatitudeDegrees><LongitudeDegrees>-2.87771833</LongitudeDegrees></Position><AltitudeMeters>55.169</AltitudeMeters><DistanceMeters>2894.800048828125</DistanceMeters><HeartRateBpm><Value>143</Value></HeartRateBpm><Cadence>86</Cadence><SensorState>Present</SensorState></Trackpoint><Trackpoint><Time>2025-11-04T11:51:05.708Z</Time><Position><LatitudeDegrees>43.30033</LatitudeDegrees><LongitudeDegrees>-2.87775167</LongitudeDegrees></Position><AltitudeMeters>55.169</AltitudeMeters><DistanceMeters>2897.60009765625</DistanceMeters><HeartRateBpm><Value>143</Value></HeartRateBpm><Cadence>87</Cadence><SensorState>Present</SensorState></Trackpoint><Trackpoint><Time>2025-11-04T11:51:06.708Z</Time><Position><LatitudeDegrees>43.30033333</LatitudeDegrees><LongitudeDegrees>-2.87779</LongitudeDegrees></Position><AltitudeMeters>55.017</AltitudeMeters><DistanceMeters>2900.699951171875</DistanceMeters><HeartRateBpm><Value>143</Value></HeartRateBpm><Cadence>87</Cadence><SensorState>Present</SensorState></Trackpoint><Trackpoint><Time>2025-11-04T11:51:07.708Z</Time><Position><LatitudeDegrees>43.30033167</LatitudeDegrees><LongitudeDegrees>-2.87783</LongitudeDegrees></Position><AltitudeMeters>55.017</AltitudeMeters><DistanceMeters>2903.800048828125</DistanceMeters><HeartRateBpm><Value>142</Value></HeartRateBpm><Cadence>88</Cadence><SensorState>Present</SensorState></Trackpoint><Trackpoint><Time>2025-11-04T11:51:08.708Z</Time><Position><LatitudeDegrees>43.30033</LatitudeDegrees><LongitudeDegrees>-2.87786667</LongitudeDegrees></Position><AltitudeMeters>55.017</AltitudeMeters><DistanceMeters>2907.0</DistanceMeters><HeartRateBpm><Value>142</Value></HeartRateBpm><Cadence>88</Cadence><SensorState>Present</SensorState></Trackpoint><Trackpoint><Time>2025-11-04T11:51:09.708Z</Time><Position><LatitudeDegrees>43.30032833</LatitudeDegrees><LongitudeDegrees>-2.877905</LongitudeDegrees></Position><AltitudeMeters>55.017</AltitudeMeters><DistanceMeters>2910.199951171875</DistanceMeters><HeartRateBpm><Value>142</Value></HeartRateBpm><Cadence>88</Cadence><SensorState>Present</SensorState></Trackpoint><Trackpoint><Time>2025-11-04T11:51:10.708Z</Time><Position><LatitudeDegrees>43.30032667</LatitudeDegrees><LongitudeDegrees>-2.87794333</LongitudeDegrees></Position><AltitudeMeters>54.865</AltitudeMeters><DistanceMeters>2913.60009765625</DistanceMeters><HeartRateBpm><Value>142</Value></HeartRateBpm><Cadence>88</Cadence><SensorState>Present</SensorState></Trackpoint><Trackpoint><Time>2025-11-04T11:51:11.708Z</Time><Position><LatitudeDegrees>43.30032833</LatitudeDegrees><LongitudeDegrees>-2.877985</LongitudeDegrees></Position><AltitudeMeters>54.865</AltitudeMeters><DistanceMeters>2916.89990234375</DistanceMeters><HeartRateBpm><Value>141</Value></HeartRateBpm><Cadence>88</Cadence><SensorState>Present</SensorState></Trackpoint><Trackpoint><Time>2025-11-04T11:51:12.708Z</Time><Position><LatitudeDegrees>43.30033</LatitudeDegrees><LongitudeDegrees>-2.878025</LongitudeDegrees></Position><AltitudeMeters>54.865</AltitudeMeters><DistanceMeters>2920.300048828125</DistanceMeters><HeartRateBpm><Value>141</Value></HeartRateBpm><Cadence>88</Cadence><SensorState>Present</SensorState></Trackpoint><Trackpoint><Time>2025-11-04T11:51:13.708Z</Time><Position><LatitudeDegrees>43.30033</LatitudeDegrees><LongitudeDegrees>-2.87806333</LongitudeDegrees></Position><AltitudeMeters>54.865</AltitudeMeters><DistanceMeters>2923.300048828125</DistanceMeters><HeartRateBpm><Value>140</Value></HeartRateBpm><Cadence>88</Cadence><SensorState>Present</SensorState></Trackpoint><Trackpoint><Time>2025-11-04T11:51:14.708Z</Time><Position><LatitudeDegrees>43.30032</LatitudeDegrees><LongitudeDegrees>-2.878095</LongitudeDegrees></Position><AltitudeMeters>54.865</AltitudeMeters><DistanceMeters>2925.89990234375</DistanceMeters><HeartRateBpm><Value>140</Value></HeartRateBpm><Cadence>88</Cadence><SensorState>Present</SensorState></Trackpoint><Trackpoint><Time>2025-11-04T11:51:15.708Z</Time><Position><LatitudeDegrees>43.30030333</LatitudeDegrees><LongitudeDegrees>-2.87812167</LongitudeDegrees></Position><AltitudeMeters>54.865</AltitudeMeters><DistanceMeters>2928.60009765625</DistanceMeters><HeartRateBpm><Value>139</Value></HeartRateBpm><Cadence>88</Cadence><SensorState>Present</SensorState></Trackpoint><Trackpoint><Time>2025-11-04T11:51:16.708Z</Time><Position><LatitudeDegrees>43.30028167</LatitudeDegrees><LongitudeDegrees>-2.878145</LongitudeDegrees></Position><AltitudeMeters>54.712</AltitudeMeters><DistanceMeters>2931.89990234375</DistanceMeters><HeartRateBpm><Value>139</Value></HeartRateBpm><Cadence>88</Cadence><SensorState>Present</SensorState></Trackpoint><Trackpoint><Time>2025-11-04T11:51:17.708Z</Time><Position><LatitudeDegrees>43.300255</LatitudeDegrees><LongitudeDegrees>-2.87816333</LongitudeDegrees></Position><AltitudeMeters>54.712</AltitudeMeters><DistanceMeters>2934.60009765625</DistanceMeters><HeartRateBpm><Value>138</Value></HeartRateBpm><Cadence>88</Cadence><SensorState>Present</SensorState></Trackpoint><Trackpoint><Time>2025-11-04T11:51:18.708Z</Time><Position><LatitudeDegrees>43.30023167</LatitudeDegrees><LongitudeDegrees>-2.878185</LongitudeDegrees></Position><AltitudeMeters>54.712</AltitudeMeters><DistanceMeters>2937.699951171875</DistanceMeters><HeartRateBpm><Value>138</Value></HeartRateBpm><Cadence>88</Cadence><SensorState>Present</SensorState></Trackpoint><Trackpoint><Time>2025-11-04T11:51:19.708Z</Time><Position><LatitudeDegrees>43.300205</LatitudeDegrees><LongitudeDegrees>-2.87820833</LongitudeDegrees></Position><AltitudeMeters>54.712</AltitudeMeters><DistanceMeters>2940.39990234375</DistanceMeters><HeartRateBpm><Value>137</Value></HeartRateBpm><Cadence>88</Cadence><SensorState>Present</SensorState></Trackpoint><Trackpoint><Time>2025-11-04T11:51:20.708Z</Time><Position><LatitudeDegrees>43.30017833</LatitudeDegrees><LongitudeDegrees>-2.87822667</LongitudeDegrees></Position><AltitudeMeters>54.712</AltitudeMeters><DistanceMeters>2943.800048828125</DistanceMeters><HeartRateBpm><Value>137</Value></HeartRateBpm><Cadence>88</Cadence><SensorState>Present</SensorState></Trackpoint><Trackpoint><Time>2025-11-04T11:51:21.708Z</Time><Position><LatitudeDegrees>43.30014833</LatitudeDegrees><LongitudeDegrees>-2.87824333</LongitudeDegrees></Position><AltitudeMeters>54.712</AltitudeMeters><DistanceMeters>2947.60009765625</DistanceMeters><HeartRateBpm><Value>136</Value></HeartRateBpm><Cadence>88</Cadence><SensorState>Present</SensorState></Trackpoint><Trackpoint><Time>2025-11-04T11:51:22.708Z</Time><Position><LatitudeDegrees>43.30012</LatitudeDegrees><LongitudeDegrees>-2.87825667</LongitudeDegrees></Position><AltitudeMeters>54.712</AltitudeMeters><DistanceMeters>2951.39990234375</DistanceMeters><HeartRateBpm><Value>136</Value></HeartRateBpm><Cadence>88</Cadence><SensorState>Present</SensorState></Trackpoint><Trackpoint><Time>2025-11-04T11:51:23.708Z</Time><Position><LatitudeDegrees>43.30009</LatitudeDegrees><LongitudeDegrees>-2.87827</LongitudeDegrees></Position><AltitudeMeters>54.712</AltitudeMeters><DistanceMeters>2955.39990234375</DistanceMeters><HeartRateBpm><Value>136</Value></HeartRateBpm><Cadence>88</Cadence><SensorState>Present</SensorState></Trackpoint><Trackpoint><Time>2025-11-04T11:51:24.708Z</Time><Position><LatitudeDegrees>43.30005833</LatitudeDegrees><LongitudeDegrees>-2.87828333</LongitudeDegrees></Position><AltitudeMeters>54.712</AltitudeMeters><DistanceMeters>2959.10009765625</DistanceMeters><HeartRateBpm><Value>136</Value></HeartRateBpm><Cadence>88</Cadence><SensorState>Present</SensorState></Trackpoint><Trackpoint><Time>2025-11-04T11:51:25.708Z</Time><Position><LatitudeDegrees>43.30003</LatitudeDegrees><LongitudeDegrees>-2.87830167</LongitudeDegrees></Position><AltitudeMeters>54.712</AltitudeMeters><DistanceMeters>2962.699951171875</DistanceMeters><HeartRateBpm><Value>136</Value></HeartRateBpm><Cadence>88</Cadence><SensorState>Present</SensorState></Trackpoint><Trackpoint><Time>2025-11-04T11:51:26.708Z</Time><Position><LatitudeDegrees>43.30000167</LatitudeDegrees><LongitudeDegrees>-2.87832333</LongitudeDegrees></Position><AltitudeMeters>54.712</AltitudeMeters><DistanceMeters>2966.39990234375</DistanceMeters><HeartRateBpm><Value>135</Value></HeartRateBpm><Cadence>88</Cadence><SensorState>Present</SensorState></Trackpoint><Trackpoint><Time>2025-11-04T11:51:27.708Z</Time><Position><LatitudeDegrees>43.299975</LatitudeDegrees><LongitudeDegrees>-2.878345</LongitudeDegrees></Position><AltitudeMeters>54.712</AltitudeMeters><DistanceMeters>2970.0</DistanceMeters><HeartRateBpm><Value>135</Value></HeartRateBpm><Cadence>88</Cadence><SensorState>Present</SensorState></Trackpoint><Trackpoint><Time>2025-11-04T11:51:28.708Z</Time><Position><LatitudeDegrees>43.29994833</LatitudeDegrees><LongitudeDegrees>-2.87836667</LongitudeDegrees></Position><AltitudeMeters>54.56</AltitudeMeters><DistanceMeters>2973.39990234375</DistanceMeters><HeartRateBpm><Value>135</Value></HeartRateBpm><Cadence>88</Cadence><SensorState>Present</SensorState></Trackpoint><Trackpoint><Time>2025-11-04T11:51:29.708Z</Time><Position><LatitudeDegrees>43.299925</LatitudeDegrees><LongitudeDegrees>-2.87839</LongitudeDegrees></Position><AltitudeMeters>54.56</AltitudeMeters><DistanceMeters>2976.5</DistanceMeters><HeartRateBpm><Value>135</Value></HeartRateBpm><Cadence>88</Cadence><SensorState>Present</SensorState></Trackpoint><Trackpoint><Time>2025-11-04T11:51:30.708Z</Time><Position><LatitudeDegrees>43.29990333</LatitudeDegrees><LongitudeDegrees>-2.87841333</LongitudeDegrees></Position><AltitudeMeters>54.56</AltitudeMeters><DistanceMeters>2979.89990234375</DistanceMeters><HeartRateBpm><Value>134</Value></HeartRateBpm><Cadence>88</Cadence><SensorState>Present</SensorState></Trackpoint><Trackpoint><Time>2025-11-04T11:51:31.708Z</Time><Position><LatitudeDegrees>43.29987833</LatitudeDegrees><LongitudeDegrees>-2.87843667</LongitudeDegrees></Position><AltitudeMeters>54.407</AltitudeMeters><DistanceMeters>2983.10009765625</DistanceMeters><HeartRateBpm><Value>134</Value></HeartRateBpm><Cadence>88</Cadence><SensorState>Present</SensorState></Trackpoint><Trackpoint><Time>2025-11-04T11:51:32.708Z</Time><Position><LatitudeDegrees>43.299855</LatitudeDegrees><LongitudeDegrees>-2.87846167</LongitudeDegrees></Position><AltitudeMeters>54.407</AltitudeMeters><DistanceMeters>2986.300048828125</DistanceMeters><HeartRateBpm><Value>134</Value></HeartRateBpm><Cadence>88</Cadence><SensorState>Present</SensorState></Trackpoint><Trackpoint><Time>2025-11-04T11:51:33.708Z</Time><Position><LatitudeDegrees>43.29983333</LatitudeDegrees><LongitudeDegrees>-2.87849</LongitudeDegrees></Position><AltitudeMeters>54.407</AltitudeMeters><DistanceMeters>2989.60009765625</DistanceMeters><HeartRateBpm><Value>133</Value></HeartRateBpm><Cadence>88</Cadence><SensorState>Present</SensorState></Trackpoint><Trackpoint><Time>2025-11-04T11:51:34.708Z</Time><Position><LatitudeDegrees>43.29981333</LatitudeDegrees><LongitudeDegrees>-2.87852333</LongitudeDegrees></Position><AltitudeMeters>54.255</AltitudeMeters><DistanceMeters>2993.0</DistanceMeters><HeartRateBpm><Value>133</Value></HeartRateBpm><Cadence>88</Cadence><SensorState>Present</SensorState></Trackpoint><Trackpoint><Time>2025-11-04T11:51:35.708Z</Time><Position><LatitudeDegrees>43.29978833</LatitudeDegrees><LongitudeDegrees>-2.87855</LongitudeDegrees></Position><AltitudeMeters>54.255</AltitudeMeters><DistanceMeters>2996.60009765625</DistanceMeters><HeartRateBpm><Value>132</Value></HeartRateBpm><Cadence>88</Cadence><SensorState>Present</SensorState></Trackpoint><Trackpoint><Time>2025-11-04T11:51:36.708Z</Time><Position><LatitudeDegrees>43.29976333</LatitudeDegrees><LongitudeDegrees>-2.87858167</LongitudeDegrees></Position><AltitudeMeters>54.103</AltitudeMeters><DistanceMeters>3000.199951171875</DistanceMeters><HeartRateBpm><Value>132</Value></HeartRateBpm><Cadence>88</Cadence><SensorState>Present</SensorState></Trackpoint><Trackpoint><Time>2025-11-04T11:51:37.708Z</Time><Position><LatitudeDegrees>43.29973833</LatitudeDegrees><LongitudeDegrees>-2.87861167</LongitudeDegrees></Position><AltitudeMeters>54.103</AltitudeMeters><DistanceMeters>3003.89990234375</DistanceMeters><HeartRateBpm><Value>132</Value></HeartRateBpm><Cadence>89</Cadence><SensorState>Present</SensorState></Trackpoint></Track><Extensions><LX xmlns="http://www.garmin.com/xmlschemas/ActivityExtension/v2"><AvgSpeed>2.886594401465522</AvgSpeed></LX></Extensions></Lap><Lap xmlns="http://www.garmin.com/xmlschemas/TrainingCenterDatabase/v2" StartTime="2025-11-04T11:51:38.708Z"><TotalTimeSeconds>341.0</TotalTimeSeconds><DistanceMeters>1000.0</DistanceMeters><MaximumSpeed>3.605003621843126</MaximumSpeed><Calories>0</Calories><AverageHeartRateBpm><Value>136</Value></AverageHeartRateBpm><MaximumHeartRateBpm><Value>144</Value></MaximumHeartRateBpm><Intensity>Active</Intensity><Cadence>88</Cadence><TriggerMethod>Distance</TriggerMethod><Track><Trackpoint><Time>2025-11-04T11:51:38.708Z</Time><Position><LatitudeDegrees>43.29971667</LatitudeDegrees><LongitudeDegrees>-2.878645</LongitudeDegrees></Position><AltitudeMeters>53.95</AltitudeMeters><DistanceMeters>3007.800048828125</DistanceMeters><HeartRateBpm><Value>131</Value></HeartRateBpm><Cadence>90</Cadence><SensorState>Present</SensorState></Trackpoint><Trackpoint><Time>2025-11-04T11:51:39.708Z</Time><Position><LatitudeDegrees>43.29969667</LatitudeDegrees><LongitudeDegrees>-2.87867833</LongitudeDegrees></Position><AltitudeMeters>53.95</AltitudeMeters><DistanceMeters>3011.60009765625</DistanceMeters><HeartRateBpm><Value>131</Value></HeartRateBpm><Cadence>90</Cadence><SensorState>Present</SensorState></Trackpoint><Trackpoint><Time>2025-11-04T11:51:40.708Z</Time><Position><LatitudeDegrees>43.29967667</LatitudeDegrees><LongitudeDegrees>-2.878715</LongitudeDegrees></Position><AltitudeMeters>53.798</AltitudeMeters><DistanceMeters>3015.300048828125</DistanceMeters><HeartRateBpm><Value>130</Value></HeartRateBpm><Cadence>89</Cadence><SensorState>Present</SensorState></Trackpoint><Trackpoint><Time>2025-11-04T11:51:41.708Z</Time><Position><LatitudeDegrees>43.29965667</LatitudeDegrees><LongitudeDegrees>-2.87874833</LongitudeDegrees></Position><AltitudeMeters>53.645</AltitudeMeters><DistanceMeters>3019.0</DistanceMeters><HeartRateBpm><Value>130</Value></HeartRateBpm><Cadence>89</Cadence><SensorState>Present</SensorState></Trackpoint><Trackpoint><Time>2025-11-04T11:51:42.708Z</Time><Position><LatitudeDegrees>43.29963333</LatitudeDegrees><LongitudeDegrees>-2.87877833</LongitudeDegrees></Position><AltitudeMeters>53.645</AltitudeMeters><DistanceMeters>3022.699951171875</DistanceMeters><HeartRateBpm><Value>130</Value></HeartRateBpm><Cadence>89</Cadence><SensorState>Present</SensorState></Trackpoint><Trackpoint><Time>2025-11-04T11:51:43.708Z</Time><Position><LatitudeDegrees>43.29961167</LatitudeDegrees><LongitudeDegrees>-2.87881</LongitudeDegrees></Position><AltitudeMeters>53.493</AltitudeMeters><DistanceMeters>3026.39990234375</DistanceMeters><HeartRateBpm><Value>129</Value></HeartRateBpm><Cadence>89</Cadence><SensorState>Present</SensorState></Trackpoint><Trackpoint><Time>2025-11-04T11:51:44.708Z</Time><Position><LatitudeDegrees>43.29959</LatitudeDegrees><LongitudeDegrees>-2.878845</LongitudeDegrees></Position><AltitudeMeters>53.493</AltitudeMeters><DistanceMeters>3029.800048828125</DistanceMeters><HeartRateBpm><Value>129</Value></HeartRateBpm><Cadence>89</Cadence><SensorState>Present</SensorState></Trackpoint><Trackpoint><Time>2025-11-04T11:51:45.708Z</Time><Position><LatitudeDegrees>43.29956833</LatitudeDegrees><LongitudeDegrees>-2.878875</LongitudeDegrees></Position><AltitudeMeters>53.341</AltitudeMeters><DistanceMeters>3033.39990234375</DistanceMeters><HeartRateBpm><Value>129</Value></HeartRateBpm><Cadence>90</Cadence><SensorState>Present</SensorState></Trackpoint><Trackpoint><Time>2025-11-04T11:51:46.708Z</Time><Position><LatitudeDegrees>43.29954667</LatitudeDegrees><LongitudeDegrees>-2.87890833</LongitudeDegrees></Position><AltitudeMeters>53.341</AltitudeMeters><DistanceMeters>3036.800048828125</DistanceMeters><HeartRateBpm><Value>129</Value></HeartRateBpm><Cadence>89</Cadence><SensorState>Present</SensorState></Trackpoint><Trackpoint><Time>2025-11-04T11:51:47.708Z</Time><Position><LatitudeDegrees>43.299525</LatitudeDegrees><LongitudeDegrees>-2.87894167</LongitudeDegrees></Position><AltitudeMeters>53.188</AltitudeMeters><DistanceMeters>3040.39990234375</DistanceMeters><HeartRateBpm><Value>129</Value></HeartRateBpm><Cadence>89</Cadence><SensorState>Present</SensorState></Trackpoint><Trackpoint><Time>2025-11-04T11:51:48.708Z</Time><Position><LatitudeDegrees>43.299505</LatitudeDegrees><LongitudeDegrees>-2.878975</LongitudeDegrees></Position><AltitudeMeters>53.188</AltitudeMeters><DistanceMeters>3043.89990234375</DistanceMeters><HeartRateBpm><Value>129</Value></HeartRateBpm><Cadence>89</Cadence><SensorState>Present</SensorState></Trackpoint><Trackpoint><Time>2025-11-04T11:51:49.708Z</Time><Position><LatitudeDegrees>43.29948333</LatitudeDegrees><LongitudeDegrees>-2.87900667</LongitudeDegrees></Position><AltitudeMeters>53.036</AltitudeMeters><DistanceMeters>3047.5</DistanceMeters><HeartRateBpm><Value>129</Value></HeartRateBpm><Cadence>89</Cadence><SensorState>Present</SensorState></Trackpoint><Trackpoint><Time>2025-11-04T11:51:50.708Z</Time><Position><LatitudeDegrees>43.29946</LatitudeDegrees><LongitudeDegrees>-2.87903833</LongitudeDegrees></Position><AltitudeMeters>53.036</AltitudeMeters><DistanceMeters>3051.300048828125</DistanceMeters><HeartRateBpm><Value>129</Value></HeartRateBpm><Cadence>89</Cadence><SensorState>Present</SensorState></Trackpoint><Trackpoint><Time>2025-11-04T11:51:51.708Z</Time><Position><LatitudeDegrees>43.29943667</LatitudeDegrees><LongitudeDegrees>-2.87907167</LongitudeDegrees></Position><AltitudeMeters>53.036</AltitudeMeters><DistanceMeters>3054.89990234375</DistanceMeters><HeartRateBpm><Value>129</Value></HeartRateBpm><Cadence>89</Cadence><SensorState>Present</SensorState></Trackpoint><Trackpoint><Time>2025-11-04T11:51:52.708Z</Time><Position><LatitudeDegrees>43.299415</LatitudeDegrees><LongitudeDegrees>-2.87910167</LongitudeDegrees></Position><AltitudeMeters>52.883</AltitudeMeters><DistanceMeters>3058.5</DistanceMeters><HeartRateBpm><Value>129</Value></HeartRateBpm><Cadence>89</Cadence><SensorState>Present</SensorState></Trackpoint><Trackpoint><Time>2025-11-04T11:51:53.708Z</Time><Position><LatitudeDegrees>43.29939333</LatitudeDegrees><LongitudeDegrees>-2.87913667</LongitudeDegrees></Position><AltitudeMeters>52.883</AltitudeMeters><DistanceMeters>3062.199951171875</DistanceMeters><HeartRateBpm><Value>129</Value></HeartRateBpm><Cadence>90</Cadence><SensorState>Present</SensorState></Trackpoint><Trackpoint><Time>2025-11-04T11:51:54.708Z</Time><Position><LatitudeDegrees>43.29937</LatitudeDegrees><LongitudeDegrees>-2.87916667</LongitudeDegrees></Position><AltitudeMeters>52.731</AltitudeMeters><DistanceMeters>3065.699951171875</DistanceMeters><HeartRateBpm><Value>129</Value></HeartRateBpm><Cadence>89</Cadence><SensorState>Present</SensorState></Trackpoint><Trackpoint><Time>2025-11-04T11:51:55.708Z</Time><Position><LatitudeDegrees>43.29935</LatitudeDegrees><LongitudeDegrees>-2.8792</LongitudeDegrees></Position><AltitudeMeters>52.731</AltitudeMeters><DistanceMeters>3069.300048828125</DistanceMeters><HeartRateBpm><Value>129</Value></HeartRateBpm><Cadence>89</Cadence><SensorState>Present</SensorState></Trackpoint><Trackpoint><Time>2025-11-04T11:51:56.708Z</Time><Position><LatitudeDegrees>43.29932833</LatitudeDegrees><LongitudeDegrees>-2.87923167</LongitudeDegrees></Position><AltitudeMeters>52.579</AltitudeMeters><DistanceMeters>3073.0</DistanceMeters><HeartRateBpm><Value>129</Value></HeartRateBpm><Cadence>89</Cadence><SensorState>Present</SensorState></Trackpoint><Trackpoint><Time>2025-11-04T11:51:57.708Z</Time><Position><LatitudeDegrees>43.29930667</LatitudeDegrees><LongitudeDegrees>-2.87926667</LongitudeDegrees></Position><AltitudeMeters>52.579</AltitudeMeters><DistanceMeters>3076.89990234375</DistanceMeters><HeartRateBpm><Value>129</Value></HeartRateBpm><Cadence>89</Cadence><SensorState>Present</SensorState></Trackpoint><Trackpoint><Time>2025-11-04T11:51:58.708Z</Time><Position><LatitudeDegrees>43.29928333</LatitudeDegrees><LongitudeDegrees>-2.87930167</LongitudeDegrees></Position><AltitudeMeters>52.426</AltitudeMeters><DistanceMeters>3080.5</DistanceMeters><HeartRateBpm><Value>129</Value></HeartRateBpm><Cadence>89</Cadence><SensorState>Present</SensorState></Trackpoint><Trackpoint><Time>2025-11-04T11:51:59.708Z</Time><Position><LatitudeDegrees>43.29926</LatitudeDegrees><LongitudeDegrees>-2.879335</LongitudeDegrees></Position><AltitudeMeters>52.274</AltitudeMeters><DistanceMeters>3084.199951171875</DistanceMeters><HeartRateBpm><Value>129</Value></HeartRateBpm><Cadence>90</Cadence><SensorState>Present</SensorState></Trackpoint><Trackpoint><Time>2025-11-04T11:52:00.708Z</Time><Position><LatitudeDegrees>43.29923667</LatitudeDegrees><LongitudeDegrees>-2.87936667</LongitudeDegrees></Position><AltitudeMeters>52.121</AltitudeMeters><DistanceMeters>3088.0</DistanceMeters><HeartRateBpm><Value>128</Value></HeartRateBpm><Cadence>90</Cadence><SensorState>Present</SensorState></Trackpoint><Trackpoint><Time>2025-11-04T11:52:01.708Z</Time><Position><LatitudeDegrees>43.29921333</LatitudeDegrees><LongitudeDegrees>-2.8794</LongitudeDegrees></Position><AltitudeMeters>51.969</AltitudeMeters><DistanceMeters>3091.89990234375</DistanceMeters><HeartRateBpm><Value>128</Value></HeartRateBpm><Cadence>90</Cadence><SensorState>Present</SensorState></Trackpoint><Trackpoint><Time>2025-11-04T11:52:02.708Z</Time><Position><LatitudeDegrees>43.29919</LatitudeDegrees><LongitudeDegrees>-2.879435</LongitudeDegrees></Position><AltitudeMeters>51.817</AltitudeMeters><DistanceMeters>3095.800048828125</DistanceMeters><HeartRateBpm><Value>128</Value></HeartRateBpm><Cadence>89</Cadence><SensorState>Present</SensorState></Trackpoint><Trackpoint><Time>2025-11-04T11:52:03.708Z</Time><Position><LatitudeDegrees>43.29916667</LatitudeDegrees><LongitudeDegrees>-2.87946833</LongitudeDegrees></Position><AltitudeMeters>51.817</AltitudeMeters><DistanceMeters>3099.89990234375</DistanceMeters><HeartRateBpm><Value>128</Value></HeartRateBpm><Cadence>89</Cadence><SensorState>Present</SensorState></Trackpoint><Trackpoint><Time>2025-11-04T11:52:04.708Z</Time><Position><LatitudeDegrees>43.29914167</LatitudeDegrees><LongitudeDegrees>-2.879505</LongitudeDegrees></Position><AltitudeMeters>51.664</AltitudeMeters><DistanceMeters>3103.89990234375</DistanceMeters><HeartRateBpm><Value>127</Value></HeartRateBpm><Cadence>89</Cadence><SensorState>Present</SensorState></Trackpoint><Trackpoint><Time>2025-11-04T11:52:05.708Z</Time><Position><LatitudeDegrees>43.29911667</LatitudeDegrees><LongitudeDegrees>-2.87953667</LongitudeDegrees></Position><AltitudeMeters>51.512</AltitudeMeters><DistanceMeters>3107.800048828125</DistanceMeters><HeartRateBpm><Value>127</Value></HeartRateBpm><Cadence>89</Cadence><SensorState>Present</SensorState></Trackpoint><Trackpoint><Time>2025-11-04T11:52:06.708Z</Time><Position><LatitudeDegrees>43.29909333</LatitudeDegrees><LongitudeDegrees>-2.87957167</LongitudeDegrees></Position><AltitudeMeters>51.359</AltitudeMeters><DistanceMeters>3111.5</DistanceMeters><HeartRateBpm><Value>127</Value></HeartRateBpm><Cadence>89</Cadence><SensorState>Present</SensorState></Trackpoint><Trackpoint><Time>2025-11-04T11:52:07.708Z</Time><Position><LatitudeDegrees>43.29907167</LatitudeDegrees><LongitudeDegrees>-2.87960667</LongitudeDegrees></Position><AltitudeMeters>51.207</AltitudeMeters><DistanceMeters>3115.39990234375</DistanceMeters><HeartRateBpm><Value>126</Value></HeartRateBpm><Cadence>89</Cadence><SensorState>Present</SensorState></Trackpoint><Trackpoint><Time>2025-11-04T11:52:08.708Z</Time><Position><LatitudeDegrees>43.29905</LatitudeDegrees><LongitudeDegrees>-2.87964167</LongitudeDegrees></Position><AltitudeMeters>51.055</AltitudeMeters><DistanceMeters>3119.199951171875</DistanceMeters><HeartRateBpm><Value>126</Value></HeartRateBpm><Cadence>89</Cadence><SensorState>Present</SensorState></Trackpoint><Trackpoint><Time>2025-11-04T11:52:09.708Z</Time><Position><LatitudeDegrees>43.29902833</LatitudeDegrees><LongitudeDegrees>-2.87967667</LongitudeDegrees></Position><AltitudeMeters>50.902</AltitudeMeters><DistanceMeters>3123.0</DistanceMeters><HeartRateBpm><Value>126</Value></HeartRateBpm><Cadence>89</Cadence><SensorState>Present</SensorState></Trackpoint><Trackpoint><Time>2025-11-04T11:52:10.708Z</Time><Position><LatitudeDegrees>43.29900833</LatitudeDegrees><LongitudeDegrees>-2.87971333</LongitudeDegrees></Position><AltitudeMeters>50.75</AltitudeMeters><DistanceMeters>3126.699951171875</DistanceMeters><HeartRateBpm><Value>125</Value></HeartRateBpm><Cadence>89</Cadence><SensorState>Present</SensorState></Trackpoint><Trackpoint><Time>2025-11-04T11:52:11.708Z</Time><Position><LatitudeDegrees>43.29898833</LatitudeDegrees><LongitudeDegrees>-2.87975167</LongitudeDegrees></Position><AltitudeMeters>50.597</AltitudeMeters><DistanceMeters>3130.60009765625</DistanceMeters><HeartRateBpm><Value>125</Value></HeartRateBpm><Cadence>89</Cadence><SensorState>Present</SensorState></Trackpoint><Trackpoint><Time>2025-11-04T11:52:12.708Z</Time><Position><LatitudeDegrees>43.29897</LatitudeDegrees><LongitudeDegrees>-2.87979167</LongitudeDegrees></Position><AltitudeMeters>50.445</AltitudeMeters><DistanceMeters>3134.199951171875</DistanceMeters><HeartRateBpm><Value>125</Value></HeartRateBpm><Cadence>89</Cadence><SensorState>Present</SensorState></Trackpoint><Trackpoint><Time>2025-11-04T11:52:13.708Z</Time><Position><LatitudeDegrees>43.29895333</LatitudeDegrees><LongitudeDegrees>-2.87983167</LongitudeDegrees></Position><AltitudeMeters>50.293</AltitudeMeters><DistanceMeters>3138.10009765625</DistanceMeters><HeartRateBpm><Value>125</Value></HeartRateBpm><Cadence>89</Cadence><SensorState>Present</SensorState></Trackpoint><Trackpoint><Time>2025-11-04T11:52:14.708Z</Time><Position><LatitudeDegrees>43.29893833</LatitudeDegrees><LongitudeDegrees>-2.87987667</LongitudeDegrees></Position><AltitudeMeters>49.988</AltitudeMeters><DistanceMeters>3141.89990234375</DistanceMeters><HeartRateBpm><Value>125</Value></HeartRateBpm><Cadence>90</Cadence><SensorState>Present</SensorState></Trackpoint><Trackpoint><Time>2025-11-04T11:52:15.708Z</Time><Position><LatitudeDegrees>43.29892667</LatitudeDegrees><LongitudeDegrees>-2.87992167</LongitudeDegrees></Position><AltitudeMeters>49.835</AltitudeMeters><DistanceMeters>3145.89990234375</DistanceMeters><HeartRateBpm><Value>125</Value></HeartRateBpm><Cadence>90</Cadence><SensorState>Present</SensorState></Trackpoint><Trackpoint><Time>2025-11-04T11:52:16.708Z</Time><Position><LatitudeDegrees>43.298915</LatitudeDegrees><LongitudeDegrees>-2.87996833</LongitudeDegrees></Position><AltitudeMeters>49.835</AltitudeMeters><DistanceMeters>3149.800048828125</DistanceMeters><HeartRateBpm><Value>125</Value></HeartRateBpm><Cadence>90</Cadence><SensorState>Present</SensorState></Trackpoint><Trackpoint><Time>2025-11-04T11:52:17.708Z</Time><Position><LatitudeDegrees>43.29890667</LatitudeDegrees><LongitudeDegrees>-2.88001667</LongitudeDegrees></Position><AltitudeMeters>49.683</AltitudeMeters><DistanceMeters>3153.800048828125</DistanceMeters><HeartRateBpm><Value>126</Value></HeartRateBpm><Cadence>90</Cadence><SensorState>Present</SensorState></Trackpoint><Trackpoint><Time>2025-11-04T11:52:18.708Z</Time><Position><LatitudeDegrees>43.29889667</LatitudeDegrees><LongitudeDegrees>-2.88006</LongitudeDegrees></Position><AltitudeMeters>49.531</AltitudeMeters><DistanceMeters>3157.60009765625</DistanceMeters><HeartRateBpm><Value>126</Value></HeartRateBpm><Cadence>89</Cadence><SensorState>Present</SensorState></Trackpoint><Trackpoint><Time>2025-11-04T11:52:19.708Z</Time><Position><LatitudeDegrees>43.29889167</LatitudeDegrees><LongitudeDegrees>-2.880105</LongitudeDegrees></Position><AltitudeMeters>49.378</AltitudeMeters><DistanceMeters>3161.300048828125</DistanceMeters><HeartRateBpm><Value>126</Value></HeartRateBpm><Cadence>90</Cadence><SensorState>Present</SensorState></Trackpoint><Trackpoint><Time>2025-11-04T11:52:20.708Z</Time><Position><LatitudeDegrees>43.298885</LatitudeDegrees><LongitudeDegrees>-2.88014833</LongitudeDegrees></Position><AltitudeMeters>49.226</AltitudeMeters><DistanceMeters>3164.89990234375</DistanceMeters><HeartRateBpm><Value>126</Value></HeartRateBpm><Cadence>89</Cadence><SensorState>Present</SensorState></Trackpoint><Trackpoint><Time>2025-11-04T11:52:21.708Z</Time><Position><LatitudeDegrees>43.29888</LatitudeDegrees><LongitudeDegrees>-2.88019</LongitudeDegrees></Position><AltitudeMeters>49.073</AltitudeMeters><DistanceMeters>3168.39990234375</DistanceMeters><HeartRateBpm><Value>127</Value></HeartRateBpm><Cadence>89</Cadence><SensorState>Present</SensorState></Trackpoint><Trackpoint><Time>2025-11-04T11:52:22.708Z</Time><Position><LatitudeDegrees>43.29887333</LatitudeDegrees><LongitudeDegrees>-2.88023</LongitudeDegrees></Position><AltitudeMeters>48.921</AltitudeMeters><DistanceMeters>3171.60009765625</DistanceMeters><HeartRateBpm><Value>127</Value></HeartRateBpm><Cadence>89</Cadence><SensorState>Present</SensorState></Trackpoint><Trackpoint><Time>2025-11-04T11:52:23.708Z</Time><Position><LatitudeDegrees>43.298865</LatitudeDegrees><LongitudeDegrees>-2.88027</LongitudeDegrees></Position><AltitudeMeters>48.921</AltitudeMeters><DistanceMeters>3174.89990234375</DistanceMeters><HeartRateBpm><Value>127</Value></HeartRateBpm><Cadence>90</Cadence><SensorState>Present</SensorState></Trackpoint><Trackpoint><Time>2025-11-04T11:52:24.708Z</Time><Position><LatitudeDegrees>43.29886167</LatitudeDegrees><LongitudeDegrees>-2.88031</LongitudeDegrees></Position><AltitudeMeters>48.769</AltitudeMeters><DistanceMeters>3178.0</DistanceMeters><HeartRateBpm><Value>127</Value></HeartRateBpm><Cadence>90</Cadence><SensorState>Present</SensorState></Trackpoint><Trackpoint><Time>2025-11-04T11:52:25.708Z</Time><Position><LatitudeDegrees>43.29885833</LatitudeDegrees><LongitudeDegrees>-2.88035167</LongitudeDegrees></Position><AltitudeMeters>48.616</AltitudeMeters><DistanceMeters>3181.0</DistanceMeters><HeartRateBpm><Value>128</Value></HeartRateBpm><Cadence>90</Cadence><SensorState>Present</SensorState></Trackpoint><Trackpoint><Time>2025-11-04T11:52:26.708Z</Time><Position><LatitudeDegrees>43.29885667</LatitudeDegrees><LongitudeDegrees>-2.88039167</LongitudeDegrees></Position><AltitudeMeters>48.464</AltitudeMeters><DistanceMeters>3184.10009765625</DistanceMeters><HeartRateBpm><Value>128</Value></HeartRateBpm><Cadence>90</Cadence><SensorState>Present</SensorState></Trackpoint><Trackpoint><Time>2025-11-04T11:52:27.708Z</Time><Position><LatitudeDegrees>43.298855</LatitudeDegrees><LongitudeDegrees>-2.88043</LongitudeDegrees></Position><AltitudeMeters>48.464</AltitudeMeters><DistanceMeters>3187.10009765625</DistanceMeters><HeartRateBpm><Value>128</Value></HeartRateBpm><Cadence>89</Cadence><SensorState>Present</SensorState></Trackpoint><Trackpoint><Time>2025-11-04T11:52:28.708Z</Time><Position><LatitudeDegrees>43.29885</LatitudeDegrees><LongitudeDegrees>-2.88046833</LongitudeDegrees></Position><AltitudeMeters>48.311</AltitudeMeters><DistanceMeters>3190.10009765625</DistanceMeters><HeartRateBpm><Value>128</Value></HeartRateBpm><Cadence>89</Cadence><SensorState>Present</SensorState></Trackpoint><Trackpoint><Time>2025-11-04T11:52:29.708Z</Time><Position><LatitudeDegrees>43.29884833</LatitudeDegrees><LongitudeDegrees>-2.88050667</LongitudeDegrees></Position><AltitudeMeters>48.159</AltitudeMeters><DistanceMeters>3193.199951171875</DistanceMeters><HeartRateBpm><Value>128</Value></HeartRateBpm><Cadence>89</Cadence><SensorState>Present</SensorState></Trackpoint><Trackpoint><Time>2025-11-04T11:52:30.708Z</Time><Position><LatitudeDegrees>43.29884667</LatitudeDegrees><LongitudeDegrees>-2.880545</LongitudeDegrees></Position><AltitudeMeters>48.007</AltitudeMeters><DistanceMeters>3196.199951171875</DistanceMeters><HeartRateBpm><Value>128</Value></HeartRateBpm><Cadence>89</Cadence><SensorState>Present</SensorState></Trackpoint><Trackpoint><Time>2025-11-04T11:52:31.708Z</Time><Position><LatitudeDegrees>43.29884333</LatitudeDegrees><LongitudeDegrees>-2.88058167</LongitudeDegrees></Position><AltitudeMeters>48.007</AltitudeMeters><DistanceMeters>3199.10009765625</DistanceMeters><HeartRateBpm><Value>128</Value></HeartRateBpm><Cadence>87</Cadence><SensorState>Present</SensorState></Trackpoint><Trackpoint><Time>2025-11-04T11:52:32.708Z</Time><Position><LatitudeDegrees>43.29884167</LatitudeDegrees><LongitudeDegrees>-2.88062</LongitudeDegrees></Position><AltitudeMeters>47.854</AltitudeMeters><DistanceMeters>3202.199951171875</DistanceMeters><HeartRateBpm><Value>128</Value></HeartRateBpm><Cadence>88</Cadence><SensorState>Present</SensorState></Trackpoint><Trackpoint><Time>2025-11-04T11:52:33.708Z</Time><Position><LatitudeDegrees>43.29884167</LatitudeDegrees><LongitudeDegrees>-2.88065833</LongitudeDegrees></Position><AltitudeMeters>47.702</AltitudeMeters><DistanceMeters>3205.10009765625</DistanceMeters><HeartRateBpm><Value>128</Value></HeartRateBpm><Cadence>88</Cadence><SensorState>Present</SensorState></Trackpoint><Trackpoint><Time>2025-11-04T11:52:34.708Z</Time><Position><LatitudeDegrees>43.298845</LatitudeDegrees><LongitudeDegrees>-2.88069667</LongitudeDegrees></Position><AltitudeMeters>47.702</AltitudeMeters><DistanceMeters>3207.800048828125</DistanceMeters><HeartRateBpm><Value>128</Value></HeartRateBpm><Cadence>88</Cadence><SensorState>Present</SensorState></Trackpoint><Trackpoint><Time>2025-11-04T11:52:35.708Z</Time><Position><LatitudeDegrees>43.298845</LatitudeDegrees><LongitudeDegrees>-2.88072833</LongitudeDegrees></Position><AltitudeMeters>47.549</AltitudeMeters><DistanceMeters>3211.199951171875</DistanceMeters><HeartRateBpm><Value>128</Value></HeartRateBpm><Cadence>88</Cadence><SensorState>Present</SensorState></Trackpoint><Trackpoint><Time>2025-11-04T11:52:36.708Z</Time><Position><LatitudeDegrees>43.29884167</LatitudeDegrees><LongitudeDegrees>-2.88077333</LongitudeDegrees></Position><AltitudeMeters>47.397</AltitudeMeters><DistanceMeters>3214.39990234375</DistanceMeters><HeartRateBpm><Value>128</Value></HeartRateBpm><Cadence>88</Cadence><SensorState>Present</SensorState></Trackpoint><Trackpoint><Time>2025-11-04T11:52:37.708Z</Time><Position><LatitudeDegrees>43.29883833</LatitudeDegrees><LongitudeDegrees>-2.88081333</LongitudeDegrees></Position><AltitudeMeters>47.245</AltitudeMeters><DistanceMeters>3217.5</DistanceMeters><HeartRateBpm><Value>128</Value></HeartRateBpm><Cadence>88</Cadence><SensorState>Present</SensorState></Trackpoint><Trackpoint><Time>2025-11-04T11:52:38.708Z</Time><Position><LatitudeDegrees>43.298835</LatitudeDegrees><LongitudeDegrees>-2.88085167</LongitudeDegrees></Position><AltitudeMeters>47.092</AltitudeMeters><DistanceMeters>3220.699951171875</DistanceMeters><HeartRateBpm><Value>128</Value></HeartRateBpm><Cadence>88</Cadence><SensorState>Present</SensorState></Trackpoint><Trackpoint><Time>2025-11-04T11:52:39.708Z</Time><Position><LatitudeDegrees>43.29883333</LatitudeDegrees><LongitudeDegrees>-2.88089</LongitudeDegrees></Position><AltitudeMeters>46.94</AltitudeMeters><DistanceMeters>3223.800048828125</DistanceMeters><HeartRateBpm><Value>128</Value></HeartRateBpm><Cadence>88</Cadence><SensorState>Present</SensorState></Trackpoint><Trackpoint><Time>2025-11-04T11:52:40.708Z</Time><Position><LatitudeDegrees>43.29883</LatitudeDegrees><LongitudeDegrees>-2.88092667</LongitudeDegrees></Position><AltitudeMeters>46.787</AltitudeMeters><DistanceMeters>3226.89990234375</DistanceMeters><HeartRateBpm><Value>128</Value></HeartRateBpm><Cadence>88</Cadence><SensorState>Present</SensorState></Trackpoint><Trackpoint><Time>2025-11-04T11:52:41.708Z</Time><Position><LatitudeDegrees>43.29882833</LatitudeDegrees><LongitudeDegrees>-2.88096333</LongitudeDegrees></Position><AltitudeMeters>46.787</AltitudeMeters><DistanceMeters>3229.89990234375</DistanceMeters><HeartRateBpm><Value>128</Value></HeartRateBpm><Cadence>88</Cadence><SensorState>Present</SensorState></Trackpoint><Trackpoint><Time>2025-11-04T11:52:42.708Z</Time><Position><LatitudeDegrees>43.29882833</LatitudeDegrees><LongitudeDegrees>-2.881</LongitudeDegrees></Position><AltitudeMeters>46.483</AltitudeMeters><DistanceMeters>3232.89990234375</DistanceMeters><HeartRateBpm><Value>129</Value></HeartRateBpm><Cadence>88</Cadence><SensorState>Present</SensorState></Trackpoint><Trackpoint><Time>2025-11-04T11:52:43.708Z</Time><Position><LatitudeDegrees>43.29882667</LatitudeDegrees><LongitudeDegrees>-2.881035</LongitudeDegrees></Position><AltitudeMeters>46.33</AltitudeMeters><DistanceMeters>3235.89990234375</DistanceMeters><HeartRateBpm><Value>129</Value></HeartRateBpm><Cadence>88</Cadence><SensorState>Present</SensorState></Trackpoint><Trackpoint><Time>2025-11-04T11:52:44.708Z</Time><Position><LatitudeDegrees>43.29882667</LatitudeDegrees><LongitudeDegrees>-2.88107</LongitudeDegrees></Position><AltitudeMeters>46.178</AltitudeMeters><DistanceMeters>3238.39990234375</DistanceMeters><HeartRateBpm><Value>129</Value></HeartRateBpm><Cadence>88</Cadence><SensorState>Present</SensorState></Trackpoint><Trackpoint><Time>2025-11-04T11:52:45.708Z</Time><Position><LatitudeDegrees>43.298825</LatitudeDegrees><LongitudeDegrees>-2.88110333</LongitudeDegrees></Position><AltitudeMeters>46.025</AltitudeMeters><DistanceMeters>3241.10009765625</DistanceMeters><HeartRateBpm><Value>129</Value></HeartRateBpm><Cadence>88</Cadence><SensorState>Present</SensorState></Trackpoint><Trackpoint><Time>2025-11-04T11:52:46.708Z</Time><Position><LatitudeDegrees>43.298825</LatitudeDegrees><LongitudeDegrees>-2.88113833</LongitudeDegrees></Position><AltitudeMeters>45.873</AltitudeMeters><DistanceMeters>3243.60009765625</DistanceMeters><HeartRateBpm><Value>129</Value></HeartRateBpm><Cadence>88</Cadence><SensorState>Present</SensorState></Trackpoint><Trackpoint><Time>2025-11-04T11:52:47.708Z</Time><Position><LatitudeDegrees>43.298825</LatitudeDegrees><LongitudeDegrees>-2.88117167</LongitudeDegrees></Position><AltitudeMeters>45.721</AltitudeMeters><DistanceMeters>3246.199951171875</DistanceMeters><HeartRateBpm><Value>129</Value></HeartRateBpm><Cadence>88</Cadence><SensorState>Present</SensorState></Trackpoint><Trackpoint><Time>2025-11-04T11:52:48.708Z</Time><Position><LatitudeDegrees>43.29882167</LatitudeDegrees><LongitudeDegrees>-2.88120167</LongitudeDegrees></Position><AltitudeMeters>45.568</AltitudeMeters><DistanceMeters>3248.699951171875</DistanceMeters><HeartRateBpm><Value>129</Value></HeartRateBpm><Cadence>88</Cadence><SensorState>Present</SensorState></Trackpoint><Trackpoint><Time>2025-11-04T11:52:49.708Z</Time><Position><LatitudeDegrees>43.29881833</LatitudeDegrees><LongitudeDegrees>-2.881235</LongitudeDegrees></Position><AltitudeMeters>45.416</AltitudeMeters><DistanceMeters>3251.300048828125</DistanceMeters><HeartRateBpm><Value>129</Value></HeartRateBpm><Cadence>88</Cadence><SensorState>Present</SensorState></Trackpoint><Trackpoint><Time>2025-11-04T11:52:50.708Z</Time><Position><LatitudeDegrees>43.29881667</LatitudeDegrees><LongitudeDegrees>-2.88126833</LongitudeDegrees></Position><AltitudeMeters>45.111</AltitudeMeters><DistanceMeters>3253.89990234375</DistanceMeters><HeartRateBpm><Value>129</Value></HeartRateBpm><Cadence>88</Cadence><SensorState>Present</SensorState></Trackpoint><Trackpoint><Time>2025-11-04T11:52:51.708Z</Time><Position><LatitudeDegrees>43.298815</LatitudeDegrees><LongitudeDegrees>-2.88130167</LongitudeDegrees></Position><AltitudeMeters>44.959</AltitudeMeters><DistanceMeters>3256.5</DistanceMeters><HeartRateBpm><Value>129</Value></HeartRateBpm><Cadence>88</Cadence><SensorState>Present</SensorState></Trackpoint><Trackpoint><Time>2025-11-04T11:52:52.708Z</Time><Position><LatitudeDegrees>43.29881167</LatitudeDegrees><LongitudeDegrees>-2.881335</LongitudeDegrees></Position><AltitudeMeters>44.806</AltitudeMeters><DistanceMeters>3259.10009765625</DistanceMeters><HeartRateBpm><Value>129</Value></HeartRateBpm><Cadence>88</Cadence><SensorState>Present</SensorState></Trackpoint><Trackpoint><Time>2025-11-04T11:52:53.708Z</Time><Position><LatitudeDegrees>43.29880833</LatitudeDegrees><LongitudeDegrees>-2.88136667</LongitudeDegrees></Position><AltitudeMeters>44.654</AltitudeMeters><DistanceMeters>3261.699951171875</DistanceMeters><HeartRateBpm><Value>130</Value></HeartRateBpm><Cadence>88</Cadence><SensorState>Present</SensorState></Trackpoint><Trackpoint><Time>2025-11-04T11:52:54.708Z</Time><Position><LatitudeDegrees>43.29880333</LatitudeDegrees><LongitudeDegrees>-2.88139833</LongitudeDegrees></Position><AltitudeMeters>44.501</AltitudeMeters><DistanceMeters>3264.300048828125</DistanceMeters><HeartRateBpm><Value>130</Value></HeartRateBpm><Cadence>88</Cadence><SensorState>Present</SensorState></Trackpoint><Trackpoint><Time>2025-11-04T11:52:55.708Z</Time><Position><LatitudeDegrees>43.2988</LatitudeDegrees><LongitudeDegrees>-2.88143167</LongitudeDegrees></Position><AltitudeMeters>44.349</AltitudeMeters><DistanceMeters>3267.10009765625</DistanceMeters><HeartRateBpm><Value>130</Value></HeartRateBpm><Cadence>88</Cadence><SensorState>Present</SensorState></Trackpoint><Trackpoint><Time>2025-11-04T11:52:56.708Z</Time><Position><LatitudeDegrees>43.29879667</LatitudeDegrees><LongitudeDegrees>-2.881465</LongitudeDegrees></Position><AltitudeMeters>44.197</AltitudeMeters><DistanceMeters>3269.800048828125</DistanceMeters><HeartRateBpm><Value>130</Value></HeartRateBpm><Cadence>88</Cadence><SensorState>Present</SensorState></Trackpoint><Trackpoint><Time>2025-11-04T11:52:57.708Z</Time><Position><LatitudeDegrees>43.29879333</LatitudeDegrees><LongitudeDegrees>-2.88149667</LongitudeDegrees></Position><AltitudeMeters>44.044</AltitudeMeters><DistanceMeters>3272.5</DistanceMeters><HeartRateBpm><Value>130</Value></HeartRateBpm><Cadence>88</Cadence><SensorState>Present</SensorState></Trackpoint><Trackpoint><Time>2025-11-04T11:52:58.708Z</Time><Position><LatitudeDegrees>43.29879</LatitudeDegrees><LongitudeDegrees>-2.88153</LongitudeDegrees></Position><AltitudeMeters>43.892</AltitudeMeters><DistanceMeters>3275.300048828125</DistanceMeters><HeartRateBpm><Value>131</Value></HeartRateBpm><Cadence>88</Cadence><SensorState>Present</SensorState></Trackpoint><Trackpoint><Time>2025-11-04T11:52:59.708Z</Time><Position><LatitudeDegrees>43.29878667</LatitudeDegrees><LongitudeDegrees>-2.881565</LongitudeDegrees></Position><AltitudeMeters>43.739</AltitudeMeters><DistanceMeters>3278.0</DistanceMeters><HeartRateBpm><Value>131</Value></HeartRateBpm><Cadence>87</Cadence><SensorState>Present</SensorState></Trackpoint><Trackpoint><Time>2025-11-04T11:53:00.708Z</Time><Position><LatitudeDegrees>43.29878333</LatitudeDegrees><LongitudeDegrees>-2.88159833</LongitudeDegrees></Position><AltitudeMeters>43.587</AltitudeMeters><DistanceMeters>3280.60009765625</DistanceMeters><HeartRateBpm><Value>131</Value></HeartRateBpm><Cadence>88</Cadence><SensorState>Present</SensorState></Trackpoint><Trackpoint><Time>2025-11-04T11:53:01.708Z</Time><Position><LatitudeDegrees>43.29878333</LatitudeDegrees><LongitudeDegrees>-2.88162833</LongitudeDegrees></Position><AltitudeMeters>43.435</AltitudeMeters><DistanceMeters>3283.199951171875</DistanceMeters><HeartRateBpm><Value>131</Value></HeartRateBpm><Cadence>86</Cadence><SensorState>Present</SensorState></Trackpoint><Trackpoint><Time>2025-11-04T11:53:02.708Z</Time><Position><LatitudeDegrees>43.29878167</LatitudeDegrees><LongitudeDegrees>-2.88166</LongitudeDegrees></Position><AltitudeMeters>43.435</AltitudeMeters><DistanceMeters>3285.800048828125</DistanceMeters><HeartRateBpm><Value>132</Value></HeartRateBpm><Cadence>86</Cadence><SensorState>Present</SensorState></Trackpoint><Trackpoint><Time>2025-11-04T11:53:03.708Z</Time><Position><LatitudeDegrees>43.29877833</LatitudeDegrees><LongitudeDegrees>-2.88169</LongitudeDegrees></Position><AltitudeMeters>43.282</AltitudeMeters><DistanceMeters>3288.5</DistanceMeters><HeartRateBpm><Value>132</Value></HeartRateBpm><Cadence>86</Cadence><SensorState>Present</SensorState></Trackpoint><Trackpoint><Time>2025-11-04T11:53:04.708Z</Time><Position><LatitudeDegrees>43.298775</LatitudeDegrees><LongitudeDegrees>-2.88172333</LongitudeDegrees></Position><AltitudeMeters>43.13</AltitudeMeters><DistanceMeters>3291.0</DistanceMeters><HeartRateBpm><Value>132</Value></HeartRateBpm><Cadence>87</Cadence><SensorState>Present</SensorState></Trackpoint><Trackpoint><Time>2025-11-04T11:53:05.708Z</Time><Position><LatitudeDegrees>43.29877333</LatitudeDegrees><LongitudeDegrees>-2.881755</LongitudeDegrees></Position><AltitudeMeters>42.977</AltitudeMeters><DistanceMeters>3293.60009765625</DistanceMeters><HeartRateBpm><Value>132</Value></HeartRateBpm><Cadence>88</Cadence><SensorState>Present</SensorState></Trackpoint><Trackpoint><Time>2025-11-04T11:53:06.708Z</Time><Position><LatitudeDegrees>43.29876833</LatitudeDegrees><LongitudeDegrees>-2.88178667</LongitudeDegrees></Position><AltitudeMeters>42.977</AltitudeMeters><DistanceMeters>3296.300048828125</DistanceMeters><HeartRateBpm><Value>133</Value></HeartRateBpm><Cadence>88</Cadence><SensorState>Present</SensorState></Trackpoint><Trackpoint><Time>2025-11-04T11:53:07.708Z</Time><Position><LatitudeDegrees>43.298765</LatitudeDegrees><LongitudeDegrees>-2.88182167</LongitudeDegrees></Position><AltitudeMeters>42.825</AltitudeMeters><DistanceMeters>3298.89990234375</DistanceMeters><HeartRateBpm><Value>133</Value></HeartRateBpm><Cadence>88</Cadence><SensorState>Present</SensorState></Trackpoint><Trackpoint><Time>2025-11-04T11:53:08.708Z</Time><Position><LatitudeDegrees>43.29876167</LatitudeDegrees><LongitudeDegrees>-2.88185667</LongitudeDegrees></Position><AltitudeMeters>42.825</AltitudeMeters><DistanceMeters>3301.89990234375</DistanceMeters><HeartRateBpm><Value>133</Value></HeartRateBpm><Cadence>88</Cadence><SensorState>Present</SensorState></Trackpoint><Trackpoint><Time>2025-11-04T11:53:09.708Z</Time><Position><LatitudeDegrees>43.29876</LatitudeDegrees><LongitudeDegrees>-2.88189333</LongitudeDegrees></Position><AltitudeMeters>42.673</AltitudeMeters><DistanceMeters>3304.89990234375</DistanceMeters><HeartRateBpm><Value>133</Value></HeartRateBpm><Cadence>88</Cadence><SensorState>Present</SensorState></Trackpoint><Trackpoint><Time>2025-11-04T11:53:10.708Z</Time><Position><LatitudeDegrees>43.29876167</LatitudeDegrees><LongitudeDegrees>-2.88193</LongitudeDegrees></Position><AltitudeMeters>42.673</AltitudeMeters><DistanceMeters>3307.89990234375</DistanceMeters><HeartRateBpm><Value>133</Value></HeartRateBpm><Cadence>88</Cadence><SensorState>Present</SensorState></Trackpoint><Trackpoint><Time>2025-11-04T11:53:11.708Z</Time><Position><LatitudeDegrees>43.29876167</LatitudeDegrees><LongitudeDegrees>-2.881965</LongitudeDegrees></Position><AltitudeMeters>42.52</AltitudeMeters><DistanceMeters>3311.0</DistanceMeters><HeartRateBpm><Value>133</Value></HeartRateBpm><Cadence>87</Cadence><SensorState>Present</SensorState></Trackpoint><Trackpoint><Time>2025-11-04T11:53:12.708Z</Time><Position><LatitudeDegrees>43.29876167</LatitudeDegrees><LongitudeDegrees>-2.88199833</LongitudeDegrees></Position><AltitudeMeters>42.52</AltitudeMeters><DistanceMeters>3313.699951171875</DistanceMeters><HeartRateBpm><Value>133</Value></HeartRateBpm><Cadence>86</Cadence><SensorState>Present</SensorState></Trackpoint><Trackpoint><Time>2025-11-04T11:53:13.708Z</Time><Position><LatitudeDegrees>43.29876</LatitudeDegrees><LongitudeDegrees>-2.88203167</LongitudeDegrees></Position><AltitudeMeters>42.368</AltitudeMeters><DistanceMeters>3316.60009765625</DistanceMeters><HeartRateBpm><Value>133</Value></HeartRateBpm><Cadence>88</Cadence><SensorState>Present</SensorState></Trackpoint><Trackpoint><Time>2025-11-04T11:53:14.708Z</Time><Position><LatitudeDegrees>43.29875833</LatitudeDegrees><LongitudeDegrees>-2.882065</LongitudeDegrees></Position><AltitudeMeters>42.368</AltitudeMeters><DistanceMeters>3319.5</DistanceMeters><HeartRateBpm><Value>133</Value></HeartRateBpm><Cadence>88</Cadence><SensorState>Present</SensorState></Trackpoint><Trackpoint><Time>2025-11-04T11:53:15.708Z</Time><Position><LatitudeDegrees>43.298755</LatitudeDegrees><LongitudeDegrees>-2.8821</LongitudeDegrees></Position><AltitudeMeters>42.368</AltitudeMeters><DistanceMeters>3322.199951171875</DistanceMeters><HeartRateBpm><Value>133</Value></HeartRateBpm><Cadence>88</Cadence><SensorState>Present</SensorState></Trackpoint><Trackpoint><Time>2025-11-04T11:53:16.708Z</Time><Position><LatitudeDegrees>43.29875167</LatitudeDegrees><LongitudeDegrees>-2.88213167</LongitudeDegrees></Position><AltitudeMeters>42.368</AltitudeMeters><DistanceMeters>3324.800048828125</DistanceMeters><HeartRateBpm><Value>133</Value></HeartRateBpm><Cadence>88</Cadence><SensorState>Present</SensorState></Trackpoint><Trackpoint><Time>2025-11-04T11:53:17.708Z</Time><Position><LatitudeDegrees>43.29874833</LatitudeDegrees><LongitudeDegrees>-2.88216333</LongitudeDegrees></Position><AltitudeMeters>42.368</AltitudeMeters><DistanceMeters>3327.0</DistanceMeters><HeartRateBpm><Value>133</Value></HeartRateBpm><Cadence>88</Cadence><SensorState>Present</SensorState></Trackpoint><Trackpoint><Time>2025-11-04T11:53:18.708Z</Time><AltitudeMeters>42.368</AltitudeMeters><DistanceMeters>3329.199951171875</DistanceMeters><HeartRateBpm><Value>133</Value></HeartRateBpm><Cadence>88</Cadence><SensorState>Present</SensorState></Trackpoint><Trackpoint><Time>2025-11-04T11:53:19.708Z</Time><DistanceMeters>3331.800048828125</DistanceMeters><HeartRateBpm><Value>133</Value></HeartRateBpm><Cadence>88</Cadence><SensorState>Present</SensorState></Trackpoint><Trackpoint><Time>2025-11-04T11:53:20.708Z</Time><DistanceMeters>3331.800048828125</DistanceMeters><HeartRateBpm><Value>133</Value></HeartRateBpm><Cadence>88</Cadence><SensorState>Present</SensorState></Trackpoint><Trackpoint><Time>2025-11-04T11:53:21.708Z</Time><DistanceMeters>3331.800048828125</DistanceMeters><HeartRateBpm><Value>133</Value></HeartRateBpm><Cadence>88</Cadence><SensorState>Present</SensorState></Trackpoint><Trackpoint><Time>2025-11-04T11:53:22.708Z</Time><DistanceMeters>3331.800048828125</DistanceMeters><HeartRateBpm><Value>133</Value></HeartRateBpm><Cadence>88</Cadence><SensorState>Present</SensorState></Trackpoint><Trackpoint><Time>2025-11-04T11:53:23.708Z</Time><DistanceMeters>3334.5</DistanceMeters><HeartRateBpm><Value>133</Value></HeartRateBpm><Cadence>88</Cadence><SensorState>Present</SensorState></Trackpoint><Trackpoint><Time>2025-11-04T11:53:24.708Z</Time><DistanceMeters>3337.199951171875</DistanceMeters><HeartRateBpm><Value>133</Value></HeartRateBpm><Cadence>88</Cadence><SensorState>Present</SensorState></Trackpoint><Trackpoint><Time>2025-11-04T11:53:25.708Z</Time><DistanceMeters>3340.0</DistanceMeters><HeartRateBpm><Value>133</Value></HeartRateBpm><Cadence>88</Cadence><SensorState>Present</SensorState></Trackpoint><Trackpoint><Time>2025-11-04T11:53:26.708Z</Time><DistanceMeters>3342.800048828125</DistanceMeters><HeartRateBpm><Value>133</Value></HeartRateBpm><Cadence>88</Cadence><SensorState>Present</SensorState></Trackpoint><Trackpoint><Time>2025-11-04T11:53:27.708Z</Time><DistanceMeters>3345.60009765625</DistanceMeters><HeartRateBpm><Value>133</Value></HeartRateBpm><Cadence>88</Cadence><SensorState>Present</SensorState></Trackpoint><Trackpoint><Time>2025-11-04T11:53:28.708Z</Time><DistanceMeters>3348.5</DistanceMeters><HeartRateBpm><Value>134</Value></HeartRateBpm><Cadence>88</Cadence><SensorState>Present</SensorState></Trackpoint><Trackpoint><Time>2025-11-04T11:53:29.708Z</Time><DistanceMeters>3351.199951171875</DistanceMeters><HeartRateBpm><Value>134</Value></HeartRateBpm><Cadence>88</Cadence><SensorState>Present</SensorState></Trackpoint><Trackpoint><Time>2025-11-04T11:53:30.708Z</Time><DistanceMeters>3354.0</DistanceMeters><HeartRateBpm><Value>134</Value></HeartRateBpm><Cadence>88</Cadence><SensorState>Present</SensorState></Trackpoint><Trackpoint><Time>2025-11-04T11:53:31.708Z</Time><DistanceMeters>3356.800048828125</DistanceMeters><HeartRateBpm><Value>135</Value></HeartRateBpm><Cadence>88</Cadence><SensorState>Present</SensorState></Trackpoint><Trackpoint><Time>2025-11-04T11:53:32.708Z</Time><DistanceMeters>3357.300048828125</DistanceMeters><HeartRateBpm><Value>135</Value></HeartRateBpm><Cadence>88</Cadence><SensorState>Present</SensorState></Trackpoint><Trackpoint><Time>2025-11-04T11:53:33.708Z</Time><Position><LatitudeDegrees>43.298745</LatitudeDegrees><LongitudeDegrees>-2.88219</LongitudeDegrees></Position><DistanceMeters>3360.10009765625</DistanceMeters><HeartRateBpm><Value>135</Value></HeartRateBpm><Cadence>88</Cadence><SensorState>Present</SensorState></Trackpoint><Trackpoint><Time>2025-11-04T11:53:34.708Z</Time><Position><LatitudeDegrees>43.298745</LatitudeDegrees><LongitudeDegrees>-2.88221667</LongitudeDegrees></Position><AltitudeMeters>42.368</AltitudeMeters><DistanceMeters>3362.89990234375</DistanceMeters><HeartRateBpm><Value>136</Value></HeartRateBpm><Cadence>88</Cadence><SensorState>Present</SensorState></Trackpoint><Trackpoint><Time>2025-11-04T11:53:35.708Z</Time><Position><LatitudeDegrees>43.29874833</LatitudeDegrees><LongitudeDegrees>-2.88224167</LongitudeDegrees></Position><AltitudeMeters>42.368</AltitudeMeters><DistanceMeters>3363.0</DistanceMeters><HeartRateBpm><Value>136</Value></HeartRateBpm><Cadence>88</Cadence><SensorState>Present</SensorState></Trackpoint><Trackpoint><Time>2025-11-04T11:53:36.708Z</Time><Position><LatitudeDegrees>43.29873333</LatitudeDegrees><LongitudeDegrees>-2.8828</LongitudeDegrees></Position><AltitudeMeters>42.368</AltitudeMeters><DistanceMeters>3363.0</DistanceMeters><HeartRateBpm><Value>137</Value></HeartRateBpm><Cadence>88</Cadence><SensorState>Present</SensorState></Trackpoint><Trackpoint><Time>2025-11-04T11:53:37.708Z</Time><Position><LatitudeDegrees>43.29876</LatitudeDegrees><LongitudeDegrees>-2.88282167</LongitudeDegrees></Position><AltitudeMeters>42.368</AltitudeMeters><DistanceMeters>3363.0</DistanceMeters><HeartRateBpm><Value>137</Value></HeartRateBpm><Cadence>88</Cadence><SensorState>Present</SensorState></Trackpoint><Trackpoint><Time>2025-11-04T11:53:38.708Z</Time><Position><LatitudeDegrees>43.29876167</LatitudeDegrees><LongitudeDegrees>-2.88284167</LongitudeDegrees></Position><AltitudeMeters>42.368</AltitudeMeters><DistanceMeters>3371.5</DistanceMeters><HeartRateBpm><Value>137</Value></HeartRateBpm><Cadence>88</Cadence><SensorState>Present</SensorState></Trackpoint><Trackpoint><Time>2025-11-04T11:53:39.708Z</Time><Position><LatitudeDegrees>43.29875667</LatitudeDegrees><LongitudeDegrees>-2.88288167</LongitudeDegrees></Position><AltitudeMeters>42.368</AltitudeMeters><DistanceMeters>3380.800048828125</DistanceMeters><HeartRateBpm><Value>138</Value></HeartRateBpm><Cadence>88</Cadence><SensorState>Present</SensorState></Trackpoint><Trackpoint><Time>2025-11-04T11:53:40.708Z</Time><Position><LatitudeDegrees>43.298745</LatitudeDegrees><LongitudeDegrees>-2.88293</LongitudeDegrees></Position><AltitudeMeters>42.368</AltitudeMeters><DistanceMeters>3388.5</DistanceMeters><HeartRateBpm><Value>139</Value></HeartRateBpm><Cadence>88</Cadence><SensorState>Present</SensorState></Trackpoint><Trackpoint><Time>2025-11-04T11:53:41.708Z</Time><Position><LatitudeDegrees>43.29873667</LatitudeDegrees><LongitudeDegrees>-2.88296333</LongitudeDegrees></Position><AltitudeMeters>42.368</AltitudeMeters><DistanceMeters>3395.5</DistanceMeters><HeartRateBpm><Value>139</Value></HeartRateBpm><Cadence>88</Cadence><SensorState>Present</SensorState></Trackpoint><Trackpoint><Time>2025-11-04T11:53:42.708Z</Time><Position><LatitudeDegrees>43.29872167</LatitudeDegrees><LongitudeDegrees>-2.883</LongitudeDegrees></Position><AltitudeMeters>42.368</AltitudeMeters><DistanceMeters>3401.10009765625</DistanceMeters><HeartRateBpm><Value>139</Value></HeartRateBpm><Cadence>88</Cadence><SensorState>Present</SensorState></Trackpoint><Trackpoint><Time>2025-11-04T11:53:43.708Z</Time><Position><LatitudeDegrees>43.29870333</LatitudeDegrees><LongitudeDegrees>-2.88302833</LongitudeDegrees></Position><AltitudeMeters>42.368</AltitudeMeters><DistanceMeters>3405.39990234375</DistanceMeters><HeartRateBpm><Value>139</Value></HeartRateBpm><Cadence>88</Cadence><SensorState>Present</SensorState></Trackpoint><Trackpoint><Time>2025-11-04T11:53:44.708Z</Time><Position><LatitudeDegrees>43.29869167</LatitudeDegrees><LongitudeDegrees>-2.88305833</LongitudeDegrees></Position><AltitudeMeters>42.368</AltitudeMeters><DistanceMeters>3405.39990234375</DistanceMeters><HeartRateBpm><Value>139</Value></HeartRateBpm><Cadence>88</Cadence><SensorState>Present</SensorState></Trackpoint><Trackpoint><Time>2025-11-04T11:53:45.708Z</Time><Position><LatitudeDegrees>43.298685</LatitudeDegrees><LongitudeDegrees>-2.88309333</LongitudeDegrees></Position><AltitudeMeters>42.368</AltitudeMeters><DistanceMeters>3405.5</DistanceMeters><HeartRateBpm><Value>139</Value></HeartRateBpm><Cadence>88</Cadence><SensorState>Present</SensorState></Trackpoint><Trackpoint><Time>2025-11-04T11:53:46.708Z</Time><Position><LatitudeDegrees>43.298685</LatitudeDegrees><LongitudeDegrees>-2.88313</LongitudeDegrees></Position><AltitudeMeters>42.52</AltitudeMeters><DistanceMeters>3405.5</DistanceMeters><HeartRateBpm><Value>139</Value></HeartRateBpm><Cadence>88</Cadence><SensorState>Present</SensorState></Trackpoint><Trackpoint><Time>2025-11-04T11:53:47.708Z</Time><Position><LatitudeDegrees>43.298685</LatitudeDegrees><LongitudeDegrees>-2.88316833</LongitudeDegrees></Position><AltitudeMeters>42.52</AltitudeMeters><DistanceMeters>3405.5</DistanceMeters><HeartRateBpm><Value>140</Value></HeartRateBpm><Cadence>88</Cadence><SensorState>Present</SensorState></Trackpoint><Trackpoint><Time>2025-11-04T11:53:48.708Z</Time><Position><LatitudeDegrees>43.29868167</LatitudeDegrees><LongitudeDegrees>-2.88320333</LongitudeDegrees></Position><AltitudeMeters>42.52</AltitudeMeters><DistanceMeters>3405.5</DistanceMeters><HeartRateBpm><Value>140</Value></HeartRateBpm><Cadence>88</Cadence><SensorState>Present</SensorState></Trackpoint><Trackpoint><Time>2025-11-04T11:53:49.708Z</Time><Position><LatitudeDegrees>43.29868167</LatitudeDegrees><LongitudeDegrees>-2.88323667</LongitudeDegrees></Position><AltitudeMeters>42.52</AltitudeMeters><DistanceMeters>3405.5</DistanceMeters><HeartRateBpm><Value>140</Value></HeartRateBpm><Cadence>87</Cadence><SensorState>Present</SensorState></Trackpoint><Trackpoint><Time>2025-11-04T11:53:50.708Z</Time><Position><LatitudeDegrees>43.29868333</LatitudeDegrees><LongitudeDegrees>-2.88327</LongitudeDegrees></Position><AltitudeMeters>42.52</AltitudeMeters><DistanceMeters>3405.5</DistanceMeters><HeartRateBpm><Value>140</Value></HeartRateBpm><Cadence>87</Cadence><SensorState>Present</SensorState></Trackpoint><Trackpoint><Time>2025-11-04T11:53:51.708Z</Time><Position><LatitudeDegrees>43.29869</LatitudeDegrees><LongitudeDegrees>-2.88329833</LongitudeDegrees></Position><AltitudeMeters>42.52</AltitudeMeters><DistanceMeters>3407.300048828125</DistanceMeters><HeartRateBpm><Value>140</Value></HeartRateBpm><Cadence>87</Cadence><SensorState>Present</SensorState></Trackpoint><Trackpoint><Time>2025-11-04T11:53:52.708Z</Time><Position><LatitudeDegrees>43.29869667</LatitudeDegrees><LongitudeDegrees>-2.88333833</LongitudeDegrees></Position><AltitudeMeters>42.52</AltitudeMeters><DistanceMeters>3410.0</DistanceMeters><HeartRateBpm><Value>141</Value></HeartRateBpm><Cadence>88</Cadence><SensorState>Present</SensorState></Trackpoint><Trackpoint><Time>2025-11-04T11:53:53.708Z</Time><Position><LatitudeDegrees>43.298705</LatitudeDegrees><LongitudeDegrees>-2.88336667</LongitudeDegrees></Position><AltitudeMeters>42.52</AltitudeMeters><DistanceMeters>3412.10009765625</DistanceMeters><HeartRateBpm><Value>141</Value></HeartRateBpm><Cadence>87</Cadence><SensorState>Present</SensorState></Trackpoint><Trackpoint><Time>2025-11-04T11:53:54.708Z</Time><Position><LatitudeDegrees>43.29870167</LatitudeDegrees><LongitudeDegrees>-2.88339167</LongitudeDegrees></Position><AltitudeMeters>42.52</AltitudeMeters><DistanceMeters>3413.0</DistanceMeters><HeartRateBpm><Value>141</Value></HeartRateBpm><Cadence>87</Cadence><SensorState>Present</SensorState></Trackpoint><Trackpoint><Time>2025-11-04T11:53:55.708Z</Time><Position><LatitudeDegrees>43.298695</LatitudeDegrees><LongitudeDegrees>-2.88339833</LongitudeDegrees></Position><AltitudeMeters>42.52</AltitudeMeters><DistanceMeters>3413.60009765625</DistanceMeters><HeartRateBpm><Value>141</Value></HeartRateBpm><Cadence>87</Cadence><SensorState>Present</SensorState></Trackpoint><Trackpoint><Time>2025-11-04T11:53:56.708Z</Time><Position><LatitudeDegrees>43.29867833</LatitudeDegrees><LongitudeDegrees>-2.88339833</LongitudeDegrees></Position><AltitudeMeters>42.52</AltitudeMeters><DistanceMeters>3415.10009765625</DistanceMeters><HeartRateBpm><Value>141</Value></HeartRateBpm><Cadence>88</Cadence><SensorState>Present</SensorState></Trackpoint><Trackpoint><Time>2025-11-04T11:53:57.708Z</Time><Position><LatitudeDegrees>43.29865667</LatitudeDegrees><LongitudeDegrees>-2.883395</LongitudeDegrees></Position><AltitudeMeters>42.673</AltitudeMeters><DistanceMeters>3416.89990234375</DistanceMeters><HeartRateBpm><Value>141</Value></HeartRateBpm><Cadence>88</Cadence><SensorState>Present</SensorState></Trackpoint><Trackpoint><Time>2025-11-04T11:53:58.708Z</Time><Position><LatitudeDegrees>43.298635</LatitudeDegrees><LongitudeDegrees>-2.88339167</LongitudeDegrees></Position><AltitudeMeters>42.673</AltitudeMeters><DistanceMeters>3418.699951171875</DistanceMeters><HeartRateBpm><Value>141</Value></HeartRateBpm><Cadence>88</Cadence><SensorState>Present</SensorState></Trackpoint><Trackpoint><Time>2025-11-04T11:53:59.708Z</Time><Position><LatitudeDegrees>43.29860667</LatitudeDegrees><LongitudeDegrees>-2.883385</LongitudeDegrees></Position><AltitudeMeters>42.673</AltitudeMeters><DistanceMeters>3420.60009765625</DistanceMeters><HeartRateBpm><Value>141</Value></HeartRateBpm><Cadence>87</Cadence><SensorState>Present</SensorState></Trackpoint><Trackpoint><Time>2025-11-04T11:54:00.708Z</Time><Position><LatitudeDegrees>43.29857167</LatitudeDegrees><LongitudeDegrees>-2.88338167</LongitudeDegrees></Position><AltitudeMeters>42.825</AltitudeMeters><DistanceMeters>3423.0</DistanceMeters><HeartRateBpm><Value>141</Value></HeartRateBpm><Cadence>88</Cadence><SensorState>Present</SensorState></Trackpoint><Trackpoint><Time>2025-11-04T11:54:01.708Z</Time><Position><LatitudeDegrees>43.29853833</LatitudeDegrees><LongitudeDegrees>-2.88337333</LongitudeDegrees></Position><AltitudeMeters>42.825</AltitudeMeters><DistanceMeters>3427.39990234375</DistanceMeters><HeartRateBpm><Value>142</Value></HeartRateBpm><Cadence>87</Cadence><SensorState>Present</SensorState></Trackpoint><Trackpoint><Time>2025-11-04T11:54:02.708Z</Time><Position><LatitudeDegrees>43.298505</LatitudeDegrees><LongitudeDegrees>-2.88336167</LongitudeDegrees></Position><AltitudeMeters>42.977</AltitudeMeters><DistanceMeters>3432.300048828125</DistanceMeters><HeartRateBpm><Value>142</Value></HeartRateBpm><Cadence>88</Cadence><SensorState>Present</SensorState></Trackpoint><Trackpoint><Time>2025-11-04T11:54:03.708Z</Time><Position><LatitudeDegrees>43.29847167</LatitudeDegrees><LongitudeDegrees>-2.883355</LongitudeDegrees></Position><AltitudeMeters>42.977</AltitudeMeters><DistanceMeters>3437.0</DistanceMeters><HeartRateBpm><Value>142</Value></HeartRateBpm><Cadence>88</Cadence><SensorState>Present</SensorState></Trackpoint><Trackpoint><Time>2025-11-04T11:54:04.708Z</Time><Position><LatitudeDegrees>43.298445</LatitudeDegrees><LongitudeDegrees>-2.883345</LongitudeDegrees></Position><AltitudeMeters>42.977</AltitudeMeters><DistanceMeters>3441.199951171875</DistanceMeters><HeartRateBpm><Value>142</Value></HeartRateBpm><Cadence>88</Cadence><SensorState>Present</SensorState></Trackpoint><Trackpoint><Time>2025-11-04T11:54:05.708Z</Time><Position><LatitudeDegrees>43.298415</LatitudeDegrees><LongitudeDegrees>-2.88333833</LongitudeDegrees></Position><AltitudeMeters>43.13</AltitudeMeters><DistanceMeters>3445.300048828125</DistanceMeters><HeartRateBpm><Value>142</Value></HeartRateBpm><Cadence>88</Cadence><SensorState>Present</SensorState></Trackpoint><Trackpoint><Time>2025-11-04T11:54:06.708Z</Time><Position><LatitudeDegrees>43.298385</LatitudeDegrees><LongitudeDegrees>-2.88333167</LongitudeDegrees></Position><AltitudeMeters>43.13</AltitudeMeters><DistanceMeters>3449.199951171875</DistanceMeters><HeartRateBpm><Value>142</Value></HeartRateBpm><Cadence>89</Cadence><SensorState>Present</SensorState></Trackpoint><Trackpoint><Time>2025-11-04T11:54:07.708Z</Time><Position><LatitudeDegrees>43.29835667</LatitudeDegrees><LongitudeDegrees>-2.88332333</LongitudeDegrees></Position><AltitudeMeters>43.13</AltitudeMeters><DistanceMeters>3452.5</DistanceMeters><HeartRateBpm><Value>142</Value></HeartRateBpm><Cadence>90</Cadence><SensorState>Present</SensorState></Trackpoint><Trackpoint><Time>2025-11-04T11:54:08.708Z</Time><Position><LatitudeDegrees>43.29833</LatitudeDegrees><LongitudeDegrees>-2.88332</LongitudeDegrees></Position><AltitudeMeters>43.282</AltitudeMeters><DistanceMeters>3455.300048828125</DistanceMeters><HeartRateBpm><Value>142</Value></HeartRateBpm><Cadence>90</Cadence><SensorState>Present</SensorState></Trackpoint><Trackpoint><Time>2025-11-04T11:54:09.708Z</Time><Position><LatitudeDegrees>43.29830333</LatitudeDegrees><LongitudeDegrees>-2.88331833</LongitudeDegrees></Position><AltitudeMeters>43.282</AltitudeMeters><DistanceMeters>3458.300048828125</DistanceMeters><HeartRateBpm><Value>142</Value></HeartRateBpm><Cadence>89</Cadence><SensorState>Present</SensorState></Trackpoint><Trackpoint><Time>2025-11-04T11:54:10.708Z</Time><Position><LatitudeDegrees>43.298275</LatitudeDegrees><LongitudeDegrees>-2.88331333</LongitudeDegrees></Position><AltitudeMeters>43.282</AltitudeMeters><DistanceMeters>3461.199951171875</DistanceMeters><HeartRateBpm><Value>142</Value></HeartRateBpm><Cadence>89</Cadence><SensorState>Present</SensorState></Trackpoint><Trackpoint><Time>2025-11-04T11:54:11.708Z</Time><Position><LatitudeDegrees>43.29824667</LatitudeDegrees><LongitudeDegrees>-2.88330833</LongitudeDegrees></Position><AltitudeMeters>43.435</AltitudeMeters><DistanceMeters>3464.10009765625</DistanceMeters><HeartRateBpm><Value>142</Value></HeartRateBpm><Cadence>89</Cadence><SensorState>Present</SensorState></Trackpoint><Trackpoint><Time>2025-11-04T11:54:12.708Z</Time><Position><LatitudeDegrees>43.29821667</LatitudeDegrees><LongitudeDegrees>-2.883305</LongitudeDegrees></Position><AltitudeMeters>43.435</AltitudeMeters><DistanceMeters>3467.39990234375</DistanceMeters><HeartRateBpm><Value>142</Value></HeartRateBpm><Cadence>89</Cadence><SensorState>Present</SensorState></Trackpoint><Trackpoint><Time>2025-11-04T11:54:13.708Z</Time><Position><LatitudeDegrees>43.29818833</LatitudeDegrees><LongitudeDegrees>-2.88330333</LongitudeDegrees></Position><AltitudeMeters>43.435</AltitudeMeters><DistanceMeters>3470.300048828125</DistanceMeters><HeartRateBpm><Value>142</Value></HeartRateBpm><Cadence>89</Cadence><SensorState>Present</SensorState></Trackpoint><Trackpoint><Time>2025-11-04T11:54:14.708Z</Time><Position><LatitudeDegrees>43.29816</LatitudeDegrees><LongitudeDegrees>-2.8833</LongitudeDegrees></Position><AltitudeMeters>43.587</AltitudeMeters><DistanceMeters>3473.300048828125</DistanceMeters><HeartRateBpm><Value>142</Value></HeartRateBpm><Cadence>89</Cadence><SensorState>Present</SensorState></Trackpoint><Trackpoint><Time>2025-11-04T11:54:15.708Z</Time><Position><LatitudeDegrees>43.29813333</LatitudeDegrees><LongitudeDegrees>-2.88329833</LongitudeDegrees></Position><AltitudeMeters>43.587</AltitudeMeters><DistanceMeters>3476.39990234375</DistanceMeters><HeartRateBpm><Value>142</Value></HeartRateBpm><Cadence>89</Cadence><SensorState>Present</SensorState></Trackpoint><Trackpoint><Time>2025-11-04T11:54:16.708Z</Time><Position><LatitudeDegrees>43.298105</LatitudeDegrees><LongitudeDegrees>-2.883295</LongitudeDegrees></Position><AltitudeMeters>43.739</AltitudeMeters><DistanceMeters>3479.60009765625</DistanceMeters><HeartRateBpm><Value>142</Value></HeartRateBpm><Cadence>89</Cadence><SensorState>Present</SensorState></Trackpoint><Trackpoint><Time>2025-11-04T11:54:17.708Z</Time><Position><LatitudeDegrees>43.29807833</LatitudeDegrees><LongitudeDegrees>-2.88328667</LongitudeDegrees></Position><AltitudeMeters>43.739</AltitudeMeters><DistanceMeters>3482.800048828125</DistanceMeters><HeartRateBpm><Value>142</Value></HeartRateBpm><Cadence>89</Cadence><SensorState>Present</SensorState></Trackpoint><Trackpoint><Time>2025-11-04T11:54:18.708Z</Time><Position><LatitudeDegrees>43.29805167</LatitudeDegrees><LongitudeDegrees>-2.88327333</LongitudeDegrees></Position><AltitudeMeters>43.739</AltitudeMeters><DistanceMeters>3485.699951171875</DistanceMeters><HeartRateBpm><Value>141</Value></HeartRateBpm><Cadence>89</Cadence><SensorState>Present</SensorState></Trackpoint><Trackpoint><Time>2025-11-04T11:54:19.708Z</Time><Position><LatitudeDegrees>43.29802833</LatitudeDegrees><LongitudeDegrees>-2.88325667</LongitudeDegrees></Position><AltitudeMeters>43.892</AltitudeMeters><DistanceMeters>3488.39990234375</DistanceMeters><HeartRateBpm><Value>141</Value></HeartRateBpm><Cadence>89</Cadence><SensorState>Present</SensorState></Trackpoint><Trackpoint><Time>2025-11-04T11:54:20.708Z</Time><Position><LatitudeDegrees>43.29800833</LatitudeDegrees><LongitudeDegrees>-2.88324167</LongitudeDegrees></Position><AltitudeMeters>43.892</AltitudeMeters><DistanceMeters>3491.10009765625</DistanceMeters><HeartRateBpm><Value>141</Value></HeartRateBpm><Cadence>89</Cadence><SensorState>Present</SensorState></Trackpoint><Trackpoint><Time>2025-11-04T11:54:21.708Z</Time><Position><LatitudeDegrees>43.297985</LatitudeDegrees><LongitudeDegrees>-2.88322667</LongitudeDegrees></Position><AltitudeMeters>44.044</AltitudeMeters><DistanceMeters>3493.699951171875</DistanceMeters><HeartRateBpm><Value>141</Value></HeartRateBpm><Cadence>89</Cadence><SensorState>Present</SensorState></Trackpoint><Trackpoint><Time>2025-11-04T11:54:22.708Z</Time><Position><LatitudeDegrees>43.29796333</LatitudeDegrees><LongitudeDegrees>-2.88321333</LongitudeDegrees></Position><AltitudeMeters>44.044</AltitudeMeters><DistanceMeters>3496.39990234375</DistanceMeters><HeartRateBpm><Value>141</Value></HeartRateBpm><Cadence>89</Cadence><SensorState>Present</SensorState></Trackpoint><Trackpoint><Time>2025-11-04T11:54:23.708Z</Time><Position><LatitudeDegrees>43.29793833</LatitudeDegrees><LongitudeDegrees>-2.8832</LongitudeDegrees></Position><AltitudeMeters>44.044</AltitudeMeters><DistanceMeters>3499.0</DistanceMeters><HeartRateBpm><Value>140</Value></HeartRateBpm><Cadence>90</Cadence><SensorState>Present</SensorState></Trackpoint><Trackpoint><Time>2025-11-04T11:54:24.708Z</Time><Position><LatitudeDegrees>43.29791667</LatitudeDegrees><LongitudeDegrees>-2.88318833</LongitudeDegrees></Position><AltitudeMeters>44.197</AltitudeMeters><DistanceMeters>3501.800048828125</DistanceMeters><HeartRateBpm><Value>140</Value></HeartRateBpm><Cadence>90</Cadence><SensorState>Present</SensorState></Trackpoint><Trackpoint><Time>2025-11-04T11:54:25.708Z</Time><Position><LatitudeDegrees>43.29789167</LatitudeDegrees><LongitudeDegrees>-2.883175</LongitudeDegrees></Position><AltitudeMeters>44.197</AltitudeMeters><DistanceMeters>3504.89990234375</DistanceMeters><HeartRateBpm><Value>140</Value></HeartRateBpm><Cadence>89</Cadence><SensorState>Present</SensorState></Trackpoint><Trackpoint><Time>2025-11-04T11:54:26.708Z</Time><Position><LatitudeDegrees>43.29786333</LatitudeDegrees><LongitudeDegrees>-2.88315667</LongitudeDegrees></Position><AltitudeMeters>44.197</AltitudeMeters><DistanceMeters>3508.10009765625</DistanceMeters><HeartRateBpm><Value>140</Value></HeartRateBpm><Cadence>89</Cadence><SensorState>Present</SensorState></Trackpoint><Trackpoint><Time>2025-11-04T11:54:27.708Z</Time><Position><LatitudeDegrees>43.297835</LatitudeDegrees><LongitudeDegrees>-2.88314</LongitudeDegrees></Position><AltitudeMeters>44.197</AltitudeMeters><DistanceMeters>3511.39990234375</DistanceMeters><HeartRateBpm><Value>139</Value></HeartRateBpm><Cadence>89</Cadence><SensorState>Present</SensorState></Trackpoint><Trackpoint><Time>2025-11-04T11:54:28.708Z</Time><Position><LatitudeDegrees>43.29780833</LatitudeDegrees><LongitudeDegrees>-2.88312833</LongitudeDegrees></Position><AltitudeMeters>44.197</AltitudeMeters><DistanceMeters>3514.800048828125</DistanceMeters><HeartRateBpm><Value>139</Value></HeartRateBpm><Cadence>89</Cadence><SensorState>Present</SensorState></Trackpoint><Trackpoint><Time>2025-11-04T11:54:29.708Z</Time><Position><LatitudeDegrees>43.29778</LatitudeDegrees><LongitudeDegrees>-2.88312</LongitudeDegrees></Position><AltitudeMeters>44.197</AltitudeMeters><DistanceMeters>3518.0</DistanceMeters><HeartRateBpm><Value>139</Value></HeartRateBpm><Cadence>89</Cadence><SensorState>Present</SensorState></Trackpoint><Trackpoint><Time>2025-11-04T11:54:30.708Z</Time><Position><LatitudeDegrees>43.297755</LatitudeDegrees><LongitudeDegrees>-2.88311</LongitudeDegrees></Position><AltitudeMeters>44.197</AltitudeMeters><DistanceMeters>3521.0</DistanceMeters><HeartRateBpm><Value>138</Value></HeartRateBpm><Cadence>89</Cadence><SensorState>Present</SensorState></Trackpoint><Trackpoint><Time>2025-11-04T11:54:31.708Z</Time><Position><LatitudeDegrees>43.29773333</LatitudeDegrees><LongitudeDegrees>-2.88310167</LongitudeDegrees></Position><AltitudeMeters>44.197</AltitudeMeters><DistanceMeters>3523.60009765625</DistanceMeters><HeartRateBpm><Value>138</Value></HeartRateBpm><Cadence>89</Cadence><SensorState>Present</SensorState></Trackpoint><Trackpoint><Time>2025-11-04T11:54:32.708Z</Time><Position><LatitudeDegrees>43.29771167</LatitudeDegrees><LongitudeDegrees>-2.883095</LongitudeDegrees></Position><AltitudeMeters>44.197</AltitudeMeters><DistanceMeters>3526.39990234375</DistanceMeters><HeartRateBpm><Value>138</Value></HeartRateBpm><Cadence>89</Cadence><SensorState>Present</SensorState></Trackpoint><Trackpoint><Time>2025-11-04T11:54:33.708Z</Time><Position><LatitudeDegrees>43.29769</LatitudeDegrees><LongitudeDegrees>-2.88309</LongitudeDegrees></Position><AltitudeMeters>44.197</AltitudeMeters><DistanceMeters>3529.0</DistanceMeters><HeartRateBpm><Value>137</Value></HeartRateBpm><Cadence>89</Cadence><SensorState>Present</SensorState></Trackpoint><Trackpoint><Time>2025-11-04T11:54:34.708Z</Time><Position><LatitudeDegrees>43.29766667</LatitudeDegrees><LongitudeDegrees>-2.88308667</LongitudeDegrees></Position><AltitudeMeters>44.197</AltitudeMeters><DistanceMeters>3531.199951171875</DistanceMeters><HeartRateBpm><Value>137</Value></HeartRateBpm><Cadence>89</Cadence><SensorState>Present</SensorState></Trackpoint><Trackpoint><Time>2025-11-04T11:54:35.708Z</Time><Position><LatitudeDegrees>43.29764333</LatitudeDegrees><LongitudeDegrees>-2.88308333</LongitudeDegrees></Position><AltitudeMeters>44.197</AltitudeMeters><DistanceMeters>3533.300048828125</DistanceMeters><HeartRateBpm><Value>137</Value></HeartRateBpm><Cadence>89</Cadence><SensorState>Present</SensorState></Trackpoint><Trackpoint><Time>2025-11-04T11:54:36.708Z</Time><Position><LatitudeDegrees>43.29762167</LatitudeDegrees><LongitudeDegrees>-2.88308167</LongitudeDegrees></Position><AltitudeMeters>44.197</AltitudeMeters><DistanceMeters>3535.39990234375</DistanceMeters><HeartRateBpm><Value>137</Value></HeartRateBpm><Cadence>86</Cadence><SensorState>Present</SensorState></Trackpoint><Trackpoint><Time>2025-11-04T11:54:37.708Z</Time><Position><LatitudeDegrees>43.29760167</LatitudeDegrees><LongitudeDegrees>-2.88308333</LongitudeDegrees></Position><AltitudeMeters>44.197</AltitudeMeters><DistanceMeters>3538.0</DistanceMeters><HeartRateBpm><Value>137</Value></HeartRateBpm><Cadence>86</Cadence><SensorState>Present</SensorState></Trackpoint><Trackpoint><Time>2025-11-04T11:54:38.708Z</Time><Position><LatitudeDegrees>43.29757333</LatitudeDegrees><LongitudeDegrees>-2.88308333</LongitudeDegrees></Position><AltitudeMeters>44.197</AltitudeMeters><DistanceMeters>3540.60009765625</DistanceMeters><HeartRateBpm><Value>136</Value></HeartRateBpm><Cadence>87</Cadence><SensorState>Present</SensorState></Trackpoint><Trackpoint><Time>2025-11-04T11:54:39.708Z</Time><Position><LatitudeDegrees>43.29754667</LatitudeDegrees><LongitudeDegrees>-2.88308333</LongitudeDegrees></Position><AltitudeMeters>44.197</AltitudeMeters><DistanceMeters>3543.60009765625</DistanceMeters><HeartRateBpm><Value>136</Value></HeartRateBpm><Cadence>88</Cadence><SensorState>Present</SensorState></Trackpoint><Trackpoint><Time>2025-11-04T11:54:40.708Z</Time><Position><LatitudeDegrees>43.29752</LatitudeDegrees><LongitudeDegrees>-2.883085</LongitudeDegrees></Position><AltitudeMeters>44.197</AltitudeMeters><DistanceMeters>3546.60009765625</DistanceMeters><HeartRateBpm><Value>136</Value></HeartRateBpm><Cadence>88</Cadence><SensorState>Present</SensorState></Trackpoint><Trackpoint><Time>2025-11-04T11:54:41.708Z</Time><Position><LatitudeDegrees>43.29749333</LatitudeDegrees><LongitudeDegrees>-2.883085</LongitudeDegrees></Position><AltitudeMeters>44.349</AltitudeMeters><DistanceMeters>3549.699951171875</DistanceMeters><HeartRateBpm><Value>136</Value></HeartRateBpm><Cadence>88</Cadence><SensorState>Present</SensorState></Trackpoint><Trackpoint><Time>2025-11-04T11:54:42.708Z</Time><Position><LatitudeDegrees>43.29746667</LatitudeDegrees><LongitudeDegrees>-2.88308667</LongitudeDegrees></Position><AltitudeMeters>44.349</AltitudeMeters><DistanceMeters>3553.10009765625</DistanceMeters><HeartRateBpm><Value>136</Value></HeartRateBpm><Cadence>88</Cadence><SensorState>Present</SensorState></Trackpoint><Trackpoint><Time>2025-11-04T11:54:43.708Z</Time><Position><LatitudeDegrees>43.29743667</LatitudeDegrees><LongitudeDegrees>-2.88308833</LongitudeDegrees></Position><AltitudeMeters>44.349</AltitudeMeters><DistanceMeters>3556.300048828125</DistanceMeters><HeartRateBpm><Value>136</Value></HeartRateBpm><Cadence>88</Cadence><SensorState>Present</SensorState></Trackpoint><Trackpoint><Time>2025-11-04T11:54:44.708Z</Time><Position><LatitudeDegrees>43.29741</LatitudeDegrees><LongitudeDegrees>-2.88309</LongitudeDegrees></Position><AltitudeMeters>44.501</AltitudeMeters><DistanceMeters>3559.800048828125</DistanceMeters><HeartRateBpm><Value>136</Value></HeartRateBpm><Cadence>88</Cadence><SensorState>Present</SensorState></Trackpoint><Trackpoint><Time>2025-11-04T11:54:45.708Z</Time><Position><LatitudeDegrees>43.29738</LatitudeDegrees><LongitudeDegrees>-2.883095</LongitudeDegrees></Position><AltitudeMeters>44.501</AltitudeMeters><DistanceMeters>3563.199951171875</DistanceMeters><HeartRateBpm><Value>136</Value></HeartRateBpm><Cadence>88</Cadence><SensorState>Present</SensorState></Trackpoint><Trackpoint><Time>2025-11-04T11:54:46.708Z</Time><Position><LatitudeDegrees>43.297355</LatitudeDegrees><LongitudeDegrees>-2.88310167</LongitudeDegrees></Position><AltitudeMeters>44.654</AltitudeMeters><DistanceMeters>3565.89990234375</DistanceMeters><HeartRateBpm><Value>136</Value></HeartRateBpm><Cadence>88</Cadence><SensorState>Present</SensorState></Trackpoint><Trackpoint><Time>2025-11-04T11:54:47.708Z</Time><Position><LatitudeDegrees>43.29733167</LatitudeDegrees><LongitudeDegrees>-2.88310833</LongitudeDegrees></Position><AltitudeMeters>44.654</AltitudeMeters><DistanceMeters>3568.800048828125</DistanceMeters><HeartRateBpm><Value>136</Value></HeartRateBpm><Cadence>87</Cadence><SensorState>Present</SensorState></Trackpoint><Trackpoint><Time>2025-11-04T11:54:48.708Z</Time><Position><LatitudeDegrees>43.29731</LatitudeDegrees><LongitudeDegrees>-2.88311833</LongitudeDegrees></Position><AltitudeMeters>44.806</AltitudeMeters><DistanceMeters>3571.699951171875</DistanceMeters><HeartRateBpm><Value>136</Value></HeartRateBpm><Cadence>88</Cadence><SensorState>Present</SensorState></Trackpoint><Trackpoint><Time>2025-11-04T11:54:49.708Z</Time><Position><LatitudeDegrees>43.297285</LatitudeDegrees><LongitudeDegrees>-2.88312833</LongitudeDegrees></Position><AltitudeMeters>44.806</AltitudeMeters><DistanceMeters>3574.5</DistanceMeters><HeartRateBpm><Value>136</Value></HeartRateBpm><Cadence>88</Cadence><SensorState>Present</SensorState></Trackpoint><Trackpoint><Time>2025-11-04T11:54:50.708Z</Time><Position><LatitudeDegrees>43.29726</LatitudeDegrees><LongitudeDegrees>-2.88313833</LongitudeDegrees></Position><AltitudeMeters>44.806</AltitudeMeters><DistanceMeters>3577.300048828125</DistanceMeters><HeartRateBpm><Value>136</Value></HeartRateBpm><Cadence>88</Cadence><SensorState>Present</SensorState></Trackpoint><Trackpoint><Time>2025-11-04T11:54:51.708Z</Time><Position><LatitudeDegrees>43.297235</LatitudeDegrees><LongitudeDegrees>-2.88314667</LongitudeDegrees></Position><AltitudeMeters>44.959</AltitudeMeters><DistanceMeters>3579.89990234375</DistanceMeters><HeartRateBpm><Value>136</Value></HeartRateBpm><Cadence>88</Cadence><SensorState>Present</SensorState></Trackpoint><Trackpoint><Time>2025-11-04T11:54:52.708Z</Time><Position><LatitudeDegrees>43.29721</LatitudeDegrees><LongitudeDegrees>-2.88315667</LongitudeDegrees></Position><AltitudeMeters>44.959</AltitudeMeters><DistanceMeters>3582.699951171875</DistanceMeters><HeartRateBpm><Value>136</Value></HeartRateBpm><Cadence>88</Cadence><SensorState>Present</SensorState></Trackpoint><Trackpoint><Time>2025-11-04T11:54:53.708Z</Time><Position><LatitudeDegrees>43.297185</LatitudeDegrees><LongitudeDegrees>-2.88317</LongitudeDegrees></Position><AltitudeMeters>44.959</AltitudeMeters><DistanceMeters>3585.300048828125</DistanceMeters><HeartRateBpm><Value>136</Value></HeartRateBpm><Cadence>88</Cadence><SensorState>Present</SensorState></Trackpoint><Trackpoint><Time>2025-11-04T11:54:54.708Z</Time><Position><LatitudeDegrees>43.29716167</LatitudeDegrees><LongitudeDegrees>-2.88318333</LongitudeDegrees></Position><AltitudeMeters>44.959</AltitudeMeters><DistanceMeters>3588.300048828125</DistanceMeters><HeartRateBpm><Value>136</Value></HeartRateBpm><Cadence>88</Cadence><SensorState>Present</SensorState></Trackpoint><Trackpoint><Time>2025-11-04T11:54:55.708Z</Time><Position><LatitudeDegrees>43.29713833</LatitudeDegrees><LongitudeDegrees>-2.88319667</LongitudeDegrees></Position><AltitudeMeters>45.111</AltitudeMeters><DistanceMeters>3591.300048828125</DistanceMeters><HeartRateBpm><Value>136</Value></HeartRateBpm><Cadence>88</Cadence><SensorState>Present</SensorState></Trackpoint><Trackpoint><Time>2025-11-04T11:54:56.708Z</Time><Position><LatitudeDegrees>43.297115</LatitudeDegrees><LongitudeDegrees>-2.88321167</LongitudeDegrees></Position><AltitudeMeters>45.111</AltitudeMeters><DistanceMeters>3594.300048828125</DistanceMeters><HeartRateBpm><Value>136</Value></HeartRateBpm><Cadence>87</Cadence><SensorState>Present</SensorState></Trackpoint><Trackpoint><Time>2025-11-04T11:54:57.708Z</Time><Position><LatitudeDegrees>43.29709167</LatitudeDegrees><LongitudeDegrees>-2.88322667</LongitudeDegrees></Position><AltitudeMeters>45.111</AltitudeMeters><DistanceMeters>3597.199951171875</DistanceMeters><HeartRateBpm><Value>136</Value></HeartRateBpm><Cadence>86</Cadence><SensorState>Present</SensorState></Trackpoint><Trackpoint><Time>2025-11-04T11:54:58.708Z</Time><Position><LatitudeDegrees>43.29706833</LatitudeDegrees><LongitudeDegrees>-2.88324167</LongitudeDegrees></Position><AltitudeMeters>45.263</AltitudeMeters><DistanceMeters>3599.89990234375</DistanceMeters><HeartRateBpm><Value>136</Value></HeartRateBpm><Cadence>86</Cadence><SensorState>Present</SensorState></Trackpoint><Trackpoint><Time>2025-11-04T11:54:59.708Z</Time><Position><LatitudeDegrees>43.29704667</LatitudeDegrees><LongitudeDegrees>-2.88325667</LongitudeDegrees></Position><AltitudeMeters>45.263</AltitudeMeters><DistanceMeters>3602.800048828125</DistanceMeters><HeartRateBpm><Value>136</Value></HeartRateBpm><Cadence>86</Cadence><SensorState>Present</SensorState></Trackpoint><Trackpoint><Time>2025-11-04T11:55:00.708Z</Time><Position><LatitudeDegrees>43.29702333</LatitudeDegrees><LongitudeDegrees>-2.88327167</LongitudeDegrees></Position><AltitudeMeters>45.263</AltitudeMeters><DistanceMeters>3605.5</DistanceMeters><HeartRateBpm><Value>137</Value></HeartRateBpm><Cadence>86</Cadence><SensorState>Present</SensorState></Trackpoint><Trackpoint><Time>2025-11-04T11:55:01.708Z</Time><Position><LatitudeDegrees>43.29700167</LatitudeDegrees><LongitudeDegrees>-2.88328333</LongitudeDegrees></Position><AltitudeMeters>45.263</AltitudeMeters><DistanceMeters>3607.800048828125</DistanceMeters><HeartRateBpm><Value>137</Value></HeartRateBpm><Cadence>87</Cadence><SensorState>Present</SensorState></Trackpoint><Trackpoint><Time>2025-11-04T11:55:02.708Z</Time><Position><LatitudeDegrees>43.29698</LatitudeDegrees><LongitudeDegrees>-2.88328833</LongitudeDegrees></Position><AltitudeMeters>45.416</AltitudeMeters><DistanceMeters>3610.300048828125</DistanceMeters><HeartRateBpm><Value>136</Value></HeartRateBpm><Cadence>87</Cadence><SensorState>Present</SensorState></Trackpoint><Trackpoint><Time>2025-11-04T11:55:03.708Z</Time><Position><LatitudeDegrees>43.29695833</LatitudeDegrees><LongitudeDegrees>-2.88329333</LongitudeDegrees></Position><AltitudeMeters>45.416</AltitudeMeters><DistanceMeters>3612.89990234375</DistanceMeters><HeartRateBpm><Value>136</Value></HeartRateBpm><Cadence>87</Cadence><SensorState>Present</SensorState></Trackpoint><Trackpoint><Time>2025-11-04T11:55:04.708Z</Time><Position><LatitudeDegrees>43.29693333</LatitudeDegrees><LongitudeDegrees>-2.88329333</LongitudeDegrees></Position><AltitudeMeters>45.416</AltitudeMeters><DistanceMeters>3615.300048828125</DistanceMeters><HeartRateBpm><Value>136</Value></HeartRateBpm><Cadence>88</Cadence><SensorState>Present</SensorState></Trackpoint><Trackpoint><Time>2025-11-04T11:55:05.708Z</Time><Position><LatitudeDegrees>43.29691167</LatitudeDegrees><LongitudeDegrees>-2.88329667</LongitudeDegrees></Position><AltitudeMeters>45.416</AltitudeMeters><DistanceMeters>3617.800048828125</DistanceMeters><HeartRateBpm><Value>136</Value></HeartRateBpm><Cadence>88</Cadence><SensorState>Present</SensorState></Trackpoint><Trackpoint><Time>2025-11-04T11:55:06.708Z</Time><Position><LatitudeDegrees>43.29688833</LatitudeDegrees><LongitudeDegrees>-2.8833</LongitudeDegrees></Position><AltitudeMeters>45.416</AltitudeMeters><DistanceMeters>3620.199951171875</DistanceMeters><HeartRateBpm><Value>136</Value></HeartRateBpm><Cadence>88</Cadence><SensorState>Present</SensorState></Trackpoint><Trackpoint><Time>2025-11-04T11:55:07.708Z</Time><Position><LatitudeDegrees>43.29686667</LatitudeDegrees><LongitudeDegrees>-2.88331333</LongitudeDegrees></Position><AltitudeMeters>45.416</AltitudeMeters><DistanceMeters>3622.800048828125</DistanceMeters><HeartRateBpm><Value>136</Value></HeartRateBpm><Cadence>88</Cadence><SensorState>Present</SensorState></Trackpoint><Trackpoint><Time>2025-11-04T11:55:08.708Z</Time><Position><LatitudeDegrees>43.29684333</LatitudeDegrees><LongitudeDegrees>-2.88332833</LongitudeDegrees></Position><AltitudeMeters>45.568</AltitudeMeters><DistanceMeters>3625.60009765625</DistanceMeters><HeartRateBpm><Value>136</Value></HeartRateBpm><Cadence>88</Cadence><SensorState>Present</SensorState></Trackpoint><Trackpoint><Time>2025-11-04T11:55:09.708Z</Time><Position><LatitudeDegrees>43.29681833</LatitudeDegrees><LongitudeDegrees>-2.88333833</LongitudeDegrees></Position><AltitudeMeters>45.568</AltitudeMeters><DistanceMeters>3629.199951171875</DistanceMeters><HeartRateBpm><Value>136</Value></HeartRateBpm><Cadence>88</Cadence><SensorState>Present</SensorState></Trackpoint><Trackpoint><Time>2025-11-04T11:55:10.708Z</Time><Position><LatitudeDegrees>43.29678167</LatitudeDegrees><LongitudeDegrees>-2.88334</LongitudeDegrees></Position><AltitudeMeters>45.568</AltitudeMeters><DistanceMeters>3632.800048828125</DistanceMeters><HeartRateBpm><Value>136</Value></HeartRateBpm><Cadence>88</Cadence><SensorState>Present</SensorState></Trackpoint><Trackpoint><Time>2025-11-04T11:55:11.708Z</Time><Position><LatitudeDegrees>43.29674833</LatitudeDegrees><LongitudeDegrees>-2.88334333</LongitudeDegrees></Position><AltitudeMeters>45.568</AltitudeMeters><DistanceMeters>3636.5</DistanceMeters><HeartRateBpm><Value>136</Value></HeartRateBpm><Cadence>88</Cadence><SensorState>Present</SensorState></Trackpoint><Trackpoint><Time>2025-11-04T11:55:12.708Z</Time><Position><LatitudeDegrees>43.29671833</LatitudeDegrees><LongitudeDegrees>-2.88335</LongitudeDegrees></Position><AltitudeMeters>45.416</AltitudeMeters><DistanceMeters>3640.300048828125</DistanceMeters><HeartRateBpm><Value>136</Value></HeartRateBpm><Cadence>88</Cadence><SensorState>Present</SensorState></Trackpoint><Trackpoint><Time>2025-11-04T11:55:13.708Z</Time><Position><LatitudeDegrees>43.29668667</LatitudeDegrees><LongitudeDegrees>-2.883355</LongitudeDegrees></Position><AltitudeMeters>45.416</AltitudeMeters><DistanceMeters>3644.10009765625</DistanceMeters><HeartRateBpm><Value>136</Value></HeartRateBpm><Cadence>88</Cadence><SensorState>Present</SensorState></Trackpoint><Trackpoint><Time>2025-11-04T11:55:14.708Z</Time><Position><LatitudeDegrees>43.29665833</LatitudeDegrees><LongitudeDegrees>-2.88336167</LongitudeDegrees></Position><AltitudeMeters>45.416</AltitudeMeters><DistanceMeters>3647.699951171875</DistanceMeters><HeartRateBpm><Value>136</Value></HeartRateBpm><Cadence>89</Cadence><SensorState>Present</SensorState></Trackpoint><Trackpoint><Time>2025-11-04T11:55:15.708Z</Time><Position><LatitudeDegrees>43.29663</LatitudeDegrees><LongitudeDegrees>-2.88337</LongitudeDegrees></Position><AltitudeMeters>45.416</AltitudeMeters><DistanceMeters>3651.300048828125</DistanceMeters><HeartRateBpm><Value>136</Value></HeartRateBpm><Cadence>89</Cadence><SensorState>Present</SensorState></Trackpoint><Trackpoint><Time>2025-11-04T11:55:16.708Z</Time><Position><LatitudeDegrees>43.29660333</LatitudeDegrees><LongitudeDegrees>-2.88338</LongitudeDegrees></Position><AltitudeMeters>45.416</AltitudeMeters><DistanceMeters>3654.699951171875</DistanceMeters><HeartRateBpm><Value>136</Value></HeartRateBpm><Cadence>89</Cadence><SensorState>Present</SensorState></Trackpoint><Trackpoint><Time>2025-11-04T11:55:17.708Z</Time><Position><LatitudeDegrees>43.29657833</LatitudeDegrees><LongitudeDegrees>-2.88339</LongitudeDegrees></Position><AltitudeMeters>45.416</AltitudeMeters><DistanceMeters>3657.800048828125</DistanceMeters><HeartRateBpm><Value>136</Value></HeartRateBpm><Cadence>89</Cadence><SensorState>Present</SensorState></Trackpoint><Trackpoint><Time>2025-11-04T11:55:18.708Z</Time><Position><LatitudeDegrees>43.296555</LatitudeDegrees><LongitudeDegrees>-2.8834</LongitudeDegrees></Position><AltitudeMeters>45.416</AltitudeMeters><DistanceMeters>3660.10009765625</DistanceMeters><HeartRateBpm><Value>136</Value></HeartRateBpm><Cadence>87</Cadence><SensorState>Present</SensorState></Trackpoint><Trackpoint><Time>2025-11-04T11:55:19.708Z</Time><Position><LatitudeDegrees>43.29653333</LatitudeDegrees><LongitudeDegrees>-2.88341167</LongitudeDegrees></Position><AltitudeMeters>45.416</AltitudeMeters><DistanceMeters>3662.39990234375</DistanceMeters><HeartRateBpm><Value>136</Value></HeartRateBpm><Cadence>86</Cadence><SensorState>Present</SensorState></Trackpoint><Trackpoint><Time>2025-11-04T11:55:20.708Z</Time><Position><LatitudeDegrees>43.29651</LatitudeDegrees><LongitudeDegrees>-2.88341833</LongitudeDegrees></Position><AltitudeMeters>45.263</AltitudeMeters><DistanceMeters>3664.800048828125</DistanceMeters><HeartRateBpm><Value>136</Value></HeartRateBpm><Cadence>86</Cadence><SensorState>Present</SensorState></Trackpoint><Trackpoint><Time>2025-11-04T11:55:21.708Z</Time><Position><LatitudeDegrees>43.29648667</LatitudeDegrees><LongitudeDegrees>-2.88342333</LongitudeDegrees></Position><AltitudeMeters>45.263</AltitudeMeters><DistanceMeters>3667.199951171875</DistanceMeters><HeartRateBpm><Value>136</Value></HeartRateBpm><Cadence>87</Cadence><SensorState>Present</SensorState></Trackpoint><Trackpoint><Time>2025-11-04T11:55:22.708Z</Time><Position><LatitudeDegrees>43.29646333</LatitudeDegrees><LongitudeDegrees>-2.88342667</LongitudeDegrees></Position><AltitudeMeters>45.263</AltitudeMeters><DistanceMeters>3669.60009765625</DistanceMeters><HeartRateBpm><Value>136</Value></HeartRateBpm><Cadence>88</Cadence><SensorState>Present</SensorState></Trackpoint><Trackpoint><Time>2025-11-04T11:55:23.708Z</Time><Position><LatitudeDegrees>43.29644</LatitudeDegrees><LongitudeDegrees>-2.88343167</LongitudeDegrees></Position><AltitudeMeters>45.263</AltitudeMeters><DistanceMeters>3672.0</DistanceMeters><HeartRateBpm><Value>136</Value></HeartRateBpm><Cadence>88</Cadence><SensorState>Present</SensorState></Trackpoint><Trackpoint><Time>2025-11-04T11:55:24.708Z</Time><Position><LatitudeDegrees>43.29641667</LatitudeDegrees><LongitudeDegrees>-2.88343667</LongitudeDegrees></Position><AltitudeMeters>45.263</AltitudeMeters><DistanceMeters>3674.5</DistanceMeters><HeartRateBpm><Value>136</Value></HeartRateBpm><Cadence>88</Cadence><SensorState>Present</SensorState></Trackpoint><Trackpoint><Time>2025-11-04T11:55:25.708Z</Time><Position><LatitudeDegrees>43.29639167</LatitudeDegrees><LongitudeDegrees>-2.88344333</LongitudeDegrees></Position><AltitudeMeters>45.111</AltitudeMeters><DistanceMeters>3677.199951171875</DistanceMeters><HeartRateBpm><Value>136</Value></HeartRateBpm><Cadence>88</Cadence><SensorState>Present</SensorState></Trackpoint><Trackpoint><Time>2025-11-04T11:55:26.708Z</Time><Position><LatitudeDegrees>43.29636667</LatitudeDegrees><LongitudeDegrees>-2.88344833</LongitudeDegrees></Position><AltitudeMeters>45.111</AltitudeMeters><DistanceMeters>3679.89990234375</DistanceMeters><HeartRateBpm><Value>136</Value></HeartRateBpm><Cadence>88</Cadence><SensorState>Present</SensorState></Trackpoint><Trackpoint><Time>2025-11-04T11:55:27.708Z</Time><Position><LatitudeDegrees>43.29634167</LatitudeDegrees><LongitudeDegrees>-2.88345333</LongitudeDegrees></Position><AltitudeMeters>45.111</AltitudeMeters><DistanceMeters>3682.699951171875</DistanceMeters><HeartRateBpm><Value>137</Value></HeartRateBpm><Cadence>88</Cadence><SensorState>Present</SensorState></Trackpoint><Trackpoint><Time>2025-11-04T11:55:28.708Z</Time><Position><LatitudeDegrees>43.29631833</LatitudeDegrees><LongitudeDegrees>-2.88346</LongitudeDegrees></Position><AltitudeMeters>44.959</AltitudeMeters><DistanceMeters>3685.39990234375</DistanceMeters><HeartRateBpm><Value>137</Value></HeartRateBpm><Cadence>88</Cadence><SensorState>Present</SensorState></Trackpoint><Trackpoint><Time>2025-11-04T11:55:29.708Z</Time><Position><LatitudeDegrees>43.29629667</LatitudeDegrees><LongitudeDegrees>-2.88346833</LongitudeDegrees></Position><AltitudeMeters>44.959</AltitudeMeters><DistanceMeters>3688.199951171875</DistanceMeters><HeartRateBpm><Value>137</Value></HeartRateBpm><Cadence>88</Cadence><SensorState>Present</SensorState></Trackpoint><Trackpoint><Time>2025-11-04T11:55:30.708Z</Time><Position><LatitudeDegrees>43.29627167</LatitudeDegrees><LongitudeDegrees>-2.88347833</LongitudeDegrees></Position><AltitudeMeters>44.959</AltitudeMeters><DistanceMeters>3690.89990234375</DistanceMeters><HeartRateBpm><Value>137</Value></HeartRateBpm><Cadence>88</Cadence><SensorState>Present</SensorState></Trackpoint><Trackpoint><Time>2025-11-04T11:55:31.708Z</Time><Position><LatitudeDegrees>43.29625</LatitudeDegrees><LongitudeDegrees>-2.88348667</LongitudeDegrees></Position><AltitudeMeters>44.959</AltitudeMeters><DistanceMeters>3693.60009765625</DistanceMeters><HeartRateBpm><Value>138</Value></HeartRateBpm><Cadence>88</Cadence><SensorState>Present</SensorState></Trackpoint><Trackpoint><Time>2025-11-04T11:55:32.708Z</Time><Position><LatitudeDegrees>43.29622667</LatitudeDegrees><LongitudeDegrees>-2.883495</LongitudeDegrees></Position><AltitudeMeters>44.806</AltitudeMeters><DistanceMeters>3696.199951171875</DistanceMeters><HeartRateBpm><Value>138</Value></HeartRateBpm><Cadence>88</Cadence><SensorState>Present</SensorState></Trackpoint><Trackpoint><Time>2025-11-04T11:55:33.708Z</Time><Position><LatitudeDegrees>43.296205</LatitudeDegrees><LongitudeDegrees>-2.88350333</LongitudeDegrees></Position><AltitudeMeters>44.806</AltitudeMeters><DistanceMeters>3698.699951171875</DistanceMeters><HeartRateBpm><Value>138</Value></HeartRateBpm><Cadence>88</Cadence><SensorState>Present</SensorState></Trackpoint><Trackpoint><Time>2025-11-04T11:55:34.708Z</Time><Position><LatitudeDegrees>43.29618333</LatitudeDegrees><LongitudeDegrees>-2.88351</LongitudeDegrees></Position><AltitudeMeters>44.806</AltitudeMeters><DistanceMeters>3701.199951171875</DistanceMeters><HeartRateBpm><Value>138</Value></HeartRateBpm><Cadence>88</Cadence><SensorState>Present</SensorState></Trackpoint><Trackpoint><Time>2025-11-04T11:55:35.708Z</Time><Position><LatitudeDegrees>43.29616</LatitudeDegrees><LongitudeDegrees>-2.883515</LongitudeDegrees></Position><AltitudeMeters>44.806</AltitudeMeters><DistanceMeters>3703.89990234375</DistanceMeters><HeartRateBpm><Value>138</Value></HeartRateBpm><Cadence>88</Cadence><SensorState>Present</SensorState></Trackpoint><Trackpoint><Time>2025-11-04T11:55:36.708Z</Time><Position><LatitudeDegrees>43.29613333</LatitudeDegrees><LongitudeDegrees>-2.88351833</LongitudeDegrees></Position><AltitudeMeters>44.806</AltitudeMeters><DistanceMeters>3706.5</DistanceMeters><HeartRateBpm><Value>138</Value></HeartRateBpm><Cadence>88</Cadence><SensorState>Present</SensorState></Trackpoint><Trackpoint><Time>2025-11-04T11:55:37.708Z</Time><Position><LatitudeDegrees>43.29611167</LatitudeDegrees><LongitudeDegrees>-2.88352167</LongitudeDegrees></Position><AltitudeMeters>44.806</AltitudeMeters><DistanceMeters>3709.300048828125</DistanceMeters><HeartRateBpm><Value>138</Value></HeartRateBpm><Cadence>88</Cadence><SensorState>Present</SensorState></Trackpoint><Trackpoint><Time>2025-11-04T11:55:38.708Z</Time><Position><LatitudeDegrees>43.29608667</LatitudeDegrees><LongitudeDegrees>-2.88352667</LongitudeDegrees></Position><AltitudeMeters>44.806</AltitudeMeters><DistanceMeters>3711.800048828125</DistanceMeters><HeartRateBpm><Value>138</Value></HeartRateBpm><Cadence>88</Cadence><SensorState>Present</SensorState></Trackpoint><Trackpoint><Time>2025-11-04T11:55:39.708Z</Time><Position><LatitudeDegrees>43.29606167</LatitudeDegrees><LongitudeDegrees>-2.88353167</LongitudeDegrees></Position><AltitudeMeters>44.806</AltitudeMeters><DistanceMeters>3714.699951171875</DistanceMeters><HeartRateBpm><Value>138</Value></HeartRateBpm><Cadence>88</Cadence><SensorState>Present</SensorState></Trackpoint><Trackpoint><Time>2025-11-04T11:55:40.708Z</Time><Position><LatitudeDegrees>43.29603833</LatitudeDegrees><LongitudeDegrees>-2.88353667</LongitudeDegrees></Position><AltitudeMeters>44.806</AltitudeMeters><DistanceMeters>3717.199951171875</DistanceMeters><HeartRateBpm><Value>138</Value></HeartRateBpm><Cadence>88</Cadence><SensorState>Present</SensorState></Trackpoint><Trackpoint><Time>2025-11-04T11:55:41.708Z</Time><Position><LatitudeDegrees>43.29601667</LatitudeDegrees><LongitudeDegrees>-2.88354667</LongitudeDegrees></Position><AltitudeMeters>44.806</AltitudeMeters><DistanceMeters>3719.60009765625</DistanceMeters><HeartRateBpm><Value>138</Value></HeartRateBpm><Cadence>89</Cadence><SensorState>Present</SensorState></Trackpoint><Trackpoint><Time>2025-11-04T11:55:42.708Z</Time><Position><LatitudeDegrees>43.296</LatitudeDegrees><LongitudeDegrees>-2.88355833</LongitudeDegrees></Position><AltitudeMeters>44.959</AltitudeMeters><DistanceMeters>3722.199951171875</DistanceMeters><HeartRateBpm><Value>138</Value></HeartRateBpm><Cadence>89</Cadence><SensorState>Present</SensorState></Trackpoint><Trackpoint><Time>2025-11-04T11:55:43.708Z</Time><Position><LatitudeDegrees>43.29598</LatitudeDegrees><LongitudeDegrees>-2.883575</LongitudeDegrees></Position><AltitudeMeters>44.959</AltitudeMeters><DistanceMeters>3724.800048828125</DistanceMeters><HeartRateBpm><Value>138</Value></HeartRateBpm><Cadence>86</Cadence><SensorState>Present</SensorState></Trackpoint><Trackpoint><Time>2025-11-04T11:55:44.708Z</Time><Position><LatitudeDegrees>43.29595833</LatitudeDegrees><LongitudeDegrees>-2.883585</LongitudeDegrees></Position><AltitudeMeters>44.959</AltitudeMeters><DistanceMeters>3727.10009765625</DistanceMeters><HeartRateBpm><Value>138</Value></HeartRateBpm><Cadence>86</Cadence><SensorState>Present</SensorState></Trackpoint><Trackpoint><Time>2025-11-04T11:55:45.708Z</Time><Position><LatitudeDegrees>43.295935</LatitudeDegrees><LongitudeDegrees>-2.88359</LongitudeDegrees></Position><AltitudeMeters>44.959</AltitudeMeters><DistanceMeters>3729.60009765625</DistanceMeters><HeartRateBpm><Value>138</Value></HeartRateBpm><Cadence>88</Cadence><SensorState>Present</SensorState></Trackpoint><Trackpoint><Time>2025-11-04T11:55:46.708Z</Time><Position><LatitudeDegrees>43.29591167</LatitudeDegrees><LongitudeDegrees>-2.88358833</LongitudeDegrees></Position><AltitudeMeters>44.959</AltitudeMeters><DistanceMeters>3732.0</DistanceMeters><HeartRateBpm><Value>138</Value></HeartRateBpm><Cadence>88</Cadence><SensorState>Present</SensorState></Trackpoint><Trackpoint><Time>2025-11-04T11:55:47.708Z</Time><Position><LatitudeDegrees>43.29588667</LatitudeDegrees><LongitudeDegrees>-2.88358833</LongitudeDegrees></Position><AltitudeMeters>44.959</AltitudeMeters><DistanceMeters>3734.39990234375</DistanceMeters><HeartRateBpm><Value>138</Value></HeartRateBpm><Cadence>87</Cadence><SensorState>Present</SensorState></Trackpoint><Trackpoint><Time>2025-11-04T11:55:48.708Z</Time><Position><LatitudeDegrees>43.29586667</LatitudeDegrees><LongitudeDegrees>-2.883585</LongitudeDegrees></Position><AltitudeMeters>44.959</AltitudeMeters><DistanceMeters>3737.300048828125</DistanceMeters><HeartRateBpm><Value>138</Value></HeartRateBpm><Cadence>86</Cadence><SensorState>Present</SensorState></Trackpoint><Trackpoint><Time>2025-11-04T11:55:49.708Z</Time><Position><LatitudeDegrees>43.29583833</LatitudeDegrees><LongitudeDegrees>-2.88358333</LongitudeDegrees></Position><AltitudeMeters>44.959</AltitudeMeters><DistanceMeters>3740.199951171875</DistanceMeters><HeartRateBpm><Value>138</Value></HeartRateBpm><Cadence>86</Cadence><SensorState>Present</SensorState></Trackpoint><Trackpoint><Time>2025-11-04T11:55:50.708Z</Time><Position><LatitudeDegrees>43.29581</LatitudeDegrees><LongitudeDegrees>-2.883575</LongitudeDegrees></Position><AltitudeMeters>44.959</AltitudeMeters><DistanceMeters>3743.699951171875</DistanceMeters><HeartRateBpm><Value>138</Value></HeartRateBpm><Cadence>88</Cadence><SensorState>Present</SensorState></Trackpoint><Trackpoint><Time>2025-11-04T11:55:51.708Z</Time><Position><LatitudeDegrees>43.29578</LatitudeDegrees><LongitudeDegrees>-2.88356833</LongitudeDegrees></Position><AltitudeMeters>44.959</AltitudeMeters><DistanceMeters>3746.699951171875</DistanceMeters><HeartRateBpm><Value>138</Value></HeartRateBpm><Cadence>88</Cadence><SensorState>Present</SensorState></Trackpoint><Trackpoint><Time>2025-11-04T11:55:52.708Z</Time><Position><LatitudeDegrees>43.295755</LatitudeDegrees><LongitudeDegrees>-2.88356333</LongitudeDegrees></Position><AltitudeMeters>44.959</AltitudeMeters><DistanceMeters>3749.800048828125</DistanceMeters><HeartRateBpm><Value>138</Value></HeartRateBpm><Cadence>88</Cadence><SensorState>Present</SensorState></Trackpoint><Trackpoint><Time>2025-11-04T11:55:53.708Z</Time><Position><LatitudeDegrees>43.29572833</LatitudeDegrees><LongitudeDegrees>-2.88356</LongitudeDegrees></Position><AltitudeMeters>44.959</AltitudeMeters><DistanceMeters>3752.89990234375</DistanceMeters><HeartRateBpm><Value>138</Value></HeartRateBpm><Cadence>88</Cadence><SensorState>Present</SensorState></Trackpoint><Trackpoint><Time>2025-11-04T11:55:54.708Z</Time><Position><LatitudeDegrees>43.295705</LatitudeDegrees><LongitudeDegrees>-2.88356167</LongitudeDegrees></Position><AltitudeMeters>44.959</AltitudeMeters><DistanceMeters>3755.89990234375</DistanceMeters><HeartRateBpm><Value>138</Value></HeartRateBpm><Cadence>88</Cadence><SensorState>Present</SensorState></Trackpoint><Trackpoint><Time>2025-11-04T11:55:55.708Z</Time><Position><LatitudeDegrees>43.29568</LatitudeDegrees><LongitudeDegrees>-2.88356333</LongitudeDegrees></Position><AltitudeMeters>44.959</AltitudeMeters><DistanceMeters>3759.10009765625</DistanceMeters><HeartRateBpm><Value>138</Value></HeartRateBpm><Cadence>88</Cadence><SensorState>Present</SensorState></Trackpoint><Trackpoint><Time>2025-11-04T11:55:56.708Z</Time><Position><LatitudeDegrees>43.29565167</LatitudeDegrees><LongitudeDegrees>-2.88356667</LongitudeDegrees></Position><AltitudeMeters>44.959</AltitudeMeters><DistanceMeters>3762.300048828125</DistanceMeters><HeartRateBpm><Value>138</Value></HeartRateBpm><Cadence>88</Cadence><SensorState>Present</SensorState></Trackpoint><Trackpoint><Time>2025-11-04T11:55:57.708Z</Time><Position><LatitudeDegrees>43.29562667</LatitudeDegrees><LongitudeDegrees>-2.88356833</LongitudeDegrees></Position><AltitudeMeters>45.111</AltitudeMeters><DistanceMeters>3765.10009765625</DistanceMeters><HeartRateBpm><Value>139</Value></HeartRateBpm><Cadence>88</Cadence><SensorState>Present</SensorState></Trackpoint><Trackpoint><Time>2025-11-04T11:55:58.708Z</Time><Position><LatitudeDegrees>43.2956</LatitudeDegrees><LongitudeDegrees>-2.88357167</LongitudeDegrees></Position><AltitudeMeters>45.111</AltitudeMeters><DistanceMeters>3767.699951171875</DistanceMeters><HeartRateBpm><Value>139</Value></HeartRateBpm><Cadence>88</Cadence><SensorState>Present</SensorState></Trackpoint><Trackpoint><Time>2025-11-04T11:55:59.708Z</Time><Position><LatitudeDegrees>43.295575</LatitudeDegrees><LongitudeDegrees>-2.883575</LongitudeDegrees></Position><AltitudeMeters>45.111</AltitudeMeters><DistanceMeters>3770.300048828125</DistanceMeters><HeartRateBpm><Value>139</Value></HeartRateBpm><Cadence>88</Cadence><SensorState>Present</SensorState></Trackpoint><Trackpoint><Time>2025-11-04T11:56:00.708Z</Time><Position><LatitudeDegrees>43.29555167</LatitudeDegrees><LongitudeDegrees>-2.883585</LongitudeDegrees></Position><AltitudeMeters>45.111</AltitudeMeters><DistanceMeters>3772.89990234375</DistanceMeters><HeartRateBpm><Value>140</Value></HeartRateBpm><Cadence>89</Cadence><SensorState>Present</SensorState></Trackpoint><Trackpoint><Time>2025-11-04T11:56:01.708Z</Time><Position><LatitudeDegrees>43.29553</LatitudeDegrees><LongitudeDegrees>-2.88359</LongitudeDegrees></Position><AltitudeMeters>45.111</AltitudeMeters><DistanceMeters>3775.60009765625</DistanceMeters><HeartRateBpm><Value>140</Value></HeartRateBpm><Cadence>90</Cadence><SensorState>Present</SensorState></Trackpoint><Trackpoint><Time>2025-11-04T11:56:02.708Z</Time><Position><LatitudeDegrees>43.295505</LatitudeDegrees><LongitudeDegrees>-2.88358167</LongitudeDegrees></Position><AltitudeMeters>45.263</AltitudeMeters><DistanceMeters>3778.5</DistanceMeters><HeartRateBpm><Value>140</Value></HeartRateBpm><Cadence>90</Cadence><SensorState>Present</SensorState></Trackpoint><Trackpoint><Time>2025-11-04T11:56:03.708Z</Time><Position><LatitudeDegrees>43.29547833</LatitudeDegrees><LongitudeDegrees>-2.88357333</LongitudeDegrees></Position><AltitudeMeters>45.263</AltitudeMeters><DistanceMeters>3781.5</DistanceMeters><HeartRateBpm><Value>140</Value></HeartRateBpm><Cadence>90</Cadence><SensorState>Present</SensorState></Trackpoint><Trackpoint><Time>2025-11-04T11:56:04.708Z</Time><Position><LatitudeDegrees>43.29545167</LatitudeDegrees><LongitudeDegrees>-2.88356667</LongitudeDegrees></Position><AltitudeMeters>45.263</AltitudeMeters><DistanceMeters>3784.10009765625</DistanceMeters><HeartRateBpm><Value>140</Value></HeartRateBpm><Cadence>90</Cadence><SensorState>Present</SensorState></Trackpoint><Trackpoint><Time>2025-11-04T11:56:05.708Z</Time><Position><LatitudeDegrees>43.29542667</LatitudeDegrees><LongitudeDegrees>-2.88355667</LongitudeDegrees></Position><AltitudeMeters>45.416</AltitudeMeters><DistanceMeters>3786.89990234375</DistanceMeters><HeartRateBpm><Value>140</Value></HeartRateBpm><Cadence>90</Cadence><SensorState>Present</SensorState></Trackpoint><Trackpoint><Time>2025-11-04T11:56:06.708Z</Time><Position><LatitudeDegrees>43.29540333</LatitudeDegrees><LongitudeDegrees>-2.88355167</LongitudeDegrees></Position><AltitudeMeters>45.416</AltitudeMeters><DistanceMeters>3789.39990234375</DistanceMeters><HeartRateBpm><Value>141</Value></HeartRateBpm><Cadence>90</Cadence><SensorState>Present</SensorState></Trackpoint><Trackpoint><Time>2025-11-04T11:56:07.708Z</Time><Position><LatitudeDegrees>43.29538</LatitudeDegrees><LongitudeDegrees>-2.88354667</LongitudeDegrees></Position><AltitudeMeters>45.416</AltitudeMeters><DistanceMeters>3792.5</DistanceMeters><HeartRateBpm><Value>141</Value></HeartRateBpm><Cadence>90</Cadence><SensorState>Present</SensorState></Trackpoint><Trackpoint><Time>2025-11-04T11:56:08.708Z</Time><Position><LatitudeDegrees>43.29535167</LatitudeDegrees><LongitudeDegrees>-2.88354333</LongitudeDegrees></Position><AltitudeMeters>45.568</AltitudeMeters><DistanceMeters>3795.699951171875</DistanceMeters><HeartRateBpm><Value>141</Value></HeartRateBpm><Cadence>90</Cadence><SensorState>Present</SensorState></Trackpoint><Trackpoint><Time>2025-11-04T11:56:09.708Z</Time><Position><LatitudeDegrees>43.29532333</LatitudeDegrees><LongitudeDegrees>-2.88353667</LongitudeDegrees></Position><AltitudeMeters>45.568</AltitudeMeters><DistanceMeters>3799.199951171875</DistanceMeters><HeartRateBpm><Value>141</Value></HeartRateBpm><Cadence>90</Cadence><SensorState>Present</SensorState></Trackpoint><Trackpoint><Time>2025-11-04T11:56:10.708Z</Time><Position><LatitudeDegrees>43.29529333</LatitudeDegrees><LongitudeDegrees>-2.883535</LongitudeDegrees></Position><AltitudeMeters>45.568</AltitudeMeters><DistanceMeters>3802.39990234375</DistanceMeters><HeartRateBpm><Value>141</Value></HeartRateBpm><Cadence>89</Cadence><SensorState>Present</SensorState></Trackpoint><Trackpoint><Time>2025-11-04T11:56:11.708Z</Time><Position><LatitudeDegrees>43.295265</LatitudeDegrees><LongitudeDegrees>-2.88353333</LongitudeDegrees></Position><AltitudeMeters>45.721</AltitudeMeters><DistanceMeters>3805.60009765625</DistanceMeters><HeartRateBpm><Value>141</Value></HeartRateBpm><Cadence>90</Cadence><SensorState>Present</SensorState></Trackpoint><Trackpoint><Time>2025-11-04T11:56:12.708Z</Time><Position><LatitudeDegrees>43.29523667</LatitudeDegrees><LongitudeDegrees>-2.88352833</LongitudeDegrees></Position><AltitudeMeters>45.721</AltitudeMeters><DistanceMeters>3808.699951171875</DistanceMeters><HeartRateBpm><Value>141</Value></HeartRateBpm><Cadence>90</Cadence><SensorState>Present</SensorState></Trackpoint><Trackpoint><Time>2025-11-04T11:56:13.708Z</Time><Position><LatitudeDegrees>43.29521</LatitudeDegrees><LongitudeDegrees>-2.88352833</LongitudeDegrees></Position><AltitudeMeters>45.721</AltitudeMeters><DistanceMeters>3811.89990234375</DistanceMeters><HeartRateBpm><Value>141</Value></HeartRateBpm><Cadence>90</Cadence><SensorState>Present</SensorState></Trackpoint><Trackpoint><Time>2025-11-04T11:56:14.708Z</Time><Position><LatitudeDegrees>43.29518167</LatitudeDegrees><LongitudeDegrees>-2.88352</LongitudeDegrees></Position><AltitudeMeters>45.873</AltitudeMeters><DistanceMeters>3815.199951171875</DistanceMeters><HeartRateBpm><Value>141</Value></HeartRateBpm><Cadence>90</Cadence><SensorState>Present</SensorState></Trackpoint><Trackpoint><Time>2025-11-04T11:56:15.708Z</Time><Position><LatitudeDegrees>43.29515667</LatitudeDegrees><LongitudeDegrees>-2.88351167</LongitudeDegrees></Position><AltitudeMeters>45.873</AltitudeMeters><DistanceMeters>3819.10009765625</DistanceMeters><HeartRateBpm><Value>141</Value></HeartRateBpm><Cadence>90</Cadence><SensorState>Present</SensorState></Trackpoint><Trackpoint><Time>2025-11-04T11:56:16.708Z</Time><Position><LatitudeDegrees>43.29512167</LatitudeDegrees><LongitudeDegrees>-2.88350333</LongitudeDegrees></Position><AltitudeMeters>46.025</AltitudeMeters><DistanceMeters>3822.10009765625</DistanceMeters><HeartRateBpm><Value>141</Value></HeartRateBpm><Cadence>89</Cadence><SensorState>Present</SensorState></Trackpoint><Trackpoint><Time>2025-11-04T11:56:17.708Z</Time><Position><LatitudeDegrees>43.295095</LatitudeDegrees><LongitudeDegrees>-2.88350167</LongitudeDegrees></Position><AltitudeMeters>46.025</AltitudeMeters><DistanceMeters>3825.199951171875</DistanceMeters><HeartRateBpm><Value>141</Value></HeartRateBpm><Cadence>89</Cadence><SensorState>Present</SensorState></Trackpoint><Trackpoint><Time>2025-11-04T11:56:18.708Z</Time><Position><LatitudeDegrees>43.29507</LatitudeDegrees><LongitudeDegrees>-2.88349667</LongitudeDegrees></Position><AltitudeMeters>46.025</AltitudeMeters><DistanceMeters>3828.0</DistanceMeters><HeartRateBpm><Value>141</Value></HeartRateBpm><Cadence>89</Cadence><SensorState>Present</SensorState></Trackpoint><Trackpoint><Time>2025-11-04T11:56:19.708Z</Time><Position><LatitudeDegrees>43.295045</LatitudeDegrees><LongitudeDegrees>-2.88349333</LongitudeDegrees></Position><AltitudeMeters>46.178</AltitudeMeters><DistanceMeters>3831.0</DistanceMeters><HeartRateBpm><Value>141</Value></HeartRateBpm><Cadence>90</Cadence><SensorState>Present</SensorState></Trackpoint><Trackpoint><Time>2025-11-04T11:56:20.708Z</Time><Position><LatitudeDegrees>43.29501833</LatitudeDegrees><LongitudeDegrees>-2.88348833</LongitudeDegrees></Position><AltitudeMeters>46.178</AltitudeMeters><DistanceMeters>3833.89990234375</DistanceMeters><HeartRateBpm><Value>141</Value></HeartRateBpm><Cadence>90</Cadence><SensorState>Present</SensorState></Trackpoint><Trackpoint><Time>2025-11-04T11:56:21.708Z</Time><Position><LatitudeDegrees>43.29499333</LatitudeDegrees><LongitudeDegrees>-2.88348167</LongitudeDegrees></Position><AltitudeMeters>46.178</AltitudeMeters><DistanceMeters>3836.800048828125</DistanceMeters><HeartRateBpm><Value>141</Value></HeartRateBpm><Cadence>90</Cadence><SensorState>Present</SensorState></Trackpoint><Trackpoint><Time>2025-11-04T11:56:22.708Z</Time><Position><LatitudeDegrees>43.29496833</LatitudeDegrees><LongitudeDegrees>-2.88347667</LongitudeDegrees></Position><AltitudeMeters>46.178</AltitudeMeters><DistanceMeters>3839.5</DistanceMeters><HeartRateBpm><Value>140</Value></HeartRateBpm><Cadence>90</Cadence><SensorState>Present</SensorState></Trackpoint><Trackpoint><Time>2025-11-04T11:56:23.708Z</Time><Position><LatitudeDegrees>43.29494167</LatitudeDegrees><LongitudeDegrees>-2.88347667</LongitudeDegrees></Position><AltitudeMeters>46.178</AltitudeMeters><DistanceMeters>3842.5</DistanceMeters><HeartRateBpm><Value>140</Value></HeartRateBpm><Cadence>90</Cadence><SensorState>Present</SensorState></Trackpoint><Trackpoint><Time>2025-11-04T11:56:24.708Z</Time><Position><LatitudeDegrees>43.29491667</LatitudeDegrees><LongitudeDegrees>-2.88347667</LongitudeDegrees></Position><AltitudeMeters>46.178</AltitudeMeters><DistanceMeters>3844.699951171875</DistanceMeters><HeartRateBpm><Value>140</Value></HeartRateBpm><Cadence>90</Cadence><SensorState>Present</SensorState></Trackpoint><Trackpoint><Time>2025-11-04T11:56:25.708Z</Time><Position><LatitudeDegrees>43.29489333</LatitudeDegrees><LongitudeDegrees>-2.88348</LongitudeDegrees></Position><AltitudeMeters>46.33</AltitudeMeters><DistanceMeters>3847.60009765625</DistanceMeters><HeartRateBpm><Value>140</Value></HeartRateBpm><Cadence>90</Cadence><SensorState>Present</SensorState></Trackpoint><Trackpoint><Time>2025-11-04T11:56:26.708Z</Time><Position><LatitudeDegrees>43.294865</LatitudeDegrees><LongitudeDegrees>-2.88348</LongitudeDegrees></Position><AltitudeMeters>46.33</AltitudeMeters><DistanceMeters>3850.60009765625</DistanceMeters><HeartRateBpm><Value>140</Value></HeartRateBpm><Cadence>90</Cadence><SensorState>Present</SensorState></Trackpoint><Trackpoint><Time>2025-11-04T11:56:27.708Z</Time><Position><LatitudeDegrees>43.29483833</LatitudeDegrees><LongitudeDegrees>-2.88348</LongitudeDegrees></Position><AltitudeMeters>46.33</AltitudeMeters><DistanceMeters>3853.800048828125</DistanceMeters><HeartRateBpm><Value>140</Value></HeartRateBpm><Cadence>90</Cadence><SensorState>Present</SensorState></Trackpoint><Trackpoint><Time>2025-11-04T11:56:28.708Z</Time><Position><LatitudeDegrees>43.29480833</LatitudeDegrees><LongitudeDegrees>-2.88347833</LongitudeDegrees></Position><AltitudeMeters>46.33</AltitudeMeters><DistanceMeters>3856.60009765625</DistanceMeters><HeartRateBpm><Value>140</Value></HeartRateBpm><Cadence>90</Cadence><SensorState>Present</SensorState></Trackpoint><Trackpoint><Time>2025-11-04T11:56:29.708Z</Time><Position><LatitudeDegrees>43.29478333</LatitudeDegrees><LongitudeDegrees>-2.88347833</LongitudeDegrees></Position><AltitudeMeters>46.33</AltitudeMeters><DistanceMeters>3859.60009765625</DistanceMeters><HeartRateBpm><Value>140</Value></HeartRateBpm><Cadence>90</Cadence><SensorState>Present</SensorState></Trackpoint><Trackpoint><Time>2025-11-04T11:56:30.708Z</Time><Position><LatitudeDegrees>43.29475833</LatitudeDegrees><LongitudeDegrees>-2.883475</LongitudeDegrees></Position><AltitudeMeters>46.33</AltitudeMeters><DistanceMeters>3862.699951171875</DistanceMeters><HeartRateBpm><Value>140</Value></HeartRateBpm><Cadence>89</Cadence><SensorState>Present</SensorState></Trackpoint><Trackpoint><Time>2025-11-04T11:56:31.708Z</Time><Position><LatitudeDegrees>43.29473167</LatitudeDegrees><LongitudeDegrees>-2.88347</LongitudeDegrees></Position><AltitudeMeters>46.178</AltitudeMeters><DistanceMeters>3865.699951171875</DistanceMeters><HeartRateBpm><Value>140</Value></HeartRateBpm><Cadence>89</Cadence><SensorState>Present</SensorState></Trackpoint><Trackpoint><Time>2025-11-04T11:56:32.708Z</Time><Position><LatitudeDegrees>43.294705</LatitudeDegrees><LongitudeDegrees>-2.88346333</LongitudeDegrees></Position><AltitudeMeters>46.178</AltitudeMeters><DistanceMeters>3868.60009765625</DistanceMeters><HeartRateBpm><Value>140</Value></HeartRateBpm><Cadence>89</Cadence><SensorState>Present</SensorState></Trackpoint><Trackpoint><Time>2025-11-04T11:56:33.708Z</Time><Position><LatitudeDegrees>43.29468</LatitudeDegrees><LongitudeDegrees>-2.88346</LongitudeDegrees></Position><AltitudeMeters>46.178</AltitudeMeters><DistanceMeters>3871.800048828125</DistanceMeters><HeartRateBpm><Value>141</Value></HeartRateBpm><Cadence>89</Cadence><SensorState>Present</SensorState></Trackpoint><Trackpoint><Time>2025-11-04T11:56:34.708Z</Time><Position><LatitudeDegrees>43.29465333</LatitudeDegrees><LongitudeDegrees>-2.88345667</LongitudeDegrees></Position><AltitudeMeters>46.178</AltitudeMeters><DistanceMeters>3874.39990234375</DistanceMeters><HeartRateBpm><Value>141</Value></HeartRateBpm><Cadence>89</Cadence><SensorState>Present</SensorState></Trackpoint><Trackpoint><Time>2025-11-04T11:56:35.708Z</Time><Position><LatitudeDegrees>43.29463</LatitudeDegrees><LongitudeDegrees>-2.88345667</LongitudeDegrees></Position><AltitudeMeters>46.178</AltitudeMeters><DistanceMeters>3877.199951171875</DistanceMeters><HeartRateBpm><Value>141</Value></HeartRateBpm><Cadence>89</Cadence><SensorState>Present</SensorState></Trackpoint><Trackpoint><Time>2025-11-04T11:56:36.708Z</Time><Position><LatitudeDegrees>43.294605</LatitudeDegrees><LongitudeDegrees>-2.88345833</LongitudeDegrees></Position><AltitudeMeters>46.178</AltitudeMeters><DistanceMeters>3879.89990234375</DistanceMeters><HeartRateBpm><Value>142</Value></HeartRateBpm><Cadence>90</Cadence><SensorState>Present</SensorState></Trackpoint><Trackpoint><Time>2025-11-04T11:56:37.708Z</Time><Position><LatitudeDegrees>43.29457833</LatitudeDegrees><LongitudeDegrees>-2.88345667</LongitudeDegrees></Position><AltitudeMeters>46.178</AltitudeMeters><DistanceMeters>3883.0</DistanceMeters><HeartRateBpm><Value>142</Value></HeartRateBpm><Cadence>90</Cadence><SensorState>Present</SensorState></Trackpoint><Trackpoint><Time>2025-11-04T11:56:38.708Z</Time><Position><LatitudeDegrees>43.29455</LatitudeDegrees><LongitudeDegrees>-2.883455</LongitudeDegrees></Position><AltitudeMeters>46.178</AltitudeMeters><DistanceMeters>3886.10009765625</DistanceMeters><HeartRateBpm><Value>142</Value></HeartRateBpm><Cadence>90</Cadence><SensorState>Present</SensorState></Trackpoint><Trackpoint><Time>2025-11-04T11:56:39.708Z</Time><Position><LatitudeDegrees>43.29452167</LatitudeDegrees><LongitudeDegrees>-2.88345167</LongitudeDegrees></Position><AltitudeMeters>46.178</AltitudeMeters><DistanceMeters>3889.199951171875</DistanceMeters><HeartRateBpm><Value>143</Value></HeartRateBpm><Cadence>90</Cadence><SensorState>Present</SensorState></Trackpoint><Trackpoint><Time>2025-11-04T11:56:40.708Z</Time><Position><LatitudeDegrees>43.29449333</LatitudeDegrees><LongitudeDegrees>-2.88345333</LongitudeDegrees></Position><AltitudeMeters>46.178</AltitudeMeters><DistanceMeters>3892.199951171875</DistanceMeters><HeartRateBpm><Value>143</Value></HeartRateBpm><Cadence>89</Cadence><SensorState>Present</SensorState></Trackpoint><Trackpoint><Time>2025-11-04T11:56:41.708Z</Time><Position><LatitudeDegrees>43.29446667</LatitudeDegrees><LongitudeDegrees>-2.88345667</LongitudeDegrees></Position><AltitudeMeters>46.178</AltitudeMeters><DistanceMeters>3895.199951171875</DistanceMeters><HeartRateBpm><Value>143</Value></HeartRateBpm><Cadence>87</Cadence><SensorState>Present</SensorState></Trackpoint><Trackpoint><Time>2025-11-04T11:56:42.708Z</Time><Position><LatitudeDegrees>43.29444167</LatitudeDegrees><LongitudeDegrees>-2.88345833</LongitudeDegrees></Position><AltitudeMeters>46.178</AltitudeMeters><DistanceMeters>3898.199951171875</DistanceMeters><HeartRateBpm><Value>144</Value></HeartRateBpm><Cadence>86</Cadence><SensorState>Present</SensorState></Trackpoint><Trackpoint><Time>2025-11-04T11:56:43.708Z</Time><Position><LatitudeDegrees>43.294415</LatitudeDegrees><LongitudeDegrees>-2.88345833</LongitudeDegrees></Position><AltitudeMeters>46.178</AltitudeMeters><DistanceMeters>3901.300048828125</DistanceMeters><HeartRateBpm><Value>144</Value></HeartRateBpm><Cadence>86</Cadence><SensorState>Present</SensorState></Trackpoint><Trackpoint><Time>2025-11-04T11:56:44.708Z</Time><Position><LatitudeDegrees>43.29438833</LatitudeDegrees><LongitudeDegrees>-2.88345667</LongitudeDegrees></Position><AltitudeMeters>46.178</AltitudeMeters><DistanceMeters>3904.60009765625</DistanceMeters><HeartRateBpm><Value>144</Value></HeartRateBpm><Cadence>87</Cadence><SensorState>Present</SensorState></Trackpoint><Trackpoint><Time>2025-11-04T11:56:45.708Z</Time><Position><LatitudeDegrees>43.29436</LatitudeDegrees><LongitudeDegrees>-2.88345667</LongitudeDegrees></Position><AltitudeMeters>46.025</AltitudeMeters><DistanceMeters>3907.800048828125</DistanceMeters><HeartRateBpm><Value>144</Value></HeartRateBpm><Cadence>88</Cadence><SensorState>Present</SensorState></Trackpoint><Trackpoint><Time>2025-11-04T11:56:46.708Z</Time><Position><LatitudeDegrees>43.29433167</LatitudeDegrees><LongitudeDegrees>-2.88345333</LongitudeDegrees></Position><AltitudeMeters>46.178</AltitudeMeters><DistanceMeters>3910.800048828125</DistanceMeters><HeartRateBpm><Value>144</Value></HeartRateBpm><Cadence>88</Cadence><SensorState>Present</SensorState></Trackpoint><Trackpoint><Time>2025-11-04T11:56:47.708Z</Time><Position><LatitudeDegrees>43.29430333</LatitudeDegrees><LongitudeDegrees>-2.883455</LongitudeDegrees></Position><AltitudeMeters>46.178</AltitudeMeters><DistanceMeters>3913.800048828125</DistanceMeters><HeartRateBpm><Value>144</Value></HeartRateBpm><Cadence>88</Cadence><SensorState>Present</SensorState></Trackpoint><Trackpoint><Time>2025-11-04T11:56:48.708Z</Time><Position><LatitudeDegrees>43.29427667</LatitudeDegrees><LongitudeDegrees>-2.88345833</LongitudeDegrees></Position><AltitudeMeters>46.178</AltitudeMeters><DistanceMeters>3916.89990234375</DistanceMeters><HeartRateBpm><Value>144</Value></HeartRateBpm><Cadence>88</Cadence><SensorState>Present</SensorState></Trackpoint><Trackpoint><Time>2025-11-04T11:56:49.708Z</Time><Position><LatitudeDegrees>43.29424833</LatitudeDegrees><LongitudeDegrees>-2.88346</LongitudeDegrees></Position><AltitudeMeters>46.178</AltitudeMeters><DistanceMeters>3919.89990234375</DistanceMeters><HeartRateBpm><Value>143</Value></HeartRateBpm><Cadence>88</Cadence><SensorState>Present</SensorState></Trackpoint><Trackpoint><Time>2025-11-04T11:56:50.708Z</Time><Position><LatitudeDegrees>43.29422167</LatitudeDegrees><LongitudeDegrees>-2.88345833</LongitudeDegrees></Position><AltitudeMeters>46.178</AltitudeMeters><DistanceMeters>3922.89990234375</DistanceMeters><HeartRateBpm><Value>143</Value></HeartRateBpm><Cadence>88</Cadence><SensorState>Present</SensorState></Trackpoint><Trackpoint><Time>2025-11-04T11:56:51.708Z</Time><Position><LatitudeDegrees>43.29419833</LatitudeDegrees><LongitudeDegrees>-2.88345667</LongitudeDegrees></Position><AltitudeMeters>46.178</AltitudeMeters><DistanceMeters>3925.89990234375</DistanceMeters><HeartRateBpm><Value>143</Value></HeartRateBpm><Cadence>88</Cadence><SensorState>Present</SensorState></Trackpoint><Trackpoint><Time>2025-11-04T11:56:52.708Z</Time><Position><LatitudeDegrees>43.29417167</LatitudeDegrees><LongitudeDegrees>-2.883455</LongitudeDegrees></Position><AltitudeMeters>46.178</AltitudeMeters><DistanceMeters>3928.800048828125</DistanceMeters><HeartRateBpm><Value>143</Value></HeartRateBpm><Cadence>88</Cadence><SensorState>Present</SensorState></Trackpoint><Trackpoint><Time>2025-11-04T11:56:53.708Z</Time><Position><LatitudeDegrees>43.29414667</LatitudeDegrees><LongitudeDegrees>-2.88345333</LongitudeDegrees></Position><AltitudeMeters>46.178</AltitudeMeters><DistanceMeters>3931.60009765625</DistanceMeters><HeartRateBpm><Value>143</Value></HeartRateBpm><Cadence>88</Cadence><SensorState>Present</SensorState></Trackpoint><Trackpoint><Time>2025-11-04T11:56:54.708Z</Time><Position><LatitudeDegrees>43.29412</LatitudeDegrees><LongitudeDegrees>-2.88345167</LongitudeDegrees></Position><AltitudeMeters>46.178</AltitudeMeters><DistanceMeters>3934.300048828125</DistanceMeters><HeartRateBpm><Value>142</Value></HeartRateBpm><Cadence>88</Cadence><SensorState>Present</SensorState></Trackpoint><Trackpoint><Time>2025-11-04T11:56:55.708Z</Time><Position><LatitudeDegrees>43.294095</LatitudeDegrees><LongitudeDegrees>-2.88345167</LongitudeDegrees></Position><AltitudeMeters>46.33</AltitudeMeters><DistanceMeters>3937.10009765625</DistanceMeters><HeartRateBpm><Value>142</Value></HeartRateBpm><Cadence>88</Cadence><SensorState>Present</SensorState></Trackpoint><Trackpoint><Time>2025-11-04T11:56:56.708Z</Time><Position><LatitudeDegrees>43.29406833</LatitudeDegrees><LongitudeDegrees>-2.88345167</LongitudeDegrees></Position><AltitudeMeters>46.33</AltitudeMeters><DistanceMeters>3939.89990234375</DistanceMeters><HeartRateBpm><Value>142</Value></HeartRateBpm><Cadence>88</Cadence><SensorState>Present</SensorState></Trackpoint><Trackpoint><Time>2025-11-04T11:56:57.708Z</Time><Position><LatitudeDegrees>43.29404333</LatitudeDegrees><LongitudeDegrees>-2.88345</LongitudeDegrees></Position><AltitudeMeters>46.33</AltitudeMeters><DistanceMeters>3942.800048828125</DistanceMeters><HeartRateBpm><Value>142</Value></HeartRateBpm><Cadence>89</Cadence><SensorState>Present</SensorState></Trackpoint><Trackpoint><Time>2025-11-04T11:56:58.708Z</Time><Position><LatitudeDegrees>43.29401667</LatitudeDegrees><LongitudeDegrees>-2.88344833</LongitudeDegrees></Position><AltitudeMeters>46.33</AltitudeMeters><DistanceMeters>3945.800048828125</DistanceMeters><HeartRateBpm><Value>142</Value></HeartRateBpm><Cadence>90</Cadence><SensorState>Present</SensorState></Trackpoint><Trackpoint><Time>2025-11-04T11:56:59.708Z</Time><Position><LatitudeDegrees>43.29398833</LatitudeDegrees><LongitudeDegrees>-2.883445</LongitudeDegrees></Position><AltitudeMeters>46.33</AltitudeMeters><DistanceMeters>3949.199951171875</DistanceMeters><HeartRateBpm><Value>142</Value></HeartRateBpm><Cadence>90</Cadence><SensorState>Present</SensorState></Trackpoint><Trackpoint><Time>2025-11-04T11:57:00.708Z</Time><Position><LatitudeDegrees>43.29395833</LatitudeDegrees><LongitudeDegrees>-2.88344167</LongitudeDegrees></Position><AltitudeMeters>46.33</AltitudeMeters><DistanceMeters>3952.39990234375</DistanceMeters><HeartRateBpm><Value>142</Value></HeartRateBpm><Cadence>89</Cadence><SensorState>Present</SensorState></Trackpoint><Trackpoint><Time>2025-11-04T11:57:01.708Z</Time><Position><LatitudeDegrees>43.29392833</LatitudeDegrees><LongitudeDegrees>-2.88343833</LongitudeDegrees></Position><AltitudeMeters>46.33</AltitudeMeters><DistanceMeters>3955.60009765625</DistanceMeters><HeartRateBpm><Value>141</Value></HeartRateBpm><Cadence>89</Cadence><SensorState>Present</SensorState></Trackpoint><Trackpoint><Time>2025-11-04T11:57:02.708Z</Time><Position><LatitudeDegrees>43.29390167</LatitudeDegrees><LongitudeDegrees>-2.88343833</LongitudeDegrees></Position><AltitudeMeters>46.33</AltitudeMeters><DistanceMeters>3958.699951171875</DistanceMeters><HeartRateBpm><Value>141</Value></HeartRateBpm><Cadence>89</Cadence><SensorState>Present</SensorState></Trackpoint><Trackpoint><Time>2025-11-04T11:57:03.708Z</Time><Position><LatitudeDegrees>43.293875</LatitudeDegrees><LongitudeDegrees>-2.88343833</LongitudeDegrees></Position><AltitudeMeters>46.33</AltitudeMeters><DistanceMeters>3961.60009765625</DistanceMeters><HeartRateBpm><Value>141</Value></HeartRateBpm><Cadence>89</Cadence><SensorState>Present</SensorState></Trackpoint><Trackpoint><Time>2025-11-04T11:57:04.708Z</Time><Position><LatitudeDegrees>43.29385167</LatitudeDegrees><LongitudeDegrees>-2.88344</LongitudeDegrees></Position><AltitudeMeters>46.33</AltitudeMeters><DistanceMeters>3964.300048828125</DistanceMeters><HeartRateBpm><Value>142</Value></HeartRateBpm><Cadence>89</Cadence><SensorState>Present</SensorState></Trackpoint><Trackpoint><Time>2025-11-04T11:57:05.708Z</Time><Position><LatitudeDegrees>43.29383333</LatitudeDegrees><LongitudeDegrees>-2.88344167</LongitudeDegrees></Position><AltitudeMeters>46.33</AltitudeMeters><DistanceMeters>3967.699951171875</DistanceMeters><HeartRateBpm><Value>142</Value></HeartRateBpm><Cadence>89</Cadence><SensorState>Present</SensorState></Trackpoint><Trackpoint><Time>2025-11-04T11:57:06.708Z</Time><Position><LatitudeDegrees>43.2938</LatitudeDegrees><LongitudeDegrees>-2.88344</LongitudeDegrees></Position><AltitudeMeters>46.33</AltitudeMeters><DistanceMeters>3970.39990234375</DistanceMeters><HeartRateBpm><Value>142</Value></HeartRateBpm><Cadence>89</Cadence><SensorState>Present</SensorState></Trackpoint><Trackpoint><Time>2025-11-04T11:57:07.708Z</Time><Position><LatitudeDegrees>43.293775</LatitudeDegrees><LongitudeDegrees>-2.88343667</LongitudeDegrees></Position><AltitudeMeters>46.33</AltitudeMeters><DistanceMeters>3973.199951171875</DistanceMeters><HeartRateBpm><Value>142</Value></HeartRateBpm><Cadence>89</Cadence><SensorState>Present</SensorState></Trackpoint><Trackpoint><Time>2025-11-04T11:57:08.708Z</Time><Position><LatitudeDegrees>43.29375</LatitudeDegrees><LongitudeDegrees>-2.88343667</LongitudeDegrees></Position><AltitudeMeters>46.33</AltitudeMeters><DistanceMeters>3975.60009765625</DistanceMeters><HeartRateBpm><Value>142</Value></HeartRateBpm><Cadence>89</Cadence><SensorState>Present</SensorState></Trackpoint><Trackpoint><Time>2025-11-04T11:57:09.708Z</Time><Position><LatitudeDegrees>43.29372667</LatitudeDegrees><LongitudeDegrees>-2.88343667</LongitudeDegrees></Position><AltitudeMeters>46.33</AltitudeMeters><DistanceMeters>3978.0</DistanceMeters><HeartRateBpm><Value>142</Value></HeartRateBpm><Cadence>90</Cadence><SensorState>Present</SensorState></Trackpoint><Trackpoint><Time>2025-11-04T11:57:10.708Z</Time><Position><LatitudeDegrees>43.29370333</LatitudeDegrees><LongitudeDegrees>-2.88344</LongitudeDegrees></Position><AltitudeMeters>46.33</AltitudeMeters><DistanceMeters>3980.5</DistanceMeters><HeartRateBpm><Value>142</Value></HeartRateBpm><Cadence>89</Cadence><SensorState>Present</SensorState></Trackpoint><Trackpoint><Time>2025-11-04T11:57:11.708Z</Time><Position><LatitudeDegrees>43.29368</LatitudeDegrees><LongitudeDegrees>-2.88343833</LongitudeDegrees></Position><AltitudeMeters>46.483</AltitudeMeters><DistanceMeters>3983.10009765625</DistanceMeters><HeartRateBpm><Value>142</Value></HeartRateBpm><Cadence>90</Cadence><SensorState>Present</SensorState></Trackpoint><Trackpoint><Time>2025-11-04T11:57:12.708Z</Time><Position><LatitudeDegrees>43.29365667</LatitudeDegrees><LongitudeDegrees>-2.88344167</LongitudeDegrees></Position><AltitudeMeters>46.483</AltitudeMeters><DistanceMeters>3985.800048828125</DistanceMeters><HeartRateBpm><Value>142</Value></HeartRateBpm><Cadence>89</Cadence><SensorState>Present</SensorState></Trackpoint><Trackpoint><Time>2025-11-04T11:57:13.708Z</Time><Position><LatitudeDegrees>43.29363333</LatitudeDegrees><LongitudeDegrees>-2.88343833</LongitudeDegrees></Position><AltitudeMeters>46.483</AltitudeMeters><DistanceMeters>3988.800048828125</DistanceMeters><HeartRateBpm><Value>141</Value></HeartRateBpm><Cadence>89</Cadence><SensorState>Present</SensorState></Trackpoint><Trackpoint><Time>2025-11-04T11:57:14.708Z</Time><Position><LatitudeDegrees>43.29361</LatitudeDegrees><LongitudeDegrees>-2.88343333</LongitudeDegrees></Position><AltitudeMeters>46.483</AltitudeMeters><DistanceMeters>3991.10009765625</DistanceMeters><HeartRateBpm><Value>141</Value></HeartRateBpm><Cadence>89</Cadence><SensorState>Present</SensorState></Trackpoint><Trackpoint><Time>2025-11-04T11:57:15.708Z</Time><Position><LatitudeDegrees>43.29358333</LatitudeDegrees><LongitudeDegrees>-2.88343167</LongitudeDegrees></Position><AltitudeMeters>46.635</AltitudeMeters><DistanceMeters>3993.89990234375</DistanceMeters><HeartRateBpm><Value>140</Value></HeartRateBpm><Cadence>89</Cadence><SensorState>Present</SensorState></Trackpoint><Trackpoint><Time>2025-11-04T11:57:16.708Z</Time><Position><LatitudeDegrees>43.29355667</LatitudeDegrees><LongitudeDegrees>-2.88343</LongitudeDegrees></Position><AltitudeMeters>46.635</AltitudeMeters><DistanceMeters>3996.89990234375</DistanceMeters><HeartRateBpm><Value>140</Value></HeartRateBpm><Cadence>90</Cadence><SensorState>Present</SensorState></Trackpoint><Trackpoint><Time>2025-11-04T11:57:17.708Z</Time><Position><LatitudeDegrees>43.29352833</LatitudeDegrees><LongitudeDegrees>-2.88343</LongitudeDegrees></Position><AltitudeMeters>46.635</AltitudeMeters><DistanceMeters>4000.60009765625</DistanceMeters><HeartRateBpm><Value>140</Value></HeartRateBpm><Cadence>90</Cadence><SensorState>Present</SensorState></Trackpoint><Trackpoint><Time>2025-11-04T11:57:18.708Z</Time><Position><LatitudeDegrees>43.29349333</LatitudeDegrees><LongitudeDegrees>-2.883425</LongitudeDegrees></Position><AltitudeMeters>46.635</AltitudeMeters><DistanceMeters>4004.300048828125</DistanceMeters><HeartRateBpm><Value>140</Value></HeartRateBpm><Cadence>90</Cadence><SensorState>Present</SensorState></Trackpoint></Track><Extensions><LX xmlns="http://www.garmin.com/xmlschemas/ActivityExtension/v2"><AvgSpeed>2.9337901539272733</AvgSpeed></LX></Extensions></Lap><Lap xmlns="http://www.garmin.com/xmlschemas/TrainingCenterDatabase/v2" StartTime="2025-11-04T11:57:19.708Z"><TotalTimeSeconds>313.0</TotalTimeSeconds><DistanceMeters>1000.0</DistanceMeters><MaximumSpeed>3.9421362347073026</MaximumSpeed><Calories>0</Calories><AverageHeartRateBpm><Value>136</Value></AverageHeartRateBpm><MaximumHeartRateBpm><Value>142</Value></MaximumHeartRateBpm><Intensity>Active</Intensity><Cadence>90</Cadence><TriggerMethod>Distance</TriggerMethod><Track><Trackpoint><Time>2025-11-04T11:57:19.708Z</Time><Position><LatitudeDegrees>43.29346167</LatitudeDegrees><LongitudeDegrees>-2.88341833</LongitudeDegrees></Position><AltitudeMeters>46.787</AltitudeMeters><DistanceMeters>4008.0</DistanceMeters><HeartRateBpm><Value>140</Value></HeartRateBpm><Cadence>90</Cadence><SensorState>Present</SensorState></Trackpoint><Trackpoint><Time>2025-11-04T11:57:20.708Z</Time><Position><LatitudeDegrees>43.29343</LatitudeDegrees><LongitudeDegrees>-2.88340833</LongitudeDegrees></Position><AltitudeMeters>46.787</AltitudeMeters><DistanceMeters>4012.5</DistanceMeters><HeartRateBpm><Value>140</Value></HeartRateBpm><Cadence>90</Cadence><SensorState>Present</SensorState></Trackpoint><Trackpoint><Time>2025-11-04T11:57:21.708Z</Time><Position><LatitudeDegrees>43.29339167</LatitudeDegrees><LongitudeDegrees>-2.88340333</LongitudeDegrees></Position><AltitudeMeters>46.787</AltitudeMeters><DistanceMeters>4016.89990234375</DistanceMeters><HeartRateBpm><Value>139</Value></HeartRateBpm><Cadence>90</Cadence><SensorState>Present</SensorState></Trackpoint><Trackpoint><Time>2025-11-04T11:57:22.708Z</Time><Position><LatitudeDegrees>43.293355</LatitudeDegrees><LongitudeDegrees>-2.88339667</LongitudeDegrees></Position><AltitudeMeters>46.787</AltitudeMeters><DistanceMeters>4021.39990234375</DistanceMeters><HeartRateBpm><Value>139</Value></HeartRateBpm><Cadence>90</Cadence><SensorState>Present</SensorState></Trackpoint><Trackpoint><Time>2025-11-04T11:57:23.708Z</Time><Position><LatitudeDegrees>43.29332</LatitudeDegrees><LongitudeDegrees>-2.88339</LongitudeDegrees></Position><AltitudeMeters>46.787</AltitudeMeters><DistanceMeters>4025.5</DistanceMeters><HeartRateBpm><Value>139</Value></HeartRateBpm><Cadence>90</Cadence><SensorState>Present</SensorState></Trackpoint><Trackpoint><Time>2025-11-04T11:57:24.708Z</Time><Position><LatitudeDegrees>43.29329167</LatitudeDegrees><LongitudeDegrees>-2.88338333</LongitudeDegrees></Position><AltitudeMeters>46.787</AltitudeMeters><DistanceMeters>4030.300048828125</DistanceMeters><HeartRateBpm><Value>139</Value></HeartRateBpm><Cadence>89</Cadence><SensorState>Present</SensorState></Trackpoint><Trackpoint><Time>2025-11-04T11:57:25.708Z</Time><Position><LatitudeDegrees>43.29325</LatitudeDegrees><LongitudeDegrees>-2.88336667</LongitudeDegrees></Position><AltitudeMeters>46.787</AltitudeMeters><DistanceMeters>4034.39990234375</DistanceMeters><HeartRateBpm><Value>139</Value></HeartRateBpm><Cadence>90</Cadence><SensorState>Present</SensorState></Trackpoint><Trackpoint><Time>2025-11-04T11:57:26.708Z</Time><Position><LatitudeDegrees>43.29322</LatitudeDegrees><LongitudeDegrees>-2.88335667</LongitudeDegrees></Position><AltitudeMeters>46.787</AltitudeMeters><DistanceMeters>4037.699951171875</DistanceMeters><HeartRateBpm><Value>139</Value></HeartRateBpm><Cadence>89</Cadence><SensorState>Present</SensorState></Trackpoint><Trackpoint><Time>2025-11-04T11:57:27.708Z</Time><Position><LatitudeDegrees>43.29319167</LatitudeDegrees><LongitudeDegrees>-2.88335333</LongitudeDegrees></Position><AltitudeMeters>46.787</AltitudeMeters><DistanceMeters>4041.199951171875</DistanceMeters><HeartRateBpm><Value>139</Value></HeartRateBpm><Cadence>89</Cadence><SensorState>Present</SensorState></Trackpoint><Trackpoint><Time>2025-11-04T11:57:28.708Z</Time><Position><LatitudeDegrees>43.29316333</LatitudeDegrees><LongitudeDegrees>-2.88335167</LongitudeDegrees></Position><AltitudeMeters>46.787</AltitudeMeters><DistanceMeters>4044.39990234375</DistanceMeters><HeartRateBpm><Value>139</Value></HeartRateBpm><Cadence>89</Cadence><SensorState>Present</SensorState></Trackpoint><Trackpoint><Time>2025-11-04T11:57:29.708Z</Time><Position><LatitudeDegrees>43.29313667</LatitudeDegrees><LongitudeDegrees>-2.883355</LongitudeDegrees></Position><AltitudeMeters>46.787</AltitudeMeters><DistanceMeters>4047.300048828125</DistanceMeters><HeartRateBpm><Value>139</Value></HeartRateBpm><Cadence>89</Cadence><SensorState>Present</SensorState></Trackpoint><Trackpoint><Time>2025-11-04T11:57:30.708Z</Time><Position><LatitudeDegrees>43.29310667</LatitudeDegrees><LongitudeDegrees>-2.88336</LongitudeDegrees></Position><AltitudeMeters>46.635</AltitudeMeters><DistanceMeters>4050.300048828125</DistanceMeters><HeartRateBpm><Value>139</Value></HeartRateBpm><Cadence>90</Cadence><SensorState>Present</SensorState></Trackpoint><Trackpoint><Time>2025-11-04T11:57:31.708Z</Time><Position><LatitudeDegrees>43.29307667</LatitudeDegrees><LongitudeDegrees>-2.883365</LongitudeDegrees></Position><AltitudeMeters>46.635</AltitudeMeters><DistanceMeters>4053.10009765625</DistanceMeters><HeartRateBpm><Value>140</Value></HeartRateBpm><Cadence>90</Cadence><SensorState>Present</SensorState></Trackpoint><Trackpoint><Time>2025-11-04T11:57:32.708Z</Time><Position><LatitudeDegrees>43.29305</LatitudeDegrees><LongitudeDegrees>-2.88337</LongitudeDegrees></Position><AltitudeMeters>46.635</AltitudeMeters><DistanceMeters>4056.10009765625</DistanceMeters><HeartRateBpm><Value>140</Value></HeartRateBpm><Cadence>90</Cadence><SensorState>Present</SensorState></Trackpoint><Trackpoint><Time>2025-11-04T11:57:33.708Z</Time><Position><LatitudeDegrees>43.29302333</LatitudeDegrees><LongitudeDegrees>-2.88336833</LongitudeDegrees></Position><AltitudeMeters>46.635</AltitudeMeters><DistanceMeters>4058.39990234375</DistanceMeters><HeartRateBpm><Value>140</Value></HeartRateBpm><Cadence>90</Cadence><SensorState>Present</SensorState></Trackpoint><Trackpoint><Time>2025-11-04T11:57:34.708Z</Time><Position><LatitudeDegrees>43.292995</LatitudeDegrees><LongitudeDegrees>-2.88336667</LongitudeDegrees></Position><AltitudeMeters>46.635</AltitudeMeters><DistanceMeters>4061.199951171875</DistanceMeters><HeartRateBpm><Value>140</Value></HeartRateBpm><Cadence>90</Cadence><SensorState>Present</SensorState></Trackpoint><Trackpoint><Time>2025-11-04T11:57:35.708Z</Time><Position><LatitudeDegrees>43.29297</LatitudeDegrees><LongitudeDegrees>-2.88336667</LongitudeDegrees></Position><AltitudeMeters>46.635</AltitudeMeters><DistanceMeters>4063.89990234375</DistanceMeters><HeartRateBpm><Value>140</Value></HeartRateBpm><Cadence>90</Cadence><SensorState>Present</SensorState></Trackpoint><Trackpoint><Time>2025-11-04T11:57:36.708Z</Time><Position><LatitudeDegrees>43.29294667</LatitudeDegrees><LongitudeDegrees>-2.88337</LongitudeDegrees></Position><AltitudeMeters>46.635</AltitudeMeters><DistanceMeters>4066.60009765625</DistanceMeters><HeartRateBpm><Value>140</Value></HeartRateBpm><Cadence>90</Cadence><SensorState>Present</SensorState></Trackpoint><Trackpoint><Time>2025-11-04T11:57:37.708Z</Time><Position><LatitudeDegrees>43.29292333</LatitudeDegrees><LongitudeDegrees>-2.88337667</LongitudeDegrees></Position><AltitudeMeters>46.635</AltitudeMeters><DistanceMeters>4069.199951171875</DistanceMeters><HeartRateBpm><Value>140</Value></HeartRateBpm><Cadence>90</Cadence><SensorState>Present</SensorState></Trackpoint><Trackpoint><Time>2025-11-04T11:57:38.708Z</Time><Position><LatitudeDegrees>43.2929</LatitudeDegrees><LongitudeDegrees>-2.88338333</LongitudeDegrees></Position><AltitudeMeters>46.635</AltitudeMeters><DistanceMeters>4071.89990234375</DistanceMeters><HeartRateBpm><Value>139</Value></HeartRateBpm><Cadence>90</Cadence><SensorState>Present</SensorState></Trackpoint><Trackpoint><Time>2025-11-04T11:57:39.708Z</Time><Position><LatitudeDegrees>43.292875</LatitudeDegrees><LongitudeDegrees>-2.88338833</LongitudeDegrees></Position><AltitudeMeters>46.483</AltitudeMeters><DistanceMeters>4074.699951171875</DistanceMeters><HeartRateBpm><Value>139</Value></HeartRateBpm><Cadence>90</Cadence><SensorState>Present</SensorState></Trackpoint><Trackpoint><Time>2025-11-04T11:57:40.708Z</Time><Position><LatitudeDegrees>43.29284667</LatitudeDegrees><LongitudeDegrees>-2.88339333</LongitudeDegrees></Position><AltitudeMeters>46.483</AltitudeMeters><DistanceMeters>4077.60009765625</DistanceMeters><HeartRateBpm><Value>140</Value></HeartRateBpm><Cadence>90</Cadence><SensorState>Present</SensorState></Trackpoint><Trackpoint><Time>2025-11-04T11:57:41.708Z</Time><Position><LatitudeDegrees>43.29281667</LatitudeDegrees><LongitudeDegrees>-2.883395</LongitudeDegrees></Position><AltitudeMeters>46.483</AltitudeMeters><DistanceMeters>4080.800048828125</DistanceMeters><HeartRateBpm><Value>140</Value></HeartRateBpm><Cadence>90</Cadence><SensorState>Present</SensorState></Trackpoint><Trackpoint><Time>2025-11-04T11:57:42.708Z</Time><Position><LatitudeDegrees>43.29278833</LatitudeDegrees><LongitudeDegrees>-2.88340333</LongitudeDegrees></Position><AltitudeMeters>46.483</AltitudeMeters><DistanceMeters>4083.800048828125</DistanceMeters><HeartRateBpm><Value>140</Value></HeartRateBpm><Cadence>90</Cadence><SensorState>Present</SensorState></Trackpoint><Trackpoint><Time>2025-11-04T11:57:43.708Z</Time><Position><LatitudeDegrees>43.29276167</LatitudeDegrees><LongitudeDegrees>-2.883415</LongitudeDegrees></Position><AltitudeMeters>46.33</AltitudeMeters><DistanceMeters>4087.0</DistanceMeters><HeartRateBpm><Value>140</Value></HeartRateBpm><Cadence>90</Cadence><SensorState>Present</SensorState></Trackpoint><Trackpoint><Time>2025-11-04T11:57:44.708Z</Time><Position><LatitudeDegrees>43.29273333</LatitudeDegrees><LongitudeDegrees>-2.883425</LongitudeDegrees></Position><AltitudeMeters>46.33</AltitudeMeters><DistanceMeters>4090.699951171875</DistanceMeters><HeartRateBpm><Value>140</Value></HeartRateBpm><Cadence>90</Cadence><SensorState>Present</SensorState></Trackpoint><Trackpoint><Time>2025-11-04T11:57:45.708Z</Time><Position><LatitudeDegrees>43.292705</LatitudeDegrees><LongitudeDegrees>-2.88343833</LongitudeDegrees></Position><AltitudeMeters>46.178</AltitudeMeters><DistanceMeters>4094.300048828125</DistanceMeters><HeartRateBpm><Value>140</Value></HeartRateBpm><Cadence>90</Cadence><SensorState>Present</SensorState></Trackpoint><Trackpoint><Time>2025-11-04T11:57:46.708Z</Time><Position><LatitudeDegrees>43.292675</LatitudeDegrees><LongitudeDegrees>-2.88345</LongitudeDegrees></Position><AltitudeMeters>46.178</AltitudeMeters><DistanceMeters>4098.0</DistanceMeters><HeartRateBpm><Value>140</Value></HeartRateBpm><Cadence>90</Cadence><SensorState>Present</SensorState></Trackpoint><Trackpoint><Time>2025-11-04T11:57:47.708Z</Time><Position><LatitudeDegrees>43.29264333</LatitudeDegrees><LongitudeDegrees>-2.883455</LongitudeDegrees></Position><AltitudeMeters>46.025</AltitudeMeters><DistanceMeters>4101.7001953125</DistanceMeters><HeartRateBpm><Value>139</Value></HeartRateBpm><Cadence>90</Cadence><SensorState>Present</SensorState></Trackpoint><Trackpoint><Time>2025-11-04T11:57:48.708Z</Time><Position><LatitudeDegrees>43.29261333</LatitudeDegrees><LongitudeDegrees>-2.88346</LongitudeDegrees></Position><AltitudeMeters>45.873</AltitudeMeters><DistanceMeters>4105.2001953125</DistanceMeters><HeartRateBpm><Value>139</Value></HeartRateBpm><Cadence>90</Cadence><SensorState>Present</SensorState></Trackpoint><Trackpoint><Time>2025-11-04T11:57:49.708Z</Time><Position><LatitudeDegrees>43.29258333</LatitudeDegrees><LongitudeDegrees>-2.88347167</LongitudeDegrees></Position><AltitudeMeters>45.873</AltitudeMeters><DistanceMeters>4108.60009765625</DistanceMeters><HeartRateBpm><Value>139</Value></HeartRateBpm><Cadence>89</Cadence><SensorState>Present</SensorState></Trackpoint><Trackpoint><Time>2025-11-04T11:57:50.708Z</Time><Position><LatitudeDegrees>43.292555</LatitudeDegrees><LongitudeDegrees>-2.883485</LongitudeDegrees></Position><AltitudeMeters>45.721</AltitudeMeters><DistanceMeters>4112.10009765625</DistanceMeters><HeartRateBpm><Value>139</Value></HeartRateBpm><Cadence>89</Cadence><SensorState>Present</SensorState></Trackpoint><Trackpoint><Time>2025-11-04T11:57:51.708Z</Time><Position><LatitudeDegrees>43.29252667</LatitudeDegrees><LongitudeDegrees>-2.8835</LongitudeDegrees></Position><AltitudeMeters>45.568</AltitudeMeters><DistanceMeters>4115.89990234375</DistanceMeters><HeartRateBpm><Value>139</Value></HeartRateBpm><Cadence>89</Cadence><SensorState>Present</SensorState></Trackpoint><Trackpoint><Time>2025-11-04T11:57:52.708Z</Time><Position><LatitudeDegrees>43.292495</LatitudeDegrees><LongitudeDegrees>-2.883515</LongitudeDegrees></Position><AltitudeMeters>45.568</AltitudeMeters><DistanceMeters>4119.39990234375</DistanceMeters><HeartRateBpm><Value>138</Value></HeartRateBpm><Cadence>89</Cadence><SensorState>Present</SensorState></Trackpoint><Trackpoint><Time>2025-11-04T11:57:53.708Z</Time><Position><LatitudeDegrees>43.292465</LatitudeDegrees><LongitudeDegrees>-2.88352333</LongitudeDegrees></Position><AltitudeMeters>45.416</AltitudeMeters><DistanceMeters>4122.7998046875</DistanceMeters><HeartRateBpm><Value>138</Value></HeartRateBpm><Cadence>89</Cadence><SensorState>Present</SensorState></Trackpoint><Trackpoint><Time>2025-11-04T11:57:54.708Z</Time><Position><LatitudeDegrees>43.292435</LatitudeDegrees><LongitudeDegrees>-2.883525</LongitudeDegrees></Position><AltitudeMeters>45.263</AltitudeMeters><DistanceMeters>4126.2001953125</DistanceMeters><HeartRateBpm><Value>138</Value></HeartRateBpm><Cadence>87</Cadence><SensorState>Present</SensorState></Trackpoint><Trackpoint><Time>2025-11-04T11:57:55.708Z</Time><Position><LatitudeDegrees>43.292405</LatitudeDegrees><LongitudeDegrees>-2.88353333</LongitudeDegrees></Position><AltitudeMeters>45.263</AltitudeMeters><DistanceMeters>4129.60009765625</DistanceMeters><HeartRateBpm><Value>138</Value></HeartRateBpm><Cadence>86</Cadence><SensorState>Present</SensorState></Trackpoint><Trackpoint><Time>2025-11-04T11:57:56.708Z</Time><Position><LatitudeDegrees>43.29237667</LatitudeDegrees><LongitudeDegrees>-2.88354833</LongitudeDegrees></Position><AltitudeMeters>45.111</AltitudeMeters><DistanceMeters>4133.10009765625</DistanceMeters><HeartRateBpm><Value>138</Value></HeartRateBpm><Cadence>88</Cadence><SensorState>Present</SensorState></Trackpoint><Trackpoint><Time>2025-11-04T11:57:57.708Z</Time><Position><LatitudeDegrees>43.29234833</LatitudeDegrees><LongitudeDegrees>-2.88356667</LongitudeDegrees></Position><AltitudeMeters>44.959</AltitudeMeters><DistanceMeters>4136.39990234375</DistanceMeters><HeartRateBpm><Value>137</Value></HeartRateBpm><Cadence>88</Cadence><SensorState>Present</SensorState></Trackpoint><Trackpoint><Time>2025-11-04T11:57:58.708Z</Time><Position><LatitudeDegrees>43.29232167</LatitudeDegrees><LongitudeDegrees>-2.88358833</LongitudeDegrees></Position><AltitudeMeters>44.806</AltitudeMeters><DistanceMeters>4139.89990234375</DistanceMeters><HeartRateBpm><Value>137</Value></HeartRateBpm><Cadence>89</Cadence><SensorState>Present</SensorState></Trackpoint><Trackpoint><Time>2025-11-04T11:57:59.708Z</Time><Position><LatitudeDegrees>43.29229667</LatitudeDegrees><LongitudeDegrees>-2.88361167</LongitudeDegrees></Position><AltitudeMeters>44.806</AltitudeMeters><DistanceMeters>4143.39990234375</DistanceMeters><HeartRateBpm><Value>137</Value></HeartRateBpm><Cadence>90</Cadence><SensorState>Present</SensorState></Trackpoint><Trackpoint><Time>2025-11-04T11:58:00.708Z</Time><Position><LatitudeDegrees>43.29227</LatitudeDegrees><LongitudeDegrees>-2.883635</LongitudeDegrees></Position><AltitudeMeters>44.654</AltitudeMeters><DistanceMeters>4146.7998046875</DistanceMeters><HeartRateBpm><Value>137</Value></HeartRateBpm><Cadence>89</Cadence><SensorState>Present</SensorState></Trackpoint><Trackpoint><Time>2025-11-04T11:58:01.708Z</Time><Position><LatitudeDegrees>43.29224</LatitudeDegrees><LongitudeDegrees>-2.883655</LongitudeDegrees></Position><AltitudeMeters>44.654</AltitudeMeters><DistanceMeters>4150.5</DistanceMeters><HeartRateBpm><Value>137</Value></HeartRateBpm><Cadence>89</Cadence><SensorState>Present</SensorState></Trackpoint><Trackpoint><Time>2025-11-04T11:58:02.708Z</Time><Position><LatitudeDegrees>43.29220833</LatitudeDegrees><LongitudeDegrees>-2.88367333</LongitudeDegrees></Position><AltitudeMeters>44.501</AltitudeMeters><DistanceMeters>4154.5</DistanceMeters><HeartRateBpm><Value>137</Value></HeartRateBpm><Cadence>90</Cadence><SensorState>Present</SensorState></Trackpoint><Trackpoint><Time>2025-11-04T11:58:03.708Z</Time><Position><LatitudeDegrees>43.29217667</LatitudeDegrees><LongitudeDegrees>-2.88369167</LongitudeDegrees></Position><AltitudeMeters>44.349</AltitudeMeters><DistanceMeters>4158.2998046875</DistanceMeters><HeartRateBpm><Value>137</Value></HeartRateBpm><Cadence>90</Cadence><SensorState>Present</SensorState></Trackpoint><Trackpoint><Time>2025-11-04T11:58:04.708Z</Time><Position><LatitudeDegrees>43.29214667</LatitudeDegrees><LongitudeDegrees>-2.88371</LongitudeDegrees></Position><AltitudeMeters>44.349</AltitudeMeters><DistanceMeters>4162.2001953125</DistanceMeters><HeartRateBpm><Value>137</Value></HeartRateBpm><Cadence>90</Cadence><SensorState>Present</SensorState></Trackpoint><Trackpoint><Time>2025-11-04T11:58:05.708Z</Time><Position><LatitudeDegrees>43.292115</LatitudeDegrees><LongitudeDegrees>-2.883725</LongitudeDegrees></Position><AltitudeMeters>44.197</AltitudeMeters><DistanceMeters>4165.89990234375</DistanceMeters><HeartRateBpm><Value>137</Value></HeartRateBpm><Cadence>90</Cadence><SensorState>Present</SensorState></Trackpoint><Trackpoint><Time>2025-11-04T11:58:06.708Z</Time><Position><LatitudeDegrees>43.292085</LatitudeDegrees><LongitudeDegrees>-2.88374167</LongitudeDegrees></Position><AltitudeMeters>44.044</AltitudeMeters><DistanceMeters>4170.10009765625</DistanceMeters><HeartRateBpm><Value>137</Value></HeartRateBpm><Cadence>90</Cadence><SensorState>Present</SensorState></Trackpoint><Trackpoint><Time>2025-11-04T11:58:07.708Z</Time><Position><LatitudeDegrees>43.29205167</LatitudeDegrees><LongitudeDegrees>-2.88376</LongitudeDegrees></Position><AltitudeMeters>44.044</AltitudeMeters><DistanceMeters>4173.89990234375</DistanceMeters><HeartRateBpm><Value>137</Value></HeartRateBpm><Cadence>89</Cadence><SensorState>Present</SensorState></Trackpoint><Trackpoint><Time>2025-11-04T11:58:08.708Z</Time><Position><LatitudeDegrees>43.29202167</LatitudeDegrees><LongitudeDegrees>-2.88378167</LongitudeDegrees></Position><AltitudeMeters>43.892</AltitudeMeters><DistanceMeters>4178.0</DistanceMeters><HeartRateBpm><Value>137</Value></HeartRateBpm><Cadence>90</Cadence><SensorState>Present</SensorState></Trackpoint><Trackpoint><Time>2025-11-04T11:58:09.708Z</Time><Position><LatitudeDegrees>43.29199</LatitudeDegrees><LongitudeDegrees>-2.8838</LongitudeDegrees></Position><AltitudeMeters>43.739</AltitudeMeters><DistanceMeters>4181.7001953125</DistanceMeters><HeartRateBpm><Value>137</Value></HeartRateBpm><Cadence>90</Cadence><SensorState>Present</SensorState></Trackpoint><Trackpoint><Time>2025-11-04T11:58:10.708Z</Time><Position><LatitudeDegrees>43.29196167</LatitudeDegrees><LongitudeDegrees>-2.88382</LongitudeDegrees></Position><AltitudeMeters>43.739</AltitudeMeters><DistanceMeters>4185.39990234375</DistanceMeters><HeartRateBpm><Value>136</Value></HeartRateBpm><Cadence>90</Cadence><SensorState>Present</SensorState></Trackpoint><Trackpoint><Time>2025-11-04T11:58:11.708Z</Time><Position><LatitudeDegrees>43.29193167</LatitudeDegrees><LongitudeDegrees>-2.88384167</LongitudeDegrees></Position><AltitudeMeters>43.587</AltitudeMeters><DistanceMeters>4188.89990234375</DistanceMeters><HeartRateBpm><Value>136</Value></HeartRateBpm><Cadence>90</Cadence><SensorState>Present</SensorState></Trackpoint><Trackpoint><Time>2025-11-04T11:58:12.708Z</Time><Position><LatitudeDegrees>43.29190333</LatitudeDegrees><LongitudeDegrees>-2.88385833</LongitudeDegrees></Position><AltitudeMeters>43.435</AltitudeMeters><DistanceMeters>4192.60009765625</DistanceMeters><HeartRateBpm><Value>136</Value></HeartRateBpm><Cadence>90</Cadence><SensorState>Present</SensorState></Trackpoint><Trackpoint><Time>2025-11-04T11:58:13.708Z</Time><Position><LatitudeDegrees>43.29187167</LatitudeDegrees><LongitudeDegrees>-2.88386667</LongitudeDegrees></Position><AltitudeMeters>43.282</AltitudeMeters><DistanceMeters>4195.89990234375</DistanceMeters><HeartRateBpm><Value>136</Value></HeartRateBpm><Cadence>90</Cadence><SensorState>Present</SensorState></Trackpoint><Trackpoint><Time>2025-11-04T11:58:14.708Z</Time><Position><LatitudeDegrees>43.29184</LatitudeDegrees><LongitudeDegrees>-2.88387167</LongitudeDegrees></Position><AltitudeMeters>43.13</AltitudeMeters><DistanceMeters>4199.2001953125</DistanceMeters><HeartRateBpm><Value>136</Value></HeartRateBpm><Cadence>90</Cadence><SensorState>Present</SensorState></Trackpoint><Trackpoint><Time>2025-11-04T11:58:15.708Z</Time><Position><LatitudeDegrees>43.29181333</LatitudeDegrees><LongitudeDegrees>-2.88387167</LongitudeDegrees></Position><AltitudeMeters>42.977</AltitudeMeters><DistanceMeters>4202.39990234375</DistanceMeters><HeartRateBpm><Value>136</Value></HeartRateBpm><Cadence>90</Cadence><SensorState>Present</SensorState></Trackpoint><Trackpoint><Time>2025-11-04T11:58:16.708Z</Time><Position><LatitudeDegrees>43.29178167</LatitudeDegrees><LongitudeDegrees>-2.883865</LongitudeDegrees></Position><AltitudeMeters>42.825</AltitudeMeters><DistanceMeters>4205.2998046875</DistanceMeters><HeartRateBpm><Value>136</Value></HeartRateBpm><Cadence>89</Cadence><SensorState>Present</SensorState></Trackpoint><Trackpoint><Time>2025-11-04T11:58:17.708Z</Time><Position><LatitudeDegrees>43.291755</LatitudeDegrees><LongitudeDegrees>-2.88385333</LongitudeDegrees></Position><AltitudeMeters>42.673</AltitudeMeters><DistanceMeters>4208.2001953125</DistanceMeters><HeartRateBpm><Value>135</Value></HeartRateBpm><Cadence>89</Cadence><SensorState>Present</SensorState></Trackpoint><Trackpoint><Time>2025-11-04T11:58:18.708Z</Time><Position><LatitudeDegrees>43.29172833</LatitudeDegrees><LongitudeDegrees>-2.88383667</LongitudeDegrees></Position><AltitudeMeters>42.368</AltitudeMeters><DistanceMeters>4211.2001953125</DistanceMeters><HeartRateBpm><Value>135</Value></HeartRateBpm><Cadence>90</Cadence><SensorState>Present</SensorState></Trackpoint><Trackpoint><Time>2025-11-04T11:58:19.708Z</Time><Position><LatitudeDegrees>43.29170333</LatitudeDegrees><LongitudeDegrees>-2.883815</LongitudeDegrees></Position><AltitudeMeters>42.215</AltitudeMeters><DistanceMeters>4213.89990234375</DistanceMeters><HeartRateBpm><Value>135</Value></HeartRateBpm><Cadence>89</Cadence><SensorState>Present</SensorState></Trackpoint><Trackpoint><Time>2025-11-04T11:58:20.708Z</Time><Position><LatitudeDegrees>43.29168333</LatitudeDegrees><LongitudeDegrees>-2.88379167</LongitudeDegrees></Position><AltitudeMeters>42.063</AltitudeMeters><DistanceMeters>4217.10009765625</DistanceMeters><HeartRateBpm><Value>135</Value></HeartRateBpm><Cadence>90</Cadence><SensorState>Present</SensorState></Trackpoint><Trackpoint><Time>2025-11-04T11:58:21.708Z</Time><Position><LatitudeDegrees>43.29165833</LatitudeDegrees><LongitudeDegrees>-2.88377</LongitudeDegrees></Position><AltitudeMeters>41.911</AltitudeMeters><DistanceMeters>4219.7001953125</DistanceMeters><HeartRateBpm><Value>135</Value></HeartRateBpm><Cadence>90</Cadence><SensorState>Present</SensorState></Trackpoint><Trackpoint><Time>2025-11-04T11:58:22.708Z</Time><Position><LatitudeDegrees>43.29163167</LatitudeDegrees><LongitudeDegrees>-2.883765</LongitudeDegrees></Position><AltitudeMeters>41.758</AltitudeMeters><DistanceMeters>4222.2001953125</DistanceMeters><HeartRateBpm><Value>135</Value></HeartRateBpm><Cadence>90</Cadence><SensorState>Present</SensorState></Trackpoint><Trackpoint><Time>2025-11-04T11:58:23.708Z</Time><Position><LatitudeDegrees>43.291605</LatitudeDegrees><LongitudeDegrees>-2.88377333</LongitudeDegrees></Position><AltitudeMeters>41.606</AltitudeMeters><DistanceMeters>4224.7998046875</DistanceMeters><HeartRateBpm><Value>135</Value></HeartRateBpm><Cadence>90</Cadence><SensorState>Present</SensorState></Trackpoint><Trackpoint><Time>2025-11-04T11:58:24.708Z</Time><Position><LatitudeDegrees>43.29158333</LatitudeDegrees><LongitudeDegrees>-2.883795</LongitudeDegrees></Position><AltitudeMeters>41.453</AltitudeMeters><DistanceMeters>4227.5</DistanceMeters><HeartRateBpm><Value>135</Value></HeartRateBpm><Cadence>90</Cadence><SensorState>Present</SensorState></Trackpoint><Trackpoint><Time>2025-11-04T11:58:25.708Z</Time><Position><LatitudeDegrees>43.291565</LatitudeDegrees><LongitudeDegrees>-2.883825</LongitudeDegrees></Position><AltitudeMeters>41.301</AltitudeMeters><DistanceMeters>4230.2001953125</DistanceMeters><HeartRateBpm><Value>134</Value></HeartRateBpm><Cadence>90</Cadence><SensorState>Present</SensorState></Trackpoint><Trackpoint><Time>2025-11-04T11:58:26.708Z</Time><Position><LatitudeDegrees>43.29155</LatitudeDegrees><LongitudeDegrees>-2.88386</LongitudeDegrees></Position><AltitudeMeters>41.148</AltitudeMeters><DistanceMeters>4232.7001953125</DistanceMeters><HeartRateBpm><Value>134</Value></HeartRateBpm><Cadence>90</Cadence><SensorState>Present</SensorState></Trackpoint><Trackpoint><Time>2025-11-04T11:58:27.708Z</Time><Position><LatitudeDegrees>43.291535</LatitudeDegrees><LongitudeDegrees>-2.883895</LongitudeDegrees></Position><AltitudeMeters>40.996</AltitudeMeters><DistanceMeters>4235.0</DistanceMeters><HeartRateBpm><Value>134</Value></HeartRateBpm><Cadence>89</Cadence><SensorState>Present</SensorState></Trackpoint><Trackpoint><Time>2025-11-04T11:58:28.708Z</Time><Position><LatitudeDegrees>43.29152167</LatitudeDegrees><LongitudeDegrees>-2.88392833</LongitudeDegrees></Position><AltitudeMeters>40.996</AltitudeMeters><DistanceMeters>4237.89990234375</DistanceMeters><HeartRateBpm><Value>134</Value></HeartRateBpm><Cadence>89</Cadence><SensorState>Present</SensorState></Trackpoint><Trackpoint><Time>2025-11-04T11:58:29.708Z</Time><Position><LatitudeDegrees>43.29151</LatitudeDegrees><LongitudeDegrees>-2.88396667</LongitudeDegrees></Position><AltitudeMeters>40.844</AltitudeMeters><DistanceMeters>4241.5</DistanceMeters><HeartRateBpm><Value>134</Value></HeartRateBpm><Cadence>89</Cadence><SensorState>Present</SensorState></Trackpoint><Trackpoint><Time>2025-11-04T11:58:30.708Z</Time><Position><LatitudeDegrees>43.291495</LatitudeDegrees><LongitudeDegrees>-2.88400167</LongitudeDegrees></Position><AltitudeMeters>40.691</AltitudeMeters><DistanceMeters>4245.2001953125</DistanceMeters><HeartRateBpm><Value>133</Value></HeartRateBpm><Cadence>89</Cadence><SensorState>Present</SensorState></Trackpoint><Trackpoint><Time>2025-11-04T11:58:31.708Z</Time><Position><LatitudeDegrees>43.29148167</LatitudeDegrees><LongitudeDegrees>-2.88403833</LongitudeDegrees></Position><AltitudeMeters>40.539</AltitudeMeters><DistanceMeters>4248.89990234375</DistanceMeters><HeartRateBpm><Value>133</Value></HeartRateBpm><Cadence>89</Cadence><SensorState>Present</SensorState></Trackpoint><Trackpoint><Time>2025-11-04T11:58:32.708Z</Time><Position><LatitudeDegrees>43.29146833</LatitudeDegrees><LongitudeDegrees>-2.884075</LongitudeDegrees></Position><AltitudeMeters>40.386</AltitudeMeters><DistanceMeters>4252.5</DistanceMeters><HeartRateBpm><Value>133</Value></HeartRateBpm><Cadence>90</Cadence><SensorState>Present</SensorState></Trackpoint><Trackpoint><Time>2025-11-04T11:58:33.708Z</Time><Position><LatitudeDegrees>43.29145167</LatitudeDegrees><LongitudeDegrees>-2.88411</LongitudeDegrees></Position><AltitudeMeters>40.234</AltitudeMeters><DistanceMeters>4256.10009765625</DistanceMeters><HeartRateBpm><Value>132</Value></HeartRateBpm><Cadence>90</Cadence><SensorState>Present</SensorState></Trackpoint><Trackpoint><Time>2025-11-04T11:58:34.708Z</Time><Position><LatitudeDegrees>43.291435</LatitudeDegrees><LongitudeDegrees>-2.88414833</LongitudeDegrees></Position><AltitudeMeters>40.082</AltitudeMeters><DistanceMeters>4259.2998046875</DistanceMeters><HeartRateBpm><Value>132</Value></HeartRateBpm><Cadence>90</Cadence><SensorState>Present</SensorState></Trackpoint><Trackpoint><Time>2025-11-04T11:58:35.708Z</Time><Position><LatitudeDegrees>43.29142</LatitudeDegrees><LongitudeDegrees>-2.88418333</LongitudeDegrees></Position><AltitudeMeters>39.929</AltitudeMeters><DistanceMeters>4263.0</DistanceMeters><HeartRateBpm><Value>132</Value></HeartRateBpm><Cadence>89</Cadence><SensorState>Present</SensorState></Trackpoint><Trackpoint><Time>2025-11-04T11:58:36.708Z</Time><Position><LatitudeDegrees>43.29140333</LatitudeDegrees><LongitudeDegrees>-2.88422</LongitudeDegrees></Position><AltitudeMeters>39.777</AltitudeMeters><DistanceMeters>4266.60009765625</DistanceMeters><HeartRateBpm><Value>132</Value></HeartRateBpm><Cadence>89</Cadence><SensorState>Present</SensorState></Trackpoint><Trackpoint><Time>2025-11-04T11:58:37.708Z</Time><Position><LatitudeDegrees>43.29138333</LatitudeDegrees><LongitudeDegrees>-2.88425333</LongitudeDegrees></Position><AltitudeMeters>39.624</AltitudeMeters><DistanceMeters>4270.0</DistanceMeters><HeartRateBpm><Value>132</Value></HeartRateBpm><Cadence>89</Cadence><SensorState>Present</SensorState></Trackpoint><Trackpoint><Time>2025-11-04T11:58:38.708Z</Time><Position><LatitudeDegrees>43.29136167</LatitudeDegrees><LongitudeDegrees>-2.88428167</LongitudeDegrees></Position><AltitudeMeters>39.472</AltitudeMeters><DistanceMeters>4273.5</DistanceMeters><HeartRateBpm><Value>132</Value></HeartRateBpm><Cadence>89</Cadence><SensorState>Present</SensorState></Trackpoint><Trackpoint><Time>2025-11-04T11:58:39.708Z</Time><Position><LatitudeDegrees>43.29133667</LatitudeDegrees><LongitudeDegrees>-2.88430833</LongitudeDegrees></Position><AltitudeMeters>39.472</AltitudeMeters><DistanceMeters>4277.2001953125</DistanceMeters><HeartRateBpm><Value>132</Value></HeartRateBpm><Cadence>89</Cadence><SensorState>Present</SensorState></Trackpoint><Trackpoint><Time>2025-11-04T11:58:40.708Z</Time><Position><LatitudeDegrees>43.29130833</LatitudeDegrees><LongitudeDegrees>-2.88433333</LongitudeDegrees></Position><AltitudeMeters>39.32</AltitudeMeters><DistanceMeters>4280.7998046875</DistanceMeters><HeartRateBpm><Value>132</Value></HeartRateBpm><Cadence>89</Cadence><SensorState>Present</SensorState></Trackpoint><Trackpoint><Time>2025-11-04T11:58:41.708Z</Time><Position><LatitudeDegrees>43.29128333</LatitudeDegrees><LongitudeDegrees>-2.88436167</LongitudeDegrees></Position><AltitudeMeters>39.167</AltitudeMeters><DistanceMeters>4284.39990234375</DistanceMeters><HeartRateBpm><Value>132</Value></HeartRateBpm><Cadence>89</Cadence><SensorState>Present</SensorState></Trackpoint><Trackpoint><Time>2025-11-04T11:58:42.708Z</Time><Position><LatitudeDegrees>43.29126167</LatitudeDegrees><LongitudeDegrees>-2.884395</LongitudeDegrees></Position><AltitudeMeters>39.015</AltitudeMeters><DistanceMeters>4287.7001953125</DistanceMeters><HeartRateBpm><Value>132</Value></HeartRateBpm><Cadence>89</Cadence><SensorState>Present</SensorState></Trackpoint><Trackpoint><Time>2025-11-04T11:58:43.708Z</Time><Position><LatitudeDegrees>43.29124</LatitudeDegrees><LongitudeDegrees>-2.88442167</LongitudeDegrees></Position><AltitudeMeters>38.862</AltitudeMeters><DistanceMeters>4291.2998046875</DistanceMeters><HeartRateBpm><Value>132</Value></HeartRateBpm><Cadence>87</Cadence><SensorState>Present</SensorState></Trackpoint><Trackpoint><Time>2025-11-04T11:58:44.708Z</Time><Position><LatitudeDegrees>43.29121333</LatitudeDegrees><LongitudeDegrees>-2.88444667</LongitudeDegrees></Position><AltitudeMeters>38.862</AltitudeMeters><DistanceMeters>4294.7001953125</DistanceMeters><HeartRateBpm><Value>132</Value></HeartRateBpm><Cadence>86</Cadence><SensorState>Present</SensorState></Trackpoint><Trackpoint><Time>2025-11-04T11:58:45.708Z</Time><Position><LatitudeDegrees>43.29119167</LatitudeDegrees><LongitudeDegrees>-2.88447167</LongitudeDegrees></Position><AltitudeMeters>38.71</AltitudeMeters><DistanceMeters>4297.7998046875</DistanceMeters><HeartRateBpm><Value>132</Value></HeartRateBpm><Cadence>87</Cadence><SensorState>Present</SensorState></Trackpoint><Trackpoint><Time>2025-11-04T11:58:46.708Z</Time><Position><LatitudeDegrees>43.29117</LatitudeDegrees><LongitudeDegrees>-2.88449167</LongitudeDegrees></Position><AltitudeMeters>38.71</AltitudeMeters><DistanceMeters>4300.89990234375</DistanceMeters><HeartRateBpm><Value>132</Value></HeartRateBpm><Cadence>89</Cadence><SensorState>Present</SensorState></Trackpoint><Trackpoint><Time>2025-11-04T11:58:47.708Z</Time><Position><LatitudeDegrees>43.29114833</LatitudeDegrees><LongitudeDegrees>-2.88451167</LongitudeDegrees></Position><AltitudeMeters>38.71</AltitudeMeters><DistanceMeters>4304.0</DistanceMeters><HeartRateBpm><Value>132</Value></HeartRateBpm><Cadence>89</Cadence><SensorState>Present</SensorState></Trackpoint><Trackpoint><Time>2025-11-04T11:58:48.708Z</Time><Position><LatitudeDegrees>43.29112333</LatitudeDegrees><LongitudeDegrees>-2.88453167</LongitudeDegrees></Position><AltitudeMeters>38.71</AltitudeMeters><DistanceMeters>4307.2001953125</DistanceMeters><HeartRateBpm><Value>132</Value></HeartRateBpm><Cadence>89</Cadence><SensorState>Present</SensorState></Trackpoint><Trackpoint><Time>2025-11-04T11:58:49.708Z</Time><Position><LatitudeDegrees>43.291095</LatitudeDegrees><LongitudeDegrees>-2.88455167</LongitudeDegrees></Position><AltitudeMeters>38.71</AltitudeMeters><DistanceMeters>4310.60009765625</DistanceMeters><HeartRateBpm><Value>132</Value></HeartRateBpm><Cadence>90</Cadence><SensorState>Present</SensorState></Trackpoint><Trackpoint><Time>2025-11-04T11:58:50.708Z</Time><Position><LatitudeDegrees>43.29106167</LatitudeDegrees><LongitudeDegrees>-2.88456667</LongitudeDegrees></Position><AltitudeMeters>38.71</AltitudeMeters><DistanceMeters>4313.89990234375</DistanceMeters><HeartRateBpm><Value>132</Value></HeartRateBpm><Cadence>90</Cadence><SensorState>Present</SensorState></Trackpoint><Trackpoint><Time>2025-11-04T11:58:51.708Z</Time><Position><LatitudeDegrees>43.29103333</LatitudeDegrees><LongitudeDegrees>-2.88458333</LongitudeDegrees></Position><AltitudeMeters>38.71</AltitudeMeters><DistanceMeters>4317.39990234375</DistanceMeters><HeartRateBpm><Value>132</Value></HeartRateBpm><Cadence>90</Cadence><SensorState>Present</SensorState></Trackpoint><Trackpoint><Time>2025-11-04T11:58:52.708Z</Time><Position><LatitudeDegrees>43.291005</LatitudeDegrees><LongitudeDegrees>-2.8846</LongitudeDegrees></Position><AltitudeMeters>38.71</AltitudeMeters><DistanceMeters>4320.7998046875</DistanceMeters><HeartRateBpm><Value>132</Value></HeartRateBpm><Cadence>90</Cadence><SensorState>Present</SensorState></Trackpoint><Trackpoint><Time>2025-11-04T11:58:53.708Z</Time><Position><LatitudeDegrees>43.29097333</LatitudeDegrees><LongitudeDegrees>-2.88461167</LongitudeDegrees></Position><AltitudeMeters>38.862</AltitudeMeters><DistanceMeters>4324.5</DistanceMeters><HeartRateBpm><Value>132</Value></HeartRateBpm><Cadence>90</Cadence><SensorState>Present</SensorState></Trackpoint><Trackpoint><Time>2025-11-04T11:58:54.708Z</Time><Position><LatitudeDegrees>43.29094333</LatitudeDegrees><LongitudeDegrees>-2.884625</LongitudeDegrees></Position><AltitudeMeters>38.862</AltitudeMeters><DistanceMeters>4328.5</DistanceMeters><HeartRateBpm><Value>132</Value></HeartRateBpm><Cadence>90</Cadence><SensorState>Present</SensorState></Trackpoint><Trackpoint><Time>2025-11-04T11:58:55.708Z</Time><Position><LatitudeDegrees>43.29091</LatitudeDegrees><LongitudeDegrees>-2.884635</LongitudeDegrees></Position><AltitudeMeters>38.862</AltitudeMeters><DistanceMeters>4332.5</DistanceMeters><HeartRateBpm><Value>132</Value></HeartRateBpm><Cadence>90</Cadence><SensorState>Present</SensorState></Trackpoint><Trackpoint><Time>2025-11-04T11:58:56.708Z</Time><Position><LatitudeDegrees>43.29087667</LatitudeDegrees><LongitudeDegrees>-2.88464333</LongitudeDegrees></Position><AltitudeMeters>38.862</AltitudeMeters><DistanceMeters>4336.60009765625</DistanceMeters><HeartRateBpm><Value>132</Value></HeartRateBpm><Cadence>89</Cadence><SensorState>Present</SensorState></Trackpoint><Trackpoint><Time>2025-11-04T11:58:57.708Z</Time><Position><LatitudeDegrees>43.29084333</LatitudeDegrees><LongitudeDegrees>-2.88465333</LongitudeDegrees></Position><AltitudeMeters>39.015</AltitudeMeters><DistanceMeters>4341.10009765625</DistanceMeters><HeartRateBpm><Value>132</Value></HeartRateBpm><Cadence>90</Cadence><SensorState>Present</SensorState></Trackpoint><Trackpoint><Time>2025-11-04T11:58:58.708Z</Time><Position><LatitudeDegrees>43.2908</LatitudeDegrees><LongitudeDegrees>-2.88464667</LongitudeDegrees></Position><AltitudeMeters>39.015</AltitudeMeters><DistanceMeters>4345.39990234375</DistanceMeters><HeartRateBpm><Value>132</Value></HeartRateBpm><Cadence>90</Cadence><SensorState>Present</SensorState></Trackpoint><Trackpoint><Time>2025-11-04T11:58:59.708Z</Time><Position><LatitudeDegrees>43.29075667</LatitudeDegrees><LongitudeDegrees>-2.88464667</LongitudeDegrees></Position><AltitudeMeters>39.015</AltitudeMeters><DistanceMeters>4350.0</DistanceMeters><HeartRateBpm><Value>132</Value></HeartRateBpm><Cadence>89</Cadence><SensorState>Present</SensorState></Trackpoint><Trackpoint><Time>2025-11-04T11:59:00.708Z</Time><Position><LatitudeDegrees>43.29072</LatitudeDegrees><LongitudeDegrees>-2.884655</LongitudeDegrees></Position><AltitudeMeters>39.167</AltitudeMeters><DistanceMeters>4354.2998046875</DistanceMeters><HeartRateBpm><Value>131</Value></HeartRateBpm><Cadence>90</Cadence><SensorState>Present</SensorState></Trackpoint><Trackpoint><Time>2025-11-04T11:59:01.708Z</Time><Position><LatitudeDegrees>43.29068667</LatitudeDegrees><LongitudeDegrees>-2.88465833</LongitudeDegrees></Position><AltitudeMeters>39.167</AltitudeMeters><DistanceMeters>4358.10009765625</DistanceMeters><HeartRateBpm><Value>131</Value></HeartRateBpm><Cadence>90</Cadence><SensorState>Present</SensorState></Trackpoint><Trackpoint><Time>2025-11-04T11:59:02.708Z</Time><Position><LatitudeDegrees>43.29065833</LatitudeDegrees><LongitudeDegrees>-2.88467333</LongitudeDegrees></Position><AltitudeMeters>39.167</AltitudeMeters><DistanceMeters>4362.10009765625</DistanceMeters><HeartRateBpm><Value>131</Value></HeartRateBpm><Cadence>90</Cadence><SensorState>Present</SensorState></Trackpoint><Trackpoint><Time>2025-11-04T11:59:03.708Z</Time><Position><LatitudeDegrees>43.29062833</LatitudeDegrees><LongitudeDegrees>-2.88468167</LongitudeDegrees></Position><AltitudeMeters>39.32</AltitudeMeters><DistanceMeters>4365.7001953125</DistanceMeters><HeartRateBpm><Value>131</Value></HeartRateBpm><Cadence>90</Cadence><SensorState>Present</SensorState></Trackpoint><Trackpoint><Time>2025-11-04T11:59:04.708Z</Time><Position><LatitudeDegrees>43.29059833</LatitudeDegrees><LongitudeDegrees>-2.88469167</LongitudeDegrees></Position><AltitudeMeters>39.32</AltitudeMeters><DistanceMeters>4369.5</DistanceMeters><HeartRateBpm><Value>131</Value></HeartRateBpm><Cadence>90</Cadence><SensorState>Present</SensorState></Trackpoint><Trackpoint><Time>2025-11-04T11:59:05.708Z</Time><Position><LatitudeDegrees>43.290565</LatitudeDegrees><LongitudeDegrees>-2.88469667</LongitudeDegrees></Position><AltitudeMeters>39.32</AltitudeMeters><DistanceMeters>4373.10009765625</DistanceMeters><HeartRateBpm><Value>131</Value></HeartRateBpm><Cadence>90</Cadence><SensorState>Present</SensorState></Trackpoint><Trackpoint><Time>2025-11-04T11:59:06.708Z</Time><Position><LatitudeDegrees>43.29053333</LatitudeDegrees><LongitudeDegrees>-2.88470667</LongitudeDegrees></Position><AltitudeMeters>39.472</AltitudeMeters><DistanceMeters>4376.2001953125</DistanceMeters><HeartRateBpm><Value>131</Value></HeartRateBpm><Cadence>89</Cadence><SensorState>Present</SensorState></Trackpoint><Trackpoint><Time>2025-11-04T11:59:07.708Z</Time><Position><LatitudeDegrees>43.29050167</LatitudeDegrees><LongitudeDegrees>-2.88472167</LongitudeDegrees></Position><AltitudeMeters>39.472</AltitudeMeters><DistanceMeters>4379.2001953125</DistanceMeters><HeartRateBpm><Value>131</Value></HeartRateBpm><Cadence>89</Cadence><SensorState>Present</SensorState></Trackpoint><Trackpoint><Time>2025-11-04T11:59:08.708Z</Time><Position><LatitudeDegrees>43.29047</LatitudeDegrees><LongitudeDegrees>-2.884735</LongitudeDegrees></Position><AltitudeMeters>39.624</AltitudeMeters><DistanceMeters>4382.2998046875</DistanceMeters><HeartRateBpm><Value>131</Value></HeartRateBpm><Cadence>90</Cadence><SensorState>Present</SensorState></Trackpoint><Trackpoint><Time>2025-11-04T11:59:09.708Z</Time><Position><LatitudeDegrees>43.29044333</LatitudeDegrees><LongitudeDegrees>-2.88475167</LongitudeDegrees></Position><AltitudeMeters>39.624</AltitudeMeters><DistanceMeters>4385.60009765625</DistanceMeters><HeartRateBpm><Value>131</Value></HeartRateBpm><Cadence>90</Cadence><SensorState>Present</SensorState></Trackpoint><Trackpoint><Time>2025-11-04T11:59:10.708Z</Time><Position><LatitudeDegrees>43.29041833</LatitudeDegrees><LongitudeDegrees>-2.88477</LongitudeDegrees></Position><AltitudeMeters>39.624</AltitudeMeters><DistanceMeters>4389.10009765625</DistanceMeters><HeartRateBpm><Value>131</Value></HeartRateBpm><Cadence>90</Cadence><SensorState>Present</SensorState></Trackpoint><Trackpoint><Time>2025-11-04T11:59:11.708Z</Time><Position><LatitudeDegrees>43.29039167</LatitudeDegrees><LongitudeDegrees>-2.88479333</LongitudeDegrees></Position><AltitudeMeters>39.777</AltitudeMeters><DistanceMeters>4392.5</DistanceMeters><HeartRateBpm><Value>131</Value></HeartRateBpm><Cadence>90</Cadence><SensorState>Present</SensorState></Trackpoint><Trackpoint><Time>2025-11-04T11:59:12.708Z</Time><Position><LatitudeDegrees>43.290375</LatitudeDegrees><LongitudeDegrees>-2.88483333</LongitudeDegrees></Position><AltitudeMeters>39.777</AltitudeMeters><DistanceMeters>4395.89990234375</DistanceMeters><HeartRateBpm><Value>132</Value></HeartRateBpm><Cadence>90</Cadence><SensorState>Present</SensorState></Trackpoint><Trackpoint><Time>2025-11-04T11:59:13.708Z</Time><Position><LatitudeDegrees>43.29036333</LatitudeDegrees><LongitudeDegrees>-2.88488</LongitudeDegrees></Position><AltitudeMeters>39.777</AltitudeMeters><DistanceMeters>4399.2001953125</DistanceMeters><HeartRateBpm><Value>132</Value></HeartRateBpm><Cadence>90</Cadence><SensorState>Present</SensorState></Trackpoint><Trackpoint><Time>2025-11-04T11:59:14.708Z</Time><Position><LatitudeDegrees>43.29035667</LatitudeDegrees><LongitudeDegrees>-2.884925</LongitudeDegrees></Position><AltitudeMeters>39.777</AltitudeMeters><DistanceMeters>4402.7998046875</DistanceMeters><HeartRateBpm><Value>132</Value></HeartRateBpm><Cadence>90</Cadence><SensorState>Present</SensorState></Trackpoint><Trackpoint><Time>2025-11-04T11:59:15.708Z</Time><Position><LatitudeDegrees>43.29035833</LatitudeDegrees><LongitudeDegrees>-2.88497</LongitudeDegrees></Position><AltitudeMeters>39.777</AltitudeMeters><DistanceMeters>4405.89990234375</DistanceMeters><HeartRateBpm><Value>132</Value></HeartRateBpm><Cadence>89</Cadence><SensorState>Present</SensorState></Trackpoint><Trackpoint><Time>2025-11-04T11:59:16.708Z</Time><Position><LatitudeDegrees>43.29036333</LatitudeDegrees><LongitudeDegrees>-2.88501667</LongitudeDegrees></Position><AltitudeMeters>39.777</AltitudeMeters><DistanceMeters>4409.2998046875</DistanceMeters><HeartRateBpm><Value>133</Value></HeartRateBpm><Cadence>90</Cadence><SensorState>Present</SensorState></Trackpoint><Trackpoint><Time>2025-11-04T11:59:17.708Z</Time><Position><LatitudeDegrees>43.290375</LatitudeDegrees><LongitudeDegrees>-2.885065</LongitudeDegrees></Position><AltitudeMeters>39.777</AltitudeMeters><DistanceMeters>4413.0</DistanceMeters><HeartRateBpm><Value>134</Value></HeartRateBpm><Cadence>90</Cadence><SensorState>Present</SensorState></Trackpoint><Trackpoint><Time>2025-11-04T11:59:18.708Z</Time><Position><LatitudeDegrees>43.290385</LatitudeDegrees><LongitudeDegrees>-2.88510667</LongitudeDegrees></Position><AltitudeMeters>39.777</AltitudeMeters><DistanceMeters>4416.5</DistanceMeters><HeartRateBpm><Value>134</Value></HeartRateBpm><Cadence>90</Cadence><SensorState>Present</SensorState></Trackpoint><Trackpoint><Time>2025-11-04T11:59:19.708Z</Time><Position><LatitudeDegrees>43.290395</LatitudeDegrees><LongitudeDegrees>-2.88514167</LongitudeDegrees></Position><AltitudeMeters>39.624</AltitudeMeters><DistanceMeters>4419.60009765625</DistanceMeters><HeartRateBpm><Value>135</Value></HeartRateBpm><Cadence>90</Cadence><SensorState>Present</SensorState></Trackpoint><Trackpoint><Time>2025-11-04T11:59:20.708Z</Time><Position><LatitudeDegrees>43.2904</LatitudeDegrees><LongitudeDegrees>-2.88517333</LongitudeDegrees></Position><AltitudeMeters>39.624</AltitudeMeters><DistanceMeters>4421.7001953125</DistanceMeters><HeartRateBpm><Value>135</Value></HeartRateBpm><Cadence>90</Cadence><SensorState>Present</SensorState></Trackpoint><Trackpoint><Time>2025-11-04T11:59:21.708Z</Time><Position><LatitudeDegrees>43.29038833</LatitudeDegrees><LongitudeDegrees>-2.88519667</LongitudeDegrees></Position><AltitudeMeters>39.472</AltitudeMeters><DistanceMeters>4423.7998046875</DistanceMeters><HeartRateBpm><Value>135</Value></HeartRateBpm><Cadence>90</Cadence><SensorState>Present</SensorState></Trackpoint><Trackpoint><Time>2025-11-04T11:59:22.708Z</Time><Position><LatitudeDegrees>43.29037167</LatitudeDegrees><LongitudeDegrees>-2.88522167</LongitudeDegrees></Position><AltitudeMeters>39.32</AltitudeMeters><DistanceMeters>4426.5</DistanceMeters><HeartRateBpm><Value>135</Value></HeartRateBpm><Cadence>90</Cadence><SensorState>Present</SensorState></Trackpoint><Trackpoint><Time>2025-11-04T11:59:23.708Z</Time><Position><LatitudeDegrees>43.29035833</LatitudeDegrees><LongitudeDegrees>-2.88525167</LongitudeDegrees></Position><AltitudeMeters>39.167</AltitudeMeters><DistanceMeters>4429.10009765625</DistanceMeters><HeartRateBpm><Value>135</Value></HeartRateBpm><Cadence>90</Cadence><SensorState>Present</SensorState></Trackpoint><Trackpoint><Time>2025-11-04T11:59:24.708Z</Time><Position><LatitudeDegrees>43.29035333</LatitudeDegrees><LongitudeDegrees>-2.88528667</LongitudeDegrees></Position><AltitudeMeters>39.015</AltitudeMeters><DistanceMeters>4430.89990234375</DistanceMeters><HeartRateBpm><Value>135</Value></HeartRateBpm><Cadence>90</Cadence><SensorState>Present</SensorState></Trackpoint><Trackpoint><Time>2025-11-04T11:59:25.708Z</Time><Position><LatitudeDegrees>43.29035833</LatitudeDegrees><LongitudeDegrees>-2.88532833</LongitudeDegrees></Position><AltitudeMeters>38.862</AltitudeMeters><DistanceMeters>4433.0</DistanceMeters><HeartRateBpm><Value>135</Value></HeartRateBpm><Cadence>90</Cadence><SensorState>Present</SensorState></Trackpoint><Trackpoint><Time>2025-11-04T11:59:26.708Z</Time><Position><LatitudeDegrees>43.29037167</LatitudeDegrees><LongitudeDegrees>-2.88537167</LongitudeDegrees></Position><AltitudeMeters>38.71</AltitudeMeters><DistanceMeters>4436.60009765625</DistanceMeters><HeartRateBpm><Value>135</Value></HeartRateBpm><Cadence>90</Cadence><SensorState>Present</SensorState></Trackpoint><Trackpoint><Time>2025-11-04T11:59:27.708Z</Time><Position><LatitudeDegrees>43.29038667</LatitudeDegrees><LongitudeDegrees>-2.88541667</LongitudeDegrees></Position><AltitudeMeters>38.558</AltitudeMeters><DistanceMeters>4440.7001953125</DistanceMeters><HeartRateBpm><Value>136</Value></HeartRateBpm><Cadence>90</Cadence><SensorState>Present</SensorState></Trackpoint><Trackpoint><Time>2025-11-04T11:59:28.708Z</Time><Position><LatitudeDegrees>43.2904</LatitudeDegrees><LongitudeDegrees>-2.88546333</LongitudeDegrees></Position><AltitudeMeters>38.405</AltitudeMeters><DistanceMeters>4444.7998046875</DistanceMeters><HeartRateBpm><Value>136</Value></HeartRateBpm><Cadence>90</Cadence><SensorState>Present</SensorState></Trackpoint><Trackpoint><Time>2025-11-04T11:59:29.708Z</Time><Position><LatitudeDegrees>43.29041333</LatitudeDegrees><LongitudeDegrees>-2.88551</LongitudeDegrees></Position><AltitudeMeters>38.253</AltitudeMeters><DistanceMeters>4449.0</DistanceMeters><HeartRateBpm><Value>136</Value></HeartRateBpm><Cadence>90</Cadence><SensorState>Present</SensorState></Trackpoint><Trackpoint><Time>2025-11-04T11:59:30.708Z</Time><Position><LatitudeDegrees>43.29042833</LatitudeDegrees><LongitudeDegrees>-2.88555333</LongitudeDegrees></Position><AltitudeMeters>38.1</AltitudeMeters><DistanceMeters>4453.5</DistanceMeters><HeartRateBpm><Value>136</Value></HeartRateBpm><Cadence>90</Cadence><SensorState>Present</SensorState></Trackpoint><Trackpoint><Time>2025-11-04T11:59:31.708Z</Time><Position><LatitudeDegrees>43.29044167</LatitudeDegrees><LongitudeDegrees>-2.88559667</LongitudeDegrees></Position><AltitudeMeters>37.948</AltitudeMeters><DistanceMeters>4458.0</DistanceMeters><HeartRateBpm><Value>136</Value></HeartRateBpm><Cadence>90</Cadence><SensorState>Present</SensorState></Trackpoint><Trackpoint><Time>2025-11-04T11:59:32.708Z</Time><Position><LatitudeDegrees>43.29045</LatitudeDegrees><LongitudeDegrees>-2.88563833</LongitudeDegrees></Position><AltitudeMeters>37.796</AltitudeMeters><DistanceMeters>4462.5</DistanceMeters><HeartRateBpm><Value>135</Value></HeartRateBpm><Cadence>90</Cadence><SensorState>Present</SensorState></Trackpoint><Trackpoint><Time>2025-11-04T11:59:33.708Z</Time><Position><LatitudeDegrees>43.29046</LatitudeDegrees><LongitudeDegrees>-2.885685</LongitudeDegrees></Position><AltitudeMeters>37.643</AltitudeMeters><DistanceMeters>4466.2001953125</DistanceMeters><HeartRateBpm><Value>135</Value></HeartRateBpm><Cadence>90</Cadence><SensorState>Present</SensorState></Trackpoint><Trackpoint><Time>2025-11-04T11:59:34.708Z</Time><Position><LatitudeDegrees>43.29046833</LatitudeDegrees><LongitudeDegrees>-2.88572167</LongitudeDegrees></Position><AltitudeMeters>37.491</AltitudeMeters><DistanceMeters>4470.10009765625</DistanceMeters><HeartRateBpm><Value>135</Value></HeartRateBpm><Cadence>90</Cadence><SensorState>Present</SensorState></Trackpoint><Trackpoint><Time>2025-11-04T11:59:35.708Z</Time><Position><LatitudeDegrees>43.29048</LatitudeDegrees><LongitudeDegrees>-2.88577</LongitudeDegrees></Position><AltitudeMeters>37.338</AltitudeMeters><DistanceMeters>4473.5</DistanceMeters><HeartRateBpm><Value>135</Value></HeartRateBpm><Cadence>90</Cadence><SensorState>Present</SensorState></Trackpoint><Trackpoint><Time>2025-11-04T11:59:36.708Z</Time><Position><LatitudeDegrees>43.29049167</LatitudeDegrees><LongitudeDegrees>-2.88580833</LongitudeDegrees></Position><AltitudeMeters>37.186</AltitudeMeters><DistanceMeters>4476.7998046875</DistanceMeters><HeartRateBpm><Value>135</Value></HeartRateBpm><Cadence>90</Cadence><SensorState>Present</SensorState></Trackpoint><Trackpoint><Time>2025-11-04T11:59:37.708Z</Time><Position><LatitudeDegrees>43.29050333</LatitudeDegrees><LongitudeDegrees>-2.88584667</LongitudeDegrees></Position><AltitudeMeters>37.034</AltitudeMeters><DistanceMeters>4479.89990234375</DistanceMeters><HeartRateBpm><Value>135</Value></HeartRateBpm><Cadence>89</Cadence><SensorState>Present</SensorState></Trackpoint><Trackpoint><Time>2025-11-04T11:59:38.708Z</Time><Position><LatitudeDegrees>43.29051333</LatitudeDegrees><LongitudeDegrees>-2.88588333</LongitudeDegrees></Position><AltitudeMeters>36.881</AltitudeMeters><DistanceMeters>4483.2001953125</DistanceMeters><HeartRateBpm><Value>134</Value></HeartRateBpm><Cadence>90</Cadence><SensorState>Present</SensorState></Trackpoint><Trackpoint><Time>2025-11-04T11:59:39.708Z</Time><Position><LatitudeDegrees>43.290525</LatitudeDegrees><LongitudeDegrees>-2.88592333</LongitudeDegrees></Position><AltitudeMeters>36.881</AltitudeMeters><DistanceMeters>4486.0</DistanceMeters><HeartRateBpm><Value>134</Value></HeartRateBpm><Cadence>90</Cadence><SensorState>Present</SensorState></Trackpoint><Trackpoint><Time>2025-11-04T11:59:40.708Z</Time><Position><LatitudeDegrees>43.29053333</LatitudeDegrees><LongitudeDegrees>-2.88595333</LongitudeDegrees></Position><AltitudeMeters>36.729</AltitudeMeters><DistanceMeters>4489.60009765625</DistanceMeters><HeartRateBpm><Value>134</Value></HeartRateBpm><Cadence>90</Cadence><SensorState>Present</SensorState></Trackpoint><Trackpoint><Time>2025-11-04T11:59:41.708Z</Time><Position><LatitudeDegrees>43.29054667</LatitudeDegrees><LongitudeDegrees>-2.886</LongitudeDegrees></Position><AltitudeMeters>36.729</AltitudeMeters><DistanceMeters>4492.5</DistanceMeters><HeartRateBpm><Value>134</Value></HeartRateBpm><Cadence>90</Cadence><SensorState>Present</SensorState></Trackpoint><Trackpoint><Time>2025-11-04T11:59:42.708Z</Time><Position><LatitudeDegrees>43.29055833</LatitudeDegrees><LongitudeDegrees>-2.88603833</LongitudeDegrees></Position><AltitudeMeters>36.424</AltitudeMeters><DistanceMeters>4496.39990234375</DistanceMeters><HeartRateBpm><Value>134</Value></HeartRateBpm><Cadence>90</Cadence><SensorState>Present</SensorState></Trackpoint><Trackpoint><Time>2025-11-04T11:59:43.708Z</Time><Position><LatitudeDegrees>43.29057167</LatitudeDegrees><LongitudeDegrees>-2.88607667</LongitudeDegrees></Position><AltitudeMeters>36.272</AltitudeMeters><DistanceMeters>4499.5</DistanceMeters><HeartRateBpm><Value>134</Value></HeartRateBpm><Cadence>90</Cadence><SensorState>Present</SensorState></Trackpoint><Trackpoint><Time>2025-11-04T11:59:44.708Z</Time><Position><LatitudeDegrees>43.290585</LatitudeDegrees><LongitudeDegrees>-2.886115</LongitudeDegrees></Position><AltitudeMeters>36.272</AltitudeMeters><DistanceMeters>4502.89990234375</DistanceMeters><HeartRateBpm><Value>134</Value></HeartRateBpm><Cadence>90</Cadence><SensorState>Present</SensorState></Trackpoint><Trackpoint><Time>2025-11-04T11:59:45.708Z</Time><Position><LatitudeDegrees>43.29059833</LatitudeDegrees><LongitudeDegrees>-2.88615167</LongitudeDegrees></Position><AltitudeMeters>36.119</AltitudeMeters><DistanceMeters>4506.2001953125</DistanceMeters><HeartRateBpm><Value>134</Value></HeartRateBpm><Cadence>90</Cadence><SensorState>Present</SensorState></Trackpoint><Trackpoint><Time>2025-11-04T11:59:46.708Z</Time><Position><LatitudeDegrees>43.29060833</LatitudeDegrees><LongitudeDegrees>-2.88619</LongitudeDegrees></Position><AltitudeMeters>35.967</AltitudeMeters><DistanceMeters>4509.7001953125</DistanceMeters><HeartRateBpm><Value>134</Value></HeartRateBpm><Cadence>90</Cadence><SensorState>Present</SensorState></Trackpoint><Trackpoint><Time>2025-11-04T11:59:47.708Z</Time><Position><LatitudeDegrees>43.29062</LatitudeDegrees><LongitudeDegrees>-2.88622667</LongitudeDegrees></Position><AltitudeMeters>35.814</AltitudeMeters><DistanceMeters>4513.0</DistanceMeters><HeartRateBpm><Value>134</Value></HeartRateBpm><Cadence>90</Cadence><SensorState>Present</SensorState></Trackpoint><Trackpoint><Time>2025-11-04T11:59:48.708Z</Time><Position><LatitudeDegrees>43.29063167</LatitudeDegrees><LongitudeDegrees>-2.886265</LongitudeDegrees></Position><AltitudeMeters>35.662</AltitudeMeters><DistanceMeters>4516.7001953125</DistanceMeters><HeartRateBpm><Value>134</Value></HeartRateBpm><Cadence>90</Cadence><SensorState>Present</SensorState></Trackpoint><Trackpoint><Time>2025-11-04T11:59:49.708Z</Time><Position><LatitudeDegrees>43.29064333</LatitudeDegrees><LongitudeDegrees>-2.88630167</LongitudeDegrees></Position><AltitudeMeters>35.51</AltitudeMeters><DistanceMeters>4519.60009765625</DistanceMeters><HeartRateBpm><Value>134</Value></HeartRateBpm><Cadence>90</Cadence><SensorState>Present</SensorState></Trackpoint><Trackpoint><Time>2025-11-04T11:59:50.708Z</Time><Position><LatitudeDegrees>43.290655</LatitudeDegrees><LongitudeDegrees>-2.88633833</LongitudeDegrees></Position><AltitudeMeters>35.357</AltitudeMeters><DistanceMeters>4522.7998046875</DistanceMeters><HeartRateBpm><Value>134</Value></HeartRateBpm><Cadence>90</Cadence><SensorState>Present</SensorState></Trackpoint><Trackpoint><Time>2025-11-04T11:59:51.708Z</Time><Position><LatitudeDegrees>43.290665</LatitudeDegrees><LongitudeDegrees>-2.886375</LongitudeDegrees></Position><AltitudeMeters>35.205</AltitudeMeters><DistanceMeters>4526.0</DistanceMeters><HeartRateBpm><Value>134</Value></HeartRateBpm><Cadence>90</Cadence><SensorState>Present</SensorState></Trackpoint><Trackpoint><Time>2025-11-04T11:59:52.708Z</Time><Position><LatitudeDegrees>43.29067833</LatitudeDegrees><LongitudeDegrees>-2.88641</LongitudeDegrees></Position><AltitudeMeters>35.052</AltitudeMeters><DistanceMeters>4529.10009765625</DistanceMeters><HeartRateBpm><Value>134</Value></HeartRateBpm><Cadence>90</Cadence><SensorState>Present</SensorState></Trackpoint><Trackpoint><Time>2025-11-04T11:59:53.708Z</Time><Position><LatitudeDegrees>43.29069</LatitudeDegrees><LongitudeDegrees>-2.88644833</LongitudeDegrees></Position><AltitudeMeters>34.9</AltitudeMeters><DistanceMeters>4532.39990234375</DistanceMeters><HeartRateBpm><Value>134</Value></HeartRateBpm><Cadence>90</Cadence><SensorState>Present</SensorState></Trackpoint><Trackpoint><Time>2025-11-04T11:59:54.708Z</Time><Position><LatitudeDegrees>43.29070167</LatitudeDegrees><LongitudeDegrees>-2.886485</LongitudeDegrees></Position><AltitudeMeters>34.748</AltitudeMeters><DistanceMeters>4535.7001953125</DistanceMeters><HeartRateBpm><Value>134</Value></HeartRateBpm><Cadence>90</Cadence><SensorState>Present</SensorState></Trackpoint><Trackpoint><Time>2025-11-04T11:59:55.708Z</Time><Position><LatitudeDegrees>43.29071</LatitudeDegrees><LongitudeDegrees>-2.886525</LongitudeDegrees></Position><AltitudeMeters>34.595</AltitudeMeters><DistanceMeters>4538.7998046875</DistanceMeters><HeartRateBpm><Value>134</Value></HeartRateBpm><Cadence>90</Cadence><SensorState>Present</SensorState></Trackpoint><Trackpoint><Time>2025-11-04T11:59:56.708Z</Time><Position><LatitudeDegrees>43.29071833</LatitudeDegrees><LongitudeDegrees>-2.88656167</LongitudeDegrees></Position><AltitudeMeters>34.443</AltitudeMeters><DistanceMeters>4541.7998046875</DistanceMeters><HeartRateBpm><Value>134</Value></HeartRateBpm><Cadence>90</Cadence><SensorState>Present</SensorState></Trackpoint><Trackpoint><Time>2025-11-04T11:59:57.708Z</Time><Position><LatitudeDegrees>43.29072833</LatitudeDegrees><LongitudeDegrees>-2.88659167</LongitudeDegrees></Position><AltitudeMeters>34.29</AltitudeMeters><DistanceMeters>4545.0</DistanceMeters><HeartRateBpm><Value>135</Value></HeartRateBpm><Cadence>90</Cadence><SensorState>Present</SensorState></Trackpoint><Trackpoint><Time>2025-11-04T11:59:58.708Z</Time><Position><LatitudeDegrees>43.29073833</LatitudeDegrees><LongitudeDegrees>-2.88663</LongitudeDegrees></Position><AltitudeMeters>34.138</AltitudeMeters><DistanceMeters>4548.5</DistanceMeters><HeartRateBpm><Value>135</Value></HeartRateBpm><Cadence>90</Cadence><SensorState>Present</SensorState></Trackpoint><Trackpoint><Time>2025-11-04T11:59:59.708Z</Time><Position><LatitudeDegrees>43.29075</LatitudeDegrees><LongitudeDegrees>-2.886675</LongitudeDegrees></Position><AltitudeMeters>33.986</AltitudeMeters><DistanceMeters>4551.7001953125</DistanceMeters><HeartRateBpm><Value>135</Value></HeartRateBpm><Cadence>90</Cadence><SensorState>Present</SensorState></Trackpoint><Trackpoint><Time>2025-11-04T12:00:00.708Z</Time><Position><LatitudeDegrees>43.29075833</LatitudeDegrees><LongitudeDegrees>-2.88671167</LongitudeDegrees></Position><AltitudeMeters>33.833</AltitudeMeters><DistanceMeters>4555.0</DistanceMeters><HeartRateBpm><Value>135</Value></HeartRateBpm><Cadence>90</Cadence><SensorState>Present</SensorState></Trackpoint><Trackpoint><Time>2025-11-04T12:00:01.708Z</Time><Position><LatitudeDegrees>43.29077</LatitudeDegrees><LongitudeDegrees>-2.88674833</LongitudeDegrees></Position><AltitudeMeters>33.681</AltitudeMeters><DistanceMeters>4558.2998046875</DistanceMeters><HeartRateBpm><Value>135</Value></HeartRateBpm><Cadence>90</Cadence><SensorState>Present</SensorState></Trackpoint><Trackpoint><Time>2025-11-04T12:00:02.708Z</Time><Position><LatitudeDegrees>43.29078167</LatitudeDegrees><LongitudeDegrees>-2.88678667</LongitudeDegrees></Position><AltitudeMeters>33.528</AltitudeMeters><DistanceMeters>4561.7998046875</DistanceMeters><HeartRateBpm><Value>135</Value></HeartRateBpm><Cadence>90</Cadence><SensorState>Present</SensorState></Trackpoint><Trackpoint><Time>2025-11-04T12:00:03.708Z</Time><Position><LatitudeDegrees>43.290795</LatitudeDegrees><LongitudeDegrees>-2.88682667</LongitudeDegrees></Position><AltitudeMeters>33.376</AltitudeMeters><DistanceMeters>4565.10009765625</DistanceMeters><HeartRateBpm><Value>135</Value></HeartRateBpm><Cadence>90</Cadence><SensorState>Present</SensorState></Trackpoint><Trackpoint><Time>2025-11-04T12:00:04.708Z</Time><Position><LatitudeDegrees>43.290805</LatitudeDegrees><LongitudeDegrees>-2.886865</LongitudeDegrees></Position><AltitudeMeters>33.224</AltitudeMeters><DistanceMeters>4568.60009765625</DistanceMeters><HeartRateBpm><Value>135</Value></HeartRateBpm><Cadence>90</Cadence><SensorState>Present</SensorState></Trackpoint><Trackpoint><Time>2025-11-04T12:00:05.708Z</Time><Position><LatitudeDegrees>43.29081333</LatitudeDegrees><LongitudeDegrees>-2.886905</LongitudeDegrees></Position><AltitudeMeters>33.071</AltitudeMeters><DistanceMeters>4571.89990234375</DistanceMeters><HeartRateBpm><Value>135</Value></HeartRateBpm><Cadence>90</Cadence><SensorState>Present</SensorState></Trackpoint><Trackpoint><Time>2025-11-04T12:00:06.708Z</Time><Position><LatitudeDegrees>43.290815</LatitudeDegrees><LongitudeDegrees>-2.88693833</LongitudeDegrees></Position><AltitudeMeters>32.919</AltitudeMeters><DistanceMeters>4575.7001953125</DistanceMeters><HeartRateBpm><Value>135</Value></HeartRateBpm><Cadence>90</Cadence><SensorState>Present</SensorState></Trackpoint><Trackpoint><Time>2025-11-04T12:00:07.708Z</Time><Position><LatitudeDegrees>43.29081833</LatitudeDegrees><LongitudeDegrees>-2.88698833</LongitudeDegrees></Position><AltitudeMeters>32.766</AltitudeMeters><DistanceMeters>4578.7998046875</DistanceMeters><HeartRateBpm><Value>135</Value></HeartRateBpm><Cadence>90</Cadence><SensorState>Present</SensorState></Trackpoint><Trackpoint><Time>2025-11-04T12:00:08.708Z</Time><Position><LatitudeDegrees>43.29082667</LatitudeDegrees><LongitudeDegrees>-2.88702833</LongitudeDegrees></Position><AltitudeMeters>32.614</AltitudeMeters><DistanceMeters>4582.2001953125</DistanceMeters><HeartRateBpm><Value>135</Value></HeartRateBpm><Cadence>90</Cadence><SensorState>Present</SensorState></Trackpoint><Trackpoint><Time>2025-11-04T12:00:09.708Z</Time><Position><LatitudeDegrees>43.290835</LatitudeDegrees><LongitudeDegrees>-2.88706667</LongitudeDegrees></Position><AltitudeMeters>32.462</AltitudeMeters><DistanceMeters>4585.60009765625</DistanceMeters><HeartRateBpm><Value>135</Value></HeartRateBpm><Cadence>90</Cadence><SensorState>Present</SensorState></Trackpoint><Trackpoint><Time>2025-11-04T12:00:10.708Z</Time><Position><LatitudeDegrees>43.290845</LatitudeDegrees><LongitudeDegrees>-2.88710667</LongitudeDegrees></Position><AltitudeMeters>32.462</AltitudeMeters><DistanceMeters>4589.10009765625</DistanceMeters><HeartRateBpm><Value>135</Value></HeartRateBpm><Cadence>90</Cadence><SensorState>Present</SensorState></Trackpoint><Trackpoint><Time>2025-11-04T12:00:11.708Z</Time><Position><LatitudeDegrees>43.290855</LatitudeDegrees><LongitudeDegrees>-2.88714667</LongitudeDegrees></Position><AltitudeMeters>32.309</AltitudeMeters><DistanceMeters>4592.5</DistanceMeters><HeartRateBpm><Value>136</Value></HeartRateBpm><Cadence>90</Cadence><SensorState>Present</SensorState></Trackpoint><Trackpoint><Time>2025-11-04T12:00:12.708Z</Time><Position><LatitudeDegrees>43.290865</LatitudeDegrees><LongitudeDegrees>-2.88718667</LongitudeDegrees></Position><AltitudeMeters>32.157</AltitudeMeters><DistanceMeters>4596.10009765625</DistanceMeters><HeartRateBpm><Value>136</Value></HeartRateBpm><Cadence>90</Cadence><SensorState>Present</SensorState></Trackpoint><Trackpoint><Time>2025-11-04T12:00:13.708Z</Time><Position><LatitudeDegrees>43.29087333</LatitudeDegrees><LongitudeDegrees>-2.88723167</LongitudeDegrees></Position><AltitudeMeters>32.004</AltitudeMeters><DistanceMeters>4599.60009765625</DistanceMeters><HeartRateBpm><Value>136</Value></HeartRateBpm><Cadence>90</Cadence><SensorState>Present</SensorState></Trackpoint><Trackpoint><Time>2025-11-04T12:00:14.708Z</Time><Position><LatitudeDegrees>43.29088333</LatitudeDegrees><LongitudeDegrees>-2.88727167</LongitudeDegrees></Position><AltitudeMeters>32.004</AltitudeMeters><DistanceMeters>4603.10009765625</DistanceMeters><HeartRateBpm><Value>136</Value></HeartRateBpm><Cadence>90</Cadence><SensorState>Present</SensorState></Trackpoint><Trackpoint><Time>2025-11-04T12:00:15.708Z</Time><Position><LatitudeDegrees>43.29089333</LatitudeDegrees><LongitudeDegrees>-2.88730333</LongitudeDegrees></Position><AltitudeMeters>31.852</AltitudeMeters><DistanceMeters>4606.5</DistanceMeters><HeartRateBpm><Value>136</Value></HeartRateBpm><Cadence>90</Cadence><SensorState>Present</SensorState></Trackpoint><Trackpoint><Time>2025-11-04T12:00:16.708Z</Time><Position><LatitudeDegrees>43.29090667</LatitudeDegrees><LongitudeDegrees>-2.88734833</LongitudeDegrees></Position><AltitudeMeters>31.7</AltitudeMeters><DistanceMeters>4609.5</DistanceMeters><HeartRateBpm><Value>135</Value></HeartRateBpm><Cadence>90</Cadence><SensorState>Present</SensorState></Trackpoint><Trackpoint><Time>2025-11-04T12:00:17.708Z</Time><Position><LatitudeDegrees>43.29091833</LatitudeDegrees><LongitudeDegrees>-2.88737833</LongitudeDegrees></Position><AltitudeMeters>31.7</AltitudeMeters><DistanceMeters>4613.2998046875</DistanceMeters><HeartRateBpm><Value>135</Value></HeartRateBpm><Cadence>90</Cadence><SensorState>Present</SensorState></Trackpoint><Trackpoint><Time>2025-11-04T12:00:18.708Z</Time><Position><LatitudeDegrees>43.29093333</LatitudeDegrees><LongitudeDegrees>-2.88742167</LongitudeDegrees></Position><AltitudeMeters>31.547</AltitudeMeters><DistanceMeters>4616.5</DistanceMeters><HeartRateBpm><Value>135</Value></HeartRateBpm><Cadence>90</Cadence><SensorState>Present</SensorState></Trackpoint><Trackpoint><Time>2025-11-04T12:00:19.708Z</Time><Position><LatitudeDegrees>43.29094333</LatitudeDegrees><LongitudeDegrees>-2.88745667</LongitudeDegrees></Position><AltitudeMeters>31.395</AltitudeMeters><DistanceMeters>4619.39990234375</DistanceMeters><HeartRateBpm><Value>135</Value></HeartRateBpm><Cadence>90</Cadence><SensorState>Present</SensorState></Trackpoint><Trackpoint><Time>2025-11-04T12:00:20.708Z</Time><Position><LatitudeDegrees>43.29095167</LatitudeDegrees><LongitudeDegrees>-2.88748667</LongitudeDegrees></Position><AltitudeMeters>31.242</AltitudeMeters><DistanceMeters>4623.0</DistanceMeters><HeartRateBpm><Value>135</Value></HeartRateBpm><Cadence>90</Cadence><SensorState>Present</SensorState></Trackpoint><Trackpoint><Time>2025-11-04T12:00:21.708Z</Time><Position><LatitudeDegrees>43.29096333</LatitudeDegrees><LongitudeDegrees>-2.88753333</LongitudeDegrees></Position><AltitudeMeters>31.242</AltitudeMeters><DistanceMeters>4626.10009765625</DistanceMeters><HeartRateBpm><Value>135</Value></HeartRateBpm><Cadence>90</Cadence><SensorState>Present</SensorState></Trackpoint><Trackpoint><Time>2025-11-04T12:00:22.708Z</Time><Position><LatitudeDegrees>43.29097333</LatitudeDegrees><LongitudeDegrees>-2.88757167</LongitudeDegrees></Position><AltitudeMeters>31.09</AltitudeMeters><DistanceMeters>4629.39990234375</DistanceMeters><HeartRateBpm><Value>135</Value></HeartRateBpm><Cadence>90</Cadence><SensorState>Present</SensorState></Trackpoint><Trackpoint><Time>2025-11-04T12:00:23.708Z</Time><Position><LatitudeDegrees>43.290985</LatitudeDegrees><LongitudeDegrees>-2.88761167</LongitudeDegrees></Position><AltitudeMeters>30.938</AltitudeMeters><DistanceMeters>4633.0</DistanceMeters><HeartRateBpm><Value>135</Value></HeartRateBpm><Cadence>90</Cadence><SensorState>Present</SensorState></Trackpoint><Trackpoint><Time>2025-11-04T12:00:24.708Z</Time><Position><LatitudeDegrees>43.29099667</LatitudeDegrees><LongitudeDegrees>-2.88764833</LongitudeDegrees></Position><AltitudeMeters>30.785</AltitudeMeters><DistanceMeters>4636.0</DistanceMeters><HeartRateBpm><Value>135</Value></HeartRateBpm><Cadence>90</Cadence><SensorState>Present</SensorState></Trackpoint><Trackpoint><Time>2025-11-04T12:00:25.708Z</Time><Position><LatitudeDegrees>43.29101</LatitudeDegrees><LongitudeDegrees>-2.88768333</LongitudeDegrees></Position><AltitudeMeters>30.785</AltitudeMeters><DistanceMeters>4639.39990234375</DistanceMeters><HeartRateBpm><Value>135</Value></HeartRateBpm><Cadence>90</Cadence><SensorState>Present</SensorState></Trackpoint><Trackpoint><Time>2025-11-04T12:00:26.708Z</Time><Position><LatitudeDegrees>43.29102167</LatitudeDegrees><LongitudeDegrees>-2.88771667</LongitudeDegrees></Position><AltitudeMeters>30.633</AltitudeMeters><DistanceMeters>4642.2998046875</DistanceMeters><HeartRateBpm><Value>135</Value></HeartRateBpm><Cadence>90</Cadence><SensorState>Present</SensorState></Trackpoint><Trackpoint><Time>2025-11-04T12:00:27.708Z</Time><Position><LatitudeDegrees>43.29103167</LatitudeDegrees><LongitudeDegrees>-2.88775167</LongitudeDegrees></Position><AltitudeMeters>30.48</AltitudeMeters><DistanceMeters>4645.39990234375</DistanceMeters><HeartRateBpm><Value>135</Value></HeartRateBpm><Cadence>90</Cadence><SensorState>Present</SensorState></Trackpoint><Trackpoint><Time>2025-11-04T12:00:28.708Z</Time><Position><LatitudeDegrees>43.29104167</LatitudeDegrees><LongitudeDegrees>-2.88778667</LongitudeDegrees></Position><AltitudeMeters>30.328</AltitudeMeters><DistanceMeters>4648.5</DistanceMeters><HeartRateBpm><Value>135</Value></HeartRateBpm><Cadence>90</Cadence><SensorState>Present</SensorState></Trackpoint><Trackpoint><Time>2025-11-04T12:00:29.708Z</Time><Position><LatitudeDegrees>43.29104833</LatitudeDegrees><LongitudeDegrees>-2.887815</LongitudeDegrees></Position><AltitudeMeters>30.176</AltitudeMeters><DistanceMeters>4651.60009765625</DistanceMeters><HeartRateBpm><Value>135</Value></HeartRateBpm><Cadence>89</Cadence><SensorState>Present</SensorState></Trackpoint><Trackpoint><Time>2025-11-04T12:00:30.708Z</Time><Position><LatitudeDegrees>43.29106</LatitudeDegrees><LongitudeDegrees>-2.88786</LongitudeDegrees></Position><AltitudeMeters>30.023</AltitudeMeters><DistanceMeters>4654.7001953125</DistanceMeters><HeartRateBpm><Value>136</Value></HeartRateBpm><Cadence>89</Cadence><SensorState>Present</SensorState></Trackpoint><Trackpoint><Time>2025-11-04T12:00:31.708Z</Time><Position><LatitudeDegrees>43.29107167</LatitudeDegrees><LongitudeDegrees>-2.88789667</LongitudeDegrees></Position><AltitudeMeters>30.023</AltitudeMeters><DistanceMeters>4657.89990234375</DistanceMeters><HeartRateBpm><Value>136</Value></HeartRateBpm><Cadence>89</Cadence><SensorState>Present</SensorState></Trackpoint><Trackpoint><Time>2025-11-04T12:00:32.708Z</Time><Position><LatitudeDegrees>43.291085</LatitudeDegrees><LongitudeDegrees>-2.887935</LongitudeDegrees></Position><AltitudeMeters>29.871</AltitudeMeters><DistanceMeters>4661.2998046875</DistanceMeters><HeartRateBpm><Value>136</Value></HeartRateBpm><Cadence>89</Cadence><SensorState>Present</SensorState></Trackpoint><Trackpoint><Time>2025-11-04T12:00:33.708Z</Time><Position><LatitudeDegrees>43.29109833</LatitudeDegrees><LongitudeDegrees>-2.887975</LongitudeDegrees></Position><AltitudeMeters>29.718</AltitudeMeters><DistanceMeters>4664.7998046875</DistanceMeters><HeartRateBpm><Value>136</Value></HeartRateBpm><Cadence>89</Cadence><SensorState>Present</SensorState></Trackpoint><Trackpoint><Time>2025-11-04T12:00:34.708Z</Time><Position><LatitudeDegrees>43.29111</LatitudeDegrees><LongitudeDegrees>-2.88801667</LongitudeDegrees></Position><AltitudeMeters>29.566</AltitudeMeters><DistanceMeters>4668.39990234375</DistanceMeters><HeartRateBpm><Value>136</Value></HeartRateBpm><Cadence>89</Cadence><SensorState>Present</SensorState></Trackpoint><Trackpoint><Time>2025-11-04T12:00:35.708Z</Time><Position><LatitudeDegrees>43.29112</LatitudeDegrees><LongitudeDegrees>-2.888055</LongitudeDegrees></Position><AltitudeMeters>29.566</AltitudeMeters><DistanceMeters>4672.10009765625</DistanceMeters><HeartRateBpm><Value>136</Value></HeartRateBpm><Cadence>89</Cadence><SensorState>Present</SensorState></Trackpoint><Trackpoint><Time>2025-11-04T12:00:36.708Z</Time><Position><LatitudeDegrees>43.29113</LatitudeDegrees><LongitudeDegrees>-2.88809667</LongitudeDegrees></Position><AltitudeMeters>29.414</AltitudeMeters><DistanceMeters>4675.7998046875</DistanceMeters><HeartRateBpm><Value>136</Value></HeartRateBpm><Cadence>89</Cadence><SensorState>Present</SensorState></Trackpoint><Trackpoint><Time>2025-11-04T12:00:37.708Z</Time><Position><LatitudeDegrees>43.29114167</LatitudeDegrees><LongitudeDegrees>-2.88813833</LongitudeDegrees></Position><AltitudeMeters>29.261</AltitudeMeters><DistanceMeters>4679.7001953125</DistanceMeters><HeartRateBpm><Value>136</Value></HeartRateBpm><Cadence>89</Cadence><SensorState>Present</SensorState></Trackpoint><Trackpoint><Time>2025-11-04T12:00:38.708Z</Time><Position><LatitudeDegrees>43.29115167</LatitudeDegrees><LongitudeDegrees>-2.88817333</LongitudeDegrees></Position><AltitudeMeters>29.261</AltitudeMeters><DistanceMeters>4683.2998046875</DistanceMeters><HeartRateBpm><Value>136</Value></HeartRateBpm><Cadence>89</Cadence><SensorState>Present</SensorState></Trackpoint><Trackpoint><Time>2025-11-04T12:00:39.708Z</Time><Position><LatitudeDegrees>43.29116667</LatitudeDegrees><LongitudeDegrees>-2.88822</LongitudeDegrees></Position><AltitudeMeters>29.109</AltitudeMeters><DistanceMeters>4687.0</DistanceMeters><HeartRateBpm><Value>136</Value></HeartRateBpm><Cadence>89</Cadence><SensorState>Present</SensorState></Trackpoint><Trackpoint><Time>2025-11-04T12:00:40.708Z</Time><AltitudeMeters>29.109</AltitudeMeters><DistanceMeters>4690.60009765625</DistanceMeters><HeartRateBpm><Value>137</Value></HeartRateBpm><Cadence>89</Cadence><SensorState>Present</SensorState></Trackpoint><Trackpoint><Time>2025-11-04T12:00:41.708Z</Time><AltitudeMeters>28.956</AltitudeMeters><DistanceMeters>4694.2001953125</DistanceMeters><HeartRateBpm><Value>137</Value></HeartRateBpm><Cadence>89</Cadence><SensorState>Present</SensorState></Trackpoint><Trackpoint><Time>2025-11-04T12:00:42.708Z</Time><Position><LatitudeDegrees>43.29117833</LatitudeDegrees><LongitudeDegrees>-2.88826</LongitudeDegrees></Position><AltitudeMeters>28.804</AltitudeMeters><DistanceMeters>4697.7998046875</DistanceMeters><HeartRateBpm><Value>137</Value></HeartRateBpm><Cadence>89</Cadence><SensorState>Present</SensorState></Trackpoint><Trackpoint><Time>2025-11-04T12:00:43.708Z</Time><Position><LatitudeDegrees>43.29119</LatitudeDegrees><LongitudeDegrees>-2.8883</LongitudeDegrees></Position><AltitudeMeters>28.804</AltitudeMeters><DistanceMeters>4701.2001953125</DistanceMeters><HeartRateBpm><Value>136</Value></HeartRateBpm><Cadence>89</Cadence><SensorState>Present</SensorState></Trackpoint><Trackpoint><Time>2025-11-04T12:00:44.708Z</Time><Position><LatitudeDegrees>43.29120167</LatitudeDegrees><LongitudeDegrees>-2.88834167</LongitudeDegrees></Position><AltitudeMeters>28.652</AltitudeMeters><DistanceMeters>4704.60009765625</DistanceMeters><HeartRateBpm><Value>136</Value></HeartRateBpm><Cadence>90</Cadence><SensorState>Present</SensorState></Trackpoint><Trackpoint><Time>2025-11-04T12:00:45.708Z</Time><Position><LatitudeDegrees>43.291215</LatitudeDegrees><LongitudeDegrees>-2.88838167</LongitudeDegrees></Position><AltitudeMeters>28.652</AltitudeMeters><DistanceMeters>4708.0</DistanceMeters><HeartRateBpm><Value>136</Value></HeartRateBpm><Cadence>89</Cadence><SensorState>Present</SensorState></Trackpoint><Trackpoint><Time>2025-11-04T12:00:46.708Z</Time><Position><LatitudeDegrees>43.291225</LatitudeDegrees><LongitudeDegrees>-2.88842</LongitudeDegrees></Position><AltitudeMeters>28.499</AltitudeMeters><DistanceMeters>4711.7001953125</DistanceMeters><HeartRateBpm><Value>136</Value></HeartRateBpm><Cadence>89</Cadence><SensorState>Present</SensorState></Trackpoint><Trackpoint><Time>2025-11-04T12:00:47.708Z</Time><Position><LatitudeDegrees>43.29123333</LatitudeDegrees><LongitudeDegrees>-2.88845667</LongitudeDegrees></Position><AltitudeMeters>28.347</AltitudeMeters><DistanceMeters>4714.7998046875</DistanceMeters><HeartRateBpm><Value>136</Value></HeartRateBpm><Cadence>89</Cadence><SensorState>Present</SensorState></Trackpoint><Trackpoint><Time>2025-11-04T12:00:48.708Z</Time><Position><LatitudeDegrees>43.29124333</LatitudeDegrees><LongitudeDegrees>-2.88849667</LongitudeDegrees></Position><AltitudeMeters>28.347</AltitudeMeters><DistanceMeters>4718.10009765625</DistanceMeters><HeartRateBpm><Value>136</Value></HeartRateBpm><Cadence>89</Cadence><SensorState>Present</SensorState></Trackpoint><Trackpoint><Time>2025-11-04T12:00:49.708Z</Time><Position><LatitudeDegrees>43.29125667</LatitudeDegrees><LongitudeDegrees>-2.88853667</LongitudeDegrees></Position><AltitudeMeters>28.194</AltitudeMeters><DistanceMeters>4721.2001953125</DistanceMeters><HeartRateBpm><Value>136</Value></HeartRateBpm><Cadence>87</Cadence><SensorState>Present</SensorState></Trackpoint><Trackpoint><Time>2025-11-04T12:00:50.708Z</Time><Position><LatitudeDegrees>43.29126667</LatitudeDegrees><LongitudeDegrees>-2.88857667</LongitudeDegrees></Position><AltitudeMeters>28.042</AltitudeMeters><DistanceMeters>4724.60009765625</DistanceMeters><HeartRateBpm><Value>136</Value></HeartRateBpm><Cadence>86</Cadence><SensorState>Present</SensorState></Trackpoint><Trackpoint><Time>2025-11-04T12:00:51.708Z</Time><Position><LatitudeDegrees>43.29127167</LatitudeDegrees><LongitudeDegrees>-2.88861667</LongitudeDegrees></Position><AltitudeMeters>28.042</AltitudeMeters><DistanceMeters>4727.7998046875</DistanceMeters><HeartRateBpm><Value>136</Value></HeartRateBpm><Cadence>86</Cadence><SensorState>Present</SensorState></Trackpoint><Trackpoint><Time>2025-11-04T12:00:52.708Z</Time><Position><LatitudeDegrees>43.29127667</LatitudeDegrees><LongitudeDegrees>-2.88865667</LongitudeDegrees></Position><AltitudeMeters>27.89</AltitudeMeters><DistanceMeters>4731.0</DistanceMeters><HeartRateBpm><Value>136</Value></HeartRateBpm><Cadence>86</Cadence><SensorState>Present</SensorState></Trackpoint><Trackpoint><Time>2025-11-04T12:00:53.708Z</Time><Position><LatitudeDegrees>43.29127833</LatitudeDegrees><LongitudeDegrees>-2.8887</LongitudeDegrees></Position><AltitudeMeters>27.89</AltitudeMeters><DistanceMeters>4733.7998046875</DistanceMeters><HeartRateBpm><Value>136</Value></HeartRateBpm><Cadence>88</Cadence><SensorState>Present</SensorState></Trackpoint><Trackpoint><Time>2025-11-04T12:00:54.708Z</Time><Position><LatitudeDegrees>43.29128</LatitudeDegrees><LongitudeDegrees>-2.88873833</LongitudeDegrees></Position><AltitudeMeters>27.737</AltitudeMeters><DistanceMeters>4735.5</DistanceMeters><HeartRateBpm><Value>136</Value></HeartRateBpm><Cadence>88</Cadence><SensorState>Present</SensorState></Trackpoint><Trackpoint><Time>2025-11-04T12:00:55.708Z</Time><Position><LatitudeDegrees>43.291285</LatitudeDegrees><LongitudeDegrees>-2.88877667</LongitudeDegrees></Position><AltitudeMeters>27.585</AltitudeMeters><DistanceMeters>4736.7001953125</DistanceMeters><HeartRateBpm><Value>135</Value></HeartRateBpm><Cadence>88</Cadence><SensorState>Present</SensorState></Trackpoint><Trackpoint><Time>2025-11-04T12:00:56.708Z</Time><Position><LatitudeDegrees>43.29129667</LatitudeDegrees><LongitudeDegrees>-2.888805</LongitudeDegrees></Position><DistanceMeters>4739.2998046875</DistanceMeters><HeartRateBpm><Value>135</Value></HeartRateBpm><Cadence>88</Cadence><SensorState>Present</SensorState></Trackpoint><Trackpoint><Time>2025-11-04T12:00:57.708Z</Time><Position><LatitudeDegrees>43.29130333</LatitudeDegrees><LongitudeDegrees>-2.88882</LongitudeDegrees></Position><DistanceMeters>4739.2998046875</DistanceMeters><HeartRateBpm><Value>134</Value></HeartRateBpm><Cadence>90</Cadence><SensorState>Present</SensorState></Trackpoint><Trackpoint><Time>2025-11-04T12:00:58.708Z</Time><Position><LatitudeDegrees>43.29130333</LatitudeDegrees><LongitudeDegrees>-2.888835</LongitudeDegrees></Position><AltitudeMeters>27.585</AltitudeMeters><DistanceMeters>4742.2001953125</DistanceMeters><HeartRateBpm><Value>134</Value></HeartRateBpm><Cadence>90</Cadence><SensorState>Present</SensorState></Trackpoint><Trackpoint><Time>2025-11-04T12:00:59.708Z</Time><Position><LatitudeDegrees>43.291305</LatitudeDegrees><LongitudeDegrees>-2.888845</LongitudeDegrees></Position><AltitudeMeters>27.432</AltitudeMeters><DistanceMeters>4742.2998046875</DistanceMeters><HeartRateBpm><Value>134</Value></HeartRateBpm><Cadence>90</Cadence><SensorState>Present</SensorState></Trackpoint><Trackpoint><Time>2025-11-04T12:01:00.708Z</Time><Position><LatitudeDegrees>43.29128</LatitudeDegrees><LongitudeDegrees>-2.88889667</LongitudeDegrees></Position><AltitudeMeters>27.28</AltitudeMeters><DistanceMeters>4742.2998046875</DistanceMeters><HeartRateBpm><Value>133</Value></HeartRateBpm><Cadence>90</Cadence><SensorState>Present</SensorState></Trackpoint><Trackpoint><Time>2025-11-04T12:01:01.708Z</Time><Position><LatitudeDegrees>43.291275</LatitudeDegrees><LongitudeDegrees>-2.88893167</LongitudeDegrees></Position><AltitudeMeters>27.28</AltitudeMeters><DistanceMeters>4742.2998046875</DistanceMeters><HeartRateBpm><Value>133</Value></HeartRateBpm><Cadence>90</Cadence><SensorState>Present</SensorState></Trackpoint><Trackpoint><Time>2025-11-04T12:01:02.708Z</Time><Position><LatitudeDegrees>43.291275</LatitudeDegrees><LongitudeDegrees>-2.88896833</LongitudeDegrees></Position><AltitudeMeters>27.128</AltitudeMeters><DistanceMeters>4744.5</DistanceMeters><HeartRateBpm><Value>133</Value></HeartRateBpm><Cadence>89</Cadence><SensorState>Present</SensorState></Trackpoint><Trackpoint><Time>2025-11-04T12:01:03.708Z</Time><Position><LatitudeDegrees>43.29127667</LatitudeDegrees><LongitudeDegrees>-2.88900167</LongitudeDegrees></Position><AltitudeMeters>27.128</AltitudeMeters><DistanceMeters>4746.5</DistanceMeters><HeartRateBpm><Value>133</Value></HeartRateBpm><Cadence>89</Cadence><SensorState>Present</SensorState></Trackpoint><Trackpoint><Time>2025-11-04T12:01:04.708Z</Time><Position><LatitudeDegrees>43.29128167</LatitudeDegrees><LongitudeDegrees>-2.88903667</LongitudeDegrees></Position><AltitudeMeters>26.975</AltitudeMeters><DistanceMeters>4749.5</DistanceMeters><HeartRateBpm><Value>133</Value></HeartRateBpm><Cadence>89</Cadence><SensorState>Present</SensorState></Trackpoint><Trackpoint><Time>2025-11-04T12:01:05.708Z</Time><Position><LatitudeDegrees>43.29128667</LatitudeDegrees><LongitudeDegrees>-2.88907</LongitudeDegrees></Position><AltitudeMeters>26.975</AltitudeMeters><DistanceMeters>4753.0</DistanceMeters><HeartRateBpm><Value>133</Value></HeartRateBpm><Cadence>89</Cadence><SensorState>Present</SensorState></Trackpoint><Trackpoint><Time>2025-11-04T12:01:06.708Z</Time><Position><LatitudeDegrees>43.29129333</LatitudeDegrees><LongitudeDegrees>-2.88910333</LongitudeDegrees></Position><AltitudeMeters>26.823</AltitudeMeters><DistanceMeters>4756.2001953125</DistanceMeters><HeartRateBpm><Value>133</Value></HeartRateBpm><Cadence>89</Cadence><SensorState>Present</SensorState></Trackpoint><Trackpoint><Time>2025-11-04T12:01:07.708Z</Time><Position><LatitudeDegrees>43.29129667</LatitudeDegrees><LongitudeDegrees>-2.88913167</LongitudeDegrees></Position><AltitudeMeters>26.823</AltitudeMeters><DistanceMeters>4759.2998046875</DistanceMeters><HeartRateBpm><Value>133</Value></HeartRateBpm><Cadence>89</Cadence><SensorState>Present</SensorState></Trackpoint><Trackpoint><Time>2025-11-04T12:01:08.708Z</Time><Position><LatitudeDegrees>43.29130167</LatitudeDegrees><LongitudeDegrees>-2.88915667</LongitudeDegrees></Position><AltitudeMeters>26.67</AltitudeMeters><DistanceMeters>4759.7998046875</DistanceMeters><HeartRateBpm><Value>133</Value></HeartRateBpm><Cadence>90</Cadence><SensorState>Present</SensorState></Trackpoint><Trackpoint><Time>2025-11-04T12:01:09.708Z</Time><Position><LatitudeDegrees>43.29129667</LatitudeDegrees><LongitudeDegrees>-2.88916833</LongitudeDegrees></Position><AltitudeMeters>26.67</AltitudeMeters><DistanceMeters>4760.10009765625</DistanceMeters><HeartRateBpm><Value>132</Value></HeartRateBpm><Cadence>89</Cadence><SensorState>Present</SensorState></Trackpoint><Trackpoint><Time>2025-11-04T12:01:10.708Z</Time><Position><LatitudeDegrees>43.29129333</LatitudeDegrees><LongitudeDegrees>-2.889165</LongitudeDegrees></Position><AltitudeMeters>26.518</AltitudeMeters><DistanceMeters>4760.10009765625</DistanceMeters><HeartRateBpm><Value>132</Value></HeartRateBpm><Cadence>89</Cadence><SensorState>Present</SensorState></Trackpoint><Trackpoint><Time>2025-11-04T12:01:11.708Z</Time><Position><LatitudeDegrees>43.29128833</LatitudeDegrees><LongitudeDegrees>-2.88914833</LongitudeDegrees></Position><AltitudeMeters>26.518</AltitudeMeters><DistanceMeters>4760.60009765625</DistanceMeters><HeartRateBpm><Value>132</Value></HeartRateBpm><Cadence>89</Cadence><SensorState>Present</SensorState></Trackpoint><Trackpoint><Time>2025-11-04T12:01:12.708Z</Time><Position><LatitudeDegrees>43.29128167</LatitudeDegrees><LongitudeDegrees>-2.88911833</LongitudeDegrees></Position><AltitudeMeters>26.366</AltitudeMeters><DistanceMeters>4761.60009765625</DistanceMeters><HeartRateBpm><Value>132</Value></HeartRateBpm><Cadence>89</Cadence><SensorState>Present</SensorState></Trackpoint><Trackpoint><Time>2025-11-04T12:01:13.708Z</Time><Position><LatitudeDegrees>43.29128167</LatitudeDegrees><LongitudeDegrees>-2.88908167</LongitudeDegrees></Position><AltitudeMeters>26.366</AltitudeMeters><DistanceMeters>4762.60009765625</DistanceMeters><HeartRateBpm><Value>132</Value></HeartRateBpm><Cadence>89</Cadence><SensorState>Present</SensorState></Trackpoint><Trackpoint><Time>2025-11-04T12:01:14.708Z</Time><Position><LatitudeDegrees>43.29128</LatitudeDegrees><LongitudeDegrees>-2.88904167</LongitudeDegrees></Position><AltitudeMeters>26.213</AltitudeMeters><DistanceMeters>4763.0</DistanceMeters><HeartRateBpm><Value>132</Value></HeartRateBpm><Cadence>89</Cadence><SensorState>Present</SensorState></Trackpoint><Trackpoint><Time>2025-11-04T12:01:15.708Z</Time><Position><LatitudeDegrees>43.29127833</LatitudeDegrees><LongitudeDegrees>-2.88901</LongitudeDegrees></Position><AltitudeMeters>26.213</AltitudeMeters><DistanceMeters>4764.7998046875</DistanceMeters><HeartRateBpm><Value>132</Value></HeartRateBpm><Cadence>89</Cadence><SensorState>Present</SensorState></Trackpoint><Trackpoint><Time>2025-11-04T12:01:16.708Z</Time><Position><LatitudeDegrees>43.29127333</LatitudeDegrees><LongitudeDegrees>-2.88896833</LongitudeDegrees></Position><AltitudeMeters>26.213</AltitudeMeters><DistanceMeters>4769.7001953125</DistanceMeters><HeartRateBpm><Value>132</Value></HeartRateBpm><Cadence>89</Cadence><SensorState>Present</SensorState></Trackpoint><Trackpoint><Time>2025-11-04T12:01:17.708Z</Time><Position><LatitudeDegrees>43.29126</LatitudeDegrees><LongitudeDegrees>-2.88893167</LongitudeDegrees></Position><AltitudeMeters>26.061</AltitudeMeters><DistanceMeters>4774.5</DistanceMeters><HeartRateBpm><Value>132</Value></HeartRateBpm><Cadence>90</Cadence><SensorState>Present</SensorState></Trackpoint><Trackpoint><Time>2025-11-04T12:01:18.708Z</Time><Position><LatitudeDegrees>43.29123833</LatitudeDegrees><LongitudeDegrees>-2.88890167</LongitudeDegrees></Position><AltitudeMeters>26.061</AltitudeMeters><DistanceMeters>4778.7998046875</DistanceMeters><HeartRateBpm><Value>133</Value></HeartRateBpm><Cadence>90</Cadence><SensorState>Present</SensorState></Trackpoint><Trackpoint><Time>2025-11-04T12:01:19.708Z</Time><Position><LatitudeDegrees>43.29120667</LatitudeDegrees><LongitudeDegrees>-2.888885</LongitudeDegrees></Position><AltitudeMeters>26.061</AltitudeMeters><DistanceMeters>4782.5</DistanceMeters><HeartRateBpm><Value>133</Value></HeartRateBpm><Cadence>90</Cadence><SensorState>Present</SensorState></Trackpoint><Trackpoint><Time>2025-11-04T12:01:20.708Z</Time><Position><LatitudeDegrees>43.29117667</LatitudeDegrees><LongitudeDegrees>-2.88888667</LongitudeDegrees></Position><AltitudeMeters>26.061</AltitudeMeters><DistanceMeters>4785.7001953125</DistanceMeters><HeartRateBpm><Value>133</Value></HeartRateBpm><Cadence>90</Cadence><SensorState>Present</SensorState></Trackpoint><Trackpoint><Time>2025-11-04T12:01:21.708Z</Time><Position><LatitudeDegrees>43.29114667</LatitudeDegrees><LongitudeDegrees>-2.88889333</LongitudeDegrees></Position><AltitudeMeters>26.061</AltitudeMeters><DistanceMeters>4788.5</DistanceMeters><HeartRateBpm><Value>134</Value></HeartRateBpm><Cadence>90</Cadence><SensorState>Present</SensorState></Trackpoint><Trackpoint><Time>2025-11-04T12:01:22.708Z</Time><Position><LatitudeDegrees>43.29112167</LatitudeDegrees><LongitudeDegrees>-2.88891167</LongitudeDegrees></Position><AltitudeMeters>26.061</AltitudeMeters><DistanceMeters>4791.39990234375</DistanceMeters><HeartRateBpm><Value>134</Value></HeartRateBpm><Cadence>90</Cadence><SensorState>Present</SensorState></Trackpoint><Trackpoint><Time>2025-11-04T12:01:23.708Z</Time><Position><LatitudeDegrees>43.29109</LatitudeDegrees><LongitudeDegrees>-2.888925</LongitudeDegrees></Position><AltitudeMeters>26.061</AltitudeMeters><DistanceMeters>4794.7998046875</DistanceMeters><HeartRateBpm><Value>135</Value></HeartRateBpm><Cadence>90</Cadence><SensorState>Present</SensorState></Trackpoint><Trackpoint><Time>2025-11-04T12:01:24.708Z</Time><Position><LatitudeDegrees>43.29105667</LatitudeDegrees><LongitudeDegrees>-2.88893333</LongitudeDegrees></Position><AltitudeMeters>26.061</AltitudeMeters><DistanceMeters>4798.5</DistanceMeters><HeartRateBpm><Value>136</Value></HeartRateBpm><Cadence>90</Cadence><SensorState>Present</SensorState></Trackpoint><Trackpoint><Time>2025-11-04T12:01:25.708Z</Time><Position><LatitudeDegrees>43.29102333</LatitudeDegrees><LongitudeDegrees>-2.888935</LongitudeDegrees></Position><AltitudeMeters>26.061</AltitudeMeters><DistanceMeters>4802.10009765625</DistanceMeters><HeartRateBpm><Value>136</Value></HeartRateBpm><Cadence>90</Cadence><SensorState>Present</SensorState></Trackpoint><Trackpoint><Time>2025-11-04T12:01:26.708Z</Time><Position><LatitudeDegrees>43.29099333</LatitudeDegrees><LongitudeDegrees>-2.88893333</LongitudeDegrees></Position><AltitudeMeters>26.213</AltitudeMeters><DistanceMeters>4806.10009765625</DistanceMeters><HeartRateBpm><Value>137</Value></HeartRateBpm><Cadence>90</Cadence><SensorState>Present</SensorState></Trackpoint><Trackpoint><Time>2025-11-04T12:01:27.708Z</Time><Position><LatitudeDegrees>43.29096167</LatitudeDegrees><LongitudeDegrees>-2.88892167</LongitudeDegrees></Position><AltitudeMeters>26.213</AltitudeMeters><DistanceMeters>4809.39990234375</DistanceMeters><HeartRateBpm><Value>137</Value></HeartRateBpm><Cadence>90</Cadence><SensorState>Present</SensorState></Trackpoint><Trackpoint><Time>2025-11-04T12:01:28.708Z</Time><Position><LatitudeDegrees>43.290935</LatitudeDegrees><LongitudeDegrees>-2.88890833</LongitudeDegrees></Position><AltitudeMeters>26.213</AltitudeMeters><DistanceMeters>4813.0</DistanceMeters><HeartRateBpm><Value>137</Value></HeartRateBpm><Cadence>90</Cadence><SensorState>Present</SensorState></Trackpoint><Trackpoint><Time>2025-11-04T12:01:29.708Z</Time><Position><LatitudeDegrees>43.29090333</LatitudeDegrees><LongitudeDegrees>-2.88890833</LongitudeDegrees></Position><AltitudeMeters>26.366</AltitudeMeters><DistanceMeters>4816.0</DistanceMeters><HeartRateBpm><Value>137</Value></HeartRateBpm><Cadence>90</Cadence><SensorState>Present</SensorState></Trackpoint><Trackpoint><Time>2025-11-04T12:01:30.708Z</Time><Position><LatitudeDegrees>43.29087667</LatitudeDegrees><LongitudeDegrees>-2.88892</LongitudeDegrees></Position><AltitudeMeters>26.518</AltitudeMeters><DistanceMeters>4819.2001953125</DistanceMeters><HeartRateBpm><Value>137</Value></HeartRateBpm><Cadence>90</Cadence><SensorState>Present</SensorState></Trackpoint><Trackpoint><Time>2025-11-04T12:01:31.708Z</Time><Position><LatitudeDegrees>43.29085167</LatitudeDegrees><LongitudeDegrees>-2.888935</LongitudeDegrees></Position><AltitudeMeters>26.518</AltitudeMeters><DistanceMeters>4822.5</DistanceMeters><HeartRateBpm><Value>137</Value></HeartRateBpm><Cadence>90</Cadence><SensorState>Present</SensorState></Trackpoint><Trackpoint><Time>2025-11-04T12:01:32.708Z</Time><Position><LatitudeDegrees>43.29082167</LatitudeDegrees><LongitudeDegrees>-2.888945</LongitudeDegrees></Position><AltitudeMeters>26.67</AltitudeMeters><DistanceMeters>4826.0</DistanceMeters><HeartRateBpm><Value>137</Value></HeartRateBpm><Cadence>90</Cadence><SensorState>Present</SensorState></Trackpoint><Trackpoint><Time>2025-11-04T12:01:33.708Z</Time><Position><LatitudeDegrees>43.29079</LatitudeDegrees><LongitudeDegrees>-2.88896333</LongitudeDegrees></Position><AltitudeMeters>26.823</AltitudeMeters><DistanceMeters>4829.0</DistanceMeters><HeartRateBpm><Value>137</Value></HeartRateBpm><Cadence>90</Cadence><SensorState>Present</SensorState></Trackpoint><Trackpoint><Time>2025-11-04T12:01:34.708Z</Time><Position><LatitudeDegrees>43.29075833</LatitudeDegrees><LongitudeDegrees>-2.88896333</LongitudeDegrees></Position><AltitudeMeters>26.975</AltitudeMeters><DistanceMeters>4832.2001953125</DistanceMeters><HeartRateBpm><Value>138</Value></HeartRateBpm><Cadence>90</Cadence><SensorState>Present</SensorState></Trackpoint><Trackpoint><Time>2025-11-04T12:01:35.708Z</Time><Position><LatitudeDegrees>43.29072667</LatitudeDegrees><LongitudeDegrees>-2.888965</LongitudeDegrees></Position><AltitudeMeters>26.975</AltitudeMeters><DistanceMeters>4835.89990234375</DistanceMeters><HeartRateBpm><Value>138</Value></HeartRateBpm><Cadence>90</Cadence><SensorState>Present</SensorState></Trackpoint><Trackpoint><Time>2025-11-04T12:01:36.708Z</Time><Position><LatitudeDegrees>43.29069333</LatitudeDegrees><LongitudeDegrees>-2.888965</LongitudeDegrees></Position><AltitudeMeters>27.128</AltitudeMeters><DistanceMeters>4839.89990234375</DistanceMeters><HeartRateBpm><Value>138</Value></HeartRateBpm><Cadence>90</Cadence><SensorState>Present</SensorState></Trackpoint><Trackpoint><Time>2025-11-04T12:01:37.708Z</Time><Position><LatitudeDegrees>43.29066167</LatitudeDegrees><LongitudeDegrees>-2.888975</LongitudeDegrees></Position><AltitudeMeters>27.28</AltitudeMeters><DistanceMeters>4843.2001953125</DistanceMeters><HeartRateBpm><Value>139</Value></HeartRateBpm><Cadence>89</Cadence><SensorState>Present</SensorState></Trackpoint><Trackpoint><Time>2025-11-04T12:01:38.708Z</Time><Position><LatitudeDegrees>43.29063333</LatitudeDegrees><LongitudeDegrees>-2.88898167</LongitudeDegrees></Position><AltitudeMeters>27.432</AltitudeMeters><DistanceMeters>4846.7001953125</DistanceMeters><HeartRateBpm><Value>139</Value></HeartRateBpm><Cadence>89</Cadence><SensorState>Present</SensorState></Trackpoint><Trackpoint><Time>2025-11-04T12:01:39.708Z</Time><Position><LatitudeDegrees>43.290605</LatitudeDegrees><LongitudeDegrees>-2.88899</LongitudeDegrees></Position><AltitudeMeters>27.432</AltitudeMeters><DistanceMeters>4850.39990234375</DistanceMeters><HeartRateBpm><Value>139</Value></HeartRateBpm><Cadence>90</Cadence><SensorState>Present</SensorState></Trackpoint><Trackpoint><Time>2025-11-04T12:01:40.708Z</Time><Position><LatitudeDegrees>43.290575</LatitudeDegrees><LongitudeDegrees>-2.88899667</LongitudeDegrees></Position><AltitudeMeters>27.585</AltitudeMeters><DistanceMeters>4853.60009765625</DistanceMeters><HeartRateBpm><Value>139</Value></HeartRateBpm><Cadence>89</Cadence><SensorState>Present</SensorState></Trackpoint><Trackpoint><Time>2025-11-04T12:01:41.708Z</Time><Position><LatitudeDegrees>43.29054667</LatitudeDegrees><LongitudeDegrees>-2.88900667</LongitudeDegrees></Position><AltitudeMeters>27.737</AltitudeMeters><DistanceMeters>4856.89990234375</DistanceMeters><HeartRateBpm><Value>139</Value></HeartRateBpm><Cadence>89</Cadence><SensorState>Present</SensorState></Trackpoint><Trackpoint><Time>2025-11-04T12:01:42.708Z</Time><Position><LatitudeDegrees>43.29051833</LatitudeDegrees><LongitudeDegrees>-2.88901833</LongitudeDegrees></Position><AltitudeMeters>27.737</AltitudeMeters><DistanceMeters>4860.2001953125</DistanceMeters><HeartRateBpm><Value>140</Value></HeartRateBpm><Cadence>89</Cadence><SensorState>Present</SensorState></Trackpoint><Trackpoint><Time>2025-11-04T12:01:43.708Z</Time><Position><LatitudeDegrees>43.29048833</LatitudeDegrees><LongitudeDegrees>-2.88902333</LongitudeDegrees></Position><AltitudeMeters>27.89</AltitudeMeters><DistanceMeters>4863.7001953125</DistanceMeters><HeartRateBpm><Value>140</Value></HeartRateBpm><Cadence>89</Cadence><SensorState>Present</SensorState></Trackpoint><Trackpoint><Time>2025-11-04T12:01:44.708Z</Time><Position><LatitudeDegrees>43.290455</LatitudeDegrees><LongitudeDegrees>-2.889025</LongitudeDegrees></Position><AltitudeMeters>27.89</AltitudeMeters><DistanceMeters>4867.0</DistanceMeters><HeartRateBpm><Value>140</Value></HeartRateBpm><Cadence>90</Cadence><SensorState>Present</SensorState></Trackpoint><Trackpoint><Time>2025-11-04T12:01:45.708Z</Time><Position><LatitudeDegrees>43.29042333</LatitudeDegrees><LongitudeDegrees>-2.88903167</LongitudeDegrees></Position><AltitudeMeters>27.89</AltitudeMeters><DistanceMeters>4870.5</DistanceMeters><HeartRateBpm><Value>140</Value></HeartRateBpm><Cadence>90</Cadence><SensorState>Present</SensorState></Trackpoint><Trackpoint><Time>2025-11-04T12:01:46.708Z</Time><Position><LatitudeDegrees>43.29039167</LatitudeDegrees><LongitudeDegrees>-2.88903833</LongitudeDegrees></Position><AltitudeMeters>28.042</AltitudeMeters><DistanceMeters>4874.2001953125</DistanceMeters><HeartRateBpm><Value>140</Value></HeartRateBpm><Cadence>90</Cadence><SensorState>Present</SensorState></Trackpoint><Trackpoint><Time>2025-11-04T12:01:47.708Z</Time><Position><LatitudeDegrees>43.29035833</LatitudeDegrees><LongitudeDegrees>-2.889045</LongitudeDegrees></Position><AltitudeMeters>28.042</AltitudeMeters><DistanceMeters>4877.7001953125</DistanceMeters><HeartRateBpm><Value>140</Value></HeartRateBpm><Cadence>90</Cadence><SensorState>Present</SensorState></Trackpoint><Trackpoint><Time>2025-11-04T12:01:48.708Z</Time><Position><LatitudeDegrees>43.29033</LatitudeDegrees><LongitudeDegrees>-2.88905333</LongitudeDegrees></Position><AltitudeMeters>28.042</AltitudeMeters><DistanceMeters>4880.89990234375</DistanceMeters><HeartRateBpm><Value>140</Value></HeartRateBpm><Cadence>90</Cadence><SensorState>Present</SensorState></Trackpoint><Trackpoint><Time>2025-11-04T12:01:49.708Z</Time><Position><LatitudeDegrees>43.290305</LatitudeDegrees><LongitudeDegrees>-2.889065</LongitudeDegrees></Position><AltitudeMeters>28.042</AltitudeMeters><DistanceMeters>4884.10009765625</DistanceMeters><HeartRateBpm><Value>140</Value></HeartRateBpm><Cadence>90</Cadence><SensorState>Present</SensorState></Trackpoint><Trackpoint><Time>2025-11-04T12:01:50.708Z</Time><Position><LatitudeDegrees>43.29028</LatitudeDegrees><LongitudeDegrees>-2.88907667</LongitudeDegrees></Position><AltitudeMeters>28.042</AltitudeMeters><DistanceMeters>4887.2001953125</DistanceMeters><HeartRateBpm><Value>140</Value></HeartRateBpm><Cadence>90</Cadence><SensorState>Present</SensorState></Trackpoint><Trackpoint><Time>2025-11-04T12:01:51.708Z</Time><Position><LatitudeDegrees>43.29025667</LatitudeDegrees><LongitudeDegrees>-2.88909</LongitudeDegrees></Position><AltitudeMeters>28.042</AltitudeMeters><DistanceMeters>4890.10009765625</DistanceMeters><HeartRateBpm><Value>141</Value></HeartRateBpm><Cadence>90</Cadence><SensorState>Present</SensorState></Trackpoint><Trackpoint><Time>2025-11-04T12:01:52.708Z</Time><Position><LatitudeDegrees>43.29023333</LatitudeDegrees><LongitudeDegrees>-2.889105</LongitudeDegrees></Position><AltitudeMeters>28.042</AltitudeMeters><DistanceMeters>4892.7998046875</DistanceMeters><HeartRateBpm><Value>141</Value></HeartRateBpm><Cadence>90</Cadence><SensorState>Present</SensorState></Trackpoint><Trackpoint><Time>2025-11-04T12:01:53.708Z</Time><Position><LatitudeDegrees>43.29020667</LatitudeDegrees><LongitudeDegrees>-2.88911667</LongitudeDegrees></Position><AltitudeMeters>28.042</AltitudeMeters><DistanceMeters>4895.2001953125</DistanceMeters><HeartRateBpm><Value>141</Value></HeartRateBpm><Cadence>89</Cadence><SensorState>Present</SensorState></Trackpoint><Trackpoint><Time>2025-11-04T12:01:54.708Z</Time><Position><LatitudeDegrees>43.29018333</LatitudeDegrees><LongitudeDegrees>-2.88911833</LongitudeDegrees></Position><AltitudeMeters>28.042</AltitudeMeters><DistanceMeters>4897.2001953125</DistanceMeters><HeartRateBpm><Value>141</Value></HeartRateBpm><Cadence>90</Cadence><SensorState>Present</SensorState></Trackpoint><Trackpoint><Time>2025-11-04T12:01:55.708Z</Time><Position><LatitudeDegrees>43.29016167</LatitudeDegrees><LongitudeDegrees>-2.88911333</LongitudeDegrees></Position><AltitudeMeters>28.042</AltitudeMeters><DistanceMeters>4899.2998046875</DistanceMeters><HeartRateBpm><Value>141</Value></HeartRateBpm><Cadence>90</Cadence><SensorState>Present</SensorState></Trackpoint><Trackpoint><Time>2025-11-04T12:01:56.708Z</Time><Position><LatitudeDegrees>43.29014167</LatitudeDegrees><LongitudeDegrees>-2.88909833</LongitudeDegrees></Position><AltitudeMeters>27.89</AltitudeMeters><DistanceMeters>4901.89990234375</DistanceMeters><HeartRateBpm><Value>141</Value></HeartRateBpm><Cadence>90</Cadence><SensorState>Present</SensorState></Trackpoint><Trackpoint><Time>2025-11-04T12:01:57.708Z</Time><Position><LatitudeDegrees>43.29011833</LatitudeDegrees><LongitudeDegrees>-2.88907167</LongitudeDegrees></Position><AltitudeMeters>27.89</AltitudeMeters><DistanceMeters>4904.5</DistanceMeters><HeartRateBpm><Value>142</Value></HeartRateBpm><Cadence>90</Cadence><SensorState>Present</SensorState></Trackpoint><Trackpoint><Time>2025-11-04T12:01:58.708Z</Time><Position><LatitudeDegrees>43.2901</LatitudeDegrees><LongitudeDegrees>-2.88904333</LongitudeDegrees></Position><AltitudeMeters>27.89</AltitudeMeters><DistanceMeters>4907.10009765625</DistanceMeters><HeartRateBpm><Value>142</Value></HeartRateBpm><Cadence>90</Cadence><SensorState>Present</SensorState></Trackpoint><Trackpoint><Time>2025-11-04T12:01:59.708Z</Time><Position><LatitudeDegrees>43.290085</LatitudeDegrees><LongitudeDegrees>-2.88901333</LongitudeDegrees></Position><AltitudeMeters>27.89</AltitudeMeters><DistanceMeters>4909.5</DistanceMeters><HeartRateBpm><Value>142</Value></HeartRateBpm><Cadence>89</Cadence><SensorState>Present</SensorState></Trackpoint><Trackpoint><Time>2025-11-04T12:02:00.708Z</Time><Position><LatitudeDegrees>43.29007667</LatitudeDegrees><LongitudeDegrees>-2.88898</LongitudeDegrees></Position><AltitudeMeters>27.737</AltitudeMeters><DistanceMeters>4912.0</DistanceMeters><HeartRateBpm><Value>142</Value></HeartRateBpm><Cadence>89</Cadence><SensorState>Present</SensorState></Trackpoint><Trackpoint><Time>2025-11-04T12:02:01.708Z</Time><Position><LatitudeDegrees>43.29007167</LatitudeDegrees><LongitudeDegrees>-2.888945</LongitudeDegrees></Position><AltitudeMeters>27.737</AltitudeMeters><DistanceMeters>4915.0</DistanceMeters><HeartRateBpm><Value>142</Value></HeartRateBpm><Cadence>89</Cadence><SensorState>Present</SensorState></Trackpoint><Trackpoint><Time>2025-11-04T12:02:02.708Z</Time><Position><LatitudeDegrees>43.290075</LatitudeDegrees><LongitudeDegrees>-2.8889</LongitudeDegrees></Position><AltitudeMeters>27.737</AltitudeMeters><DistanceMeters>4918.60009765625</DistanceMeters><HeartRateBpm><Value>142</Value></HeartRateBpm><Cadence>89</Cadence><SensorState>Present</SensorState></Trackpoint><Trackpoint><Time>2025-11-04T12:02:03.708Z</Time><Position><LatitudeDegrees>43.29007167</LatitudeDegrees><LongitudeDegrees>-2.88886</LongitudeDegrees></Position><AltitudeMeters>27.585</AltitudeMeters><DistanceMeters>4922.10009765625</DistanceMeters><HeartRateBpm><Value>142</Value></HeartRateBpm><Cadence>89</Cadence><SensorState>Present</SensorState></Trackpoint><Trackpoint><Time>2025-11-04T12:02:04.708Z</Time><Position><LatitudeDegrees>43.29006333</LatitudeDegrees><LongitudeDegrees>-2.88882</LongitudeDegrees></Position><AltitudeMeters>27.585</AltitudeMeters><DistanceMeters>4925.7001953125</DistanceMeters><HeartRateBpm><Value>142</Value></HeartRateBpm><Cadence>89</Cadence><SensorState>Present</SensorState></Trackpoint><Trackpoint><Time>2025-11-04T12:02:05.708Z</Time><Position><LatitudeDegrees>43.29005333</LatitudeDegrees><LongitudeDegrees>-2.88878</LongitudeDegrees></Position><AltitudeMeters>27.432</AltitudeMeters><DistanceMeters>4928.60009765625</DistanceMeters><HeartRateBpm><Value>142</Value></HeartRateBpm><Cadence>90</Cadence><SensorState>Present</SensorState></Trackpoint><Trackpoint><Time>2025-11-04T12:02:06.708Z</Time><Position><LatitudeDegrees>43.29004333</LatitudeDegrees><LongitudeDegrees>-2.888745</LongitudeDegrees></Position><AltitudeMeters>27.432</AltitudeMeters><DistanceMeters>4931.7998046875</DistanceMeters><HeartRateBpm><Value>142</Value></HeartRateBpm><Cadence>90</Cadence><SensorState>Present</SensorState></Trackpoint><Trackpoint><Time>2025-11-04T12:02:07.708Z</Time><Position><LatitudeDegrees>43.29003667</LatitudeDegrees><LongitudeDegrees>-2.88871167</LongitudeDegrees></Position><AltitudeMeters>27.432</AltitudeMeters><DistanceMeters>4934.89990234375</DistanceMeters><HeartRateBpm><Value>142</Value></HeartRateBpm><Cadence>90</Cadence><SensorState>Present</SensorState></Trackpoint><Trackpoint><Time>2025-11-04T12:02:08.708Z</Time><Position><LatitudeDegrees>43.29003</LatitudeDegrees><LongitudeDegrees>-2.88868</LongitudeDegrees></Position><AltitudeMeters>27.28</AltitudeMeters><DistanceMeters>4938.2001953125</DistanceMeters><HeartRateBpm><Value>142</Value></HeartRateBpm><Cadence>90</Cadence><SensorState>Present</SensorState></Trackpoint><Trackpoint><Time>2025-11-04T12:02:09.708Z</Time><Position><LatitudeDegrees>43.29002</LatitudeDegrees><LongitudeDegrees>-2.88864333</LongitudeDegrees></Position><AltitudeMeters>27.28</AltitudeMeters><DistanceMeters>4941.2001953125</DistanceMeters><HeartRateBpm><Value>142</Value></HeartRateBpm><Cadence>89</Cadence><SensorState>Present</SensorState></Trackpoint><Trackpoint><Time>2025-11-04T12:02:10.708Z</Time><Position><LatitudeDegrees>43.29000667</LatitudeDegrees><LongitudeDegrees>-2.88861167</LongitudeDegrees></Position><AltitudeMeters>27.28</AltitudeMeters><DistanceMeters>4943.7998046875</DistanceMeters><HeartRateBpm><Value>142</Value></HeartRateBpm><Cadence>89</Cadence><SensorState>Present</SensorState></Trackpoint><Trackpoint><Time>2025-11-04T12:02:11.708Z</Time><Position><LatitudeDegrees>43.289995</LatitudeDegrees><LongitudeDegrees>-2.88858333</LongitudeDegrees></Position><AltitudeMeters>27.28</AltitudeMeters><DistanceMeters>4946.60009765625</DistanceMeters><HeartRateBpm><Value>142</Value></HeartRateBpm><Cadence>89</Cadence><SensorState>Present</SensorState></Trackpoint><Trackpoint><Time>2025-11-04T12:02:12.708Z</Time><Position><LatitudeDegrees>43.28998</LatitudeDegrees><LongitudeDegrees>-2.88855333</LongitudeDegrees></Position><AltitudeMeters>27.128</AltitudeMeters><DistanceMeters>4949.60009765625</DistanceMeters><HeartRateBpm><Value>142</Value></HeartRateBpm><Cadence>89</Cadence><SensorState>Present</SensorState></Trackpoint><Trackpoint><Time>2025-11-04T12:02:13.708Z</Time><Position><LatitudeDegrees>43.28995833</LatitudeDegrees><LongitudeDegrees>-2.88852167</LongitudeDegrees></Position><AltitudeMeters>27.128</AltitudeMeters><DistanceMeters>4952.10009765625</DistanceMeters><HeartRateBpm><Value>142</Value></HeartRateBpm><Cadence>89</Cadence><SensorState>Present</SensorState></Trackpoint><Trackpoint><Time>2025-11-04T12:02:14.708Z</Time><Position><LatitudeDegrees>43.28994667</LatitudeDegrees><LongitudeDegrees>-2.88849333</LongitudeDegrees></Position><AltitudeMeters>27.128</AltitudeMeters><DistanceMeters>4954.7001953125</DistanceMeters><HeartRateBpm><Value>142</Value></HeartRateBpm><Cadence>89</Cadence><SensorState>Present</SensorState></Trackpoint><Trackpoint><Time>2025-11-04T12:02:15.708Z</Time><Position><LatitudeDegrees>43.289935</LatitudeDegrees><LongitudeDegrees>-2.88846667</LongitudeDegrees></Position><AltitudeMeters>27.128</AltitudeMeters><DistanceMeters>4957.5</DistanceMeters><HeartRateBpm><Value>142</Value></HeartRateBpm><Cadence>89</Cadence><SensorState>Present</SensorState></Trackpoint><Trackpoint><Time>2025-11-04T12:02:16.708Z</Time><Position><LatitudeDegrees>43.28992167</LatitudeDegrees><LongitudeDegrees>-2.88844</LongitudeDegrees></Position><AltitudeMeters>27.128</AltitudeMeters><DistanceMeters>4960.2998046875</DistanceMeters><HeartRateBpm><Value>142</Value></HeartRateBpm><Cadence>89</Cadence><SensorState>Present</SensorState></Trackpoint><Trackpoint><Time>2025-11-04T12:02:17.708Z</Time><Position><LatitudeDegrees>43.28990333</LatitudeDegrees><LongitudeDegrees>-2.888415</LongitudeDegrees></Position><AltitudeMeters>26.975</AltitudeMeters><DistanceMeters>4963.0</DistanceMeters><HeartRateBpm><Value>142</Value></HeartRateBpm><Cadence>89</Cadence><SensorState>Present</SensorState></Trackpoint><Trackpoint><Time>2025-11-04T12:02:18.708Z</Time><Position><LatitudeDegrees>43.28988667</LatitudeDegrees><LongitudeDegrees>-2.88838833</LongitudeDegrees></Position><AltitudeMeters>26.975</AltitudeMeters><DistanceMeters>4966.0</DistanceMeters><HeartRateBpm><Value>142</Value></HeartRateBpm><Cadence>89</Cadence><SensorState>Present</SensorState></Trackpoint><Trackpoint><Time>2025-11-04T12:02:19.708Z</Time><Position><LatitudeDegrees>43.28986833</LatitudeDegrees><LongitudeDegrees>-2.88836167</LongitudeDegrees></Position><AltitudeMeters>26.975</AltitudeMeters><DistanceMeters>4969.10009765625</DistanceMeters><HeartRateBpm><Value>142</Value></HeartRateBpm><Cadence>89</Cadence><SensorState>Present</SensorState></Trackpoint><Trackpoint><Time>2025-11-04T12:02:20.708Z</Time><Position><LatitudeDegrees>43.28984667</LatitudeDegrees><LongitudeDegrees>-2.88833333</LongitudeDegrees></Position><AltitudeMeters>26.975</AltitudeMeters><DistanceMeters>4972.39990234375</DistanceMeters><HeartRateBpm><Value>142</Value></HeartRateBpm><Cadence>89</Cadence><SensorState>Present</SensorState></Trackpoint><Trackpoint><Time>2025-11-04T12:02:21.708Z</Time><Position><LatitudeDegrees>43.28982333</LatitudeDegrees><LongitudeDegrees>-2.888305</LongitudeDegrees></Position><AltitudeMeters>26.975</AltitudeMeters><DistanceMeters>4975.2001953125</DistanceMeters><HeartRateBpm><Value>142</Value></HeartRateBpm><Cadence>89</Cadence><SensorState>Present</SensorState></Trackpoint><Trackpoint><Time>2025-11-04T12:02:22.708Z</Time><Position><LatitudeDegrees>43.28980167</LatitudeDegrees><LongitudeDegrees>-2.88828</LongitudeDegrees></Position><AltitudeMeters>27.128</AltitudeMeters><DistanceMeters>4978.60009765625</DistanceMeters><HeartRateBpm><Value>142</Value></HeartRateBpm><Cadence>89</Cadence><SensorState>Present</SensorState></Trackpoint><Trackpoint><Time>2025-11-04T12:02:23.708Z</Time><Position><LatitudeDegrees>43.28978167</LatitudeDegrees><LongitudeDegrees>-2.88825333</LongitudeDegrees></Position><AltitudeMeters>27.128</AltitudeMeters><DistanceMeters>4981.7998046875</DistanceMeters><HeartRateBpm><Value>142</Value></HeartRateBpm><Cadence>89</Cadence><SensorState>Present</SensorState></Trackpoint><Trackpoint><Time>2025-11-04T12:02:24.708Z</Time><Position><LatitudeDegrees>43.28976167</LatitudeDegrees><LongitudeDegrees>-2.88823333</LongitudeDegrees></Position><AltitudeMeters>27.128</AltitudeMeters><DistanceMeters>4984.60009765625</DistanceMeters><HeartRateBpm><Value>142</Value></HeartRateBpm><Cadence>89</Cadence><SensorState>Present</SensorState></Trackpoint><Trackpoint><Time>2025-11-04T12:02:25.708Z</Time><Position><LatitudeDegrees>43.289745</LatitudeDegrees><LongitudeDegrees>-2.88821667</LongitudeDegrees></Position><AltitudeMeters>27.28</AltitudeMeters><DistanceMeters>4987.10009765625</DistanceMeters><HeartRateBpm><Value>142</Value></HeartRateBpm><Cadence>90</Cadence><SensorState>Present</SensorState></Trackpoint><Trackpoint><Time>2025-11-04T12:02:26.708Z</Time><Position><LatitudeDegrees>43.28972667</LatitudeDegrees><LongitudeDegrees>-2.88820333</LongitudeDegrees></Position><AltitudeMeters>27.28</AltitudeMeters><DistanceMeters>4989.89990234375</DistanceMeters><HeartRateBpm><Value>142</Value></HeartRateBpm><Cadence>90</Cadence><SensorState>Present</SensorState></Trackpoint><Trackpoint><Time>2025-11-04T12:02:27.708Z</Time><Position><LatitudeDegrees>43.289705</LatitudeDegrees><LongitudeDegrees>-2.88818833</LongitudeDegrees></Position><AltitudeMeters>27.28</AltitudeMeters><DistanceMeters>4993.2001953125</DistanceMeters><HeartRateBpm><Value>142</Value></HeartRateBpm><Cadence>90</Cadence><SensorState>Present</SensorState></Trackpoint><Trackpoint><Time>2025-11-04T12:02:28.708Z</Time><Position><LatitudeDegrees>43.289675</LatitudeDegrees><LongitudeDegrees>-2.88817</LongitudeDegrees></Position><AltitudeMeters>27.432</AltitudeMeters><DistanceMeters>4996.0</DistanceMeters><HeartRateBpm><Value>142</Value></HeartRateBpm><Cadence>89</Cadence><SensorState>Present</SensorState></Trackpoint><Trackpoint><Time>2025-11-04T12:02:29.708Z</Time><Position><LatitudeDegrees>43.28964833</LatitudeDegrees><LongitudeDegrees>-2.88815333</LongitudeDegrees></Position><AltitudeMeters>27.432</AltitudeMeters><DistanceMeters>4998.60009765625</DistanceMeters><HeartRateBpm><Value>142</Value></HeartRateBpm><Cadence>89</Cadence><SensorState>Present</SensorState></Trackpoint><Trackpoint><Time>2025-11-04T12:02:30.708Z</Time><Position><LatitudeDegrees>43.289625</LatitudeDegrees><LongitudeDegrees>-2.88814333</LongitudeDegrees></Position><AltitudeMeters>27.585</AltitudeMeters><DistanceMeters>5001.5</DistanceMeters><HeartRateBpm><Value>142</Value></HeartRateBpm><Cadence>89</Cadence><SensorState>Present</SensorState></Trackpoint><Trackpoint><Time>2025-11-04T12:02:31.708Z</Time><Position><LatitudeDegrees>43.289595</LatitudeDegrees><LongitudeDegrees>-2.88813333</LongitudeDegrees></Position><AltitudeMeters>27.585</AltitudeMeters><DistanceMeters>5004.10009765625</DistanceMeters><HeartRateBpm><Value>142</Value></HeartRateBpm><Cadence>89</Cadence><SensorState>Present</SensorState></Trackpoint></Track><Extensions><LX xmlns="http://www.garmin.com/xmlschemas/ActivityExtension/v2"><AvgSpeed>3.1979738341437445</AvgSpeed></LX></Extensions></Lap><Lap xmlns="http://www.garmin.com/xmlschemas/TrainingCenterDatabase/v2" StartTime="2025-11-04T12:02:32.708Z"><TotalTimeSeconds>336.0</TotalTimeSeconds><DistanceMeters>999.2998046875</DistanceMeters><MaximumSpeed>3.5779166666666664</MaximumSpeed><Calories>0</Calories><AverageHeartRateBpm><Value>143</Value></AverageHeartRateBpm><MaximumHeartRateBpm><Value>151</Value></MaximumHeartRateBpm><Intensity>Active</Intensity><Cadence>88</Cadence><TriggerMethod>Distance</TriggerMethod><Track><Trackpoint><Time>2025-11-04T12:02:32.708Z</Time><Position><LatitudeDegrees>43.28957333</LatitudeDegrees><LongitudeDegrees>-2.888125</LongitudeDegrees></Position><AltitudeMeters>27.737</AltitudeMeters><DistanceMeters>5008.2998046875</DistanceMeters><HeartRateBpm><Value>142</Value></HeartRateBpm><Cadence>90</Cadence><SensorState>Present</SensorState></Trackpoint><Trackpoint><Time>2025-11-04T12:02:33.708Z</Time><Position><LatitudeDegrees>43.28953667</LatitudeDegrees><LongitudeDegrees>-2.88810667</LongitudeDegrees></Position><AltitudeMeters>27.737</AltitudeMeters><DistanceMeters>5012.2998046875</DistanceMeters><HeartRateBpm><Value>142</Value></HeartRateBpm><Cadence>90</Cadence><SensorState>Present</SensorState></Trackpoint><Trackpoint><Time>2025-11-04T12:02:34.708Z</Time><Position><LatitudeDegrees>43.289505</LatitudeDegrees><LongitudeDegrees>-2.888095</LongitudeDegrees></Position><AltitudeMeters>27.737</AltitudeMeters><DistanceMeters>5016.60009765625</DistanceMeters><HeartRateBpm><Value>142</Value></HeartRateBpm><Cadence>90</Cadence><SensorState>Present</SensorState></Trackpoint><Trackpoint><Time>2025-11-04T12:02:35.708Z</Time><Position><LatitudeDegrees>43.28947</LatitudeDegrees><LongitudeDegrees>-2.88808333</LongitudeDegrees></Position><AltitudeMeters>27.737</AltitudeMeters><DistanceMeters>5020.39990234375</DistanceMeters><HeartRateBpm><Value>142</Value></HeartRateBpm><Cadence>90</Cadence><SensorState>Present</SensorState></Trackpoint><Trackpoint><Time>2025-11-04T12:02:36.708Z</Time><Position><LatitudeDegrees>43.28944</LatitudeDegrees><LongitudeDegrees>-2.88807833</LongitudeDegrees></Position><AltitudeMeters>27.737</AltitudeMeters><DistanceMeters>5024.5</DistanceMeters><HeartRateBpm><Value>142</Value></HeartRateBpm><Cadence>90</Cadence><SensorState>Present</SensorState></Trackpoint><Trackpoint><Time>2025-11-04T12:02:37.708Z</Time><Position><LatitudeDegrees>43.28940167</LatitudeDegrees><LongitudeDegrees>-2.88806833</LongitudeDegrees></Position><AltitudeMeters>27.89</AltitudeMeters><DistanceMeters>5028.2001953125</DistanceMeters><HeartRateBpm><Value>142</Value></HeartRateBpm><Cadence>90</Cadence><SensorState>Present</SensorState></Trackpoint><Trackpoint><Time>2025-11-04T12:02:38.708Z</Time><Position><LatitudeDegrees>43.28937</LatitudeDegrees><LongitudeDegrees>-2.88806833</LongitudeDegrees></Position><AltitudeMeters>27.89</AltitudeMeters><DistanceMeters>5032.0</DistanceMeters><HeartRateBpm><Value>142</Value></HeartRateBpm><Cadence>90</Cadence><SensorState>Present</SensorState></Trackpoint><Trackpoint><Time>2025-11-04T12:02:39.708Z</Time><Position><LatitudeDegrees>43.28934333</LatitudeDegrees><LongitudeDegrees>-2.88807167</LongitudeDegrees></Position><AltitudeMeters>27.89</AltitudeMeters><DistanceMeters>5035.2998046875</DistanceMeters><HeartRateBpm><Value>142</Value></HeartRateBpm><Cadence>90</Cadence><SensorState>Present</SensorState></Trackpoint><Trackpoint><Time>2025-11-04T12:02:40.708Z</Time><Position><LatitudeDegrees>43.28931667</LatitudeDegrees><LongitudeDegrees>-2.88807333</LongitudeDegrees></Position><AltitudeMeters>27.89</AltitudeMeters><DistanceMeters>5038.7001953125</DistanceMeters><HeartRateBpm><Value>142</Value></HeartRateBpm><Cadence>90</Cadence><SensorState>Present</SensorState></Trackpoint><Trackpoint><Time>2025-11-04T12:02:41.708Z</Time><Position><LatitudeDegrees>43.28929333</LatitudeDegrees><LongitudeDegrees>-2.88807667</LongitudeDegrees></Position><AltitudeMeters>27.89</AltitudeMeters><DistanceMeters>5041.39990234375</DistanceMeters><HeartRateBpm><Value>142</Value></HeartRateBpm><Cadence>90</Cadence><SensorState>Present</SensorState></Trackpoint><Trackpoint><Time>2025-11-04T12:02:42.708Z</Time><Position><LatitudeDegrees>43.289265</LatitudeDegrees><LongitudeDegrees>-2.88808</LongitudeDegrees></Position><AltitudeMeters>27.89</AltitudeMeters><DistanceMeters>5044.0</DistanceMeters><HeartRateBpm><Value>142</Value></HeartRateBpm><Cadence>90</Cadence><SensorState>Present</SensorState></Trackpoint><Trackpoint><Time>2025-11-04T12:02:43.708Z</Time><Position><LatitudeDegrees>43.28924167</LatitudeDegrees><LongitudeDegrees>-2.88808333</LongitudeDegrees></Position><AltitudeMeters>27.89</AltitudeMeters><DistanceMeters>5046.2998046875</DistanceMeters><HeartRateBpm><Value>142</Value></HeartRateBpm><Cadence>90</Cadence><SensorState>Present</SensorState></Trackpoint><Trackpoint><Time>2025-11-04T12:02:44.708Z</Time><Position><LatitudeDegrees>43.28921833</LatitudeDegrees><LongitudeDegrees>-2.88808833</LongitudeDegrees></Position><AltitudeMeters>27.89</AltitudeMeters><DistanceMeters>5048.60009765625</DistanceMeters><HeartRateBpm><Value>142</Value></HeartRateBpm><Cadence>90</Cadence><SensorState>Present</SensorState></Trackpoint><Trackpoint><Time>2025-11-04T12:02:45.708Z</Time><Position><LatitudeDegrees>43.28919833</LatitudeDegrees><LongitudeDegrees>-2.88809333</LongitudeDegrees></Position><AltitudeMeters>27.89</AltitudeMeters><DistanceMeters>5050.89990234375</DistanceMeters><HeartRateBpm><Value>142</Value></HeartRateBpm><Cadence>90</Cadence><SensorState>Present</SensorState></Trackpoint><Trackpoint><Time>2025-11-04T12:02:46.708Z</Time><Position><LatitudeDegrees>43.28917</LatitudeDegrees><LongitudeDegrees>-2.8881</LongitudeDegrees></Position><AltitudeMeters>27.89</AltitudeMeters><DistanceMeters>5053.89990234375</DistanceMeters><HeartRateBpm><Value>142</Value></HeartRateBpm><Cadence>90</Cadence><SensorState>Present</SensorState></Trackpoint><Trackpoint><Time>2025-11-04T12:02:47.708Z</Time><Position><LatitudeDegrees>43.289135</LatitudeDegrees><LongitudeDegrees>-2.88810833</LongitudeDegrees></Position><AltitudeMeters>27.737</AltitudeMeters><DistanceMeters>5057.0</DistanceMeters><HeartRateBpm><Value>142</Value></HeartRateBpm><Cadence>90</Cadence><SensorState>Present</SensorState></Trackpoint><Trackpoint><Time>2025-11-04T12:02:48.708Z</Time><Position><LatitudeDegrees>43.28910833</LatitudeDegrees><LongitudeDegrees>-2.88811833</LongitudeDegrees></Position><AltitudeMeters>27.737</AltitudeMeters><DistanceMeters>5060.10009765625</DistanceMeters><HeartRateBpm><Value>142</Value></HeartRateBpm><Cadence>90</Cadence><SensorState>Present</SensorState></Trackpoint><Trackpoint><Time>2025-11-04T12:02:49.708Z</Time><Position><LatitudeDegrees>43.28908</LatitudeDegrees><LongitudeDegrees>-2.88813</LongitudeDegrees></Position><AltitudeMeters>27.737</AltitudeMeters><DistanceMeters>5063.39990234375</DistanceMeters><HeartRateBpm><Value>142</Value></HeartRateBpm><Cadence>90</Cadence><SensorState>Present</SensorState></Trackpoint><Trackpoint><Time>2025-11-04T12:02:50.708Z</Time><Position><LatitudeDegrees>43.28905667</LatitudeDegrees><LongitudeDegrees>-2.88814667</LongitudeDegrees></Position><AltitudeMeters>27.737</AltitudeMeters><DistanceMeters>5066.5</DistanceMeters><HeartRateBpm><Value>142</Value></HeartRateBpm><Cadence>90</Cadence><SensorState>Present</SensorState></Trackpoint><Trackpoint><Time>2025-11-04T12:02:51.708Z</Time><Position><LatitudeDegrees>43.28903</LatitudeDegrees><LongitudeDegrees>-2.88816167</LongitudeDegrees></Position><AltitudeMeters>27.737</AltitudeMeters><DistanceMeters>5070.0</DistanceMeters><HeartRateBpm><Value>142</Value></HeartRateBpm><Cadence>90</Cadence><SensorState>Present</SensorState></Trackpoint><Trackpoint><Time>2025-11-04T12:02:52.708Z</Time><Position><LatitudeDegrees>43.28900333</LatitudeDegrees><LongitudeDegrees>-2.888175</LongitudeDegrees></Position><AltitudeMeters>27.737</AltitudeMeters><DistanceMeters>5073.5</DistanceMeters><HeartRateBpm><Value>142</Value></HeartRateBpm><Cadence>90</Cadence><SensorState>Present</SensorState></Trackpoint><Trackpoint><Time>2025-11-04T12:02:53.708Z</Time><Position><LatitudeDegrees>43.28897667</LatitudeDegrees><LongitudeDegrees>-2.88818833</LongitudeDegrees></Position><AltitudeMeters>27.737</AltitudeMeters><DistanceMeters>5077.10009765625</DistanceMeters><HeartRateBpm><Value>142</Value></HeartRateBpm><Cadence>90</Cadence><SensorState>Present</SensorState></Trackpoint><Trackpoint><Time>2025-11-04T12:02:54.708Z</Time><Position><LatitudeDegrees>43.28895167</LatitudeDegrees><LongitudeDegrees>-2.88820333</LongitudeDegrees></Position><AltitudeMeters>27.737</AltitudeMeters><DistanceMeters>5080.2001953125</DistanceMeters><HeartRateBpm><Value>142</Value></HeartRateBpm><Cadence>90</Cadence><SensorState>Present</SensorState></Trackpoint><Trackpoint><Time>2025-11-04T12:02:55.708Z</Time><Position><LatitudeDegrees>43.28892667</LatitudeDegrees><LongitudeDegrees>-2.88822</LongitudeDegrees></Position><AltitudeMeters>27.737</AltitudeMeters><DistanceMeters>5082.7998046875</DistanceMeters><HeartRateBpm><Value>142</Value></HeartRateBpm><Cadence>89</Cadence><SensorState>Present</SensorState></Trackpoint><Trackpoint><Time>2025-11-04T12:02:56.708Z</Time><Position><LatitudeDegrees>43.28890167</LatitudeDegrees><LongitudeDegrees>-2.888235</LongitudeDegrees></Position><AltitudeMeters>27.737</AltitudeMeters><DistanceMeters>5086.0</DistanceMeters><HeartRateBpm><Value>142</Value></HeartRateBpm><Cadence>89</Cadence><SensorState>Present</SensorState></Trackpoint><Trackpoint><Time>2025-11-04T12:02:57.708Z</Time><Position><LatitudeDegrees>43.288875</LatitudeDegrees><LongitudeDegrees>-2.888245</LongitudeDegrees></Position><AltitudeMeters>27.737</AltitudeMeters><DistanceMeters>5089.0</DistanceMeters><HeartRateBpm><Value>142</Value></HeartRateBpm><Cadence>89</Cadence><SensorState>Present</SensorState></Trackpoint><Trackpoint><Time>2025-11-04T12:02:58.708Z</Time><Position><LatitudeDegrees>43.28884833</LatitudeDegrees><LongitudeDegrees>-2.88825667</LongitudeDegrees></Position><AltitudeMeters>27.737</AltitudeMeters><DistanceMeters>5092.10009765625</DistanceMeters><HeartRateBpm><Value>142</Value></HeartRateBpm><Cadence>89</Cadence><SensorState>Present</SensorState></Trackpoint><Trackpoint><Time>2025-11-04T12:02:59.708Z</Time><Position><LatitudeDegrees>43.28882167</LatitudeDegrees><LongitudeDegrees>-2.88826833</LongitudeDegrees></Position><AltitudeMeters>27.585</AltitudeMeters><DistanceMeters>5095.5</DistanceMeters><HeartRateBpm><Value>142</Value></HeartRateBpm><Cadence>89</Cadence><SensorState>Present</SensorState></Trackpoint><Trackpoint><Time>2025-11-04T12:03:00.708Z</Time><Position><LatitudeDegrees>43.28879167</LatitudeDegrees><LongitudeDegrees>-2.88828</LongitudeDegrees></Position><AltitudeMeters>27.585</AltitudeMeters><DistanceMeters>5098.60009765625</DistanceMeters><HeartRateBpm><Value>142</Value></HeartRateBpm><Cadence>89</Cadence><SensorState>Present</SensorState></Trackpoint><Trackpoint><Time>2025-11-04T12:03:01.708Z</Time><Position><LatitudeDegrees>43.28876333</LatitudeDegrees><LongitudeDegrees>-2.888285</LongitudeDegrees></Position><AltitudeMeters>27.585</AltitudeMeters><DistanceMeters>5102.2001953125</DistanceMeters><HeartRateBpm><Value>142</Value></HeartRateBpm><Cadence>89</Cadence><SensorState>Present</SensorState></Trackpoint><Trackpoint><Time>2025-11-04T12:03:02.708Z</Time><Position><LatitudeDegrees>43.28873</LatitudeDegrees><LongitudeDegrees>-2.88828667</LongitudeDegrees></Position><AltitudeMeters>27.585</AltitudeMeters><DistanceMeters>5106.10009765625</DistanceMeters><HeartRateBpm><Value>142</Value></HeartRateBpm><Cadence>89</Cadence><SensorState>Present</SensorState></Trackpoint><Trackpoint><Time>2025-11-04T12:03:03.708Z</Time><Position><LatitudeDegrees>43.288695</LatitudeDegrees><LongitudeDegrees>-2.888285</LongitudeDegrees></Position><AltitudeMeters>27.585</AltitudeMeters><DistanceMeters>5109.89990234375</DistanceMeters><HeartRateBpm><Value>142</Value></HeartRateBpm><Cadence>89</Cadence><SensorState>Present</SensorState></Trackpoint><Trackpoint><Time>2025-11-04T12:03:04.708Z</Time><Position><LatitudeDegrees>43.28866167</LatitudeDegrees><LongitudeDegrees>-2.88828833</LongitudeDegrees></Position><AltitudeMeters>27.585</AltitudeMeters><DistanceMeters>5113.60009765625</DistanceMeters><HeartRateBpm><Value>142</Value></HeartRateBpm><Cadence>89</Cadence><SensorState>Present</SensorState></Trackpoint><Trackpoint><Time>2025-11-04T12:03:05.708Z</Time><Position><LatitudeDegrees>43.28863</LatitudeDegrees><LongitudeDegrees>-2.888295</LongitudeDegrees></Position><AltitudeMeters>27.585</AltitudeMeters><DistanceMeters>5117.39990234375</DistanceMeters><HeartRateBpm><Value>142</Value></HeartRateBpm><Cadence>89</Cadence><SensorState>Present</SensorState></Trackpoint><Trackpoint><Time>2025-11-04T12:03:06.708Z</Time><Position><LatitudeDegrees>43.2886</LatitudeDegrees><LongitudeDegrees>-2.88830333</LongitudeDegrees></Position><AltitudeMeters>27.585</AltitudeMeters><DistanceMeters>5120.60009765625</DistanceMeters><HeartRateBpm><Value>142</Value></HeartRateBpm><Cadence>87</Cadence><SensorState>Present</SensorState></Trackpoint><Trackpoint><Time>2025-11-04T12:03:07.708Z</Time><Position><LatitudeDegrees>43.288575</LatitudeDegrees><LongitudeDegrees>-2.88831167</LongitudeDegrees></Position><AltitudeMeters>27.432</AltitudeMeters><DistanceMeters>5124.2998046875</DistanceMeters><HeartRateBpm><Value>142</Value></HeartRateBpm><Cadence>86</Cadence><SensorState>Present</SensorState></Trackpoint><Trackpoint><Time>2025-11-04T12:03:08.708Z</Time><Position><LatitudeDegrees>43.288545</LatitudeDegrees><LongitudeDegrees>-2.888315</LongitudeDegrees></Position><AltitudeMeters>27.432</AltitudeMeters><DistanceMeters>5127.60009765625</DistanceMeters><HeartRateBpm><Value>142</Value></HeartRateBpm><Cadence>86</Cadence><SensorState>Present</SensorState></Trackpoint><Trackpoint><Time>2025-11-04T12:03:09.708Z</Time><Position><LatitudeDegrees>43.288515</LatitudeDegrees><LongitudeDegrees>-2.88831167</LongitudeDegrees></Position><AltitudeMeters>27.432</AltitudeMeters><DistanceMeters>5131.10009765625</DistanceMeters><HeartRateBpm><Value>142</Value></HeartRateBpm><Cadence>86</Cadence><SensorState>Present</SensorState></Trackpoint><Trackpoint><Time>2025-11-04T12:03:10.708Z</Time><Position><LatitudeDegrees>43.288485</LatitudeDegrees><LongitudeDegrees>-2.88830833</LongitudeDegrees></Position><AltitudeMeters>27.432</AltitudeMeters><DistanceMeters>5134.2001953125</DistanceMeters><HeartRateBpm><Value>142</Value></HeartRateBpm><Cadence>86</Cadence><SensorState>Present</SensorState></Trackpoint><Trackpoint><Time>2025-11-04T12:03:11.708Z</Time><Position><LatitudeDegrees>43.288455</LatitudeDegrees><LongitudeDegrees>-2.88830667</LongitudeDegrees></Position><AltitudeMeters>27.28</AltitudeMeters><DistanceMeters>5137.2001953125</DistanceMeters><HeartRateBpm><Value>142</Value></HeartRateBpm><Cadence>86</Cadence><SensorState>Present</SensorState></Trackpoint><Trackpoint><Time>2025-11-04T12:03:12.708Z</Time><Position><LatitudeDegrees>43.288425</LatitudeDegrees><LongitudeDegrees>-2.88830333</LongitudeDegrees></Position><AltitudeMeters>27.28</AltitudeMeters><DistanceMeters>5140.2001953125</DistanceMeters><HeartRateBpm><Value>142</Value></HeartRateBpm><Cadence>87</Cadence><SensorState>Present</SensorState></Trackpoint><Trackpoint><Time>2025-11-04T12:03:13.708Z</Time><Position><LatitudeDegrees>43.28839667</LatitudeDegrees><LongitudeDegrees>-2.88829833</LongitudeDegrees></Position><AltitudeMeters>27.28</AltitudeMeters><DistanceMeters>5143.2998046875</DistanceMeters><HeartRateBpm><Value>142</Value></HeartRateBpm><Cadence>88</Cadence><SensorState>Present</SensorState></Trackpoint><Trackpoint><Time>2025-11-04T12:03:14.708Z</Time><Position><LatitudeDegrees>43.28836833</LatitudeDegrees><LongitudeDegrees>-2.888295</LongitudeDegrees></Position><AltitudeMeters>27.28</AltitudeMeters><DistanceMeters>5146.5</DistanceMeters><HeartRateBpm><Value>142</Value></HeartRateBpm><Cadence>88</Cadence><SensorState>Present</SensorState></Trackpoint><Trackpoint><Time>2025-11-04T12:03:15.708Z</Time><Position><LatitudeDegrees>43.28834</LatitudeDegrees><LongitudeDegrees>-2.88829</LongitudeDegrees></Position><AltitudeMeters>27.28</AltitudeMeters><DistanceMeters>5150.0</DistanceMeters><HeartRateBpm><Value>142</Value></HeartRateBpm><Cadence>88</Cadence><SensorState>Present</SensorState></Trackpoint><Trackpoint><Time>2025-11-04T12:03:16.708Z</Time><Position><LatitudeDegrees>43.28831</LatitudeDegrees><LongitudeDegrees>-2.88828167</LongitudeDegrees></Position><AltitudeMeters>27.28</AltitudeMeters><DistanceMeters>5152.89990234375</DistanceMeters><HeartRateBpm><Value>142</Value></HeartRateBpm><Cadence>88</Cadence><SensorState>Present</SensorState></Trackpoint><Trackpoint><Time>2025-11-04T12:03:17.708Z</Time><Position><LatitudeDegrees>43.28828833</LatitudeDegrees><LongitudeDegrees>-2.888275</LongitudeDegrees></Position><AltitudeMeters>27.28</AltitudeMeters><DistanceMeters>5156.2001953125</DistanceMeters><HeartRateBpm><Value>142</Value></HeartRateBpm><Cadence>88</Cadence><SensorState>Present</SensorState></Trackpoint><Trackpoint><Time>2025-11-04T12:03:18.708Z</Time><Position><LatitudeDegrees>43.288255</LatitudeDegrees><LongitudeDegrees>-2.88827167</LongitudeDegrees></Position><AltitudeMeters>27.28</AltitudeMeters><DistanceMeters>5159.60009765625</DistanceMeters><HeartRateBpm><Value>142</Value></HeartRateBpm><Cadence>88</Cadence><SensorState>Present</SensorState></Trackpoint><Trackpoint><Time>2025-11-04T12:03:19.708Z</Time><Position><LatitudeDegrees>43.28822333</LatitudeDegrees><LongitudeDegrees>-2.88826833</LongitudeDegrees></Position><AltitudeMeters>27.28</AltitudeMeters><DistanceMeters>5162.7998046875</DistanceMeters><HeartRateBpm><Value>142</Value></HeartRateBpm><Cadence>88</Cadence><SensorState>Present</SensorState></Trackpoint><Trackpoint><Time>2025-11-04T12:03:20.708Z</Time><Position><LatitudeDegrees>43.28819667</LatitudeDegrees><LongitudeDegrees>-2.88825833</LongitudeDegrees></Position><AltitudeMeters>27.28</AltitudeMeters><DistanceMeters>5165.7998046875</DistanceMeters><HeartRateBpm><Value>141</Value></HeartRateBpm><Cadence>88</Cadence><SensorState>Present</SensorState></Trackpoint><Trackpoint><Time>2025-11-04T12:03:21.708Z</Time><Position><LatitudeDegrees>43.28817</LatitudeDegrees><LongitudeDegrees>-2.88825</LongitudeDegrees></Position><AltitudeMeters>27.128</AltitudeMeters><DistanceMeters>5168.89990234375</DistanceMeters><HeartRateBpm><Value>141</Value></HeartRateBpm><Cadence>88</Cadence><SensorState>Present</SensorState></Trackpoint><Trackpoint><Time>2025-11-04T12:03:22.708Z</Time><Position><LatitudeDegrees>43.28814333</LatitudeDegrees><LongitudeDegrees>-2.88824</LongitudeDegrees></Position><AltitudeMeters>27.128</AltitudeMeters><DistanceMeters>5172.10009765625</DistanceMeters><HeartRateBpm><Value>141</Value></HeartRateBpm><Cadence>88</Cadence><SensorState>Present</SensorState></Trackpoint><Trackpoint><Time>2025-11-04T12:03:23.708Z</Time><Position><LatitudeDegrees>43.28811667</LatitudeDegrees><LongitudeDegrees>-2.88822667</LongitudeDegrees></Position><AltitudeMeters>27.128</AltitudeMeters><DistanceMeters>5175.0</DistanceMeters><HeartRateBpm><Value>141</Value></HeartRateBpm><Cadence>88</Cadence><SensorState>Present</SensorState></Trackpoint><Trackpoint><Time>2025-11-04T12:03:24.708Z</Time><Position><LatitudeDegrees>43.28809167</LatitudeDegrees><LongitudeDegrees>-2.88821833</LongitudeDegrees></Position><AltitudeMeters>27.128</AltitudeMeters><DistanceMeters>5177.5</DistanceMeters><HeartRateBpm><Value>140</Value></HeartRateBpm><Cadence>88</Cadence><SensorState>Present</SensorState></Trackpoint><Trackpoint><Time>2025-11-04T12:03:25.708Z</Time><Position><LatitudeDegrees>43.28807167</LatitudeDegrees><LongitudeDegrees>-2.88820833</LongitudeDegrees></Position><AltitudeMeters>27.128</AltitudeMeters><DistanceMeters>5180.5</DistanceMeters><HeartRateBpm><Value>140</Value></HeartRateBpm><Cadence>87</Cadence><SensorState>Present</SensorState></Trackpoint><Trackpoint><Time>2025-11-04T12:03:26.708Z</Time><Position><LatitudeDegrees>43.28805</LatitudeDegrees><LongitudeDegrees>-2.88819833</LongitudeDegrees></Position><AltitudeMeters>27.128</AltitudeMeters><DistanceMeters>5182.60009765625</DistanceMeters><HeartRateBpm><Value>140</Value></HeartRateBpm><Cadence>86</Cadence><SensorState>Present</SensorState></Trackpoint><Trackpoint><Time>2025-11-04T12:03:27.708Z</Time><Position><LatitudeDegrees>43.28802833</LatitudeDegrees><LongitudeDegrees>-2.88818667</LongitudeDegrees></Position><AltitudeMeters>26.975</AltitudeMeters><DistanceMeters>5184.5</DistanceMeters><HeartRateBpm><Value>140</Value></HeartRateBpm><Cadence>87</Cadence><SensorState>Present</SensorState></Trackpoint><Trackpoint><Time>2025-11-04T12:03:28.708Z</Time><Position><LatitudeDegrees>43.28801167</LatitudeDegrees><LongitudeDegrees>-2.88817833</LongitudeDegrees></Position><AltitudeMeters>26.975</AltitudeMeters><DistanceMeters>5186.7001953125</DistanceMeters><HeartRateBpm><Value>140</Value></HeartRateBpm><Cadence>86</Cadence><SensorState>Present</SensorState></Trackpoint><Trackpoint><Time>2025-11-04T12:03:29.708Z</Time><Position><LatitudeDegrees>43.28799167</LatitudeDegrees><LongitudeDegrees>-2.88816667</LongitudeDegrees></Position><AltitudeMeters>26.975</AltitudeMeters><DistanceMeters>5189.2998046875</DistanceMeters><HeartRateBpm><Value>140</Value></HeartRateBpm><Cadence>87</Cadence><SensorState>Present</SensorState></Trackpoint><Trackpoint><Time>2025-11-04T12:03:30.708Z</Time><Position><LatitudeDegrees>43.28796833</LatitudeDegrees><LongitudeDegrees>-2.88815</LongitudeDegrees></Position><AltitudeMeters>26.975</AltitudeMeters><DistanceMeters>5191.89990234375</DistanceMeters><HeartRateBpm><Value>141</Value></HeartRateBpm><Cadence>86</Cadence><SensorState>Present</SensorState></Trackpoint><Trackpoint><Time>2025-11-04T12:03:31.708Z</Time><Position><LatitudeDegrees>43.287945</LatitudeDegrees><LongitudeDegrees>-2.88813</LongitudeDegrees></Position><AltitudeMeters>26.823</AltitudeMeters><DistanceMeters>5194.7998046875</DistanceMeters><HeartRateBpm><Value>141</Value></HeartRateBpm><Cadence>87</Cadence><SensorState>Present</SensorState></Trackpoint><Trackpoint><Time>2025-11-04T12:03:32.708Z</Time><Position><LatitudeDegrees>43.28791833</LatitudeDegrees><LongitudeDegrees>-2.88811</LongitudeDegrees></Position><AltitudeMeters>26.823</AltitudeMeters><DistanceMeters>5198.10009765625</DistanceMeters><HeartRateBpm><Value>141</Value></HeartRateBpm><Cadence>88</Cadence><SensorState>Present</SensorState></Trackpoint><Trackpoint><Time>2025-11-04T12:03:33.708Z</Time><Position><LatitudeDegrees>43.28789</LatitudeDegrees><LongitudeDegrees>-2.88808333</LongitudeDegrees></Position><AltitudeMeters>26.823</AltitudeMeters><DistanceMeters>5201.7001953125</DistanceMeters><HeartRateBpm><Value>141</Value></HeartRateBpm><Cadence>88</Cadence><SensorState>Present</SensorState></Trackpoint><Trackpoint><Time>2025-11-04T12:03:34.708Z</Time><Position><LatitudeDegrees>43.287865</LatitudeDegrees><LongitudeDegrees>-2.88805833</LongitudeDegrees></Position><AltitudeMeters>26.67</AltitudeMeters><DistanceMeters>5205.2001953125</DistanceMeters><HeartRateBpm><Value>141</Value></HeartRateBpm><Cadence>88</Cadence><SensorState>Present</SensorState></Trackpoint><Trackpoint><Time>2025-11-04T12:03:35.708Z</Time><Position><LatitudeDegrees>43.28784</LatitudeDegrees><LongitudeDegrees>-2.88803667</LongitudeDegrees></Position><AltitudeMeters>26.67</AltitudeMeters><DistanceMeters>5208.7998046875</DistanceMeters><HeartRateBpm><Value>141</Value></HeartRateBpm><Cadence>88</Cadence><SensorState>Present</SensorState></Trackpoint><Trackpoint><Time>2025-11-04T12:03:36.708Z</Time><Position><LatitudeDegrees>43.28781833</LatitudeDegrees><LongitudeDegrees>-2.88801333</LongitudeDegrees></Position><AltitudeMeters>26.67</AltitudeMeters><DistanceMeters>5212.7998046875</DistanceMeters><HeartRateBpm><Value>141</Value></HeartRateBpm><Cadence>87</Cadence><SensorState>Present</SensorState></Trackpoint><Trackpoint><Time>2025-11-04T12:03:37.708Z</Time><Position><LatitudeDegrees>43.28779667</LatitudeDegrees><LongitudeDegrees>-2.88798667</LongitudeDegrees></Position><AltitudeMeters>26.518</AltitudeMeters><DistanceMeters>5216.39990234375</DistanceMeters><HeartRateBpm><Value>141</Value></HeartRateBpm><Cadence>86</Cadence><SensorState>Present</SensorState></Trackpoint><Trackpoint><Time>2025-11-04T12:03:38.708Z</Time><Position><LatitudeDegrees>43.28777833</LatitudeDegrees><LongitudeDegrees>-2.88795833</LongitudeDegrees></Position><AltitudeMeters>26.518</AltitudeMeters><DistanceMeters>5219.7001953125</DistanceMeters><HeartRateBpm><Value>141</Value></HeartRateBpm><Cadence>86</Cadence><SensorState>Present</SensorState></Trackpoint><Trackpoint><Time>2025-11-04T12:03:39.708Z</Time><Position><LatitudeDegrees>43.28776167</LatitudeDegrees><LongitudeDegrees>-2.88792833</LongitudeDegrees></Position><AltitudeMeters>26.518</AltitudeMeters><DistanceMeters>5222.89990234375</DistanceMeters><HeartRateBpm><Value>141</Value></HeartRateBpm><Cadence>86</Cadence><SensorState>Present</SensorState></Trackpoint><Trackpoint><Time>2025-11-04T12:03:40.708Z</Time><Position><LatitudeDegrees>43.287745</LatitudeDegrees><LongitudeDegrees>-2.88789833</LongitudeDegrees></Position><AltitudeMeters>26.366</AltitudeMeters><DistanceMeters>5225.89990234375</DistanceMeters><HeartRateBpm><Value>141</Value></HeartRateBpm><Cadence>88</Cadence><SensorState>Present</SensorState></Trackpoint><Trackpoint><Time>2025-11-04T12:03:41.708Z</Time><Position><LatitudeDegrees>43.28772333</LatitudeDegrees><LongitudeDegrees>-2.88787333</LongitudeDegrees></Position><AltitudeMeters>26.366</AltitudeMeters><DistanceMeters>5228.10009765625</DistanceMeters><HeartRateBpm><Value>141</Value></HeartRateBpm><Cadence>88</Cadence><SensorState>Present</SensorState></Trackpoint><Trackpoint><Time>2025-11-04T12:03:42.708Z</Time><Position><LatitudeDegrees>43.28771</LatitudeDegrees><LongitudeDegrees>-2.88785167</LongitudeDegrees></Position><AltitudeMeters>26.366</AltitudeMeters><DistanceMeters>5230.89990234375</DistanceMeters><HeartRateBpm><Value>141</Value></HeartRateBpm><Cadence>88</Cadence><SensorState>Present</SensorState></Trackpoint><Trackpoint><Time>2025-11-04T12:03:43.708Z</Time><Position><LatitudeDegrees>43.28768667</LatitudeDegrees><LongitudeDegrees>-2.88782667</LongitudeDegrees></Position><AltitudeMeters>26.213</AltitudeMeters><DistanceMeters>5234.10009765625</DistanceMeters><HeartRateBpm><Value>141</Value></HeartRateBpm><Cadence>88</Cadence><SensorState>Present</SensorState></Trackpoint><Trackpoint><Time>2025-11-04T12:03:44.708Z</Time><Position><LatitudeDegrees>43.28766333</LatitudeDegrees><LongitudeDegrees>-2.88780333</LongitudeDegrees></Position><AltitudeMeters>26.213</AltitudeMeters><DistanceMeters>5237.2001953125</DistanceMeters><HeartRateBpm><Value>141</Value></HeartRateBpm><Cadence>88</Cadence><SensorState>Present</SensorState></Trackpoint><Trackpoint><Time>2025-11-04T12:03:45.708Z</Time><Position><LatitudeDegrees>43.28764</LatitudeDegrees><LongitudeDegrees>-2.88777833</LongitudeDegrees></Position><AltitudeMeters>26.061</AltitudeMeters><DistanceMeters>5240.2998046875</DistanceMeters><HeartRateBpm><Value>141</Value></HeartRateBpm><Cadence>88</Cadence><SensorState>Present</SensorState></Trackpoint><Trackpoint><Time>2025-11-04T12:03:46.708Z</Time><Position><LatitudeDegrees>43.28762</LatitudeDegrees><LongitudeDegrees>-2.88775333</LongitudeDegrees></Position><AltitudeMeters>26.061</AltitudeMeters><DistanceMeters>5243.39990234375</DistanceMeters><HeartRateBpm><Value>141</Value></HeartRateBpm><Cadence>88</Cadence><SensorState>Present</SensorState></Trackpoint><Trackpoint><Time>2025-11-04T12:03:47.708Z</Time><Position><LatitudeDegrees>43.28759833</LatitudeDegrees><LongitudeDegrees>-2.88772833</LongitudeDegrees></Position><AltitudeMeters>26.061</AltitudeMeters><DistanceMeters>5247.10009765625</DistanceMeters><HeartRateBpm><Value>141</Value></HeartRateBpm><Cadence>88</Cadence><SensorState>Present</SensorState></Trackpoint><Trackpoint><Time>2025-11-04T12:03:48.708Z</Time><Position><LatitudeDegrees>43.28757</LatitudeDegrees><LongitudeDegrees>-2.887695</LongitudeDegrees></Position><AltitudeMeters>25.908</AltitudeMeters><DistanceMeters>5250.7998046875</DistanceMeters><HeartRateBpm><Value>141</Value></HeartRateBpm><Cadence>88</Cadence><SensorState>Present</SensorState></Trackpoint><Trackpoint><Time>2025-11-04T12:03:49.708Z</Time><Position><LatitudeDegrees>43.287545</LatitudeDegrees><LongitudeDegrees>-2.88766667</LongitudeDegrees></Position><AltitudeMeters>25.908</AltitudeMeters><DistanceMeters>5254.39990234375</DistanceMeters><HeartRateBpm><Value>141</Value></HeartRateBpm><Cadence>88</Cadence><SensorState>Present</SensorState></Trackpoint><Trackpoint><Time>2025-11-04T12:03:50.708Z</Time><Position><LatitudeDegrees>43.28751667</LatitudeDegrees><LongitudeDegrees>-2.88764167</LongitudeDegrees></Position><AltitudeMeters>25.908</AltitudeMeters><DistanceMeters>5258.89990234375</DistanceMeters><HeartRateBpm><Value>141</Value></HeartRateBpm><Cadence>88</Cadence><SensorState>Present</SensorState></Trackpoint><Trackpoint><Time>2025-11-04T12:03:51.708Z</Time><Position><LatitudeDegrees>43.28748833</LatitudeDegrees><LongitudeDegrees>-2.88761667</LongitudeDegrees></Position><AltitudeMeters>25.756</AltitudeMeters><DistanceMeters>5262.2998046875</DistanceMeters><HeartRateBpm><Value>141</Value></HeartRateBpm><Cadence>88</Cadence><SensorState>Present</SensorState></Trackpoint><Trackpoint><Time>2025-11-04T12:03:52.708Z</Time><Position><LatitudeDegrees>43.287465</LatitudeDegrees><LongitudeDegrees>-2.88759833</LongitudeDegrees></Position><AltitudeMeters>25.756</AltitudeMeters><DistanceMeters>5265.7998046875</DistanceMeters><HeartRateBpm><Value>141</Value></HeartRateBpm><Cadence>88</Cadence><SensorState>Present</SensorState></Trackpoint><Trackpoint><Time>2025-11-04T12:03:53.708Z</Time><Position><LatitudeDegrees>43.28744</LatitudeDegrees><LongitudeDegrees>-2.88757667</LongitudeDegrees></Position><AltitudeMeters>25.604</AltitudeMeters><DistanceMeters>5268.7998046875</DistanceMeters><HeartRateBpm><Value>141</Value></HeartRateBpm><Cadence>88</Cadence><SensorState>Present</SensorState></Trackpoint><Trackpoint><Time>2025-11-04T12:03:54.708Z</Time><Position><LatitudeDegrees>43.28741833</LatitudeDegrees><LongitudeDegrees>-2.88756167</LongitudeDegrees></Position><AltitudeMeters>25.604</AltitudeMeters><DistanceMeters>5272.2998046875</DistanceMeters><HeartRateBpm><Value>141</Value></HeartRateBpm><Cadence>88</Cadence><SensorState>Present</SensorState></Trackpoint><Trackpoint><Time>2025-11-04T12:03:55.708Z</Time><Position><LatitudeDegrees>43.28739333</LatitudeDegrees><LongitudeDegrees>-2.88754333</LongitudeDegrees></Position><AltitudeMeters>25.604</AltitudeMeters><DistanceMeters>5274.7998046875</DistanceMeters><HeartRateBpm><Value>141</Value></HeartRateBpm><Cadence>88</Cadence><SensorState>Present</SensorState></Trackpoint><Trackpoint><Time>2025-11-04T12:03:56.708Z</Time><AltitudeMeters>25.451</AltitudeMeters><DistanceMeters>5277.10009765625</DistanceMeters><HeartRateBpm><Value>141</Value></HeartRateBpm><Cadence>88</Cadence><SensorState>Present</SensorState></Trackpoint><Trackpoint><Time>2025-11-04T12:03:57.708Z</Time><AltitudeMeters>25.451</AltitudeMeters><DistanceMeters>5279.0</DistanceMeters><HeartRateBpm><Value>141</Value></HeartRateBpm><Cadence>88</Cadence><SensorState>Present</SensorState></Trackpoint><Trackpoint><Time>2025-11-04T12:03:58.708Z</Time><AltitudeMeters>25.299</AltitudeMeters><DistanceMeters>5280.89990234375</DistanceMeters><HeartRateBpm><Value>141</Value></HeartRateBpm><Cadence>88</Cadence><SensorState>Present</SensorState></Trackpoint><Trackpoint><Time>2025-11-04T12:03:59.708Z</Time><AltitudeMeters>25.299</AltitudeMeters><DistanceMeters>5282.60009765625</DistanceMeters><HeartRateBpm><Value>141</Value></HeartRateBpm><Cadence>88</Cadence><SensorState>Present</SensorState></Trackpoint><Trackpoint><Time>2025-11-04T12:04:00.708Z</Time><AltitudeMeters>25.146</AltitudeMeters><DistanceMeters>5284.7998046875</DistanceMeters><HeartRateBpm><Value>141</Value></HeartRateBpm><Cadence>88</Cadence><SensorState>Present</SensorState></Trackpoint><Trackpoint><Time>2025-11-04T12:04:01.708Z</Time><AltitudeMeters>25.146</AltitudeMeters><DistanceMeters>5286.89990234375</DistanceMeters><HeartRateBpm><Value>141</Value></HeartRateBpm><Cadence>88</Cadence><SensorState>Present</SensorState></Trackpoint><Trackpoint><Time>2025-11-04T12:04:02.708Z</Time><AltitudeMeters>24.994</AltitudeMeters><DistanceMeters>5289.7001953125</DistanceMeters><HeartRateBpm><Value>142</Value></HeartRateBpm><Cadence>88</Cadence><SensorState>Present</SensorState></Trackpoint><Trackpoint><Time>2025-11-04T12:04:03.708Z</Time><AltitudeMeters>24.842</AltitudeMeters><DistanceMeters>5292.60009765625</DistanceMeters><HeartRateBpm><Value>142</Value></HeartRateBpm><Cadence>88</Cadence><SensorState>Present</SensorState></Trackpoint><Trackpoint><Time>2025-11-04T12:04:04.708Z</Time><AltitudeMeters>24.842</AltitudeMeters><DistanceMeters>5295.89990234375</DistanceMeters><HeartRateBpm><Value>142</Value></HeartRateBpm><Cadence>88</Cadence><SensorState>Present</SensorState></Trackpoint><Trackpoint><Time>2025-11-04T12:04:05.708Z</Time><AltitudeMeters>24.689</AltitudeMeters><DistanceMeters>5299.2001953125</DistanceMeters><HeartRateBpm><Value>142</Value></HeartRateBpm><Cadence>88</Cadence><SensorState>Present</SensorState></Trackpoint><Trackpoint><Time>2025-11-04T12:04:06.708Z</Time><Position><LatitudeDegrees>43.287375</LatitudeDegrees><LongitudeDegrees>-2.88753</LongitudeDegrees></Position><AltitudeMeters>24.689</AltitudeMeters><DistanceMeters>5302.7998046875</DistanceMeters><HeartRateBpm><Value>142</Value></HeartRateBpm><Cadence>88</Cadence><SensorState>Present</SensorState></Trackpoint><Trackpoint><Time>2025-11-04T12:04:07.708Z</Time><Position><LatitudeDegrees>43.287355</LatitudeDegrees><LongitudeDegrees>-2.88751667</LongitudeDegrees></Position><AltitudeMeters>24.689</AltitudeMeters><DistanceMeters>5306.0</DistanceMeters><HeartRateBpm><Value>142</Value></HeartRateBpm><Cadence>88</Cadence><SensorState>Present</SensorState></Trackpoint><Trackpoint><Time>2025-11-04T12:04:08.708Z</Time><Position><LatitudeDegrees>43.28733667</LatitudeDegrees><LongitudeDegrees>-2.88750833</LongitudeDegrees></Position><AltitudeMeters>24.537</AltitudeMeters><DistanceMeters>5309.2998046875</DistanceMeters><HeartRateBpm><Value>142</Value></HeartRateBpm><Cadence>88</Cadence><SensorState>Present</SensorState></Trackpoint><Trackpoint><Time>2025-11-04T12:04:09.708Z</Time><Position><LatitudeDegrees>43.28731667</LatitudeDegrees><LongitudeDegrees>-2.88750167</LongitudeDegrees></Position><AltitudeMeters>24.537</AltitudeMeters><DistanceMeters>5312.2998046875</DistanceMeters><HeartRateBpm><Value>142</Value></HeartRateBpm><Cadence>88</Cadence><SensorState>Present</SensorState></Trackpoint><Trackpoint><Time>2025-11-04T12:04:10.708Z</Time><Position><LatitudeDegrees>43.28729667</LatitudeDegrees><LongitudeDegrees>-2.88749667</LongitudeDegrees></Position><AltitudeMeters>24.537</AltitudeMeters><DistanceMeters>5314.7998046875</DistanceMeters><HeartRateBpm><Value>142</Value></HeartRateBpm><Cadence>90</Cadence><SensorState>Present</SensorState></Trackpoint><Trackpoint><Time>2025-11-04T12:04:11.708Z</Time><Position><LatitudeDegrees>43.287275</LatitudeDegrees><LongitudeDegrees>-2.88749</LongitudeDegrees></Position><AltitudeMeters>24.384</AltitudeMeters><DistanceMeters>5316.7998046875</DistanceMeters><HeartRateBpm><Value>142</Value></HeartRateBpm><Cadence>90</Cadence><SensorState>Present</SensorState></Trackpoint><Trackpoint><Time>2025-11-04T12:04:12.708Z</Time><Position><LatitudeDegrees>43.28725333</LatitudeDegrees><LongitudeDegrees>-2.88748</LongitudeDegrees></Position><AltitudeMeters>24.384</AltitudeMeters><DistanceMeters>5319.0</DistanceMeters><HeartRateBpm><Value>142</Value></HeartRateBpm><Cadence>90</Cadence><SensorState>Present</SensorState></Trackpoint><Trackpoint><Time>2025-11-04T12:04:13.708Z</Time><Position><LatitudeDegrees>43.287225</LatitudeDegrees><LongitudeDegrees>-2.88746667</LongitudeDegrees></Position><AltitudeMeters>24.384</AltitudeMeters><DistanceMeters>5321.2998046875</DistanceMeters><HeartRateBpm><Value>142</Value></HeartRateBpm><Cadence>90</Cadence><SensorState>Present</SensorState></Trackpoint><Trackpoint><Time>2025-11-04T12:04:14.708Z</Time><Position><LatitudeDegrees>43.28719667</LatitudeDegrees><LongitudeDegrees>-2.88745167</LongitudeDegrees></Position><DistanceMeters>5324.10009765625</DistanceMeters><HeartRateBpm><Value>142</Value></HeartRateBpm><Cadence>90</Cadence><SensorState>Present</SensorState></Trackpoint><Trackpoint><Time>2025-11-04T12:04:15.708Z</Time><Position><LatitudeDegrees>43.28716667</LatitudeDegrees><LongitudeDegrees>-2.88744333</LongitudeDegrees></Position><DistanceMeters>5324.10009765625</DistanceMeters><HeartRateBpm><Value>142</Value></HeartRateBpm><Cadence>90</Cadence><SensorState>Present</SensorState></Trackpoint><Trackpoint><Time>2025-11-04T12:04:16.708Z</Time><Position><LatitudeDegrees>43.28713833</LatitudeDegrees><LongitudeDegrees>-2.88743667</LongitudeDegrees></Position><DistanceMeters>5324.10009765625</DistanceMeters><HeartRateBpm><Value>142</Value></HeartRateBpm><Cadence>90</Cadence><SensorState>Present</SensorState></Trackpoint><Trackpoint><Time>2025-11-04T12:04:17.708Z</Time><Position><LatitudeDegrees>43.28711</LatitudeDegrees><LongitudeDegrees>-2.88743167</LongitudeDegrees></Position><DistanceMeters>5324.10009765625</DistanceMeters><HeartRateBpm><Value>142</Value></HeartRateBpm><Cadence>90</Cadence><SensorState>Present</SensorState></Trackpoint><Trackpoint><Time>2025-11-04T12:04:18.708Z</Time><Position><LatitudeDegrees>43.28708833</LatitudeDegrees><LongitudeDegrees>-2.88741667</LongitudeDegrees></Position><DistanceMeters>5327.7001953125</DistanceMeters><HeartRateBpm><Value>141</Value></HeartRateBpm><Cadence>90</Cadence><SensorState>Present</SensorState></Trackpoint><Trackpoint><Time>2025-11-04T12:04:19.708Z</Time><Position><LatitudeDegrees>43.28706667</LatitudeDegrees><LongitudeDegrees>-2.887405</LongitudeDegrees></Position><DistanceMeters>5330.7998046875</DistanceMeters><HeartRateBpm><Value>141</Value></HeartRateBpm><Cadence>90</Cadence><SensorState>Present</SensorState></Trackpoint><Trackpoint><Time>2025-11-04T12:04:20.708Z</Time><Position><LatitudeDegrees>43.28704333</LatitudeDegrees><LongitudeDegrees>-2.88739667</LongitudeDegrees></Position><DistanceMeters>5333.89990234375</DistanceMeters><HeartRateBpm><Value>141</Value></HeartRateBpm><Cadence>90</Cadence><SensorState>Present</SensorState></Trackpoint><Trackpoint><Time>2025-11-04T12:04:21.708Z</Time><Position><LatitudeDegrees>43.28702667</LatitudeDegrees><LongitudeDegrees>-2.88739167</LongitudeDegrees></Position><DistanceMeters>5336.7998046875</DistanceMeters><HeartRateBpm><Value>141</Value></HeartRateBpm><Cadence>90</Cadence><SensorState>Present</SensorState></Trackpoint><Trackpoint><Time>2025-11-04T12:04:22.708Z</Time><Position><LatitudeDegrees>43.28700833</LatitudeDegrees><LongitudeDegrees>-2.88738833</LongitudeDegrees></Position><DistanceMeters>5339.89990234375</DistanceMeters><HeartRateBpm><Value>141</Value></HeartRateBpm><Cadence>90</Cadence><SensorState>Present</SensorState></Trackpoint><Trackpoint><Time>2025-11-04T12:04:23.708Z</Time><Position><LatitudeDegrees>43.28698333</LatitudeDegrees><LongitudeDegrees>-2.88739</LongitudeDegrees></Position><DistanceMeters>5343.0</DistanceMeters><HeartRateBpm><Value>141</Value></HeartRateBpm><Cadence>90</Cadence><SensorState>Present</SensorState></Trackpoint><Trackpoint><Time>2025-11-04T12:04:24.708Z</Time><Position><LatitudeDegrees>43.28695667</LatitudeDegrees><LongitudeDegrees>-2.88739333</LongitudeDegrees></Position><AltitudeMeters>24.232</AltitudeMeters><DistanceMeters>5345.89990234375</DistanceMeters><HeartRateBpm><Value>142</Value></HeartRateBpm><Cadence>90</Cadence><SensorState>Present</SensorState></Trackpoint><Trackpoint><Time>2025-11-04T12:04:25.708Z</Time><Position><LatitudeDegrees>43.28692667</LatitudeDegrees><LongitudeDegrees>-2.88739833</LongitudeDegrees></Position><AltitudeMeters>24.232</AltitudeMeters><DistanceMeters>5345.89990234375</DistanceMeters><HeartRateBpm><Value>142</Value></HeartRateBpm><Cadence>90</Cadence><SensorState>Present</SensorState></Trackpoint><Trackpoint><Time>2025-11-04T12:04:26.708Z</Time><Position><LatitudeDegrees>43.28652667</LatitudeDegrees><LongitudeDegrees>-2.88716167</LongitudeDegrees></Position><AltitudeMeters>24.232</AltitudeMeters><DistanceMeters>5345.89990234375</DistanceMeters><HeartRateBpm><Value>142</Value></HeartRateBpm><Cadence>90</Cadence><SensorState>Present</SensorState></Trackpoint><Trackpoint><Time>2025-11-04T12:04:27.708Z</Time><Position><LatitudeDegrees>43.286515</LatitudeDegrees><LongitudeDegrees>-2.88716333</LongitudeDegrees></Position><AltitudeMeters>24.232</AltitudeMeters><DistanceMeters>5345.89990234375</DistanceMeters><HeartRateBpm><Value>142</Value></HeartRateBpm><Cadence>90</Cadence><SensorState>Present</SensorState></Trackpoint><Trackpoint><Time>2025-11-04T12:04:28.708Z</Time><Position><LatitudeDegrees>43.286505</LatitudeDegrees><LongitudeDegrees>-2.88715833</LongitudeDegrees></Position><AltitudeMeters>24.079</AltitudeMeters><DistanceMeters>5355.39990234375</DistanceMeters><HeartRateBpm><Value>143</Value></HeartRateBpm><Cadence>90</Cadence><SensorState>Present</SensorState></Trackpoint><Trackpoint><Time>2025-11-04T12:04:29.708Z</Time><Position><LatitudeDegrees>43.28647167</LatitudeDegrees><LongitudeDegrees>-2.88716167</LongitudeDegrees></Position><AltitudeMeters>24.079</AltitudeMeters><DistanceMeters>5365.2001953125</DistanceMeters><HeartRateBpm><Value>143</Value></HeartRateBpm><Cadence>89</Cadence><SensorState>Present</SensorState></Trackpoint><Trackpoint><Time>2025-11-04T12:04:30.708Z</Time><Position><LatitudeDegrees>43.28643833</LatitudeDegrees><LongitudeDegrees>-2.887145</LongitudeDegrees></Position><AltitudeMeters>24.079</AltitudeMeters><DistanceMeters>5373.60009765625</DistanceMeters><HeartRateBpm><Value>143</Value></HeartRateBpm><Cadence>89</Cadence><SensorState>Present</SensorState></Trackpoint><Trackpoint><Time>2025-11-04T12:04:31.708Z</Time><Position><LatitudeDegrees>43.28641</LatitudeDegrees><LongitudeDegrees>-2.88714333</LongitudeDegrees></Position><AltitudeMeters>24.079</AltitudeMeters><DistanceMeters>5380.60009765625</DistanceMeters><HeartRateBpm><Value>143</Value></HeartRateBpm><Cadence>89</Cadence><SensorState>Present</SensorState></Trackpoint><Trackpoint><Time>2025-11-04T12:04:32.708Z</Time><Position><LatitudeDegrees>43.286385</LatitudeDegrees><LongitudeDegrees>-2.88712667</LongitudeDegrees></Position><AltitudeMeters>24.079</AltitudeMeters><DistanceMeters>5385.7001953125</DistanceMeters><HeartRateBpm><Value>143</Value></HeartRateBpm><Cadence>89</Cadence><SensorState>Present</SensorState></Trackpoint><Trackpoint><Time>2025-11-04T12:04:33.708Z</Time><Position><LatitudeDegrees>43.28636667</LatitudeDegrees><LongitudeDegrees>-2.88710833</LongitudeDegrees></Position><AltitudeMeters>23.927</AltitudeMeters><DistanceMeters>5389.5</DistanceMeters><HeartRateBpm><Value>144</Value></HeartRateBpm><Cadence>89</Cadence><SensorState>Present</SensorState></Trackpoint><Trackpoint><Time>2025-11-04T12:04:34.708Z</Time><Position><LatitudeDegrees>43.28635</LatitudeDegrees><LongitudeDegrees>-2.88708667</LongitudeDegrees></Position><AltitudeMeters>23.927</AltitudeMeters><DistanceMeters>5389.5</DistanceMeters><HeartRateBpm><Value>144</Value></HeartRateBpm><Cadence>86</Cadence><SensorState>Present</SensorState></Trackpoint><Trackpoint><Time>2025-11-04T12:04:35.708Z</Time><Position><LatitudeDegrees>43.28634167</LatitudeDegrees><LongitudeDegrees>-2.88707167</LongitudeDegrees></Position><AltitudeMeters>23.927</AltitudeMeters><DistanceMeters>5389.5</DistanceMeters><HeartRateBpm><Value>144</Value></HeartRateBpm><Cadence>86</Cadence><SensorState>Present</SensorState></Trackpoint><Trackpoint><Time>2025-11-04T12:04:36.708Z</Time><Position><LatitudeDegrees>43.28633167</LatitudeDegrees><LongitudeDegrees>-2.88706333</LongitudeDegrees></Position><AltitudeMeters>23.927</AltitudeMeters><DistanceMeters>5389.5</DistanceMeters><HeartRateBpm><Value>144</Value></HeartRateBpm><Cadence>86</Cadence><SensorState>Present</SensorState></Trackpoint><Trackpoint><Time>2025-11-04T12:04:37.708Z</Time><Position><LatitudeDegrees>43.28631167</LatitudeDegrees><LongitudeDegrees>-2.88705</LongitudeDegrees></Position><AltitudeMeters>23.927</AltitudeMeters><DistanceMeters>5389.5</DistanceMeters><HeartRateBpm><Value>144</Value></HeartRateBpm><Cadence>87</Cadence><SensorState>Present</SensorState></Trackpoint><Trackpoint><Time>2025-11-04T12:04:38.708Z</Time><Position><LatitudeDegrees>43.28629</LatitudeDegrees><LongitudeDegrees>-2.88702667</LongitudeDegrees></Position><AltitudeMeters>23.775</AltitudeMeters><DistanceMeters>5389.5</DistanceMeters><HeartRateBpm><Value>144</Value></HeartRateBpm><Cadence>88</Cadence><SensorState>Present</SensorState></Trackpoint><Trackpoint><Time>2025-11-04T12:04:39.708Z</Time><Position><LatitudeDegrees>43.28626333</LatitudeDegrees><LongitudeDegrees>-2.88700167</LongitudeDegrees></Position><AltitudeMeters>23.775</AltitudeMeters><DistanceMeters>5389.5</DistanceMeters><HeartRateBpm><Value>144</Value></HeartRateBpm><Cadence>88</Cadence><SensorState>Present</SensorState></Trackpoint><Trackpoint><Time>2025-11-04T12:04:40.708Z</Time><Position><LatitudeDegrees>43.28624167</LatitudeDegrees><LongitudeDegrees>-2.88697667</LongitudeDegrees></Position><AltitudeMeters>23.775</AltitudeMeters><DistanceMeters>5389.5</DistanceMeters><HeartRateBpm><Value>144</Value></HeartRateBpm><Cadence>88</Cadence><SensorState>Present</SensorState></Trackpoint><Trackpoint><Time>2025-11-04T12:04:41.708Z</Time><Position><LatitudeDegrees>43.28622167</LatitudeDegrees><LongitudeDegrees>-2.88696</LongitudeDegrees></Position><AltitudeMeters>23.775</AltitudeMeters><DistanceMeters>5389.5</DistanceMeters><HeartRateBpm><Value>144</Value></HeartRateBpm><Cadence>88</Cadence><SensorState>Present</SensorState></Trackpoint><Trackpoint><Time>2025-11-04T12:04:42.708Z</Time><Position><LatitudeDegrees>43.28620167</LatitudeDegrees><LongitudeDegrees>-2.88694</LongitudeDegrees></Position><AltitudeMeters>23.775</AltitudeMeters><DistanceMeters>5389.5</DistanceMeters><HeartRateBpm><Value>144</Value></HeartRateBpm><Cadence>88</Cadence><SensorState>Present</SensorState></Trackpoint><Trackpoint><Time>2025-11-04T12:04:43.708Z</Time><Position><LatitudeDegrees>43.28618333</LatitudeDegrees><LongitudeDegrees>-2.88691</LongitudeDegrees></Position><AltitudeMeters>23.775</AltitudeMeters><DistanceMeters>5392.89990234375</DistanceMeters><HeartRateBpm><Value>144</Value></HeartRateBpm><Cadence>88</Cadence><SensorState>Present</SensorState></Trackpoint><Trackpoint><Time>2025-11-04T12:04:44.708Z</Time><Position><LatitudeDegrees>43.28616667</LatitudeDegrees><LongitudeDegrees>-2.88689</LongitudeDegrees></Position><AltitudeMeters>23.775</AltitudeMeters><DistanceMeters>5396.10009765625</DistanceMeters><HeartRateBpm><Value>145</Value></HeartRateBpm><Cadence>88</Cadence><SensorState>Present</SensorState></Trackpoint><Trackpoint><Time>2025-11-04T12:04:45.708Z</Time><Position><LatitudeDegrees>43.28615333</LatitudeDegrees><LongitudeDegrees>-2.88687</LongitudeDegrees></Position><AltitudeMeters>23.927</AltitudeMeters><DistanceMeters>5398.7998046875</DistanceMeters><HeartRateBpm><Value>145</Value></HeartRateBpm><Cadence>88</Cadence><SensorState>Present</SensorState></Trackpoint><Trackpoint><Time>2025-11-04T12:04:46.708Z</Time><Position><LatitudeDegrees>43.28614</LatitudeDegrees><LongitudeDegrees>-2.88684667</LongitudeDegrees></Position><AltitudeMeters>24.079</AltitudeMeters><DistanceMeters>5400.7998046875</DistanceMeters><HeartRateBpm><Value>145</Value></HeartRateBpm><Cadence>88</Cadence><SensorState>Present</SensorState></Trackpoint><Trackpoint><Time>2025-11-04T12:04:47.708Z</Time><Position><LatitudeDegrees>43.28613167</LatitudeDegrees><LongitudeDegrees>-2.88682167</LongitudeDegrees></Position><AltitudeMeters>24.232</AltitudeMeters><DistanceMeters>5403.0</DistanceMeters><HeartRateBpm><Value>145</Value></HeartRateBpm><Cadence>88</Cadence><SensorState>Present</SensorState></Trackpoint><Trackpoint><Time>2025-11-04T12:04:48.708Z</Time><Position><LatitudeDegrees>43.28612</LatitudeDegrees><LongitudeDegrees>-2.88679167</LongitudeDegrees></Position><AltitudeMeters>24.384</AltitudeMeters><DistanceMeters>5405.10009765625</DistanceMeters><HeartRateBpm><Value>144</Value></HeartRateBpm><Cadence>88</Cadence><SensorState>Present</SensorState></Trackpoint><Trackpoint><Time>2025-11-04T12:04:49.708Z</Time><Position><LatitudeDegrees>43.28611</LatitudeDegrees><LongitudeDegrees>-2.88676667</LongitudeDegrees></Position><AltitudeMeters>24.537</AltitudeMeters><DistanceMeters>5407.2998046875</DistanceMeters><HeartRateBpm><Value>144</Value></HeartRateBpm><Cadence>88</Cadence><SensorState>Present</SensorState></Trackpoint><Trackpoint><Time>2025-11-04T12:04:50.708Z</Time><Position><LatitudeDegrees>43.28609833</LatitudeDegrees><LongitudeDegrees>-2.88674333</LongitudeDegrees></Position><AltitudeMeters>24.689</AltitudeMeters><DistanceMeters>5410.10009765625</DistanceMeters><HeartRateBpm><Value>144</Value></HeartRateBpm><Cadence>88</Cadence><SensorState>Present</SensorState></Trackpoint><Trackpoint><Time>2025-11-04T12:04:51.708Z</Time><Position><LatitudeDegrees>43.28608333</LatitudeDegrees><LongitudeDegrees>-2.88671167</LongitudeDegrees></Position><AltitudeMeters>24.842</AltitudeMeters><DistanceMeters>5412.7001953125</DistanceMeters><HeartRateBpm><Value>144</Value></HeartRateBpm><Cadence>88</Cadence><SensorState>Present</SensorState></Trackpoint><Trackpoint><Time>2025-11-04T12:04:52.708Z</Time><Position><LatitudeDegrees>43.28606667</LatitudeDegrees><LongitudeDegrees>-2.88668</LongitudeDegrees></Position><AltitudeMeters>24.994</AltitudeMeters><DistanceMeters>5415.7001953125</DistanceMeters><HeartRateBpm><Value>144</Value></HeartRateBpm><Cadence>88</Cadence><SensorState>Present</SensorState></Trackpoint><Trackpoint><Time>2025-11-04T12:04:53.708Z</Time><Position><LatitudeDegrees>43.28605167</LatitudeDegrees><LongitudeDegrees>-2.88664833</LongitudeDegrees></Position><AltitudeMeters>25.146</AltitudeMeters><DistanceMeters>5418.89990234375</DistanceMeters><HeartRateBpm><Value>144</Value></HeartRateBpm><Cadence>88</Cadence><SensorState>Present</SensorState></Trackpoint><Trackpoint><Time>2025-11-04T12:04:54.708Z</Time><Position><LatitudeDegrees>43.28603667</LatitudeDegrees><LongitudeDegrees>-2.88661667</LongitudeDegrees></Position><AltitudeMeters>25.299</AltitudeMeters><DistanceMeters>5422.10009765625</DistanceMeters><HeartRateBpm><Value>145</Value></HeartRateBpm><Cadence>88</Cadence><SensorState>Present</SensorState></Trackpoint><Trackpoint><Time>2025-11-04T12:04:55.708Z</Time><Position><LatitudeDegrees>43.286025</LatitudeDegrees><LongitudeDegrees>-2.886585</LongitudeDegrees></Position><AltitudeMeters>25.604</AltitudeMeters><DistanceMeters>5425.2998046875</DistanceMeters><HeartRateBpm><Value>145</Value></HeartRateBpm><Cadence>88</Cadence><SensorState>Present</SensorState></Trackpoint><Trackpoint><Time>2025-11-04T12:04:56.708Z</Time><Position><LatitudeDegrees>43.286015</LatitudeDegrees><LongitudeDegrees>-2.886555</LongitudeDegrees></Position><AltitudeMeters>25.756</AltitudeMeters><DistanceMeters>5428.2998046875</DistanceMeters><HeartRateBpm><Value>145</Value></HeartRateBpm><Cadence>88</Cadence><SensorState>Present</SensorState></Trackpoint><Trackpoint><Time>2025-11-04T12:04:57.708Z</Time><Position><LatitudeDegrees>43.28600333</LatitudeDegrees><LongitudeDegrees>-2.88652167</LongitudeDegrees></Position><AltitudeMeters>25.908</AltitudeMeters><DistanceMeters>5431.39990234375</DistanceMeters><HeartRateBpm><Value>145</Value></HeartRateBpm><Cadence>88</Cadence><SensorState>Present</SensorState></Trackpoint><Trackpoint><Time>2025-11-04T12:04:58.708Z</Time><Position><LatitudeDegrees>43.28599333</LatitudeDegrees><LongitudeDegrees>-2.88649167</LongitudeDegrees></Position><AltitudeMeters>26.061</AltitudeMeters><DistanceMeters>5434.39990234375</DistanceMeters><HeartRateBpm><Value>145</Value></HeartRateBpm><Cadence>88</Cadence><SensorState>Present</SensorState></Trackpoint><Trackpoint><Time>2025-11-04T12:04:59.708Z</Time><Position><LatitudeDegrees>43.285985</LatitudeDegrees><LongitudeDegrees>-2.88646333</LongitudeDegrees></Position><AltitudeMeters>26.213</AltitudeMeters><DistanceMeters>5437.0</DistanceMeters><HeartRateBpm><Value>145</Value></HeartRateBpm><Cadence>88</Cadence><SensorState>Present</SensorState></Trackpoint><Trackpoint><Time>2025-11-04T12:05:00.708Z</Time><Position><LatitudeDegrees>43.285975</LatitudeDegrees><LongitudeDegrees>-2.88643333</LongitudeDegrees></Position><AltitudeMeters>26.366</AltitudeMeters><DistanceMeters>5439.7998046875</DistanceMeters><HeartRateBpm><Value>145</Value></HeartRateBpm><Cadence>87</Cadence><SensorState>Present</SensorState></Trackpoint><Trackpoint><Time>2025-11-04T12:05:01.708Z</Time><Position><LatitudeDegrees>43.28596333</LatitudeDegrees><LongitudeDegrees>-2.88639833</LongitudeDegrees></Position><AltitudeMeters>26.518</AltitudeMeters><DistanceMeters>5442.7001953125</DistanceMeters><HeartRateBpm><Value>145</Value></HeartRateBpm><Cadence>86</Cadence><SensorState>Present</SensorState></Trackpoint><Trackpoint><Time>2025-11-04T12:05:02.708Z</Time><Position><LatitudeDegrees>43.28595333</LatitudeDegrees><LongitudeDegrees>-2.88636167</LongitudeDegrees></Position><AltitudeMeters>26.67</AltitudeMeters><DistanceMeters>5445.5</DistanceMeters><HeartRateBpm><Value>145</Value></HeartRateBpm><Cadence>87</Cadence><SensorState>Present</SensorState></Trackpoint><Trackpoint><Time>2025-11-04T12:05:03.708Z</Time><Position><LatitudeDegrees>43.28594667</LatitudeDegrees><LongitudeDegrees>-2.886325</LongitudeDegrees></Position><AltitudeMeters>26.67</AltitudeMeters><DistanceMeters>5448.39990234375</DistanceMeters><HeartRateBpm><Value>146</Value></HeartRateBpm><Cadence>88</Cadence><SensorState>Present</SensorState></Trackpoint><Trackpoint><Time>2025-11-04T12:05:04.708Z</Time><Position><LatitudeDegrees>43.28594667</LatitudeDegrees><LongitudeDegrees>-2.88628833</LongitudeDegrees></Position><AltitudeMeters>26.823</AltitudeMeters><DistanceMeters>5451.60009765625</DistanceMeters><HeartRateBpm><Value>146</Value></HeartRateBpm><Cadence>88</Cadence><SensorState>Present</SensorState></Trackpoint><Trackpoint><Time>2025-11-04T12:05:05.708Z</Time><Position><LatitudeDegrees>43.28594167</LatitudeDegrees><LongitudeDegrees>-2.88625</LongitudeDegrees></Position><AltitudeMeters>26.975</AltitudeMeters><DistanceMeters>5454.60009765625</DistanceMeters><HeartRateBpm><Value>146</Value></HeartRateBpm><Cadence>88</Cadence><SensorState>Present</SensorState></Trackpoint><Trackpoint><Time>2025-11-04T12:05:06.708Z</Time><Position><LatitudeDegrees>43.28593667</LatitudeDegrees><LongitudeDegrees>-2.886215</LongitudeDegrees></Position><AltitudeMeters>27.128</AltitudeMeters><DistanceMeters>5457.89990234375</DistanceMeters><HeartRateBpm><Value>146</Value></HeartRateBpm><Cadence>88</Cadence><SensorState>Present</SensorState></Trackpoint><Trackpoint><Time>2025-11-04T12:05:07.708Z</Time><Position><LatitudeDegrees>43.28593</LatitudeDegrees><LongitudeDegrees>-2.88617667</LongitudeDegrees></Position><AltitudeMeters>27.128</AltitudeMeters><DistanceMeters>5461.2001953125</DistanceMeters><HeartRateBpm><Value>146</Value></HeartRateBpm><Cadence>88</Cadence><SensorState>Present</SensorState></Trackpoint><Trackpoint><Time>2025-11-04T12:05:08.708Z</Time><Position><LatitudeDegrees>43.285925</LatitudeDegrees><LongitudeDegrees>-2.88613833</LongitudeDegrees></Position><AltitudeMeters>27.28</AltitudeMeters><DistanceMeters>5464.2998046875</DistanceMeters><HeartRateBpm><Value>146</Value></HeartRateBpm><Cadence>88</Cadence><SensorState>Present</SensorState></Trackpoint><Trackpoint><Time>2025-11-04T12:05:09.708Z</Time><Position><LatitudeDegrees>43.28592333</LatitudeDegrees><LongitudeDegrees>-2.886105</LongitudeDegrees></Position><AltitudeMeters>27.28</AltitudeMeters><DistanceMeters>5467.2001953125</DistanceMeters><HeartRateBpm><Value>146</Value></HeartRateBpm><Cadence>88</Cadence><SensorState>Present</SensorState></Trackpoint><Trackpoint><Time>2025-11-04T12:05:10.708Z</Time><Position><LatitudeDegrees>43.28591833</LatitudeDegrees><LongitudeDegrees>-2.88607</LongitudeDegrees></Position><AltitudeMeters>27.432</AltitudeMeters><DistanceMeters>5470.10009765625</DistanceMeters><HeartRateBpm><Value>146</Value></HeartRateBpm><Cadence>88</Cadence><SensorState>Present</SensorState></Trackpoint><Trackpoint><Time>2025-11-04T12:05:11.708Z</Time><Position><LatitudeDegrees>43.28591167</LatitudeDegrees><LongitudeDegrees>-2.886035</LongitudeDegrees></Position><AltitudeMeters>27.432</AltitudeMeters><DistanceMeters>5473.0</DistanceMeters><HeartRateBpm><Value>146</Value></HeartRateBpm><Cadence>86</Cadence><SensorState>Present</SensorState></Trackpoint><Trackpoint><Time>2025-11-04T12:05:12.708Z</Time><Position><LatitudeDegrees>43.28590333</LatitudeDegrees><LongitudeDegrees>-2.886</LongitudeDegrees></Position><AltitudeMeters>27.432</AltitudeMeters><DistanceMeters>5476.0</DistanceMeters><HeartRateBpm><Value>146</Value></HeartRateBpm><Cadence>86</Cadence><SensorState>Present</SensorState></Trackpoint><Trackpoint><Time>2025-11-04T12:05:13.708Z</Time><Position><LatitudeDegrees>43.28589667</LatitudeDegrees><LongitudeDegrees>-2.885965</LongitudeDegrees></Position><AltitudeMeters>27.585</AltitudeMeters><DistanceMeters>5479.0</DistanceMeters><HeartRateBpm><Value>146</Value></HeartRateBpm><Cadence>86</Cadence><SensorState>Present</SensorState></Trackpoint><Trackpoint><Time>2025-11-04T12:05:14.708Z</Time><Position><LatitudeDegrees>43.28589333</LatitudeDegrees><LongitudeDegrees>-2.885925</LongitudeDegrees></Position><AltitudeMeters>27.585</AltitudeMeters><DistanceMeters>5482.10009765625</DistanceMeters><HeartRateBpm><Value>146</Value></HeartRateBpm><Cadence>87</Cadence><SensorState>Present</SensorState></Trackpoint><Trackpoint><Time>2025-11-04T12:05:15.708Z</Time><Position><LatitudeDegrees>43.28589167</LatitudeDegrees><LongitudeDegrees>-2.88588833</LongitudeDegrees></Position><AltitudeMeters>27.585</AltitudeMeters><DistanceMeters>5485.0</DistanceMeters><HeartRateBpm><Value>146</Value></HeartRateBpm><Cadence>88</Cadence><SensorState>Present</SensorState></Trackpoint><Trackpoint><Time>2025-11-04T12:05:16.708Z</Time><Position><LatitudeDegrees>43.28588833</LatitudeDegrees><LongitudeDegrees>-2.88585167</LongitudeDegrees></Position><AltitudeMeters>27.737</AltitudeMeters><DistanceMeters>5488.0</DistanceMeters><HeartRateBpm><Value>146</Value></HeartRateBpm><Cadence>88</Cadence><SensorState>Present</SensorState></Trackpoint><Trackpoint><Time>2025-11-04T12:05:17.708Z</Time><Position><LatitudeDegrees>43.28588333</LatitudeDegrees><LongitudeDegrees>-2.88581333</LongitudeDegrees></Position><AltitudeMeters>27.737</AltitudeMeters><DistanceMeters>5491.10009765625</DistanceMeters><HeartRateBpm><Value>146</Value></HeartRateBpm><Cadence>88</Cadence><SensorState>Present</SensorState></Trackpoint><Trackpoint><Time>2025-11-04T12:05:18.708Z</Time><Position><LatitudeDegrees>43.28588167</LatitudeDegrees><LongitudeDegrees>-2.88577833</LongitudeDegrees></Position><AltitudeMeters>27.737</AltitudeMeters><DistanceMeters>5494.0</DistanceMeters><HeartRateBpm><Value>146</Value></HeartRateBpm><Cadence>88</Cadence><SensorState>Present</SensorState></Trackpoint><Trackpoint><Time>2025-11-04T12:05:19.708Z</Time><Position><LatitudeDegrees>43.285885</LatitudeDegrees><LongitudeDegrees>-2.885745</LongitudeDegrees></Position><AltitudeMeters>27.737</AltitudeMeters><DistanceMeters>5496.7001953125</DistanceMeters><HeartRateBpm><Value>146</Value></HeartRateBpm><Cadence>88</Cadence><SensorState>Present</SensorState></Trackpoint><Trackpoint><Time>2025-11-04T12:05:20.708Z</Time><Position><LatitudeDegrees>43.28588667</LatitudeDegrees><LongitudeDegrees>-2.88571333</LongitudeDegrees></Position><AltitudeMeters>27.89</AltitudeMeters><DistanceMeters>5499.2998046875</DistanceMeters><HeartRateBpm><Value>146</Value></HeartRateBpm><Cadence>88</Cadence><SensorState>Present</SensorState></Trackpoint><Trackpoint><Time>2025-11-04T12:05:21.708Z</Time><Position><LatitudeDegrees>43.28589</LatitudeDegrees><LongitudeDegrees>-2.88568333</LongitudeDegrees></Position><AltitudeMeters>27.89</AltitudeMeters><DistanceMeters>5502.10009765625</DistanceMeters><HeartRateBpm><Value>146</Value></HeartRateBpm><Cadence>88</Cadence><SensorState>Present</SensorState></Trackpoint><Trackpoint><Time>2025-11-04T12:05:22.708Z</Time><Position><LatitudeDegrees>43.28589833</LatitudeDegrees><LongitudeDegrees>-2.88565</LongitudeDegrees></Position><AltitudeMeters>27.89</AltitudeMeters><DistanceMeters>5504.7001953125</DistanceMeters><HeartRateBpm><Value>146</Value></HeartRateBpm><Cadence>89</Cadence><SensorState>Present</SensorState></Trackpoint><Trackpoint><Time>2025-11-04T12:05:23.708Z</Time><Position><LatitudeDegrees>43.28590333</LatitudeDegrees><LongitudeDegrees>-2.88561333</LongitudeDegrees></Position><AltitudeMeters>27.89</AltitudeMeters><DistanceMeters>5507.60009765625</DistanceMeters><HeartRateBpm><Value>146</Value></HeartRateBpm><Cadence>89</Cadence><SensorState>Present</SensorState></Trackpoint><Trackpoint><Time>2025-11-04T12:05:24.708Z</Time><Position><LatitudeDegrees>43.28591</LatitudeDegrees><LongitudeDegrees>-2.885575</LongitudeDegrees></Position><AltitudeMeters>27.89</AltitudeMeters><DistanceMeters>5510.2998046875</DistanceMeters><HeartRateBpm><Value>146</Value></HeartRateBpm><Cadence>89</Cadence><SensorState>Present</SensorState></Trackpoint><Trackpoint><Time>2025-11-04T12:05:25.708Z</Time><Position><LatitudeDegrees>43.28591</LatitudeDegrees><LongitudeDegrees>-2.88554</LongitudeDegrees></Position><AltitudeMeters>27.89</AltitudeMeters><DistanceMeters>5513.0</DistanceMeters><HeartRateBpm><Value>146</Value></HeartRateBpm><Cadence>89</Cadence><SensorState>Present</SensorState></Trackpoint><Trackpoint><Time>2025-11-04T12:05:26.708Z</Time><Position><LatitudeDegrees>43.28590667</LatitudeDegrees><LongitudeDegrees>-2.885505</LongitudeDegrees></Position><AltitudeMeters>27.89</AltitudeMeters><DistanceMeters>5515.7998046875</DistanceMeters><HeartRateBpm><Value>146</Value></HeartRateBpm><Cadence>89</Cadence><SensorState>Present</SensorState></Trackpoint><Trackpoint><Time>2025-11-04T12:05:27.708Z</Time><Position><LatitudeDegrees>43.285905</LatitudeDegrees><LongitudeDegrees>-2.88547167</LongitudeDegrees></Position><AltitudeMeters>27.89</AltitudeMeters><DistanceMeters>5518.7001953125</DistanceMeters><HeartRateBpm><Value>146</Value></HeartRateBpm><Cadence>89</Cadence><SensorState>Present</SensorState></Trackpoint><Trackpoint><Time>2025-11-04T12:05:28.708Z</Time><Position><LatitudeDegrees>43.28590167</LatitudeDegrees><LongitudeDegrees>-2.88543833</LongitudeDegrees></Position><AltitudeMeters>27.89</AltitudeMeters><DistanceMeters>5521.60009765625</DistanceMeters><HeartRateBpm><Value>146</Value></HeartRateBpm><Cadence>89</Cadence><SensorState>Present</SensorState></Trackpoint><Trackpoint><Time>2025-11-04T12:05:29.708Z</Time><Position><LatitudeDegrees>43.28590167</LatitudeDegrees><LongitudeDegrees>-2.885405</LongitudeDegrees></Position><AltitudeMeters>27.737</AltitudeMeters><DistanceMeters>5524.5</DistanceMeters><HeartRateBpm><Value>146</Value></HeartRateBpm><Cadence>89</Cadence><SensorState>Present</SensorState></Trackpoint><Trackpoint><Time>2025-11-04T12:05:30.708Z</Time><Position><LatitudeDegrees>43.28590167</LatitudeDegrees><LongitudeDegrees>-2.88537</LongitudeDegrees></Position><AltitudeMeters>27.737</AltitudeMeters><DistanceMeters>5527.2998046875</DistanceMeters><HeartRateBpm><Value>146</Value></HeartRateBpm><Cadence>89</Cadence><SensorState>Present</SensorState></Trackpoint><Trackpoint><Time>2025-11-04T12:05:31.708Z</Time><Position><LatitudeDegrees>43.285905</LatitudeDegrees><LongitudeDegrees>-2.885335</LongitudeDegrees></Position><AltitudeMeters>27.737</AltitudeMeters><DistanceMeters>5530.10009765625</DistanceMeters><HeartRateBpm><Value>146</Value></HeartRateBpm><Cadence>89</Cadence><SensorState>Present</SensorState></Trackpoint><Trackpoint><Time>2025-11-04T12:05:32.708Z</Time><Position><LatitudeDegrees>43.28591167</LatitudeDegrees><LongitudeDegrees>-2.8853</LongitudeDegrees></Position><AltitudeMeters>27.737</AltitudeMeters><DistanceMeters>5532.89990234375</DistanceMeters><HeartRateBpm><Value>146</Value></HeartRateBpm><Cadence>89</Cadence><SensorState>Present</SensorState></Trackpoint><Trackpoint><Time>2025-11-04T12:05:33.708Z</Time><Position><LatitudeDegrees>43.28591333</LatitudeDegrees><LongitudeDegrees>-2.88526333</LongitudeDegrees></Position><AltitudeMeters>27.737</AltitudeMeters><DistanceMeters>5535.7001953125</DistanceMeters><HeartRateBpm><Value>146</Value></HeartRateBpm><Cadence>87</Cadence><SensorState>Present</SensorState></Trackpoint><Trackpoint><Time>2025-11-04T12:05:34.708Z</Time><Position><LatitudeDegrees>43.285915</LatitudeDegrees><LongitudeDegrees>-2.88523</LongitudeDegrees></Position><AltitudeMeters>27.585</AltitudeMeters><DistanceMeters>5538.5</DistanceMeters><HeartRateBpm><Value>146</Value></HeartRateBpm><Cadence>86</Cadence><SensorState>Present</SensorState></Trackpoint><Trackpoint><Time>2025-11-04T12:05:35.708Z</Time><Position><LatitudeDegrees>43.28591833</LatitudeDegrees><LongitudeDegrees>-2.885195</LongitudeDegrees></Position><AltitudeMeters>27.585</AltitudeMeters><DistanceMeters>5541.39990234375</DistanceMeters><HeartRateBpm><Value>146</Value></HeartRateBpm><Cadence>88</Cadence><SensorState>Present</SensorState></Trackpoint><Trackpoint><Time>2025-11-04T12:05:36.708Z</Time><Position><LatitudeDegrees>43.28591833</LatitudeDegrees><LongitudeDegrees>-2.88516</LongitudeDegrees></Position><AltitudeMeters>27.585</AltitudeMeters><DistanceMeters>5544.2001953125</DistanceMeters><HeartRateBpm><Value>146</Value></HeartRateBpm><Cadence>88</Cadence><SensorState>Present</SensorState></Trackpoint><Trackpoint><Time>2025-11-04T12:05:37.708Z</Time><Position><LatitudeDegrees>43.28591833</LatitudeDegrees><LongitudeDegrees>-2.88512667</LongitudeDegrees></Position><AltitudeMeters>27.585</AltitudeMeters><DistanceMeters>5547.10009765625</DistanceMeters><HeartRateBpm><Value>146</Value></HeartRateBpm><Cadence>87</Cadence><SensorState>Present</SensorState></Trackpoint><Trackpoint><Time>2025-11-04T12:05:38.708Z</Time><Position><LatitudeDegrees>43.28592167</LatitudeDegrees><LongitudeDegrees>-2.88509333</LongitudeDegrees></Position><AltitudeMeters>27.585</AltitudeMeters><DistanceMeters>5549.89990234375</DistanceMeters><HeartRateBpm><Value>146</Value></HeartRateBpm><Cadence>86</Cadence><SensorState>Present</SensorState></Trackpoint><Trackpoint><Time>2025-11-04T12:05:39.708Z</Time><Position><LatitudeDegrees>43.285925</LatitudeDegrees><LongitudeDegrees>-2.88505833</LongitudeDegrees></Position><AltitudeMeters>27.432</AltitudeMeters><DistanceMeters>5552.7998046875</DistanceMeters><HeartRateBpm><Value>146</Value></HeartRateBpm><Cadence>86</Cadence><SensorState>Present</SensorState></Trackpoint><Trackpoint><Time>2025-11-04T12:05:40.708Z</Time><Position><LatitudeDegrees>43.28592</LatitudeDegrees><LongitudeDegrees>-2.88502167</LongitudeDegrees></Position><AltitudeMeters>27.432</AltitudeMeters><DistanceMeters>5555.5</DistanceMeters><HeartRateBpm><Value>146</Value></HeartRateBpm><Cadence>87</Cadence><SensorState>Present</SensorState></Trackpoint><Trackpoint><Time>2025-11-04T12:05:41.708Z</Time><Position><LatitudeDegrees>43.28591667</LatitudeDegrees><LongitudeDegrees>-2.88498833</LongitudeDegrees></Position><AltitudeMeters>27.432</AltitudeMeters><DistanceMeters>5558.2001953125</DistanceMeters><HeartRateBpm><Value>145</Value></HeartRateBpm><Cadence>88</Cadence><SensorState>Present</SensorState></Trackpoint><Trackpoint><Time>2025-11-04T12:05:42.708Z</Time><Position><LatitudeDegrees>43.28591333</LatitudeDegrees><LongitudeDegrees>-2.884955</LongitudeDegrees></Position><AltitudeMeters>27.432</AltitudeMeters><DistanceMeters>5561.2001953125</DistanceMeters><HeartRateBpm><Value>145</Value></HeartRateBpm><Cadence>88</Cadence><SensorState>Present</SensorState></Trackpoint><Trackpoint><Time>2025-11-04T12:05:43.708Z</Time><Position><LatitudeDegrees>43.28591167</LatitudeDegrees><LongitudeDegrees>-2.88491833</LongitudeDegrees></Position><AltitudeMeters>27.432</AltitudeMeters><DistanceMeters>5563.89990234375</DistanceMeters><HeartRateBpm><Value>145</Value></HeartRateBpm><Cadence>88</Cadence><SensorState>Present</SensorState></Trackpoint><Trackpoint><Time>2025-11-04T12:05:44.708Z</Time><Position><LatitudeDegrees>43.28591167</LatitudeDegrees><LongitudeDegrees>-2.88488333</LongitudeDegrees></Position><AltitudeMeters>27.432</AltitudeMeters><DistanceMeters>5566.7001953125</DistanceMeters><HeartRateBpm><Value>145</Value></HeartRateBpm><Cadence>88</Cadence><SensorState>Present</SensorState></Trackpoint><Trackpoint><Time>2025-11-04T12:05:45.708Z</Time><Position><LatitudeDegrees>43.28590833</LatitudeDegrees><LongitudeDegrees>-2.88485</LongitudeDegrees></Position><AltitudeMeters>27.432</AltitudeMeters><DistanceMeters>5569.5</DistanceMeters><HeartRateBpm><Value>145</Value></HeartRateBpm><Cadence>88</Cadence><SensorState>Present</SensorState></Trackpoint><Trackpoint><Time>2025-11-04T12:05:46.708Z</Time><Position><LatitudeDegrees>43.28590667</LatitudeDegrees><LongitudeDegrees>-2.88481667</LongitudeDegrees></Position><AltitudeMeters>27.432</AltitudeMeters><DistanceMeters>5572.5</DistanceMeters><HeartRateBpm><Value>145</Value></HeartRateBpm><Cadence>88</Cadence><SensorState>Present</SensorState></Trackpoint><Trackpoint><Time>2025-11-04T12:05:47.708Z</Time><Position><LatitudeDegrees>43.285905</LatitudeDegrees><LongitudeDegrees>-2.88478167</LongitudeDegrees></Position><AltitudeMeters>27.432</AltitudeMeters><DistanceMeters>5575.2998046875</DistanceMeters><HeartRateBpm><Value>145</Value></HeartRateBpm><Cadence>88</Cadence><SensorState>Present</SensorState></Trackpoint><Trackpoint><Time>2025-11-04T12:05:48.708Z</Time><Position><LatitudeDegrees>43.2859</LatitudeDegrees><LongitudeDegrees>-2.88474667</LongitudeDegrees></Position><AltitudeMeters>27.432</AltitudeMeters><DistanceMeters>5578.0</DistanceMeters><HeartRateBpm><Value>145</Value></HeartRateBpm><Cadence>88</Cadence><SensorState>Present</SensorState></Trackpoint><Trackpoint><Time>2025-11-04T12:05:49.708Z</Time><Position><LatitudeDegrees>43.28589833</LatitudeDegrees><LongitudeDegrees>-2.88471333</LongitudeDegrees></Position><AltitudeMeters>27.432</AltitudeMeters><DistanceMeters>5580.7998046875</DistanceMeters><HeartRateBpm><Value>145</Value></HeartRateBpm><Cadence>88</Cadence><SensorState>Present</SensorState></Trackpoint><Trackpoint><Time>2025-11-04T12:05:50.708Z</Time><Position><LatitudeDegrees>43.28589667</LatitudeDegrees><LongitudeDegrees>-2.88468</LongitudeDegrees></Position><AltitudeMeters>27.432</AltitudeMeters><DistanceMeters>5583.39990234375</DistanceMeters><HeartRateBpm><Value>145</Value></HeartRateBpm><Cadence>88</Cadence><SensorState>Present</SensorState></Trackpoint><Trackpoint><Time>2025-11-04T12:05:51.708Z</Time><Position><LatitudeDegrees>43.28589667</LatitudeDegrees><LongitudeDegrees>-2.88465</LongitudeDegrees></Position><AltitudeMeters>27.432</AltitudeMeters><DistanceMeters>5585.7998046875</DistanceMeters><HeartRateBpm><Value>145</Value></HeartRateBpm><Cadence>88</Cadence><SensorState>Present</SensorState></Trackpoint><Trackpoint><Time>2025-11-04T12:05:52.708Z</Time><Position><LatitudeDegrees>43.2859</LatitudeDegrees><LongitudeDegrees>-2.88461833</LongitudeDegrees></Position><AltitudeMeters>27.432</AltitudeMeters><DistanceMeters>5588.39990234375</DistanceMeters><HeartRateBpm><Value>145</Value></HeartRateBpm><Cadence>88</Cadence><SensorState>Present</SensorState></Trackpoint><Trackpoint><Time>2025-11-04T12:05:53.708Z</Time><Position><LatitudeDegrees>43.28590167</LatitudeDegrees><LongitudeDegrees>-2.88458667</LongitudeDegrees></Position><AltitudeMeters>27.432</AltitudeMeters><DistanceMeters>5591.39990234375</DistanceMeters><HeartRateBpm><Value>145</Value></HeartRateBpm><Cadence>88</Cadence><SensorState>Present</SensorState></Trackpoint><Trackpoint><Time>2025-11-04T12:05:54.708Z</Time><Position><LatitudeDegrees>43.28589833</LatitudeDegrees><LongitudeDegrees>-2.88454667</LongitudeDegrees></Position><AltitudeMeters>27.432</AltitudeMeters><DistanceMeters>5594.2998046875</DistanceMeters><HeartRateBpm><Value>145</Value></HeartRateBpm><Cadence>88</Cadence><SensorState>Present</SensorState></Trackpoint><Trackpoint><Time>2025-11-04T12:05:55.708Z</Time><Position><LatitudeDegrees>43.2859</LatitudeDegrees><LongitudeDegrees>-2.88451</LongitudeDegrees></Position><AltitudeMeters>27.585</AltitudeMeters><DistanceMeters>5597.10009765625</DistanceMeters><HeartRateBpm><Value>145</Value></HeartRateBpm><Cadence>88</Cadence><SensorState>Present</SensorState></Trackpoint><Trackpoint><Time>2025-11-04T12:05:56.708Z</Time><Position><LatitudeDegrees>43.28590167</LatitudeDegrees><LongitudeDegrees>-2.884475</LongitudeDegrees></Position><AltitudeMeters>27.585</AltitudeMeters><DistanceMeters>5599.89990234375</DistanceMeters><HeartRateBpm><Value>146</Value></HeartRateBpm><Cadence>88</Cadence><SensorState>Present</SensorState></Trackpoint><Trackpoint><Time>2025-11-04T12:05:57.708Z</Time><Position><LatitudeDegrees>43.285905</LatitudeDegrees><LongitudeDegrees>-2.88444</LongitudeDegrees></Position><AltitudeMeters>27.585</AltitudeMeters><DistanceMeters>5602.89990234375</DistanceMeters><HeartRateBpm><Value>146</Value></HeartRateBpm><Cadence>89</Cadence><SensorState>Present</SensorState></Trackpoint><Trackpoint><Time>2025-11-04T12:05:58.708Z</Time><Position><LatitudeDegrees>43.28591</LatitudeDegrees><LongitudeDegrees>-2.884405</LongitudeDegrees></Position><AltitudeMeters>27.585</AltitudeMeters><DistanceMeters>5605.89990234375</DistanceMeters><HeartRateBpm><Value>146</Value></HeartRateBpm><Cadence>90</Cadence><SensorState>Present</SensorState></Trackpoint><Trackpoint><Time>2025-11-04T12:05:59.708Z</Time><Position><LatitudeDegrees>43.28590833</LatitudeDegrees><LongitudeDegrees>-2.88436833</LongitudeDegrees></Position><AltitudeMeters>27.432</AltitudeMeters><DistanceMeters>5609.10009765625</DistanceMeters><HeartRateBpm><Value>146</Value></HeartRateBpm><Cadence>89</Cadence><SensorState>Present</SensorState></Trackpoint><Trackpoint><Time>2025-11-04T12:06:00.708Z</Time><Position><LatitudeDegrees>43.28590833</LatitudeDegrees><LongitudeDegrees>-2.88433</LongitudeDegrees></Position><AltitudeMeters>27.432</AltitudeMeters><DistanceMeters>5612.2998046875</DistanceMeters><HeartRateBpm><Value>146</Value></HeartRateBpm><Cadence>89</Cadence><SensorState>Present</SensorState></Trackpoint><Trackpoint><Time>2025-11-04T12:06:01.708Z</Time><Position><LatitudeDegrees>43.28590833</LatitudeDegrees><LongitudeDegrees>-2.88429333</LongitudeDegrees></Position><AltitudeMeters>27.432</AltitudeMeters><DistanceMeters>5615.5</DistanceMeters><HeartRateBpm><Value>146</Value></HeartRateBpm><Cadence>89</Cadence><SensorState>Present</SensorState></Trackpoint><Trackpoint><Time>2025-11-04T12:06:02.708Z</Time><Position><LatitudeDegrees>43.285905</LatitudeDegrees><LongitudeDegrees>-2.88425667</LongitudeDegrees></Position><AltitudeMeters>27.432</AltitudeMeters><DistanceMeters>5618.39990234375</DistanceMeters><HeartRateBpm><Value>145</Value></HeartRateBpm><Cadence>89</Cadence><SensorState>Present</SensorState></Trackpoint><Trackpoint><Time>2025-11-04T12:06:03.708Z</Time><Position><LatitudeDegrees>43.28590167</LatitudeDegrees><LongitudeDegrees>-2.88421833</LongitudeDegrees></Position><AltitudeMeters>27.585</AltitudeMeters><DistanceMeters>5621.60009765625</DistanceMeters><HeartRateBpm><Value>145</Value></HeartRateBpm><Cadence>89</Cadence><SensorState>Present</SensorState></Trackpoint><Trackpoint><Time>2025-11-04T12:06:04.708Z</Time><Position><LatitudeDegrees>43.28589667</LatitudeDegrees><LongitudeDegrees>-2.88418</LongitudeDegrees></Position><AltitudeMeters>27.585</AltitudeMeters><DistanceMeters>5624.7001953125</DistanceMeters><HeartRateBpm><Value>145</Value></HeartRateBpm><Cadence>89</Cadence><SensorState>Present</SensorState></Trackpoint><Trackpoint><Time>2025-11-04T12:06:05.708Z</Time><Position><LatitudeDegrees>43.28589333</LatitudeDegrees><LongitudeDegrees>-2.88414167</LongitudeDegrees></Position><AltitudeMeters>27.585</AltitudeMeters><DistanceMeters>5627.7998046875</DistanceMeters><HeartRateBpm><Value>145</Value></HeartRateBpm><Cadence>89</Cadence><SensorState>Present</SensorState></Trackpoint><Trackpoint><Time>2025-11-04T12:06:06.708Z</Time><Position><LatitudeDegrees>43.28589333</LatitudeDegrees><LongitudeDegrees>-2.884105</LongitudeDegrees></Position><AltitudeMeters>27.585</AltitudeMeters><DistanceMeters>5630.7998046875</DistanceMeters><HeartRateBpm><Value>145</Value></HeartRateBpm><Cadence>89</Cadence><SensorState>Present</SensorState></Trackpoint><Trackpoint><Time>2025-11-04T12:06:07.708Z</Time><Position><LatitudeDegrees>43.28589333</LatitudeDegrees><LongitudeDegrees>-2.88407167</LongitudeDegrees></Position><AltitudeMeters>27.585</AltitudeMeters><DistanceMeters>5633.7001953125</DistanceMeters><HeartRateBpm><Value>145</Value></HeartRateBpm><Cadence>89</Cadence><SensorState>Present</SensorState></Trackpoint><Trackpoint><Time>2025-11-04T12:06:08.708Z</Time><Position><LatitudeDegrees>43.28589333</LatitudeDegrees><LongitudeDegrees>-2.88403667</LongitudeDegrees></Position><AltitudeMeters>27.585</AltitudeMeters><DistanceMeters>5636.60009765625</DistanceMeters><HeartRateBpm><Value>145</Value></HeartRateBpm><Cadence>90</Cadence><SensorState>Present</SensorState></Trackpoint><Trackpoint><Time>2025-11-04T12:06:09.708Z</Time><Position><LatitudeDegrees>43.28589167</LatitudeDegrees><LongitudeDegrees>-2.88400167</LongitudeDegrees></Position><AltitudeMeters>27.585</AltitudeMeters><DistanceMeters>5639.2998046875</DistanceMeters><HeartRateBpm><Value>144</Value></HeartRateBpm><Cadence>90</Cadence><SensorState>Present</SensorState></Trackpoint><Trackpoint><Time>2025-11-04T12:06:10.708Z</Time><Position><LatitudeDegrees>43.28588833</LatitudeDegrees><LongitudeDegrees>-2.88397</LongitudeDegrees></Position><AltitudeMeters>27.585</AltitudeMeters><DistanceMeters>5641.89990234375</DistanceMeters><HeartRateBpm><Value>144</Value></HeartRateBpm><Cadence>89</Cadence><SensorState>Present</SensorState></Trackpoint><Trackpoint><Time>2025-11-04T12:06:11.708Z</Time><Position><LatitudeDegrees>43.28588667</LatitudeDegrees><LongitudeDegrees>-2.88393667</LongitudeDegrees></Position><AltitudeMeters>27.585</AltitudeMeters><DistanceMeters>5644.60009765625</DistanceMeters><HeartRateBpm><Value>144</Value></HeartRateBpm><Cadence>89</Cadence><SensorState>Present</SensorState></Trackpoint><Trackpoint><Time>2025-11-04T12:06:12.708Z</Time><Position><LatitudeDegrees>43.28588833</LatitudeDegrees><LongitudeDegrees>-2.88390333</LongitudeDegrees></Position><AltitudeMeters>27.585</AltitudeMeters><DistanceMeters>5647.10009765625</DistanceMeters><HeartRateBpm><Value>144</Value></HeartRateBpm><Cadence>87</Cadence><SensorState>Present</SensorState></Trackpoint><Trackpoint><Time>2025-11-04T12:06:13.708Z</Time><Position><LatitudeDegrees>43.28589167</LatitudeDegrees><LongitudeDegrees>-2.88387</LongitudeDegrees></Position><AltitudeMeters>27.585</AltitudeMeters><DistanceMeters>5649.60009765625</DistanceMeters><HeartRateBpm><Value>144</Value></HeartRateBpm><Cadence>86</Cadence><SensorState>Present</SensorState></Trackpoint><Trackpoint><Time>2025-11-04T12:06:14.708Z</Time><Position><LatitudeDegrees>43.28589167</LatitudeDegrees><LongitudeDegrees>-2.88383667</LongitudeDegrees></Position><AltitudeMeters>27.585</AltitudeMeters><DistanceMeters>5652.2998046875</DistanceMeters><HeartRateBpm><Value>144</Value></HeartRateBpm><Cadence>86</Cadence><SensorState>Present</SensorState></Trackpoint><Trackpoint><Time>2025-11-04T12:06:15.708Z</Time><Position><LatitudeDegrees>43.28589</LatitudeDegrees><LongitudeDegrees>-2.88380167</LongitudeDegrees></Position><AltitudeMeters>27.737</AltitudeMeters><DistanceMeters>5655.2998046875</DistanceMeters><HeartRateBpm><Value>144</Value></HeartRateBpm><Cadence>86</Cadence><SensorState>Present</SensorState></Trackpoint><Trackpoint><Time>2025-11-04T12:06:16.708Z</Time><Position><LatitudeDegrees>43.285885</LatitudeDegrees><LongitudeDegrees>-2.88376333</LongitudeDegrees></Position><AltitudeMeters>27.737</AltitudeMeters><DistanceMeters>5658.2001953125</DistanceMeters><HeartRateBpm><Value>144</Value></HeartRateBpm><Cadence>86</Cadence><SensorState>Present</SensorState></Trackpoint><Trackpoint><Time>2025-11-04T12:06:17.708Z</Time><Position><LatitudeDegrees>43.28588167</LatitudeDegrees><LongitudeDegrees>-2.88372667</LongitudeDegrees></Position><AltitudeMeters>27.737</AltitudeMeters><DistanceMeters>5661.2998046875</DistanceMeters><HeartRateBpm><Value>144</Value></HeartRateBpm><Cadence>86</Cadence><SensorState>Present</SensorState></Trackpoint><Trackpoint><Time>2025-11-04T12:06:18.708Z</Time><Position><LatitudeDegrees>43.28587667</LatitudeDegrees><LongitudeDegrees>-2.88368833</LongitudeDegrees></Position><AltitudeMeters>27.737</AltitudeMeters><DistanceMeters>5664.39990234375</DistanceMeters><HeartRateBpm><Value>144</Value></HeartRateBpm><Cadence>86</Cadence><SensorState>Present</SensorState></Trackpoint><Trackpoint><Time>2025-11-04T12:06:19.708Z</Time><Position><LatitudeDegrees>43.28587667</LatitudeDegrees><LongitudeDegrees>-2.88365167</LongitudeDegrees></Position><AltitudeMeters>27.737</AltitudeMeters><DistanceMeters>5667.5</DistanceMeters><HeartRateBpm><Value>144</Value></HeartRateBpm><Cadence>88</Cadence><SensorState>Present</SensorState></Trackpoint><Trackpoint><Time>2025-11-04T12:06:20.708Z</Time><Position><LatitudeDegrees>43.285875</LatitudeDegrees><LongitudeDegrees>-2.883615</LongitudeDegrees></Position><AltitudeMeters>27.737</AltitudeMeters><DistanceMeters>5670.7001953125</DistanceMeters><HeartRateBpm><Value>144</Value></HeartRateBpm><Cadence>88</Cadence><SensorState>Present</SensorState></Trackpoint><Trackpoint><Time>2025-11-04T12:06:21.708Z</Time><Position><LatitudeDegrees>43.285875</LatitudeDegrees><LongitudeDegrees>-2.88357833</LongitudeDegrees></Position><AltitudeMeters>27.737</AltitudeMeters><DistanceMeters>5674.0</DistanceMeters><HeartRateBpm><Value>144</Value></HeartRateBpm><Cadence>88</Cadence><SensorState>Present</SensorState></Trackpoint><Trackpoint><Time>2025-11-04T12:06:22.708Z</Time><Position><LatitudeDegrees>43.28588167</LatitudeDegrees><LongitudeDegrees>-2.88353667</LongitudeDegrees></Position><AltitudeMeters>27.737</AltitudeMeters><DistanceMeters>5677.2001953125</DistanceMeters><HeartRateBpm><Value>144</Value></HeartRateBpm><Cadence>88</Cadence><SensorState>Present</SensorState></Trackpoint><Trackpoint><Time>2025-11-04T12:06:23.708Z</Time><Position><LatitudeDegrees>43.28589167</LatitudeDegrees><LongitudeDegrees>-2.88350167</LongitudeDegrees></Position><AltitudeMeters>27.737</AltitudeMeters><DistanceMeters>5680.60009765625</DistanceMeters><HeartRateBpm><Value>144</Value></HeartRateBpm><Cadence>88</Cadence><SensorState>Present</SensorState></Trackpoint><Trackpoint><Time>2025-11-04T12:06:24.708Z</Time><Position><LatitudeDegrees>43.28589333</LatitudeDegrees><LongitudeDegrees>-2.88346167</LongitudeDegrees></Position><AltitudeMeters>27.737</AltitudeMeters><DistanceMeters>5683.89990234375</DistanceMeters><HeartRateBpm><Value>144</Value></HeartRateBpm><Cadence>88</Cadence><SensorState>Present</SensorState></Trackpoint><Trackpoint><Time>2025-11-04T12:06:25.708Z</Time><Position><LatitudeDegrees>43.28589167</LatitudeDegrees><LongitudeDegrees>-2.88341833</LongitudeDegrees></Position><AltitudeMeters>27.737</AltitudeMeters><DistanceMeters>5687.2001953125</DistanceMeters><HeartRateBpm><Value>144</Value></HeartRateBpm><Cadence>88</Cadence><SensorState>Present</SensorState></Trackpoint><Trackpoint><Time>2025-11-04T12:06:26.708Z</Time><Position><LatitudeDegrees>43.28589333</LatitudeDegrees><LongitudeDegrees>-2.88337833</LongitudeDegrees></Position><AltitudeMeters>27.737</AltitudeMeters><DistanceMeters>5690.60009765625</DistanceMeters><HeartRateBpm><Value>144</Value></HeartRateBpm><Cadence>88</Cadence><SensorState>Present</SensorState></Trackpoint><Trackpoint><Time>2025-11-04T12:06:27.708Z</Time><Position><LatitudeDegrees>43.285895</LatitudeDegrees><LongitudeDegrees>-2.88333833</LongitudeDegrees></Position><AltitudeMeters>27.737</AltitudeMeters><DistanceMeters>5693.89990234375</DistanceMeters><HeartRateBpm><Value>144</Value></HeartRateBpm><Cadence>89</Cadence><SensorState>Present</SensorState></Trackpoint><Trackpoint><Time>2025-11-04T12:06:28.708Z</Time><Position><LatitudeDegrees>43.2859</LatitudeDegrees><LongitudeDegrees>-2.88330167</LongitudeDegrees></Position><AltitudeMeters>27.737</AltitudeMeters><DistanceMeters>5697.5</DistanceMeters><HeartRateBpm><Value>144</Value></HeartRateBpm><Cadence>89</Cadence><SensorState>Present</SensorState></Trackpoint><Trackpoint><Time>2025-11-04T12:06:29.708Z</Time><Position><LatitudeDegrees>43.28590667</LatitudeDegrees><LongitudeDegrees>-2.88325833</LongitudeDegrees></Position><AltitudeMeters>27.737</AltitudeMeters><DistanceMeters>5701.2998046875</DistanceMeters><HeartRateBpm><Value>144</Value></HeartRateBpm><Cadence>89</Cadence><SensorState>Present</SensorState></Trackpoint><Trackpoint><Time>2025-11-04T12:06:30.708Z</Time><Position><LatitudeDegrees>43.28591833</LatitudeDegrees><LongitudeDegrees>-2.88321333</LongitudeDegrees></Position><AltitudeMeters>27.737</AltitudeMeters><DistanceMeters>5704.5</DistanceMeters><HeartRateBpm><Value>144</Value></HeartRateBpm><Cadence>90</Cadence><SensorState>Present</SensorState></Trackpoint><Trackpoint><Time>2025-11-04T12:06:31.708Z</Time><Position><LatitudeDegrees>43.28592167</LatitudeDegrees><LongitudeDegrees>-2.883175</LongitudeDegrees></Position><AltitudeMeters>27.737</AltitudeMeters><DistanceMeters>5707.7001953125</DistanceMeters><HeartRateBpm><Value>144</Value></HeartRateBpm><Cadence>90</Cadence><SensorState>Present</SensorState></Trackpoint><Trackpoint><Time>2025-11-04T12:06:32.708Z</Time><Position><LatitudeDegrees>43.28592167</LatitudeDegrees><LongitudeDegrees>-2.88313833</LongitudeDegrees></Position><AltitudeMeters>27.737</AltitudeMeters><DistanceMeters>5710.89990234375</DistanceMeters><HeartRateBpm><Value>144</Value></HeartRateBpm><Cadence>90</Cadence><SensorState>Present</SensorState></Trackpoint><Trackpoint><Time>2025-11-04T12:06:33.708Z</Time><Position><LatitudeDegrees>43.28592167</LatitudeDegrees><LongitudeDegrees>-2.88310167</LongitudeDegrees></Position><AltitudeMeters>27.737</AltitudeMeters><DistanceMeters>5713.7998046875</DistanceMeters><HeartRateBpm><Value>144</Value></HeartRateBpm><Cadence>89</Cadence><SensorState>Present</SensorState></Trackpoint><Trackpoint><Time>2025-11-04T12:06:34.708Z</Time><Position><LatitudeDegrees>43.28591833</LatitudeDegrees><LongitudeDegrees>-2.883065</LongitudeDegrees></Position><AltitudeMeters>27.737</AltitudeMeters><DistanceMeters>5716.7998046875</DistanceMeters><HeartRateBpm><Value>144</Value></HeartRateBpm><Cadence>89</Cadence><SensorState>Present</SensorState></Trackpoint><Trackpoint><Time>2025-11-04T12:06:35.708Z</Time><Position><LatitudeDegrees>43.28591333</LatitudeDegrees><LongitudeDegrees>-2.88303</LongitudeDegrees></Position><AltitudeMeters>27.737</AltitudeMeters><DistanceMeters>5719.89990234375</DistanceMeters><HeartRateBpm><Value>144</Value></HeartRateBpm><Cadence>89</Cadence><SensorState>Present</SensorState></Trackpoint><Trackpoint><Time>2025-11-04T12:06:36.708Z</Time><Position><LatitudeDegrees>43.28590167</LatitudeDegrees><LongitudeDegrees>-2.88299167</LongitudeDegrees></Position><AltitudeMeters>27.585</AltitudeMeters><DistanceMeters>5722.89990234375</DistanceMeters><HeartRateBpm><Value>144</Value></HeartRateBpm><Cadence>89</Cadence><SensorState>Present</SensorState></Trackpoint><Trackpoint><Time>2025-11-04T12:06:37.708Z</Time><Position><LatitudeDegrees>43.28589333</LatitudeDegrees><LongitudeDegrees>-2.88295667</LongitudeDegrees></Position><AltitudeMeters>27.585</AltitudeMeters><DistanceMeters>5725.39990234375</DistanceMeters><HeartRateBpm><Value>144</Value></HeartRateBpm><Cadence>89</Cadence><SensorState>Present</SensorState></Trackpoint><Trackpoint><Time>2025-11-04T12:06:38.708Z</Time><Position><LatitudeDegrees>43.285895</LatitudeDegrees><LongitudeDegrees>-2.88292</LongitudeDegrees></Position><AltitudeMeters>27.585</AltitudeMeters><DistanceMeters>5728.0</DistanceMeters><HeartRateBpm><Value>144</Value></HeartRateBpm><Cadence>89</Cadence><SensorState>Present</SensorState></Trackpoint><Trackpoint><Time>2025-11-04T12:06:39.708Z</Time><Position><LatitudeDegrees>43.2859</LatitudeDegrees><LongitudeDegrees>-2.88288333</LongitudeDegrees></Position><AltitudeMeters>27.585</AltitudeMeters><DistanceMeters>5730.7998046875</DistanceMeters><HeartRateBpm><Value>144</Value></HeartRateBpm><Cadence>90</Cadence><SensorState>Present</SensorState></Trackpoint><Trackpoint><Time>2025-11-04T12:06:40.708Z</Time><Position><LatitudeDegrees>43.28590167</LatitudeDegrees><LongitudeDegrees>-2.88284833</LongitudeDegrees></Position><AltitudeMeters>27.432</AltitudeMeters><DistanceMeters>5733.7998046875</DistanceMeters><HeartRateBpm><Value>144</Value></HeartRateBpm><Cadence>90</Cadence><SensorState>Present</SensorState></Trackpoint><Trackpoint><Time>2025-11-04T12:06:41.708Z</Time><Position><LatitudeDegrees>43.2859</LatitudeDegrees><LongitudeDegrees>-2.88281333</LongitudeDegrees></Position><AltitudeMeters>27.432</AltitudeMeters><DistanceMeters>5736.60009765625</DistanceMeters><HeartRateBpm><Value>144</Value></HeartRateBpm><Cadence>90</Cadence><SensorState>Present</SensorState></Trackpoint><Trackpoint><Time>2025-11-04T12:06:42.708Z</Time><Position><LatitudeDegrees>43.2859</LatitudeDegrees><LongitudeDegrees>-2.88278</LongitudeDegrees></Position><AltitudeMeters>27.28</AltitudeMeters><DistanceMeters>5739.39990234375</DistanceMeters><HeartRateBpm><Value>143</Value></HeartRateBpm><Cadence>90</Cadence><SensorState>Present</SensorState></Trackpoint><Trackpoint><Time>2025-11-04T12:06:43.708Z</Time><Position><LatitudeDegrees>43.28589667</LatitudeDegrees><LongitudeDegrees>-2.88274333</LongitudeDegrees></Position><AltitudeMeters>27.28</AltitudeMeters><DistanceMeters>5742.2001953125</DistanceMeters><HeartRateBpm><Value>143</Value></HeartRateBpm><Cadence>89</Cadence><SensorState>Present</SensorState></Trackpoint><Trackpoint><Time>2025-11-04T12:06:44.708Z</Time><Position><LatitudeDegrees>43.28589667</LatitudeDegrees><LongitudeDegrees>-2.88271</LongitudeDegrees></Position><AltitudeMeters>27.28</AltitudeMeters><DistanceMeters>5744.89990234375</DistanceMeters><HeartRateBpm><Value>143</Value></HeartRateBpm><Cadence>88</Cadence><SensorState>Present</SensorState></Trackpoint><Trackpoint><Time>2025-11-04T12:06:45.708Z</Time><Position><LatitudeDegrees>43.285895</LatitudeDegrees><LongitudeDegrees>-2.882675</LongitudeDegrees></Position><AltitudeMeters>27.28</AltitudeMeters><DistanceMeters>5747.7001953125</DistanceMeters><HeartRateBpm><Value>143</Value></HeartRateBpm><Cadence>87</Cadence><SensorState>Present</SensorState></Trackpoint><Trackpoint><Time>2025-11-04T12:06:46.708Z</Time><Position><LatitudeDegrees>43.285895</LatitudeDegrees><LongitudeDegrees>-2.88264</LongitudeDegrees></Position><AltitudeMeters>27.128</AltitudeMeters><DistanceMeters>5750.5</DistanceMeters><HeartRateBpm><Value>143</Value></HeartRateBpm><Cadence>88</Cadence><SensorState>Present</SensorState></Trackpoint><Trackpoint><Time>2025-11-04T12:06:47.708Z</Time><Position><LatitudeDegrees>43.285895</LatitudeDegrees><LongitudeDegrees>-2.882605</LongitudeDegrees></Position><AltitudeMeters>27.128</AltitudeMeters><DistanceMeters>5753.5</DistanceMeters><HeartRateBpm><Value>143</Value></HeartRateBpm><Cadence>88</Cadence><SensorState>Present</SensorState></Trackpoint><Trackpoint><Time>2025-11-04T12:06:48.708Z</Time><Position><LatitudeDegrees>43.285895</LatitudeDegrees><LongitudeDegrees>-2.882565</LongitudeDegrees></Position><AltitudeMeters>27.128</AltitudeMeters><DistanceMeters>5756.60009765625</DistanceMeters><HeartRateBpm><Value>142</Value></HeartRateBpm><Cadence>88</Cadence><SensorState>Present</SensorState></Trackpoint><Trackpoint><Time>2025-11-04T12:06:49.708Z</Time><Position><LatitudeDegrees>43.28589333</LatitudeDegrees><LongitudeDegrees>-2.88252667</LongitudeDegrees></Position><AltitudeMeters>26.975</AltitudeMeters><DistanceMeters>5759.7001953125</DistanceMeters><HeartRateBpm><Value>142</Value></HeartRateBpm><Cadence>88</Cadence><SensorState>Present</SensorState></Trackpoint><Trackpoint><Time>2025-11-04T12:06:50.708Z</Time><Position><LatitudeDegrees>43.28589167</LatitudeDegrees><LongitudeDegrees>-2.88248833</LongitudeDegrees></Position><AltitudeMeters>26.975</AltitudeMeters><DistanceMeters>5762.7001953125</DistanceMeters><HeartRateBpm><Value>142</Value></HeartRateBpm><Cadence>88</Cadence><SensorState>Present</SensorState></Trackpoint><Trackpoint><Time>2025-11-04T12:06:51.708Z</Time><Position><LatitudeDegrees>43.28588667</LatitudeDegrees><LongitudeDegrees>-2.882455</LongitudeDegrees></Position><AltitudeMeters>26.823</AltitudeMeters><DistanceMeters>5765.39990234375</DistanceMeters><HeartRateBpm><Value>142</Value></HeartRateBpm><Cadence>88</Cadence><SensorState>Present</SensorState></Trackpoint><Trackpoint><Time>2025-11-04T12:06:52.708Z</Time><Position><LatitudeDegrees>43.28588333</LatitudeDegrees><LongitudeDegrees>-2.88242333</LongitudeDegrees></Position><AltitudeMeters>26.823</AltitudeMeters><DistanceMeters>5768.0</DistanceMeters><HeartRateBpm><Value>142</Value></HeartRateBpm><Cadence>90</Cadence><SensorState>Present</SensorState></Trackpoint><Trackpoint><Time>2025-11-04T12:06:53.708Z</Time><Position><LatitudeDegrees>43.28588</LatitudeDegrees><LongitudeDegrees>-2.88239667</LongitudeDegrees></Position><AltitudeMeters>26.67</AltitudeMeters><DistanceMeters>5770.2001953125</DistanceMeters><HeartRateBpm><Value>142</Value></HeartRateBpm><Cadence>90</Cadence><SensorState>Present</SensorState></Trackpoint><Trackpoint><Time>2025-11-04T12:06:54.708Z</Time><Position><LatitudeDegrees>43.28588167</LatitudeDegrees><LongitudeDegrees>-2.88237333</LongitudeDegrees></Position><AltitudeMeters>26.67</AltitudeMeters><DistanceMeters>5772.10009765625</DistanceMeters><HeartRateBpm><Value>142</Value></HeartRateBpm><Cadence>90</Cadence><SensorState>Present</SensorState></Trackpoint><Trackpoint><Time>2025-11-04T12:06:55.708Z</Time><Position><LatitudeDegrees>43.28588167</LatitudeDegrees><LongitudeDegrees>-2.88235</LongitudeDegrees></Position><AltitudeMeters>26.518</AltitudeMeters><DistanceMeters>5774.2998046875</DistanceMeters><HeartRateBpm><Value>141</Value></HeartRateBpm><Cadence>89</Cadence><SensorState>Present</SensorState></Trackpoint><Trackpoint><Time>2025-11-04T12:06:56.708Z</Time><Position><LatitudeDegrees>43.28588</LatitudeDegrees><LongitudeDegrees>-2.88232167</LongitudeDegrees></Position><AltitudeMeters>26.518</AltitudeMeters><DistanceMeters>5776.10009765625</DistanceMeters><HeartRateBpm><Value>141</Value></HeartRateBpm><Cadence>89</Cadence><SensorState>Present</SensorState></Trackpoint><Trackpoint><Time>2025-11-04T12:06:57.708Z</Time><Position><LatitudeDegrees>43.28587667</LatitudeDegrees><LongitudeDegrees>-2.88229167</LongitudeDegrees></Position><AltitudeMeters>26.366</AltitudeMeters><DistanceMeters>5778.10009765625</DistanceMeters><HeartRateBpm><Value>141</Value></HeartRateBpm><Cadence>89</Cadence><SensorState>Present</SensorState></Trackpoint><Trackpoint><Time>2025-11-04T12:06:58.708Z</Time><Position><LatitudeDegrees>43.28587667</LatitudeDegrees><LongitudeDegrees>-2.88226167</LongitudeDegrees></Position><AltitudeMeters>26.213</AltitudeMeters><DistanceMeters>5780.2001953125</DistanceMeters><HeartRateBpm><Value>141</Value></HeartRateBpm><Cadence>89</Cadence><SensorState>Present</SensorState></Trackpoint><Trackpoint><Time>2025-11-04T12:06:59.708Z</Time><Position><LatitudeDegrees>43.28587833</LatitudeDegrees><LongitudeDegrees>-2.88222833</LongitudeDegrees></Position><AltitudeMeters>26.213</AltitudeMeters><DistanceMeters>5782.5</DistanceMeters><HeartRateBpm><Value>141</Value></HeartRateBpm><Cadence>89</Cadence><SensorState>Present</SensorState></Trackpoint><Trackpoint><Time>2025-11-04T12:07:00.708Z</Time><Position><LatitudeDegrees>43.28587833</LatitudeDegrees><LongitudeDegrees>-2.88219667</LongitudeDegrees></Position><AltitudeMeters>26.061</AltitudeMeters><DistanceMeters>5784.60009765625</DistanceMeters><HeartRateBpm><Value>141</Value></HeartRateBpm><Cadence>89</Cadence><SensorState>Present</SensorState></Trackpoint><Trackpoint><Time>2025-11-04T12:07:01.708Z</Time><Position><LatitudeDegrees>43.28587667</LatitudeDegrees><LongitudeDegrees>-2.88217167</LongitudeDegrees></Position><AltitudeMeters>25.908</AltitudeMeters><DistanceMeters>5787.10009765625</DistanceMeters><HeartRateBpm><Value>141</Value></HeartRateBpm><Cadence>89</Cadence><SensorState>Present</SensorState></Trackpoint><Trackpoint><Time>2025-11-04T12:07:02.708Z</Time><Position><LatitudeDegrees>43.28587667</LatitudeDegrees><LongitudeDegrees>-2.88214</LongitudeDegrees></Position><AltitudeMeters>25.908</AltitudeMeters><DistanceMeters>5790.10009765625</DistanceMeters><HeartRateBpm><Value>141</Value></HeartRateBpm><Cadence>89</Cadence><SensorState>Present</SensorState></Trackpoint><Trackpoint><Time>2025-11-04T12:07:03.708Z</Time><Position><LatitudeDegrees>43.28587167</LatitudeDegrees><LongitudeDegrees>-2.88210667</LongitudeDegrees></Position><AltitudeMeters>25.756</AltitudeMeters><DistanceMeters>5793.0</DistanceMeters><HeartRateBpm><Value>141</Value></HeartRateBpm><Cadence>89</Cadence><SensorState>Present</SensorState></Trackpoint><Trackpoint><Time>2025-11-04T12:07:04.708Z</Time><Position><LatitudeDegrees>43.285865</LatitudeDegrees><LongitudeDegrees>-2.88207667</LongitudeDegrees></Position><AltitudeMeters>25.756</AltitudeMeters><DistanceMeters>5796.0</DistanceMeters><HeartRateBpm><Value>141</Value></HeartRateBpm><Cadence>89</Cadence><SensorState>Present</SensorState></Trackpoint><Trackpoint><Time>2025-11-04T12:07:05.708Z</Time><Position><LatitudeDegrees>43.28585667</LatitudeDegrees><LongitudeDegrees>-2.88203833</LongitudeDegrees></Position><AltitudeMeters>25.604</AltitudeMeters><DistanceMeters>5798.89990234375</DistanceMeters><HeartRateBpm><Value>141</Value></HeartRateBpm><Cadence>89</Cadence><SensorState>Present</SensorState></Trackpoint><Trackpoint><Time>2025-11-04T12:07:06.708Z</Time><Position><LatitudeDegrees>43.28585167</LatitudeDegrees><LongitudeDegrees>-2.882005</LongitudeDegrees></Position><AltitudeMeters>25.604</AltitudeMeters><DistanceMeters>5801.7001953125</DistanceMeters><HeartRateBpm><Value>141</Value></HeartRateBpm><Cadence>90</Cadence><SensorState>Present</SensorState></Trackpoint><Trackpoint><Time>2025-11-04T12:07:07.708Z</Time><Position><LatitudeDegrees>43.28585</LatitudeDegrees><LongitudeDegrees>-2.88197333</LongitudeDegrees></Position><AltitudeMeters>25.451</AltitudeMeters><DistanceMeters>5804.5</DistanceMeters><HeartRateBpm><Value>141</Value></HeartRateBpm><Cadence>89</Cadence><SensorState>Present</SensorState></Trackpoint><Trackpoint><Time>2025-11-04T12:07:08.708Z</Time><Position><LatitudeDegrees>43.285845</LatitudeDegrees><LongitudeDegrees>-2.88193833</LongitudeDegrees></Position><AltitudeMeters>25.451</AltitudeMeters><DistanceMeters>5807.60009765625</DistanceMeters><HeartRateBpm><Value>142</Value></HeartRateBpm><Cadence>89</Cadence><SensorState>Present</SensorState></Trackpoint><Trackpoint><Time>2025-11-04T12:07:09.708Z</Time><Position><LatitudeDegrees>43.28584</LatitudeDegrees><LongitudeDegrees>-2.8819</LongitudeDegrees></Position><AltitudeMeters>25.451</AltitudeMeters><DistanceMeters>5810.89990234375</DistanceMeters><HeartRateBpm><Value>142</Value></HeartRateBpm><Cadence>90</Cadence><SensorState>Present</SensorState></Trackpoint><Trackpoint><Time>2025-11-04T12:07:10.708Z</Time><Position><LatitudeDegrees>43.28583667</LatitudeDegrees><LongitudeDegrees>-2.881865</LongitudeDegrees></Position><AltitudeMeters>25.451</AltitudeMeters><DistanceMeters>5814.0</DistanceMeters><HeartRateBpm><Value>142</Value></HeartRateBpm><Cadence>90</Cadence><SensorState>Present</SensorState></Trackpoint><Trackpoint><Time>2025-11-04T12:07:11.708Z</Time><Position><LatitudeDegrees>43.28583667</LatitudeDegrees><LongitudeDegrees>-2.88182833</LongitudeDegrees></Position><AltitudeMeters>25.451</AltitudeMeters><DistanceMeters>5817.2001953125</DistanceMeters><HeartRateBpm><Value>142</Value></HeartRateBpm><Cadence>89</Cadence><SensorState>Present</SensorState></Trackpoint><Trackpoint><Time>2025-11-04T12:07:12.708Z</Time><Position><LatitudeDegrees>43.285835</LatitudeDegrees><LongitudeDegrees>-2.88178833</LongitudeDegrees></Position><AltitudeMeters>25.451</AltitudeMeters><DistanceMeters>5820.60009765625</DistanceMeters><HeartRateBpm><Value>142</Value></HeartRateBpm><Cadence>89</Cadence><SensorState>Present</SensorState></Trackpoint><Trackpoint><Time>2025-11-04T12:07:13.708Z</Time><Position><LatitudeDegrees>43.28582667</LatitudeDegrees><LongitudeDegrees>-2.88175</LongitudeDegrees></Position><AltitudeMeters>25.451</AltitudeMeters><DistanceMeters>5823.60009765625</DistanceMeters><HeartRateBpm><Value>142</Value></HeartRateBpm><Cadence>89</Cadence><SensorState>Present</SensorState></Trackpoint><Trackpoint><Time>2025-11-04T12:07:14.708Z</Time><Position><LatitudeDegrees>43.28581667</LatitudeDegrees><LongitudeDegrees>-2.88171333</LongitudeDegrees></Position><AltitudeMeters>25.451</AltitudeMeters><DistanceMeters>5826.89990234375</DistanceMeters><HeartRateBpm><Value>142</Value></HeartRateBpm><Cadence>89</Cadence><SensorState>Present</SensorState></Trackpoint><Trackpoint><Time>2025-11-04T12:07:15.708Z</Time><Position><LatitudeDegrees>43.28580833</LatitudeDegrees><LongitudeDegrees>-2.88167667</LongitudeDegrees></Position><AltitudeMeters>25.451</AltitudeMeters><DistanceMeters>5830.5</DistanceMeters><HeartRateBpm><Value>142</Value></HeartRateBpm><Cadence>89</Cadence><SensorState>Present</SensorState></Trackpoint><Trackpoint><Time>2025-11-04T12:07:16.708Z</Time><Position><LatitudeDegrees>43.28580167</LatitudeDegrees><LongitudeDegrees>-2.881635</LongitudeDegrees></Position><AltitudeMeters>25.451</AltitudeMeters><DistanceMeters>5834.2998046875</DistanceMeters><HeartRateBpm><Value>142</Value></HeartRateBpm><Cadence>89</Cadence><SensorState>Present</SensorState></Trackpoint><Trackpoint><Time>2025-11-04T12:07:17.708Z</Time><Position><LatitudeDegrees>43.28581</LatitudeDegrees><LongitudeDegrees>-2.88158667</LongitudeDegrees></Position><AltitudeMeters>25.451</AltitudeMeters><DistanceMeters>5838.2001953125</DistanceMeters><HeartRateBpm><Value>142</Value></HeartRateBpm><Cadence>89</Cadence><SensorState>Present</SensorState></Trackpoint><Trackpoint><Time>2025-11-04T12:07:18.708Z</Time><Position><LatitudeDegrees>43.285815</LatitudeDegrees><LongitudeDegrees>-2.881535</LongitudeDegrees></Position><AltitudeMeters>25.604</AltitudeMeters><DistanceMeters>5842.2001953125</DistanceMeters><HeartRateBpm><Value>142</Value></HeartRateBpm><Cadence>89</Cadence><SensorState>Present</SensorState></Trackpoint><Trackpoint><Time>2025-11-04T12:07:19.708Z</Time><Position><LatitudeDegrees>43.28581</LatitudeDegrees><LongitudeDegrees>-2.88149</LongitudeDegrees></Position><AltitudeMeters>25.604</AltitudeMeters><DistanceMeters>5846.0</DistanceMeters><HeartRateBpm><Value>142</Value></HeartRateBpm><Cadence>89</Cadence><SensorState>Present</SensorState></Trackpoint><Trackpoint><Time>2025-11-04T12:07:20.708Z</Time><Position><LatitudeDegrees>43.28579</LatitudeDegrees><LongitudeDegrees>-2.88145</LongitudeDegrees></Position><AltitudeMeters>25.604</AltitudeMeters><DistanceMeters>5849.2001953125</DistanceMeters><HeartRateBpm><Value>142</Value></HeartRateBpm><Cadence>90</Cadence><SensorState>Present</SensorState></Trackpoint><Trackpoint><Time>2025-11-04T12:07:21.708Z</Time><Position><LatitudeDegrees>43.28576833</LatitudeDegrees><LongitudeDegrees>-2.88142167</LongitudeDegrees></Position><AltitudeMeters>25.604</AltitudeMeters><DistanceMeters>5852.5</DistanceMeters><HeartRateBpm><Value>142</Value></HeartRateBpm><Cadence>92</Cadence><SensorState>Present</SensorState></Trackpoint><Trackpoint><Time>2025-11-04T12:07:22.708Z</Time><Position><LatitudeDegrees>43.28575333</LatitudeDegrees><LongitudeDegrees>-2.88139667</LongitudeDegrees></Position><AltitudeMeters>25.756</AltitudeMeters><DistanceMeters>5855.5</DistanceMeters><HeartRateBpm><Value>143</Value></HeartRateBpm><Cadence>91</Cadence><SensorState>Present</SensorState></Trackpoint><Trackpoint><Time>2025-11-04T12:07:23.708Z</Time><Position><LatitudeDegrees>43.28574667</LatitudeDegrees><LongitudeDegrees>-2.88136667</LongitudeDegrees></Position><AltitudeMeters>25.756</AltitudeMeters><DistanceMeters>5857.7998046875</DistanceMeters><HeartRateBpm><Value>143</Value></HeartRateBpm><Cadence>91</Cadence><SensorState>Present</SensorState></Trackpoint><Trackpoint><Time>2025-11-04T12:07:24.708Z</Time><Position><LatitudeDegrees>43.28574667</LatitudeDegrees><LongitudeDegrees>-2.88133667</LongitudeDegrees></Position><AltitudeMeters>25.756</AltitudeMeters><DistanceMeters>5859.39990234375</DistanceMeters><HeartRateBpm><Value>143</Value></HeartRateBpm><Cadence>91</Cadence><SensorState>Present</SensorState></Trackpoint><Trackpoint><Time>2025-11-04T12:07:25.708Z</Time><Position><LatitudeDegrees>43.285755</LatitudeDegrees><LongitudeDegrees>-2.88131333</LongitudeDegrees></Position><AltitudeMeters>25.756</AltitudeMeters><DistanceMeters>5861.2998046875</DistanceMeters><HeartRateBpm><Value>143</Value></HeartRateBpm><Cadence>92</Cadence><SensorState>Present</SensorState></Trackpoint><Trackpoint><Time>2025-11-04T12:07:26.708Z</Time><Position><LatitudeDegrees>43.28577</LatitudeDegrees><LongitudeDegrees>-2.88128833</LongitudeDegrees></Position><AltitudeMeters>25.756</AltitudeMeters><DistanceMeters>5863.0</DistanceMeters><HeartRateBpm><Value>143</Value></HeartRateBpm><Cadence>93</Cadence><SensorState>Present</SensorState></Trackpoint><Trackpoint><Time>2025-11-04T12:07:27.708Z</Time><Position><LatitudeDegrees>43.28579</LatitudeDegrees><LongitudeDegrees>-2.88127</LongitudeDegrees></Position><AltitudeMeters>25.756</AltitudeMeters><DistanceMeters>5864.7998046875</DistanceMeters><HeartRateBpm><Value>143</Value></HeartRateBpm><Cadence>93</Cadence><SensorState>Present</SensorState></Trackpoint><Trackpoint><Time>2025-11-04T12:07:28.708Z</Time><Position><LatitudeDegrees>43.28581333</LatitudeDegrees><LongitudeDegrees>-2.88125333</LongitudeDegrees></Position><AltitudeMeters>25.908</AltitudeMeters><DistanceMeters>5866.2998046875</DistanceMeters><HeartRateBpm><Value>143</Value></HeartRateBpm><Cadence>93</Cadence><SensorState>Present</SensorState></Trackpoint><Trackpoint><Time>2025-11-04T12:07:29.708Z</Time><Position><LatitudeDegrees>43.28584</LatitudeDegrees><LongitudeDegrees>-2.88124</LongitudeDegrees></Position><AltitudeMeters>25.908</AltitudeMeters><DistanceMeters>5868.7998046875</DistanceMeters><HeartRateBpm><Value>143</Value></HeartRateBpm><Cadence>91</Cadence><SensorState>Present</SensorState></Trackpoint><Trackpoint><Time>2025-11-04T12:07:30.708Z</Time><Position><LatitudeDegrees>43.28586667</LatitudeDegrees><LongitudeDegrees>-2.88122333</LongitudeDegrees></Position><AltitudeMeters>25.908</AltitudeMeters><DistanceMeters>5871.89990234375</DistanceMeters><HeartRateBpm><Value>143</Value></HeartRateBpm><Cadence>91</Cadence><SensorState>Present</SensorState></Trackpoint><Trackpoint><Time>2025-11-04T12:07:31.708Z</Time><Position><LatitudeDegrees>43.28589333</LatitudeDegrees><LongitudeDegrees>-2.881205</LongitudeDegrees></Position><AltitudeMeters>25.908</AltitudeMeters><DistanceMeters>5875.39990234375</DistanceMeters><HeartRateBpm><Value>143</Value></HeartRateBpm><Cadence>91</Cadence><SensorState>Present</SensorState></Trackpoint><Trackpoint><Time>2025-11-04T12:07:32.708Z</Time><Position><LatitudeDegrees>43.28591833</LatitudeDegrees><LongitudeDegrees>-2.88118667</LongitudeDegrees></Position><AltitudeMeters>25.908</AltitudeMeters><DistanceMeters>5879.2001953125</DistanceMeters><HeartRateBpm><Value>144</Value></HeartRateBpm><Cadence>91</Cadence><SensorState>Present</SensorState></Trackpoint><Trackpoint><Time>2025-11-04T12:07:33.708Z</Time><Position><LatitudeDegrees>43.28594667</LatitudeDegrees><LongitudeDegrees>-2.88117333</LongitudeDegrees></Position><AltitudeMeters>26.061</AltitudeMeters><DistanceMeters>5883.0</DistanceMeters><HeartRateBpm><Value>144</Value></HeartRateBpm><Cadence>91</Cadence><SensorState>Present</SensorState></Trackpoint><Trackpoint><Time>2025-11-04T12:07:34.708Z</Time><Position><LatitudeDegrees>43.28597333</LatitudeDegrees><LongitudeDegrees>-2.88116167</LongitudeDegrees></Position><AltitudeMeters>26.061</AltitudeMeters><DistanceMeters>5886.60009765625</DistanceMeters><HeartRateBpm><Value>144</Value></HeartRateBpm><Cadence>91</Cadence><SensorState>Present</SensorState></Trackpoint><Trackpoint><Time>2025-11-04T12:07:35.708Z</Time><Position><LatitudeDegrees>43.286</LatitudeDegrees><LongitudeDegrees>-2.881145</LongitudeDegrees></Position><AltitudeMeters>26.061</AltitudeMeters><DistanceMeters>5890.2001953125</DistanceMeters><HeartRateBpm><Value>145</Value></HeartRateBpm><Cadence>91</Cadence><SensorState>Present</SensorState></Trackpoint><Trackpoint><Time>2025-11-04T12:07:36.708Z</Time><Position><LatitudeDegrees>43.28602667</LatitudeDegrees><LongitudeDegrees>-2.88112833</LongitudeDegrees></Position><AltitudeMeters>26.213</AltitudeMeters><DistanceMeters>5893.7001953125</DistanceMeters><HeartRateBpm><Value>145</Value></HeartRateBpm><Cadence>91</Cadence><SensorState>Present</SensorState></Trackpoint><Trackpoint><Time>2025-11-04T12:07:37.708Z</Time><Position><LatitudeDegrees>43.286055</LatitudeDegrees><LongitudeDegrees>-2.88111167</LongitudeDegrees></Position><AltitudeMeters>26.213</AltitudeMeters><DistanceMeters>5897.2001953125</DistanceMeters><HeartRateBpm><Value>145</Value></HeartRateBpm><Cadence>91</Cadence><SensorState>Present</SensorState></Trackpoint><Trackpoint><Time>2025-11-04T12:07:38.708Z</Time><Position><LatitudeDegrees>43.286085</LatitudeDegrees><LongitudeDegrees>-2.88109667</LongitudeDegrees></Position><AltitudeMeters>26.366</AltitudeMeters><DistanceMeters>5900.2001953125</DistanceMeters><HeartRateBpm><Value>146</Value></HeartRateBpm><Cadence>91</Cadence><SensorState>Present</SensorState></Trackpoint><Trackpoint><Time>2025-11-04T12:07:39.708Z</Time><Position><LatitudeDegrees>43.28610833</LatitudeDegrees><LongitudeDegrees>-2.881085</LongitudeDegrees></Position><AltitudeMeters>26.366</AltitudeMeters><DistanceMeters>5903.39990234375</DistanceMeters><HeartRateBpm><Value>146</Value></HeartRateBpm><Cadence>91</Cadence><SensorState>Present</SensorState></Trackpoint><Trackpoint><Time>2025-11-04T12:07:40.708Z</Time><Position><LatitudeDegrees>43.286135</LatitudeDegrees><LongitudeDegrees>-2.881075</LongitudeDegrees></Position><AltitudeMeters>26.518</AltitudeMeters><DistanceMeters>5906.89990234375</DistanceMeters><HeartRateBpm><Value>146</Value></HeartRateBpm><Cadence>91</Cadence><SensorState>Present</SensorState></Trackpoint><Trackpoint><Time>2025-11-04T12:07:41.708Z</Time><Position><LatitudeDegrees>43.28616667</LatitudeDegrees><LongitudeDegrees>-2.88106333</LongitudeDegrees></Position><AltitudeMeters>26.518</AltitudeMeters><DistanceMeters>5910.5</DistanceMeters><HeartRateBpm><Value>147</Value></HeartRateBpm><Cadence>91</Cadence><SensorState>Present</SensorState></Trackpoint><Trackpoint><Time>2025-11-04T12:07:42.708Z</Time><Position><LatitudeDegrees>43.28619833</LatitudeDegrees><LongitudeDegrees>-2.88105</LongitudeDegrees></Position><AltitudeMeters>26.67</AltitudeMeters><DistanceMeters>5914.2998046875</DistanceMeters><HeartRateBpm><Value>147</Value></HeartRateBpm><Cadence>93</Cadence><SensorState>Present</SensorState></Trackpoint><Trackpoint><Time>2025-11-04T12:07:43.708Z</Time><Position><LatitudeDegrees>43.28623</LatitudeDegrees><LongitudeDegrees>-2.88103667</LongitudeDegrees></Position><AltitudeMeters>26.823</AltitudeMeters><DistanceMeters>5918.2001953125</DistanceMeters><HeartRateBpm><Value>147</Value></HeartRateBpm><Cadence>93</Cadence><SensorState>Present</SensorState></Trackpoint><Trackpoint><Time>2025-11-04T12:07:44.708Z</Time><Position><LatitudeDegrees>43.286265</LatitudeDegrees><LongitudeDegrees>-2.88102333</LongitudeDegrees></Position><AltitudeMeters>26.823</AltitudeMeters><DistanceMeters>5922.10009765625</DistanceMeters><HeartRateBpm><Value>147</Value></HeartRateBpm><Cadence>91</Cadence><SensorState>Present</SensorState></Trackpoint><Trackpoint><Time>2025-11-04T12:07:45.708Z</Time><Position><LatitudeDegrees>43.28629833</LatitudeDegrees><LongitudeDegrees>-2.88100833</LongitudeDegrees></Position><AltitudeMeters>26.823</AltitudeMeters><DistanceMeters>5926.10009765625</DistanceMeters><HeartRateBpm><Value>147</Value></HeartRateBpm><Cadence>91</Cadence><SensorState>Present</SensorState></Trackpoint><Trackpoint><Time>2025-11-04T12:07:46.708Z</Time><Position><LatitudeDegrees>43.28633</LatitudeDegrees><LongitudeDegrees>-2.88099167</LongitudeDegrees></Position><AltitudeMeters>26.975</AltitudeMeters><DistanceMeters>5929.7998046875</DistanceMeters><HeartRateBpm><Value>148</Value></HeartRateBpm><Cadence>91</Cadence><SensorState>Present</SensorState></Trackpoint><Trackpoint><Time>2025-11-04T12:07:47.708Z</Time><Position><LatitudeDegrees>43.28636</LatitudeDegrees><LongitudeDegrees>-2.880975</LongitudeDegrees></Position><AltitudeMeters>26.975</AltitudeMeters><DistanceMeters>5933.7998046875</DistanceMeters><HeartRateBpm><Value>148</Value></HeartRateBpm><Cadence>91</Cadence><SensorState>Present</SensorState></Trackpoint><Trackpoint><Time>2025-11-04T12:07:48.708Z</Time><Position><LatitudeDegrees>43.28638833</LatitudeDegrees><LongitudeDegrees>-2.88096333</LongitudeDegrees></Position><AltitudeMeters>27.128</AltitudeMeters><DistanceMeters>5937.89990234375</DistanceMeters><HeartRateBpm><Value>148</Value></HeartRateBpm><Cadence>91</Cadence><SensorState>Present</SensorState></Trackpoint><Trackpoint><Time>2025-11-04T12:07:49.708Z</Time><Position><LatitudeDegrees>43.28642</LatitudeDegrees><LongitudeDegrees>-2.88095</LongitudeDegrees></Position><AltitudeMeters>27.128</AltitudeMeters><DistanceMeters>5941.7001953125</DistanceMeters><HeartRateBpm><Value>148</Value></HeartRateBpm><Cadence>91</Cadence><SensorState>Present</SensorState></Trackpoint><Trackpoint><Time>2025-11-04T12:07:50.708Z</Time><Position><LatitudeDegrees>43.286455</LatitudeDegrees><LongitudeDegrees>-2.880935</LongitudeDegrees></Position><AltitudeMeters>27.28</AltitudeMeters><DistanceMeters>5945.39990234375</DistanceMeters><HeartRateBpm><Value>149</Value></HeartRateBpm><Cadence>91</Cadence><SensorState>Present</SensorState></Trackpoint><Trackpoint><Time>2025-11-04T12:07:51.708Z</Time><Position><LatitudeDegrees>43.286485</LatitudeDegrees><LongitudeDegrees>-2.880925</LongitudeDegrees></Position><AltitudeMeters>27.432</AltitudeMeters><DistanceMeters>5948.7998046875</DistanceMeters><HeartRateBpm><Value>149</Value></HeartRateBpm><Cadence>91</Cadence><SensorState>Present</SensorState></Trackpoint><Trackpoint><Time>2025-11-04T12:07:52.708Z</Time><Position><LatitudeDegrees>43.28651333</LatitudeDegrees><LongitudeDegrees>-2.88091333</LongitudeDegrees></Position><AltitudeMeters>27.432</AltitudeMeters><DistanceMeters>5952.10009765625</DistanceMeters><HeartRateBpm><Value>149</Value></HeartRateBpm><Cadence>91</Cadence><SensorState>Present</SensorState></Trackpoint><Trackpoint><Time>2025-11-04T12:07:53.708Z</Time><Position><LatitudeDegrees>43.28654333</LatitudeDegrees><LongitudeDegrees>-2.88089667</LongitudeDegrees></Position><AltitudeMeters>27.585</AltitudeMeters><DistanceMeters>5955.5</DistanceMeters><HeartRateBpm><Value>149</Value></HeartRateBpm><Cadence>91</Cadence><SensorState>Present</SensorState></Trackpoint><Trackpoint><Time>2025-11-04T12:07:54.708Z</Time><Position><LatitudeDegrees>43.28657167</LatitudeDegrees><LongitudeDegrees>-2.88088</LongitudeDegrees></Position><AltitudeMeters>27.585</AltitudeMeters><DistanceMeters>5958.7001953125</DistanceMeters><HeartRateBpm><Value>149</Value></HeartRateBpm><Cadence>91</Cadence><SensorState>Present</SensorState></Trackpoint><Trackpoint><Time>2025-11-04T12:07:55.708Z</Time><Position><LatitudeDegrees>43.28659833</LatitudeDegrees><LongitudeDegrees>-2.880865</LongitudeDegrees></Position><AltitudeMeters>27.737</AltitudeMeters><DistanceMeters>5961.7001953125</DistanceMeters><HeartRateBpm><Value>150</Value></HeartRateBpm><Cadence>91</Cadence><SensorState>Present</SensorState></Trackpoint><Trackpoint><Time>2025-11-04T12:07:56.708Z</Time><Position><LatitudeDegrees>43.28662333</LatitudeDegrees><LongitudeDegrees>-2.880855</LongitudeDegrees></Position><AltitudeMeters>27.737</AltitudeMeters><DistanceMeters>5965.2998046875</DistanceMeters><HeartRateBpm><Value>150</Value></HeartRateBpm><Cadence>91</Cadence><SensorState>Present</SensorState></Trackpoint><Trackpoint><Time>2025-11-04T12:07:57.708Z</Time><Position><LatitudeDegrees>43.28665167</LatitudeDegrees><LongitudeDegrees>-2.880835</LongitudeDegrees></Position><AltitudeMeters>27.89</AltitudeMeters><DistanceMeters>5968.7998046875</DistanceMeters><HeartRateBpm><Value>150</Value></HeartRateBpm><Cadence>91</Cadence><SensorState>Present</SensorState></Trackpoint><Trackpoint><Time>2025-11-04T12:07:58.708Z</Time><Position><LatitudeDegrees>43.28668333</LatitudeDegrees><LongitudeDegrees>-2.88081667</LongitudeDegrees></Position><AltitudeMeters>27.89</AltitudeMeters><DistanceMeters>5972.2998046875</DistanceMeters><HeartRateBpm><Value>150</Value></HeartRateBpm><Cadence>91</Cadence><SensorState>Present</SensorState></Trackpoint><Trackpoint><Time>2025-11-04T12:07:59.708Z</Time><Position><LatitudeDegrees>43.286715</LatitudeDegrees><LongitudeDegrees>-2.88079333</LongitudeDegrees></Position><AltitudeMeters>27.89</AltitudeMeters><DistanceMeters>5976.2998046875</DistanceMeters><HeartRateBpm><Value>150</Value></HeartRateBpm><Cadence>91</Cadence><SensorState>Present</SensorState></Trackpoint><Trackpoint><Time>2025-11-04T12:08:00.708Z</Time><Position><LatitudeDegrees>43.28674667</LatitudeDegrees><LongitudeDegrees>-2.88076333</LongitudeDegrees></Position><AltitudeMeters>28.042</AltitudeMeters><DistanceMeters>5979.89990234375</DistanceMeters><HeartRateBpm><Value>150</Value></HeartRateBpm><Cadence>91</Cadence><SensorState>Present</SensorState></Trackpoint><Trackpoint><Time>2025-11-04T12:08:01.708Z</Time><Position><LatitudeDegrees>43.28677</LatitudeDegrees><LongitudeDegrees>-2.88074167</LongitudeDegrees></Position><AltitudeMeters>28.042</AltitudeMeters><DistanceMeters>5983.60009765625</DistanceMeters><HeartRateBpm><Value>150</Value></HeartRateBpm><Cadence>91</Cadence><SensorState>Present</SensorState></Trackpoint><Trackpoint><Time>2025-11-04T12:08:02.708Z</Time><Position><LatitudeDegrees>43.286795</LatitudeDegrees><LongitudeDegrees>-2.88071167</LongitudeDegrees></Position><AltitudeMeters>28.194</AltitudeMeters><DistanceMeters>5987.10009765625</DistanceMeters><HeartRateBpm><Value>150</Value></HeartRateBpm><Cadence>91</Cadence><SensorState>Present</SensorState></Trackpoint><Trackpoint><Time>2025-11-04T12:08:03.708Z</Time><Position><LatitudeDegrees>43.28682167</LatitudeDegrees><LongitudeDegrees>-2.88069167</LongitudeDegrees></Position><AltitudeMeters>28.194</AltitudeMeters><DistanceMeters>5990.7001953125</DistanceMeters><HeartRateBpm><Value>150</Value></HeartRateBpm><Cadence>91</Cadence><SensorState>Present</SensorState></Trackpoint><Trackpoint><Time>2025-11-04T12:08:04.708Z</Time><Position><LatitudeDegrees>43.28685</LatitudeDegrees><LongitudeDegrees>-2.88067667</LongitudeDegrees></Position><AltitudeMeters>28.347</AltitudeMeters><DistanceMeters>5994.2998046875</DistanceMeters><HeartRateBpm><Value>151</Value></HeartRateBpm><Cadence>89</Cadence><SensorState>Present</SensorState></Trackpoint><Trackpoint><Time>2025-11-04T12:08:05.708Z</Time><Position><LatitudeDegrees>43.28687833</LatitudeDegrees><LongitudeDegrees>-2.88067167</LongitudeDegrees></Position><AltitudeMeters>28.347</AltitudeMeters><DistanceMeters>5997.39990234375</DistanceMeters><HeartRateBpm><Value>151</Value></HeartRateBpm><Cadence>89</Cadence><SensorState>Present</SensorState></Trackpoint><Trackpoint><Time>2025-11-04T12:08:06.708Z</Time><Position><LatitudeDegrees>43.286905</LatitudeDegrees><LongitudeDegrees>-2.88067</LongitudeDegrees></Position><SensorState>Absent</SensorState></Trackpoint><Trackpoint><Time>2025-11-04T12:08:07.708Z</Time><Position><LatitudeDegrees>43.28693167</LatitudeDegrees><LongitudeDegrees>-2.88066667</LongitudeDegrees></Position><SensorState>Absent</SensorState></Trackpoint></Track><Extensions><LX xmlns="http://www.garmin.com/xmlschemas/ActivityExtension/v2"><AvgSpeed>2.977899783765802</AvgSpeed></LX></Extensions></Lap><Training xmlns="http://www.garmin.com/xmlschemas/TrainingCenterDatabase/v2" VirtualPartner="false"><Plan Type="Workout" IntervalWorkout="false"><Extensions></Extensions></Plan></Training><Creator xmlns:xsi="http://www.w3.org/2001/XMLSchema-instance" xsi:type="Device_t"><Name>Polar Pacer</Name><UnitId>0</UnitId><ProductID>256</ProductID><Version><VersionMajor>2</VersionMajor><VersionMinor>2</VersionMinor><BuildMajor>0</BuildMajor><BuildMinor>0</BuildMinor></Version></Creator></Activity></Activities><Author xmlns:xsi="http://www.w3.org/2001/XMLSchema-instance" xsi:type="Application_t"><Name>Polar Flow Mobile Viewer Android</Name><Build><Version><VersionMajor>0</VersionMajor><VersionMinor>0</VersionMinor></Version></Build><LangID>EN</LangID><PartNumber>XXX-XXXXX-XX</PartNumber></Author></TrainingCenterDatabase>